token_id	speaker	iu_type	tu_id	span	form	type	modality	features	align
0-0	SPK4001	Falling	0	Секіре	Секіре	linguistic	_		Begin=0.126
0-1	SPK4001	Falling	0	алмаймын	алмаймын	linguistic	_		End=0.950
1-0	SPK4001	Continuing	1	Бір	Бір	linguistic	_		Begin=2.220|End=2.910
2-0	SPK4001	Continuing	2	жерден	жерден	linguistic	_		Begin=2.910|End=3.830
3-0	SPK4001	Rising	3	мынау	мынау	linguistic	_		Begin=3.830
3-1	SPK4001	Rising	3	қандай	қандай	linguistic	_		
3-2	SPK4001	Rising	3	болады	болады	linguistic	_		End=4.500
4-0	SPK4001	undefined	4	Жиырма	Жиырма	linguistic	_		Begin=4.820
4-1	SPK4001	undefined	4	сантиметр	сантиметр	linguistic	_		
4-2	SPK4001	undefined	4	ма	ма	linguistic	_		End=5.505
5-0	SPK4001	Rising	5	мынау	мынау	linguistic	_		Begin=5.505|End=5.790
6-0	SPK4001	Continuing	6	Жиырма	Жиырма	linguistic	_		Begin=6.770
6-1	SPK4001	Continuing	6	сантиметрге	сантиметрге	linguistic	_		
6-2	SPK4001	Continuing	6	секірсем	секірсем	linguistic	_		End=8.060
7-0	SPK4001	Falling	7	нормально	нормально	linguistic	_		Begin=9.140|End=9.890
8-0	SPK4002	Continuing	8	Нет	Нет	linguistic	_		Begin=9.670
8-1	SPK4002	Continuing	8	это	это	linguistic	_		
8-2	SPK4002	Continuing	8	больше	больше	linguistic	_		End=10.890
9-0	SPK4002	Falling	9	или	или	linguistic	_		Begin=10.920
9-1	SPK4002	Falling	9	двадцать	двадцать	linguistic	_		
9-2	SPK4002	Falling	9	два	два	linguistic	_		End=12.160
10-0	SPK4001	Falling	10	Ну	Ну	linguistic	_		Begin=12.090
10-1	SPK4001	Falling	10	солай	солай	linguistic	_		
10-2	SPK4001	Falling	10	жиырмаға	жиырмаға	linguistic	_		
10-3	SPK4001	Falling	10	шамалы	шамалы	linguistic	_		End=13.333
11-0	SPK4002	Falling	11	Солай	Солай	linguistic	_		Begin=14.670
11-1	SPK4002	Falling	11	иә	иә	linguistic	_		End=15.580
12-0	SPK4001	Continuing	12	Спорт	Спорт	linguistic	_		Begin=17.300|End=17.790
13-0	SPK4001	Continuing	13	спорт	спорт	linguistic	_		Begin=17.790
13-1	SPK4001	Continuing	13	дегенде	дегенде	linguistic	_		End=19.070
14-0	SPK4001	Continuing	14	пляжға	пляжға	linguistic	_		Begin=21.070
14-1	SPK4001	Continuing	14	барсақ	барсақ	linguistic	_		End=22.140
15-0	SPK4001	Continuing	15	мысалы	мысалы	linguistic	_		Begin=22.140
15-1	SPK4001	Continuing	15	судың	судың	linguistic	_		
15-2	SPK4001	Continuing	15	жағасына	жағасына	linguistic	_		End=23.595
16-0	SPK4001	Continuing	16	бір	бір	linguistic	_		Begin=23.595
16-1	SPK4001	Continuing	16	жерге	жерге	linguistic	_		End=24.080
17-0	SPK4001	Falling	17	тапсақ	тапсақ	linguistic	_		Begin=24.114
17-1	SPK4001	Falling	17	баратын	баратын	linguistic	_		
17-2	SPK4001	Falling	17	жер	жер	linguistic	_		End=25.773
18-0	SPK4001	Continuing	18	Волейбольный	Волейбольный	linguistic	_		Begin=26.580|End=27.570
19-0	SPK4001	Continuing	19	доп	доп	linguistic	_		Begin=27.570
19-1	SPK4001	Continuing	19	алып	алып	linguistic	_		End=28.460
20-0	SPK4001	Falling	20	ойнауға	ойнауға	linguistic	_		Begin=28.960
20-1	SPK4001	Falling	20	болады	болады	linguistic	_		
20-2	SPK4001	Falling	20	ғой	ғой	linguistic	_		End=30.310
21-0	SPK4002	undefined	21	Мхм	Мхм	linguistic	_		Begin=30.640|End=31.290
22-0	SPK4001	Falling	22	Екі	Екі	linguistic	_		Begin=30.780|End=31.330
23-0	SPK4001	Continuing	23	Мысалы	Мысалы	linguistic	_		Begin=31.330
23-1	SPK4001	Continuing	23	екі	екі	linguistic	_		
23-2	SPK4001	Continuing	23	планды	планды	linguistic	_		
23-3	SPK4001	Continuing	23	қосып	қосып	linguistic	_		
23-4	SPK4001	Continuing	23	жіберіп	жіберіп	linguistic	_		End=32.800
24-0	SPK4001	Falling	24	дейтін	дейтін	linguistic	_		Begin=32.800
24-1	SPK4001	Falling	24	сияқты	сияқты	linguistic	_		End=33.621
25-0	SPK4001	Continuing	25	Настольный	Настольный	linguistic	_		Begin=34.850
25-1	SPK4001	Continuing	25	теннистің	теннистің	linguistic	_		End=36.350
26-0	SPK4001	undefined	26	ААА	ААА	linguistic	_		Begin=36.550|End=37.270
27-0	SPK4001	Falling	27	Біздің	Біздің	linguistic	_		Begin=37.630
27-1	SPK4001	Falling	27	жақта	жақта	linguistic	_		
27-2	SPK4001	Falling	27	десятый	десятый	linguistic	_		
27-3	SPK4001	Falling	27	микрорайон	микрорайон	linguistic	_		
27-4	SPK4001	Falling	27	бар	бар	linguistic	_		
27-5	SPK4001	Falling	27	ғой	ғой	linguistic	_		End=39.500
28-0	SPK4001	Continuing	28	сонда	сонда	linguistic	_		Begin=40.160|End=40.650
29-0	SPK4001	Continuing	29	үйлердің	үйлердің	linguistic	_		Begin=40.650|End=41.861
30-0	SPK4001	Continuing	30	жанында	жанында	linguistic	_		Begin=42.100
30-1	SPK4001	Continuing	30	нелер	нелер	linguistic	_		
30-2	SPK4001	Continuing	30	бар	бар	linguistic	_		
30-3	SPK4001	Continuing	30	ғой	ғой	linguistic	_		End=43.680
31-0	SPK4001	Falling	31	новыйдан	новыйдан	linguistic	_		Begin=43.680
31-1	SPK4001	Falling	31	салынған	салынған	linguistic	_		End=45.480
32-0	SPK4001	Continuing	32	Настольный	Настольный	linguistic	_		Begin=45.790
32-1	SPK4001	Continuing	32	теннистің	теннистің	linguistic	_		End=47.085
33-0	SPK4001	Falling	33	столдары	столдары	linguistic	_		Begin=47.085
33-1	SPK4001	Falling	33	бар	бар	linguistic	_		End=47.912
34-0	SPK4002	undefined	34	мхм	мхм	linguistic	_		Begin=48.180|End=48.790
35-0	SPK4001	undefined	35	ммм	ммм	linguistic	_		Begin=49.528|End=50.356
36-0	SPK4001	Continuing	36	Олардың	Олардың	linguistic	_		Begin=50.730|End=51.570
37-0	SPK4001	Continuing	37	ортасында	ортасында	linguistic	_		Begin=51.570
37-1	SPK4001	Continuing	37	тұратын	тұратын	linguistic	_		End=52.540
38-0	SPK4001	Rising	38	сеткасы	сеткасы	linguistic	_		Begin=52.540
38-1	SPK4001	Rising	38	болады	болады	linguistic	_		
38-2	SPK4001	Rising	38	ғой	ғой	linguistic	_		End=53.630
39-0	SPK4001	Falling	39	Ондайы	Ондайы	linguistic	_		Begin=53.630
39-1	SPK4001	Falling	39	жоқ	жоқ	linguistic	_		
39-2	SPK4001	Falling	39	сияқты	сияқты	linguistic	_		End=54.811
40-0	SPK4001	undefined	40	ммм	ммм	linguistic	_		Begin=56.080|End=57.100
41-0	SPK4002	Rising	41	Қай	Қай	linguistic	_		Begin=57.140
41-1	SPK4002	Rising	41	жақта	жақта	linguistic	_		
41-2	SPK4002	Rising	41	дейсің	дейсің	linguistic	_		End=58.077
42-0	SPK4001	Rising	42	и	и	linguistic	_		Begin=58.880
42-1	SPK4001	Rising	42	біздің	біздің	linguistic	_		
42-2	SPK4001	Rising	42	жақта	жақта	linguistic	_		
42-3	SPK4001	Rising	42	новый	новый	linguistic	_		
42-4	SPK4001	Rising	42	район	район	linguistic	_		
42-5	SPK4001	Rising	42	салынды	салынды	linguistic	_		
42-6	SPK4001	Rising	42	ғой	ғой	linguistic	_		End=60.880
43-0	SPK4001	Continuing	43	¬Диананың	Диананың	linguistic	_	Anonymized=Yes	Begin=62.330
43-1	SPK4001	Continuing	43	үйінің	үйінің	linguistic	_		
43-2	SPK4001	Continuing	43	жанындағы	жанындағы	linguistic	_		End=63.800
44-0	SPK4002	undefined	44	ААА	ААА	linguistic	_		Begin=63.380|End=63.855
45-0	SPK4001	Falling	45	алдындағы	алдындағы	linguistic	_		Begin=63.800
45-1	SPK4001	Falling	45	үйлер	үйлер	linguistic	_		End=65.239
46-0	SPK4002	Falling	46	иә	иә	linguistic	_		Begin=63.855
46-1	SPK4002	Falling	46	иә	иә	linguistic	_		
46-2	SPK4002	Falling	46	иә	иә	linguistic	_		End=65.540
47-0	SPK4001	Falling	47	Вот	Вот	linguistic	_		Begin=65.480|End=65.690
48-0	SPK4001	Continuing	48	Сол	Сол	linguistic	_		Begin=65.690
48-1	SPK4001	Continuing	48	жерлерде	жерлерде	linguistic	_		End=66.805
49-0	SPK4001	Continuing	49	енді	енді	linguistic	_		Begin=68.750
49-1	SPK4001	Continuing	49	былтыр	былтыр	linguistic	_		
49-2	SPK4001	Continuing	49	новый	новый	linguistic	_		
49-3	SPK4001	Continuing	49	болды	болды	linguistic	_		
49-4	SPK4001	Continuing	49	ол	ол	linguistic	_		End=70.010
50-0	SPK4001	Falling	50	столдар	столдар	linguistic	_		Begin=70.010|End=70.970
51-0	SPK4001	Falling	51	Биыл	Биыл	linguistic	_		Begin=71.860|End=72.450
52-0	SPK4001	undefined	52	ммм	ммм	linguistic	_		Begin=72.630|End=73.090
53-0	SPK4001	Continuing	53	қыстан	қыстан	linguistic	_		Begin=73.160
53-1	SPK4001	Continuing	53	кейін	кейін	linguistic	_		End=73.645
54-0	SPK4001	Falling	54	қандай	қандай	linguistic	_		Begin=73.645
54-1	SPK4001	Falling	54	екенін	екенін	linguistic	_		
54-2	SPK4001	Falling	54	білмеймін	білмеймін	linguistic	_		End=75.060
55-0	SPK4001	Falling	55	Назар	Назар	linguistic	_		Begin=75.090
55-1	SPK4001	Falling	55	аудармадым	аудармадым	linguistic	_		
55-2	SPK4001	Falling	55	ондайға	ондайға	linguistic	_		End=76.700
56-0	SPK4002	Falling	56	иә	иә	linguistic	_		Begin=75.972|End=76.480
57-0	SPK4001	undefined	57	МММ	МММ	linguistic	_		Begin=77.040|End=78.250
58-0	SPK4001	Continuing	58	Менің	Менің	linguistic	_		Begin=80.370|End=80.840
59-0	SPK4001	Continuing	59	ағамның	ағамның	linguistic	_		Begin=80.840
59-1	SPK4001	Continuing	59	баласы:	баласы	linguistic	_	Prolongation=5	End=82.520
60-0	SPK4001	Continuing	60	неге	неге	linguistic	_		Begin=82.938
60-1	SPK4001	Continuing	60	барады	барады	linguistic	_		
60-2	SPK4001	Continuing	60	ғой	ғой	linguistic	_		End=83.980
61-0	SPK4001	Continuing	61	сол	сол	linguistic	_		Begin=83.980
61-1	SPK4001	Continuing	61	пи	пи	linguistic	_		
61-2	SPK4001	Continuing	61	нгпонгтан	нгпонгтан	linguistic	_		End=85.490
62-0	SPK4001	Continuing	62	айттым	айттым	linguistic	_		Begin=85.800
62-1	SPK4001	Continuing	62	ғой	ғой	linguistic	_		End=86.780
63-0	SPK4002	Falling	63	иә	иә	linguistic	_		Begin=86.683
63-1	SPK4002	Falling	63	иә	иә	linguistic	_		End=87.294
64-0	SPK4001	Falling	64	үйірмеге	үйірмеге	linguistic	_		Begin=86.950
64-1	SPK4001	Falling	64	барады	барады	linguistic	_		End=87.910
65-0	SPK4001	Continuing	65	Ол	Ол	linguistic	_		Begin=89.210|End=89.700
66-0	SPK4001	Falling	66	екі	екі	linguistic	_		Begin=89.700
66-1	SPK4001	Falling	66	ракетка	ракетка	linguistic	_		
66-2	SPK4001	Falling	66	алды	алды	linguistic	_		End=90.530
67-0	SPK4001	Continuing	67	Басында	Басында	linguistic	_		Begin=91.780
67-1	SPK4001	Continuing	67	біреуін	біреуін	linguistic	_		
67-2	SPK4001	Continuing	67	алды	алды	linguistic	_		End=92.660
68-0	SPK4001	Continuing	68	сосын	сосын	linguistic	_		Begin=92.660|End=93.200
69-0	SPK4001	Continuing	69	ол	ол	linguistic	_		Begin=93.200
69-1	SPK4001	Continuing	69	онша	онша	linguistic	_		
69-2	SPK4001	Continuing	69	емес	емес	linguistic	_		
69-3	SPK4001	Continuing	69	дегесін	дегесін	linguistic	_		End=94.115
70-0	SPK4001	Falling	70	кішкене	кішкене	linguistic	_		Begin=94.115
70-1	SPK4001	Falling	70	қымбаттауын	қымбаттауын	linguistic	_		
70-2	SPK4001	Falling	70	алды	алды	linguistic	_		End=95.360
71-0	SPK4001	Continuing	71	Ана	Ана	linguistic	_		Begin=95.360|End=95.960
72-0	SPK4001	Continuing	72	басында	басында	linguistic	_		Begin=96.260
72-1	SPK4001	Continuing	72	біріншісін	біріншісін	linguistic	_		End=97.030
73-0	SPK4001	Continuing	73	мен	мен	linguistic	_		Begin=97.030
73-1	SPK4001	Continuing	73	алайын	алайын	linguistic	_		
73-2	SPK4001	Continuing	73	деп	деп	linguistic	_		
73-3	SPK4001	Continuing	73	отырмын	отырмын	linguistic	_		End=98.140
74-0	SPK4001	Continuing	74	университетке	университетке	linguistic	_		Begin=98.140
74-1	SPK4001	Continuing	74	барғанда	барғанда	linguistic	_		End=99.030
75-0	SPK4001	Falling	75	ойнауға	ойнауға	linguistic	_		Begin=99.030|End=99.611
76-0	SPK4002	undefined	76	мхм	мхм	linguistic	_		Begin=99.512|End=100.090
77-0	SPK4001	Continuing	77	Ойнамасам	Ойнамасам	linguistic	_		Begin=101.680
77-1	SPK4001	Continuing	77	біреуге	біреуге	linguistic	_		
77-2	SPK4001	Continuing	77	сатып	сатып	linguistic	_		
77-3	SPK4001	Continuing	77	жіберемін	жіберемін	linguistic	_		End=102.760
78-0	SPK4001	Falling	78	білмеймін	білмеймін	linguistic	_		Begin=102.760|End=103.497
79-0	SPK4002	Falling	79	иә	иә	linguistic	_		Begin=103.430
79-1	SPK4002	Falling	79	иә	иә	linguistic	_		End=103.910
80-0	SPK4001	Falling	80	Қымбаттырақ	Қымбаттырақ	linguistic	_		Begin=103.562|End=104.337
81-0	SPK4001	Continuing	81	Соны	Соны	linguistic	_		Begin=105.200
81-1	SPK4001	Continuing	81	сұрап	сұрап	linguistic	_		
81-2	SPK4001	Continuing	81	алып	алып	linguistic	_		End=105.890
82-0	SPK4001	Continuing	82	сосын	сосын	linguistic	_		Begin=105.890
82-1	SPK4001	Continuing	82	тағы	тағы	linguistic	_		
82-2	SPK4001	Continuing	82	бір	бір	linguistic	_		
82-3	SPK4001	Continuing	82	жерден	жерден	linguistic	_		
82-4	SPK4001	Continuing	82	табуға	табуға	linguistic	_		End=107.360
83-0	SPK4001	Rising	83	болатын	болатын	linguistic	_		Begin=107.360
83-1	SPK4001	Rising	83	шығар	шығар	linguistic	_		
83-2	SPK4001	Rising	83	да	да	linguistic	_		End=108.090
84-0	SPK4002	Rising	84	Нені	Нені	linguistic	_		Begin=108.287|End=108.890
85-0	SPK4002	Continuing	85	Сол	Сол	linguistic	_		Begin=108.890|End=109.250
86-0	SPK4002	Rising	86	столды	столды	linguistic	_		Begin=109.250
86-1	SPK4002	Rising	86	ма	ма	linguistic	_		End=110.000
87-0	SPK4001	Continuing	87	Ракетка	Ракетка	linguistic	_		Begin=109.430|End=110.070
88-0	SPK4001	Falling	88	ракетка	ракетка	linguistic	_		Begin=110.070|End=110.730
89-0	SPK4002	Falling	89	А	А	linguistic	_		Begin=110.670
89-1	SPK4002	Falling	89	ракетка	ракетка	linguistic	_		
89-2	SPK4002	Falling	89	иә	иә	linguistic	_		End=112.079
90-0	SPK4001	Continuing	90	Ракетка	Ракетка	linguistic	_		Begin=111.400
90-1	SPK4001	Continuing	90	болса	болса	linguistic	_		End=112.135
91-0	SPK4001	Continuing	91	біздің	біздің	linguistic	_		Begin=112.135
91-1	SPK4001	Continuing	91	үйде	үйде	linguistic	_		End=112.930
92-0	SPK4001	Continuing	92	добы	добы	linguistic	_		Begin=113.779
92-1	SPK4001	Continuing	92	да	да	linguistic	_		
92-2	SPK4001	Continuing	92	бар	бар	linguistic	_		
92-3	SPK4001	Continuing	92	сияқты	сияқты	linguistic	_		End=114.550
93-0	SPK4001	Falling	93	кішкентай	кішкентай	linguistic	_		Begin=114.550|End=115.070
94-0	SPK4001	Falling	94	Анда	Анда	linguistic	_		Begin=115.867
94-1	SPK4001	Falling	94	өзіміз	өзіміз	linguistic	_		
94-2	SPK4001	Falling	94	ойнай	ойнай	linguistic	_		
94-3	SPK4001	Falling	94	бере	бере	linguistic	_		
94-4	SPK4001	Falling	94	аламыз	аламыз	linguistic	_		
94-5	SPK4001	Falling	94	ғой	ғой	linguistic	_		End=117.310
95-0	SPK4002	Falling	95	Күшті	Күшті	linguistic	_		Begin=117.620
95-1	SPK4002	Falling	95	екен	екен	linguistic	_		End=118.443
96-0	SPK4001	Continuing	96	иә	иә	linguistic	_		Begin=119.130
96-1	SPK4001	Continuing	96	###	###	unknown	_		End=119.680
97-0	SPK4001	undefined	97	GASP	GASP	paraverbal	_		Begin=119.720|End=120.280
98-0	SPK4001	Continuing	98	Сумкасын	Сумкасын	linguistic	_		Begin=120.280
98-1	SPK4001	Continuing	98	көріп	көріп	linguistic	_		
98-2	SPK4001	Continuing	98	тұрсың	тұрсың	linguistic	_		
98-3	SPK4001	Continuing	98	ба	ба	linguistic	_		End=121.300
99-0	SPK4002	Falling	99	иә	иә	linguistic	_		Begin=121.303|End=122.073
100-0	SPK4001	Rising	100	Ойыншықтың	Ойыншықтың	linguistic	_		Begin=122.510
100-1	SPK4001	Rising	100	несін	несін	linguistic	_		End=123.460
101-0	SPK4002	Rising	101	Ана	Ана	linguistic	_		Begin=123.707
101-1	SPK4002	Rising	101	не	не	linguistic	_		
101-2	SPK4002	Rising	101	ғой	ғой	linguistic	_		End=124.458
102-0	SPK4001	Falling	102	Стрей	Стрей	linguistic	_		Begin=124.757
102-1	SPK4001	Falling	102	кидс	кидс	linguistic	_		End=125.645
103-0	SPK4002	Continuing	103	иә	иә	linguistic	_		Begin=125.380|End=125.900
104-0	SPK4002	Rising	104	Банчандікі	Банчандікі	linguistic	_		Begin=126.072|End=126.677
105-0	SPK4001	Falling	105	иә	иә	linguistic	_		Begin=126.820|End=127.540
106-0	SPK4002	Falling	106	Офигеть	Офигеть	linguistic	_		Begin=127.600|End=128.233
107-0	SPK4001	Falling	107	Күшті	Күшті	linguistic	_		Begin=128.098
107-1	SPK4001	Falling	107	екен	екен	linguistic	_		End=128.908
108-0	SPK4002	Continuing	108	Еще	Еще	linguistic	_		Begin=128.960
108-1	SPK4002	Continuing	108	үсті	үсті	linguistic	_		
108-2	SPK4002	Continuing	108	мынандай	мынандай	linguistic	_		End=129.770
109-0	SPK4002	Falling	109	модель	модель	linguistic	_		Begin=129.770
109-1	SPK4002	Falling	109	сияқты	сияқты	linguistic	_		
109-2	SPK4002	Falling	109	прям	прям	linguistic	_		End=131.090
110-0	SPK4001	Falling	110	иә	иә	linguistic	_		Begin=131.500|End=132.050
111-0	SPK4002	Continuing	111	Күшті	Күшті	linguistic	_		Begin=132.472
111-1	SPK4002	Continuing	111	күшті	күшті	linguistic	_		End=133.350
112-0	SPK4002	Continuing	112	кусок	кусок	linguistic	_		Begin=133.350
112-1	SPK4002	Continuing	112	кусок	кусок	linguistic	_		
112-2	SPK4002	Continuing	112	болыпты	болыпты	linguistic	_		End=134.215
113-0	SPK4002	Falling	113	бірдеңе	бірдеңе	linguistic	_		Begin=134.215|End=135.169
114-0	SPK4001	Continuing	114	Мына	Мына	linguistic	_		Begin=135.390
114-1	SPK4001	Continuing	114	жерге	жерге	linguistic	_		
114-2	SPK4001	Continuing	114	отырғың	отырғың	linguistic	_		
114-3	SPK4001	Continuing	114	келмейді	келмейді	linguistic	_		
114-4	SPK4001	Continuing	114	ма	ма	linguistic	_		End=136.280
115-0	SPK4002	Falling	115	Жоқ:	Жоқ	linguistic	_	Prolongation=2	Begin=135.566|End=136.311
116-0	SPK4001	Rising	116	отырғышқа	отырғышқа	linguistic	_		Begin=136.280|End=137.135
117-0	SPK4002	Continuing	117	Анда	Анда	linguistic	_		Begin=137.000
117-1	SPK4002	Continuing	117	хозяйка	хозяйка	linguistic	_		
117-2	SPK4002	Continuing	117	жүр	жүр	linguistic	_		End=137.890
118-0	SPK4002	Falling	118	просто	просто	linguistic	_		Begin=137.890|End=138.280
119-0	SPK4001	Rising	119	Мына	Мына	linguistic	_		Begin=138.975
119-1	SPK4001	Rising	119	жерге	жерге	linguistic	_		
119-2	SPK4001	Rising	119	отырсаң	отырсаң	linguistic	_		
119-3	SPK4001	Rising	119	ше	ше	linguistic	_		End=139.967
120-0	SPK4002	Continuing	120	Ей	Ей	linguistic	_		Begin=140.204
120-1	SPK4002	Continuing	120	ладно	ладно	linguistic	_		End=140.845
121-0	SPK4002	Falling	121	отыра	отыра	linguistic	_		Begin=140.845
121-1	SPK4002	Falling	121	бер	бер	linguistic	_		End=141.420
122-0	SPK4002	Falling	122	Ничего	Ничего	linguistic	_		Begin=141.420
122-1	SPK4002	Falling	122	страшного	страшного	linguistic	_		End=142.110
123-0	SPK4001	undefined	123	МММ	МММ	linguistic	_		Begin=143.160|End=143.670
124-0	SPK4001	undefined	124	МММ	МММ	linguistic	_		Begin=145.787|End=146.754
125-0	SPK4001	Continuing	125	Тағы	Тағы	linguistic	_		Begin=147.270
125-1	SPK4001	Continuing	125	не	не	linguistic	_		
125-2	SPK4001	Continuing	125	деп	деп	linguistic	_		
125-3	SPK4001	Continuing	125	жаздық	жаздық	linguistic	_		End=147.965
126-0	SPK4001	Rising	126	біз	біз	linguistic	_		Begin=147.965|End=148.507
127-0	SPK4002	Falling	127	Қазір	Қазір	linguistic	_		Begin=148.693
127-1	SPK4002	Falling	127	мен	мен	linguistic	_		
127-2	SPK4002	Falling	127	қарайын	қарайын	linguistic	_		End=149.978
128-0	SPK4002	Falling	128	Бильярд	Бильярд	linguistic	_		Begin=151.073|End=151.482
129-0	SPK4002	Rising	129	Хотите	Хотите	linguistic	_		Begin=151.852|End=152.690
130-0	SPK4001	Falling	130	Бильярдқа	Бильярдқа	linguistic	_		Begin=153.470
130-1	SPK4001	Falling	130	болады	болады	linguistic	_		End=154.540
131-0	SPK4001	Continuing	131	Оны	Оны	linguistic	_		Begin=156.487
131-1	SPK4001	Continuing	131	кішкене	кішкене	linguistic	_		End=157.604
132-0	SPK4001	Continuing	132	ютубтан	ютубтан	linguistic	_		Begin=158.870
132-1	SPK4001	Continuing	132	қарап	қарап	linguistic	_		End=159.892
133-0	SPK4002	Continuing	133	Сол	Сол	linguistic	_		Begin=160.577
133-1	SPK4002	Continuing	133	ойлап	ойлап	linguistic	_		
133-2	SPK4002	Continuing	133	тұрмын	тұрмын	linguistic	_		End=161.600
134-0	SPK4002	Falling	134	там	там	linguistic	_		Begin=161.600
134-1	SPK4002	Falling	134	қасында	қасында	linguistic	_		
134-2	SPK4002	Falling	134	жүретін	жүретін	linguistic	_		
134-3	SPK4002	Falling	134	адам	адам	linguistic	_		
134-4	SPK4002	Falling	134	болады	болады	linguistic	_		End=162.690
135-0	SPK4002	Continuing	135	или	или	linguistic	_		Begin=162.690|End=163.398
136-0	SPK4002	Continuing	136	білетін	білетін	linguistic	_		Begin=163.660
136-1	SPK4002	Continuing	136	адаммен	адаммен	linguistic	_		
136-2	SPK4002	Continuing	136	барып	барып	linguistic	_		
136-3	SPK4002	Continuing	136	келу	келу	linguistic	_		
136-4	SPK4002	Continuing	136	керек	керек	linguistic	_		
136-5	SPK4002	Continuing	136	па	па	linguistic	_		End=164.830
137-0	SPK4002	Rising	137	бірінші	бірінші	linguistic	_		Begin=164.830|End=165.400
138-0	SPK4002	Falling	138	Менің	Менің	linguistic	_		Begin=165.840
138-1	SPK4002	Falling	138	нағашым	нағашым	linguistic	_		
138-2	SPK4002	Falling	138	біледі	біледі	linguistic	_		End=166.650
139-0	SPK4002	Falling	139	Ойназавры	Ойназавры	linguistic	_		Begin=166.650
139-1	SPK4002	Falling	139	бар	бар	linguistic	_		End=167.940
140-0	SPK4002	Falling	140	Танцует	Танцует	linguistic	_		Begin=168.100|End=168.390
141-0	SPK4001	Falling	141	Ойназарвға	Ойназарвға	linguistic	_		Begin=168.360
141-1	SPK4001	Falling	141	барайық	барайық	linguistic	_		End=169.390
142-0	SPK4001	Continuing	142	Ойындар	Ойындар	linguistic	_		Begin=169.970
142-1	SPK4001	Continuing	142	ойнамыз	ойнамыз	linguistic	_		End=170.770
143-0	SPK4001	Falling	143	көп:	көп	linguistic	_	Prolongation=2	Begin=170.970|End=171.430
144-0	SPK4002	undefined	144	Адам	Адам	linguistic	_		Begin=170.991
144-1	SPK4002	undefined	144	жинайықшы	жинайықшы	linguistic	_		End=172.250
145-0	SPK4002	Continuing	145	сен	сен	linguistic	_		Begin=172.250
145-1	SPK4002	Continuing	145	неше	неше	linguistic	_		
145-2	SPK4002	Continuing	145	адам	адам	linguistic	_		
145-3	SPK4002	Continuing	145	шығасың	шығасың	linguistic	_		End=173.361
146-0	SPK4002	Continuing	146	мен:	мен	linguistic	_	Prolongation=2	Begin=173.615|End=173.745
147-0	SPK4002	Continuing	147	постараюсь	постараюсь	linguistic	_		Begin=173.745
147-1	SPK4002	Continuing	147	кого	кого	linguistic	_		
147-2	SPK4002	Continuing	147	нибудь	нибудь	linguistic	_		
147-3	SPK4002	Continuing	147	вытащить	вытащить	linguistic	_		End=174.900
148-0	SPK4002	Falling	148	тоже	тоже	linguistic	_		Begin=174.900|End=175.735
149-0	SPK4002	Falling	149	Жанлары	Жанлары	linguistic	_		Begin=176.001
149-1	SPK4002	Falling	149	екі	екі	linguistic	_		
149-2	SPK4002	Falling	149	бастадым	бастадым	linguistic	_		End=176.967
150-0	SPK4001	undefined	150	Ugh	Ugh	linguistic	_		Begin=176.213|End=176.638
151-0	SPK4001	undefined	151	Clickin	Clickin	paraverbal	_		Begin=177.183
151-1	SPK4001	undefined	151	the	the	linguistic	_		
151-2	SPK4001	undefined	151	tongue)	tongue)	linguistic	_		End=177.792
152-0	SPK4001	Continuing	152	Мен	Мен	linguistic	_		Begin=178.299
152-1	SPK4001	Continuing	152	кетпестен	кетпестен	linguistic	_		
152-2	SPK4001	Continuing	152	бұрын	бұрын	linguistic	_		End=179.367
153-0	SPK4001	Rising	153	¬Сараны	Сараны	linguistic	_	Anonymized=Yes	Begin=181.230
153-1	SPK4001	Rising	153	айттым	айттым	linguistic	_		
153-2	SPK4001	Rising	153	ғой	ғой	linguistic	_		End=182.694
154-0	SPK4002	undefined	154	Мхм	Мхм	linguistic	_		Begin=182.418|End=183.088
155-0	SPK4001	Falling	155	Университетте	Университетте	linguistic	_		Begin=183.332
155-1	SPK4001	Falling	155	деп	деп	linguistic	_		End=184.030
156-0	SPK4001	Falling	156	Ол	Ол	linguistic	_		Begin=184.480
156-1	SPK4001	Falling	156	мында	мында	linguistic	_		
156-2	SPK4001	Falling	156	келеді	келеді	linguistic	_		End=185.080
157-0	SPK4001	Continuing	157	Қай	Қай	linguistic	_		Begin=186.270
157-1	SPK4001	Continuing	157	күні	күні	linguistic	_		
157-2	SPK4001	Continuing	157	келетінін	келетінін	linguistic	_		End=186.945
158-0	SPK4001	Continuing	158	білмеймін	білмеймін	linguistic	_		Begin=186.945
158-1	SPK4001	Continuing	158	мен	мен	linguistic	_		End=187.545
159-0	SPK4001	Falling	159	ұмытып	ұмытып	linguistic	_		Begin=187.545
159-1	SPK4001	Falling	159	қалдым	қалдым	linguistic	_		End=188.092
160-0	SPK4001	Falling	160	Бірақ	Бірақ	linguistic	_		Begin=188.773
160-1	SPK4001	Falling	160	августтың	августтың	linguistic	_		
160-2	SPK4001	Falling	160	басында	басында	linguistic	_		
160-3	SPK4001	Falling	160	сияқты	сияқты	linguistic	_		End=190.803
161-0	SPK4002	undefined	161	Мхм	Мхм	linguistic	_		Begin=190.860|End=191.320
162-0	SPK4001	Continuing	162	Как	Как	linguistic	_		Begin=192.200
162-1	SPK4001	Continuing	162	раз	раз	linguistic	_		
162-2	SPK4001	Continuing	162	сол	сол	linguistic	_		
162-3	SPK4001	Continuing	162	уақыттарға	уақыттарға	linguistic	_		End=193.300
163-0	SPK4001	undefined	163	ЭЭЭ	ЭЭЭ	linguistic	_		Begin=193.410|End=194.230
164-0	SPK4001	Continuing	164	шамалап	шамалап	linguistic	_		Begin=194.320|End=194.780
165-0	SPK4001	Continuing	165	не	не	linguistic	_		Begin=194.780
165-1	SPK4001	Continuing	165	істеуге	істеуге	linguistic	_		
165-2	SPK4001	Continuing	165	болады	болады	linguistic	_		
165-3	SPK4001	Continuing	165	ғой	ғой	linguistic	_		End=195.710
166-0	SPK4001	Falling	166	жиналып	жиналып	linguistic	_		Begin=195.710|End=196.376
167-0	SPK4002	Continuing	167	Сен	Сен	linguistic	_		Begin=198.110
167-1	SPK4002	Continuing	167	августтың	августтың	linguistic	_		
167-2	SPK4002	Continuing	167	төрті	төрті	linguistic	_		End=198.980
168-0	SPK4002	Falling	168	уже	уже	linguistic	_		Begin=198.980
168-1	SPK4002	Falling	168	кетесің	кетесің	linguistic	_		
168-2	SPK4002	Falling	168	ғой	ғой	linguistic	_		End=199.838
169-0	SPK4001	Falling	169	иә	иә	linguistic	_		Begin=199.910|End=200.420
170-0	SPK4001	Continuing	170	июльдің	июльдің	linguistic	_		Begin=201.215
170-1	SPK4001	Continuing	170	соңында	соңында	linguistic	_		
170-2	SPK4001	Continuing	170	келе	келе	linguistic	_		
170-3	SPK4001	Continuing	170	ма:	ма	linguistic	_	Prolongation=1	End=202.390
171-0	SPK4001	Falling	171	ол	ол	linguistic	_		Begin=202.390|End=202.740
172-0	SPK4001	Continuing	172	Бір	Бір	linguistic	_		Begin=203.090
172-1	SPK4001	Continuing	172	аптадай	аптадай	linguistic	_		End=203.994
173-0	SPK4001	Continuing	173	не	не	linguistic	_		Begin=204.440
173-1	SPK4001	Continuing	173	істейтін	істейтін	linguistic	_		
173-2	SPK4001	Continuing	173	сияқтымыз	сияқтымыз	linguistic	_		End=204.970
174-0	SPK4001	Falling	174	мен	мен	linguistic	_		Begin=204.970
174-1	SPK4001	Falling	174	кеткенше	кеткенше	linguistic	_		End=205.730
175-0	SPK4002	Rising	175	Ол	Ол	linguistic	_		Begin=205.090
175-1	SPK4002	Rising	175	анда	анда	linguistic	_		
175-2	SPK4002	Rising	175	жұмыс	жұмыс	linguistic	_		
175-3	SPK4002	Rising	175	істеп	істеп	linguistic	_		
175-4	SPK4002	Rising	175	жатыр	жатыр	linguistic	_		
175-5	SPK4002	Rising	175	ма	ма	linguistic	_		End=206.602
176-0	SPK4001	Falling	176	Жоқ	Жоқ	linguistic	_		Begin=207.020
176-1	SPK4001	Falling	176	онда	онда	linguistic	_		
176-2	SPK4001	Falling	176	оқиды	оқиды	linguistic	_		
176-3	SPK4001	Falling	176	ғой	ғой	linguistic	_		End=208.016
177-0	SPK4002	Falling	177	Ай	Ай	linguistic	_		Begin=208.107|End=208.420
178-0	SPK4002	Rising	178	Всмысле	Всмысле	linguistic	_		Begin=209.110|End=209.510
179-0	SPK4001	Falling	179	Жазда	Жазда	linguistic	_		Begin=209.490|End=210.080
180-0	SPK4002	Continuing	180	Жазғы	Жазғы	linguistic	_		Begin=210.341
180-1	SPK4002	Continuing	180	триместрға	триместрға	linguistic	_		
180-2	SPK4002	Continuing	180	ол	ол	linguistic	_		End=211.370
181-0	SPK4002	Rising	181	қалды	қалды	linguistic	_		Begin=211.370
181-1	SPK4002	Rising	181	ма	ма	linguistic	_		
181-2	SPK4002	Rising	181	не	не	linguistic	_		End=211.850
182-0	SPK4001	Falling	182	иә	иә	linguistic	_		Begin=211.689
182-1	SPK4001	Falling	182	иә	иә	linguistic	_		End=212.283
183-0	SPK4001	Continuing	183	Триместр	Триместр	linguistic	_		Begin=213.260
183-1	SPK4001	Continuing	183	дегенде	дегенде	linguistic	_		
183-2	SPK4001	Continuing	183	ол	ол	linguistic	_		End=214.020
184-0	SPK4001	Continuing	184	не	не	linguistic	_		Begin=214.020
184-1	SPK4001	Continuing	184	емес	емес	linguistic	_		End=214.790
185-0	SPK4001	Continuing	185	андай	андай	linguistic	_		Begin=215.418|End=215.931
186-0	SPK4001	Continuing	186	тапсыра	тапсыра	linguistic	_		Begin=216.999
186-1	SPK4001	Continuing	186	алмай	алмай	linguistic	_		
186-2	SPK4001	Continuing	186	қалып	қалып	linguistic	_		End=218.100
187-0	SPK4001	Falling	187	өтпей	өтпей	linguistic	_		Begin=218.280
187-1	SPK4001	Falling	187	қалып	қалып	linguistic	_		
187-2	SPK4001	Falling	187	отырған	отырған	linguistic	_		
187-3	SPK4001	Falling	187	жоқ	жоқ	linguistic	_		End=219.310
188-0	SPK4001	Continuing	188	Ол	Ол	linguistic	_		Begin=219.510
188-1	SPK4001	Continuing	188	керісінше	керісінше	linguistic	_		End=220.311
189-0	SPK4002	Rising	189	Не	Не	linguistic	_		Begin=219.920
189-1	SPK4002	Rising	189	істеп	істеп	linguistic	_		
189-2	SPK4002	Rising	189	жатты	жатты	linguistic	_		End=220.610
190-0	SPK4001	undefined	190	МММ	МММ	linguistic	_		Begin=221.110|End=221.930
191-0	SPK4001	Falling	191	бір	бір	linguistic	_		Begin=222.190
191-1	SPK4001	Falling	191	курсты	курсты	linguistic	_		
191-2	SPK4001	Falling	191	алып	алып	linguistic	_		
191-3	SPK4001	Falling	191	отыр	отыр	linguistic	_		End=223.350
192-0	SPK4002	undefined	192	Ай:	Ай	linguistic	_	Prolongation=1	Begin=223.342|End=223.865
193-0	SPK4001	Continuing	193	Күзде	Күзде	linguistic	_		Begin=223.964|End=224.420
194-0	SPK4002	Continuing	194	По	По	linguistic	_		Begin=225.107
194-1	SPK4002	Continuing	194	свободнее	свободнее	linguistic	_		
194-2	SPK4002	Continuing	194	еще###	еще###	linguistic	_		End=226.595
195-0	SPK4001	Falling	195	көп	көп	linguistic	_		Begin=225.538
195-1	SPK4001	Falling	195	оқып	оқып	linguistic	_		
195-2	SPK4001	Falling	195	кетпеу	кетпеу	linguistic	_		
195-3	SPK4001	Falling	195	үшін	үшін	linguistic	_		
195-4	SPK4001	Falling	195	иә	иә	linguistic	_		End=226.810
196-0	SPK4002	Falling	196	Кайф	Кайф	linguistic	_		Begin=226.956|End=227.315
197-0	SPK4001	Continuing	197	Енді	Енді	linguistic	_		Begin=227.670
197-1	SPK4001	Continuing	197	уақыты	уақыты	linguistic	_		
197-2	SPK4001	Continuing	197	қалады	қалады	linguistic	_		End=228.360
198-0	SPK4001	Falling	198	деген	деген	linguistic	_		Begin=228.360
198-1	SPK4001	Falling	198	сияқты	сияқты	linguistic	_		End=229.515
199-0	SPK4002	Falling	199	Кайф	Кайф	linguistic	_		Begin=229.298
199-1	SPK4002	Falling	199	кайф	кайф	linguistic	_		End=229.924
200-0	SPK4001	Continuing	200	Жазда	Жазда	linguistic	_		Begin=229.870|End=230.330
201-0	SPK4001	Continuing	201	тем	тем	linguistic	_		Begin=230.360
201-1	SPK4001	Continuing	201	более	более	linguistic	_		End=231.247
202-0	SPK4001	Continuing	202	төрт	төрт	linguistic	_		Begin=231.710
202-1	SPK4001	Continuing	202	күн	күн	linguistic	_		
202-2	SPK4001	Continuing	202	ба	ба	linguistic	_		End=232.350
203-0	SPK4001	Continuing	203	бес	бес	linguistic	_		Begin=232.350
203-1	SPK4001	Continuing	203	күн	күн	linguistic	_		
203-2	SPK4001	Continuing	203	ба	ба	linguistic	_		End=233.060
204-0	SPK4001	Continuing	204	сол	сол	linguistic	_		Begin=233.065|End=233.380
205-0	SPK4001	Continuing	205	нені	нені	linguistic	_		Begin=233.380
205-1	SPK4001	Continuing	205	оқисың	оқисың	linguistic	_		
205-2	SPK4001	Continuing	205	ғой	ғой	linguistic	_		End=234.430
206-0	SPK4001	Falling	206	бір	бір	linguistic	_		Begin=234.430
206-1	SPK4001	Falling	206	курсты	курсты	linguistic	_		End=235.130
207-0	SPK4002	undefined	207	МММ	МММ	linguistic	_		Begin=234.480|End=234.830
208-0	SPK4001	Continuing	208	Басқа	Басқа	linguistic	_		Begin=235.570
208-1	SPK4001	Continuing	208	нелерге	нелерге	linguistic	_		End=236.620
209-0	SPK4001	Continuing	209	алаңдап	алаңдап	linguistic	_		Begin=238.210
209-1	SPK4001	Continuing	209	кетпейсің	кетпейсің	linguistic	_		End=238.910
210-0	SPK4001	Falling	210	дейтін	дейтін	linguistic	_		Begin=238.910
210-1	SPK4001	Falling	210	сияқты	сияқты	linguistic	_		End=239.910
211-0	SPK4002	Continuing	211	Бәсе	Бәсе	linguistic	_		Begin=240.094
211-1	SPK4002	Continuing	211	наверное	наверное	linguistic	_		End=240.720
212-0	SPK4002	Rising	212	Америкада	Америкада	linguistic	_		Begin=240.720
212-1	SPK4002	Rising	212	сондай	сондай	linguistic	_		
212-2	SPK4002	Rising	212	система	система	linguistic	_		
212-3	SPK4002	Rising	212	да	да	linguistic	_		End=242.180
213-0	SPK4002	Continuing	213	Мен	Мен	linguistic	_		Begin=242.350
213-1	SPK4002	Continuing	213	олардың	олардың	linguistic	_		
213-2	SPK4002	Continuing	213	видеоларын	видеоларын	linguistic	_		
213-3	SPK4002	Continuing	213	қараймын	қараймын	linguistic	_		End=243.565
214-0	SPK4002	Falling	214	ютубтан	ютубтан	linguistic	_		Begin=243.565|End=244.245
215-0	SPK4002	Continuing	215	Май	Май	linguistic	_		Begin=244.758
215-1	SPK4002	Continuing	215	саммер	саммер	linguistic	_		
215-2	SPK4002	Continuing	215	бірдеме	бірдеме	linguistic	_		End=245.940
216-0	SPK4002	Continuing	216	юниверсити	юниверсити	linguistic	_		Begin=245.940
216-1	SPK4002	Continuing	216	бірдеме	бірдеме	linguistic	_		End=247.150
217-0	SPK4002	Falling	217	дей	дей	linguistic	_		Begin=247.150
217-1	SPK4002	Falling	217	дейді	дейді	linguistic	_		End=247.805
218-0	SPK4002	Continuing	218	Я	Я	linguistic	_		Begin=247.805
218-1	SPK4002	Continuing	218	такая	такая	linguistic	_		End=248.490
219-0	SPK4002	Rising	219	не	не	linguistic	_		Begin=249.200
219-1	SPK4002	Rising	219	дейді	дейді	linguistic	_		End=249.882
220-0	SPK4002	Continuing	220	Еще	Еще	linguistic	_		Begin=250.177
220-1	SPK4002	Continuing	220	май	май	linguistic	_		
220-2	SPK4002	Continuing	220	фест	фест	linguistic	_		
220-3	SPK4002	Continuing	220	дей	дей	linguistic	_		End=250.950
221-0	SPK4002	Continuing	221	бірдеме	бірдеме	linguistic	_		Begin=250.950
221-1	SPK4002	Continuing	221	дейді	дейді	linguistic	_		End=251.710
222-0	SPK4002	Rising	222	оф	оф	linguistic	_		Begin=251.740
222-1	SPK4002	Rising	222	кампус	кампус	linguistic	_		
222-2	SPK4002	Rising	222	дейді	дейді	linguistic	_		
222-3	SPK4002	Rising	222	ма	ма	linguistic	_		End=252.470
223-0	SPK4002	Continuing	223	Я	Я	linguistic	_		Begin=252.500
223-1	SPK4002	Continuing	223	такая	такая	linguistic	_		End=252.953
224-0	SPK4001	Continuing	224	иә	иә	linguistic	_		Begin=253.099
224-1	SPK4001	Continuing	224	иә	иә	linguistic	_		
224-2	SPK4001	Continuing	224	иә	иә	linguistic	_		
224-3	SPK4001	Continuing	224	иә	иә	linguistic	_		End=254.180
225-0	SPK4001	Continuing	225	ішін	ішін	linguistic	_		Begin=254.644
225-1	SPK4001	Continuing	225	көрсетеді	көрсетеді	linguistic	_		End=255.200
226-0	SPK4001	Falling	226	сыртын	сыртын	linguistic	_		Begin=255.200
226-1	SPK4001	Falling	226	көрсетеді	көрсетеді	linguistic	_		
226-2	SPK4001	Falling	226	дейсін	дейсін	linguistic	_		End=256.420
227-0	SPK4002	Falling	227	иә	иә	linguistic	_		Begin=256.320
227-1	SPK4002	Falling	227	иә	иә	linguistic	_		
227-2	SPK4002	Falling	227	иә	иә	linguistic	_		End=256.800
228-0	SPK4001	Falling	228	Блок	Блок	linguistic	_		Begin=256.890|End=257.306
229-0	SPK4002	Falling	229	Мықты	Мықты	linguistic	_		Begin=257.280
229-1	SPK4002	Falling	229	мықты	мықты	linguistic	_		
229-2	SPK4002	Falling	229	бірдемелер	бірдемелер	linguistic	_		End=258.270
230-0	SPK4001	Falling	230	иә:	иә	linguistic	_	Prolongation=1	Begin=258.620|End=259.300
231-0	SPK4002	Continuing	231	Бәрі	Бәрі	linguistic	_		Begin=259.286
231-1	SPK4002	Continuing	231	машина	машина	linguistic	_		
231-2	SPK4002	Continuing	231	айдайды	айдайды	linguistic	_		End=259.785
232-0	SPK4002	Falling	232	оларда	оларда	linguistic	_		Begin=259.785
232-1	SPK4002	Falling	232	кстати	кстати	linguistic	_		End=260.584
233-0	SPK4001	Rising	233	Оларда	Оларда	linguistic	_		Begin=261.440
233-1	SPK4001	Rising	233	он	он	linguistic	_		
233-2	SPK4001	Rising	233	алты	алты	linguistic	_		
233-3	SPK4001	Rising	233	жастан	жастан	linguistic	_		
233-4	SPK4001	Rising	233	бастап	бастап	linguistic	_		
233-5	SPK4001	Rising	233	емес	емес	linguistic	_		
233-6	SPK4001	Rising	233	па	па	linguistic	_		End=263.076
234-0	SPK4002	Rising	234	Он	Он	linguistic	_		Begin=263.121
234-1	SPK4002	Rising	234	жеті	жеті	linguistic	_		
234-2	SPK4002	Rising	234	ма	ма	linguistic	_		End=263.680
235-0	SPK4002	Falling	235	иә	иә	linguistic	_		Begin=263.680
235-1	SPK4002	Falling	235	сондай	сондай	linguistic	_		
235-2	SPK4002	Falling	235	бірдеме	бірдеме	linguistic	_		End=264.400
236-0	SPK4001	Continuing	236	Он	Он	linguistic	_		Begin=264.050
236-1	SPK4001	Continuing	236	алты	алты	linguistic	_		End=264.540
237-0	SPK4001	Falling	237	он	он	linguistic	_		Begin=264.540
237-1	SPK4001	Falling	237	алты	алты	linguistic	_		
237-2	SPK4001	Falling	237	сияқты	сияқты	linguistic	_		End=265.720
238-0	SPK4002	Continuing	238	Айдай	Айдай	linguistic	_		Begin=265.400
238-1	SPK4002	Continuing	238	береді	береді	linguistic	_		End=266.070
239-0	SPK4002	Falling	239	не	не	linguistic	_		Begin=266.095
239-1	SPK4002	Falling	239	то	то	linguistic	_		
239-2	SPK4002	Falling	239	что	что	linguistic	_		
239-3	SPK4002	Falling	239	права	права	linguistic	_		
239-4	SPK4002	Falling	239	алады	алады	linguistic	_		End=267.180
240-0	SPK4002	Continuing	240	Бізде	Бізде	linguistic	_		Begin=267.221
240-1	SPK4002	Continuing	240	права	права	linguistic	_		
240-2	SPK4002	Continuing	240	он	он	linguistic	_		
240-3	SPK4002	Continuing	240	алтыдан	алтыдан	linguistic	_		
240-4	SPK4002	Continuing	240	алады	алады	linguistic	_		End=268.405
241-0	SPK4002	undefined	241	бірақ	бірақ	linguistic	_		Begin=268.420
241-1	SPK4002	undefined	241	айдайды	айдайды	linguistic	_		
241-2	SPK4002	undefined	241	он	он	linguistic	_		
241-3	SPK4002	undefined	241	сегізден	сегізден	linguistic	_		End=269.777
242-0	SPK4001	Rising	242	А	А	linguistic	_		Begin=271.090
242-1	SPK4001	Rising	242	да	да	linguistic	_		End=271.500
243-0	SPK4002	Falling	243	Солай	Солай	linguistic	_		Begin=271.580
243-1	SPK4002	Falling	243	сияқты	сияқты	linguistic	_		
243-2	SPK4002	Falling	243	иә	иә	linguistic	_		End=272.090
244-0	SPK4002	Continuing	244	Он	Он	linguistic	_		Begin=272.570
244-1	SPK4002	Continuing	244	алтыдан	алтыдан	linguistic	_		
244-2	SPK4002	Continuing	244	алады	алады	linguistic	_		End=273.070
245-0	SPK4002	Falling	245	болады	болады	linguistic	_		Begin=273.070
245-1	SPK4002	Falling	245	алуға	алуға	linguistic	_		End=273.920
246-0	SPK4001	Rising	246	Бола	Бола	linguistic	_		Begin=274.661
246-1	SPK4001	Rising	246	ма	ма	linguistic	_		End=275.589
247-0	SPK4001	Falling	247	Мен	Мен	linguistic	_		Begin=276.030
247-1	SPK4001	Falling	247	он	он	linguistic	_		
247-2	SPK4001	Falling	247	сегізден	сегізден	linguistic	_		
247-3	SPK4001	Falling	247	деп	деп	linguistic	_		
247-4	SPK4001	Falling	247	ойладым	ойладым	linguistic	_		End=277.334
248-0	SPK4002	Falling	248	Олай	Олай	linguistic	_		Begin=278.140
248-1	SPK4002	Falling	248	вроде	вроде	linguistic	_		
248-2	SPK4002	Falling	248	можно	можно	linguistic	_		End=279.350
249-0	SPK4001	Rising	249	Ұстай	Ұстай	linguistic	_		Begin=279.679
249-1	SPK4001	Rising	249	тұрасың	тұрасың	linguistic	_		
249-2	SPK4001	Rising	249	ба	ба	linguistic	_		End=280.393
250-0	SPK4002	Falling	250	Қолым	Қолым	linguistic	_		Begin=281.490
250-1	SPK4002	Falling	250	талып	талып	linguistic	_		
250-2	SPK4002	Falling	250	қалды	қалды	linguistic	_		
250-3	SPK4002	Falling	250	деші	деші	linguistic	_		End=282.324
251-0	SPK4001	Continuing	251	или	или	linguistic	_		Begin=282.739
251-1	SPK4001	Continuing	251	ана	ана	linguistic	_		End=283.320
252-0	SPK4001	undefined	252	ugh	ugh	linguistic	_		Begin=283.377|End=283.721
253-0	SPK4001	Continuing	253	артындағысын	артындағысын	linguistic	_		Begin=283.721
253-1	SPK4001	Continuing	253	алып	алып	linguistic	_		
253-2	SPK4001	Continuing	253	тастайын	тастайын	linguistic	_		End=284.990
254-0	SPK4001	Falling	254	алуға	алуға	linguistic	_		Begin=286.710
254-1	SPK4001	Falling	254	болса	болса	linguistic	_		End=287.531
255-0	SPK4002	Continuing	255	Мә	Мә	linguistic	_		Begin=291.410|End=291.640
256-0	SPK4002	Falling	256	қарашы	қарашы	linguistic	_		Begin=291.640|End=292.073
257-0	SPK4002	Falling	257	неше	неше	linguistic	_		Begin=292.073
257-1	SPK4002	Falling	257	минут	минут	linguistic	_		
257-2	SPK4002	Falling	257	болғанын	болғанын	linguistic	_		End=293.306
258-0	SPK4001	Continuing	258	А	А	linguistic	_		Begin=296.370
258-1	SPK4001	Continuing	258	айтпақшы	айтпақшы	linguistic	_		End=297.354
259-0	SPK4001	Falling	259	алты	алты	linguistic	_		Begin=299.710
259-1	SPK4001	Falling	259	қосасың	қосасың	linguistic	_		
259-2	SPK4001	Falling	259	бұған	бұған	linguistic	_		End=300.748
260-0	SPK4002	undefined	260	Мхм	Мхм	linguistic	_		Begin=300.899|End=301.286
261-0	SPK4002	Falling	261	Жиырма	Жиырма	linguistic	_		Begin=301.313|End=301.706
262-0	SPK4001	Rising	262	Да	Да	linguistic	_		Begin=302.335|End=302.680
263-0	SPK4002	Falling	263	иә	иә	linguistic	_		Begin=302.786|End=303.200
264-0	SPK4002	Continuing	264	А	А	linguistic	_		Begin=304.080
264-1	SPK4002	Continuing	264	ойбай	ойбай	linguistic	_		End=304.533
265-0	SPK4002	Falling	265	ойдай	ойдай	linguistic	_		Begin=304.533
265-1	SPK4002	Falling	265	айтамын	айтамын	linguistic	_		End=305.086
266-0	SPK4002	Falling	266	Он	Он	linguistic	_		Begin=306.106
266-1	SPK4002	Falling	266	екі	екі	linguistic	_		End=306.612
267-0	SPK4001	Falling	267	Бәсе	Бәсе	linguistic	_		Begin=306.670|End=307.264
268-0	SPK4001	undefined	268	МММ	МММ	linguistic	_		Begin=308.955|End=309.780
269-0	SPK4001	Falling	269	Жаңа	Жаңа	linguistic	_		Begin=313.830
269-1	SPK4001	Falling	269	осы	осы	linguistic	_		
269-2	SPK4001	Falling	269	бірдеңе	бірдеңе	linguistic	_		
269-3	SPK4001	Falling	269	ойлап	ойлап	linguistic	_		
269-4	SPK4001	Falling	269	тұрдым	тұрдым	linguistic	_		
269-5	SPK4001	Falling	269	айтам	айтам	linguistic	_		
269-6	SPK4001	Falling	269	деп	деп	linguistic	_		End=315.550
270-0	SPK4001	Interrupted	270	Алдында	Алдында	linguistic	_		Begin=317.670
270-1	SPK4001	Interrupted	270	¬Жансұлтан	Жансұлтан	linguistic	_	Anonymized=Yes	
270-2	SPK4001	Interrupted	270	ба—	ба	linguistic	_	Interrupted=Yes	End=318.950
271-0	SPK4002	undefined	271	@(Hx)	@(Hx)	paraverbal	_		Begin=319.666|End=320.106
272-0	SPK4001	Continuing	272	Жо	Жо	linguistic	_		Begin=319.792
272-1	SPK4001	Continuing	272	жоқ	жоқ	linguistic	_		End=320.030
273-0	SPK4001	Rising	273	онша	онша	linguistic	_		Begin=320.030
273-1	SPK4001	Rising	273	емес	емес	linguistic	_		
273-2	SPK4001	Rising	273	да	да	linguistic	_		End=320.810
274-0	SPK4002	Rising	274	Не	Не	linguistic	_		Begin=321.419
274-1	SPK4002	Rising	274	ол	ол	linguistic	_		End=321.840
275-0	SPK4001	Falling	275	Шақырсақ	Шақырсақ	linguistic	_		Begin=322.270
275-1	SPK4001	Falling	275	деймін	деймін	linguistic	_		
275-2	SPK4001	Falling	275	ғой	ғой	linguistic	_		
275-3	SPK4001	Falling	275	Ойназаврға	Ойназаврға	linguistic	_		End=323.590
276-0	SPK4002	undefined	276	ААА	ААА	linguistic	_		Begin=323.726|End=324.114
277-0	SPK4002	Continuing	277	Вообще	Вообще	linguistic	_		Begin=324.306
277-1	SPK4002	Continuing	277	болады	болады	linguistic	_		End=325.000
278-0	SPK4002	Falling	278	поидее	поидее	linguistic	_		Begin=325.113|End=325.466
279-0	SPK4002	Continuing	279	Еще	Еще	linguistic	_		Begin=327.160
279-1	SPK4002	Continuing	279	мен	мен	linguistic	_		
279-2	SPK4002	Continuing	279	соның	соның	linguistic	_		End=327.720
280-0	SPK4002	Continuing	280	інісімен	інісімен	linguistic	_		Begin=327.740
280-1	SPK4002	Continuing	280	таки	таки	linguistic	_		End=328.673
281-0	SPK4002	Falling	281	сөйлесе	сөйлесе	linguistic	_		Begin=328.720
281-1	SPK4002	Falling	281	алмадым	алмадым	linguistic	_		
281-2	SPK4002	Falling	281	ғой	ғой	linguistic	_		End=329.920
282-0	SPK4002	Continuing	282	Дикий	Дикий	linguistic	_		Begin=331.686
282-1	SPK4002	Continuing	282	кринж	кринж	linguistic	_		End=332.375
283-0	SPK4002	undefined	283	@@@	@@@	paraverbal	_		Begin=332.633|End=334.600
284-0	SPK4002	Continuing	284	Біртүрлі	Біртүрлі	linguistic	_		Begin=334.626
284-1	SPK4002	Continuing	284	ғой	ғой	linguistic	_		
284-2	SPK4002	Continuing	284	енді	енді	linguistic	_		End=335.713
285-0	SPK4002	Continuing	285	үлкен	үлкен	linguistic	_		Begin=335.745
285-1	SPK4002	Continuing	285	ағасымен	ағасымен	linguistic	_		
285-2	SPK4002	Continuing	285	сөйлесіп	сөйлесіп	linguistic	_		End=336.765
286-0	SPK4002	Falling	286	мынаумен	мынаумен	linguistic	_		Begin=336.765
286-1	SPK4002	Falling	286	сөйлесе	сөйлесе	linguistic	_		
286-2	SPK4002	Falling	286	алмай	алмай	linguistic	_		End=337.765
287-0	SPK4002	undefined	287	ААА	ААА	linguistic	_		Begin=338.786|End=339.234
288-0	SPK4001	Continuing	288	Кәдімгі	Кәдімгі	linguistic	_		Begin=339.930|End=340.730
289-0	SPK4001	Continuing	289	үлкен	үлкен	linguistic	_		Begin=340.730
289-1	SPK4001	Continuing	289	аға	аға	linguistic	_		
289-2	SPK4001	Continuing	289	сенде	сенде	linguistic	_		
289-3	SPK4001	Continuing	289	жиырма	жиырма	linguistic	_		
289-4	SPK4001	Continuing	289	алты	алты	linguistic	_		
289-5	SPK4001	Continuing	289	емес	емес	linguistic	_		End=342.246
290-0	SPK4001	Continuing	290	ол	ол	linguistic	_		Begin=342.246
290-1	SPK4001	Continuing	290	отыз	отыз	linguistic	_		
290-2	SPK4001	Continuing	290	екі:	екі	linguistic	_	Prolongation=2	
290-3	SPK4001	Continuing	290	деп	деп	linguistic	_		End=343.590
291-0	SPK4001	Falling	291	отыз	отыз	linguistic	_		Begin=344.540
291-1	SPK4001	Falling	291	екіге	екіге	linguistic	_		
291-2	SPK4001	Falling	291	келеді	келеді	linguistic	_		End=345.150
292-0	SPK4002	Falling	292	Сол	Сол	linguistic	_		Begin=344.573
292-1	SPK4002	Falling	292	сол	сол	linguistic	_		End=345.073
293-0	SPK4001	Continuing	293	Менің	Менің	linguistic	_		Begin=345.150
293-1	SPK4001	Continuing	293	ағаларыммен	ағаларыммен	linguistic	_		End=345.860
294-0	SPK4001	Falling	294	құрдас	құрдас	linguistic	_		Begin=345.860
294-1	SPK4001	Falling	294	cияқты	cияқты	linguistic	_		
294-2	SPK4001	Falling	294	болып	болып	linguistic	_		
294-3	SPK4001	Falling	294	көрінді	көрінді	linguistic	_		End=347.151
295-0	SPK4001	Continuing	295	Не	Не	linguistic	_		Begin=348.526
295-1	SPK4001	Continuing	295	мен	мен	linguistic	_		
295-2	SPK4001	Continuing	295	ана	ана	linguistic	_		
295-3	SPK4001	Continuing	295	ұялып	ұялып	linguistic	_		
295-4	SPK4001	Continuing	295	қалдым	қалдым	linguistic	_		End=349.265
296-0	SPK4001	Falling	296	бар	бар	linguistic	_		Begin=349.265
296-1	SPK4001	Falling	296	ғой	ғой	linguistic	_		
296-2	SPK4001	Falling	296	анда	анда	linguistic	_		End=349.782
297-0	SPK4001	Continuing	297	Бір	Бір	linguistic	_		Begin=350.140
297-1	SPK4001	Continuing	297	бала	бала	linguistic	_		
297-2	SPK4001	Continuing	297	жүрді	жүрді	linguistic	_		End=350.590
298-0	SPK4001	Continuing	298	өзі	өзі	linguistic	_		Begin=350.990|End=351.316
299-0	SPK4002	undefined	299	Мхм	Мхм	linguistic	_		Begin=351.004|End=351.499
300-0	SPK4001	Rising	300	құттай	құттай	linguistic	_		Begin=351.550|End=352.000
301-0	SPK4002	undefined	301	Мхм	Мхм	linguistic	_		Begin=351.726|End=352.120
302-0	SPK4002	Interrupted	302	иә	иә	linguistic	_		Begin=352.120
302-1	SPK4002	Interrupted	302	иә	иә	linguistic	_		
302-2	SPK4002	Interrupted	302	мен	мен	linguistic	_		
302-3	SPK4002	Interrupted	302	де—	де	linguistic	_	Interrupted=Yes	End=353.046
303-0	SPK4001	Falling	303	Атын	Атын	linguistic	_		Begin=352.560
303-1	SPK4001	Falling	303	ұмытып	ұмытып	linguistic	_		
303-2	SPK4001	Falling	303	қалдым	қалдым	linguistic	_		End=353.378
304-0	SPK4001	Continuing	304	Соның	Соның	linguistic	_		Begin=354.121
304-1	SPK4001	Continuing	304	баласы	баласы	linguistic	_		
304-2	SPK4001	Continuing	304	ғой	ғой	linguistic	_		End=354.790
305-0	SPK4001	Falling	305	деп	деп	linguistic	_		Begin=354.790
305-1	SPK4001	Falling	305	қоямын	қоямын	linguistic	_		
305-2	SPK4001	Falling	305	ғой	ғой	linguistic	_		End=355.452
306-0	SPK4002	undefined	306	@@@@	@@@@	paraverbal	_		Begin=355.633|End=358.500
307-0	SPK4001	Continuing	307	Мамам	Мамам	linguistic	_		Begin=356.890
307-1	SPK4001	Continuing	307	ұйықтап	ұйықтап	linguistic	_		
307-2	SPK4001	Continuing	307	отыр	отыр	linguistic	_		End=357.790
308-0	SPK4001	undefined	308	шуламаңдаршы	шуламаңдаршы	linguistic	_		Begin=358.520
308-1	SPK4001	undefined	308	деп	деп	linguistic	_		
308-2	SPK4001	undefined	308	бірдеңе	бірдеңе	linguistic	_		End=359.610
309-0	SPK4001	Falling	309	Айтады	Айтады	linguistic	_		Begin=359.680
309-1	SPK4001	Falling	309	маған	маған	linguistic	_		End=360.343
310-0	SPK4001	Continuing	310	Папаңның	Папаңның	linguistic	_		Begin=361.795
310-1	SPK4001	Continuing	310	жанында	жанында	linguistic	_		
310-2	SPK4001	Continuing	310	отыра	отыра	linguistic	_		
310-3	SPK4001	Continuing	310	тұрсаңшы	тұрсаңшы	linguistic	_		End=363.090
311-0	SPK4001	Falling	311	дедім	дедім	linguistic	_		Begin=363.100
311-1	SPK4001	Falling	311	ғой	ғой	linguistic	_		End=363.802
312-0	SPK4002	undefined	312	@@@@	@@@@	paraverbal	_		Begin=363.160|End=363.706
313-0	SPK4001	Continuing	313	Жоқ	Жоқ	linguistic	_		Begin=363.960
313-1	SPK4001	Continuing	313	мен	мен	linguistic	_		
313-2	SPK4001	Continuing	313	тек	тек	linguistic	_		End=364.400
314-0	SPK4001	Falling	314	мамаммен	мамаммен	linguistic	_		Begin=364.400
314-1	SPK4001	Falling	314	жүрмін	жүрмін	linguistic	_		
314-2	SPK4001	Falling	314	деді	деді	linguistic	_		End=365.810
315-0	SPK4002	undefined	315	@@@@	@@@@	paraverbal	_		Begin=365.706|End=366.739
316-0	SPK4001	Continuing	316	Анау	Анау	linguistic	_		Begin=366.920|End=367.260
317-0	SPK4001	Continuing	317	папаң	папаң	linguistic	_		Begin=367.260
317-1	SPK4001	Continuing	317	емес	емес	linguistic	_		
317-2	SPK4001	Continuing	317	па	па	linguistic	_		End=367.865
318-0	SPK4001	Rising	318	сонда	сонда	linguistic	_		Begin=367.865
318-1	SPK4001	Rising	318	еді	еді	linguistic	_		End=368.360
319-0	SPK4001	Falling	319	Мынау	Мынау	linguistic	_		Begin=368.440
319-1	SPK4001	Falling	319	балаңыз	балаңыз	linguistic	_		
319-2	SPK4001	Falling	319	емес	емес	linguistic	_		
319-3	SPK4001	Falling	319	па	па	linguistic	_		
319-4	SPK4001	Falling	319	деймін	деймін	linguistic	_		End=369.564
320-0	SPK4001	Continuing	320	Жоқ	Жоқ	linguistic	_		Begin=369.650
320-1	SPK4001	Continuing	320	мен:	мен	linguistic	_	Prolongation=2	End=370.160
321-0	SPK4001	Falling	321	балам	балам	linguistic	_		Begin=370.520
321-1	SPK4001	Falling	321	жоқ	жоқ	linguistic	_		End=371.053
322-0	SPK4001	Falling	322	Нешедесіз	Нешедесіз	linguistic	_		Begin=371.793
322-1	SPK4001	Falling	322	деймін	деймін	linguistic	_		End=372.352
323-0	SPK4001	Falling	323	Жиырма	Жиырма	linguistic	_		Begin=373.433
323-1	SPK4001	Falling	323	алтыдамын	алтыдамын	linguistic	_		
323-2	SPK4001	Falling	323	деді	деді	linguistic	_		
323-3	SPK4001	Falling	323	ғой	ғой	linguistic	_		End=374.346
324-0	SPK4002	undefined	324	@@@@	@@@@	paraverbal	_		Begin=374.820|End=375.945
325-0	SPK4001	Continuing	325	Бәрі	Бәрі	linguistic	_		Begin=376.775
325-1	SPK4001	Continuing	325	солай	солай	linguistic	_		
325-2	SPK4001	Continuing	325	айтты	айтты	linguistic	_		
325-3	SPK4001	Continuing	325	ғой	ғой	linguistic	_		End=377.595
326-0	SPK4001	Falling	326	бірақ	бірақ	linguistic	_		Begin=377.595
326-1	SPK4001	Falling	326	та	та	linguistic	_		End=377.832
327-0	SPK4002	Falling	327	иә	иә	linguistic	_		Begin=378.320|End=378.566
328-0	SPK4001	Continuing	328	Өздері	Өздері	linguistic	_		Begin=378.546
328-1	SPK4001	Continuing	328	солай	солай	linguistic	_		End=379.506
329-0	SPK4001	Falling	329	көп	көп	linguistic	_		Begin=379.886
329-1	SPK4001	Falling	329	еститін	еститін	linguistic	_		
329-2	SPK4001	Falling	329	шығар	шығар	linguistic	_		
329-3	SPK4001	Falling	329	енді	енді	linguistic	_		End=380.886
330-0	SPK4002	Continuing	330	Еще	Еще	linguistic	_		Begin=383.006|End=383.300
331-0	SPK4002	Falling	331	бала	бала	linguistic	_		Begin=383.305
331-1	SPK4002	Falling	331	томпақ	томпақ	linguistic	_		
331-2	SPK4002	Falling	331	болды	болды	linguistic	_		End=384.086
332-0	SPK4001	Continuing	332	иә	иә	linguistic	_		Begin=384.519|End=384.742
333-0	SPK4001	Continuing	333	аумайды	аумайды	linguistic	_		Begin=384.773
333-1	SPK4001	Continuing	333	ғой	ғой	linguistic	_		
333-2	SPK4001	Continuing	333	кәдімгі	кәдімгі	linguistic	_		End=385.513
334-0	SPK4001	Falling	334	аумайды	аумайды	linguistic	_		Begin=385.513|End=386.062
335-0	SPK4001	Continuing	335	Мұрны	Мұрны	linguistic	_		Begin=386.673|End=386.910
336-0	SPK4001	Continuing	336	көзі	көзі	linguistic	_		Begin=386.910|End=387.480
337-0	SPK4001	Continuing	337	мұрны	мұрны	linguistic	_		Begin=387.519
337-1	SPK4001	Continuing	337	емес	емес	linguistic	_		
337-2	SPK4001	Continuing	337	енді	енді	linguistic	_		End=388.373
338-0	SPK4001	Falling	338	Көзі	Көзі	linguistic	_		Begin=389.073
338-1	SPK4001	Falling	338	аумаған	аумаған	linguistic	_		
338-2	SPK4001	Falling	338	сияқты	сияқты	linguistic	_		
338-3	SPK4001	Falling	338	болып	болып	linguistic	_		
338-4	SPK4001	Falling	338	көрінді	көрінді	linguistic	_		End=390.486
339-0	SPK4001	Falling	339	Жаман	Жаман	linguistic	_		Begin=391.120
339-1	SPK4001	Falling	339	ұқсайды	ұқсайды	linguistic	_		
339-2	SPK4001	Falling	339	прям	прям	linguistic	_		End=392.199
340-0	SPK4002	Continuing	340	Оның	Оның	linguistic	_		Begin=392.858
340-1	SPK4002	Continuing	340	інісінде	інісінде	linguistic	_		
340-2	SPK4002	Continuing	340	андай	андай	linguistic	_		End=393.765
341-0	SPK4002	Continuing	341	жаңағы	жаңағы	linguistic	_		Begin=393.791|End=394.234
342-0	SPK4002	Interrupted	342	бат—	бат	linguistic	_	Interrupted=Yes	Begin=394.234|End=394.630
343-0	SPK4002	Continuing	343	батырайған	батырайған	linguistic	_		Begin=394.630|End=395.389
344-0	SPK4002	Falling	344	батырайған	батырайған	linguistic	_		Begin=395.389
344-1	SPK4002	Falling	344	көз	көз	linguistic	_		End=396.442
345-0	SPK4002	Falling	345	Пипяо	Пипяо	linguistic	_		Begin=396.812|End=397.315
346-0	SPK4001	undefined	346	Мхм	Мхм	linguistic	_		Begin=396.986|End=397.313
347-0	SPK4002	Continuing	347	Кәдімгі	Кәдімгі	linguistic	_		Begin=397.753|End=398.180
348-0	SPK4002	Falling	348	хамолеон	хамолеон	linguistic	_		Begin=398.489
348-1	SPK4002	Falling	348	сияқты	сияқты	linguistic	_		End=399.328
349-0	SPK4001	undefined	349	МММ	МММ	linguistic	_		Begin=400.180|End=400.694
350-0	SPK4001	Continuing	350	Сол:	Сол	linguistic	_	Prolongation=2	Begin=402.466|End=402.813
351-0	SPK4001	Continuing	351	айтты	айтты	linguistic	_		Begin=402.860
351-1	SPK4001	Continuing	351	ғой	ғой	linguistic	_		End=403.493
352-0	SPK4001	Falling	352	K	K	linguistic	_		Begin=405.360
352-1	SPK4001	Falling	352	POP	POP	linguistic	_		
352-2	SPK4001	Falling	352	деген	деген	linguistic	_		
352-3	SPK4001	Falling	352	жазыңдар:	жазыңдар	linguistic	_	Prolongation=7	
352-4	SPK4001	Falling	352	деп	деп	linguistic	_		End=406.993
353-0	SPK4002	Rising	353	Да	Да	linguistic	_		Begin=408.386|End=408.757
354-0	SPK4002	Rising	354	Қашан	Қашан	linguistic	_		Begin=409.416|End=409.959
355-0	SPK4001	Interrupted	355	Өзіне	Өзіне	linguistic	_		Begin=410.425
355-1	SPK4001	Interrupted	355	емес	емес	linguistic	_		
355-2	SPK4001	Interrupted	355	те—	те	linguistic	_	Interrupted=Yes	End=411.442
356-0	SPK4002	Rising	356	Прям	Прям	linguistic	_		Begin=410.550
356-1	SPK4002	Rising	356	айтты	айтты	linguistic	_		
356-2	SPK4002	Rising	356	ма	ма	linguistic	_		End=411.422
357-0	SPK4001	undefined	357	CLICKING_THE_TONGUE	CLICKING_THE_TONGUE	paraverbal	_		Begin=414.382|End=414.751
358-0	SPK4001	Continuing	358	Әлгі	Әлгі	linguistic	_		Begin=414.885|End=415.469
359-0	SPK4001	Rising	359	қалай	қалай	linguistic	_		Begin=415.704
359-1	SPK4001	Rising	359	еді	еді	linguistic	_		End=416.295
360-0	SPK4001	undefined	360	Айттық	Айттық	linguistic	_		Begin=417.328
360-1	SPK4001	undefined	360	қой	қой	linguistic	_		
360-2	SPK4001	undefined	360	андай	андай	linguistic	_		End=418.280
361-0	SPK4001	Continuing	361	K	K	linguistic	_		Begin=418.280
361-1	SPK4001	Continuing	361	POP	POP	linguistic	_		End=418.365
362-0	SPK4001	Continuing	362	аниме	аниме	linguistic	_		Begin=418.365|End=419.140
363-0	SPK4002	undefined	363	ААА	ААА	linguistic	_		Begin=419.355|End=419.885
364-0	SPK4001	Continuing	364	мынау	мынау	linguistic	_		Begin=419.438
364-1	SPK4001	Continuing	364	мынау	мынау	linguistic	_		End=420.150
365-0	SPK4001	Falling	365	тағы	тағы	linguistic	_		Begin=420.150
365-1	SPK4001	Falling	365	сосын	сосын	linguistic	_		
365-2	SPK4001	Falling	365	тағы	тағы	linguistic	_		End=420.990
366-0	SPK4001	Continuing	366	Сосын	Сосын	linguistic	_		Begin=421.315|End=421.957
367-0	SPK4001	undefined	367	ugh	ugh	linguistic	_		Begin=422.516|End=422.744
368-0	SPK4001	Interrupted	368	K	K	linguistic	_		Begin=422.744
368-1	SPK4001	Interrupted	368	POP—	POP	linguistic	_	Interrupted=Yes	End=423.268
369-0	SPK4002	Rising	369	Кім	Кім	linguistic	_		Begin=424.375
369-1	SPK4002	Rising	369	жазады	жазады	linguistic	_		
369-2	SPK4002	Rising	369	оған	оған	linguistic	_		End=424.979
370-0	SPK4002	Falling	370	Мен	Мен	linguistic	_		Begin=424.993
370-1	SPK4002	Falling	370	жазбаймын	жазбаймын	linguistic	_		End=425.825
371-0	SPK4001	Continuing	371	Жоқ	Жоқ	linguistic	_		Begin=425.859|End=426.060
372-0	SPK4001	Falling	372	оған	оған	linguistic	_		Begin=426.060
372-1	SPK4001	Falling	372	емес	емес	linguistic	_		End=427.076
373-0	SPK4001	Falling	373	Былай	Былай	linguistic	_		Begin=428.101
373-1	SPK4001	Falling	373	ғой	ғой	linguistic	_		End=428.500
374-0	SPK4002	Falling	374	¬Диасқа	Диасқа	linguistic	_	Anonymized=Yes	Begin=428.483
374-1	SPK4002	Falling	374	жазуға	жазуға	linguistic	_		
374-2	SPK4002	Falling	374	болады	болады	linguistic	_		End=429.229
375-0	SPK4001	Continuing	375	Інім	Інім	linguistic	_		Begin=429.342|End=429.664
376-0	SPK4001	Continuing	376	інім	інім	linguistic	_		Begin=429.745|End=430.157
377-0	SPK4001	undefined	377	ugh	ugh	linguistic	_		Begin=430.551|End=431.255
378-0	SPK4002	Falling	378	Ой	Ой	linguistic	_		Begin=430.832
378-1	SPK4002	Falling	378	все	все	linguistic	_		End=431.608
379-0	SPK4001	Continuing	379	ана	ана	linguistic	_		Begin=431.255
379-1	SPK4001	Continuing	379	нені	нені	linguistic	_		End=431.919
380-0	SPK4001	Continuing	380	соның	соның	linguistic	_		Begin=433.422
380-1	SPK4001	Continuing	380	басында	басында	linguistic	_		
380-2	SPK4001	Continuing	380	деді	деді	linguistic	_		
380-3	SPK4001	Continuing	380	ғой	ғой	linguistic	_		End=434.523
381-0	SPK4002	Falling	381	фест	фест	linguistic	_		Begin=433.771|End=434.382
382-0	SPK4002	Falling	382	иә	иә	linguistic	_		Begin=434.382|End=434.738
383-0	SPK4002	Continuing	383	А	А	linguistic	_		Begin=435.630
383-1	SPK4002	Continuing	383	танцы	танцы	linguistic	_		End=436.134
384-0	SPK4002	Falling	384	деп	деп	linguistic	_		Begin=436.134
384-1	SPK4002	Falling	384	бірдеңе	бірдеңе	linguistic	_		End=436.621
385-0	SPK4001	Interrupted	385	фест—	фест	linguistic	_	Interrupted=Yes	Begin=436.187|End=436.577
386-0	SPK4001	Continuing	386	фестивальдар:	фестивальдар	linguistic	_	Prolongation=11	Begin=436.879|End=437.516
387-0	SPK4001	Continuing	387	или	или	linguistic	_		Begin=437.516|End=438.167
388-0	SPK4001	Continuing	388	билегенде	билегенде	linguistic	_		Begin=438.791
388-1	SPK4001	Continuing	388	андай	андай	linguistic	_		End=439.543
389-0	SPK4001	Continuing	389	рандомный	рандомный	linguistic	_		Begin=440.268|End=440.751
390-0	SPK4001	Interrupted	390	ран—	ран	linguistic	_	Interrupted=Yes	Begin=440.751|End=441.020
391-0	SPK4001	Continuing	391	ˈrandom	ˈrandom	linguistic	_		Begin=441.020
391-1	SPK4001	Continuing	391	ˈdance	ˈdance	linguistic	_		
391-2	SPK4001	Continuing	391	ˈдеп	ˈдеп	linguistic	_		End=442.073
392-0	SPK4001	Falling	392	не	не	linguistic	_		Begin=442.073
392-1	SPK4001	Falling	392	істейді	істейді	linguistic	_		
392-2	SPK4001	Falling	392	ғой	ғой	linguistic	_		End=442.805
393-0	SPK4002	undefined	393	Мхм	Мхм	linguistic	_		Begin=442.879|End=443.441
394-0	SPK4001	Continuing	394	Сондайларда	Сондайларда	linguistic	_		Begin=443.506|End=444.362
395-0	SPK4001	Continuing	395	қатысқыларың	қатысқыларың	linguistic	_		Begin=444.895
395-1	SPK4001	Continuing	395	келсе	келсе	linguistic	_		End=445.980
396-0	SPK4001	Continuing	396	а	а	linguistic	_		Begin=446.248
396-1	SPK4001	Continuing	396	или	или	linguistic	_		
396-2	SPK4001	Continuing	396	cover	cover	linguistic	_		End=446.959
397-0	SPK4001	Continuing	397	cover	cover	linguistic	_		Begin=447.187
397-1	SPK4001	Continuing	397	жасағыларың	жасағыларың	linguistic	_		
397-2	SPK4001	Continuing	397	келсе	келсе	linguistic	_		End=448.234
398-0	SPK4002	undefined	398	Мхм	Мхм	linguistic	_		Begin=448.408
398-1	SPK4002	undefined	398	мхм	мхм	linguistic	_		End=449.043
399-0	SPK4001	Continuing	399	үйреніп	үйреніп	linguistic	_		Begin=449.483|End=449.939
400-0	SPK4001	Falling	400	онда	онда	linguistic	_		Begin=450.355
400-1	SPK4001	Falling	400	жазыңдаршайшы	жазыңдаршайшы	linguistic	_		
400-2	SPK4001	Falling	400	деді	деді	linguistic	_		End=451.422
401-0	SPK4002	Falling	401	Сейчас	Сейчас	linguistic	_		Begin=451.825|End=452.194
402-0	SPK4001	Continuing	402	Інім	Інім	linguistic	_		Begin=452.087
402-1	SPK4001	Continuing	402	не	не	linguistic	_		
402-2	SPK4001	Continuing	402	істейді	істейді	linguistic	_		End=452.751
403-0	SPK4001	Continuing	403	соның	соның	linguistic	_		Begin=453.563
403-1	SPK4001	Continuing	403	басында	басында	linguistic	_		End=454.389
404-0	SPK4001	Continuing	404	мені	мені	linguistic	_		Begin=456.828
404-1	SPK4001	Continuing	404	танимын	танимын	linguistic	_		
404-2	SPK4001	Continuing	404	деп	деп	linguistic	_		
404-3	SPK4001	Continuing	404	айтсаңдар	айтсаңдар	linguistic	_		End=457.810
405-0	SPK4001	Falling	405	тем	тем	linguistic	_		Begin=457.810
405-1	SPK4001	Falling	405	более	более	linguistic	_		
405-2	SPK4001	Falling	405	деп	деп	linguistic	_		End=458.669
406-0	SPK4002	undefined	406	UGH	UGH	linguistic	_		Begin=459.067|End=459.751
407-0	SPK4001	Falling	407	Өзі	Өзі	linguistic	_		Begin=461.147
407-1	SPK4001	Falling	407	ұсыныс	ұсыныс	linguistic	_		
407-2	SPK4001	Falling	407	жасады	жасады	linguistic	_		End=462.818
408-0	SPK4001	Continuing	408	Сен	Сен	linguistic	_		Begin=465.711
408-1	SPK4001	Continuing	408	сөйлескің	сөйлескің	linguistic	_		
408-2	SPK4001	Continuing	408	келмесе	келмесе	linguistic	_		End=466.525
409-0	SPK4001	Falling	409	біз	біз	linguistic	_		Begin=466.525
409-1	SPK4001	Falling	409	сөйлесе	сөйлесе	linguistic	_		
409-2	SPK4001	Falling	409	аламыз	аламыз	linguistic	_		
409-3	SPK4001	Falling	409	ғой	ғой	linguistic	_		
409-4	SPK4001	Falling	409	інісімен	інісімен	linguistic	_		End=467.899
410-0	SPK4002	Falling	410	Давай	Давай	linguistic	_		Begin=468.047|End=468.510
411-0	SPK4002	undefined	411	@@@	@@@	paraverbal	_		Begin=468.536|End=469.275
412-0	SPK4002	undefined	412	AAA	AAA	linguistic	_		Begin=471.573|End=472.129
413-0	SPK4002	Interrupted	413	Мен	Мен	linguistic	_		Begin=472.595
413-1	SPK4002	Interrupted	413	Алм—	Алм	linguistic	_	Interrupted=Yes	End=472.912
414-0	SPK4002	Continuing	414	Астанаға	Астанаға	linguistic	_		Begin=472.912
414-1	SPK4002	Continuing	414	кетіп	кетіп	linguistic	_		
414-2	SPK4002	Continuing	414	қалсам	қалсам	linguistic	_		End=474.421
415-0	SPK4002	Falling	415	уж	уж	linguistic	_		Begin=474.436
415-1	SPK4002	Falling	415	точно	точно	linguistic	_		End=475.039
416-0	SPK4002	Falling	416	Қашан	Қашан	linguistic	_		Begin=475.382
416-1	SPK4002	Falling	416	айтады	айтады	linguistic	_		
416-2	SPK4002	Falling	416	екен	екен	linguistic	_		
416-3	SPK4002	Falling	416	ол	ол	linguistic	_		
416-4	SPK4002	Falling	416	маған	маған	linguistic	_		End=476.346
417-0	SPK4002	undefined	417	CLICKING_THE_TONGUE	CLICKING_THE_TONGUE	paraverbal	_		Begin=476.382|End=476.791
418-0	SPK4002	undefined	418	Эх	Эх	linguistic	_		Begin=477.456|End=477.899
419-0	SPK4001	Continuing	419	Енді	Енді	linguistic	_		Begin=478.973
419-1	SPK4001	Continuing	419	сендерге	сендерге	linguistic	_		
419-2	SPK4001	Continuing	419	айтқанда:	айтқанда	linguistic	_	Prolongation=7	End=480.167
420-0	SPK4001	Interrupted	420	сендер—	сендер	linguistic	_	Interrupted=Yes	Begin=480.167|End=480.872
421-0	SPK4001	Continuing	421	Мен	Мен	linguistic	_		Begin=481.261
421-1	SPK4001	Continuing	421	уже	уже	linguistic	_		
421-2	SPK4001	Continuing	421	анда	анда	linguistic	_		End=481.838
422-0	SPK4001	Falling	422	бір	бір	linguistic	_		Begin=481.838
422-1	SPK4001	Falling	422	ай	ай	linguistic	_		
422-2	SPK4001	Falling	422	оқып	оқып	linguistic	_		
422-3	SPK4001	Falling	422	отыратын	отыратын	linguistic	_		
422-4	SPK4001	Falling	422	шығармын	шығармын	linguistic	_		End=483.355
423-0	SPK4002	undefined	423	Мхм	Мхм	linguistic	_		Begin=483.310|End=483.873
424-0	SPK4001	Continuing	424	Бір	Бір	linguistic	_		Begin=484.261
424-1	SPK4001	Continuing	424	ай	ай	linguistic	_		
424-2	SPK4001	Continuing	424	жарты	жарты	linguistic	_		
424-3	SPK4001	Continuing	424	ай	ай	linguistic	_		End=484.885
425-0	SPK4001	Falling	425	уже	уже	linguistic	_		Begin=484.885
425-1	SPK4001	Falling	425	анда	анда	linguistic	_		
425-2	SPK4001	Falling	425	боламын	боламын	linguistic	_		End=485.530
426-0	SPK4002	Continuing	426	Сендерде	Сендерде	linguistic	_		Begin=485.496
426-1	SPK4002	Continuing	426	сабақ	сабақ	linguistic	_		
426-2	SPK4002	Continuing	426	не	не	linguistic	_		End=486.194
427-0	SPK4002	Rising	427	августтан	августтан	linguistic	_		Begin=486.194
427-1	SPK4002	Rising	427	басталады	басталады	linguistic	_		
427-2	SPK4002	Rising	427	ма	ма	linguistic	_		
427-3	SPK4002	Rising	427	не	не	linguistic	_		End=487.020
428-0	SPK4001	Continuing	428	Біз	Біз	linguistic	_		Begin=488.265|End=488.903
429-0	SPK4001	Continuing	429	бір	бір	linguistic	_		Begin=489.254|End=489.565
430-0	SPK4001	Continuing	430	апта	апта	linguistic	_		Begin=489.565|End=490.295
431-0	SPK4001	Continuing	431	ана	ана	linguistic	_		Begin=490.778|End=490.979
432-0	SPK4001	Continuing	432	ішін	ішін	linguistic	_		Begin=490.979
432-1	SPK4001	Continuing	432	көрсетеді	көрсетеді	linguistic	_		End=491.979
433-0	SPK4001	Rising	433	емес	емес	linguistic	_		Begin=491.979
433-1	SPK4001	Rising	433	па	па	linguistic	_		End=492.402
434-0	SPK4002	undefined	434	ААА	ААА	linguistic	_		Begin=492.369|End=492.831
435-0	SPK4001	undefined	435	Ugh	Ugh	linguistic	_		Begin=493.429|End=493.953
436-0	SPK4001	Continuing	436	Мына	Мына	linguistic	_		Begin=494.015
436-1	SPK4001	Continuing	436	жерде	жерде	linguistic	_		
436-2	SPK4001	Continuing	436	аптека	аптека	linguistic	_		End=495.174
437-0	SPK4001	Continuing	437	мына	мына	linguistic	_		Begin=495.174
437-1	SPK4001	Continuing	437	жерде	жерде	linguistic	_		End=495.872
438-0	SPK4001	undefined	438	UGH	UGH	linguistic	_		Begin=495.872|End=496.429
439-0	SPK4001	Falling	439	супермаркет	супермаркет	linguistic	_		Begin=496.429|End=497.416
440-0	SPK4001	Continuing	440	Тамақ	Тамақ	linguistic	_		Begin=498.295|End=498.812
441-0	SPK4001	Continuing	441	ішкің	ішкің	linguistic	_		Begin=499.429
441-1	SPK4001	Continuing	441	келсе	келсе	linguistic	_		End=500.208
442-0	SPK4001	Continuing	442	ішуіңе	ішуіңе	linguistic	_		Begin=500.208
442-1	SPK4001	Continuing	442	болады	болады	linguistic	_		End=501.100
443-0	SPK4001	Falling	443	сатып	сатып	linguistic	_		Begin=501.100
443-1	SPK4001	Falling	443	алып	алып	linguistic	_		End=501.744
444-0	SPK4001	undefined	444	UGH	UGH	linguistic	_		Begin=502.566|End=503.327
445-0	SPK4001	Continuing	445	Кіріңді	Кіріңді	linguistic	_		Begin=503.337
445-1	SPK4001	Continuing	445	мында	мында	linguistic	_		
445-2	SPK4001	Continuing	445	жуасың	жуасың	linguistic	_		End=504.525
446-0	SPK4001	Continuing	446	дейтін	дейтін	linguistic	_		Begin=504.525
446-1	SPK4001	Continuing	446	сияқты	сияқты	linguistic	_		End=505.100
447-0	SPK4001	Falling	447	бәрін	бәрін	linguistic	_		Begin=505.105
447-1	SPK4001	Falling	447	таныстырады	таныстырады	linguistic	_		
447-2	SPK4001	Falling	447	ғой	ғой	linguistic	_		End=506.328
448-0	SPK4002	undefined	448	@(Hx)	@(Hx)	paraverbal	_		Begin=506.120|End=506.402
449-0	SPK4002	Falling	449	Кіріңді	Кіріңді	linguistic	_		Begin=506.442|End=506.986
450-0	SPK4001	Falling	450	иә	иә	linguistic	_		Begin=507.442
450-1	SPK4001	Falling	450	иә	иә	linguistic	_		End=508.187
451-0	SPK4002	undefined	451	@@@@	@@@@	paraverbal	_		Begin=508.167|End=508.803
452-0	SPK4002	undefined	452	UGH	UGH	linguistic	_		Begin=510.657|End=511.087
453-0	SPK4002	Continuing	453	Күшті	Күшті	linguistic	_		Begin=511.087
453-1	SPK4002	Continuing	453	сендерде	сендерде	linguistic	_		End=512.030
454-0	SPK4002	Falling	454	көрсетеді	көрсетеді	linguistic	_		Begin=512.030|End=512.630
455-0	SPK4002	Continuing	455	Бізде	Бізде	linguistic	_		Begin=512.630
455-1	SPK4002	Continuing	455	дым	дым	linguistic	_		
455-2	SPK4002	Continuing	455	жоқ	жоқ	linguistic	_		End=513.624
456-0	SPK4002	Falling	456	как	как	linguistic	_		Begin=514.255
456-1	SPK4002	Falling	456	рыба	рыба	linguistic	_		
456-2	SPK4002	Falling	456	в	в	linguistic	_		
456-3	SPK4002	Falling	456	океане	океане	linguistic	_		End=515.838
457-0	SPK4002	Continuing	457	Қайда	Қайда	linguistic	_		Begin=515.845
457-1	SPK4002	Continuing	457	барасың	барасың	linguistic	_		End=516.953
458-0	SPK4002	Falling	458	бәрібір	бәрібір	linguistic	_		Begin=516.966|End=517.523
459-0	SPK4002	Falling	459	Өтірік	Өтірік	linguistic	_		Begin=517.919
459-1	SPK4002	Falling	459	сұрайсың	сұрайсың	linguistic	_		
459-2	SPK4002	Falling	459	бәрін	бәрін	linguistic	_		End=518.871
460-0	SPK4001	undefined	460	H)	H)	paraverbal	_		Begin=518.981|End=519.296
461-0	SPK4002	Continuing	461	Деканатты	Деканатты	linguistic	_		Begin=519.308|End=519.698
462-0	SPK4002	Continuing	462	кстати	кстати	linguistic	_		Begin=519.698|End=520.090
463-0	SPK4002	Falling	463	іздемей	іздемей	linguistic	_		Begin=520.090
463-1	SPK4002	Falling	463	ит	ит	linguistic	_		
463-2	SPK4002	Falling	463	болдым	болдым	linguistic	_		
463-3	SPK4002	Falling	463	ғой	ғой	linguistic	_		End=521.349
464-0	SPK4002	Continuing	464	В	В	linguistic	_		Begin=522.179
464-1	SPK4002	Continuing	464	какой	какой	linguistic	_		
464-2	SPK4002	Continuing	464	то	то	linguistic	_		
464-3	SPK4002	Continuing	464	момент	момент	linguistic	_		End=522.698
465-0	SPK4002	Falling	465	бір	бір	linguistic	_		Begin=522.704
465-1	SPK4002	Falling	465	қыз	қыз	linguistic	_		
465-2	SPK4002	Falling	465	айтты	айтты	linguistic	_		End=523.181
466-0	SPK4002	Continuing	466	и	и	linguistic	_		Begin=523.181
466-1	SPK4002	Continuing	466	төртінші	төртінші	linguistic	_		
466-2	SPK4002	Continuing	466	этаж	этаж	linguistic	_		End=523.895
467-0	SPK4002	Continuing	467	төрт	төрт	linguistic	_		Begin=523.895
467-1	SPK4002	Continuing	467	жүз	жүз	linguistic	_		
467-2	SPK4002	Continuing	467	он	он	linguistic	_		
467-3	SPK4002	Continuing	467	бес	бес	linguistic	_		
467-4	SPK4002	Continuing	467	дейді	дейді	linguistic	_		
467-5	SPK4002	Continuing	467	ма	ма	linguistic	_		End=524.645
468-0	SPK4002	Falling	468	бірдеңе	бірдеңе	linguistic	_		Begin=524.645
468-1	SPK4002	Falling	468	дейді	дейді	linguistic	_		End=525.140
469-0	SPK4002	Continuing	469	Ма	Ма	linguistic	_		Begin=525.147
469-1	SPK4002	Continuing	469	барып	барып	linguistic	_		
469-2	SPK4002	Continuing	469	келсең	келсең	linguistic	_		End=525.872
470-0	SPK4002	Falling	470	ана	ана	linguistic	_		Begin=525.872
470-1	SPK4002	Falling	470	филологический	филологический	linguistic	_		
470-2	SPK4002	Falling	470	деканат	деканат	linguistic	_		
470-3	SPK4002	Falling	470	дейді	дейді	linguistic	_		End=527.315
471-0	SPK4001	undefined	471	@@@	@@@	paraverbal	_		Begin=526.637|End=527.583
472-0	SPK4002	undefined	472	Құрғыр	Құрғыр	linguistic	_		Begin=527.332|End=528.274
473-0	SPK4002	Falling	473	Сонда	Сонда	linguistic	_		Begin=529.322
473-1	SPK4002	Falling	473	сұрамаймын	сұрамаймын	linguistic	_		
473-2	SPK4002	Falling	473	қай	қай	linguistic	_		
473-3	SPK4002	Falling	473	факультет	факультет	linguistic	_		End=531.114
474-0	SPK4002	Continuing	474	Ойлап:	Ойлап	linguistic	_	Prolongation=4	Begin=531.308
474-1	SPK4002	Continuing	474	қалған	қалған	linguistic	_		
474-2	SPK4002	Continuing	474	болатынмын	болатынмын	linguistic	_		End=532.140
475-0	SPK4002	Continuing	475	мен	мен	linguistic	_		Begin=532.140
475-1	SPK4002	Continuing	475	де	де	linguistic	_		
475-2	SPK4002	Continuing	475	филологпын	филологпын	linguistic	_		End=532.919
476-0	SPK4002	Falling	476	бірдеме	бірдеме	linguistic	_		Begin=532.919
476-1	SPK4002	Falling	476	бірдемемін	бірдемемін	linguistic	_		
476-2	SPK4002	Falling	476	деп	деп	linguistic	_		End=534.181
477-0	SPK4002	Continuing	477	Бә	Бә	linguistic	_		Begin=534.994|End=535.555
478-0	SPK4002	Rising	478	неше	неше	linguistic	_		Begin=539.671
478-1	SPK4002	Rising	478	минут	минут	linguistic	_		
478-2	SPK4002	Rising	478	болды	болды	linguistic	_		End=540.879
479-0	SPK4001	Continuing	479	¬Дина	Дина	linguistic	_	Anonymized=Yes	Begin=547.791
479-1	SPK4001	Continuing	479	сонда	сонда	linguistic	_		End=548.865
480-0	SPK4001	Rising	480	бүгін	бүгін	linguistic	_		Begin=548.865
480-1	SPK4001	Rising	480	отырып	отырып	linguistic	_		
480-2	SPK4001	Rising	480	отыр	отыр	linguistic	_		
480-3	SPK4001	Rising	480	да	да	linguistic	_		
480-4	SPK4001	Rising	480	уже	уже	linguistic	_		End=550.255
481-0	SPK4002	Falling	481	Бүгін	Бүгін	linguistic	_		Begin=550.738
481-1	SPK4002	Falling	481	иә	иә	linguistic	_		End=551.234
482-0	SPK4001	Continuing	482	Бүгін	Бүгін	linguistic	_		Begin=552.467
482-1	SPK4001	Continuing	482	кешке	кешке	linguistic	_		
482-2	SPK4001	Continuing	482	ма	ма	linguistic	_		End=553.278
483-0	SPK4001	Rising	483	қашан	қашан	linguistic	_		Begin=553.382|End=553.798
484-0	SPK4002	Falling	484	иә	иә	linguistic	_		Begin=554.013
484-1	SPK4002	Falling	484	кешке	кешке	linguistic	_		End=554.818
485-0	SPK4001	undefined	485	МММ	МММ	linguistic	_		Begin=555.677|End=556.214
486-0	SPK4001	Falling	486	Негізі	Негізі	linguistic	_		Begin=558.396
486-1	SPK4001	Falling	486	шаршатады	шаршатады	linguistic	_		End=559.201
487-0	SPK4001	Interrupted	487	Пойыз—	Пойыз	linguistic	_	Interrupted=Yes	Begin=560.053|End=560.496
488-0	SPK4001	Continuing	488	Пойыздың	Пойыздың	linguistic	_		Begin=560.496
488-1	SPK4001	Continuing	488	өзі	өзі	linguistic	_		
488-2	SPK4001	Continuing	488	емес	емес	linguistic	_		
488-3	SPK4001	Continuing	488	те	те	linguistic	_		End=561.563
489-0	SPK4001	Continuing	489	былай	былай	linguistic	_		Begin=562.214|End=562.879
490-0	SPK4001	Continuing	490	бір	бір	linguistic	_		Begin=563.543
490-1	SPK4001	Continuing	490	барып	барып	linguistic	_		End=564.208
491-0	SPK4001	Falling	491	бір	бір	linguistic	_		Begin=564.208
491-1	SPK4001	Falling	491	келіп	келіп	linguistic	_		End=565.006
492-0	SPK4002	Falling	492	Өтетін	Өтетін	linguistic	_		Begin=565.369
492-1	SPK4002	Falling	492	уақыты	уақыты	linguistic	_		
492-2	SPK4002	Falling	492	дейсің	дейсің	linguistic	_		End=566.322
493-0	SPK4001	Continuing	493	Сосын	Сосын	linguistic	_		Begin=566.447
493-1	SPK4001	Continuing	493	анда	анда	linguistic	_		
493-2	SPK4001	Continuing	493	дейтін	дейтін	linguistic	_		End=567.094
494-0	SPK4001	Continuing	494	оның	оның	linguistic	_		Begin=567.094
494-1	SPK4001	Continuing	494	барғаны	барғаны	linguistic	_		End=568.234
495-0	SPK4001	Falling	495	кәдімгідей	кәдімгідей	linguistic	_		Begin=568.395
495-1	SPK4001	Falling	495	демалыс	демалыс	linguistic	_		
495-2	SPK4001	Falling	495	болған	болған	linguistic	_		
495-3	SPK4001	Falling	495	жоқ	жоқ	linguistic	_		
495-4	SPK4001	Falling	495	қой	қой	linguistic	_		
495-5	SPK4001	Falling	495	оған	оған	linguistic	_		End=570.315
496-0	SPK4002	Falling	496	иә	иә	linguistic	_		Begin=570.617|End=571.187
497-0	SPK4001	Continuing	497	Ауырды:	Ауырды	linguistic	_	Prolongation=5	Begin=570.665|End=571.818
498-0	SPK4002	Continuing	498	Ауырды	Ауырды	linguistic	_		Begin=572.087
498-1	SPK4002	Continuing	498	сосын	сосын	linguistic	_		End=573.161
499-0	SPK4002	Falling	499	біз	біз	linguistic	_		Begin=573.177
499-1	SPK4002	Falling	499	болған	болған	linguistic	_		
499-2	SPK4002	Falling	499	жоқпыз	жоқпыз	linguistic	_		
499-3	SPK4002	Falling	499	қасында	қасында	linguistic	_		End=574.261
500-0	SPK4002	Continuing	500	Ну	Ну	linguistic	_		Begin=574.261
500-1	SPK4002	Continuing	500	имею	имею	linguistic	_		
500-2	SPK4002	Continuing	500	ввиду	ввиду	linguistic	_		End=574.959
501-0	SPK4002	Falling	501	ровесниктан	ровесниктан	linguistic	_		Begin=574.959
501-1	SPK4002	Falling	501	біреу	біреу	linguistic	_		End=576.144
502-0	SPK4001	Continuing	502	Сосын	Сосын	linguistic	_		Begin=576.899|End=577.312
503-0	SPK4001	Interrupted	503	апам—	апам	linguistic	_	Interrupted=Yes	Begin=577.559|End=578.401
504-0	SPK4001	Falling	504	Апасы	Апасы	linguistic	_		Begin=579.528
504-1	SPK4001	Falling	504	ұнамады:	ұнамады	linguistic	_	Prolongation=6	End=580.555
505-0	SPK4001	Continuing	505	Сиыспады	Сиыспады	linguistic	_		Begin=580.908
505-1	SPK4001	Continuing	505	ма	ма	linguistic	_		End=581.624
506-0	SPK4001	Falling	506	сондай	сондай	linguistic	_		Begin=581.637
506-1	SPK4001	Falling	506	болды	болды	linguistic	_		
506-2	SPK4001	Falling	506	ғой	ғой	linguistic	_		End=582.308
507-0	SPK4002	Rising	507	Да	Да	linguistic	_		Begin=582.275|End=582.590
508-0	SPK4002	Falling	508	Наоборот	Наоборот	linguistic	_		Begin=582.610
508-1	SPK4002	Falling	508	айтып	айтып	linguistic	_		
508-2	SPK4002	Falling	508	еді	еді	linguistic	_		
508-3	SPK4002	Falling	508	ғой	ғой	linguistic	_		End=583.505
509-0	SPK4002	Continuing	509	Мынау	Мынау	linguistic	_		Begin=583.515
509-1	SPK4002	Continuing	509	мен	мен	linguistic	_		
509-2	SPK4002	Continuing	509	апам	апам	linguistic	_		End=584.221
510-0	SPK4002	Continuing	510	типо	типо	linguistic	_		Begin=584.221
510-1	SPK4002	Continuing	510	которая	которая	linguistic	_		End=584.771
511-0	SPK4002	Interrupted	511	не—	не	linguistic	_	Interrupted=Yes	Begin=585.140|End=585.510
512-0	SPK4001	Falling	512	Жоқ	Жоқ	linguistic	_		Begin=585.493|End=585.766
513-0	SPK4001	Interrupted	513	Барған	Барған	linguistic	_		Begin=585.892
513-1	SPK4001	Interrupted	513	апасы	апасы	linguistic	_		
513-2	SPK4001	Interrupted	513	емес—	емес	linguistic	_	Interrupted=Yes	End=586.690
514-0	SPK4001	Continuing	514	сондай	сондай	linguistic	_		Begin=586.700|End=587.174
515-0	SPK4002	undefined	515	AAA	AAA	linguistic	_		Begin=586.713|End=587.009
516-0	SPK4001	Falling	516	тұра	тұра	linguistic	_		Begin=587.205
516-1	SPK4001	Falling	516	тұрған	тұрған	linguistic	_		End=587.791
517-0	SPK4002	Rising	517	Алматыдағы	Алматыдағы	linguistic	_		Begin=587.234
517-1	SPK4002	Rising	517	ма	ма	linguistic	_		End=588.154
518-0	SPK4001	Falling	518	иә	иә	linguistic	_		Begin=588.000
518-1	SPK4001	Falling	518	Алматыдағы	Алматыдағы	linguistic	_		
518-2	SPK4001	Falling	518	апасы	апасы	linguistic	_		End=589.194
519-0	SPK4002	Falling	519	иә	иә	linguistic	_		Begin=588.154
519-1	SPK4002	Falling	519	иә	иә	linguistic	_		
519-2	SPK4002	Falling	519	иә	иә	linguistic	_		End=588.825
520-0	SPK4001	Continuing	520	Барғанда	Барғанда	linguistic	_		Begin=590.449
520-1	SPK4001	Continuing	520	сол	сол	linguistic	_		
520-2	SPK4001	Continuing	520	ғой	ғой	linguistic	_		End=591.489
521-0	SPK4001	Continuing	521	тиісе	тиісе	linguistic	_		Begin=592.267
521-1	SPK4001	Continuing	521	тиісе	тиісе	linguistic	_		
521-2	SPK4001	Continuing	521	береді	береді	linguistic	_		
521-3	SPK4001	Continuing	521	қасқа	қасқа	linguistic	_		End=593.577
522-0	SPK4001	Continuing	522	Мен:	Мен	linguistic	_	Prolongation=2	Begin=595.436|End=595.879
523-0	SPK4001	Continuing	523	шыдамас	шыдамас	linguistic	_		Begin=595.879
523-1	SPK4001	Continuing	523	едім	едім	linguistic	_		End=596.456
524-0	SPK4001	Falling	524	бар	бар	linguistic	_		Begin=596.456
524-1	SPK4001	Falling	524	ғой	ғой	linguistic	_		
524-2	SPK4001	Falling	524	негізі	негізі	linguistic	_		End=597.201
525-0	SPK4002	Falling	525	Личные	Личные	linguistic	_		Begin=597.542
525-1	SPK4002	Falling	525	границы	границы	linguistic	_		End=598.745
526-0	SPK4001	Falling	526	иә	иә	linguistic	_		Begin=599.469|End=599.872
527-0	SPK4002	Continuing	527	Менде	Менде	linguistic	_		Begin=600.348
527-1	SPK4002	Continuing	527	маманың	маманың	linguistic	_		End=601.115
528-0	SPK4002	Continuing	528	туған	туған	linguistic	_		Begin=601.510
528-1	SPK4002	Continuing	528	апасы	апасы	linguistic	_		
528-2	SPK4002	Continuing	528	бар	бар	linguistic	_		End=602.240
529-0	SPK4002	Falling	529	үлкен	үлкен	linguistic	_		Begin=602.250|End=602.698
530-0	SPK4002	Falling	530	Бірнеше	Бірнеше	linguistic	_		Begin=602.798
530-1	SPK4002	Falling	530	жасқа	жасқа	linguistic	_		
530-2	SPK4002	Falling	530	үлкен	үлкен	linguistic	_		End=603.791
531-0	SPK4002	Continuing	531	Сонымен	Сонымен	linguistic	_		Begin=604.301
531-1	SPK4002	Continuing	531	бір	бір	linguistic	_		
531-2	SPK4002	Continuing	531	кездері	кездері	linguistic	_		End=605.080
532-0	SPK4002	Falling	532	Питерға	Питерға	linguistic	_		Begin=605.080
532-1	SPK4002	Falling	532	бардық	бардық	linguistic	_		
532-2	SPK4002	Falling	532	қой	қой	linguistic	_		End=606.059
533-0	SPK4002	Continuing	533	Мә	Мә	linguistic	_		Begin=606.335
533-1	SPK4002	Continuing	533	жаман	жаман	linguistic	_		
533-2	SPK4002	Continuing	533	қырылыстым	қырылыстым	linguistic	_		End=607.026
534-0	SPK4002	Falling	534	бар	бар	linguistic	_		Begin=607.026
534-1	SPK4002	Falling	534	ғой	ғой	linguistic	_		End=607.369
535-0	SPK4002	Falling	535	Конечно	Конечно	linguistic	_		Begin=607.899
535-1	SPK4002	Falling	535	прям	прям	linguistic	_		
535-2	SPK4002	Falling	535	кәдімгідей	кәдімгідей	linguistic	_		
535-3	SPK4002	Falling	535	қырылыспайсың	қырылыспайсың	linguistic	_		End=609.308
536-0	SPK4001	Falling	536	иә	иә	linguistic	_		Begin=609.378
536-1	SPK4001	Falling	536	иә	иә	linguistic	_		End=610.068
537-0	SPK4002	Continuing	537	Но	Но	linguistic	_		Begin=609.647
537-1	SPK4002	Continuing	537	бірақ	бірақ	linguistic	_		
537-2	SPK4002	Continuing	537	андай	андай	linguistic	_		End=610.476
538-0	SPK4002	undefined	538	(H)	(H)	_	_		Begin=610.505|End=610.850
539-0	SPK4002	Continuing	539	бірдеңе	бірдеңе	linguistic	_		Begin=610.928
539-1	SPK4002	Continuing	539	десе	десе	linguistic	_		End=611.704
540-0	SPK4002	Continuing	540	мен	мен	linguistic	_		Begin=611.724|End=612.073
541-0	SPK4002	Continuing	541	сразу	сразу	linguistic	_		Begin=612.073|End=612.563
542-0	SPK4002	Falling	542	істемеймін	істемеймін	linguistic	_		Begin=612.570|End=613.107
543-0	SPK4002	Falling	543	Бөйткен	Бөйткен	linguistic	_		Begin=613.107
543-1	SPK4002	Falling	543	сөйткен:	сөйткен	linguistic	_	Prolongation=6	
543-2	SPK4002	Falling	543	деп	деп	linguistic	_		
543-3	SPK4002	Falling	543	шығамын	шығамын	linguistic	_		End=614.409
544-0	SPK4001	Continuing	544	Енді	Енді	linguistic	_		Begin=614.483|End=614.704
545-0	SPK4001	Continuing	545	сүмірейіп	сүмірейіп	linguistic	_		Begin=614.751|End=615.322
546-0	SPK4001	Falling	546	жүре	жүре	linguistic	_		Begin=615.322
546-1	SPK4001	Falling	546	бергеннен	бергеннен	linguistic	_		
546-2	SPK4001	Falling	546	жақсы	жақсы	linguistic	_		
546-3	SPK4001	Falling	546	ғой	ғой	linguistic	_		End=616.612
547-0	SPK4002	Falling	547	Айтпашы	Айтпашы	linguistic	_		Begin=616.429|End=616.953
548-0	SPK4002	Continuing	548	Одан	Одан	linguistic	_		Begin=617.456
548-1	SPK4002	Continuing	548	сайын	сайын	linguistic	_		
548-2	SPK4002	Continuing	548	кетіп	кетіп	linguistic	_		
548-3	SPK4002	Continuing	548	қалады	қалады	linguistic	_		
548-4	SPK4002	Continuing	548	ғой	ғой	linguistic	_		End=618.265
549-0	SPK4002	Falling	549	сосын	сосын	linguistic	_		Begin=618.265|End=618.543
550-0	SPK4001	Continuing	550	Сосын	Сосын	linguistic	_		Begin=619.496|End=619.966
551-0	SPK4001	Continuing	551	туысқан	туысқан	linguistic	_		Begin=620.154
551-1	SPK4001	Continuing	551	ғой	ғой	linguistic	_		
551-2	SPK4001	Continuing	551	енді	енді	linguistic	_		End=621.255
552-0	SPK4001	Continuing	552	не	не	linguistic	_		Begin=621.456
552-1	SPK4001	Continuing	552	айтсаң	айтсаң	linguistic	_		
552-2	SPK4001	Continuing	552	да	да	linguistic	_		End=622.268
553-0	SPK4002	undefined	553	###	###	unknown	_		Begin=623.181|End=623.489
554-0	SPK4001	Falling	554	қабылдайды	қабылдайды	linguistic	_		Begin=623.268
554-1	SPK4001	Falling	554	ғой	ғой	linguistic	_		End=624.101
555-0	SPK4002	Continuing	555	иә	иә	linguistic	_		Begin=623.973|End=624.147
556-0	SPK4002	Continuing	556	бәрібір	бәрібір	linguistic	_		Begin=624.147|End=624.731
557-0	SPK4002	Falling	557	не	не	linguistic	_		Begin=624.731
557-1	SPK4002	Falling	557	істейсіңдер	істейсіңдер	linguistic	_		
557-2	SPK4002	Falling	557	ғой	ғой	linguistic	_		End=625.463
558-0	SPK4001	Continuing	558	Мысалы	Мысалы	linguistic	_		Begin=625.966|End=626.228
559-0	SPK4001	Interrupted	559	таныс	таныс	linguistic	_		Begin=626.241
559-1	SPK4001	Interrupted	559	емес	емес	linguistic	_		
559-2	SPK4001	Interrupted	559	адам	адам	linguistic	_		
559-3	SPK4001	Interrupted	559	болса—	болса	linguistic	_	Interrupted=Yes	End=627.371
560-0	SPK4002	Falling	560	Бір	Бір	linguistic	_		Begin=627.899
560-1	SPK4002	Falling	560	жөн	жөн	linguistic	_		End=628.399
561-0	SPK4001	Falling	561	иә	иә	linguistic	_		Begin=628.657|End=629.127
562-0	SPK4001	Continuing	562	Неге	Неге	linguistic	_		Begin=630.151
562-1	SPK4001	Continuing	562	маған	маған	linguistic	_		
562-2	SPK4001	Continuing	562	олай	олай	linguistic	_		End=631.047
563-0	SPK4001	Continuing	563	сөйлейсің:	сөйлейсің	linguistic	_	Prolongation=8	Begin=631.047|End=631.751
564-0	SPK4001	Falling	564	деп	деп	linguistic	_		Begin=631.751|End=631.912
565-0	SPK4001	Continuing	565	Неге	Неге	linguistic	_		Begin=632.725
565-1	SPK4001	Continuing	565	маған	маған	linguistic	_		
565-2	SPK4001	Continuing	565	олай	олай	linguistic	_		
565-3	SPK4001	Continuing	565	жауап	жауап	linguistic	_		
565-4	SPK4001	Continuing	565	қайтарасың:	қайтарасың	linguistic	_	Prolongation=9	End=633.805
566-0	SPK4001	Falling	566	деп	деп	linguistic	_		Begin=633.805|End=634.230
567-0	SPK4001	Continuing	567	Мысалы	Мысалы	linguistic	_		Begin=635.053|End=635.396
568-0	SPK4001	Falling	568	сөйлеспей	сөйлеспей	linguistic	_		Begin=635.440
568-1	SPK4001	Falling	568	қалуы	қалуы	linguistic	_		
568-2	SPK4001	Falling	568	мүмкін	мүмкін	linguistic	_		End=636.330
569-0	SPK4001	Continuing	569	А	А	linguistic	_		Begin=636.469
569-1	SPK4001	Continuing	569	туысқан	туысқан	linguistic	_		
569-2	SPK4001	Continuing	569	болса	болса	linguistic	_		
569-3	SPK4001	Continuing	569	енді	енді	linguistic	_		End=637.487
570-0	SPK4001	Continuing	570	уже	уже	linguistic	_		Begin=639.073|End=639.308
571-0	SPK4001	Continuing	571	қанмен	қанмен	linguistic	_		Begin=639.308|End=640.120
572-0	SPK4001	Continuing	572	байланысып	байланысып	linguistic	_		Begin=640.120
572-1	SPK4001	Continuing	572	тұрған	тұрған	linguistic	_		
572-2	SPK4001	Continuing	572	адамсың	адамсың	linguistic	_		End=641.622
573-0	SPK4001	Continuing	573	қашып	қашып	linguistic	_		Begin=641.651
573-1	SPK4001	Continuing	573	кете	кете	linguistic	_		
573-2	SPK4001	Continuing	573	алмайды	алмайды	linguistic	_		
573-3	SPK4001	Continuing	573	сенен	сенен	linguistic	_		End=642.402
574-0	SPK4001	Falling	574	бәрібір	бәрібір	linguistic	_		Begin=642.402|End=643.280
575-0	SPK4001	undefined	575	UGH	UGH	linguistic	_		Begin=645.778|End=646.288
576-0	SPK4001	Continuing	576	Ақтөбеге	Ақтөбеге	linguistic	_		Begin=646.361
576-1	SPK4001	Continuing	576	бар	бар	linguistic	_		
576-2	SPK4001	Continuing	576	ғой	ғой	linguistic	_		End=647.466
577-0	SPK4002	undefined	577	МХМ	МХМ	linguistic	_		Begin=647.724|End=648.181
578-0	SPK4001	Interrupted	578	оған	оған	linguistic	_		Begin=649.074
578-1	SPK4001	Interrupted	578	дейін—	дейін	linguistic	_	Interrupted=Yes	End=649.729
579-0	SPK4002	Rising	579	Неше	Неше	linguistic	_		Begin=649.114
579-1	SPK4002	Rising	579	теңге	теңге	linguistic	_		
579-2	SPK4002	Rising	579	аламыз	аламыз	linguistic	_		End=649.831
580-0	SPK4001	Rising	580	Қанша	Қанша	linguistic	_		Begin=651.662|End=652.224
581-0	SPK4001	Rising	581	Аквапаркқа	Аквапаркқа	linguistic	_		Begin=653.653
581-1	SPK4001	Rising	581	қанша	қанша	linguistic	_		
581-2	SPK4001	Rising	581	екен	екен	linguistic	_		End=654.628
582-0	SPK4002	Continuing	582	Мен	Мен	linguistic	_		Begin=655.912
582-1	SPK4002	Continuing	582	осы	осы	linguistic	_		End=656.349
583-0	SPK4001	Falling	583	Билеті	Билеті	linguistic	_		Begin=656.174|End=656.758
584-0	SPK4002	Falling	584	недавно	недавно	linguistic	_		Begin=657.208
584-1	SPK4002	Falling	584	қарап	қарап	linguistic	_		
584-2	SPK4002	Falling	584	едім	едім	linguistic	_		End=658.055
585-0	SPK4002	Continuing	585	Билетін	Билетін	linguistic	_		Begin=658.194
585-1	SPK4002	Continuing	585	білмеймін	білмеймін	linguistic	_		
585-2	SPK4002	Continuing	585	сол	сол	linguistic	_		End=659.154
586-0	SPK4002	Continuing	586	сұрау	сұрау	linguistic	_		Begin=659.154
586-1	SPK4002	Continuing	586	керек	керек	linguistic	_		
586-2	SPK4002	Continuing	586	еді	еді	linguistic	_		End=660.000
587-0	SPK4002	Falling	587	қарау	қарау	linguistic	_		Begin=660.000
587-1	SPK4002	Falling	587	керек	керек	linguistic	_		
587-2	SPK4002	Falling	587	еді	еді	linguistic	_		End=660.704
588-0	SPK4001	Interrupted	588	Сол—	Сол	linguistic	_	Interrupted=Yes	Begin=661.181|End=661.506
589-0	SPK4001	undefined	589	ААА	ААА	linguistic	_		Begin=661.711|End=662.087
590-0	SPK4001	Falling	590	А	А	linguistic	_		Begin=662.782
590-1	SPK4001	Falling	590	жоқ	жоқ	linguistic	_		End=663.207
591-0	SPK4001	Continuing	591	¬Жанна	Жанна	linguistic	_	Anonymized=Yes	Begin=665.214
591-1	SPK4001	Continuing	591	бар	бар	linguistic	_		
591-2	SPK4001	Continuing	591	ғой	ғой	linguistic	_		
591-3	SPK4001	Continuing	591	жаңағы	жаңағы	linguistic	_		End=666.362
592-0	SPK4001	Rising	592	досым	досым	linguistic	_		Begin=669.610
592-1	SPK4001	Rising	592	жаңағы	жаңағы	linguistic	_		End=670.368
593-0	SPK4002	Falling	593	Ұйықтап	Ұйықтап	linguistic	_		Begin=670.211
593-1	SPK4002	Falling	593	отырмын	отырмын	linguistic	_		End=670.727
594-0	SPK4001	Continuing	594	Ол	Ол	linguistic	_		Begin=672.677
594-1	SPK4001	Continuing	594	дейтін:	дейтін	linguistic	_	Prolongation=5	End=673.699
595-0	SPK4001	Continuing	595	Ақтауға	Ақтауға	linguistic	_		Begin=673.771
595-1	SPK4001	Continuing	595	барғанда	барғанда	linguistic	_		End=674.651
596-0	SPK4001	Continuing	596	анда	анда	linguistic	_		Begin=674.664|End=674.946
597-0	SPK4001	Falling	597	паркке	паркке	linguistic	_		Begin=675.981
597-1	SPK4001	Falling	597	барған	барған	linguistic	_		End=676.893
598-0	SPK4002	undefined	598	Мхм	Мхм	linguistic	_		Begin=677.047|End=677.316
599-0	SPK4001	Continuing	599	Алматыдағы	Алматыдағы	linguistic	_		Begin=677.792
599-1	SPK4001	Continuing	599	сияқты	сияқты	linguistic	_		End=678.521
600-0	SPK4001	Continuing	600	бірақ	бірақ	linguistic	_		Begin=678.543
600-1	SPK4001	Continuing	600	та	та	linguistic	_		
600-2	SPK4001	Continuing	600	анда	анда	linguistic	_		End=679.355
601-0	SPK4001	Falling	601	суы	суы	linguistic	_		Begin=679.456
601-1	SPK4001	Falling	601	бар	бар	linguistic	_		End=680.107
602-0	SPK4002	undefined	602	Мхм	Мхм	linguistic	_		Begin=680.751|End=681.082
603-0	SPK4001	undefined	603	UGH	UGH	linguistic	_		Begin=681.890|End=682.412
604-0	SPK4001	Falling	604	Жақсырақ	Жақсырақ	linguistic	_		Begin=683.557
604-1	SPK4001	Falling	604	сияқты	сияқты	linguistic	_		
604-2	SPK4001	Falling	604	даже	даже	linguistic	_		End=684.751
605-0	SPK4002	Continuing	605	Жап	Жап	linguistic	_		Begin=684.885
605-1	SPK4002	Continuing	605	жақсырақ	жақсырақ	linguistic	_		End=685.637
606-0	SPK4001	Falling	606	Парк	Парк	linguistic	_		Begin=685.983
606-1	SPK4001	Falling	606	парк	парк	linguistic	_		End=686.357
607-0	SPK4002	Rising	607	Ақтау	Ақтау	linguistic	_		Begin=685.986
607-1	SPK4002	Rising	607	ма	ма	linguistic	_		End=686.369
608-0	SPK4001	Falling	608	Ақтау	Ақтау	linguistic	_		Begin=686.581|End=687.167
609-0	SPK4001	Falling	609	Ақтаудағы	Ақтаудағы	linguistic	_		Begin=687.349
609-1	SPK4001	Falling	609	парк	парк	linguistic	_		End=687.926
610-0	SPK4001	Continuing	610	Парк	Парк	linguistic	_		Begin=687.946
610-1	SPK4001	Continuing	610	#	#	unknown	_		End=688.416
611-0	SPK4001	Falling	611	развлечения	развлечения	linguistic	_		Begin=688.416|End=689.080
612-0	SPK4001	undefined	612	(H)	(H)	_	_		Begin=689.228|End=689.496
613-0	SPK4001	undefined	613	Ugh	Ugh	linguistic	_		Begin=689.839|End=690.340
614-0	SPK4002	Continuing	614	Ақтауға	Ақтауға	linguistic	_		Begin=690.207
614-1	SPK4002	Continuing	614	барып	барып	linguistic	_		
614-2	SPK4002	Continuing	614	келу	келу	linguistic	_		End=690.900
615-0	SPK4002	Continuing	615	өзі:	өзі	linguistic	_	Prolongation=2	Begin=690.900|End=691.120
616-0	SPK4002	Falling	616	не	не	linguistic	_		Begin=691.789
616-1	SPK4002	Falling	616	ғой	ғой	linguistic	_		End=692.225
617-0	SPK4001	Falling	617	иә	иә	linguistic	_		Begin=692.415|End=692.731
618-0	SPK4001	Continuing	618	Вот	Вот	linguistic	_		Begin=693.241|End=693.695
619-0	SPK4001	Falling	619	сол	сол	linguistic	_		Begin=693.758
619-1	SPK4001	Falling	619	он	он	linguistic	_		
619-2	SPK4001	Falling	619	бір	бір	linguistic	_		
619-3	SPK4001	Falling	619	мың	мың	linguistic	_		
619-4	SPK4001	Falling	619	болды	болды	linguistic	_		
619-5	SPK4001	Falling	619	деді	деді	linguistic	_		End=694.966
620-0	SPK4001	Continuing	620	Он	Он	linguistic	_		Begin=695.160
620-1	SPK4001	Continuing	620	бір	бір	linguistic	_		
620-2	SPK4001	Continuing	620	мың	мың	linguistic	_		
620-3	SPK4001	Continuing	620	ма	ма	linguistic	_		End=695.595
621-0	SPK4001	Continuing	621	он	он	linguistic	_		Begin=695.595
621-1	SPK4001	Continuing	621	екі	екі	linguistic	_		
621-2	SPK4001	Continuing	621	мың	мың	linguistic	_		
621-3	SPK4001	Continuing	621	ба	ба	linguistic	_		End=696.429
622-0	SPK4001	Falling	622	кіруі	кіруі	linguistic	_		Begin=697.114|End=697.510
623-0	SPK4001	Falling	623	Біз	Біз	linguistic	_		Begin=697.823
623-1	SPK4001	Falling	623	бес	бес	linguistic	_		
623-2	SPK4001	Falling	623	мың	мың	linguistic	_		
623-3	SPK4001	Falling	623	төледік	төледік	linguistic	_		End=698.587
624-0	SPK4001	Falling	624	Ол	Ол	linguistic	_		Begin=698.604
624-1	SPK4001	Falling	624	олар	олар	linguistic	_		
624-2	SPK4001	Falling	624	оң	оң	linguistic	_		
624-3	SPK4001	Falling	624	бір	бір	linguistic	_		
624-4	SPK4001	Falling	624	мың	мың	linguistic	_		
624-5	SPK4001	Falling	624	төлеген	төлеген	linguistic	_		End=699.590
625-0	SPK4001	Continuing	625	Бірақ	Бірақ	linguistic	_		Begin=700.446
625-1	SPK4001	Continuing	625	сол	сол	linguistic	_		
625-2	SPK4001	Continuing	625	ақшасы	ақшасы	linguistic	_		End=701.365
626-0	SPK4001	Falling	626	кәдімгі	кәдімгі	linguistic	_		Begin=702.107
626-1	SPK4001	Falling	626	тұрады	тұрады	linguistic	_		
626-2	SPK4001	Falling	626	дейді	дейді	linguistic	_		End=703.022
627-0	SPK4002	undefined	627	МММ	МММ	linguistic	_		Begin=703.234|End=703.637
628-0	SPK4002	Continuing	628	А	А	linguistic	_		Begin=706.277|End=706.573
629-0	SPK4002	Continuing	629	тоже	тоже	linguistic	_		Begin=706.854
629-1	SPK4002	Continuing	629	фентези	фентези	linguistic	_		
629-2	SPK4002	Continuing	629	парк	парк	linguistic	_		
629-3	SPK4002	Continuing	629	сияқты	сияқты	linguistic	_		End=708.175
630-0	SPK4002	Rising	630	только	только	linguistic	_		Begin=708.175
630-1	SPK4002	Rising	630	Ақтауда	Ақтауда	linguistic	_		
630-2	SPK4002	Rising	630	да	да	linguistic	_		End=709.295
631-0	SPK4001	Falling	631	иә	иә	linguistic	_		Begin=709.026
631-1	SPK4001	Falling	631	иә	иә	linguistic	_		
631-2	SPK4001	Falling	631	иә	иә	linguistic	_		End=709.463
632-0	SPK4001	Continuing	632	Сосын	Сосын	linguistic	_		Begin=709.769
632-1	SPK4001	Continuing	632	андай	андай	linguistic	_		
632-2	SPK4001	Continuing	632	мындай	мындай	linguistic	_		End=710.161
633-0	SPK4001	Continuing	633	качеля	качеля	linguistic	_		Begin=710.181
633-1	SPK4001	Continuing	633	сияқты	сияқты	linguistic	_		
633-2	SPK4001	Continuing	633	болды	болды	linguistic	_		End=711.288
634-0	SPK4001	Falling	634	былаймен	былаймен	linguistic	_		Begin=712.166|End=712.865
635-0	SPK4002	undefined	635	ААА	ААА	linguistic	_		Begin=712.422|End=712.680
636-0	SPK4002	Falling	636	иә	иә	linguistic	_		Begin=712.680
636-1	SPK4002	Falling	636	иә	иә	linguistic	_		
636-2	SPK4002	Falling	636	иә	иә	linguistic	_		End=713.172
637-0	SPK4001	Falling	637	Ю:	Ю	linguistic	_	Prolongation=0	Begin=713.563
637-1	SPK4001	Falling	637	сияқты	сияқты	linguistic	_		
637-2	SPK4001	Falling	637	болып	болып	linguistic	_		
637-3	SPK4001	Falling	637	тұрады	тұрады	linguistic	_		End=714.805
638-0	SPK4002	Continuing	638	иә	иә	linguistic	_		Begin=713.733
638-1	SPK4002	Continuing	638	иә	иә	linguistic	_		
638-2	SPK4002	Continuing	638	иә	иә	linguistic	_		End=714.476
639-0	SPK4002	Falling	639	иә	иә	linguistic	_		Begin=715.147
639-1	SPK4002	Falling	639	иә	иә	linguistic	_		End=715.570
640-0	SPK4001	Continuing	640	Содан	Содан	linguistic	_		Begin=715.214
640-1	SPK4001	Continuing	640	кейін	кейін	linguistic	_		End=715.845
641-0	SPK4001	Continuing	641	төменге	төменге	linguistic	_		Begin=715.845
641-1	SPK4001	Continuing	641	қарай	қарай	linguistic	_		
641-2	SPK4001	Continuing	641	түскенде	түскенде	linguistic	_		End=716.830
642-0	SPK4001	Continuing	642	анда	анда	linguistic	_		Begin=716.830|End=717.127
643-0	SPK4001	Falling	643	су	су	linguistic	_		Begin=717.637
643-1	SPK4001	Falling	643	шашырайды	шашырайды	linguistic	_		End=718.248
644-0	SPK4002	undefined	644	GASPING	GASPING	paraverbal	_		Begin=718.503|End=719.040
645-0	SPK4001	Falling	645	Судың	Судың	linguistic	_		Begin=719.459
645-1	SPK4001	Falling	645	ішінде	ішінде	linguistic	_		
645-2	SPK4001	Falling	645	тұр	тұр	linguistic	_		
645-3	SPK4001	Falling	645	ғой	ғой	linguistic	_		End=720.560
646-0	SPK4002	Continuing	646	Ақтауға	Ақтауға	linguistic	_		Begin=720.906
646-1	SPK4002	Continuing	646	билет	билет	linguistic	_		End=721.530
647-0	SPK4002	Rising	647	неше	неше	linguistic	_		Begin=721.530
647-1	SPK4002	Rising	647	теңге	теңге	linguistic	_		
647-2	SPK4002	Rising	647	дейсің	дейсің	linguistic	_		End=722.295
648-0	SPK4002	undefined	648	@@@@@	@@@@@	paraverbal	_		Begin=722.389|End=723.807
649-0	SPK4001	undefined	649	EEE	EEE	linguistic	_		Begin=722.844|End=723.400
650-0	SPK4001	Continuing	650	Мен	Мен	linguistic	_		Begin=724.194
650-1	SPK4001	Continuing	650	дейтін	дейтін	linguistic	_		
650-2	SPK4001	Continuing	650	ойлап	ойлап	linguistic	_		
650-3	SPK4001	Continuing	650	отырсам	отырсам	linguistic	_		
650-4	SPK4001	Continuing	650	бір	бір	linguistic	_		End=725.241
651-0	SPK4001	Continuing	651	төрт	төрт	linguistic	_		Begin=726.214|End=726.677
652-0	SPK4001	Continuing	652	төрт	төрт	linguistic	_		Begin=727.013
652-1	SPK4001	Continuing	652	күн	күн	linguistic	_		
652-2	SPK4001	Continuing	652	шығып	шығып	linguistic	_		End=727.859
653-0	SPK4001	Continuing	653	Ақтөбеге	Ақтөбеге	linguistic	_		Begin=728.542
653-1	SPK4001	Continuing	653	би	би	linguistic	_		
653-2	SPK4001	Continuing	653	летке	летке	linguistic	_		End=729.452
654-0	SPK4001	Continuing	654	ақша	ақша	linguistic	_		Begin=729.469
654-1	SPK4001	Continuing	654	жинаймын	жинаймын	linguistic	_		
654-2	SPK4001	Continuing	654	ба	ба	linguistic	_		End=730.175
655-0	SPK4001	Continuing	655	деп	деп	linguistic	_		Begin=730.175
655-1	SPK4001	Continuing	655	отырсам	отырсам	linguistic	_		End=730.637
656-0	SPK4001	Falling	656	Ақтауға	Ақтауға	linguistic	_		Begin=730.637
656-1	SPK4001	Falling	656	вообще	вообще	linguistic	_		
656-2	SPK4001	Falling	656	жетпейді	жетпейді	linguistic	_		
656-3	SPK4001	Falling	656	ғой	ғой	linguistic	_		End=731.751
657-0	SPK4002	Falling	657	Қаз	Қаз	linguistic	_		Begin=732.499
657-1	SPK4002	Falling	657	қаз	қаз	linguistic	_		
657-2	SPK4002	Falling	657	##	##	unknown	_		End=733.335
658-0	SPK4001	Continuing	658	Құдай	Құдай	linguistic	_		Begin=732.943
658-1	SPK4001	Continuing	658	жұмыс	жұмыс	linguistic	_		
658-2	SPK4001	Continuing	658	істеу	істеу	linguistic	_		
658-3	SPK4001	Continuing	658	керекпін	керекпін	linguistic	_		
658-4	SPK4001	Continuing	658	ғой	ғой	linguistic	_		End=733.760
659-0	SPK4001	Falling	659	мен	мен	linguistic	_		Begin=733.760
659-1	SPK4001	Falling	659	оның	оның	linguistic	_		End=734.214
660-0	SPK4001	Continuing	660	Тамаққа	Тамаққа	linguistic	_		Begin=735.391|End=735.677
661-0	SPK4001	Falling	661	ештеңеге	ештеңеге	linguistic	_		Begin=735.677
661-1	SPK4001	Falling	661	кетірмей	кетірмей	linguistic	_		End=736.465
662-0	SPK4001	Continuing	662	Ақтөбе	Ақтөбе	linguistic	_		Begin=743.318|End=743.940
663-0	SPK4001	undefined	663	UGH	UGH	linguistic	_		Begin=744.542|End=745.489
664-0	SPK4001	Continuing	664	Ақтау:	Ақтау	linguistic	_	Prolongation=4	Begin=746.536|End=747.245
665-0	SPK4001	Falling	665	Ақтау	Ақтау	linguistic	_		Begin=747.516
665-1	SPK4001	Falling	665	Ақтау	Ақтау	linguistic	_		End=748.761
666-0	SPK4001	Continuing	666	Ақтауға	Ақтауға	linguistic	_		Begin=749.243
666-1	SPK4001	Continuing	666	мысалы	мысалы	linguistic	_		End=750.436
667-0	SPK4001	Falling	667	келесі	келесі	linguistic	_		Begin=750.651
667-1	SPK4001	Falling	667	жазда	жазда	linguistic	_		
667-2	SPK4001	Falling	667	баруға	баруға	linguistic	_		
667-3	SPK4001	Falling	667	болады	болады	linguistic	_		End=751.738
668-0	SPK4002	Continuing	668	Жб	Жб	linguistic	_		Begin=753.322
668-1	SPK4002	Continuing	668	ғой	ғой	linguistic	_		
668-2	SPK4002	Continuing	668	енді	енді	linguistic	_		End=754.094
669-0	SPK4002	Rising	669	Не	Не	linguistic	_		Begin=754.094
669-1	SPK4002	Rising	669	дейді	дейді	linguistic	_		End=754.711
670-0	SPK4002	Continuing	670	Мә	Мә	linguistic	_		Begin=758.680|End=758.992
671-0	SPK4002	Falling	671	үш	үш	linguistic	_		Begin=759.186
671-1	SPK4002	Falling	671	ай	ай	linguistic	_		End=759.648
672-0	SPK4002	Continuing	672	Неге	Неге	linguistic	_		Begin=760.885
672-1	SPK4002	Continuing	672	ау	ау	linguistic	_		End=761.275
673-0	SPK4002	Rising	673	билет	билет	linguistic	_		Begin=761.275
673-1	SPK4002	Rising	673	жоқ	жоқ	linguistic	_		End=761.932
674-0	SPK4002	Falling	674	Түсінбедім	Түсінбедім	linguistic	_		Begin=765.268|End=765.724
675-0	SPK4001	Rising	675	Би	Би	linguistic	_		Begin=765.698
675-1	SPK4001	Rising	675	лет	лет	linguistic	_		
675-2	SPK4001	Rising	675	жоқ	жоқ	linguistic	_		
675-3	SPK4001	Rising	675	дейсің	дейсің	linguistic	_		End=766.161
676-0	SPK4002	Falling	676	иә	иә	linguistic	_		Begin=765.759|End=766.063
677-0	SPK4002	Interrupted	677	или	или	linguistic	_		Begin=766.483
677-1	SPK4002	Interrupted	677	Ақтауға—	Ақтауға	linguistic	_	Interrupted=Yes	End=766.919
678-0	SPK4002	undefined	678	ААА	ААА	linguistic	_		Begin=766.919|End=767.322
679-0	SPK4002	Continuing	679	Ақтауға	Ақтауға	linguistic	_		Begin=767.328
679-1	SPK4002	Continuing	679	билет	билет	linguistic	_		
679-2	SPK4002	Continuing	679	жоқ	жоқ	linguistic	_		
679-3	SPK4002	Continuing	679	па	па	linguistic	_		End=768.094
680-0	SPK4002	Rising	680	бірдеңе	бірдеңе	linguistic	_		Begin=768.094
680-1	SPK4002	Rising	680	ғой	ғой	linguistic	_		End=768.812
681-0	SPK4001	Continuing	681	Алматыға:	Алматыға	linguistic	_	Prolongation=7	Begin=769.798|End=770.230
682-0	SPK4002	Interrupted	682	Кстати—	Кстати	linguistic	_	Interrupted=Yes	Begin=769.803|End=770.074
683-0	SPK4001	Rising	683	неге	неге	linguistic	_		Begin=770.230
683-1	SPK4001	Rising	683	аласың	аласың	linguistic	_		
683-2	SPK4001	Rising	683	ғой	ғой	linguistic	_		
683-3	SPK4001	Rising	683	онда	онда	linguistic	_		
683-4	SPK4001	Rising	683	да	да	linguistic	_		End=771.671
684-0	SPK4001	Falling	684	А	А	linguistic	_		Begin=772.221
684-1	SPK4001	Falling	684	жоқ	жоқ	linguistic	_		End=772.617
685-0	SPK4001	Continuing	685	Ақтау	Ақтау	linguistic	_		Begin=773.677
685-1	SPK4001	Continuing	685	деп	деп	linguistic	_		
685-2	SPK4001	Continuing	685	жазсаң	жазсаң	linguistic	_		End=774.330
686-0	SPK4001	Falling	686	шығу	шығу	linguistic	_		Begin=774.330
686-1	SPK4001	Falling	686	керек	керек	linguistic	_		
686-2	SPK4001	Falling	686	қой	қой	linguistic	_		End=775.026
687-0	SPK4001	undefined	687	МММ	МММ	linguistic	_		Begin=778.822|End=779.185
688-0	SPK4001	Continuing	688	Әлгі	Әлгі	linguistic	_		Begin=783.048|End=783.422
689-0	SPK4001	Falling	689	тағы	тағы	linguistic	_		Begin=783.422
689-1	SPK4001	Falling	689	бірдеңе	бірдеңе	linguistic	_		
689-2	SPK4001	Falling	689	айтатын	айтатын	linguistic	_		
689-3	SPK4001	Falling	689	деп	деп	linguistic	_		
689-4	SPK4001	Falling	689	отыр	отыр	linguistic	_		
689-5	SPK4001	Falling	689	едім	едім	linguistic	_		End=784.922
690-0	SPK4002	Continuing	690	Неге	Неге	linguistic	_		Begin=786.268|End=786.758
691-0	SPK4002	Falling	691	###	###	unknown	_		Begin=790.320|End=790.806
692-0	SPK4001	Continuing	692	Менде	Менде	linguistic	_		Begin=790.590
692-1	SPK4001	Continuing	692	мана:	мана	linguistic	_	Prolongation=3	End=791.333
693-0	SPK4001	Continuing	693	телефонда	телефонда	linguistic	_		Begin=792.402|End=793.167
694-0	SPK4001	Falling	694	он	он	linguistic	_		Begin=793.167
694-1	SPK4001	Falling	694	мың	мың	linguistic	_		
694-2	SPK4001	Falling	694	теңге	теңге	linguistic	_		
694-3	SPK4001	Falling	694	болып	болып	linguistic	_		
694-4	SPK4001	Falling	694	еді	еді	linguistic	_		End=794.376
695-0	SPK4001	Falling	695	Оны	Оны	linguistic	_		Begin=795.777
695-1	SPK4001	Falling	695	саған	саған	linguistic	_		
695-2	SPK4001	Falling	695	төледім	төледім	linguistic	_		End=796.744
696-0	SPK4002	undefined	696	Мхм	Мхм	linguistic	_		Begin=796.872|End=797.315
697-0	SPK4001	Continuing	697	Сосын:	Сосын	linguistic	_	Prolongation=4	Begin=797.543|End=798.065
698-0	SPK4001	Falling	698	тағы	тағы	linguistic	_		Begin=798.583
698-1	SPK4001	Falling	698	бірдеңеге	бірдеңеге	linguistic	_		
698-2	SPK4001	Falling	698	жібердім	жібердім	linguistic	_		End=799.667
699-0	SPK4001	Continuing	699	Жаңағы	Жаңағы	linguistic	_		Begin=800.698|End=801.295
700-0	SPK4001	Falling	700	киноға	киноға	linguistic	_		Begin=801.315
700-1	SPK4001	Falling	700	төледім	төледім	linguistic	_		End=802.154
701-0	SPK4001	undefined	701	MMM	MMM	linguistic	_		Begin=803.289|End=803.627
702-0	SPK4001	Interrupted	702	Тамақ—	Тамақ	linguistic	_	Interrupted=Yes	Begin=804.664|End=805.026
703-0	SPK4001	Continuing	703	тамаққа	тамаққа	linguistic	_		Begin=805.195
703-1	SPK4001	Continuing	703	өзім	өзім	linguistic	_		
703-2	SPK4001	Continuing	703	төледім	төледім	linguistic	_		
703-3	SPK4001	Continuing	703	ғой	ғой	linguistic	_		End=806.310
704-0	SPK4001	Continuing	704	барлығын	барлығын	linguistic	_		Begin=806.315|End=806.637
705-0	SPK4001	Falling	705	почти	почти	linguistic	_		Begin=806.966|End=807.534
706-0	SPK4001	Continuing	706	Киноға	Киноға	linguistic	_		Begin=809.518
706-1	SPK4001	Continuing	706	оған:	оған	linguistic	_	Prolongation=3	End=809.940
707-0	SPK4001	Falling	707	мың	мың	linguistic	_		Begin=809.940
707-1	SPK4001	Falling	707	бір	бір	linguistic	_		
707-2	SPK4001	Falling	707	жүз	жүз	linguistic	_		End=810.555
708-0	SPK4001	Continuing	708	Маған	Маған	linguistic	_		Begin=810.555|End=810.975
709-0	SPK4001	Falling	709	мың	мың	linguistic	_		Begin=810.975
709-1	SPK4001	Falling	709	бір	бір	linguistic	_		
709-2	SPK4001	Falling	709	жүз	жүз	linguistic	_		
709-3	SPK4001	Falling	709	шықты	шықты	linguistic	_		End=812.053
710-0	SPK4001	Continuing	710	Тамаққа	Тамаққа	linguistic	_		Begin=812.559|End=812.865
711-0	SPK4001	Falling	711	общий	общий	linguistic	_		Begin=812.885
711-1	SPK4001	Falling	711	мың	мың	linguistic	_		
711-2	SPK4001	Falling	711	жеті	жеті	linguistic	_		
711-3	SPK4001	Falling	711	жүз	жүз	linguistic	_		
711-4	SPK4001	Falling	711	шықты	шықты	linguistic	_		End=814.060
712-0	SPK4001	Continuing	712	Мың	Мың	linguistic	_		Begin=814.630
712-1	SPK4001	Continuing	712	жеті	жеті	linguistic	_		
712-2	SPK4001	Continuing	712	жүзді	жүзді	linguistic	_		End=815.385
713-0	SPK4001	Continuing	713	бөлгенде	бөлгенде	linguistic	_		Begin=815.385
713-1	SPK4001	Continuing	713	қанша	қанша	linguistic	_		End=816.025
714-0	SPK4001	Rising	714	екіге	екіге	linguistic	_		Begin=816.025|End=816.490
715-0	SPK4002	Falling	715	Қазір	Қазір	linguistic	_		Begin=817.328|End=817.604
716-0	SPK4002	undefined	716	Сейчас	Сейчас	linguistic	_		Begin=819.750|End=819.950
717-0	SPK4001	Falling	717	иә	иә	linguistic	_		Begin=820.523
717-1	SPK4001	Falling	717	иә	иә	linguistic	_		End=820.946
718-0	SPK4002	Continuing	718	Он	Он	linguistic	_		Begin=825.902
718-1	SPK4002	Continuing	718	алты	алты	linguistic	_		End=826.449
719-0	SPK4002	Falling	719	просто	просто	linguistic	_		Begin=826.496
719-1	SPK4002	Falling	719	көріп	көріп	linguistic	_		
719-2	SPK4002	Falling	719	едім	едім	linguistic	_		End=827.447
720-0	SPK4002	Continuing	720	Тоже	Тоже	linguistic	_		Begin=827.921|End=828.406
721-0	SPK4002	Continuing	721	ну	ну	linguistic	_		Begin=829.402
721-1	SPK4002	Continuing	721	это	это	linguistic	_		End=829.805
722-0	SPK4002	Interrupted	722	қане—	қане	linguistic	_	Interrupted=Yes	Begin=830.214|End=830.469
723-0	SPK4002	Continuing	723	Сменның	Сменның	linguistic	_		Begin=830.469
723-1	SPK4002	Continuing	723	соңында	соңында	linguistic	_		End=831.704
724-0	SPK4002	Continuing	724	сменның	сменның	linguistic	_		Begin=833.349
724-1	SPK4002	Continuing	724	соңында	соңында	linguistic	_		End=833.879
725-0	SPK4002	undefined	725	Hx)@###@@	Hx)@###@@	paraverbal	_		Begin=833.885|End=835.818
726-0	SPK4002	Continuing	726	шеф	шеф	linguistic	_		Begin=836.805
726-1	SPK4002	Continuing	726	көріп	көріп	linguistic	_		
726-2	SPK4002	Continuing	726	еді	еді	linguistic	_		End=837.268
727-0	SPK4002	Falling	727	деп	деп	linguistic	_		Begin=837.355
727-1	SPK4002	Falling	727	просто	просто	linguistic	_		
727-2	SPK4002	Falling	727	кішкене	кішкене	linguistic	_		End=838.070
728-0	SPK4002	Continuing	728	енді	енді	linguistic	_		Begin=838.070
728-1	SPK4002	Continuing	728	как-то	как-то	linguistic	_		End=838.385
729-0	SPK4002	Falling	729	cөйлеп	cөйлеп	linguistic	_		Begin=838.385
729-1	SPK4002	Falling	729	еді	еді	linguistic	_		End=838.940
730-0	SPK4002	Continuing	730	Я	Я	linguistic	_		Begin=839.015
730-1	SPK4002	Continuing	730	такая	такая	linguistic	_		End=839.630
731-0	SPK4002	undefined	731	МММ	МММ	linguistic	_		Begin=839.630|End=840.609
732-0	SPK4001	undefined	732	ААА	ААА	linguistic	_		Begin=841.852|End=842.134
733-0	SPK4002	Falling	733	Мхм	Мхм	linguistic	_		Begin=842.291|End=843.222
734-0	SPK4002	Continuing	734	Жоқ	Жоқ	linguistic	_		Begin=844.729|End=844.959
735-0	SPK4002	Continuing	735	былай	былай	linguistic	_		Begin=844.959|End=845.409
736-0	SPK4002	Continuing	736	поидее	поидее	linguistic	_		Begin=845.409|End=845.771
737-0	SPK4002	Falling	737	ничего	ничего	linguistic	_		Begin=845.791
737-1	SPK4002	Falling	737	такого	такого	linguistic	_		
737-2	SPK4002	Falling	737	ғой	ғой	linguistic	_		End=846.971
738-0	SPK4002	Continuing	738	Мен	Мен	linguistic	_		Begin=846.979
738-1	SPK4002	Continuing	738	просто:	просто	linguistic	_	Prolongation=5	End=847.516
739-0	SPK4002	Continuing	739	біреу	біреу	linguistic	_		Begin=847.516|End=848.039
740-0	SPK4002	Continuing	740	келіп	келіп	linguistic	_		Begin=848.047
740-1	SPK4002	Continuing	740	тұрса	тұрса	linguistic	_		End=848.610
741-0	SPK4002	Continuing	741	сөйлесіп	сөйлесіп	linguistic	_		Begin=848.610
741-1	SPK4002	Continuing	741	отырсам	отырсам	linguistic	_		End=849.375
742-0	SPK4002	Falling	742	бәрібір	бәрібір	linguistic	_		Begin=849.516
742-1	SPK4002	Falling	742	адам	адам	linguistic	_		
742-2	SPK4002	Falling	742	жоқ	жоқ	linguistic	_		End=850.255
743-0	SPK4001	Falling	743	иә	иә	linguistic	_		Begin=849.919|End=850.228
744-0	SPK4002	Continuing	744	Бірақ	Бірақ	linguistic	_		Begin=850.848
744-1	SPK4002	Continuing	744	сен	сен	linguistic	_		
744-2	SPK4002	Continuing	744	осы	осы	linguistic	_		End=851.281
745-0	SPK4002	Interrupted	745	сөйлеу—	сөйлеу	linguistic	_	Interrupted=Yes	Begin=851.281|End=851.798
746-0	SPK4001	Continuing	746	Отыру	Отыру	linguistic	_		Begin=851.301
746-1	SPK4001	Continuing	746	керексің	керексің	linguistic	_		
746-2	SPK4001	Continuing	746	ба	ба	linguistic	_		
746-3	SPK4001	Continuing	746	не	не	linguistic	_		End=851.990
747-0	SPK4001	Rising	747	ана	ана	linguistic	_		Begin=851.990
747-1	SPK4001	Rising	747	жерде	жерде	linguistic	_		End=852.340
748-0	SPK4002	Falling	748	Жоқ:	Жоқ	linguistic	_	Prolongation=2	Begin=852.577|End=853.000
749-0	SPK4002	Continuing	749	Не	Не	linguistic	_		Begin=853.013
749-1	SPK4002	Continuing	749	обязательно	обязательно	linguistic	_		End=853.651
750-0	SPK4002	Continuing	750	ну	ну	linguistic	_		Begin=853.740
750-1	SPK4002	Continuing	750	то	то	linguistic	_		
750-2	SPK4002	Continuing	750	есть	есть	linguistic	_		End=854.483
751-0	SPK4002	Falling	751	главное	главное	linguistic	_		Begin=854.948
751-1	SPK4002	Falling	751	ведь	ведь	linguistic	_		
751-2	SPK4002	Falling	751	людей	людей	linguistic	_		
751-3	SPK4002	Falling	751	нету	нету	linguistic	_		
751-4	SPK4002	Falling	751	же	же	linguistic	_		End=856.420
752-0	SPK4001	Falling	752	Иә	Иә	linguistic	_		Begin=857.131|End=857.707
753-0	SPK4002	Falling	753	Бірақ	Бірақ	linguistic	_		Begin=858.154
753-1	SPK4002	Falling	753	не	не	linguistic	_		End=858.805
754-0	SPK4002	Continuing	754	Cөйлеуі	Cөйлеуі	linguistic	_		Begin=859.169
754-1	SPK4002	Continuing	754	мүмкін	мүмкін	linguistic	_		End=859.698
755-0	SPK4002	Falling	755	сияқты:	сияқты	linguistic	_	Prolongation=5	Begin=859.698|End=860.047
756-0	SPK4001	Continuing	756	Кішкене	Кішкене	linguistic	_		Begin=861.053
756-1	SPK4001	Continuing	756	былай	былай	linguistic	_		
756-2	SPK4001	Continuing	756	қарай	қарай	linguistic	_		End=861.650
757-0	SPK4001	Falling	757	тұрайық	тұрайық	linguistic	_		Begin=861.650
757-1	SPK4001	Falling	757	онда	онда	linguistic	_		End=862.469
758-0	SPK4002	Falling	758	Ма	Ма	linguistic	_		Begin=862.443
758-1	SPK4002	Falling	758	еще	еще	linguistic	_		
758-2	SPK4002	Falling	758	қолым	қолым	linguistic	_		
758-3	SPK4002	Falling	758	##	##	unknown	_		End=863.328
759-0	SPK4002	Falling	759	Ода	Ода	linguistic	_		Begin=863.328
759-1	SPK4002	Falling	759	емес	емес	linguistic	_		
759-2	SPK4002	Falling	759	те	те	linguistic	_		
759-3	SPK4002	Falling	759	ол	ол	linguistic	_		End=864.013
760-0	SPK4001	undefined	760	МММ	МММ	linguistic	_		Begin=864.550|End=865.284
761-0	SPK4001	Continuing	761	Мынау	Мынау	linguistic	_		Begin=867.932|End=868.147
762-0	SPK4002	undefined	762	###	###	unknown	_		Begin=868.057|End=868.399
763-0	SPK4001	Continuing	763	велосипедтер	велосипедтер	linguistic	_		Begin=868.147
763-1	SPK4001	Continuing	763	қаншадан	қаншадан	linguistic	_		
763-2	SPK4001	Continuing	763	екен	екен	linguistic	_		End=869.290
764-0	SPK4001	Falling	764	мына	мына	linguistic	_		Begin=869.290
764-1	SPK4001	Falling	764	жердегі	жердегі	linguistic	_		End=869.912
765-0	SPK4002	Falling	765	Ау	Ау	linguistic	_		Begin=869.915
765-1	SPK4002	Falling	765	білмеймін	білмеймін	linguistic	_		End=870.396
766-0	SPK4002	Falling	766	Қымбат	Қымбат	linguistic	_		Begin=870.643
766-1	SPK4002	Falling	766	бұлар	бұлар	linguistic	_		
766-2	SPK4002	Falling	766	бірақ	бірақ	linguistic	_		End=871.422
767-0	SPK4002	Continuing	767	Бәрі	Бәрі	linguistic	_		Begin=871.885
767-1	SPK4002	Continuing	767	қымбат	қымбат	linguistic	_		
767-2	SPK4002	Continuing	767	қой	қой	linguistic	_		End=872.308
768-0	SPK4002	Falling	768	қазір	қазір	linguistic	_		Begin=872.308|End=872.496
769-0	SPK4001	Continuing	769	Алпыс:	Алпыс	linguistic	_	Prolongation=4	Begin=873.956|End=874.759
770-0	SPK4001	Rising	770	сондай	сондай	linguistic	_		Begin=874.852
770-1	SPK4001	Rising	770	болады	болады	linguistic	_		
770-2	SPK4001	Rising	770	ма	ма	linguistic	_		
770-3	SPK4001	Rising	770	екен	екен	linguistic	_		End=875.785
771-0	SPK4002	Continuing	771	Каспидан	Каспидан	linguistic	_		Begin=877.007
771-1	SPK4002	Continuing	771	алған	алған	linguistic	_		End=877.533
772-0	SPK4002	Continuing	772	папа	папа	linguistic	_		Begin=877.570|End=878.060
773-0	SPK4002	Continuing	773	алпыс	алпыс	linguistic	_		Begin=878.087
773-1	SPK4002	Continuing	773	мың	мың	linguistic	_		
773-2	SPK4002	Continuing	773	болды	болды	linguistic	_		End=878.900
774-0	SPK4002	Falling	774	иә	иә	linguistic	_		Begin=878.900|End=879.187
775-0	SPK4001	Continuing	775	Арзанырақ	Арзанырақ	linguistic	_		Begin=881.259
775-1	SPK4001	Continuing	775	та	та	linguistic	_		
775-2	SPK4001	Continuing	775	табуға	табуға	linguistic	_		
775-3	SPK4001	Continuing	775	болады	болады	linguistic	_		
775-4	SPK4001	Continuing	775	ғой	ғой	linguistic	_		End=882.577
776-0	SPK4001	Continuing	776	алпыс	алпыс	linguistic	_		Begin=882.603
776-1	SPK4001	Continuing	776	дейтін	дейтін	linguistic	_		
776-2	SPK4001	Continuing	776	мысалы	мысалы	linguistic	_		End=883.250
777-0	SPK4001	Continuing	777	жақсы	жақсы	linguistic	_		Begin=883.250|End=883.651
778-0	SPK4001	Falling	778	велосипедтер	велосипедтер	linguistic	_		Begin=883.651
778-1	SPK4001	Falling	778	болса	болса	linguistic	_		End=884.697
779-0	SPK4002	undefined	779	МММ	МММ	linguistic	_		Begin=886.378|End=886.818
780-0	SPK4002	Continuing	780	Жақсы	Жақсы	linguistic	_		Begin=887.073
780-1	SPK4002	Continuing	780	дегенде	дегенде	linguistic	_		
780-2	SPK4002	Continuing	780	сол	сол	linguistic	_		End=887.926
781-0	SPK4002	Continuing	781	скоростной	скоростной	linguistic	_		Begin=888.240
781-1	SPK4002	Continuing	781	алды	алды	linguistic	_		End=888.792
782-0	SPK4002	Falling	782	ол	ол	linguistic	_		Begin=888.792
782-1	SPK4002	Falling	782	еще	еще	linguistic	_		End=889.190
783-0	SPK4002	Falling	783	Алпыс	Алпыс	linguistic	_		Begin=889.509
783-1	SPK4002	Falling	783	мыңға	мыңға	linguistic	_		End=889.891
784-0	SPK4002	Continuing	784	Ну	Ну	linguistic	_		Begin=890.089
784-1	SPK4002	Continuing	784	это	это	linguistic	_		
784-2	SPK4002	Continuing	784	типо	типо	linguistic	_		End=890.668
785-0	SPK4002	Rising	785	скоростной	скоростной	linguistic	_		Begin=890.731
785-1	SPK4002	Rising	785	ма	ма	linguistic	_		End=891.362
786-0	SPK4002	Falling	786	что-то	что-то	linguistic	_		Begin=891.912
786-1	SPK4002	Falling	786	между	между	linguistic	_		End=892.396
787-0	SPK4001	undefined	787	МММ	МММ	linguistic	_		Begin=894.107|End=894.664
788-0	SPK4001	Continuing	788	Мен	Мен	linguistic	_		Begin=896.071|End=896.463
789-0	SPK4001	Continuing	789	ана	ана	linguistic	_		Begin=896.617|End=897.163
790-0	SPK4001	Continuing	790	ана	ана	linguistic	_		Begin=898.150
790-1	SPK4001	Continuing	790	жылы	жылы	linguistic	_		
790-2	SPK4001	Continuing	790	енді	енді	linguistic	_		End=898.610
791-0	SPK4001	Continuing	791	күзде	күзде	linguistic	_		Begin=898.610|End=898.979
792-0	SPK4001	Falling	792	ана	ана	linguistic	_		Begin=899.107
792-1	SPK4001	Falling	792	жылдың	жылдың	linguistic	_		
792-2	SPK4001	Falling	792	соңында	соңында	linguistic	_		
792-3	SPK4001	Falling	792	ойлағанмын	ойлағанмын	linguistic	_		End=900.434
793-0	SPK4001	Continuing	793	Мә	Мә	linguistic	_		Begin=901.013
793-1	SPK4001	Continuing	793	велосипед	велосипед	linguistic	_		
793-2	SPK4001	Continuing	793	болса	болса	linguistic	_		End=902.201
794-0	SPK4001	Continuing	794	күшті	күшті	linguistic	_		Begin=902.221
794-1	SPK4001	Continuing	794	болады	болады	linguistic	_		
794-2	SPK4001	Continuing	794	ғой	ғой	linguistic	_		End=902.860
795-0	SPK4001	Falling	795	деп	деп	linguistic	_		Begin=902.860|End=903.047
796-0	SPK4002	Falling	796	Мхм	Мхм	linguistic	_		Begin=903.288|End=903.604
797-0	SPK4001	Continuing	797	Бірақ	Бірақ	linguistic	_		Begin=904.241
797-1	SPK4001	Continuing	797	енді	енді	linguistic	_		End=904.671
798-0	SPK4001	Continuing	798	мен	мен	linguistic	_		Begin=905.596|End=906.001
799-0	SPK4001	Continuing	799	үйде	үйде	linguistic	_		Begin=906.382
799-1	SPK4001	Continuing	799	болмаймын	болмаймын	linguistic	_		End=907.114
800-0	SPK4001	Falling	800	үйге	үйге	linguistic	_		Begin=907.885
800-1	SPK4001	Falling	800	алатын	алатын	linguistic	_		
800-2	SPK4001	Falling	800	болсақ	болсақ	linguistic	_		
800-3	SPK4001	Falling	800	деймін	деймін	linguistic	_		
800-4	SPK4001	Falling	800	ғой	ғой	linguistic	_		End=908.832
801-0	SPK4001	Continuing	801	Біздегі	Біздегі	linguistic	_		Begin=908.872|End=909.416
802-0	SPK4001	Continuing	802	баяғыда	баяғыда	linguistic	_		Begin=910.802|End=911.497
803-0	SPK4001	Continuing	803	он	он	linguistic	_		Begin=911.858
803-1	SPK4001	Continuing	803	жыл	жыл	linguistic	_		
803-2	SPK4001	Continuing	803	бұрын	бұрын	linguistic	_		
803-3	SPK4001	Continuing	803	ба	ба	linguistic	_		End=912.630
804-0	SPK4001	Falling	804	алынған	алынған	linguistic	_		Begin=912.630
804-1	SPK4001	Falling	804	велосипед	велосипед	linguistic	_		
804-2	SPK4001	Falling	804	қой	қой	linguistic	_		End=913.618
805-0	SPK4002	undefined	805	Hx)	Hx)	paraverbal	_		Begin=913.775|End=913.993
806-0	SPK4001	Continuing	806	Анау	Анау	linguistic	_		Begin=914.309|End=914.592
807-0	SPK4001	Falling	807	жаңбырдың	жаңбырдың	linguistic	_		Begin=914.597
807-1	SPK4001	Falling	807	астында	астында	linguistic	_		
807-2	SPK4001	Falling	807	қалады:	қалады	linguistic	_	Prolongation=5	End=915.979
808-0	SPK4001	Continuing	808	Қасқа	Қасқа	linguistic	_		Begin=917.127|End=917.556
809-0	SPK4001	Falling	809	тот	тот	linguistic	_		Begin=918.261
809-1	SPK4001	Falling	809	басып	басып	linguistic	_		
809-2	SPK4001	Falling	809	кетті	кетті	linguistic	_		End=919.094
810-0	SPK4001	Falling	810	Сап	Сап	linguistic	_		Begin=919.601
810-1	SPK4001	Falling	810	сары	сары	linguistic	_		
810-2	SPK4001	Falling	810	болып	болып	linguistic	_		End=920.154
811-0	SPK4001	Continuing	811	Еще	Еще	linguistic	_		Begin=920.852
811-1	SPK4001	Continuing	811	жүргенде	жүргенде	linguistic	_		
811-2	SPK4001	Continuing	811	де	де	linguistic	_		End=921.939
812-0	SPK4001	Continuing	812	сықыр	сықыр	linguistic	_		Begin=922.481
812-1	SPK4001	Continuing	812	сықыр	сықыр	linguistic	_		End=923.375
813-0	SPK4001	Continuing	813	дөңгелегінің	дөңгелегінің	linguistic	_		Begin=925.322|End=926.033
814-0	SPK4001	Falling	814	желі	желі	linguistic	_		Begin=926.087
814-1	SPK4001	Falling	814	шығып	шығып	linguistic	_		
814-2	SPK4001	Falling	814	кетеді	кетеді	linguistic	_		End=927.000
815-0	SPK4002	Continuing	815	Сен	Сен	linguistic	_		Begin=929.826
815-1	SPK4002	Continuing	815	тебе	тебе	linguistic	_		
815-2	SPK4002	Continuing	815	аласың	аласың	linguistic	_		
815-3	SPK4002	Continuing	815	ғой	ғой	linguistic	_		End=930.402
816-0	SPK4002	Rising	816	да	да	linguistic	_		Begin=930.402|End=930.798
817-0	SPK4001	Falling	817	Тебе	Тебе	linguistic	_		Begin=931.391
817-1	SPK4001	Falling	817	аламын	аламын	linguistic	_		
817-2	SPK4001	Falling	817	ғой	ғой	linguistic	_		End=932.094
818-0	SPK4001	Continuing	818	Қиын	Қиын	linguistic	_		Begin=932.604
818-1	SPK4001	Continuing	818	емес	емес	linguistic	_		
818-2	SPK4001	Continuing	818	қой	қой	linguistic	_		End=933.248
819-0	SPK4001	Falling	819	бір	бір	linguistic	_		Begin=933.275
819-1	SPK4001	Falling	819	үйреніп	үйреніп	linguistic	_		
819-2	SPK4001	Falling	819	кету	кету	linguistic	_		
819-3	SPK4001	Falling	819	керек	керек	linguistic	_		End=934.060
820-0	SPK4001	Continuing	820	Бір	Бір	linguistic	_		Begin=934.668
820-1	SPK4001	Continuing	820	үйренсең	үйренсең	linguistic	_		End=935.020
821-0	SPK4001	Falling	821	ешқашан	ешқашан	linguistic	_		Begin=935.020
821-1	SPK4001	Falling	821	ұмытпайсың	ұмытпайсың	linguistic	_		End=936.261
822-0	SPK4002	Continuing	822	Мен	Мен	linguistic	_		Begin=936.330
822-1	SPK4002	Continuing	822	үйрендім	үйрендім	linguistic	_		End=936.745
823-0	SPK4002	Continuing	823	бірақ	бірақ	linguistic	_		Begin=936.745|End=937.140
824-0	SPK4002	undefined	824	AAA	AAA	linguistic	_		Begin=937.140|End=937.590
825-0	SPK4002	Continuing	825	не	не	linguistic	_		Begin=937.590|End=937.745
826-0	SPK4001	Falling	826	Ұмытып	Ұмытып	linguistic	_		Begin=938.146
826-1	SPK4001	Falling	826	қалдым	қалдым	linguistic	_		
826-2	SPK4001	Falling	826	десеңші	десеңші	linguistic	_		End=938.838
827-0	SPK4002	Falling	827	қорқам:	қорқам	linguistic	_	Prolongation=5	Begin=938.818|End=939.478
828-0	SPK4002	Falling	828	О	О	linguistic	_		Begin=939.757
828-1	SPK4002	Falling	828	мен	мен	linguistic	_		
828-2	SPK4002	Falling	828	опять	опять	linguistic	_		
828-3	SPK4002	Falling	828	қорқам	қорқам	linguistic	_		End=940.349
829-0	SPK4002	Continuing	829	Мен	Мен	linguistic	_		Begin=940.402
829-1	SPK4002	Continuing	829	еще	еще	linguistic	_		End=940.751
830-0	SPK4002	Falling	830	жаман	жаман	linguistic	_		Begin=940.792
830-1	SPK4002	Falling	830	адам	адам	linguistic	_		End=941.422
831-0	SPK4002	Continuing	831	Қорқақпын	Қорқақпын	linguistic	_		Begin=941.422|End=941.959
832-0	SPK4002	Falling	832	бар	бар	linguistic	_		Begin=941.959
832-1	SPK4002	Falling	832	ғой	ғой	linguistic	_		End=942.375
833-0	SPK4002	Continuing	833	Доптан	Доптан	linguistic	_		Begin=942.957
833-1	SPK4002	Continuing	833	қорқамын	қорқамын	linguistic	_		End=943.838
834-0	SPK4002	Falling	834	бірдеңе	бірдеңе	linguistic	_		Begin=944.409
834-1	SPK4002	Falling	834	қорқамын	қорқамын	linguistic	_		End=945.188
835-0	SPK4002	Falling	835	Велосипедтен	Велосипедтен	linguistic	_		Begin=945.536
835-1	SPK4002	Falling	835	қорқамын	қорқамын	linguistic	_		End=946.308
836-0	SPK4002	Falling	836	Шикарно	Шикарно	linguistic	_		Begin=947.523|End=947.885
837-0	SPK4002	undefined	837	МММ	МММ	linguistic	_		Begin=950.724|End=951.248
838-0	SPK4001	Continuing	838	Мен	Мен	linguistic	_		Begin=950.959
838-1	SPK4001	Continuing	838	де	де	linguistic	_		
838-2	SPK4001	Continuing	838	қорқамын	қорқамын	linguistic	_		End=951.469
839-0	SPK4001	Falling	839	негізі	негізі	linguistic	_		Begin=951.469|End=952.006
840-0	SPK4001	Continuing	840	Құлаймын:	Құлаймын	linguistic	_	Prolongation=7	Begin=952.369
840-1	SPK4001	Continuing	840	ба	ба	linguistic	_		End=952.838
841-0	SPK4001	Falling	841	деп	деп	linguistic	_		Begin=952.838|End=953.261
842-0	SPK4001	Continuing	842	Бір	Бір	linguistic	_		Begin=953.722
842-1	SPK4001	Continuing	842	жерімді	жерімді	linguistic	_		
842-2	SPK4001	Continuing	842	ауыртып	ауыртып	linguistic	_		
842-3	SPK4001	Continuing	842	алсам	алсам	linguistic	_		End=954.979
843-0	SPK4001	Continuing	843	ұзақ:	ұзақ	linguistic	_	Prolongation=3	Begin=955.453|End=956.067
844-0	SPK4001	Continuing	844	не	не	linguistic	_		Begin=956.067
844-1	SPK4001	Continuing	844	істейді	істейді	linguistic	_		
844-2	SPK4001	Continuing	844	ғой	ғой	linguistic	_		
844-3	SPK4001	Continuing	844	еще	еще	linguistic	_		End=956.988
845-0	SPK4001	Continuing	845	жазылуға	жазылуға	linguistic	_		Begin=957.926|End=958.270
846-0	SPK4001	Falling	846	ұзақ	ұзақ	linguistic	_		Begin=958.270
846-1	SPK4001	Falling	846	уақыт	уақыт	linguistic	_		
846-2	SPK4001	Falling	846	керек	керек	linguistic	_		End=959.201
847-0	SPK4001	Continuing	847	Енді	Енді	linguistic	_		Begin=960.657
847-1	SPK4001	Continuing	847	анда	анда	linguistic	_		End=961.047
848-0	SPK4001	Continuing	848	білесің	білесің	linguistic	_		Begin=962.100
848-1	SPK4001	Continuing	848	ғой	ғой	linguistic	_		End=962.536
849-0	SPK4001	Falling	849	бірақ	бірақ	linguistic	_		Begin=962.536
849-1	SPK4001	Falling	849	айта	айта	linguistic	_		
849-2	SPK4001	Falling	849	берейін	берейін	linguistic	_		End=963.294
850-0	SPK4001	Continuing	850	Ана	Ана	linguistic	_		Begin=964.120|End=964.396
851-0	SPK4001	Continuing	851	оныншы	оныншы	linguistic	_		Begin=964.396
851-1	SPK4001	Continuing	851	класта	класта	linguistic	_		
851-2	SPK4001	Continuing	851	ма	ма	linguistic	_		End=965.583
852-0	SPK4001	Continuing	852	мектепте	мектепте	linguistic	_		Begin=965.965|End=966.290
853-0	SPK4001	Continuing	853	артқа	артқа	linguistic	_		Begin=966.290
853-1	SPK4001	Continuing	853	қарай	қарай	linguistic	_		End=966.640
854-0	SPK4001	Continuing	854	жүгіріп	жүгіріп	linguistic	_		Begin=966.640
854-1	SPK4001	Continuing	854	бара	бара	linguistic	_		
854-2	SPK4001	Continuing	854	жатқанымды	жатқанымды	linguistic	_		End=967.470
855-0	SPK4001	Falling	855	айттым	айттым	linguistic	_		Begin=967.470
855-1	SPK4001	Falling	855	ғой	ғой	linguistic	_		End=967.940
856-0	SPK4002	Falling	856	Мхм	Мхм	linguistic	_		Begin=969.509|End=969.818
857-0	SPK4001	Continuing	857	иә	иә	linguistic	_		Begin=969.738|End=970.127
858-0	SPK4001	Continuing	858	дене	дене	linguistic	_		Begin=970.583|End=970.973
859-0	SPK4001	Falling	859	шынықтыру	шынықтыру	linguistic	_		Begin=970.973
859-1	SPK4001	Falling	859	болып	болып	linguistic	_		
859-2	SPK4001	Falling	859	жатты	жатты	linguistic	_		End=971.973
860-0	SPK4002	undefined	860	МММ	МММ	linguistic	_		Begin=972.167|End=972.375
861-0	SPK4002	Continuing	861	Былай	Былай	linguistic	_		Begin=972.375
861-1	SPK4002	Continuing	861	тұршы	тұршы	linguistic	_		End=972.800
862-0	SPK4002	Falling	862	былай	былай	linguistic	_		Begin=972.800|End=973.170
863-0	SPK4002	Falling	863	иә	иә	linguistic	_		Begin=974.052|End=974.342
864-0	SPK4001	Continuing	864	Дене	Дене	linguistic	_		Begin=974.418
864-1	SPK4001	Continuing	864	шынықтыру	шынықтыру	linguistic	_		
864-2	SPK4001	Continuing	864	болып	болып	linguistic	_		
864-3	SPK4001	Continuing	864	жатты	жатты	linguistic	_		End=975.194
865-0	SPK4001	Continuing	865	сосын	сосын	linguistic	_		Begin=975.208|End=975.651
866-0	SPK4001	Continuing	866	біздің	біздің	linguistic	_		Begin=977.086|End=977.400
867-0	SPK4001	Continuing	867	мұғалім	мұғалім	linguistic	_		Begin=977.400|End=978.064
868-0	SPK4001	Continuing	868	өзінше	өзінше	linguistic	_		Begin=978.496
868-1	SPK4001	Continuing	868	бір	бір	linguistic	_		End=978.892
869-0	SPK4001	Continuing	869	новый	новый	linguistic	_		Begin=978.892|End=979.510
870-0	SPK4001	Continuing	870	бірдеңе	бірдеңе	linguistic	_		Begin=980.667|End=981.186
871-0	SPK4001	Falling	871	ұйымдастырып	ұйымдастырып	linguistic	_		Begin=981.648
871-1	SPK4001	Falling	871	отыр	отыр	linguistic	_		End=982.422
872-0	SPK4001	Continuing	872	Күн	Күн	linguistic	_		Begin=984.575
872-1	SPK4001	Continuing	872	сайын	сайын	linguistic	_		
872-2	SPK4001	Continuing	872	негізі	негізі	linguistic	_		End=985.349
873-0	SPK4001	Continuing	873	барғанда	барғанда	linguistic	_		Begin=985.865|End=986.557
874-0	SPK4001	Falling	874	не	не	linguistic	_		Begin=986.557
874-1	SPK4001	Falling	874	істейтін	істейтін	linguistic	_		
874-2	SPK4001	Falling	874	едік	едік	linguistic	_		End=987.228
875-0	SPK4001	undefined	875	Просто	Просто	linguistic	_		Begin=988.020
875-1	SPK4001	undefined	875	қыздырыну	қыздырыну	linguistic	_		End=988.810
876-0	SPK4001	Falling	876	жаттығуын	жаттығуын	linguistic	_		Begin=988.810
876-1	SPK4001	Falling	876	істейсің	істейсің	linguistic	_		End=989.630
877-0	SPK4001	Continuing	877	Сосын	Сосын	linguistic	_		Begin=990.282|End=990.745
878-0	SPK4001	Continuing	878	үшінші	үшінші	linguistic	_		Begin=990.770
878-1	SPK4001	Continuing	878	тоқсан	тоқсан	linguistic	_		
878-2	SPK4001	Continuing	878	болды	болды	linguistic	_		End=991.640
879-0	SPK4001	Falling	879	анау	анау	linguistic	_		Begin=991.640
879-1	SPK4001	Falling	879	іште	іште	linguistic	_		
879-2	SPK4001	Falling	879	болғанда	болғанда	linguistic	_		End=992.515
880-0	SPK4001	Continuing	880	Гимнастика	Гимнастика	linguistic	_		Begin=992.558
880-1	SPK4001	Continuing	880	ма	ма	linguistic	_		End=993.554
881-0	SPK4001	Rising	881	үшінші	үшінші	linguistic	_		Begin=993.798
881-1	SPK4001	Rising	881	тоқсанда	тоқсанда	linguistic	_		
881-2	SPK4001	Rising	881	ма	ма	linguistic	_		
881-3	SPK4001	Rising	881	еді	еді	linguistic	_		End=994.476
882-0	SPK4002	Falling	882	Мхм	Мхм	linguistic	_		Begin=993.805|End=994.060
883-0	SPK4002	Rising	883	Екі	Екі	linguistic	_		Begin=996.758|End=997.087
884-0	SPK4001	Rising	884	Екінші	Екінші	linguistic	_		Begin=997.309
884-1	SPK4001	Rising	884	тоқсан	тоқсан	linguistic	_		
884-2	SPK4001	Rising	884	ба	ба	linguistic	_		End=998.261
885-0	SPK4002	Falling	885	иә	иә	linguistic	_		Begin=997.550|End=997.919
886-0	SPK4001	Continuing	886	Білмеймін	Білмеймін	linguistic	_		Begin=998.308
886-1	SPK4001	Continuing	886	әйтеуір	әйтеуір	linguistic	_		End=998.785
887-0	SPK4001	Falling	887	іште	іште	linguistic	_		Begin=999.122
887-1	SPK4001	Falling	887	өтеді	өтеді	linguistic	_		
887-2	SPK4001	Falling	887	ғой	ғой	linguistic	_		End=999.953
888-0	SPK4002	Continuing	888	Пиво	Пиво	linguistic	_		Begin=1002.200
888-1	SPK4002	Continuing	888	ішке	ішке	linguistic	_		End=1002.926
889-0	SPK4002	Falling	889	аға	аға	linguistic	_		Begin=1002.926|End=1003.443
890-0	SPK4001	Continuing	890	Гимнастика	Гимнастика	linguistic	_		Begin=1005.469|End=1006.006
891-0	SPK4001	Continuing	891	сондай	сондай	linguistic	_		Begin=1006.026
891-1	SPK4001	Continuing	891	бірдемелердің	бірдемелердің	linguistic	_		End=1007.315
892-0	SPK4001	Falling	892	істетеді	істетеді	linguistic	_		Begin=1007.882|End=1008.322
893-0	SPK4001	Continuing	893	Сосын	Сосын	linguistic	_		Begin=1008.355|End=1008.510
894-0	SPK4001	Falling	894	біз	біз	linguistic	_		Begin=1008.510
894-1	SPK4001	Falling	894	отырамыз	отырамыз	linguistic	_		End=1009.624
895-0	SPK4001	Falling	895	Жүгіреміз	Жүгіреміз	linguistic	_		Begin=1010.639
895-1	SPK4001	Falling	895	дейтін	дейтін	linguistic	_		
895-2	SPK4001	Falling	895	сияқты	сияқты	linguistic	_		End=1011.766
896-0	SPK4001	Continuing	896	Ана	Ана	linguistic	_		Begin=1012.409
896-1	SPK4001	Continuing	896	күні	күні	linguistic	_		End=1012.792
897-0	SPK4001	Continuing	897	кішкене	кішкене	linguistic	_		Begin=1012.818|End=1013.449
898-0	SPK4001	Continuing	898	сол	сол	linguistic	_		Begin=1016.758
898-1	SPK4001	Continuing	898	қызық	қызық	linguistic	_		End=1017.228
899-0	SPK4001	Rising	899	етіп	етіп	linguistic	_		Begin=1017.932
899-1	SPK4001	Rising	899	өткізгісі	өткізгісі	linguistic	_		
899-2	SPK4001	Rising	899	келді	келді	linguistic	_		
899-3	SPK4001	Rising	899	ма:	ма	linguistic	_	Prolongation=1	End=1019.476
900-0	SPK4001	Continuing	900	Жарыстырды:	Жарыстырды	linguistic	_	Prolongation=9	Begin=1020.607|End=1021.362
901-0	SPK4001	Falling	901	эстафета	эстафета	linguistic	_		Begin=1021.382
901-1	SPK4001	Falling	901	сияқты	сияқты	linguistic	_		End=1022.617
902-0	SPK4001	Continuing	902	Сөйтіп	Сөйтіп	linguistic	_		Begin=1025.161
902-1	SPK4001	Continuing	902	жүргенде	жүргенде	linguistic	_		End=1025.865
903-0	SPK4001	Continuing	903	мен	мен	linguistic	_		Begin=1025.892|End=1026.000
904-0	SPK4001	Continuing	904	артқа	артқа	linguistic	_		Begin=1026.040
904-1	SPK4001	Continuing	904	қарай	қарай	linguistic	_		End=1026.832
905-0	SPK4001	Falling	905	жүгірдім	жүгірдім	linguistic	_		Begin=1027.355|End=1027.557
906-0	SPK4001	Continuing	906	Жүгіргенде	Жүгіргенде	linguistic	_		Begin=1027.557
906-1	SPK4001	Continuing	906	де	де	linguistic	_		End=1028.349
907-0	SPK4001	Falling	907	жүгірген	жүгірген	linguistic	_		Begin=1028.349
907-1	SPK4001	Falling	907	жоқпын	жоқпын	linguistic	_		
907-2	SPK4001	Falling	907	дұрыс	дұрыс	linguistic	_		End=1029.194
908-0	SPK4001	Continuing	908	Өзім	Өзім	linguistic	_		Begin=1030.067
908-1	SPK4001	Continuing	908	ойладым	ойладым	linguistic	_		End=1030.523
909-0	SPK4001	Continuing	909	ішімнен	ішімнен	linguistic	_		Begin=1030.523
909-1	SPK4001	Continuing	909	құлайтын	құлайтын	linguistic	_		
909-2	SPK4001	Continuing	909	шығармын	шығармын	linguistic	_		End=1031.660
910-0	SPK4001	Falling	910	деп	деп	linguistic	_		Begin=1031.660|End=1031.917
911-0	SPK4001	Continuing	911	Өзімнің	Өзімнің	linguistic	_		Begin=1033.481|End=1033.825
912-0	SPK4001	Continuing	912	денемді	денемді	linguistic	_		Begin=1033.838
912-1	SPK4001	Continuing	912	дұрыс	дұрыс	linguistic	_		
912-2	SPK4001	Continuing	912	басқара	басқара	linguistic	_		
912-3	SPK4001	Continuing	912	алмаймын	алмаймын	linguistic	_		
912-4	SPK4001	Continuing	912	ба	ба	linguistic	_		End=1034.920
913-0	SPK4001	Falling	913	сондай	сондай	linguistic	_		Begin=1034.920
913-1	SPK4001	Falling	913	бірдеңе	бірдеңе	linguistic	_		End=1036.037
914-0	SPK4002	Falling	914	Мхм	Мхм	linguistic	_		Begin=1035.818|End=1036.234
915-0	SPK4001	Continuing	915	Еще	Еще	linguistic	_		Begin=1036.311|End=1036.534
916-0	SPK4001	Interrupted	916	дұрыс	дұрыс	linguistic	_		Begin=1036.761
916-1	SPK4001	Interrupted	916	құлау—	құлау	linguistic	_	Interrupted=Yes	End=1037.702
917-0	SPK4001	undefined	917	Ugh	Ugh	linguistic	_		Begin=1038.187|End=1038.416
918-0	SPK4001	Continuing	918	білу	білу	linguistic	_		Begin=1038.630
918-1	SPK4001	Continuing	918	керек	керек	linguistic	_		
918-2	SPK4001	Continuing	918	қой	қой	linguistic	_		End=1039.100
919-0	SPK4001	Falling	919	оны	оны	linguistic	_		Begin=1039.210
919-1	SPK4001	Falling	919	үйрену	үйрену	linguistic	_		
919-2	SPK4001	Falling	919	керек	керек	linguistic	_		
919-3	SPK4001	Falling	919	қой	қой	linguistic	_		End=1040.238
920-0	SPK4001	Continuing	920	Паркурлар	Паркурлар	linguistic	_		Begin=1041.223
920-1	SPK4001	Continuing	920	ана	ана	linguistic	_		End=1041.948
921-0	SPK4002	Falling	921	Мхм	Мхм	linguistic	_		Begin=1041.483|End=1042.308
922-0	SPK4001	Falling	922	паркурщиктар	паркурщиктар	linguistic	_		Begin=1042.194|End=1042.657
923-0	SPK4001	Falling	923	Қалай	Қалай	linguistic	_		Begin=1043.880
923-1	SPK4001	Falling	923	құлау	құлау	linguistic	_		
923-2	SPK4001	Falling	923	керек	керек	linguistic	_		
923-3	SPK4001	Falling	923	екенін	екенін	linguistic	_		
923-4	SPK4001	Falling	923	көрсетеді	көрсетеді	linguistic	_		
923-5	SPK4001	Falling	923	ғой	ғой	linguistic	_		End=1044.845
924-0	SPK4001	Continuing	924	Мен	Мен	linguistic	_		Begin=1044.920
924-1	SPK4001	Continuing	924	ойладым	ойладым	linguistic	_		End=1045.515
925-0	SPK4001	Falling	925	мысалы	мысалы	linguistic	_		Begin=1045.515|End=1045.932
926-0	SPK4001	Continuing	926	Құласам	Құласам	linguistic	_		Begin=1046.577|End=1046.932
927-0	SPK4001	Continuing	927	қолмен	қолмен	linguistic	_		Begin=1046.932
927-1	SPK4001	Continuing	927	тіреп	тіреп	linguistic	_		
927-2	SPK4001	Continuing	927	қалсам	қалсам	linguistic	_		End=1047.771
928-0	SPK4001	Falling	928	қолым	қолым	linguistic	_		Begin=1047.771
928-1	SPK4001	Falling	928	ауырып	ауырып	linguistic	_		
928-2	SPK4001	Falling	928	кетеді	кетеді	linguistic	_		End=1048.550
929-0	SPK4001	undefined	929	МММ	МММ	linguistic	_		Begin=1050.272|End=1050.660
930-0	SPK4001	Continuing	930	Артқа	Артқа	linguistic	_		Begin=1051.429
930-1	SPK4001	Continuing	930	қарай	қарай	linguistic	_		
930-2	SPK4001	Continuing	930	сол	сол	linguistic	_		End=1051.820
931-0	SPK4001	Continuing	931	жүріп	жүріп	linguistic	_		Begin=1051.820
931-1	SPK4001	Continuing	931	бара	бара	linguistic	_		
931-2	SPK4001	Continuing	931	отырғанда	отырғанда	linguistic	_		End=1052.726
932-0	SPK4001	Continuing	932	адамдарға	адамдарға	linguistic	_		Begin=1053.562
932-1	SPK4001	Continuing	932	айтқанда	айтқанда	linguistic	_		End=1054.481
933-0	SPK4001	undefined	933	кроссовкаң	кроссовкаң	linguistic	_		Begin=1054.718|End=1055.468
934-0	SPK4001	Continuing	934	не	не	linguistic	_		Begin=1056.710|End=1056.961
935-0	SPK4001	Continuing	935	полға	полға	linguistic	_		Begin=1057.751
935-1	SPK4001	Continuing	935	дейтін	дейтін	linguistic	_		End=1058.214
936-0	SPK4001	Falling	936	тіреліп	тіреліп	linguistic	_		Begin=1058.214
936-1	SPK4001	Falling	936	қалды	қалды	linguistic	_		
936-2	SPK4001	Falling	936	деп	деп	linguistic	_		
936-3	SPK4001	Falling	936	айтам	айтам	linguistic	_		End=1059.281
937-0	SPK4001	Continuing	937	Бірақ	Бірақ	linguistic	_		Begin=1060.167
937-1	SPK4001	Continuing	937	сол	сол	linguistic	_		End=1060.657
938-0	SPK4001	Rising	938	ештеңе	ештеңе	linguistic	_		Begin=1060.657
938-1	SPK4001	Rising	938	тірелмеген	тірелмеген	linguistic	_		
938-2	SPK4001	Rising	938	не	не	linguistic	_		
938-3	SPK4001	Rising	938	сияқты	сияқты	linguistic	_		
938-4	SPK4001	Rising	938	ма	ма	linguistic	_		End=1062.235
939-0	SPK4001	Continuing	939	Просто	Просто	linguistic	_		Begin=1062.235
939-1	SPK4001	Continuing	939	өзім	өзім	linguistic	_		End=1062.684
940-0	SPK4001	Continuing	940	аяғымды	аяғымды	linguistic	_		Begin=1062.684
940-1	SPK4001	Continuing	940	көтере	көтере	linguistic	_		
940-2	SPK4001	Continuing	940	алмай	алмай	linguistic	_		End=1064.141
941-0	SPK4001	Continuing	941	әйтеуір	әйтеуір	linguistic	_		Begin=1064.964|End=1065.293
942-0	SPK4002	undefined	942	Мхм	Мхм	linguistic	_		Begin=1065.174|End=1065.496
943-0	SPK4002	Continuing	943	А	А	linguistic	_		Begin=1066.895
943-1	SPK4002	Continuing	943	иә	иә	linguistic	_		
943-2	SPK4002	Continuing	943	иә	иә	linguistic	_		
943-3	SPK4002	Continuing	943	иә	иә	linguistic	_		End=1067.476
944-0	SPK4002	Continuing	944	енді	енді	linguistic	_		Begin=1067.476|End=1067.840
945-0	SPK4002	Falling	945	есіме	есіме	linguistic	_		Begin=1067.840
945-1	SPK4002	Falling	945	түсті	түсті	linguistic	_		End=1068.416
946-0	SPK4001	Falling	946	иә	иә	linguistic	_		Begin=1068.693|End=1069.029
947-0	SPK4001	Continuing	947	Отырып	Отырып	linguistic	_		Begin=1069.496
947-1	SPK4001	Continuing	947	қалдым	қалдым	linguistic	_		End=1070.188
948-0	SPK4001	Falling	948	жерге	жерге	linguistic	_		Begin=1071.013|End=1071.375
949-0	SPK4001	Continuing	949	А	А	linguistic	_		Begin=1071.885
949-1	SPK4001	Continuing	949	нормально	нормально	linguistic	_		
949-2	SPK4001	Continuing	949	шығар	шығар	linguistic	_		End=1072.590
950-0	SPK4001	Continuing	950	деп	деп	linguistic	_		Begin=1072.590
950-1	SPK4001	Continuing	950	ойладым	ойладым	linguistic	_		
950-2	SPK4001	Continuing	950	да	да	linguistic	_		End=1073.369
951-0	SPK4001	Continuing	951	сосын	сосын	linguistic	_		Begin=1074.422|End=1074.785
952-0	SPK4001	Continuing	952	қозғалайын	қозғалайын	linguistic	_		Begin=1075.042
952-1	SPK4001	Continuing	952	десем	десем	linguistic	_		End=1075.745
953-0	SPK4001	Falling	953	қозғала	қозғала	linguistic	_		Begin=1075.845
953-1	SPK4001	Falling	953	алмаймын	алмаймын	linguistic	_		
953-2	SPK4001	Falling	953	ғой	ғой	linguistic	_		End=1076.563
954-0	SPK4001	Continuing	954	Дем	Дем	linguistic	_		Begin=1077.127
954-1	SPK4001	Continuing	954	ала	ала	linguistic	_		
954-2	SPK4001	Continuing	954	алмаймын	алмаймын	linguistic	_		End=1077.771
955-0	SPK4001	Continuing	955	как	как	linguistic	_		Begin=1078.613
955-1	SPK4001	Continuing	955	бы	бы	linguistic	_		End=1079.425
956-0	SPK4001	Continuing	956	белім	белім	linguistic	_		Begin=1080.000|End=1080.234
957-0	SPK4001	Continuing	957	арқам	арқам	linguistic	_		Begin=1080.234|End=1080.516
958-0	SPK4001	Continuing	958	барлығы	барлығы	linguistic	_		Begin=1080.516|End=1081.053
959-0	SPK4001	undefined	959	омыртˈқам	омыртˈқам	linguistic	_		Begin=1081.053
959-1	SPK4001	undefined	959	бүйˈтіп	бүйˈтіп	linguistic	_		End=1081.745
960-0	SPK4002	undefined	960	Мхм	Мхм	linguistic	_		Begin=1082.373|End=1082.575
961-0	SPK4001	Continuing	961	не	не	linguistic	_		Begin=1083.241
961-1	SPK4001	Continuing	961	істеп	істеп	linguistic	_		End=1083.513
962-0	SPK4001	Continuing	962	тоқ	тоқ	linguistic	_		Begin=1083.630
962-1	SPK4001	Continuing	962	соққан	соққан	linguistic	_		End=1083.932
963-0	SPK4001	Falling	963	сияқты	сияқты	linguistic	_		Begin=1083.932
963-1	SPK4001	Falling	963	болып	болып	linguistic	_		
963-2	SPK4001	Falling	963	кетті	кетті	linguistic	_		End=1084.865
964-0	SPK4001	undefined	964	Тоқ	Тоқ	linguistic	_		Begin=1086.044
964-1	SPK4001	undefined	964	соққан	соққан	linguistic	_		
964-2	SPK4001	undefined	964	да	да	linguistic	_		
964-3	SPK4001	undefined	964	емес	емес	linguistic	_		
964-4	SPK4001	undefined	964	даже	даже	linguistic	_		End=1087.119
965-0	SPK4001	Continuing	965	просто	просто	linguistic	_		Begin=1087.563|End=1087.852
966-0	SPK4001	Falling	966	қозғалмай	қозғалмай	linguistic	_		Begin=1087.879
966-1	SPK4001	Falling	966	қалды	қалды	linguistic	_		
966-2	SPK4001	Falling	966	ғой	ғой	linguistic	_		End=1088.873
967-0	SPK4001	Falling	967	Дем	Дем	linguistic	_		Begin=1089.896
967-1	SPK4001	Falling	967	ала	ала	linguistic	_		
967-2	SPK4001	Falling	967	алмай	алмай	linguistic	_		
967-3	SPK4001	Falling	967	қалдым	қалдым	linguistic	_		End=1090.657
968-0	SPK4001	Continuing	968	Мына	Мына	linguistic	_		Begin=1090.657|End=1091.044
969-0	SPK4001	Falling	969	өкпем	өкпем	linguistic	_		Begin=1091.422
969-1	SPK4001	Falling	969	дейтін	дейтін	linguistic	_		End=1092.114
970-0	SPK4001	Continuing	970	Просто	Просто	linguistic	_		Begin=1093.255|End=1093.597
971-0	SPK4001	Continuing	971	бір	бір	linguistic	_		Begin=1094.494|End=1094.935
972-0	SPK4001	Continuing	972	неде	неде	linguistic	_		Begin=1095.400
972-1	SPK4001	Continuing	972	тоқтап	тоқтап	linguistic	_		End=1095.732
973-0	SPK4001	Continuing	973	қалған	қалған	linguistic	_		Begin=1095.818
973-1	SPK4001	Continuing	973	сияқты	сияқты	linguistic	_		End=1096.483
974-0	SPK4001	Falling	974	тұрып	тұрып	linguistic	_		Begin=1096.483
974-1	SPK4001	Falling	974	қалған	қалған	linguistic	_		
974-2	SPK4001	Falling	974	сияқты	сияқты	linguistic	_		End=1097.375
975-0	SPK4001	Falling	975	Содан	Содан	linguistic	_		Begin=1100.720
975-1	SPK4001	Falling	975	екі	екі	linguistic	_		
975-2	SPK4001	Falling	975	апта	апта	linguistic	_		
975-3	SPK4001	Falling	975	үйде	үйде	linguistic	_		
975-4	SPK4001	Falling	975	жаттым:	жаттым	linguistic	_	Prolongation=5	End=1102.313
976-0	SPK4001	Continuing	976	Дем	Дем	linguistic	_		Begin=1103.147
976-1	SPK4001	Continuing	976	алдым:	алдым	linguistic	_	Prolongation=4	End=1103.731
977-0	SPK4001	Falling	977	деген	деген	linguistic	_		Begin=1103.758
977-1	SPK4001	Falling	977	сияқты	сияқты	linguistic	_		End=1104.422
978-0	SPK4002	undefined	978	МММ	МММ	linguistic	_		Begin=1104.516|End=1105.120
979-0	SPK4001	Continuing	979	Одан	Одан	linguistic	_		Begin=1105.147
979-1	SPK4001	Continuing	979	кейін	кейін	linguistic	_		
979-2	SPK4001	Continuing	979	сосын	сосын	linguistic	_		End=1105.704
980-0	SPK4001	Falling	980	жарты	жарты	linguistic	_		Begin=1105.704
980-1	SPK4001	Falling	980	жыл	жыл	linguistic	_		
980-2	SPK4001	Falling	980	денеге	денеге	linguistic	_		
980-3	SPK4001	Falling	980	дұрыс	дұрыс	linguistic	_		
980-4	SPK4001	Falling	980	қатыспадым	қатыспадым	linguistic	_		End=1107.295
981-0	SPK4001	Continuing	981	Белім	Белім	linguistic	_		Begin=1107.295
981-1	SPK4001	Continuing	981	ауырады	ауырады	linguistic	_		End=1107.832
982-0	SPK4001	Continuing	982	белім	белім	linguistic	_		Begin=1107.832
982-1	SPK4001	Continuing	982	ауырады	ауырады	linguistic	_		End=1108.449
983-0	SPK4001	Falling	983	деп	деп	linguistic	_		Begin=1108.449
983-1	SPK4001	Falling	983	қоясың	қоясың	linguistic	_		End=1108.890
984-0	SPK4001	Continuing	984	Бүйтіп	Бүйтіп	linguistic	_		Begin=1108.890|End=1109.125
985-0	SPK4001	Continuing	985	жайлап:	жайлап	linguistic	_	Prolongation=5	Begin=1109.125|End=1109.735
986-0	SPK4001	Continuing	986	өзіңнің	өзіңнің	linguistic	_		Begin=1109.735
986-1	SPK4001	Continuing	986	йогаңды	йогаңды	linguistic	_		
986-2	SPK4001	Continuing	986	істейсің	істейсің	linguistic	_		
986-3	SPK4001	Continuing	986	ба	ба	linguistic	_		End=1110.865
987-0	SPK4001	Continuing	987	не	не	linguistic	_		Begin=1110.865
987-1	SPK4001	Continuing	987	істейсің	істейсің	linguistic	_		End=1111.463
988-0	SPK4001	Continuing	988	отырасың	отырасың	linguistic	_		Begin=1111.859
988-1	SPK4001	Continuing	988	ба	ба	linguistic	_		End=1112.637
989-0	SPK4001	Continuing	989	ешқандай	ешқандай	linguistic	_		Begin=1114.530
989-1	SPK4001	Continuing	989	медицинский	медицинский	linguistic	_		End=1115.778
990-0	SPK4001	undefined	990	(H)	(H)	_	_		Begin=1116.082|End=1116.724
991-0	SPK4001	Falling	991	нем	нем	linguistic	_		Begin=1118.067
991-1	SPK4001	Falling	991	жоқ	жоқ	linguistic	_		End=1118.402
992-0	SPK4001	Continuing	992	Қағазым	Қағазым	linguistic	_		Begin=1118.402
992-1	SPK4001	Continuing	992	жоқ	жоқ	linguistic	_		
992-2	SPK4001	Continuing	992	бірақ	бірақ	linguistic	_		End=1119.214
993-0	SPK4001	Continuing	993	мұғалім	мұғалім	linguistic	_		Begin=1120.043
993-1	SPK4001	Continuing	993	енді	енді	linguistic	_		End=1120.422
994-0	SPK4001	Continuing	994	көрді	көрді	linguistic	_		Begin=1120.449
994-1	SPK4001	Continuing	994	ғой	ғой	linguistic	_		End=1121.141
995-0	SPK4001	Falling	995	құлап	құлап	linguistic	_		Begin=1121.196
995-1	SPK4001	Falling	995	қалғанымды	қалғанымды	linguistic	_		End=1122.189
996-0	SPK4001	Continuing	996	и	и	linguistic	_		Begin=1122.335|End=1123.026
997-0	SPK4001	Continuing	997	сен	сен	linguistic	_		Begin=1123.268|End=1123.711
998-0	SPK4001	Continuing	998	жүгірмей	жүгірмей	linguistic	_		Begin=1124.114
998-1	SPK4001	Continuing	998	ақ	ақ	linguistic	_		
998-2	SPK4001	Continuing	998	қой	қой	linguistic	_		End=1124.680
999-0	SPK4001	Falling	999	дейді	дейді	linguistic	_		Begin=1124.680
999-1	SPK4001	Falling	999	маған	маған	linguistic	_		End=1125.160
1000-0	SPK4001	Continuing	1000	Жарайды	Жарайды	linguistic	_		Begin=1125.286
1000-1	SPK4001	Continuing	1000	жарайды	жарайды	linguistic	_		End=1126.462
1001-0	SPK4001	Falling	1001	рахмет	рахмет	linguistic	_		Begin=1126.839
1001-1	SPK4001	Falling	1001	апай	апай	linguistic	_		
1001-2	SPK4001	Falling	1001	деп	деп	linguistic	_		End=1127.646
1002-0	SPK4002	Continuing	1002	Сол	Сол	linguistic	_		Begin=1129.060
1002-1	SPK4002	Continuing	1002	апай	апай	linguistic	_		
1002-2	SPK4002	Continuing	1002	болды	болды	linguistic	_		
1002-3	SPK4002	Continuing	1002	ма	ма	linguistic	_		
1002-4	SPK4002	Continuing	1002	не	не	linguistic	_		End=1129.698
1003-0	SPK4001	Falling	1003	Күшті	Күшті	linguistic	_		Begin=1129.120|End=1129.731
1004-0	SPK4002	Rising	1004	сендерде	сендерде	linguistic	_		Begin=1129.698|End=1130.490
1005-0	SPK4001	Interrupted	1005	Бізде	Бізде	linguistic	_		Begin=1131.678
1005-1	SPK4001	Interrupted	1005	былай	былай	linguistic	_		
1005-2	SPK4001	Interrupted	1005	болды—	болды	linguistic	_	Interrupted=Yes	End=1132.335
1006-0	SPK4001	undefined	1006	Ugh	Ugh	linguistic	_		Begin=1132.335|End=1132.997
1007-0	SPK4001	Continuing	1007	Ер	Ер	linguistic	_		Begin=1133.537
1007-1	SPK4001	Continuing	1007	балаларға	балаларға	linguistic	_		End=1134.382
1008-0	SPK4001	Falling	1008	ағай	ағай	linguistic	_		Begin=1134.583|End=1134.926
1009-0	SPK4002	Falling	1009	Мхм	Мхм	linguistic	_		Begin=1135.322|End=1135.617
1010-0	SPK4001	Continuing	1010	Біздерге	Біздерге	linguistic	_		Begin=1136.310|End=1136.575
1011-0	SPK4001	Continuing	1011	қыздарға	қыздарға	linguistic	_		Begin=1136.575|End=1136.925
1012-0	SPK4001	Falling	1012	апай	апай	linguistic	_		Begin=1136.925|End=1137.452
1013-0	SPK4002	undefined	1013	ААА	ААА	linguistic	_		Begin=1137.164|End=1137.570
1014-0	SPK4002	undefined	1014	###	###	unknown	_		Begin=1137.570|End=1138.147
1015-0	SPK4002	Falling	1015	күшті	күшті	linguistic	_		Begin=1138.147|End=1138.597
1016-0	SPK4001	Continuing	1016	Бірақ	Бірақ	linguistic	_		Begin=1140.027
1016-1	SPK4001	Continuing	1016	жақсы	жақсы	linguistic	_		
1016-2	SPK4001	Continuing	1016	дегенде	дегенде	linguistic	_		End=1140.934
1017-0	SPK4001	undefined	1017	Ugh	Ugh	linguistic	_		Begin=1141.572|End=1142.015
1018-0	SPK4001	Continuing	1018	Екі	Екі	linguistic	_		Begin=1143.597|End=1144.161
1019-0	SPK4001	Falling	1019	класта	класта	linguistic	_		Begin=1144.396
1019-1	SPK4001	Falling	1019	қатар	қатар	linguistic	_		
1019-2	SPK4001	Falling	1019	өтеді	өтеді	linguistic	_		
1019-3	SPK4001	Falling	1019	ғой	ғой	linguistic	_		End=1145.476
1020-0	SPK4002	undefined	1020	Мхм	Мхм	linguistic	_		Begin=1145.446|End=1145.864
1021-0	SPK4001	Continuing	1021	Орыс	Орыс	linguistic	_		Begin=1145.903
1021-1	SPK4001	Continuing	1021	класының	класының	linguistic	_		
1021-2	SPK4001	Continuing	1021	апайы	апайы	linguistic	_		End=1146.812
1022-0	SPK4001	Continuing	1022	кішкене	кішкене	linguistic	_		Begin=1147.570|End=1147.939
1023-0	SPK4002	Rising	1023	Жастау	Жастау	linguistic	_		Begin=1148.335|End=1148.885
1024-0	SPK4001	Falling	1024	жақсырақ	жақсырақ	linguistic	_		Begin=1148.362
1024-1	SPK4001	Falling	1024	жаттығулар	жаттығулар	linguistic	_		
1024-2	SPK4001	Falling	1024	істейді	істейді	linguistic	_		End=1149.684
1025-0	SPK4002	undefined	1025	ААА	ААА	linguistic	_		Begin=1149.854|End=1150.161
1026-0	SPK4001	Continuing	1026	Енді	Енді	linguistic	_		Begin=1150.785|End=1150.899
1027-0	SPK4001	Continuing	1027	Ютубтан	Ютубтан	linguistic	_		Begin=1150.932
1027-1	SPK4001	Continuing	1027	қарағанда	қарағанда	linguistic	_		End=1151.825
1028-0	SPK4001	Rising	1028	көресің	көресің	linguistic	_		Begin=1151.850
1028-1	SPK4001	Rising	1028	ғой	ғой	linguistic	_		End=1152.671
1029-0	SPK4002	undefined	1029	Мхм	Мхм	linguistic	_		Begin=1152.698|End=1153.047
1030-0	SPK4001	Falling	1030	Там	Там	linguistic	_		Begin=1153.987
1030-1	SPK4001	Falling	1030	как	как	linguistic	_		End=1154.424
1031-0	SPK4001	Continuing	1031	Бәрін	Бәрін	linguistic	_		Begin=1155.606|End=1156.067
1032-0	SPK4001	Continuing	1032	по	по	linguistic	_		Begin=1156.087
1032-1	SPK4001	Continuing	1032	правилам	правилам	linguistic	_		End=1157.044
1033-0	SPK4001	Continuing	1033	қалай	қалай	linguistic	_		Begin=1158.064
1033-1	SPK4001	Continuing	1033	отыру	отыру	linguistic	_		
1033-2	SPK4001	Continuing	1033	керек	керек	linguistic	_		End=1158.711
1034-0	SPK4001	Falling	1034	қалай	қалай	linguistic	_		Begin=1158.731
1034-1	SPK4001	Falling	1034	тұру	тұру	linguistic	_		
1034-2	SPK4001	Falling	1034	керек	керек	linguistic	_		End=1159.604
1035-0	SPK4001	Continuing	1035	Қай	Қай	linguistic	_		Begin=1159.617
1035-1	SPK4001	Continuing	1035	жеріңді	жеріңді	linguistic	_		End=1160.352
1036-0	SPK4001	undefined	1036	Ugh	Ugh	linguistic	_		Begin=1161.094|End=1161.542
1037-0	SPK4001	Continuing	1037	бүйтіп	бүйтіп	linguistic	_		Begin=1161.756|End=1161.953
1038-0	SPK4001	Continuing	1038	қою	қою	linguistic	_		Begin=1162.311
1038-1	SPK4001	Continuing	1038	керек	керек	linguistic	_		End=1162.691
1039-0	SPK4001	Falling	1039	қолыңды	қолыңды	linguistic	_		Begin=1162.691
1039-1	SPK4001	Falling	1039	былай	былай	linguistic	_		
1039-2	SPK4001	Falling	1039	істейсің	істейсің	linguistic	_		End=1163.721
1040-0	SPK4001	Continuing	1040	Ортасында	Ортасында	linguistic	_		Begin=1164.848|End=1165.281
1041-0	SPK4001	Continuing	1041	ана	ана	linguistic	_		Begin=1165.281|End=1165.875
1042-0	SPK4001	Continuing	1042	бұрышы	бұрышы	linguistic	_		Begin=1166.324
1042-1	SPK4001	Continuing	1042	тоқсан	тоқсан	linguistic	_		End=1167.302
1043-0	SPK4001	Falling	1043	градус	градус	linguistic	_		Begin=1167.302
1043-1	SPK4001	Falling	1043	болу	болу	linguistic	_		
1043-2	SPK4001	Falling	1043	керек	керек	linguistic	_		
1043-3	SPK4001	Falling	1043	деп	деп	linguistic	_		End=1168.230
1044-0	SPK4001	Continuing	1044	Соның	Соның	linguistic	_		Begin=1168.684
1044-1	SPK4001	Continuing	1044	бәрін	бәрін	linguistic	_		
1044-2	SPK4001	Continuing	1044	айтады	айтады	linguistic	_		End=1169.154
1045-0	SPK4001	Continuing	1045	а	а	linguistic	_		Begin=1169.154
1045-1	SPK4001	Continuing	1045	біздің	біздің	linguistic	_		
1045-2	SPK4001	Continuing	1045	апай	апай	linguistic	_		End=1170.188
1046-0	SPK4001	Continuing	1046	кішкене	кішкене	linguistic	_		Begin=1171.147|End=1171.677
1047-0	SPK4001	Falling	1047	үлкендеу	үлкендеу	linguistic	_		Begin=1172.563
1047-1	SPK4001	Falling	1047	ғой	ғой	linguistic	_		
1047-2	SPK4001	Falling	1047	енді	енді	linguistic	_		End=1173.476
1048-0	SPK4002	Falling	1048	Бәрібір	Бәрібір	linguistic	_		Begin=1173.912
1048-1	SPK4002	Falling	1048	деп	деп	linguistic	_		
1048-2	SPK4002	Falling	1048	айтсаңшы	айтсаңшы	linguistic	_		End=1174.664
1049-0	SPK4001	Falling	1049	иә	иә	linguistic	_		Begin=1174.745
1049-1	SPK4001	Falling	1049	бәрібір	бәрібір	linguistic	_		End=1175.389
1050-0	SPK4001	Falling	1050	Бірақ	Бірақ	linguistic	_		Begin=1177.006
1050-1	SPK4001	Falling	1050	көп	көп	linguistic	_		
1050-2	SPK4001	Falling	1050	ұрыспады	ұрыспады	linguistic	_		End=1177.804
1051-0	SPK4002	Continuing	1051	¬Дина	Дина	linguistic	_	Anonymized=Yes	Begin=1183.003|End=1183.562
1052-0	SPK4002	Interrupted	1052	К—	К	linguistic	_	Interrupted=Yes	Begin=1183.671|End=1184.073
1053-0	SPK4002	Continuing	1053	кетіп	кетіп	linguistic	_		Begin=1184.073
1053-1	SPK4002	Continuing	1053	қалды	қалды	linguistic	_		
1053-2	SPK4002	Continuing	1053	ғой	ғой	linguistic	_		End=1184.724
1054-0	SPK4002	Rising	1054	Алматыға	Алматыға	linguistic	_		Begin=1184.724|End=1185.496
1055-0	SPK4001	Falling	1055	иә	иә	linguistic	_		Begin=1185.476|End=1185.775
1056-0	SPK4002	Continuing	1056	Сол	Сол	linguistic	_		Begin=1186.027
1056-1	SPK4002	Continuing	1056	маған	маған	linguistic	_		End=1186.446
1057-0	SPK4002	Continuing	1057	бірі	бірі	linguistic	_		Begin=1186.624
1057-1	SPK4002	Continuing	1057	күні	күні	linguistic	_		
1057-2	SPK4002	Continuing	1057	сияқты	сияқты	linguistic	_		
1057-3	SPK4002	Continuing	1057	болып	болып	linguistic	_		End=1187.308
1058-0	SPK4002	Falling	1058	көрініп	көрініп	linguistic	_		Begin=1187.308
1058-1	SPK4002	Falling	1058	тұр	тұр	linguistic	_		End=1188.123
1059-0	SPK4002	Interrupted	1059	Как	Как	linguistic	_		Begin=1188.899
1059-1	SPK4002	Interrupted	1059	будто—	будто	linguistic	_	Interrupted=Yes	End=1189.335
1060-0	SPK4001	Continuing	1060	Өзің	Өзің	linguistic	_		Begin=1189.012
1060-1	SPK4001	Continuing	1060	бармағасын	бармағасын	linguistic	_		End=1190.026
1061-0	SPK4001	Rising	1061	солай	солай	linguistic	_		Begin=1190.033
1061-1	SPK4001	Rising	1061	көрінеді	көрінеді	linguistic	_		
1061-2	SPK4001	Rising	1061	ма	ма	linguistic	_		End=1190.926
1062-0	SPK4002	Continuing	1062	Бірнеше	Бірнеше	linguistic	_		Begin=1190.798
1062-1	SPK4002	Continuing	1062	күн	күн	linguistic	_		End=1191.396
1063-0	SPK4001	Falling	1063	Сыртынан	Сыртынан	linguistic	_		Begin=1190.926|End=1191.630
1064-0	SPK4002	Continuing	1064	емес	емес	linguistic	_		Begin=1191.396|End=1191.865
1065-0	SPK4002	Continuing	1065	##	##	unknown	_		Begin=1192.246|End=1192.640
1066-0	SPK4002	Continuing	1066	жоқ	жоқ	linguistic	_		Begin=1192.640|End=1192.962
1067-0	SPK4002	Continuing	1067	қасымызда	қасымызда	linguistic	_		Begin=1193.224|End=1194.046
1068-0	SPK4001	Falling	1068	иә	иә	linguistic	_		Begin=1194.013
1068-1	SPK4001	Falling	1068	иә	иә	linguistic	_		End=1194.723
1069-0	SPK4002	Continuing	1069	жүрмегесін	жүрмегесін	linguistic	_		Begin=1194.053|End=1194.818
1070-0	SPK4002	undefined	1070	ААА	ААА	linguistic	_		Begin=1195.051|End=1195.433
1071-0	SPK4002	Continuing	1071	бір	бір	linguistic	_		Begin=1196.053|End=1196.255
1072-0	SPK4002	Rising	1072	бір	бір	linguistic	_		Begin=1196.281
1072-1	SPK4002	Rising	1072	екі	екі	linguistic	_		
1072-2	SPK4002	Rising	1072	күн	күн	linguistic	_		
1072-3	SPK4002	Rising	1072	ба	ба	linguistic	_		End=1197.000
1073-0	SPK4002	Continuing	1073	Сондай	Сондай	linguistic	_		Begin=1197.013
1073-1	SPK4002	Continuing	1073	сияқты	сияқты	linguistic	_		End=1197.330
1074-0	SPK4002	Falling	1074	бір	бір	linguistic	_		Begin=1197.330|End=1197.463
1075-0	SPK4002	Falling	1075	Ощущение	Ощущение	linguistic	_		Begin=1198.014
1075-1	SPK4002	Falling	1075	сондай	сондай	linguistic	_		End=1198.993
1076-0	SPK4001	undefined	1076	Hx)	Hx)	paraverbal	_		Begin=1198.050|End=1198.570
1077-0	SPK4001	Continuing	1077	Еще	Еще	linguistic	_		Begin=1199.416
1077-1	SPK4001	Continuing	1077	жазып	жазып	linguistic	_		
1077-2	SPK4001	Continuing	1077	қоям	қоям	linguistic	_		
1077-3	SPK4001	Continuing	1077	десеңші	десеңші	linguistic	_		End=1200.268
1078-0	SPK4001	Continuing	1078	сағындым:	сағындым	linguistic	_	Prolongation=7	Begin=1200.281|End=1200.926
1079-0	SPK4001	Falling	1079	бірдеңе	бірдеңе	linguistic	_		Begin=1200.926
1079-1	SPK4001	Falling	1079	деп	деп	linguistic	_		End=1201.416
1080-0	SPK4002	Falling	1080	Соны:	Соны	linguistic	_	Prolongation=3	Begin=1201.476
1080-1	SPK4002	Falling	1080	айтам	айтам	linguistic	_		End=1202.127
1081-0	SPK4001	Rising	1081	Өтірік	Өтірік	linguistic	_		Begin=1202.562
1081-1	SPK4001	Rising	1081	жазып	жазып	linguistic	_		
1081-2	SPK4001	Rising	1081	отырсың	отырсың	linguistic	_		
1081-3	SPK4001	Rising	1081	ба	ба	linguistic	_		
1081-4	SPK4001	Rising	1081	не	не	linguistic	_		End=1203.623
1082-0	SPK4002	undefined	1082	ААА	ААА	linguistic	_		Begin=1204.047|End=1204.235
1083-0	SPK4001	Interrupted	1083	Ну—	Ну	linguistic	_	Interrupted=Yes	Begin=1204.167|End=1204.537
1084-0	SPK4002	Falling	1084	Шын	Шын	linguistic	_		Begin=1204.255|End=1204.680
1085-0	SPK4001	Falling	1085	Типо	Типо	linguistic	_		Begin=1204.745
1085-1	SPK4001	Falling	1085	типо	типо	linguistic	_		End=1205.698
1086-0	SPK4002	Continuing	1086	Мен	Мен	linguistic	_		Begin=1205.080
1086-1	SPK4002	Continuing	1086	наоборот	наоборот	linguistic	_		
1086-2	SPK4002	Continuing	1086	сол	сол	linguistic	_		End=1205.430
1087-0	SPK4002	Falling	1087	###	###	unknown	_		Begin=1205.430|End=1206.105
1088-0	SPK4002	undefined	1088	CLICKIN	CLICKIN	paraverbal	_		Begin=1206.210
1088-1	SPK4002	undefined	1088	THE	THE	linguistic	_		
1088-2	SPK4002	undefined	1088	TONGUE)	TONGUE)	linguistic	_		End=1206.355
1089-0	SPK4002	Continuing	1089	Эх	Эх	linguistic	_		Begin=1206.355|End=1206.565
1090-0	SPK4002	Continuing	1090	¬Дина	Дина	linguistic	_	Anonymized=Yes	Begin=1206.760
1090-1	SPK4002	Continuing	1090	болса	болса	linguistic	_		End=1207.230
1091-0	SPK4002	Continuing	1091	қазір	қазір	linguistic	_		Begin=1207.230|End=1207.535
1092-0	SPK4002	Continuing	1092	бүйтетін	бүйтетін	linguistic	_		Begin=1207.535
1092-1	SPK4002	Continuing	1092	сөйтетін	сөйтетін	linguistic	_		
1092-2	SPK4002	Continuing	1092	еді	еді	linguistic	_		End=1208.380
1093-0	SPK4002	Falling	1093	бүйтіп	бүйтіп	linguistic	_		Begin=1208.395
1093-1	SPK4002	Falling	1093	айтатын	айтатын	linguistic	_		
1093-2	SPK4002	Falling	1093	еді	еді	linguistic	_		End=1209.330
