token_id	speaker	iu_type	tu_id	span	form	type	modality	features	align
0-0	SPK6010	Continuing	0	(H)	(H)	_			Begin=0.150
0-1	SPK6010	Continuing	0	Да,	Да	linguistic			End=1.107
1-0	SPK6010	Continuing	1	сабақ,	сабақ	linguistic			Begin=1.170|End=1.659
2-0	SPK6010	Falling	2	сабақ	сабақ	linguistic			Begin=1.851
2-1	SPK6010	Falling	2	бітті	бітті	linguistic			
2-2	SPK6010	Falling	2	уже.	уже	linguistic			End=2.760
3-0	SPK6010	Continuing	3	Че,	Че	linguistic			Begin=2.934
3-1	SPK6010	Continuing	3	как	как	linguistic			
3-2	SPK6010	Continuing	3	курс,	курс	linguistic			End=3.633
4-0	SPK6010	Continuing	4	бітірдіңдер,	бітірдіңдер	linguistic			Begin=3.779|End=4.528
5-0	SPK6010	Rising	5	Spring-та?	Spring-та	linguistic			Begin=4.685|End=5.351
6-0	SPK6011	Falling	6	Керемет.	Керемет	linguistic			Begin=5.749|End=6.339
7-0	SPK6009	undefined	7	(???)	(???)	linguistic			Begin=6.445|End=7.039
8-0	SPK6010	undefined	8	QQQQ	QQQQ	linguistic			Begin=7.197|End=8.605
9-0	SPK6011	undefined	9	QQQ	QQQ	linguistic			Begin=7.299|End=8.169
10-0	SPK6010	Continuing	10	Мен	Мен	linguistic			Begin=11.207
10-1	SPK6010	Continuing	10	главное	главное	linguistic			
10-2	SPK6010	Continuing	10	capstone-ды	capstone-ды	linguistic			
10-3	SPK6010	Continuing	10	тапсырдым,	тапсырдым	linguistic			End=13.026
11-0	SPK6010	Continuing	11	все	все	linguistic			Begin=13.064
11-1	SPK6010	Continuing	11	маған,	маған	linguistic			End=13.596
12-0	SPK6010	Falling	12	кайф.	кайф	linguistic			Begin=13.655|End=14.348
13-0	SPK6009	Rising	13	Capstone-ды	Capstone-ды	linguistic			Begin=16.292
13-1	SPK6009	Rising	13	топпен	топпен	linguistic			
13-2	SPK6009	Rising	13	жазасыңдар	жазасыңдар	linguistic			
13-3	SPK6009	Rising	13	ма?	ма	linguistic			End=17.845
14-0	SPK6010	Rising	14	М?	М	linguistic			Begin=17.856|End=18.448
15-0	SPK6009	Rising	15	Capstone-ды	Capstone-ды	linguistic			Begin=18.485
15-1	SPK6009	Rising	15	топпен	топпен	linguistic			
15-2	SPK6009	Rising	15	жазасыңдар	жазасыңдар	linguistic			
15-3	SPK6009	Rising	15	ма?	ма	linguistic			End=19.782
16-0	SPK6010	Continuing	16	Жоқ,	Жоқ	linguistic			Begin=19.592|End=20.154
17-0	SPK6010	Falling	17	өзің	өзің	linguistic			Begin=21.548
17-1	SPK6010	Falling	17	жазасың.	жазасың	linguistic			End=22.251
18-0	SPK6010	Falling	18	Вообще,	Вообще	linguistic			Begin=25.565
18-1	SPK6010	Falling	18	лингвистика	лингвистика	linguistic			
18-2	SPK6010	Falling	18	capstone	capstone	linguistic			
18-3	SPK6010	Falling	18	какой-то	какой-то	linguistic			
18-4	SPK6010	Falling	18	э.	э	linguistic			End=27.585
19-0	SPK6009	Rising	19	Неге?	Неге	linguistic			Begin=28.905|End=29.459
20-0	SPK6010	Continuing	20	Бір	Бір	linguistic			Begin=31.725
20-1	SPK6010	Continuing	20	жыл,	жыл	linguistic			End=32.451
21-0	SPK6010	Continuing	21	ештеңе	ештеңе	linguistic			Begin=33.786
21-1	SPK6010	Continuing	21	істемейсің,	істемейсің	linguistic			End=34.799
22-0	SPK6010	Falling	22	по	по	linguistic			Begin=35.040
22-1	SPK6010	Falling	22	сути.	сути	linguistic			End=35.662
23-0	SPK6010	Continuing	23	Не	Не	linguistic			Begin=36.756
23-1	SPK6010	Continuing	23	то	то	linguistic			
23-2	SPK6010	Continuing	23	что	что	linguistic			
23-3	SPK6010	Continuing	23	ештеңе	ештеңе	linguistic			
23-4	SPK6010	Continuing	23	іс-,	іс	linguistic		Interrupted=Yes	End=37.575
24-0	SPK6010	Falling	24	тиісе	тиісе	linguistic			Begin=37.672
24-1	SPK6010	Falling	24	береді	береді	linguistic			
24-2	SPK6010	Falling	24	саған.	саған	linguistic			End=38.538
25-0	SPK6010	Falling	25	Мынаны	Мынаны	linguistic			Begin=38.856
25-1	SPK6010	Falling	25	істе,	істе	linguistic			
25-2	SPK6010	Falling	25	мынаны	мынаны	linguistic			
25-3	SPK6010	Falling	25	істе.	істе	linguistic			End=39.960
26-0	SPK6011	Falling	26	М.	М	linguistic			Begin=39.955|End=40.589
27-0	SPK6010	Continuing	27	Literature	Literature	linguistic			Begin=41.142
27-1	SPK6010	Continuing	27	review,	review	linguistic			End=42.060
28-0	SPK6010	Continuing	28	вообще,	вообще	linguistic			Begin=42.109|End=42.674
29-0	SPK6010	Falling	29	бесполезный	бесполезный	linguistic			Begin=43.722
29-1	SPK6010	Falling	29	нәрсе	нәрсе	linguistic			
29-2	SPK6010	Falling	29	болған.	болған	linguistic			End=44.985
30-0	SPK6010	Falling	30	Вот.	Вот	linguistic			Begin=48.749|End=49.361
31-0	SPK6010	Continuing	31	Математикада	Математикада	linguistic			Begin=49.806
31-1	SPK6010	Continuing	31	күшті	күшті	linguistic			
31-2	SPK6010	Continuing	31	capstone,	capstone	linguistic			End=51.458
32-0	SPK6010	Falling	32	бір	бір	linguistic			Begin=51.567
32-1	SPK6010	Falling	32	семестр	семестр	linguistic			
32-2	SPK6010	Falling	32	ғана.	ғана	linguistic			End=52.569
33-0	SPK6010	Falling	33	spring-та.	spring-та	linguistic			Begin=55.993|End=56.709
34-0	SPK6011	Falling	34	М.	М	linguistic			Begin=55.995|End=56.615
35-0	SPK6010	Continuing	35	Еще	Еще	linguistic			Begin=59.297
35-1	SPK6010	Continuing	35	бізде	бізде	linguistic			
35-2	SPK6010	Continuing	35	презентация,	презентация	linguistic			End=60.565
36-0	SPK6010	Continuing	36	capstone-ның,	capstone-ның	linguistic			Begin=61.140|End=61.762
37-0	SPK6010	Continuing	37	прикинь	прикинь	linguistic			Begin=61.856
37-1	SPK6010	Continuing	37	сен	сен	linguistic			
37-2	SPK6010	Continuing	37	бір	бір	linguistic			
37-3	SPK6010	Continuing	37	жыл,	жыл	linguistic			End=63.035
38-0	SPK6010	Continuing	38	проект	проект	linguistic			Begin=63.394
38-1	SPK6010	Continuing	38	істейсің,	істейсің	linguistic			End=64.418
39-0	SPK6010	Continuing	39	и	и	linguistic			Begin=65.021
39-1	SPK6010	Continuing	39	сол	сол	linguistic			
39-2	SPK6010	Continuing	39	проектті	проектті	linguistic			
39-3	SPK6010	Continuing	39	презентация,	презентация	linguistic			End=66.642
40-0	SPK6010	Continuing	40	жасауға,	жасауға	linguistic			Begin=66.715|End=67.448
41-0	SPK6010	Falling	41	саған	саған	linguistic			Begin=67.568
41-1	SPK6010	Falling	41	бес	бес	linguistic			
41-2	SPK6010	Falling	41	минут	минут	linguistic			
41-3	SPK6010	Falling	41	береді.	береді	linguistic			End=68.795
42-0	SPK6011	Falling	42	Это	Это	linguistic			Begin=69.185
42-1	SPK6011	Falling	42	вообще.	вообще	linguistic			End=69.835
43-0	SPK6009	Rising	43	Неге	Неге	linguistic			Begin=71.359
43-1	SPK6009	Rising	43	бес	бес	linguistic			
43-2	SPK6009	Rising	43	минут?	минут	linguistic			End=72.215
44-0	SPK6010	Falling	44	Бес	Бес	linguistic			Begin=72.339
44-1	SPK6010	Falling	44	тире	тире	linguistic			
44-2	SPK6010	Falling	44	жеті.	жеті	linguistic			End=73.542
45-0	SPK6010	Falling	45	Білмеймін.	Білмеймін	linguistic			Begin=73.585|End=74.187
46-0	SPK6010	Continuing	46	Біз	Біз	linguistic			Begin=77.053
46-1	SPK6010	Continuing	46	өзі	өзі	linguistic			
46-2	SPK6010	Continuing	46	көп	көп	linguistic			
46-3	SPK6010	Continuing	46	емеспіз,	емеспіз	linguistic			End=78.190
47-0	SPK6010	Continuing	47	бізге	бізге	linguistic			Begin=78.220
47-1	SPK6010	Continuing	47	можно	можно	linguistic			
47-2	SPK6010	Continuing	47	было	было	linguistic			
47-3	SPK6010	Continuing	47	нормально	нормально	linguistic			
47-4	SPK6010	Continuing	47	уақыт	уақыт	linguistic			
47-5	SPK6010	Continuing	47	беруге,	беруге	linguistic			End=80.077
48-0	SPK6010	Continuing	48	математикарда,	математикарда	linguistic			Begin=80.358|End=81.139
49-0	SPK6010	Continuing	49	или	или	linguistic			Begin=81.219
49-1	SPK6010	Continuing	49	инженерлерда,	инженерлерда	linguistic			
49-2	SPK6010	Continuing	49	біреуінде,	біреуінде	linguistic			End=82.419
50-0	SPK6010	Continuing	50	COUGH	COUGH	paraverbal	_		Begin=82.661
50-1	SPK6010	Continuing	50	отыз	отыз	linguistic			
50-2	SPK6010	Continuing	50	минут,	минут	linguistic			End=83.704
51-0	SPK6010	Falling	51	презентация.	презентация	linguistic			Begin=84.859|End=85.379
52-0	SPK6010	Falling	52	Бізде	Бізде	linguistic			Begin=87.064
52-1	SPK6010	Falling	52	бес.	бес	linguistic			End=87.729
53-0	SPK6009	undefined	53	(Hx)	(Hx)	_			Begin=88.329|End=89.295
54-0	SPK6009	undefined	54	###	###	unknown			Begin=89.907|End=90.699
55-0	SPK6010	Continuing	55	Пока	Пока	linguistic			Begin=90.259
55-1	SPK6010	Continuing	55	теманы	теманы	linguistic			
55-2	SPK6010	Continuing	55	объяснить	объяснить	linguistic			
55-3	SPK6010	Continuing	55	еткенде	еткенде	linguistic			
55-4	SPK6010	Continuing	55	уже,	уже	linguistic			End=92.319
56-0	SPK6010	Falling	56	төрт	төрт	linguistic			Begin=92.859
56-1	SPK6010	Falling	56	минут	минут	linguistic			
56-2	SPK6010	Falling	56	кетеді.	кетеді	linguistic			End=93.709
57-0	SPK6011	Falling	57	Мхм.	Мхм	linguistic			Begin=93.799|End=94.335
58-0	SPK6011	Rising	58	А	А	linguistic			Begin=97.979
58-1	SPK6011	Rising	58	offline-да	offline-да	linguistic			
58-2	SPK6011	Rising	58	қалай	қалай	linguistic			
58-3	SPK6011	Rising	58	болды?	болды	linguistic			End=99.279
59-0	SPK6010	Falling	59	Адамдардың	Адамдардың	linguistic			Begin=101.469
59-1	SPK6010	Falling	59	алдында.	алдында	linguistic			End=102.904
60-0	SPK6011	Rising	60	М,	М	linguistic			Begin=103.075
60-1	SPK6011	Rising	60	қанша	қанша	linguistic			
60-2	SPK6011	Rising	60	минут	минут	linguistic			
60-3	SPK6011	Rising	60	болды?	болды	linguistic			End=104.299
61-0	SPK6010	Falling	61	Білмеймін.	Білмеймін	linguistic			Begin=104.359|End=104.869
62-0	SPK6011	Falling	62	М.	М	linguistic			Begin=105.125|End=105.569
63-0	SPK6011	Falling	63	М,	М	linguistic			Begin=106.522
63-1	SPK6011	Falling	63	көбірек	көбірек	linguistic			
63-2	SPK6011	Falling	63	болған	болған	linguistic			
63-3	SPK6011	Falling	63	шығар	шығар	linguistic			
63-4	SPK6011	Falling	63	по-любому.	по-любому	linguistic			End=108.039
64-0	SPK6010	Falling	64	Мхм.	Мхм	linguistic			Begin=108.019|End=108.554
65-0	SPK6010	Continuing	65	Кажется	Кажется	linguistic			Begin=124.879
65-1	SPK6010	Continuing	65	социологтарда,	социологтарда	linguistic			End=126.474
66-0	SPK6010	undefined	66	COUGH	COUGH	paraverbal	_		Begin=126.629|End=127.154
67-0	SPK6010	Continuing	67	а,	а	linguistic			Begin=128.039
67-1	SPK6010	Continuing	67	capstone	capstone	linguistic			
67-2	SPK6010	Continuing	67	болғанда,	болғанда	linguistic			End=129.214
68-0	SPK6010	Continuing	68	басқа	басқа	linguistic			Begin=129.995
68-1	SPK6010	Continuing	68	университтерден,	университтерден	linguistic			End=131.199
69-0	SPK6010	Continuing	69	университет	университет	linguistic			Begin=131.234
69-1	SPK6010	Continuing	69	емес,	емес	linguistic			End=132.069
70-0	SPK6011	undefined	70	(H)	(H)	_			Begin=131.939|End=132.409
71-0	SPK6010	Continuing	71	жұмыс,	жұмыс	linguistic			Begin=132.949|End=133.669
72-0	SPK6010	Continuing	72	беретін	беретін	linguistic			Begin=133.979
72-1	SPK6010	Continuing	72	адамдар	адамдар	linguistic			
72-2	SPK6010	Continuing	72	да	да	linguistic			
72-3	SPK6010	Continuing	72	болған,	болған	linguistic			End=135.184
73-0	SPK6010	Continuing	73	короче,	короче	linguistic			Begin=135.254|End=135.751
74-0	SPK6010	Continuing	74	қарауға,	қарауға	linguistic			Begin=136.229|End=136.839
75-0	SPK6011	Falling	75	М.	М	linguistic			Begin=137.445|End=138.239
76-0	SPK6010	Falling	76	презентацияларды.	презентацияларды	linguistic			Begin=137.484|End=138.314
77-0	SPK6010	Falling	77	Потенциальный	Потенциальный	linguistic			Begin=139.684
77-1	SPK6010	Falling	77	работодательдер.	работодательдер	linguistic			End=141.584
78-0	SPK6009	Continuing	78	Сонда,	Сонда	linguistic			Begin=145.725|End=146.342
79-0	SPK6009	Rising	79	а	а	linguistic			Begin=146.389
79-1	SPK6009	Rising	79	кейбіреулерінде	кейбіреулерінде	linguistic			
79-2	SPK6009	Rising	79	capstone	capstone	linguistic			
79-3	SPK6009	Rising	79	жоқ,	жоқ	linguistic			
79-4	SPK6009	Rising	79	иә?	иә	linguistic			End=148.115
80-0	SPK6010	Falling	80	Можно	Можно	linguistic			Begin=148.844
80-1	SPK6010	Falling	80	capstone	capstone	linguistic			
80-2	SPK6010	Falling	80	алмауға,	алмауға	linguistic			
80-3	SPK6010	Falling	80	да.	да	linguistic			End=150.419
81-0	SPK6009	Falling	81	А.	А	linguistic			Begin=150.615|End=151.202
82-0	SPK6011	Falling	82	Это	Это	linguistic			Begin=151.652
82-1	SPK6011	Falling	82	осы	осы	linguistic			
82-2	SPK6011	Falling	82	жылдан	жылдан	linguistic			
82-3	SPK6011	Falling	82	бастап.	бастап	linguistic			End=152.682
83-0	SPK6010	Continuing	83	Бізде	Бізде	linguistic			Begin=153.674
83-1	SPK6010	Continuing	83	осы	осы	linguistic			
83-2	SPK6010	Continuing	83	жылдан	жылдан	linguistic			
83-3	SPK6010	Continuing	83	бастап,	бастап	linguistic			End=154.994
84-0	SPK6011	Falling	84	А,	А	linguistic			Begin=155.022
84-1	SPK6011	Falling	84	сендерде.	сендерде	linguistic			End=155.735
85-0	SPK6010	Continuing	85	лингвистикада,	лингвистикада	linguistic			Begin=155.384|End=156.134
86-0	SPK6010	Falling	86	ВЛЛ-да	ВЛЛ-да	linguistic			Begin=156.964
86-1	SPK6010	Falling	86	точнее.	точнее	linguistic			End=157.949
87-0	SPK6011	Continuing	87	Бірақ	Бірақ	linguistic			Begin=157.999
87-1	SPK6011	Continuing	87	capstone-ды	capstone-ды	linguistic			
87-2	SPK6011	Continuing	87	жаппасан	жаппасан	linguistic			
87-3	SPK6011	Continuing	87	типа,	типа	linguistic			End=159.762
88-0	SPK6011	Continuing	88	магистратураға	магистратураға	linguistic			Begin=159.849
88-1	SPK6011	Continuing	88	бара	бара	linguistic			
88-2	SPK6011	Continuing	88	алмайсын	алмайсын	linguistic			
88-3	SPK6011	Continuing	88	вроде	вроде	linguistic			
88-4	SPK6011	Continuing	88	как,	как	linguistic			End=161.749
89-0	SPK6011	Rising	89	да?	да	linguistic			Begin=161.822|End=162.185
90-0	SPK6010	Continuing	90	Ну,	Ну	linguistic			Begin=163.424|End=163.779
91-0	SPK6010	Continuing	91	желательно	желательно	linguistic			Begin=163.819
91-1	SPK6010	Continuing	91	capstone-ды	capstone-ды	linguistic			
91-2	SPK6010	Continuing	91	жазуға,	жазуға	linguistic			
91-3	SPK6010	Continuing	91	если	если	linguistic			
91-4	SPK6010	Continuing	91	магистратураға	магистратураға	linguistic			
91-5	SPK6010	Continuing	91	барсан,	барсан	linguistic			End=166.829
92-0	SPK6010	Continuing	92	типа,	типа	linguistic			Begin=167.804|End=168.334
93-0	SPK6010	Continuing	93	вот,	вот	linguistic			Begin=168.874|End=169.409
94-0	SPK6010	Continuing	94	индивидуальный	индивидуальный	linguistic			Begin=169.802
94-1	SPK6010	Continuing	94	проект	проект	linguistic			
94-2	SPK6010	Continuing	94	жасадым	жасадым	linguistic			
94-3	SPK6010	Continuing	94	деп,	деп	linguistic			End=171.894
95-0	SPK6010	Falling	95	өзім	өзім	linguistic			Begin=172.659
95-1	SPK6010	Falling	95	research	research	linguistic			
95-2	SPK6010	Falling	95	жасадым	жасадым	linguistic			
95-3	SPK6010	Falling	95	деген	деген	linguistic			
95-4	SPK6010	Falling	95	нәрсе	нәрсе	linguistic			
95-5	SPK6010	Falling	95	ғой.	ғой	linguistic			End=174.899
96-0	SPK6011	Falling	96	М.	М	linguistic			Begin=174.742|End=175.352
97-0	SPK6011	Continuing	97	М,	М	linguistic			Begin=180.365|End=180.719
98-0	SPK6011	Rising	98	бізде	бізде	linguistic			Begin=180.745
98-1	SPK6011	Rising	98	кім	кім	linguistic			
98-2	SPK6011	Rising	98	жазбайды?	жазбайды	linguistic			End=181.515
99-0	SPK6011	Continuing	99	ECON	ECON	linguistic			Begin=181.939
99-1	SPK6011	Continuing	99	жазбайды,	жазбайды	linguistic			End=182.732
100-0	SPK6011	Rising	100	PLS	PLS	linguistic			Begin=183.335
100-1	SPK6011	Rising	100	тоже	тоже	linguistic			
100-2	SPK6011	Rising	100	жазбайды,	жазбайды	linguistic			
100-3	SPK6011	Rising	100	иә?	иә	linguistic			End=184.439
101-0	SPK6010	Falling	101	Білмеймін.	Білмеймін	linguistic			Begin=186.234|End=186.814
102-0	SPK6009	Continuing	102	P-,	P	linguistic		Interrupted=Yes	Begin=186.729|End=186.995
103-0	SPK6009	Rising	103	PLS	PLS	linguistic			Begin=187.065
103-1	SPK6009	Rising	103	деген	деген	linguistic			
103-2	SPK6009	Rising	103	не?	не	linguistic			End=187.839
104-0	SPK6010	Falling	104	Political.	Political	linguistic			Begin=188.174|End=188.764
105-0	SPK6011	Continuing	105	Political,	Political	linguistic			Begin=188.465|End=188.969
106-0	SPK6011	Falling	106	science.	science	linguistic			Begin=189.612|End=190.162
107-0	SPK6010	Falling	107	Кажется	Кажется	linguistic			Begin=190.549
107-1	SPK6010	Falling	107	жазбайды	жазбайды	linguistic			
107-2	SPK6010	Falling	107	ол.	ол	linguistic			End=191.574
108-0	SPK6009	Continuing	108	А,	А	linguistic			Begin=192.975
108-1	SPK6009	Continuing	108	PSIR	PSIR	linguistic			
108-2	SPK6009	Continuing	108	мен	мен	linguistic			
108-3	SPK6009	Continuing	108	PLS	PLS	linguistic			
108-4	SPK6009	Continuing	108	бір	бір	linguistic			
108-5	SPK6009	Continuing	108	ме,	ме	linguistic			End=194.782
109-0	SPK6009	Rising	109	бір	бір	linguistic			Begin=194.945
109-1	SPK6009	Rising	109	нәрсе	нәрсе	linguistic			
109-2	SPK6009	Rising	109	ме?	ме	linguistic			End=195.775
110-0	SPK6010	Falling	110	PSIR	PSIR	linguistic			Begin=195.104
110-1	SPK6010	Falling	110	жазады.	жазады	linguistic			End=195.864
111-0	SPK6011	Continuing	111	Ой,	Ой	linguistic			Begin=195.279|End=195.722
112-0	SPK6011	Continuing	112	какой	какой	linguistic			Begin=195.942
112-1	SPK6011	Continuing	112	PLS,	PLS	linguistic			End=196.735
113-0	SPK6011	Falling	113	иә,	иә	linguistic			Begin=197.189
113-1	SPK6011	Falling	113	PSIR.	PSIR	linguistic			End=197.849
114-0	SPK6009	Falling	114	А,	А	linguistic			Begin=197.389
114-1	SPK6009	Falling	114	басе.	басе	linguistic			End=198.262
115-0	SPK6011	undefined	115	QQ	QQ	linguistic			Begin=198.095|End=198.492
116-0	SPK6010	Falling	116	PSIR-да.	PSIR-да	linguistic			Begin=198.386|End=199.084
117-0	SPK6011	undefined	117	(H)	(H)	_			Begin=198.955|End=199.419
118-0	SPK6011	Continuing	118	PSIR,	PSIR	linguistic			Begin=201.609
118-1	SPK6011	Continuing	118	ECON,	ECON	linguistic			End=202.289
119-0	SPK6011	undefined	119	COUGH	COUGH	paraverbal	_		Begin=202.962|End=203.625
120-0	SPK6010	undefined	120	COUGH	COUGH	paraverbal	_		Begin=203.852|End=204.228
121-0	SPK6011	Rising	121	тағы	тағы	linguistic			Begin=204.525
121-1	SPK6011	Rising	121	кім?	кім	linguistic			End=205.195
122-0	SPK6010	Continuing	122	CS-та	CS-та	linguistic			Begin=204.599
122-1	SPK6010	Continuing	122	у	у	linguistic			
122-2	SPK6010	Continuing	122	них,	них	linguistic			End=205.589
123-0	SPK6010	Continuing	123	senior	senior	linguistic			Begin=205.854
123-1	SPK6010	Continuing	123	project,	project	linguistic			End=206.559
124-0	SPK6010	Continuing	124	capstone,	capstone	linguistic			Begin=207.359|End=208.109
125-0	SPK6010	Falling	125	сияқты	сияқты	linguistic			Begin=208.188
125-1	SPK6010	Falling	125	нәрсе,	нәрсе	linguistic			
125-2	SPK6010	Falling	125	но	но	linguistic			
125-3	SPK6010	Falling	125	project.	project	linguistic			End=209.549
126-0	SPK6011	Continuing	126	Ну,	Ну	linguistic			Begin=208.759
126-1	SPK6011	Continuing	126	ладно,	ладно	linguistic			End=209.362
127-0	SPK6011	Falling	127	оны	оны	linguistic			Begin=209.409
127-1	SPK6011	Falling	127	санамай-ақ	санамай-ақ	linguistic			
127-2	SPK6011	Falling	127	қоямын	қоямын	linguistic			
127-3	SPK6011	Falling	127	онда.	онда	linguistic			End=210.412
128-0	SPK6011	Rising	128	Биология?	Биология	linguistic			Begin=211.595|End=212.299
129-0	SPK6009	Rising	129	Олар	Олар	linguistic			Begin=213.771
129-1	SPK6009	Rising	129	да	да	linguistic			
129-2	SPK6009	Rising	129	жаза	жаза	linguistic			
129-3	SPK6009	Rising	129	ма?	ма	linguistic			End=214.799
130-0	SPK6011	Continuing	130	М,	М	linguistic			Begin=215.169
130-1	SPK6011	Continuing	130	жоқ,	жоқ	linguistic			
130-2	SPK6011	Continuing	130	менде	менде	linguistic			
130-3	SPK6011	Continuing	130	просто	просто	linguistic			
130-4	SPK6011	Continuing	130	типа	типа	linguistic			
130-5	SPK6011	Continuing	130	сұрақ,	сұрақ	linguistic			End=216.832
131-0	SPK6009	Falling	131	А.	А	linguistic			Begin=217.155|End=217.629
132-0	SPK6011	Falling	132	жаза	жаза	linguistic			Begin=217.232
132-1	SPK6011	Falling	132	ма	ма	linguistic			
132-2	SPK6011	Falling	132	жазбай	жазбай	linguistic			
132-3	SPK6011	Falling	132	ма.	ма	linguistic			End=218.062
133-0	SPK6011	Rising	133	Жазбайды	Жазбайды	linguistic			Begin=219.779
133-1	SPK6011	Rising	133	ғой	ғой	linguistic			
133-2	SPK6011	Rising	133	деймін,	деймін	linguistic			
133-3	SPK6011	Rising	133	иә?	иә	linguistic			End=220.602
134-0	SPK6009	Falling	134	М.	М	linguistic			Begin=220.315|End=220.862
135-0	SPK6010	Falling	135	Жазады.	Жазады	linguistic			Begin=220.454|End=221.079
136-0	SPK6010	Falling	136	Білмеймін.	Білмеймін	linguistic			Begin=222.648|End=223.160
137-0	SPK6011	Rising	137	Химия?	Химия	linguistic			Begin=224.972|End=225.502
138-0	SPK6011	Continuing	138	М,	М	linguistic			Begin=232.252|End=232.652
139-0	SPK6011	Continuing	139	м,	м	linguistic			Begin=235.185|End=236.132
140-0	SPK6009	Continuing	140	А	А	linguistic			Begin=235.895
140-1	SPK6009	Continuing	140	соц	соц	linguistic			
140-2	SPK6009	Continuing	140	пен	пен	linguistic			
140-3	SPK6009	Continuing	140	антро-,	антро	linguistic		Interrupted=Yes	End=236.815
141-0	SPK6009	Rising	141	пология?	пология	linguistic			Begin=237.127|End=237.838
142-0	SPK6010	Falling	142	Соцтар	Соцтар	linguistic			Begin=237.364
142-1	SPK6010	Falling	142	жазады.	жазады	linguistic			End=238.304
143-0	SPK6011	Falling	143	Олар	Олар	linguistic			Begin=237.525
143-1	SPK6011	Falling	143	жазады.	жазады	linguistic			End=238.152
144-0	SPK6009	Rising	144	Тарих?	Тарих	linguistic			Begin=238.312|End=238.702
145-0	SPK6011	Falling	145	Жазады.	Жазады	linguistic			Begin=239.212|End=239.619
146-0	SPK6010	Continuing	146	Гумдардың	Гумдардың	linguistic			Begin=243.809
146-1	SPK6010	Continuing	146	көбісі	көбісі	linguistic			
146-2	SPK6010	Continuing	146	жазады,	жазады	linguistic			End=245.154
147-0	SPK6010	Continuing	147	только	только	linguistic			Begin=248.964
147-1	SPK6010	Continuing	147	оларда	оларда	linguistic			
147-2	SPK6010	Continuing	147	тоже,	тоже	linguistic			
147-3	SPK6010	Continuing	147	кажется,	кажется	linguistic			End=250.289
148-0	SPK6010	undefined	148	COUGH	COUGH	paraverbal	_		Begin=250.724|End=251.132
149-0	SPK6010	Continuing	149	пораньше	пораньше	linguistic			Begin=252.089
149-1	SPK6010	Continuing	149	было,	было	linguistic			End=253.014
150-0	SPK6010	Continuing	150	то,	то	linguistic			Begin=253.153
150-1	SPK6010	Continuing	150	что	что	linguistic			
150-2	SPK6010	Continuing	150	можно	можно	linguistic			
150-3	SPK6010	Continuing	150	было	было	linguistic			
150-4	SPK6010	Continuing	150	не	не	linguistic			
150-5	SPK6010	Continuing	150	писать	писать	linguistic			
150-6	SPK6010	Continuing	150	деген	деген	linguistic			
150-7	SPK6010	Continuing	150	нәрсе,	нәрсе	linguistic			End=254.849
151-0	SPK6010	Continuing	151	бізде,	бізде	linguistic			Begin=256.609
151-1	SPK6010	Continuing	151	например,	например	linguistic			
151-2	SPK6010	Continuing	151	обязательный	обязательный	linguistic			
151-3	SPK6010	Continuing	151	болды,	болды	linguistic			End=257.994
152-0	SPK6010	Continuing	152	если	если	linguistic			Begin=258.244
152-1	SPK6010	Continuing	152	хочешь	хочешь	linguistic			
152-2	SPK6010	Continuing	152	выпуститься,	выпуститься	linguistic			End=259.234
153-0	SPK6011	Falling	153	Мхм.	Мхм	linguistic			Begin=258.245|End=258.669
154-0	SPK6010	Falling	154	обязательно	обязательно	linguistic			Begin=259.259
154-1	SPK6010	Falling	154	capstone	capstone	linguistic			
154-2	SPK6010	Falling	154	жазасың.	жазасың	linguistic			End=260.439
155-0	SPK6009	Falling	155	М.	М	linguistic			Begin=260.599|End=261.109
156-0	SPK6010	Continuing	156	Мына	Мына	linguistic			Begin=260.825
156-1	SPK6010	Continuing	156	жылдан	жылдан	linguistic			
156-2	SPK6010	Continuing	156	бастап,	бастап	linguistic			End=261.744
157-0	SPK6009	undefined	157	(H)	(H)	_			Begin=262.329|End=262.759
158-0	SPK6010	Continuing	158	они	они	linguistic			Begin=262.334
158-1	SPK6010	Continuing	158	сказали	сказали	linguistic			
158-2	SPK6010	Continuing	158	можно	можно	linguistic			
158-3	SPK6010	Continuing	158	просто	просто	linguistic			
158-4	SPK6010	Continuing	158	екі,	екі	linguistic			End=264.104
159-0	SPK6010	Continuing	159	төрт	төрт	linguistic			Begin=264.185
159-1	SPK6010	Continuing	159	жүз,	жүз	linguistic			End=265.099
160-0	SPK6010	Falling	160	курс	курс	linguistic			Begin=265.210
160-1	SPK6010	Falling	160	алуға	алуға	linguistic			
160-2	SPK6010	Falling	160	и	и	linguistic			
160-3	SPK6010	Falling	160	все.	все	linguistic			End=266.619
161-0	SPK6011	Falling	161	Мхм.	Мхм	linguistic			Begin=266.749|End=267.149
162-0	SPK6010	Continuing	162	Получается	Получается	linguistic			Begin=268.609
162-1	SPK6010	Continuing	162	екі,	екі	linguistic			End=269.454
163-0	SPK6010	Continuing	163	екі,	екі	linguistic			Begin=271.234|End=271.824
164-0	SPK6010	Continuing	164	core,	core	linguistic			Begin=271.869|End=272.379
165-0	SPK6010	Continuing	165	core	core	linguistic			Begin=274.604
165-1	SPK6010	Continuing	165	requirement,	requirement	linguistic			End=275.584
166-0	SPK6010	Continuing	166	екі	екі	linguistic			Begin=275.624
166-1	SPK6010	Continuing	166	төрт	төрт	linguistic			
166-2	SPK6010	Continuing	166	жүз	жүз	linguistic			
166-3	SPK6010	Continuing	166	кус,	кус	linguistic			End=276.884
167-0	SPK6010	Continuing	167	курс,	курс	linguistic			Begin=276.920|End=277.259
168-0	SPK6010	Continuing	168	и,	и	linguistic			Begin=277.314|End=277.724
169-0	SPK6010	Continuing	169	төртінші	төртінші	linguistic			Begin=278.069
169-1	SPK6010	Continuing	169	курста,	курста	linguistic			End=278.979
170-0	SPK6010	Continuing	170	екі	екі	linguistic			Begin=279.154
170-1	SPK6010	Continuing	170	төрт	төрт	linguistic			
170-2	SPK6010	Continuing	170	жүз	жүз	linguistic			
170-3	SPK6010	Continuing	170	ку-,	ку	linguistic		Interrupted=Yes	End=280.084
171-0	SPK6010	Continuing	171	курс	курс	linguistic			Begin=280.129
171-1	SPK6010	Continuing	171	аласың,	аласың	linguistic			End=280.714
172-0	SPK6010	Falling	172	короче	короче	linguistic			Begin=280.784
172-1	SPK6010	Falling	172	төрт	төрт	linguistic			
172-2	SPK6010	Falling	172	төрт	төрт	linguistic			
172-3	SPK6010	Falling	172	жүз	жүз	linguistic			
172-4	SPK6010	Falling	172	курс.	курс	linguistic			End=282.089
173-0	SPK6011	Continuing	173	М,	М	linguistic			Begin=281.302
173-1	SPK6011	Continuing	173	core	core	linguistic			
173-2	SPK6011	Continuing	173	requirement-та	requirement-та	linguistic			
173-3	SPK6011	Continuing	173	үш	үш	linguistic			
173-4	SPK6011	Continuing	173	жүз	жүз	linguistic			
173-5	SPK6011	Continuing	173	бен	бен	linguistic			
173-6	SPK6011	Continuing	173	төрт	төрт	linguistic			
173-7	SPK6011	Continuing	173	жүз	жүз	linguistic			
173-8	SPK6011	Continuing	173	ғой,	ғой	linguistic			End=283.345
174-0	SPK6010	Continuing	174	А,	А	linguistic			Begin=283.704|End=283.909
175-0	SPK6010	Continuing	175	ну,	ну	linguistic			Begin=283.979
175-1	SPK6010	Continuing	175	короче,	короче	linguistic			End=284.684
176-0	SPK6011	Continuing	176	типа,	типа	linguistic			Begin=284.435|End=284.775
177-0	SPK6011	Falling	177	да.	да	linguistic			Begin=285.129|End=285.482
178-0	SPK6009	undefined	178	(H)	(H)	_			Begin=285.549|End=286.452
179-0	SPK6010	Continuing	179	и,	и	linguistic			Begin=285.560|End=285.975
180-0	SPK6010	Falling	180	төрт	төрт	linguistic			Begin=286.034
180-1	SPK6010	Falling	180	аласың	аласың	linguistic			
180-2	SPK6010	Falling	180	төрт	төрт	linguistic			
180-3	SPK6010	Falling	180	жүз.	жүз	linguistic			End=287.209
181-0	SPK6011	Continuing	181	Бірақ	Бірақ	linguistic			Begin=287.329
181-1	SPK6011	Continuing	181	төрт	төрт	linguistic			
181-2	SPK6011	Continuing	181	жүз	жүз	linguistic			
181-3	SPK6011	Continuing	181	деген	деген	linguistic			
181-4	SPK6011	Continuing	181	аз	аз	linguistic			
181-5	SPK6011	Continuing	181	ғой	ғой	linguistic			
181-6	SPK6011	Continuing	181	бізде,	бізде	linguistic			End=288.955
182-0	SPK6011	Falling	182	курстар	курстар	linguistic			Begin=289.715
182-1	SPK6011	Falling	182	в	в	linguistic			
182-2	SPK6011	Falling	182	целом.	целом	linguistic			End=290.439
183-0	SPK6010	Continuing	183	У	У	linguistic			Begin=291.274
183-1	SPK6010	Continuing	183	нас	нас	linguistic			
183-2	SPK6010	Continuing	183	вообще,	вообще	linguistic			End=291.724
184-0	SPK6010	Falling	184	какой-то	какой-то	linguistic			Begin=291.919
184-1	SPK6010	Falling	184	непонятный	непонятный	linguistic			
184-2	SPK6010	Falling	184	вообще.	вообще	linguistic			End=293.189
185-0	SPK6009	undefined	185	COUGH	COUGH	paraverbal	_		Begin=293.255|End=293.932
186-0	SPK6009	undefined	186	(H)	(H)	_			Begin=294.185|End=294.615
187-0	SPK6010	Continuing	187	Барлық.	Барлық	linguistic			Begin=297.829
187-1	SPK6010	Continuing	187	который	который	linguistic			
187-2	SPK6010	Continuing	187	интересный	интересный	linguistic			
187-3	SPK6010	Continuing	187	курстар,	курстар	linguistic			End=299.814
188-0	SPK6010	Continuing	188	бірінші	бірінші	linguistic			Begin=299.838
188-1	SPK6010	Continuing	188	курста	курста	linguistic			
188-2	SPK6010	Continuing	188	болған	болған	linguistic			
188-3	SPK6010	Continuing	188	менде,	менде	linguistic			End=301.109
189-0	SPK6010	Falling	189	екінші	екінші	linguistic			Begin=301.204
189-1	SPK6010	Falling	189	курспен.	курспен	linguistic			End=302.009
190-0	SPK6010	Continuing	190	Оның	Оның	linguistic			Begin=302.954
190-1	SPK6010	Continuing	190	барлығын,	барлығын	linguistic			End=303.964
191-0	SPK6010	Continuing	191	senior-лар	senior-лар	linguistic			Begin=304.114
191-1	SPK6010	Continuing	191	алған,	алған	linguistic			End=305.194
192-0	SPK6010	Continuing	192	маған	маған	linguistic			Begin=305.654
192-1	SPK6010	Continuing	192	уақыт,	уақыт	linguistic			End=306.394
193-0	SPK6010	Falling	193	типа	типа	linguistic			Begin=306.459
193-1	SPK6010	Falling	193	не	не	linguistic			
193-2	SPK6010	Falling	193	хватало	хватало	linguistic			
193-3	SPK6010	Falling	193	мест	мест	linguistic			
193-4	SPK6010	Falling	193	никогда.	никогда	linguistic			End=307.794
194-0	SPK6010	Continuing	194	Мен	Мен	linguistic			Begin=308.229
194-1	SPK6010	Continuing	194	senior	senior	linguistic			
194-2	SPK6010	Continuing	194	болғанда,	болғанда	linguistic			End=309.274
195-0	SPK6010	Falling	195	беспонтовые	беспонтовые	linguistic			Begin=309.314
195-1	SPK6010	Falling	195	все	все	linguistic			
195-2	SPK6010	Falling	195	курсы.	курсы	linguistic			End=310.739
196-0	SPK6009	undefined	196	QQQ	QQQ	linguistic			Begin=310.465|End=311.372
197-0	SPK6011	undefined	197	QQQQ	QQQQ	linguistic			Begin=310.722|End=311.785
198-0	SPK6010	undefined	198	(TSK)	(TSK)	_			Begin=312.899|End=313.349
199-0	SPK6010	Falling	199	Не	Не	linguistic			Begin=313.614
199-1	SPK6010	Falling	199	честно	честно	linguistic			
199-2	SPK6010	Falling	199	вообще.	вообще	linguistic			End=314.544
200-0	SPK6011	Continuing	200	По	По	linguistic			Begin=315.079
200-1	SPK6011	Continuing	200	идее	идее	linguistic			
200-2	SPK6011	Continuing	200	осы	осы	linguistic			
200-3	SPK6011	Continuing	200	жолы	жолы	linguistic			
200-4	SPK6011	Continuing	200	аз	аз	linguistic			
200-5	SPK6011	Continuing	200	болды,	болды	linguistic			End=316.192
201-0	SPK6011	Falling	201	курстар.	курстар	linguistic			Begin=316.949|End=317.315
202-0	SPK6009	Continuing	202	Ол	Ол	linguistic			Begin=318.115
202-1	SPK6009	Continuing	202	сонда	сонда	linguistic			
202-2	SPK6009	Continuing	202	өзгере	өзгере	linguistic			
202-3	SPK6009	Continuing	202	бере	бере	linguistic			
202-4	SPK6009	Continuing	202	ме	ме	linguistic			
202-5	SPK6009	Continuing	202	курстар,	курстар	linguistic			End=319.702
203-0	SPK6009	Rising	203	неге?	неге	linguistic			Begin=320.290|End=320.691
204-0	SPK6010	Continuing	204	Профтар,	Профтар	linguistic			Begin=321.844|End=322.614
205-0	SPK6009	Falling	205	А.	А	linguistic			Begin=323.315|End=324.045
206-0	SPK6010	Continuing	206	профтардың	профтардың	linguistic			Begin=325.004
206-1	SPK6010	Continuing	206	уақыты	уақыты	linguistic			
206-2	SPK6010	Continuing	206	бар,	бар	linguistic			End=326.124
207-0	SPK6010	Continuing	207	жоқ,	жоқ	linguistic			Begin=326.764|End=327.209
208-0	SPK6010	Falling	208	проф	проф	linguistic			Begin=327.684
208-1	SPK6010	Falling	208	өзі	өзі	linguistic			
208-2	SPK6010	Falling	208	жоқ	жоқ	linguistic			
208-3	SPK6010	Falling	208	бар	бар	linguistic			
208-4	SPK6010	Falling	208	ма.	ма	linguistic			End=328.919
209-0	SPK6009	undefined	209	QQ	QQ	linguistic			Begin=328.679|End=329.482
210-0	SPK6011	undefined	210	Q	Q	linguistic			Begin=329.082|End=329.539
211-0	SPK6010	Falling	211	¬Petrakis	Petrakis	linguistic		Anonymized=Yes	Begin=334.134
211-1	SPK6010	Falling	211	кетеді.	кетеді	linguistic			End=335.249
212-0	SPK6011	Falling	212	Yes.	Yes	linguistic			Begin=336.652|End=337.072
213-0	SPK6009	Rising	213	Кім?	Кім	linguistic			Begin=336.695|End=337.142
214-0	SPK6010	Continuing	214	Профессор,	Профессор	linguistic			Begin=338.109|End=338.724
215-0	SPK6010	Falling	215	фанатпын.	фанатпын	linguistic			Begin=340.249|End=340.859
216-0	SPK6011	undefined	216	Q	Q	linguistic			Begin=341.722|End=342.469
217-0	SPK6010	undefined	217	QQQ	QQQ	linguistic			Begin=342.591|End=343.401
218-0	SPK6011	Continuing	218	Бізде	Бізде	linguistic			Begin=348.542
218-1	SPK6011	Continuing	218	тоже	тоже	linguistic			
218-2	SPK6011	Continuing	218	неміс	неміс	linguistic			
218-3	SPK6011	Continuing	218	тілінен,	тілінен	linguistic			End=349.762
219-0	SPK6011	Continuing	219	профессор	профессор	linguistic			Begin=350.019
219-1	SPK6011	Continuing	219	кетіп	кетіп	linguistic			
219-2	SPK6011	Continuing	219	қалды,	қалды	linguistic			End=351.115
220-0	SPK6011	Continuing	220	капец	капец	linguistic			Begin=352.105
220-1	SPK6011	Continuing	220	күшті	күшті	linguistic			
220-2	SPK6011	Continuing	220	болған,	болған	linguistic			End=353.189
221-0	SPK6011	Falling	221	м.	м	linguistic			Begin=354.132|End=354.592
222-0	SPK6010	Rising	222	Қандай	Қандай	linguistic			Begin=354.409
222-1	SPK6010	Rising	222	major-сыңдар?	major-сыңдар	linguistic			End=355.534
223-0	SPK6011	Rising	223	М?	М	linguistic			Begin=356.009|End=356.369
224-0	SPK6010	Rising	224	Қандай	Қандай	linguistic			Begin=356.414
224-1	SPK6010	Rising	224	major-сыңдар?	major-сыңдар	linguistic			End=357.699
225-0	SPK6011	Rising	225	Major-сыңдар?	Major-сыңдар	linguistic			Begin=359.012|End=359.779
226-0	SPK6010	Falling	226	Да.	Да	linguistic			Begin=359.884|End=360.294
227-0	SPK6011	Falling	227	Мен	Мен	linguistic			Begin=360.819
227-1	SPK6011	Falling	227	ВЛЛ-мын	ВЛЛ-мын	linguistic			
227-2	SPK6011	Falling	227	ғой.	ғой	linguistic			End=361.762
228-0	SPK6009	undefined	228	QQ	QQ	linguistic			Begin=361.165|End=361.719
229-0	SPK6011	undefined	229	QQ	QQ	linguistic			Begin=362.279|End=362.949
230-0	SPK6009	Falling	230	М-	М	linguistic		Interrupted=Yes	Begin=362.475
230-1	SPK6009	Falling	230	механик.	механик	linguistic			End=363.202
231-0	SPK6010	Falling	231	А.	А	linguistic			Begin=363.464|End=363.897
232-0	SPK6010	undefined	232	QQ	QQ	linguistic			Begin=364.934|End=365.459
233-0	SPK6011	undefined	233	QQQ	QQQ	linguistic			Begin=365.439|End=366.265
234-0	SPK6009	undefined	234	COUGH	COUGH	paraverbal	_		Begin=365.802|End=366.745
235-0	SPK6010	Falling	235	Самый	Самый	linguistic			Begin=366.159
235-1	SPK6010	Falling	235	важный	важный	linguistic			
235-2	SPK6010	Falling	235	вопрос.	вопрос	linguistic			End=367.689
236-0	SPK6010	undefined	236	QQ	QQ	linguistic			Begin=368.108|End=368.685
237-0	SPK6009	Rising	237	Атың	Атың	linguistic			Begin=369.042
237-1	SPK6009	Rising	237	кім	кім	linguistic			
237-2	SPK6009	Rising	237	деп	деп	linguistic			
237-3	SPK6009	Rising	237	еді	еді	linguistic			
237-4	SPK6009	Rising	237	деп	деп	linguistic			
237-5	SPK6009	Rising	237	пе?	пе	linguistic			End=370.049
238-0	SPK6009	undefined	238	(H)	(H)	_			Begin=370.365|End=371.305
239-0	SPK6010	undefined	239	QQQ	QQQ	linguistic			Begin=370.606|End=371.528
240-0	SPK6011	undefined	240	Q	Q	linguistic			Begin=370.652|End=371.409
241-0	SPK6009	undefined	241	COUGH	COUGH	paraverbal	_		Begin=371.832|End=372.192
242-0	SPK6010	Falling	242	¬Әйгерім.	Әйгерім	linguistic		Anonymized=Yes	Begin=372.324|End=372.834
243-0	SPK6010	undefined	243	QQQ	QQQ	linguistic			Begin=372.854|End=373.669
244-0	SPK6009	undefined	244	(H)	(H)	_			Begin=373.815|End=374.199
245-0	SPK6010	undefined	245	(H)	(H)	_			Begin=374.069|End=374.484
246-0	SPK6009	Falling	246	¬Анар.	Анар	linguistic		Anonymized=Yes	Begin=374.419|End=374.919
247-0	SPK6010	Rising	247	¬Mary-дан	Mary-дан	linguistic		Anonymized=Yes	Begin=375.524
247-1	SPK6010	Rising	247	курс	курс	linguistic			
247-2	SPK6010	Rising	247	алдың	алдың	linguistic			
247-3	SPK6010	Rising	247	ба?	ба	linguistic			End=376.859
248-0	SPK6011	Falling	248	¬Алия.	Алия	linguistic		Anonymized=Yes	Begin=375.919|End=376.445
249-0	SPK6009	undefined	249	(H)	(H)	_			Begin=377.035|End=377.395
250-0	SPK6011	Rising	250	¬Mary?	Mary	linguistic		Anonymized=Yes	Begin=377.612|End=378.272
251-0	SPK6011	Falling	251	Жоқ.	Жоқ	linguistic			Begin=378.535|End=378.905
252-0	SPK6010	Continuing	252	Ал,	Ал	linguistic			Begin=379.169|End=379.599
253-0	SPK6010	Falling	253	easy	easy	linguistic			Begin=379.814
253-1	SPK6010	Falling	253	A.	A	linguistic			End=380.424
254-0	SPK6011	Falling	254	Страшно	Страшно	linguistic			Begin=380.919
254-1	SPK6011	Falling	254	QQ.	QQ	linguistic			End=381.775
255-0	SPK6010	Continuing	255	Аха,	Аха	linguistic			Begin=381.619|End=382.024
256-0	SPK6010	Continuing	256	easy	easy	linguistic			Begin=382.119
256-1	SPK6010	Continuing	256	A,	A	linguistic			End=382.509
257-0	SPK6010	Falling	257	ала	ала	linguistic			Begin=382.634
257-1	SPK6010	Falling	257	бер.	бер	linguistic			End=383.189
258-0	SPK6009	undefined	258	(H)	(H)	_			Begin=382.772|End=383.439
259-0	SPK6011	Falling	259	Ну	Ну	linguistic			Begin=383.995
259-1	SPK6011	Falling	259	ладно.	ладно	linguistic			End=384.565
260-0	SPK6010	Continuing	260	Мен	Мен	linguistic			Begin=384.289
260-1	SPK6010	Continuing	260	оның,	оның	linguistic			End=384.709
261-0	SPK6010	Falling	261	барын	барын	linguistic			Begin=384.729
261-1	SPK6010	Falling	261	курсын	курсын	linguistic			
261-2	SPK6010	Falling	261	алғанмын.	алғанмын	linguistic			End=385.899
262-0	SPK6011	undefined	262	(Hx)	(Hx)	_			Begin=390.119|End=390.479
263-0	SPK6009	Rising	263	Неге	Неге	linguistic			Begin=396.325
263-1	SPK6009	Rising	263	ВЛЛ-ға	ВЛЛ-ға	linguistic			
263-2	SPK6009	Rising	263	түстіңдер?	түстіңдер	linguistic			End=397.772
264-0	SPK6009	undefined	264	(H)	(H)	_			Begin=398.419|End=398.935
265-0	SPK6010	Falling	265	Биолог	Биолог	linguistic			Begin=399.189
265-1	SPK6010	Falling	265	болғанмын	болғанмын	linguistic			
265-2	SPK6010	Falling	265	мен.	мен	linguistic			End=400.174
266-0	SPK6011	undefined	266	Q	Q	linguistic			Begin=400.439|End=400.835
267-0	SPK6011	Continuing	267	Мен	Мен	linguistic			Begin=401.969
267-1	SPK6011	Continuing	267	тілдерді	тілдерді	linguistic			
267-2	SPK6011	Continuing	267	оқығым	оқығым	linguistic			
267-3	SPK6011	Continuing	267	келген	келген	linguistic			
267-4	SPK6011	Continuing	267	просто,	просто	linguistic			End=403.659
268-0	SPK6010	undefined	268	QQ	QQ	linguistic			Begin=403.854|End=404.389
269-0	SPK6009	undefined	269	Q	Q	linguistic			Begin=404.089|End=404.575
270-0	SPK6011	Falling	270	все.	все	linguistic			Begin=404.472|End=404.842
271-0	SPK6010	Falling	271	Мен	Мен	linguistic			Begin=406.739
271-1	SPK6010	Falling	271	просто	просто	linguistic			
271-2	SPK6010	Falling	271	биолог	биолог	linguistic			
271-3	SPK6010	Falling	271	болғым	болғым	linguistic			
271-4	SPK6010	Falling	271	келген	келген	linguistic			
271-5	SPK6010	Falling	271	жоқ.	жоқ	linguistic			End=408.394
272-0	SPK6010	Continuing	272	Биолог	Биолог	linguistic			Begin=410.034
272-1	SPK6010	Continuing	272	болып	болып	linguistic			
272-2	SPK6010	Continuing	272	түстім,	түстім	linguistic			End=411.129
273-0	SPK6010	Falling	273	сосын	сосын	linguistic			Begin=411.169
273-1	SPK6010	Falling	273	перевелась.	перевелась	linguistic			End=411.909
274-0	SPK6009	Falling	274	А.	А	linguistic			Begin=412.345|End=412.882
275-0	SPK6011	Falling	275	М.	М	linguistic			Begin=412.605|End=413.032
276-0	SPK6009	Rising	276	И	И	linguistic			Begin=421.195
276-1	SPK6009	Rising	276	сен	сен	linguistic			
276-2	SPK6009	Rising	276	қай	қай	linguistic			
276-3	SPK6009	Rising	276	тілдерді	тілдерді	linguistic			
276-4	SPK6009	Rising	276	оқып	оқып	linguistic			
276-5	SPK6009	Rising	276	жатырсың?	жатырсың	linguistic			End=422.629
277-0	SPK6009	Continuing	277	Неміс,	Неміс	linguistic			Begin=422.689|End=423.279
278-0	SPK6009	Rising	278	сосын?	сосын	linguistic			Begin=423.309|End=423.659
279-0	SPK6011	Continuing	279	М,	М	linguistic			Begin=425.249|End=425.525
280-0	SPK6011	Continuing	280	мен	мен	linguistic			Begin=425.579
280-1	SPK6011	Continuing	280	по	по	linguistic			
280-2	SPK6011	Continuing	280	идее,	идее	linguistic			End=426.252
281-0	SPK6011	Falling	281	spring-та.	spring-та	linguistic			Begin=426.815|End=427.489
282-0	SPK6011	Falling	282	неміс	неміс	linguistic			Begin=427.629
282-1	SPK6011	Falling	282	тілін	тілін	linguistic			
282-2	SPK6011	Falling	282	алдым.	алдым	linguistic			End=428.949
283-0	SPK6009	Falling	283	Мхм.	Мхм	linguistic			Begin=428.883|End=429.291
284-0	SPK6010	Falling	284	Алып	Алып	linguistic			Begin=428.899
284-1	SPK6010	Falling	284	келемін.	келемін	linguistic			End=429.534
285-0	SPK6011	Continuing	285	Fall-да	Fall-да	linguistic			Begin=430.035
285-1	SPK6011	Continuing	285	мен,	мен	linguistic			End=431.192
286-0	SPK6009	undefined	286	(H)	(H)	_			Begin=430.122|End=430.529
287-0	SPK6011	Continuing	287	тоже	тоже	linguistic			Begin=431.642
287-1	SPK6011	Continuing	287	неміс	неміс	linguistic			
287-2	SPK6011	Continuing	287	тілін	тілін	linguistic			
287-3	SPK6011	Continuing	287	алдым,	алдым	linguistic			End=432.959
288-0	SPK6011	Falling	288	кажется,	кажется	linguistic			Begin=433.785
288-1	SPK6011	Falling	288	больше	больше	linguistic			
288-2	SPK6011	Falling	288	алған	алған	linguistic			
288-3	SPK6011	Falling	288	жоқпын.	жоқпын	linguistic			End=434.875
289-0	SPK6009	Falling	289	А.	А	linguistic			Begin=435.945|End=436.395
290-0	SPK6011	Falling	290	Білмейін	Білмейін	linguistic			Begin=436.629
290-1	SPK6011	Falling	290	просто	просто	linguistic			
290-2	SPK6011	Falling	290	последний	последний	linguistic			
290-3	SPK6011	Falling	290	раз.	раз	linguistic			End=437.832
291-0	SPK6011	Falling	291	қытай	қытай	linguistic			Begin=438.052
291-1	SPK6011	Falling	291	тілін	тілін	linguistic			
291-2	SPK6011	Falling	291	алғанмын	алғанмын	linguistic			
291-3	SPK6011	Falling	291	басқалардан.	басқалардан	linguistic			End=439.345
292-0	SPK6009	Falling	292	О.	О	linguistic			Begin=439.462|End=440.005
293-0	SPK6011	Continuing	293	Вот,	Вот	linguistic			Begin=440.522|End=440.875
294-0	SPK6011	Continuing	294	но	но	linguistic			Begin=441.065
294-1	SPK6011	Continuing	294	мен	мен	linguistic			
294-2	SPK6011	Continuing	294	оны,	оны	linguistic			End=441.739
295-0	SPK6010	Falling	295	¬Daisy.	Daisy	linguistic		Anonymized=Yes	Begin=441.425|End=441.993
296-0	SPK6011	Falling	296	дұрыс	дұрыс	linguistic			Begin=441.805
296-1	SPK6011	Falling	296	оқыған	оқыған	linguistic			
296-2	SPK6011	Falling	296	жоқпын	жоқпын	linguistic			
296-3	SPK6011	Falling	296	QQ.	QQ	linguistic			End=443.102
297-0	SPK6010	Rising	297	¬Daisy	Daisy	linguistic		Anonymized=Yes	Begin=443.179
297-1	SPK6010	Rising	297	ма?	ма	linguistic			End=443.899
298-0	SPK6011	Falling	298	Мхм.	Мхм	linguistic			Begin=443.835|End=444.405
299-0	SPK6010	Falling	299	Милашка.	Милашка	linguistic			Begin=446.034|End=446.619
300-0	SPK6009	undefined	300	(H)	(H)	_			Begin=447.912|End=448.472
301-0	SPK6010	undefined	301	COUGH	COUGH	paraverbal	_		Begin=448.074|End=448.479
302-0	SPK6011	Continuing	302	Но	Но	linguistic			Begin=448.762
302-1	SPK6011	Continuing	302	менде	менде	linguistic			
302-2	SPK6011	Continuing	302	басында,	басында	linguistic			End=449.579
303-0	SPK6011	Continuing	303	жүз	жүз	linguistic			Begin=449.812
303-1	SPK6011	Continuing	303	бірде	бірде	linguistic			
303-2	SPK6011	Continuing	303	басқа	басқа	linguistic			
303-3	SPK6011	Continuing	303	мүғалім	мүғалім	linguistic			
303-4	SPK6011	Continuing	303	болды,	болды	linguistic			End=450.985
304-0	SPK6010	Falling	304	А.	А	linguistic			Begin=451.204|End=451.809
305-0	SPK6011	Falling	305	профессор	профессор	linguistic			Begin=451.669
305-1	SPK6011	Falling	305	точнее.	точнее	linguistic			End=452.732
306-0	SPK6009	undefined	306	(H)	(H)	_			Begin=452.495|End=453.035
307-0	SPK6010	Continuing	307	Мен	Мен	linguistic			Begin=453.139
307-1	SPK6010	Continuing	307	¬Daisy-мен	Daisy-мен	linguistic		Anonymized=Yes	
307-2	SPK6010	Continuing	307	алғанмын,	алғанмын	linguistic			End=454.484
308-0	SPK6010	Continuing	308	beginner-ді,	beginner-ді	linguistic			Begin=454.744|End=455.479
309-0	SPK6010	Falling	309	бірінші.	бірінші	linguistic			Begin=455.651|End=456.334
310-0	SPK6011	Continuing	310	Маған	Маған	linguistic			Begin=459.202
310-1	SPK6011	Continuing	310	негізі,	негізі	linguistic			End=460.002
311-0	SPK6011	Continuing	311	ана	ана	linguistic			Begin=460.042
311-1	SPK6011	Continuing	311	мұғалім	мұғалім	linguistic			
311-2	SPK6011	Continuing	311	ұнаған,	ұнаған	linguistic			End=460.982
312-0	SPK6011	Continuing	312	потому	потому	linguistic			Begin=461.109
312-1	SPK6011	Continuing	312	что	что	linguistic			
312-2	SPK6011	Continuing	312	ол	ол	linguistic			
312-3	SPK6011	Continuing	312	короче,	короче	linguistic			End=462.075
313-0	SPK6009	Falling	313	А,	А	linguistic			Begin=462.125
313-1	SPK6009	Falling	313	рақмет.	рақмет	linguistic			End=462.702
314-0	SPK6011	Falling	314	Тайваньнан.	Тайваньнан	linguistic			Begin=462.192|End=462.869
315-0	SPK6010	Falling	315	Мхм.	Мхм	linguistic			Begin=463.292|End=463.651
316-0	SPK6011	Continuing	316	И	И	linguistic			Begin=463.579
316-1	SPK6011	Continuing	316	типа,	типа	linguistic			End=464.245
317-0	SPK6011	Continuing	317	ол	ол	linguistic			Begin=464.415
317-1	SPK6011	Continuing	317	прям	прям	linguistic			
317-2	SPK6011	Continuing	317	капец	капец	linguistic			
317-3	SPK6011	Continuing	317	милашка	милашка	linguistic			
317-4	SPK6011	Continuing	317	болды	болды	linguistic			
317-5	SPK6011	Continuing	317	да,	да	linguistic			End=466.122
318-0	SPK6011	Continuing	318	и	и	linguistic			Begin=466.175
318-1	SPK6011	Continuing	318	онымен	онымен	linguistic			
318-2	SPK6011	Continuing	318	бәрі,	бәрі	linguistic			End=467.002
319-0	SPK6011	Continuing	319	прям,	прям	linguistic			Begin=467.079|End=467.515
320-0	SPK6011	Falling	320	түсінікті	түсінікті	linguistic			Begin=467.835
320-1	SPK6011	Falling	320	болды.	болды	linguistic			End=468.592
321-0	SPK6011	Continuing	321	М,	М	linguistic			Begin=469.569
321-1	SPK6011	Continuing	321	¬Daisy-ға	Daisy-ға	linguistic		Anonymized=Yes	
321-2	SPK6011	Continuing	321	жүз	жүз	linguistic			
321-3	SPK6011	Continuing	321	екіге	екіге	linguistic			
321-4	SPK6011	Continuing	321	көшкен	көшкен	linguistic			
321-5	SPK6011	Continuing	321	кезде	кезде	linguistic			
321-6	SPK6011	Continuing	321	ол,	ол	linguistic			End=471.609
322-0	SPK6011	Continuing	322	что-то	что-то	linguistic			Begin=471.675
322-1	SPK6011	Continuing	322	резко,	резко	linguistic			End=472.652
323-0	SPK6011	Continuing	323	қытайша	қытайша	linguistic			Begin=472.888
323-1	SPK6011	Continuing	323	сөйлеп	сөйлеп	linguistic			
323-2	SPK6011	Continuing	323	кетті	кетті	linguistic			
323-3	SPK6011	Continuing	323	де,	де	linguistic			End=473.925
324-0	SPK6009	undefined	324	QQ	QQ	linguistic			Begin=474.002|End=474.545
325-0	SPK6010	Falling	325	А.	А	linguistic			Begin=474.003|End=474.594
326-0	SPK6011	Falling	326	сабақта	сабақта	linguistic			Begin=474.065
326-1	SPK6011	Falling	326	прям.	прям	linguistic			End=474.959
327-0	SPK6010	Continuing	327	Ол	Ол	linguistic			Begin=474.844
327-1	SPK6010	Continuing	327	бір,	бір	linguistic			End=475.429
328-0	SPK6010	Falling	328	бір	бір	linguistic			Begin=475.524
328-1	SPK6010	Falling	328	жүз	жүз	linguistic			
328-2	SPK6010	Falling	328	бірде	бірде	linguistic			
328-3	SPK6010	Falling	328	тоже	тоже	linguistic			
328-4	SPK6010	Falling	328	қытайша	қытайша	linguistic			
328-5	SPK6010	Falling	328	сөйлеген	сөйлеген	linguistic			
328-6	SPK6010	Falling	328	бізбен.	бізбен	linguistic			End=477.569
329-0	SPK6011	Continuing	329	Иә,	Иә	linguistic			Begin=477.862|End=478.219
330-0	SPK6011	Continuing	330	ал	ал	linguistic			Begin=478.275
330-1	SPK6011	Continuing	330	біз	біз	linguistic			
330-2	SPK6011	Continuing	330	оған	оған	linguistic			
330-3	SPK6011	Continuing	330	үйренбегенбіз,	үйренбегенбіз	linguistic			End=479.412
331-0	SPK6011	Continuing	331	типа	типа	linguistic			Begin=479.462
331-1	SPK6011	Continuing	331	еще	еще	linguistic			
331-2	SPK6011	Continuing	331	жаз	жаз	linguistic			
331-3	SPK6011	Continuing	331	өтіп	өтіп	linguistic			
331-4	SPK6011	Continuing	331	кетті,	кетті	linguistic			End=480.525
332-0	SPK6011	Continuing	332	типа	типа	linguistic			Begin=480.622
332-1	SPK6011	Continuing	332	вообще,	вообще	linguistic			End=481.632
333-0	SPK6009	Falling	333	А.	А	linguistic			Begin=481.862|End=482.332
334-0	SPK6011	Continuing	334	пустота,	пустота	linguistic			Begin=481.899|End=482.775
335-0	SPK6009	undefined	335	Q	Q	linguistic			Begin=482.909|End=483.465
336-0	SPK6010	undefined	336	QQ	QQ	linguistic			Begin=482.924|End=483.614
337-0	SPK6011	Falling	337	туман.	туман	linguistic			Begin=484.061|End=484.679
338-0	SPK6011	Continuing	338	И,	И	linguistic			Begin=484.745|End=485.459
339-0	SPK6011	Continuing	339	этот,	этот	linguistic			Begin=485.505|End=485.739
340-0	SPK6011	Continuing	340	сразу	сразу	linguistic			Begin=485.895
340-1	SPK6011	Continuing	340	бастайды	бастайды	linguistic			
340-2	SPK6011	Continuing	340	да,	да	linguistic			End=486.855
341-0	SPK6011	Continuing	341	и	и	linguistic			Begin=486.899
341-1	SPK6011	Continuing	341	я	я	linguistic			
341-2	SPK6011	Continuing	341	такая	такая	linguistic			
341-3	SPK6011	Continuing	341	отырамын,	отырамын	linguistic			End=487.715
342-0	SPK6010	Falling	342	Иә.	Иә	linguistic			Begin=487.504|End=487.984
343-0	SPK6011	Falling	343	вау	вау	linguistic			Begin=487.765
343-1	SPK6011	Falling	343	деп.	деп	linguistic			End=488.275
344-0	SPK6011	Continuing	344	И	И	linguistic			Begin=488.299
344-1	SPK6011	Continuing	344	менің	менің	linguistic			
344-2	SPK6011	Continuing	344	мотивациям	мотивациям	linguistic			
344-3	SPK6011	Continuing	344	короче	короче	linguistic			
344-4	SPK6011	Continuing	344	вот	вот	linguistic			
344-5	SPK6011	Continuing	344	так,	так	linguistic			End=489.602
345-0	SPK6010	undefined	345	COUGH	COUGH	paraverbal	_		Begin=489.739|End=490.214
346-0	SPK6011	Continuing	346	вчух,	вчух	linguistic			Begin=489.842|End=490.354
347-0	SPK6010	Continuing	347	¬Ming	Ming	linguistic		Anonymized=Yes	Begin=490.474
347-1	SPK6010	Continuing	347	лаошы,	лаошы	linguistic			End=491.134
348-0	SPK6011	Falling	348	кетіп	кетіп	linguistic			Begin=490.825
348-1	SPK6011	Falling	348	қалды.	қалды	linguistic			End=491.385
349-0	SPK6011	Falling	349	Да.	Да	linguistic			Begin=491.789|End=492.199
350-0	SPK6009	Falling	350	А.	А	linguistic			Begin=491.862|End=492.312
351-0	SPK6011	Continuing	351	Но	Но	linguistic			Begin=492.529
351-1	SPK6011	Continuing	351	мен	мен	linguistic			
351-2	SPK6011	Continuing	351	екі	екі	linguistic			
351-3	SPK6011	Continuing	351	жүз	жүз	linguistic			
351-4	SPK6011	Continuing	351	бірді	бірді	linguistic			
351-5	SPK6011	Continuing	351	тоже	тоже	linguistic			
351-6	SPK6011	Continuing	351	алдым,	алдым	linguistic			End=494.272
352-0	SPK6009	undefined	352	(H)	(H)	_			Begin=493.522|End=493.909
353-0	SPK6011	Continuing	353	жаптым,	жаптым	linguistic			Begin=494.362|End=494.755
354-0	SPK6011	Falling	354	нормально	нормально	linguistic			Begin=494.799
354-1	SPK6011	Falling	354	типа.	типа	linguistic			End=495.709
355-0	SPK6010	undefined	355	QQ	QQ	linguistic			Begin=496.024|End=496.599
356-0	SPK6011	Continuing	356	До	До	linguistic			Begin=496.609
356-1	SPK6011	Continuing	356	сих	сих	linguistic			
356-2	SPK6011	Continuing	356	пор	пор	linguistic			
356-3	SPK6011	Continuing	356	ойлап	ойлап	linguistic			
356-4	SPK6011	Continuing	356	отырмын,	отырмын	linguistic			End=497.425
357-0	SPK6009	undefined	357	(H)	(H)	_			Begin=497.325|End=497.815
358-0	SPK6011	Falling	358	қалай	қалай	linguistic			Begin=497.632
358-1	SPK6011	Falling	358	мен	мен	linguistic			
358-2	SPK6011	Falling	358	жауып	жауып	linguistic			
358-3	SPK6011	Falling	358	тастадым	тастадым	linguistic			
358-4	SPK6011	Falling	358	оны	оны	linguistic			
358-5	SPK6011	Falling	358	деп.	деп	linguistic			End=499.115
359-0	SPK6009	undefined	359	Q	Q	linguistic			Begin=498.102|End=498.655
360-0	SPK6009	undefined	360	(H)	(H)	_			Begin=499.339|End=499.905
361-0	SPK6011	undefined	361	(H)	(H)	_			Begin=499.969|End=500.372
362-0	SPK6009	Rising	362	А	А	linguistic			Begin=500.519
362-1	SPK6009	Rising	362	қандай	қандай	linguistic			
362-2	SPK6009	Rising	362	қытай	қытай	linguistic			
362-3	SPK6009	Rising	362	тілі?	тілі	linguistic			End=501.675
363-0	SPK6009	Continuing	363	Типа	Типа	linguistic			Begin=501.702
363-1	SPK6009	Continuing	363	мандарин,	мандарин	linguistic			End=502.452
364-0	SPK6009	Rising	364	или?	или	linguistic			Begin=502.467|End=502.899
365-0	SPK6011	Falling	365	Мхм.	Мхм	linguistic			Begin=502.715|End=503.142
366-0	SPK6010	Falling	366	Мандарин,	Мандарин	linguistic			Begin=502.884
366-1	SPK6010	Falling	366	иә.	иә	linguistic			End=503.689
367-0	SPK6009	Falling	367	Китайский.	Китайский	linguistic			Begin=502.995|End=503.599
368-0	SPK6011	Falling	368	Мхм.	Мхм	linguistic			Begin=503.335|End=503.739
369-0	SPK6011	Falling	369	Вот.	Вот	linguistic			Begin=507.509|End=508.262
370-0	SPK6009	Falling	370	Манда-.	Манда	linguistic		Interrupted=Yes	Begin=508.869|End=509.522
371-0	SPK6009	Rising	371	Мандариннің,	Мандариннің	linguistic			Begin=509.602
371-1	SPK6009	Rising	371	қазақшасы	қазақшасы	linguistic			
371-2	SPK6009	Rising	371	қалай	қалай	linguistic			
371-3	SPK6009	Rising	371	екен?	екен	linguistic			End=510.902
372-0	SPK6011	Falling	372	М.	М	linguistic			Begin=511.795|End=512.189
373-0	SPK6010	Falling	373	Мандарин.	Мандарин	linguistic			Begin=511.955|End=512.522
374-0	SPK6011	Continuing	374	Қытай	Қытай	linguistic			Begin=513.415
374-1	SPK6011	Continuing	374	тілі,	тілі	linguistic			End=514.135
375-0	SPK6010	undefined	375	QQ	QQ	linguistic			Begin=514.444|End=515.184
376-0	SPK6011	undefined	376	все	все	linguistic			Begin=514.495
376-1	SPK6011	undefined	376	QQ	QQ	linguistic			End=515.692
377-0	SPK6009	undefined	377	(H)	(H)	_			Begin=515.632|End=516.032
378-0	SPK6009	Falling	378	М.	М	linguistic			Begin=520.422|End=520.995
379-0	SPK6011	Continuing	379	Вот,	Вот	linguistic			Begin=520.759|End=521.605
380-0	SPK6011	Falling	380	м.	м	linguistic			Begin=521.915|End=522.612
381-0	SPK6010	Continuing	381	Мен	Мен	linguistic			Begin=522.784
381-1	SPK6010	Continuing	381	онымен,	онымен	linguistic			End=523.444
382-0	SPK6010	undefined	382	COUGH	COUGH	paraverbal	_		Begin=523.543|End=523.943
383-0	SPK6010	Continuing	383	когда	когда	linguistic			Begin=524.044
383-1	SPK6010	Continuing	383	она	она	linguistic			
383-2	SPK6010	Continuing	383	только,	только	linguistic			End=524.884
384-0	SPK6010	Continuing	384	пришла	пришла	linguistic			Begin=525.095
384-1	SPK6010	Continuing	384	в	в	linguistic			
384-2	SPK6010	Continuing	384	универ	универ	linguistic			
384-3	SPK6010	Continuing	384	алғанмын,	алғанмын	linguistic			End=526.164
385-0	SPK6010	Falling	385	бірінші	бірінші	linguistic			Begin=528.009
385-1	SPK6010	Falling	385	жыл	жыл	linguistic			
385-2	SPK6010	Falling	385	у	у	linguistic			
385-3	SPK6010	Falling	385	нее	нее	linguistic			
385-4	SPK6010	Falling	385	был.	был	linguistic			End=529.229
386-0	SPK6011	Falling	386	М.	М	linguistic			Begin=529.349|End=529.909
387-0	SPK6010	Falling	387	Бірінші	Бірінші	linguistic			Begin=529.449
387-1	SPK6010	Falling	387	класс	класс	linguistic			
387-2	SPK6010	Falling	387	болғанбыз	болғанбыз	linguistic			
387-3	SPK6010	Falling	387	біз.	біз	linguistic			End=531.489
388-0	SPK6011	Continuing	388	Но	Но	linguistic			Begin=531.795
388-1	SPK6011	Continuing	388	ол	ол	linguistic			
388-2	SPK6011	Continuing	388	күшті,	күшті	linguistic			End=532.562
389-0	SPK6011	Continuing	389	типа,	типа	linguistic			Begin=532.762|End=533.282
390-0	SPK6011	Continuing	390	м,	м	linguistic			Begin=533.429|End=533.939
391-0	SPK6011	Continuing	391	қанша	қанша	linguistic			Begin=534.132
391-1	SPK6011	Continuing	391	сабақ	сабақ	linguistic			
391-2	SPK6011	Continuing	391	берсе	берсе	linguistic			
391-3	SPK6011	Continuing	391	де,	де	linguistic			End=535.402
392-0	SPK6011	Continuing	392	типа,	типа	linguistic			Begin=535.535|End=535.815
393-0	SPK6011	Continuing	393	сағат	сағат	linguistic			Begin=535.855
393-1	SPK6011	Continuing	393	берсе	берсе	linguistic			
393-2	SPK6011	Continuing	393	де,	де	linguistic			End=536.799
394-0	SPK6011	Continuing	394	все	все	linguistic			Begin=537.145
394-1	SPK6011	Continuing	394	равно	равно	linguistic			
394-2	SPK6011	Continuing	394	типа,	типа	linguistic			End=538.055
395-0	SPK6011	Continuing	395	энерг-,	энерг	linguistic		Interrupted=Yes	Begin=538.295|End=538.752
396-0	SPK6011	Falling	396	энергичная	энергичная	linguistic			Begin=538.902
396-1	SPK6011	Falling	396	деп	деп	linguistic			
396-2	SPK6011	Falling	396	отырады.	отырады	linguistic			End=540.365
397-0	SPK6010	Falling	397	Мхм.	Мхм	linguistic			Begin=539.449|End=540.044
398-0	SPK6011	Continuing	398	Это	Это	linguistic			Begin=541.039
398-1	SPK6011	Continuing	398	прям,	прям	linguistic			End=541.875
399-0	SPK6009	Rising	399	Кәрі	Кәрі	linguistic			Begin=542.605
399-1	SPK6009	Rising	399	кісі	кісі	linguistic			
399-2	SPK6009	Rising	399	ме?	ме	linguistic			End=543.385
400-0	SPK6011	Falling	400	stays	stays	linguistic			Begin=543.755
400-1	SPK6011	Falling	400	engaged.	engaged	linguistic			End=544.549
401-0	SPK6010	Falling	401	Жоқ.	Жоқ	linguistic			Begin=543.909|End=544.269
402-0	SPK6011	Falling	402	No.	No	linguistic			Begin=544.602|End=544.999
403-0	SPK6010	Falling	403	Где	Где	linguistic			Begin=545.614
403-1	SPK6010	Falling	403	то	то	linguistic			
403-2	SPK6010	Falling	403	отыз.	отыз	linguistic			End=546.624
404-0	SPK6011	Falling	404	Отыз	Отыз	linguistic			Begin=547.042
404-1	SPK6011	Falling	404	бірденеде	бірденеде	linguistic			
404-2	SPK6011	Falling	404	ғой	ғой	linguistic			
404-3	SPK6011	Falling	404	короче.	короче	linguistic			End=548.419
405-0	SPK6010	Falling	405	Мхм.	Мхм	linguistic			Begin=548.068|End=548.649
406-0	SPK6009	Falling	406	А.	А	linguistic			Begin=548.432|End=548.802
407-0	SPK6010	Falling	407	Милаха.	Милаха	linguistic			Begin=551.229|End=551.719
408-0	SPK6011	Falling	408	Мхм.	Мхм	linguistic			Begin=552.182|End=552.729
409-0	SPK6011	Continuing	409	Мен	Мен	linguistic			Begin=554.005
409-1	SPK6011	Continuing	409	еще	еще	linguistic			
409-2	SPK6011	Continuing	409	естігем	естігем	linguistic			
409-3	SPK6011	Continuing	409	типа,	типа	linguistic			End=555.169
410-0	SPK6011	Continuing	410	offline	offline	linguistic			Begin=555.235
410-1	SPK6011	Continuing	410	болған	болған	linguistic			
410-2	SPK6011	Continuing	410	кезде	кезде	linguistic			
410-3	SPK6011	Continuing	410	ол,	ол	linguistic			End=556.325
411-0	SPK6011	Continuing	411	студенттерді	студенттерді	linguistic			Begin=556.889
411-1	SPK6011	Continuing	411	шақырып,	шақырып	linguistic			End=557.795
412-0	SPK6011	Rising	412	бірдене	бірдене	linguistic			Begin=557.875
412-1	SPK6011	Rising	412	ұйымдастыратын,	ұйымдастыратын	linguistic			
412-2	SPK6011	Rising	412	иә?	иә	linguistic			End=559.862
413-0	SPK6010	Falling	413	Иә	Иә	linguistic			Begin=559.019
413-1	SPK6010	Falling	413	иә.	иә	linguistic			End=559.674
414-0	SPK6009	Falling	414	О.	О	linguistic			Begin=559.180|End=559.926
415-0	SPK6011	Continuing	415	Комната	Комната	linguistic			Begin=560.289
415-1	SPK6011	Continuing	415	ой,	ой	linguistic			End=561.005
416-0	SPK6011	Falling	416	QQ	QQ	linguistic			Begin=561.125
416-1	SPK6011	Falling	416	квартирасында.	квартирасында	linguistic			End=562.395
417-0	SPK6010	Continuing	417	Біз	Біз	linguistic			Begin=561.434
417-1	SPK6010	Continuing	417	не,	не	linguistic			End=561.919
418-0	SPK6009	undefined	418	Q	Q	linguistic			Begin=561.592|End=562.214
419-0	SPK6010	Continuing	419	бізде	бізде	linguistic			Begin=562.239
419-1	SPK6010	Continuing	419	не	не	linguistic			
419-2	SPK6010	Continuing	419	болған,	болған	linguistic			End=563.059
420-0	SPK6011	undefined	420	(H)	(H)	_			Begin=563.205|End=563.702
421-0	SPK6010	Continuing	421	party	party	linguistic			Begin=564.369
421-1	SPK6010	Continuing	421	сияқты,	сияқты	linguistic			End=565.064
422-0	SPK6011	Falling	422	Вау.	Вау	linguistic			Begin=565.489|End=566.092
423-0	SPK6010	Falling	423	нәрсе.	нәрсе	linguistic			Begin=565.499|End=565.994
424-0	SPK6009	Falling	424	Мхм.	Мхм	linguistic			Begin=565.501|End=566.060
425-0	SPK6010	Continuing	425	Біт-,	Біт	linguistic		Interrupted=Yes	Begin=566.037|End=566.339
426-0	SPK6010	Falling	426	курс	курс	linguistic			Begin=566.564
426-1	SPK6010	Falling	426	біткенде.	біткенде	linguistic			End=567.364
427-0	SPK6010	Falling	427	последний	последний	linguistic			Begin=568.309
427-1	SPK6010	Falling	427	сабақта.	сабақта	linguistic			End=569.269
428-0	SPK6011	Continuing	428	Как	Как	linguistic			Begin=571.019
428-1	SPK6011	Continuing	428	называется	называется	linguistic			
428-2	SPK6011	Continuing	428	какой-то,	какой-то	linguistic			End=572.259
429-0	SPK6011	Continuing	429	праздник	праздник	linguistic			Begin=572.439
429-1	SPK6011	Continuing	429	типа,	типа	linguistic			End=573.245
430-0	SPK6011	Falling	430	м.	м	linguistic			Begin=578.072|End=578.429
431-0	SPK6009	Rising	431	Не	Не	linguistic			Begin=578.582
431-1	SPK6009	Rising	431	істейді	істейді	linguistic			
431-2	SPK6009	Rising	431	онда?	онда	linguistic			End=579.358
432-0	SPK6011	Falling	432	Білмеймін.	Білмеймін	linguistic			Begin=580.105|End=580.585
433-0	SPK6010	Rising	433	Новый	Новый	linguistic			Begin=580.634
433-1	SPK6010	Rising	433	год	год	linguistic			
433-2	SPK6010	Rising	433	па?	па	linguistic			End=581.299
434-0	SPK6011	undefined	434	Какой-то	Какой-то	linguistic			Begin=580.665
434-1	SPK6011	undefined	434	печенькалар	печенькалар	linguistic			
434-2	SPK6011	undefined	434	жасаған	жасаған	linguistic			End=582.739
435-0	SPK6009	undefined	435	QQ	QQ	linguistic			Begin=580.876|End=581.816
436-0	SPK6010	Rising	436	Новый	Новый	linguistic			Begin=583.159
436-1	SPK6010	Rising	436	год	год	linguistic			
436-2	SPK6010	Rising	436	па?	па	linguistic			End=583.914
437-0	SPK6009	Rising	437	Хэллоуин?	Хэллоуин	linguistic			Begin=583.702|End=584.204
438-0	SPK6011	Continuing	438	Ну,	Ну	linguistic			Begin=584.345|End=584.742
439-0	SPK6011	Continuing	439	может	может	linguistic			Begin=584.819
439-1	SPK6011	Continuing	439	быть,	быть	linguistic			End=585.459
440-0	SPK6011	Continuing	440	типа,	типа	linguistic			Begin=586.049|End=586.632
441-0	SPK6010	Falling	441	Новый	Новый	linguistic			Begin=590.704
441-1	SPK6010	Falling	441	год	год	linguistic			
441-2	SPK6010	Falling	441	шығар.	шығар	linguistic			End=591.419
442-0	SPK6011	Rising	442	заячья	заячья	linguistic			Begin=591.089
442-1	SPK6011	Rising	442	луна	луна	linguistic			
442-2	SPK6011	Rising	442	ма,	ма	linguistic			
442-3	SPK6011	Rising	442	қалай?	қалай	linguistic			End=592.639
443-0	SPK6011	Falling	443	Луна	Луна	linguistic			Begin=593.615
443-1	SPK6011	Falling	443	зайчик	зайчик	linguistic			
443-2	SPK6011	Falling	443	деген	деген	linguistic			
443-3	SPK6011	Falling	443	бір	бір	linguistic			
443-4	SPK6011	Falling	443	нәрсемен	нәрсемен	linguistic			
443-5	SPK6011	Falling	443	ассоциироваться	ассоциироваться	linguistic			
443-6	SPK6011	Falling	443	етеді.	етеді	linguistic			End=596.065
444-0	SPK6010	Falling	444	М,	М	linguistic			Begin=595.299
444-1	SPK6010	Falling	444	мхм.	мхм	linguistic			End=595.854
445-0	SPK6011	Falling	445	Сол	Сол	linguistic			Begin=596.329
445-1	SPK6011	Falling	445	шығар,	шығар	linguistic			
445-2	SPK6011	Falling	445	наверное.	наверное	linguistic			End=596.979
446-0	SPK6009	Continuing	446	Лунный	Лунный	linguistic			Begin=596.936
446-1	SPK6009	Continuing	446	заяц,	заяц	linguistic			End=597.575
447-0	SPK6009	Rising	447	китайский	китайский	linguistic			Begin=597.702
447-1	SPK6009	Rising	447	новый	новый	linguistic			
447-2	SPK6009	Rising	447	год?	год	linguistic			End=598.572
448-0	SPK6010	Falling	448	Мхм.	Мхм	linguistic			Begin=598.609|End=599.034
449-0	SPK6011	Continuing	449	Наверное,	Наверное	linguistic			Begin=598.872|End=599.345
450-0	SPK6011	Continuing	450	Сонымен	Сонымен	linguistic			Begin=600.442
450-1	SPK6011	Continuing	450	барғанбыз,	барғанбыз	linguistic			End=601.235
451-0	SPK6011	Falling	451	вот.	вот	linguistic			Begin=601.439|End=601.785
452-0	SPK6010	undefined	452	COUGH	COUGH	paraverbal	_		Begin=602.424|End=602.889
453-0	SPK6011	Continuing	453	Ол	Ол	linguistic			Begin=602.505
453-1	SPK6011	Continuing	453	еще	еще	linguistic			
453-2	SPK6011	Continuing	453	этот	этот	linguistic			
453-3	SPK6011	Continuing	453	бір	бір	linguistic			
453-4	SPK6011	Continuing	453	рет,	рет	linguistic			End=603.715
454-0	SPK6011	Continuing	454	а,	а	linguistic			Begin=604.002
454-1	SPK6011	Continuing	454	жазады,	жазады	linguistic			End=604.755
455-0	SPK6011	Continuing	455	типа	типа	linguistic			Begin=605.349
455-1	SPK6011	Continuing	455	Zoom-да	Zoom-да	linguistic			
455-2	SPK6011	Continuing	455	жазды	жазды	linguistic			
455-3	SPK6011	Continuing	455	ғой	ғой	linguistic			
455-4	SPK6011	Continuing	455	деймін,	деймін	linguistic			End=606.519
456-0	SPK6011	Continuing	456	вот	вот	linguistic			Begin=606.769
456-1	SPK6011	Continuing	456	менде	менде	linguistic			
456-2	SPK6011	Continuing	456	торт	торт	linguistic			
456-3	SPK6011	Continuing	456	қалып	қалып	linguistic			
456-4	SPK6011	Continuing	456	қалды,	қалды	linguistic			End=608.469
457-0	SPK6009	Falling	457	А.	А	linguistic			Begin=607.923|End=608.712
458-0	SPK6010	undefined	458	QQQ	QQQ	linguistic			Begin=608.594|End=609.474
459-0	SPK6011	Continuing	459	кім,	кім	linguistic			Begin=608.639|End=609.192
460-0	SPK6011	Continuing	460	кім	кім	linguistic			Begin=609.295
460-1	SPK6011	Continuing	460	дормда	дормда	linguistic			
460-2	SPK6011	Continuing	460	типа	типа	linguistic			
460-3	SPK6011	Continuing	460	алыңдар	алыңдар	linguistic			
460-4	SPK6011	Continuing	460	андай	андай	linguistic			
460-5	SPK6011	Continuing	460	мындай,	мындай	linguistic			End=611.469
461-0	SPK6011	Falling	461	тирамису	тирамису	linguistic			Begin=611.529
461-1	SPK6011	Falling	461	деп	деп	linguistic			
461-2	SPK6011	Falling	461	айтады.	айтады	linguistic			End=612.629
462-0	SPK6010	undefined	462	QQQ	QQQ	linguistic			Begin=612.834|End=613.969
463-0	SPK6009	Falling	463	Вау.	Вау	linguistic			Begin=612.863|End=613.481
464-0	SPK6011	Continuing	464	Вау	Вау	linguistic			Begin=613.055
464-1	SPK6011	Continuing	464	деп	деп	linguistic			
464-2	SPK6011	Continuing	464	бір	бір	linguistic			
464-3	SPK6011	Continuing	464	қыз	қыз	linguistic			
464-4	SPK6011	Continuing	464	короче	короче	linguistic			
464-5	SPK6011	Continuing	464	барып	барып	linguistic			
464-6	SPK6011	Continuing	464	келді,	келді	linguistic			End=614.915
465-0	SPK6011	Falling	465	ол	ол	linguistic			Begin=615.119
465-1	SPK6011	Falling	465	кезде	кезде	linguistic			
465-2	SPK6011	Falling	465	карантин.	карантин	linguistic			End=616.202
466-0	SPK6009	undefined	466	QQ	QQ	linguistic			Begin=616.177|End=616.695
467-0	SPK6010	undefined	467	QQQQ	QQQQ	linguistic			Begin=616.644|End=617.984
468-0	SPK6011	Continuing	468	Вот,	Вот	linguistic			Begin=616.889|End=617.409
469-0	SPK6011	Rising	469	потом	потом	linguistic			Begin=618.425
469-1	SPK6011	Rising	469	неме	неме	linguistic			
469-2	SPK6011	Rising	469	болды	болды	linguistic			
469-3	SPK6011	Rising	469	тағы?	тағы	linguistic			End=619.705
470-0	SPK6011	Continuing	470	Бірдене	Бірдене	linguistic			Begin=620.375
470-1	SPK6011	Continuing	470	болған	болған	linguistic			
470-2	SPK6011	Continuing	470	тағы,	тағы	linguistic			End=621.139
471-0	SPK6011	undefined	471	QQ	QQ	linguistic			Begin=621.435|End=622.069
472-0	SPK6010	Falling	472	Милаха	Милаха	linguistic			Begin=622.159
472-1	SPK6010	Falling	472	өзі	өзі	linguistic			
472-2	SPK6010	Falling	472	сондай.	сондай	linguistic			End=623.269
473-0	SPK6011	Falling	473	Мхм.	Мхм	linguistic			Begin=623.109|End=623.725
474-0	SPK6010	Rising	474	Инстаграмын	Инстаграмын	linguistic			Begin=624.014
474-1	SPK6010	Rising	474	көрдің	көрдің	linguistic			
474-2	SPK6010	Rising	474	бе?	бе	linguistic			End=625.060
475-0	SPK6011	Falling	475	Мхм.	Мхм	linguistic			Begin=625.209|End=625.572
476-0	SPK6010	Continuing	476	Инстаграмы	Инстаграмы	linguistic			Begin=625.913
476-1	SPK6010	Continuing	476	бар,	бар	linguistic			
476-2	SPK6010	Continuing	476	я	я	linguistic			
476-3	SPK6010	Continuing	476	подписана,	подписана	linguistic			End=627.444
477-0	SPK6010	Continuing	477	(TSK)	(TSK)	_			Begin=627.599
477-1	SPK6010	Continuing	477	вообще	вообще	linguistic			
477-2	SPK6010	Continuing	477	капец	капец	linguistic			
477-3	SPK6010	Continuing	477	милаха,	милаха	linguistic			End=629.054
478-0	SPK6010	Continuing	478	ана,	ана	linguistic			Begin=629.854|End=630.249
479-0	SPK6009	undefined	479	(H)	(H)	_			Begin=630.026|End=630.448
480-0	SPK6010	Continuing	480	не,	не	linguistic			Begin=630.289|End=630.714
481-0	SPK6010	Continuing	481	дормда,	дормда	linguistic			Begin=631.214|End=631.854
482-0	SPK6010	Continuing	482	кабине-,	кабине	linguistic		Interrupted=Yes	Begin=631.919|End=632.479
483-0	SPK6010	Continuing	483	фу,	фу	linguistic			Begin=632.709|End=633.034
484-0	SPK6010	undefined	484	(TSK)	(TSK)	_			Begin=633.424|End=633.789
485-0	SPK6010	Continuing	485	өзінің	өзінің	linguistic			Begin=633.949
485-1	SPK6010	Continuing	485	квартирасында	квартирасында	linguistic			
485-2	SPK6010	Continuing	485	что-то	что-то	linguistic			
485-3	SPK6010	Continuing	485	выращивает,	выращивает	linguistic			End=635.709
486-0	SPK6010	Falling	486	кажется.	кажется	linguistic			Begin=635.799|End=636.289
487-0	SPK6011	Falling	487	М.	М	linguistic			Begin=636.349|End=636.889
488-0	SPK6010	Continuing	488	Соны,	Соны	linguistic			Begin=637.064|End=637.524
489-0	SPK6010	Continuing	489	этот,	этот	linguistic			Begin=637.559|End=637.749
490-0	SPK6010	Falling	490	выкладывает.	выкладывает	linguistic			Begin=637.844|End=638.434
491-0	SPK6010	Continuing	491	Бірдене	Бірдене	linguistic			Begin=639.294
491-1	SPK6010	Continuing	491	жазады	жазады	linguistic			
491-2	SPK6010	Continuing	491	сосын,	сосын	linguistic			End=640.084
492-0	SPK6010	Falling	492	вот	вот	linguistic			Begin=640.149
492-1	SPK6010	Falling	492	с	с	linguistic			
492-2	SPK6010	Falling	492	новым	новым	linguistic			
492-3	SPK6010	Falling	492	годом	годом	linguistic			
492-4	SPK6010	Falling	492	деп.	деп	linguistic			End=641.144
493-0	SPK6009	undefined	493	Q	Q	linguistic			Begin=641.438|End=642.053
494-0	SPK6011	undefined	494	QQ	QQ	linguistic			Begin=641.959|End=642.362
495-0	SPK6010	Continuing	495	Бірдене	Бірдене	linguistic			Begin=642.184
495-1	SPK6010	Continuing	495	бірдене,	бірдене	linguistic			End=642.939
496-0	SPK6010	Falling	496	сол	сол	linguistic			Begin=646.004
496-1	SPK6010	Falling	496	cute.	cute	linguistic			End=646.514
497-0	SPK6011	Falling	497	Мхм.	Мхм	linguistic			Begin=646.925|End=647.435
498-0	SPK6009	Continuing	498	Күшті,	Күшті	linguistic			Begin=648.344|End=649.003
499-0	SPK6009	Continuing	499	SEDS-тің	SEDS-тің	linguistic			Begin=649.254
499-1	SPK6009	Continuing	499	профтарына	профтарына	linguistic			
499-2	SPK6009	Continuing	499	бәрібір,	бәрібір	linguistic			End=651.137
500-0	SPK6009	Falling	500	email-ді	email-ді	linguistic			Begin=651.247
500-1	SPK6009	Falling	500	бес	бес	linguistic			
500-2	SPK6009	Falling	500	рет	рет	linguistic			
500-3	SPK6009	Falling	500	жазсаңда	жазсаңда	linguistic			
500-4	SPK6009	Falling	500	оқымайды.	оқымайды	linguistic			End=653.144
501-0	SPK6011	undefined	501	(H)	(H)	_			Begin=651.282|End=651.739
502-0	SPK6010	undefined	502	QQQ	QQQ	linguistic			Begin=652.593|End=654.309
503-0	SPK6011	undefined	503	QQ	QQ	linguistic			Begin=652.979|End=653.739
504-0	SPK6009	undefined	504	COUGH	COUGH	paraverbal	_		Begin=653.963|End=654.612
505-0	SPK6009	Continuing	505	Сосын	Сосын	linguistic			Begin=654.626
505-1	SPK6009	Continuing	505	Zoom-да	Zoom-да	linguistic			
505-2	SPK6009	Continuing	505	сұрасаң	сұрасаң	linguistic			
505-3	SPK6009	Continuing	505	игнор,	игнор	linguistic			End=655.906
506-0	SPK6009	Continuing	506	шығып	шығып	linguistic			Begin=655.953
506-1	SPK6009	Continuing	506	кетеді,	кетеді	linguistic			End=656.511
507-0	SPK6009	Continuing	507	содан	содан	linguistic			Begin=656.568
507-1	SPK6009	Continuing	507	кейін,	кейін	linguistic			End=657.160
508-0	SPK6010	undefined	508	QQ	QQ	linguistic			Begin=656.569|End=657.829
509-0	SPK6009	Falling	509	жүресің	жүресің	linguistic			Begin=657.853
509-1	SPK6009	Falling	509	сосын.	сосын	linguistic			End=658.639
510-0	SPK6010	Continuing	510	Она	Она	linguistic			Begin=660.884
510-1	SPK6010	Continuing	510	еще	еще	linguistic			
510-2	SPK6010	Continuing	510	бір	бір	linguistic			
510-3	SPK6010	Continuing	510	рет,	рет	linguistic			End=661.624
511-0	SPK6010	Continuing	511	у	у	linguistic			Begin=662.943
511-1	SPK6010	Continuing	511	нее	нее	linguistic			
511-2	SPK6010	Continuing	511	короче	короче	linguistic			
511-3	SPK6010	Continuing	511	бір	бір	linguistic			
511-4	SPK6010	Continuing	511	quiz-ді,	quiz-ді	linguistic			End=664.369
512-0	SPK6010	Continuing	512	пропустила	пропустила	linguistic			Begin=664.639
512-1	SPK6010	Continuing	512	что	что	linguistic			
512-2	SPK6010	Continuing	512	ли,	ли	linguistic			End=665.759
513-0	SPK6010	Continuing	513	у	у	linguistic			Begin=665.864
513-1	SPK6010	Continuing	513	нее	нее	linguistic			
513-2	SPK6010	Continuing	513	make-up,	make-up	linguistic			End=666.744
514-0	SPK6010	Falling	514	quiz	quiz	linguistic			Begin=666.784
514-1	SPK6010	Falling	514	жазғанмын.	жазғанмын	linguistic			End=667.434
515-0	SPK6011	Falling	515	Мхм.	Мхм	linguistic			Begin=667.539|End=667.949
516-0	SPK6010	Falling	516	кабинетіне	кабинетіне	linguistic			Begin=667.769
516-1	SPK6010	Falling	516	барып.	барып	linguistic			End=668.739
517-0	SPK6010	Continuing	517	Сосын,	Сосын	linguistic			Begin=669.544|End=669.904
518-0	SPK6010	Continuing	518	quiz	quiz	linguistic			Begin=669.949
518-1	SPK6010	Continuing	518	біткенде,	біткенде	linguistic			End=670.704
519-0	SPK6010	Continuing	519	бумажканы	бумажканы	linguistic			Begin=670.779
519-1	SPK6010	Continuing	519	алып,	алып	linguistic			End=671.759
520-0	SPK6010	Continuing	520	столдың	столдың	linguistic			Begin=672.664
520-1	SPK6010	Continuing	520	үстіне	үстіне	linguistic			
520-2	SPK6010	Continuing	520	қойып	қойып	linguistic			
520-3	SPK6010	Continuing	520	жатырмын,	жатырмын	linguistic			End=674.114
521-0	SPK6010	Continuing	521	потом	потом	linguistic			Begin=674.749
521-1	SPK6010	Continuing	521	маған	маған	linguistic			
521-2	SPK6010	Continuing	521	қарап,	қарап	linguistic			End=675.469
522-0	SPK6010	Falling	522	можно	можно	linguistic			Begin=675.909
522-1	SPK6010	Falling	522	я	я	linguistic			
522-2	SPK6010	Falling	522	спрошу	спрошу	linguistic			
522-3	SPK6010	Falling	522	вопрос	вопрос	linguistic			
522-4	SPK6010	Falling	522	дейді.	дейді	linguistic			End=677.319
523-0	SPK6011	Falling	523	Мхм.	Мхм	linguistic			Begin=677.675|End=678.135
524-0	SPK6010	Falling	524	Такая	Такая	linguistic			Begin=677.914
524-1	SPK6010	Falling	524	okay.	okay	linguistic			End=678.674
525-0	SPK6010	Continuing	525	Сен	Сен	linguistic			Begin=680.059
525-1	SPK6010	Continuing	525	типа,	типа	linguistic			End=680.784
526-0	SPK6010	undefined	526	(H)	(H)	_			Begin=681.289|End=682.064
527-0	SPK6010	undefined	527	(Hx)	(Hx)	_			Begin=682.258|End=682.834
528-0	SPK6010	Falling	528	почему	почему	linguistic			Begin=683.684
528-1	SPK6010	Falling	528	ты	ты	linguistic			
528-2	SPK6010	Falling	528	такая	такая	linguistic			
528-3	SPK6010	Falling	528	высокая	высокая	linguistic			
528-4	SPK6010	Falling	528	дейді.	дейді	linguistic			End=685.349
529-0	SPK6009	undefined	529	QQ	QQ	linguistic			Begin=685.241|End=686.418
530-0	SPK6011	undefined	530	QQQQ	QQQQ	linguistic			Begin=685.249|End=687.249
531-0	SPK6010	undefined	531	QQQ	QQQ	linguistic			Begin=685.724|End=687.079
532-0	SPK6009	undefined	532	COUGH	COUGH	paraverbal	_		Begin=687.026|End=687.749
533-0	SPK6010	Continuing	533	Я	Я	linguistic			Begin=687.094
533-1	SPK6010	Continuing	533	такая,	такая	linguistic			End=687.734
534-0	SPK6010	Continuing	534	мен	мен	linguistic			Begin=687.824
534-1	SPK6010	Continuing	534	білмеймін	білмеймін	linguistic			
534-2	SPK6010	Continuing	534	мен,	мен	linguistic			End=688.694
535-0	SPK6010	Continuing	535	типа,	типа	linguistic			Begin=688.849|End=689.277
536-0	SPK6010	Continuing	536	семьям	семьям	linguistic			Begin=689.399
536-1	SPK6010	Continuing	536	өзі	өзі	linguistic			
536-2	SPK6010	Continuing	536	сондай	сондай	linguistic			
536-3	SPK6010	Continuing	536	высокий,	высокий	linguistic			End=691.004
537-0	SPK6010	Continuing	537	она	она	linguistic			Begin=691.104
537-1	SPK6010	Continuing	537	такая	такая	linguistic			
537-2	SPK6010	Continuing	537	а,	а	linguistic			End=691.859
538-0	SPK6010	Continuing	538	типа,	типа	linguistic			Begin=692.000|End=692.449
539-0	SPK6010	Continuing	539	генылары	генылары	linguistic			Begin=692.594
539-1	SPK6010	Continuing	539	күшті	күшті	linguistic			
539-2	SPK6010	Continuing	539	дейді,	дейді	linguistic			End=693.729
540-0	SPK6010	undefined	540	я	я	linguistic			Begin=693.774
540-1	SPK6010	undefined	540	такая	такая	linguistic			
540-2	SPK6010	undefined	540	QQQ	QQQ	linguistic			End=696.334
541-0	SPK6011	undefined	541	QQQ	QQQ	linguistic			Begin=693.782|End=695.212
542-0	SPK6009	undefined	542	QQ	QQ	linguistic			Begin=693.809|End=694.899
543-0	SPK6011	Falling	543	Капец	Капец	linguistic			Begin=696.305
543-1	SPK6011	Falling	543	прикол.	прикол	linguistic			End=697.249
544-0	SPK6010	undefined	544	(H)	(H)	_			Begin=697.034|End=698.664
545-0	SPK6010	Continuing	545	Такая	Такая	linguistic			Begin=698.874
545-1	SPK6010	Continuing	545	милаха,	милаха	linguistic			End=700.329
546-0	SPK6010	Falling	546	вообще.	вообще	linguistic			Begin=700.404|End=701.014
547-0	SPK6011	undefined	547	Q	Q	linguistic			Begin=700.712|End=701.275
548-0	SPK6009	Rising	548	А	А	linguistic			Begin=701.408
548-1	SPK6009	Rising	548	сенің	сенің	linguistic			
548-2	SPK6009	Rising	548	бойын	бойын	linguistic			
548-3	SPK6009	Rising	548	қанша?	қанша	linguistic			End=702.177
549-0	SPK6010	Falling	549	Жүз	Жүз	linguistic			Begin=703.174
549-1	SPK6010	Falling	549	жетпіс	жетпіс	linguistic			
549-2	SPK6010	Falling	549	бес.	бес	linguistic			End=704.049
550-0	SPK6009	Falling	550	Кайф.	Кайф	linguistic			Begin=704.455|End=705.093
551-0	SPK6011	Falling	551	Такие	Такие	linguistic			Begin=705.929
551-1	SPK6011	Falling	551	азиатки	азиатки	linguistic			
551-2	SPK6011	Falling	551	же	же	linguistic			
551-3	SPK6011	Falling	551	не	не	linguistic			
551-4	SPK6011	Falling	551	такие	такие	linguistic			
551-5	SPK6011	Falling	551	деп.	деп	linguistic			End=707.865
552-0	SPK6010	undefined	552	А	А	linguistic			Begin=707.734
552-1	SPK6010	undefined	552	QQ	QQ	linguistic			End=708.844
553-0	SPK6009	undefined	553	QQ	QQ	linguistic			Begin=707.943|End=708.618
554-0	SPK6010	Continuing	554	Шаблоны,	Шаблоны	linguistic			Begin=711.289|End=711.854
555-0	SPK6010	Continuing	555	сломался,	сломался	linguistic			Begin=711.939|End=712.579
556-0	SPK6011	Falling	556	Мхм.	Мхм	linguistic			Begin=713.295|End=713.869
557-0	SPK6011	Continuing	557	Но	Но	linguistic			Begin=716.569
557-1	SPK6011	Continuing	557	қытайда	қытайда	linguistic			
557-2	SPK6011	Continuing	557	бар	бар	linguistic			
557-3	SPK6011	Continuing	557	шығар	шығар	linguistic			
557-4	SPK6011	Continuing	557	ондайлар	ондайлар	linguistic			
557-5	SPK6011	Continuing	557	типа,	типа	linguistic			End=718.662
558-0	SPK6010	Falling	558	Иә.	Иә	linguistic			Begin=718.949|End=719.329
559-0	SPK6011	Falling	559	по-любому.	по-любому	linguistic			Begin=719.265|End=719.835
560-0	SPK6010	Continuing	560	Бір,	Бір	linguistic			Begin=719.404|End=719.659
561-0	SPK6010	Continuing	561	бір	бір	linguistic			Begin=719.740
561-1	SPK6010	Continuing	561	жағында	жағында	linguistic			
561-2	SPK6010	Continuing	561	не,	не	linguistic			End=720.654
562-0	SPK6010	Continuing	562	север	север	linguistic			Begin=720.724
562-1	SPK6010	Continuing	562	ма	ма	linguistic			
562-2	SPK6010	Continuing	562	юг	юг	linguistic			
562-3	SPK6010	Continuing	562	па,	па	linguistic			End=721.604
563-0	SPK6010	Continuing	563	біреуінде	біреуінде	linguistic			Begin=721.674
563-1	SPK6010	Continuing	563	точно,	точно	linguistic			End=722.674
564-0	SPK6010	Continuing	564	наоборот,	наоборот	linguistic			Begin=723.239|End=723.880
565-0	SPK6010	Falling	565	высокие	высокие	linguistic			Begin=724.194
565-1	SPK6010	Falling	565	барлығы.	барлығы	linguistic			End=725.224
566-0	SPK6011	Falling	566	Мхм.	Мхм	linguistic			Begin=725.332|End=725.909
567-0	SPK6010	Falling	567	Білмеймін	Білмеймін	linguistic			Begin=726.829
567-1	SPK6010	Falling	567	қай	қай	linguistic			
567-2	SPK6010	Falling	567	жақта	жақта	linguistic			
567-3	SPK6010	Falling	567	правда.	правда	linguistic			End=727.959
568-0	SPK6011	Continuing	568	Оларда	Оларда	linguistic			Begin=728.409
568-1	SPK6011	Continuing	568	еще	еще	linguistic			
568-2	SPK6011	Continuing	568	может	может	linguistic			
568-3	SPK6011	Continuing	568	операция	операция	linguistic			
568-4	SPK6011	Continuing	568	жасап	жасап	linguistic			
568-5	SPK6011	Continuing	568	жүрген,	жүрген	linguistic			End=730.349
569-0	SPK6011	Continuing	569	шығар	шығар	linguistic			Begin=730.392
569-1	SPK6011	Continuing	569	типа	типа	linguistic			
569-2	SPK6011	Continuing	569	на,	на	linguistic			End=731.375
570-0	SPK6011	Continuing	570	этот,	этот	linguistic			Begin=731.445|End=731.939
571-0	SPK6011	Falling	571	на	на	linguistic			Begin=732.019
571-1	SPK6011	Falling	571	рост.	рост	linguistic			End=732.542
572-0	SPK6009	Rising	572	Олай	Олай	linguistic			Begin=732.750
572-1	SPK6009	Rising	572	жасауға	жасауға	linguistic			
572-2	SPK6009	Rising	572	бола	бола	linguistic			
572-3	SPK6009	Rising	572	ма?	ма	linguistic			End=733.779
573-0	SPK6011	Falling	573	Мхм.	Мхм	linguistic			Begin=733.835|End=734.309
574-0	SPK6010	Falling	574	Иә.	Иә	linguistic			Begin=733.849|End=734.424
575-0	SPK6009	Rising	575	А	А	linguistic			Begin=734.699
575-1	SPK6009	Rising	575	сонда	сонда	linguistic			
575-2	SPK6009	Rising	575	қай	қай	linguistic			
575-3	SPK6009	Rising	575	жеріне	жеріне	linguistic			
575-4	SPK6009	Rising	575	ауыстарады?	ауыстарады	linguistic			End=735.980
576-0	SPK6011	Continuing	576	Косточкаларын	Косточкаларын	linguistic			Begin=736.295
576-1	SPK6011	Continuing	576	кажется	кажется	linguistic			
576-2	SPK6011	Continuing	576	ұзартады	ұзартады	linguistic			
576-3	SPK6011	Continuing	576	ғой	ғой	linguistic			
576-4	SPK6011	Continuing	576	деймін	деймін	linguistic			
576-5	SPK6011	Continuing	576	как-то,	как-то	linguistic			End=738.782
577-0	SPK6010	Continuing	577	Ол	Ол	linguistic			Begin=739.149
577-1	SPK6010	Continuing	577	не,	не	linguistic			End=739.694
578-0	SPK6011	Falling	578	что-то	что-то	linguistic			Begin=739.163
578-1	SPK6011	Falling	578	делают	делают	linguistic			
578-2	SPK6011	Falling	578	там.	там	linguistic			End=740.222
579-0	SPK6010	Continuing	579	короче,	короче	linguistic			Begin=739.802|End=740.199
580-0	SPK6010	Continuing	580	мына	мына	linguistic			Begin=740.296
580-1	SPK6010	Continuing	580	жерде,	жерде	linguistic			End=741.154
581-0	SPK6010	Continuing	581	аяғын	аяғын	linguistic			Begin=741.584
581-1	SPK6010	Continuing	581	несін,	несін	linguistic			End=742.624
582-0	SPK6009	undefined	582	(H)	(H)	_			Begin=743.789|End=744.712
583-0	SPK6010	Continuing	583	а,	а	linguistic			Begin=744.032|End=744.709
584-0	SPK6010	Falling	584	сүйегін	сүйегін	linguistic			Begin=745.394
584-1	SPK6010	Falling	584	короче	короче	linguistic			
584-2	SPK6010	Falling	584	сындырып.	сындырып	linguistic			End=746.744
585-0	SPK6009	undefined	585	(H)	(H)	_			Begin=746.946|End=747.348
586-0	SPK6011	Falling	586	Бірдене	Бірдене	linguistic			Begin=748.069
586-1	SPK6011	Falling	586	жасайды.	жасайды	linguistic			End=748.885
587-0	SPK6010	Falling	587	Иә.	Иә	linguistic			Begin=748.929|End=749.279
588-0	SPK6009	undefined	588	QQ	QQ	linguistic			Begin=749.053|End=749.662
589-0	SPK6010	Continuing	589	Анау	Анау	linguistic			Begin=749.389
589-1	SPK6010	Continuing	589	бар	бар	linguistic			
589-2	SPK6010	Continuing	589	ғой	ғой	linguistic			
589-3	SPK6010	Continuing	589	который,	который	linguistic			End=750.249
590-0	SPK6010	Continuing	590	темір	темір	linguistic			Begin=750.304
590-1	SPK6010	Continuing	590	ме,	ме	linguistic			End=750.974
591-0	SPK6010	Continuing	591	длинный	длинный	linguistic			Begin=751.069
591-1	SPK6010	Continuing	591	который,	который	linguistic			End=751.779
592-0	SPK6010	Continuing	592	кажется,	кажется	linguistic			Begin=753.164|End=753.709
593-0	SPK6010	Continuing	593	үсті,	үсті	linguistic			Begin=754.199|End=754.614
594-0	SPK6010	Continuing	594	астыңғысын,	астыңғысын	linguistic			Begin=754.679|End=755.594
595-0	SPK6010	Continuing	595	аяғын	аяғын	linguistic			Begin=756.579
595-1	SPK6010	Continuing	595	сындырып,	сындырып	linguistic			End=757.604
596-0	SPK6010	Continuing	596	косточканы,	косточканы	linguistic			Begin=758.264
596-1	SPK6010	Continuing	596	сосын,	сосын	linguistic			End=759.309
597-0	SPK6010	Continuing	597	металический	металический	linguistic			Begin=759.519
597-1	SPK6010	Continuing	597	нәрсені	нәрсені	linguistic			
597-2	SPK6010	Continuing	597	қояды,	қояды	linguistic			End=760.884
598-0	SPK6010	Continuing	598	металический	металический	linguistic			Begin=761.039
598-1	SPK6010	Continuing	598	нәрсемен	нәрсемен	linguistic			
598-2	SPK6010	Continuing	598	короче,	короче	linguistic			End=762.389
599-0	SPK6010	Falling	599	увеличивают.	увеличивают	linguistic			Begin=762.514|End=763.564
600-0	SPK6009	Falling	600	Фу.	Фу	linguistic			Begin=762.605|End=763.147
601-0	SPK6011	undefined	601	Q	Q	linguistic			Begin=763.725|End=764.375
602-0	SPK6010	Continuing	602	Но	Но	linguistic			Begin=763.954
602-1	SPK6010	Continuing	602	ол	ол	linguistic			
602-2	SPK6010	Continuing	602	капец,	капец	linguistic			End=764.599
603-0	SPK6010	Falling	603	ол	ол	linguistic			Begin=764.927
603-1	SPK6010	Falling	603	беспонтовый	беспонтовый	linguistic			
603-2	SPK6010	Falling	603	не.	не	linguistic			End=765.939
604-0	SPK6011	Continuing	604	Ну,	Ну	linguistic			Begin=766.252
604-1	SPK6011	Continuing	604	потом	потом	linguistic			
604-2	SPK6011	Continuing	604	өмір	өмір	linguistic			
604-3	SPK6011	Continuing	604	бойы	бойы	linguistic			
604-4	SPK6011	Continuing	604	жүресің,	жүресің	linguistic			End=767.565
605-0	SPK6011	Continuing	605	типа,	типа	linguistic			Begin=767.707|End=768.022
606-0	SPK6011	Continuing	606	ыстықта	ыстықта	linguistic			Begin=768.245
606-1	SPK6011	Continuing	606	жүруге	жүруге	linguistic			
606-2	SPK6011	Continuing	606	болмайды	болмайды	linguistic			
606-3	SPK6011	Continuing	606	скорее	скорее	linguistic			
606-4	SPK6011	Continuing	606	всего,	всего	linguistic			End=769.762
607-0	SPK6011	Falling	607	типа	типа	linguistic			Begin=769.889
607-1	SPK6011	Falling	607	андай	андай	linguistic			
607-2	SPK6011	Falling	607	мынандай.	мынандай	linguistic			End=770.779
608-0	SPK6010	Continuing	608	М,	М	linguistic			Begin=770.659|End=771.134
609-0	SPK6010	Continuing	609	өмір	өмір	linguistic			Begin=771.219
609-1	SPK6010	Continuing	609	бойы,	бойы	linguistic			End=772.304
610-0	SPK6010	Continuing	610	очень,	очень	linguistic			Begin=772.514|End=772.999
611-0	SPK6010	Continuing	611	easy,	easy	linguistic			Begin=773.249|End=773.984
612-0	SPK6010	Continuing	612	да-	да	linguistic		Interrupted=Yes	Begin=774.354
612-1	SPK6010	Continuing	612	жаман	жаман	linguistic			
612-2	SPK6010	Continuing	612	болатын,	болатын	linguistic			End=775.459
613-0	SPK6010	Falling	613	операция	операция	linguistic			Begin=775.564
613-1	SPK6010	Falling	613	ол.	ол	linguistic			End=776.339
614-0	SPK6011	Continuing	614	М,	М	linguistic			Begin=776.433
614-1	SPK6011	Continuing	614	потому	потому	linguistic			
614-2	SPK6011	Continuing	614	что	что	linguistic			
614-3	SPK6011	Continuing	614	бізге	бізге	linguistic			
614-4	SPK6011	Continuing	614	бір	бір	linguistic			
614-5	SPK6011	Continuing	614	балада,	балада	linguistic			End=778.275
615-0	SPK6011	Continuing	615	қатты	қатты	linguistic			Begin=778.395
615-1	SPK6011	Continuing	615	плоскостопия	плоскостопия	linguistic			
615-2	SPK6011	Continuing	615	болды	болды	linguistic			
615-3	SPK6011	Continuing	615	да,	да	linguistic			End=779.672
616-0	SPK6011	Continuing	616	оған	оған	linguistic			Begin=779.749
616-1	SPK6011	Continuing	616	короче,	короче	linguistic			End=780.319
617-0	SPK6011	Continuing	617	титановый	титановый	linguistic			Begin=780.509
617-1	SPK6011	Continuing	617	бірдене	бірдене	linguistic			
617-2	SPK6011	Continuing	617	қойды,	қойды	linguistic			End=781.755
618-0	SPK6011	Continuing	618	аяғына,	аяғына	linguistic			Begin=781.985|End=782.595
619-0	SPK6011	Continuing	619	и	и	linguistic			Begin=782.992
619-1	SPK6011	Continuing	619	оған	оған	linguistic			
619-2	SPK6011	Continuing	619	потом	потом	linguistic			
619-3	SPK6011	Continuing	619	айтты	айтты	linguistic			
619-4	SPK6011	Continuing	619	типа,	типа	linguistic			End=784.112
620-0	SPK6011	Continuing	620	көп	көп	linguistic			Begin=784.182
620-1	SPK6011	Continuing	620	жүруге	жүруге	linguistic			
620-2	SPK6011	Continuing	620	болмайды,	болмайды	linguistic			End=784.942
621-0	SPK6011	Continuing	621	и,	и	linguistic			Begin=785.005|End=785.429
622-0	SPK6011	Continuing	622	ыстықта	ыстықта	linguistic			Begin=785.482
622-1	SPK6011	Continuing	622	жүруге	жүруге	linguistic			
622-2	SPK6011	Continuing	622	болмайды,	болмайды	linguistic			End=786.479
623-0	SPK6011	Falling	623	потому	потому	linguistic			Begin=786.569
623-1	SPK6011	Falling	623	что	что	linguistic			
623-2	SPK6011	Falling	623	мынау	мынау	linguistic			
623-3	SPK6011	Falling	623	қызып	қызып	linguistic			
623-4	SPK6011	Falling	623	кетеді	кетеді	linguistic			
623-5	SPK6011	Falling	623	типа.	типа	linguistic			End=787.699
624-0	SPK6009	Falling	624	А.	А	linguistic			Begin=787.903|End=788.331
625-0	SPK6011	Falling	625	Ну,	Ну	linguistic			Begin=788.129
625-1	SPK6011	Falling	625	опасно.	опасно	linguistic			End=788.699
626-0	SPK6009	Rising	626	А	А	linguistic			Begin=788.819
626-1	SPK6009	Rising	626	қызыса	қызыса	linguistic			
626-2	SPK6009	Rising	626	не	не	linguistic			
626-3	SPK6009	Rising	626	болады?	болады	linguistic			End=789.866
627-0	SPK6011	undefined	627	QQ	QQ	linguistic			Begin=790.479|End=791.335
628-0	SPK6011	Falling	628	Жаман	Жаман	linguistic			Begin=791.389
628-1	SPK6011	Falling	628	болады	болады	linguistic			
628-2	SPK6011	Falling	628	такая.	такая	linguistic			End=792.442
629-0	SPK6010	undefined	629	QQ	QQ	linguistic			Begin=792.414|End=793.219
630-0	SPK6011	Continuing	630	Білмеймін	Білмеймін	linguistic			Begin=792.659
630-1	SPK6011	Continuing	630	мен,	мен	linguistic			End=793.465
631-0	SPK6011	Falling	631	типа	типа	linguistic			Begin=793.639
631-1	SPK6011	Falling	631	ол	ол	linguistic			
631-2	SPK6011	Falling	631	жағын	жағын	linguistic			
631-3	SPK6011	Falling	631	сұраған	сұраған	linguistic			
631-4	SPK6011	Falling	631	жоқпын.	жоқпын	linguistic			End=794.885
632-0	SPK6009	Rising	632	Типа	Типа	linguistic			Begin=794.883
632-1	SPK6009	Rising	632	балқып	балқып	linguistic			
632-2	SPK6009	Rising	632	кете	кете	linguistic			
632-3	SPK6009	Rising	632	ме?	ме	linguistic			End=795.909
633-0	SPK6011	Continuing	633	Ну,	Ну	linguistic			Begin=797.369|End=797.942
634-0	SPK6011	Continuing	634	совсем	совсем	linguistic			Begin=798.319
634-1	SPK6011	Continuing	634	ыстық	ыстық	linguistic			
634-2	SPK6011	Continuing	634	болып	болып	linguistic			
634-3	SPK6011	Continuing	634	кететін	кететін	linguistic			
634-4	SPK6011	Continuing	634	шығар,	шығар	linguistic			End=799.805
635-0	SPK6011	Continuing	635	типа	типа	linguistic			Begin=799.869
635-1	SPK6011	Continuing	635	температурасы	температурасы	linguistic			
635-2	SPK6011	Continuing	635	көтеріліп,	көтеріліп	linguistic			End=801.282
636-0	SPK6010	Falling	636	Мхм.	Мхм	linguistic			Begin=800.759|End=801.344
637-0	SPK6009	Falling	637	А.	А	linguistic			Begin=801.478|End=801.919
638-0	SPK6011	Continuing	638	аяқтың,	аяқтың	linguistic			Begin=801.529|End=801.975
639-0	SPK6011	Continuing	639	может	может	linguistic			Begin=802.645
639-1	SPK6011	Continuing	639	быть,	быть	linguistic			End=803.529
640-0	SPK6011	Continuing	640	еті,	еті	linguistic			Begin=803.955|End=804.515
641-0	SPK6010	undefined	641	Да	Да	linguistic			Begin=804.924
641-1	SPK6010	undefined	641	Q	Q	linguistic			End=805.759
642-0	SPK6011	Continuing	642	там,	там	linguistic			Begin=805.165|End=805.845
643-0	SPK6009	Falling	643	Мхм.	Мхм	linguistic			Begin=805.632|End=806.264
644-0	SPK6011	Falling	644	пысып	пысып	linguistic			Begin=805.959
644-1	SPK6011	Falling	644	кетеді	кетеді	linguistic			
644-2	SPK6011	Falling	644	возможно,	возможно	linguistic			
644-3	SPK6011	Falling	644	кім	кім	linguistic			
644-4	SPK6011	Falling	644	біледі.	біледі	linguistic			End=807.809
645-0	SPK6010	undefined	645	Q	Q	linguistic			Begin=806.904|End=807.769
646-0	SPK6009	Falling	646	А.	А	linguistic			Begin=808.220|End=808.826
647-0	SPK6010	Falling	647	Может	Может	linguistic			Begin=808.854
647-1	SPK6010	Falling	647	быть.	быть	linguistic			End=809.474
648-0	SPK6011	Continuing	648	Это	Это	linguistic			Begin=809.469
648-1	SPK6011	Continuing	648	ужасно,	ужасно	linguistic			End=810.772
649-0	SPK6011	Continuing	649	в	в	linguistic			Begin=812.509
649-1	SPK6011	Continuing	649	общем	общем	linguistic			
649-2	SPK6011	Continuing	649	да,	да	linguistic			End=813.179
650-0	SPK6011	Falling	650	вот.	вот	linguistic			Begin=815.969|End=816.589
651-0	SPK6010	Continuing	651	Вот,	Вот	linguistic			Begin=816.199|End=816.484
652-0	SPK6010	undefined	652	сол	сол	linguistic			Begin=816.564
652-1	SPK6010	undefined	652	аяғын	аяғын	linguistic			
652-2	SPK6010	undefined	652	сындыр	сындыр	linguistic			End=818.084
653-0	SPK6011	Continuing	653	А,	А	linguistic			Begin=817.320|End=818.220
654-0	SPK6011	Continuing	654	еще	еще	linguistic			Begin=818.552
654-1	SPK6011	Continuing	654	бізде	бізде	linguistic			
654-2	SPK6011	Continuing	654	бір	бір	linguistic			
654-3	SPK6011	Continuing	654	балаға	балаға	linguistic			
654-4	SPK6011	Continuing	654	по	по	linguistic			
654-5	SPK6011	Continuing	654	идее,	идее	linguistic			End=820.182
655-0	SPK6011	Continuing	655	аяқ	аяқ	linguistic			Begin=820.402
655-1	SPK6011	Continuing	655	ұзартқан,	ұзартқан	linguistic			End=821.275
656-0	SPK6011	Continuing	656	короче	короче	linguistic			Begin=821.769
656-1	SPK6011	Continuing	656	потому	потому	linguistic			
656-2	SPK6011	Continuing	656	что,	что	linguistic			End=822.749
657-0	SPK6011	Continuing	657	оның	оның	linguistic			Begin=823.012
657-1	SPK6011	Continuing	657	аяқтары,	аяқтары	linguistic			End=824.285
658-0	SPK6011	Continuing	658	екеуі	екеуі	linguistic			Begin=824.515
658-1	SPK6011	Continuing	658	әртүрлі	әртүрлі	linguistic			
658-2	SPK6011	Continuing	658	де,	де	linguistic			End=826.072
659-0	SPK6010	Falling	659	М.	М	linguistic			Begin=826.139|End=826.864
660-0	SPK6011	Falling	660	ұзындықтары.	ұзындықтары	linguistic			Begin=826.465|End=827.165
661-0	SPK6011	Continuing	661	И	И	linguistic			Begin=827.522
661-1	SPK6011	Continuing	661	типа	типа	linguistic			
661-2	SPK6011	Continuing	661	біреуы	біреуы	linguistic			
661-3	SPK6011	Continuing	661	қысқа,	қысқа	linguistic			End=828.592
662-0	SPK6011	Falling	662	и	и	linguistic			Begin=828.695
662-1	SPK6011	Falling	662	оны	оны	linguistic			
662-2	SPK6011	Falling	662	кішкене	кішкене	linguistic			
662-3	SPK6011	Falling	662	ұзартып	ұзартып	linguistic			
662-4	SPK6011	Falling	662	тастады	тастады	linguistic			
662-5	SPK6011	Falling	662	деп	деп	linguistic			
662-6	SPK6011	Falling	662	айтқан.	айтқан	linguistic			End=830.612
663-0	SPK6010	Falling	663	М.	М	linguistic			Begin=830.034|End=830.484
664-0	SPK6011	Falling	664	Вот.	Вот	linguistic			Begin=831.349|End=831.719
665-0	SPK6010	Falling	665	Капец.	Капец	linguistic			Begin=831.475|End=831.932
666-0	SPK6011	undefined	666	QQ	QQ	linguistic			Begin=833.442|End=834.062
667-0	SPK6010	undefined	667	COUGH	COUGH	paraverbal	_		Begin=836.975|End=837.592
668-0	SPK6009	undefined	668	(???)	(???)	linguistic			Begin=837.150|End=837.812
669-0	SPK6011	Falling	669	Just	Just	linguistic			Begin=837.925
669-1	SPK6011	Falling	669	take	take	linguistic			
669-2	SPK6011	Falling	669	it.	it	linguistic			End=838.695
670-0	SPK6009	Falling	670	I	I	linguistic			Begin=839.394
670-1	SPK6009	Falling	670	can't.	can't	linguistic			End=840.672
671-0	SPK6010	Continuing	671	Аллай,	Аллай	linguistic			Begin=840.685|End=841.412
672-0	SPK6011	Continuing	672	Ала	Ала	linguistic			Begin=841.375
672-1	SPK6011	Continuing	672	сал,	сал	linguistic			End=842.345
673-0	SPK6009	undefined	673	(???)	(???)	linguistic			Begin=841.665|End=842.304
674-0	SPK6010	Falling	674	Ала	Ала	linguistic			Begin=842.385
674-1	SPK6010	Falling	674	сал.	сал	linguistic			End=842.889
675-0	SPK6011	Falling	675	Ала	Ала	linguistic			Begin=842.789
675-1	SPK6011	Falling	675	сал	сал	linguistic			
675-2	SPK6011	Falling	675	реально.	реально	linguistic			End=843.555
676-0	SPK6009	Falling	676	А.	А	linguistic			Begin=844.578|End=845.264
677-0	SPK6010	undefined	677	QQ	QQ	linguistic			Begin=845.582|End=846.419
678-0	SPK6011	Falling	678	Былай	Былай	linguistic			Begin=845.889
678-1	SPK6011	Falling	678	бөле	бөле	linguistic			
678-2	SPK6011	Falling	678	сал	сал	linguistic			
678-3	SPK6011	Falling	678	просто.	просто	linguistic			End=847.109
679-0	SPK6010	Falling	679	Иә.	Иә	linguistic			Begin=847.385|End=847.769
680-0	SPK6011	Falling	680	Иә.	Иә	linguistic			Begin=848.535|End=848.875
681-0	SPK6010	Falling	681	Давай	Давай	linguistic			Begin=848.895
681-1	SPK6010	Falling	681	давай	давай	linguistic			
681-2	SPK6010	Falling	681	давай.	давай	linguistic			End=849.859
682-0	SPK6011	Falling	682	Сен	Сен	linguistic			Begin=849.089
682-1	SPK6011	Falling	682	жейсің	жейсің	linguistic			
682-2	SPK6011	Falling	682	ғой	ғой	linguistic			
682-3	SPK6011	Falling	682	все	все	linguistic			
682-4	SPK6011	Falling	682	равно.	равно	linguistic			End=851.022
683-0	SPK6009	undefined	683	(???)	(???)	linguistic			Begin=850.709|End=851.217
684-0	SPK6010	Falling	684	Let's	Let's	linguistic			Begin=851.195
684-1	SPK6010	Falling	684	go	go	linguistic			
684-2	SPK6010	Falling	684	let's	let's	linguistic			
684-3	SPK6010	Falling	684	go.	go	linguistic			End=851.849
685-0	SPK6011	Continuing	685	Йе,	Йе	linguistic			Begin=851.822|End=852.555
686-0	SPK6011	undefined	686	де	де	linguistic			Begin=852.759
686-1	SPK6011	undefined	686	такая	такая	linguistic			End=853.132
687-0	SPK6009	Falling	687	Ура.	Ура	linguistic			Begin=852.801|End=853.314
688-0	SPK6011	undefined	688	QQQQ	QQQQ	linguistic			Begin=853.256|End=854.835
689-0	SPK6010	undefined	689	QQQQ	QQQQ	linguistic			Begin=853.502|End=854.792
690-0	SPK6010	undefined	690	(H)	(H)	_			Begin=855.195|End=855.609
691-0	SPK6011	Falling	691	Okay.	Okay	linguistic			Begin=855.589|End=856.139
692-0	SPK6010	Continuing	692	Ну,	Ну	linguistic			Begin=856.659|End=857.129
693-0	SPK6011	Continuing	693	что	что	linguistic			Begin=857.999
693-1	SPK6011	Continuing	693	поделать	поделать	linguistic			
693-2	SPK6011	Continuing	693	дейсің,	дейсің	linguistic			End=859.205
694-0	SPK6010	Falling	694	ну.	ну	linguistic			Begin=859.355|End=859.795
695-0	SPK6011	Falling	695	вот.	вот	linguistic			Begin=859.659|End=860.009
696-0	SPK6010	Continuing	696	Песочный	Песочный	linguistic			Begin=860.659
696-1	SPK6010	Continuing	696	нәрсе,	нәрсе	linguistic			End=861.409
697-0	SPK6010	Falling	697	песок	песок	linguistic			Begin=861.472
697-1	SPK6010	Falling	697	болады.	болады	linguistic			End=862.102
698-0	SPK6009	undefined	698	QQ	QQ	linguistic			Begin=862.590|End=863.194
699-0	SPK6011	undefined	699	QQ	QQ	linguistic			Begin=863.142|End=863.595
700-0	SPK6010	Continuing	700	Песочьный	Песочьный	linguistic			Begin=864.485
700-1	SPK6010	Continuing	700	торт,	торт	linguistic			End=865.279
701-0	SPK6010	Falling	701	сондай	сондай	linguistic			Begin=865.432
701-1	SPK6010	Falling	701	ол.	ол	linguistic			End=865.929
702-0	SPK6011	Continuing	702	Солай,	Солай	linguistic			Begin=867.125|End=867.539
703-0	SPK6011	Continuing	703	мен,	мен	linguistic			Begin=868.875|End=869.332
704-0	SPK6011	Continuing	704	сабақ	сабақ	linguistic			Begin=869.452
704-1	SPK6011	Continuing	704	біткен	біткен	linguistic			
704-2	SPK6011	Continuing	704	кезде,	кезде	linguistic			End=870.592
705-0	SPK6011	Continuing	705	документалкалар	документалкалар	linguistic			Begin=870.835
705-1	SPK6011	Continuing	705	қарай	қарай	linguistic			
705-2	SPK6011	Continuing	705	бастадым,	бастадым	linguistic			End=872.789
706-0	SPK6010	Rising	706	М,	М	linguistic			Begin=872.902
706-1	SPK6010	Rising	706	что	что	linguistic			
706-2	SPK6010	Rising	706	за?	за	linguistic			End=873.402
707-0	SPK6011	Continuing	707	там,	там	linguistic			Begin=873.052|End=873.612
708-0	SPK6011	Continuing	708	пластическая,	пластическая	linguistic			Begin=874.212|End=875.219
709-0	SPK6010	Falling	709	(TSK)	(TSK)	_			Begin=874.932
709-1	SPK6010	Falling	709	Вау.	Вау	linguistic			End=876.432
710-0	SPK6011	Continuing	710	операция,	операция	linguistic			Begin=875.412|End=876.432
711-0	SPK6011	Falling	711	в	в	linguistic			Begin=876.579
711-1	SPK6011	Falling	711	Корее	Корее	linguistic			
711-2	SPK6011	Falling	711	деп	деп	linguistic			
711-3	SPK6011	Falling	711	короче.	короче	linguistic			End=877.562
712-0	SPK6010	undefined	712	QQ	QQ	linguistic			Begin=877.565|End=878.095
713-0	SPK6011	Continuing	713	Документалка	Документалка	linguistic			Begin=877.629
713-1	SPK6011	Continuing	713	BBC,	BBC	linguistic			End=879.209
714-0	SPK6009	undefined	714	(H)	(H)	_			Begin=877.926|End=878.431
715-0	SPK6011	Continuing	715	потом,	потом	linguistic			Begin=879.329|End=880.012
716-0	SPK6009	undefined	716	QQ	QQ	linguistic			Begin=879.518|End=880.107
717-0	SPK6011	Continuing	717	а	а	linguistic			Begin=880.132
717-1	SPK6011	Continuing	717	потом	потом	linguistic			
717-2	SPK6011	Continuing	717	неме,	неме	linguistic			End=881.032
718-0	SPK6011	Continuing	718	а,	а	linguistic			Begin=881.155|End=881.792
719-0	SPK6011	Continuing	719	современное	современное	linguistic			Begin=881.962
719-1	SPK6011	Continuing	719	рабство	рабство	linguistic			
719-2	SPK6011	Continuing	719	дегенді	дегенді	linguistic			
719-3	SPK6011	Continuing	719	көрдім,	көрдім	linguistic			End=883.815
720-0	SPK6010	Falling	720	Мә.	Мә	linguistic			Begin=883.939|End=884.589
721-0	SPK6011	Falling	721	Африка	Африка	linguistic			Begin=884.632
721-1	SPK6011	Falling	721	жақта.	жақта	linguistic			End=885.419
722-0	SPK6009	undefined	722	Африка?	Африка	linguistic			Begin=885.886
722-1	SPK6009	undefined	722	Мен	Мен	linguistic			End=886.692
723-0	SPK6009	Falling	723	OnlyFans	OnlyFans	linguistic			Begin=886.725
723-1	SPK6009	Falling	723	есіме	есіме	linguistic			
723-2	SPK6009	Falling	723	түсіп	түсіп	linguistic			
723-3	SPK6009	Falling	723	кетті.	кетті	linguistic			End=887.822
724-0	SPK6011	Falling	724	Мхм.	Мхм	linguistic			Begin=886.809|End=887.315
725-0	SPK6010	undefined	725	QQQ	QQQ	linguistic			Begin=888.065|End=889.562
726-0	SPK6011	Rising	726	What?	What	linguistic			Begin=888.542|End=889.145
727-0	SPK6011	Falling	727	А.	А	linguistic			Begin=889.592|End=890.119
728-0	SPK6010	Falling	728	Иә.	Иә	linguistic			Begin=890.042|End=891.002
729-0	SPK6011	Falling	729	А,	А	linguistic			Begin=890.179
729-1	SPK6011	Falling	729	ондай	ондай	linguistic			
729-2	SPK6011	Falling	729	тоже	тоже	linguistic			
729-3	SPK6011	Falling	729	бар	бар	linguistic			
729-4	SPK6011	Falling	729	по	по	linguistic			
729-5	SPK6011	Falling	729	идее	идее	linguistic			
729-6	SPK6011	Falling	729	BBC-да.	BBC-да	linguistic			End=892.155
730-0	SPK6010	Falling	730	Мхм.	Мхм	linguistic			Begin=892.239|End=892.739
731-0	SPK6011	Continuing	731	Но	Но	linguistic			Begin=892.712
731-1	SPK6011	Continuing	731	мен	мен	linguistic			
731-2	SPK6011	Continuing	731	сондайды	сондайды	linguistic			
731-3	SPK6011	Continuing	731	көрдім,	көрдім	linguistic			End=893.745
732-0	SPK6011	Continuing	732	типа,	типа	linguistic			Begin=893.785|End=894.312
733-0	SPK6011	Continuing	733	анда	анда	linguistic			Begin=894.452
733-1	SPK6011	Continuing	733	кішкентай	кішкентай	linguistic			
733-2	SPK6011	Continuing	733	кезден	кезден	linguistic			
733-3	SPK6011	Continuing	733	бастап,	бастап	linguistic			End=895.929
734-0	SPK6011	Continuing	734	үш	үш	linguistic			Begin=895.975
734-1	SPK6011	Continuing	734	жастап	жастап	linguistic			
734-2	SPK6011	Continuing	734	даже	даже	linguistic			
734-3	SPK6011	Continuing	734	бастап,	бастап	linguistic			End=897.059
735-0	SPK6011	Continuing	735	балаларды	балаларды	linguistic			Begin=897.109
735-1	SPK6011	Continuing	735	сатып	сатып	linguistic			
735-2	SPK6011	Continuing	735	алады	алады	linguistic			
735-3	SPK6011	Continuing	735	екен,	екен	linguistic			End=898.632
736-0	SPK6010	Falling	736	Мхм.	Мхм	linguistic			Begin=898.662|End=899.109
737-0	SPK6011	Continuing	737	И	И	linguistic			Begin=899.042
737-1	SPK6011	Continuing	737	олар	олар	linguistic			
737-2	SPK6011	Continuing	737	типа,	типа	linguistic			End=900.059
738-0	SPK6011	Continuing	738	кө-	кө	linguistic		Interrupted=Yes	Begin=900.322
738-1	SPK6011	Continuing	738	бір	бір	linguistic			
738-2	SPK6011	Continuing	738	көлде,	көлде	linguistic			End=901.372
739-0	SPK6011	Falling	739	жұмыс	жұмыс	linguistic			Begin=901.455
739-1	SPK6011	Falling	739	істейді	істейді	linguistic			
739-2	SPK6011	Falling	739	екен	екен	linguistic			
739-3	SPK6011	Falling	739	балық	балық	linguistic			
739-4	SPK6011	Falling	739	аулап.	аулап	linguistic			End=902.795
740-0	SPK6010	Falling	740	Мхм.	Мхм	linguistic			Begin=902.462|End=902.915
741-0	SPK6011	Falling	741	И	И	linguistic			Begin=902.909
741-1	SPK6011	Falling	741	олар	олар	linguistic			
741-2	SPK6011	Falling	741	оказывается	оказывается	linguistic			
741-3	SPK6011	Falling	741	даже	даже	linguistic			
741-4	SPK6011	Falling	741	сетьтарда	сетьтарда	linguistic			
741-5	SPK6011	Falling	741	запутоваться	запутоваться	linguistic			
741-6	SPK6011	Falling	741	етіп	етіп	linguistic			
741-7	SPK6011	Falling	741	өліп	өліп	linguistic			
741-8	SPK6011	Falling	741	қалады	қалады	linguistic			
741-9	SPK6011	Falling	741	екен.	екен	linguistic			End=906.489
742-0	SPK6009	undefined	742	GASP	GASP	paraverbal	_		Begin=905.776|End=906.324
743-0	SPK6010	undefined	743	GASP	GASP	paraverbal	_		Begin=906.192|End=906.629
744-0	SPK6011	Continuing	744	Прикиньте,	Прикиньте	linguistic			Begin=906.715|End=907.299
745-0	SPK6011	Continuing	745	и	и	linguistic			Begin=907.469
745-1	SPK6011	Continuing	745	оны	оны	linguistic			
745-2	SPK6011	Continuing	745	сататын,	сататын	linguistic			End=908.939
746-0	SPK6011	Falling	746	ата-аналардың	ата-аналардың	linguistic			Begin=909.049
746-1	SPK6011	Falling	746	өздері.	өздері	linguistic			End=910.169
747-0	SPK6010	Falling	747	Иә.	Иә	linguistic			Begin=910.230|End=910.704
748-0	SPK6011	Continuing	748	Это	Это	linguistic			Begin=910.789
748-1	SPK6011	Continuing	748	вообще,	вообще	linguistic			End=911.569
749-0	SPK6011	Continuing	749	типа,	типа	linguistic			Begin=911.719|End=912.099
750-0	SPK6011	Continuing	750	trash,	trash	linguistic			Begin=912.279|End=912.739
751-0	SPK6011	Falling	751	жесткий.	жесткий	linguistic			Begin=912.849|End=913.469
752-0	SPK6010	Falling	752	Ақша	Ақша	linguistic			Begin=914.055
752-1	SPK6010	Falling	752	үшін.	үшін	linguistic			End=914.895
753-0	SPK6011	Falling	753	Мхм.	Мхм	linguistic			Begin=915.389|End=915.749
754-0	SPK6011	Continuing	754	А	А	linguistic			Begin=915.849
754-1	SPK6011	Continuing	754	потом	потом	linguistic			
754-2	SPK6011	Continuing	754	ол	ол	linguistic			
754-3	SPK6011	Continuing	754	балаларды,	балаларды	linguistic			End=917.129
755-0	SPK6010	Falling	755	Даже	Даже	linguistic			Begin=916.145
755-1	SPK6010	Falling	755	көп	көп	linguistic			
755-2	SPK6010	Falling	755	емес.	емес	linguistic			End=917.102
756-0	SPK6011	Continuing	756	аха,	аха	linguistic			Begin=917.249|End=917.829
757-0	SPK6011	Continuing	757	ол	ол	linguistic			Begin=918.528
757-1	SPK6011	Continuing	757	балаларды	балаларды	linguistic			
757-2	SPK6011	Continuing	757	короче	короче	linguistic			
757-3	SPK6011	Continuing	757	сосын,	сосын	linguistic			End=920.109
758-0	SPK6011	Continuing	758	м,	м	linguistic			Begin=920.189|End=920.809
759-0	SPK6011	Continuing	759	алып	алып	linguistic			Begin=920.939
759-1	SPK6011	Continuing	759	кетеді,	кетеді	linguistic			End=921.809
760-0	SPK6011	Continuing	760	типа	типа	linguistic			Begin=922.249
760-1	SPK6011	Continuing	760	спасательный,	спасательный	linguistic			End=923.709
761-0	SPK6011	Continuing	761	адамдар,	адамдар	linguistic			Begin=923.949|End=924.479
762-0	SPK6011	Falling	762	спасaтельдер.	спасaтельдер	linguistic			Begin=924.639|End=925.519
763-0	SPK6010	Falling	763	Мхм.	Мхм	linguistic			Begin=925.712|End=926.152
764-0	SPK6011	Continuing	764	М,	М	linguistic			Begin=926.939|End=927.499
765-0	SPK6011	Continuing	765	потом	потом	linguistic			Begin=927.559
765-1	SPK6011	Continuing	765	бір,	бір	linguistic			End=928.139
766-0	SPK6011	Continuing	766	білмеймін	білмеймін	linguistic			Begin=929.309
766-1	SPK6011	Continuing	766	пансионат	пансионат	linguistic			
766-2	SPK6011	Continuing	766	деп	деп	linguistic			
766-3	SPK6011	Continuing	766	атай	атай	linguistic			
766-4	SPK6011	Continuing	766	ма,	ма	linguistic			End=931.139
767-0	SPK6011	Continuing	767	как,	как	linguistic			Begin=931.829|End=932.259
768-0	SPK6011	Continuing	768	интернат	интернат	linguistic			Begin=932.839
768-1	SPK6011	Continuing	768	сияқты	сияқты	linguistic			
768-2	SPK6011	Continuing	768	жерге	жерге	linguistic			
768-3	SPK6011	Continuing	768	алып	алып	linguistic			
768-4	SPK6011	Continuing	768	келеді,	келеді	linguistic			End=934.370
769-0	SPK6010	undefined	769	COUGH	COUGH	paraverbal	_		Begin=933.565|End=934.185
770-0	SPK6010	Falling	770	Мхм.	Мхм	linguistic			Begin=934.375|End=934.789
771-0	SPK6011	Falling	771	и	и	linguistic			Begin=934.519
771-1	SPK6011	Falling	771	сол	сол	linguistic			
771-2	SPK6011	Falling	771	жақта	жақта	linguistic			
771-3	SPK6011	Falling	771	балаларды	балаларды	linguistic			
771-4	SPK6011	Falling	771	оқытады	оқытады	linguistic			
771-5	SPK6011	Falling	771	короче.	короче	linguistic			End=936.419
772-0	SPK6011	Continuing	772	Сосын	Сосын	linguistic			Begin=936.699
772-1	SPK6011	Continuing	772	ата-аналарын,	ата-аналарын	linguistic			End=938.109
773-0	SPK6011	Falling	773	іздейді.	іздейді	linguistic			Begin=938.199|End=938.919
774-0	SPK6010	Falling	774	Мхм.	Мхм	linguistic			Begin=938.932|End=939.395
775-0	SPK6011	Continuing	775	И	И	linguistic			Begin=939.269
775-1	SPK6011	Continuing	775	сол	сол	linguistic			
775-2	SPK6011	Continuing	775	интернатта	интернатта	linguistic			
775-3	SPK6011	Continuing	775	балалар	балалар	linguistic			
775-4	SPK6011	Continuing	775	бір	бір	linguistic			
775-5	SPK6011	Continuing	775	жыл	жыл	linguistic			
775-6	SPK6011	Continuing	775	ғана	ғана	linguistic			
775-7	SPK6011	Continuing	775	бола	бола	linguistic			
775-8	SPK6011	Continuing	775	алады	алады	linguistic			
775-9	SPK6011	Continuing	775	типа	типа	linguistic			
775-10	SPK6011	Continuing	775	максимум,	максимум	linguistic			End=942.429
776-0	SPK6009	Falling	776	М.	М	linguistic			Begin=941.796|End=942.204
777-0	SPK6011	Continuing	777	потому	потому	linguistic			Begin=942.569
777-1	SPK6011	Continuing	777	что	что	linguistic			
777-2	SPK6011	Continuing	777	басқалар	басқалар	linguistic			
777-3	SPK6011	Continuing	777	келеді,	келеді	linguistic			End=943.729
778-0	SPK6010	Falling	778	Мхм.	Мхм	linguistic			Begin=942.602|End=943.315
779-0	SPK6010	Falling	779	Мхм.	Мхм	linguistic			Begin=943.555|End=944.083
780-0	SPK6011	Falling	780	орын	орын	linguistic			Begin=943.849
780-1	SPK6011	Falling	780	керек	керек	linguistic			
780-2	SPK6011	Falling	780	андай	андай	linguistic			
780-3	SPK6011	Falling	780	мынандай.	мынандай	linguistic			End=945.099
781-0	SPK6011	Continuing	781	И	И	linguistic			Begin=945.269
781-1	SPK6011	Continuing	781	потом	потом	linguistic			
781-2	SPK6011	Continuing	781	ата-аналарымен,	ата-аналарымен	linguistic			End=946.859
782-0	SPK6011	Continuing	782	а,	а	linguistic			Begin=947.159
782-1	SPK6011	Continuing	782	там	там	linguistic			
782-2	SPK6011	Continuing	782	жұмыс	жұмыс	linguistic			
782-3	SPK6011	Continuing	782	жасайды,	жасайды	linguistic			End=948.489
783-0	SPK6011	Continuing	783	что-то	что-то	linguistic			Begin=948.719
783-1	SPK6011	Continuing	783	такое,	такое	linguistic			End=949.399
784-0	SPK6011	Continuing	784	и	и	linguistic			Begin=949.489
784-1	SPK6011	Continuing	784	сосын,	сосын	linguistic			End=950.429
785-0	SPK6011	Continuing	785	ата-аналары	ата-аналары	linguistic			Begin=950.559
785-1	SPK6011	Continuing	785	алып	алып	linguistic			
785-2	SPK6011	Continuing	785	кетем	кетем	linguistic			
785-3	SPK6011	Continuing	785	десе	десе	linguistic			
785-4	SPK6011	Continuing	785	и	и	linguistic			
785-5	SPK6011	Continuing	785	бала	бала	linguistic			
785-6	SPK6011	Continuing	785	өзінің,	өзінің	linguistic			End=952.919
786-0	SPK6011	Falling	786	рұқсатын	рұқсатын	linguistic			Begin=953.119
786-1	SPK6011	Falling	786	берсе,	берсе	linguistic			
786-2	SPK6011	Falling	786	онда	онда	linguistic			
786-3	SPK6011	Falling	786	алып	алып	linguistic			
786-4	SPK6011	Falling	786	кетеді	кетеді	linguistic			
786-5	SPK6011	Falling	786	қайтадан.	қайтадан	linguistic			End=954.939
787-0	SPK6011	Continuing	787	И	И	linguistic			Begin=955.089
787-1	SPK6011	Continuing	787	типа	типа	linguistic			
787-2	SPK6011	Continuing	787	олар	олар	linguistic			
787-3	SPK6011	Continuing	787	қол	қол	linguistic			
787-4	SPK6011	Continuing	787	қояды,	қояды	linguistic			End=956.479
788-0	SPK6010	Falling	788	Мхм.	Мхм	linguistic			Begin=955.192|End=955.652
789-0	SPK6011	Continuing	789	егер	егер	linguistic			Begin=956.559
789-1	SPK6011	Continuing	789	сендер	сендер	linguistic			
789-2	SPK6011	Continuing	789	қайтадан	қайтадан	linguistic			
789-3	SPK6011	Continuing	789	сатып	сатып	linguistic			
789-4	SPK6011	Continuing	789	жіберсеңдер,	жіберсеңдер	linguistic			
789-5	SPK6011	Continuing	789	онда	онда	linguistic			
789-6	SPK6011	Continuing	789	сендерді	сендерді	linguistic			
789-7	SPK6011	Continuing	789	все	все	linguistic			
789-8	SPK6011	Continuing	789	типа,	типа	linguistic			End=959.349
790-0	SPK6011	Falling	790	түрмеге	түрмеге	linguistic			Begin=959.619
790-1	SPK6011	Falling	790	жабамыз	жабамыз	linguistic			
790-2	SPK6011	Falling	790	дейді.	дейді	linguistic			End=961.099
791-0	SPK6010	Falling	791	Мхм.	Мхм	linguistic			Begin=959.652|End=960.095
792-0	SPK6010	Falling	792	Ну	Ну	linguistic			Begin=961.325
792-1	SPK6010	Falling	792	да.	да	linguistic			End=961.765
793-0	SPK6011	Falling	793	Вот.	Вот	linguistic			Begin=962.089|End=962.999
794-0	SPK6009	Falling	794	Мен	Мен	linguistic			Begin=965.371
794-1	SPK6009	Falling	794	бірақ	бірақ	linguistic			
794-2	SPK6009	Falling	794	ондай	ондай	linguistic			
794-3	SPK6009	Falling	794	ата-анаға	ата-анаға	linguistic			
794-4	SPK6009	Falling	794	қайтқым	қайтқым	linguistic			
794-5	SPK6009	Falling	794	келмеуші	келмеуші	linguistic			
794-6	SPK6009	Falling	794	еді.	еді	linguistic			End=967.401
795-0	SPK6010	Falling	795	Мхм.	Мхм	linguistic			Begin=967.765|End=968.278
796-0	SPK6011	Continuing	796	Кейбіреулері	Кейбіреулері	linguistic			Begin=968.319
796-1	SPK6011	Continuing	796	қайтпайды,	қайтпайды	linguistic			End=969.389
797-0	SPK6011	Continuing	797	бірақ	бірақ	linguistic			Begin=969.549
797-1	SPK6011	Continuing	797	оларды,	оларды	linguistic			End=971.249
798-0	SPK6011	Continuing	798	типа	типа	linguistic			Begin=971.369
798-1	SPK6011	Continuing	798	қаланың	қаланың	linguistic			
798-2	SPK6011	Continuing	798	мэрлары	мэрлары	linguistic			
798-3	SPK6011	Continuing	798	алып	алып	linguistic			
798-4	SPK6011	Continuing	798	кетеді,	кетеді	linguistic			End=973.109
799-0	SPK6011	Continuing	799	типа	типа	linguistic			Begin=973.489
799-1	SPK6011	Continuing	799	заботливые,	заботливые	linguistic			End=974.559
800-0	SPK6011	Falling	800	солар.	солар	linguistic			Begin=974.779|End=975.639
801-0	SPK6010	Falling	801	Да.	Да	linguistic			Begin=976.825|End=977.392
802-0	SPK6011	Falling	802	Вот	Вот	linguistic			Begin=981.759
802-1	SPK6011	Falling	802	так	так	linguistic			
802-2	SPK6011	Falling	802	вот.	вот	linguistic			End=982.769
803-0	SPK6010	Falling	803	Капец	Капец	linguistic			Begin=983.449
803-1	SPK6010	Falling	803	по	по	linguistic			
803-2	SPK6010	Falling	803	сути.	сути	linguistic			End=984.239
804-0	SPK6011	Falling	804	Мхм.	Мхм	linguistic			Begin=984.919|End=985.529
805-0	SPK6009	Falling	805	Қызық.	Қызық	linguistic			Begin=987.702|End=988.210
806-0	SPK6010	Continuing	806	Мен,	Мен	linguistic			Begin=987.862|End=988.112
807-0	SPK6010	Continuing	807	мен	мен	linguistic			Begin=988.205
807-1	SPK6010	Continuing	807	не	не	linguistic			
807-2	SPK6010	Continuing	807	қарадым,	қарадым	linguistic			End=989.155
808-0	SPK6010	Continuing	808	мектеп	мектеп	linguistic			Begin=989.409
808-1	SPK6010	Continuing	808	біткенде,	біткенде	linguistic			End=990.215
809-0	SPK6010	Continuing	809	о,	о	linguistic			Begin=990.287|End=990.622
810-0	SPK6010	Falling	810	ойын.	ойын	linguistic			Begin=990.642|End=991.112
811-0	SPK6009	undefined	811	Мектеп	Мектеп	linguistic			Begin=990.725
811-1	SPK6009	undefined	811	QQ	QQ	linguistic			End=991.495
812-0	SPK6011	undefined	812	QQ	QQ	linguistic			Begin=991.229|End=992.659
813-0	SPK6010	Rising	813	Мектеп	Мектеп	linguistic			Begin=991.445
813-1	SPK6010	Rising	813	деймін	деймін	linguistic			
813-2	SPK6010	Rising	813	бе?	бе	linguistic			End=992.549
814-0	SPK6010	Continuing	814	Универдан	Универдан	linguistic			Begin=993.812
814-1	SPK6010	Continuing	814	кейін,	кейін	linguistic			End=994.692
815-0	SPK6010	Continuing	815	ойын	ойын	linguistic			Begin=995.209
815-1	SPK6010	Continuing	815	ойнадым	ойнадым	linguistic			
815-2	SPK6010	Continuing	815	мен,	мен	linguistic			End=996.182
816-0	SPK6010	Continuing	816	steam,	steam	linguistic			Begin=997.252|End=997.739
817-0	SPK6010	Continuing	817	steam-да	steam-да	linguistic			Begin=998.199
817-1	SPK6010	Continuing	817	ойын,	ойын	linguistic			End=998.955
818-0	SPK6011	Falling	818	Nice.	Nice	linguistic			Begin=999.249|End=999.659
819-0	SPK6011	Rising	819	¬Нұрсұлумен	Нұрсұлумен	linguistic		Anonymized=Yes	Begin=999.809
819-1	SPK6011	Rising	819	ойнадың	ойнадың	linguistic			
819-2	SPK6011	Rising	819	ба?	ба	linguistic			End=1001.279
820-0	SPK6010	Falling	820	сатып	сатып	linguistic			Begin=1000.135
820-1	SPK6010	Falling	820	алып.	алып	linguistic			End=1000.855
821-0	SPK6010	Continuing	821	Жоқ,	Жоқ	linguistic			Begin=1001.302|End=1001.725
822-0	SPK6010	Continuing	822	басқа	басқа	linguistic			Begin=1003.105
822-1	SPK6010	Continuing	822	ойын,	ойын	linguistic			End=1003.839
823-0	SPK6010	Continuing	823	zero	zero	linguistic			Begin=1004.612
823-1	SPK6010	Continuing	823	escape	escape	linguistic			
823-2	SPK6010	Continuing	823	деген,	деген	linguistic			End=1006.129
824-0	SPK6010	Continuing	824	не	не	linguistic			Begin=1006.625
824-1	SPK6010	Continuing	824	ол,	ол	linguistic			End=1007.219
825-0	SPK6010	Continuing	825	а,	а	linguistic			Begin=1007.862|End=1008.272
826-0	SPK6010	Continuing	826	логикамен,	логикамен	linguistic			Begin=1009.569|End=1010.452
827-0	SPK6010	Continuing	827	жасайтын,	жасайтын	linguistic			Begin=1010.795|End=1011.319
828-0	SPK6010	Continuing	828	типа,	типа	linguistic			Begin=1011.992|End=1012.455
829-0	SPK6010	Continuing	829	там	там	linguistic			Begin=1012.875
829-1	SPK6010	Continuing	829	тоғыз	тоғыз	linguistic			
829-2	SPK6010	Continuing	829	адам,	адам	linguistic			End=1013.915
830-0	SPK6010	Continuing	830	оларды,	оларды	linguistic			Begin=1014.645|End=1015.112
831-0	SPK6010	Continuing	831	неде,	неде	linguistic			Begin=1015.252|End=1015.842
832-0	SPK6010	Continuing	832	корабльде,	корабльде	linguistic			Begin=1016.832|End=1017.955
833-0	SPK6010	Continuing	833	қамап	қамап	linguistic			Begin=1018.375
833-1	SPK6010	Continuing	833	тастаған,	тастаған	linguistic			End=1019.235
834-0	SPK6010	Falling	834	бір	бір	linguistic			Begin=1019.415
834-1	SPK6010	Falling	834	адам.	адам	linguistic			End=1019.949
835-0	SPK6011	Falling	835	Мхм.	Мхм	linguistic			Begin=1020.299|End=1020.869
836-0	SPK6010	Continuing	836	И,	И	linguistic			Begin=1021.145|End=1021.329
837-0	SPK6010	Continuing	837	барлық	барлық	linguistic			Begin=1021.519
837-1	SPK6010	Continuing	837	адамдарда	адамдарда	linguistic			
837-2	SPK6010	Continuing	837	короче	короче	linguistic			
837-3	SPK6010	Continuing	837	не	не	linguistic			
837-4	SPK6010	Continuing	837	бар,	бар	linguistic			End=1023.322
838-0	SPK6010	Continuing	838	браслет	браслет	linguistic			Begin=1024.305
838-1	SPK6010	Continuing	838	қолында,	қолында	linguistic			End=1025.365
839-0	SPK6010	Continuing	839	и	и	linguistic			Begin=1025.789
839-1	SPK6010	Continuing	839	сол	сол	linguistic			
839-2	SPK6010	Continuing	839	браслетті	браслетті	linguistic			
839-3	SPK6010	Continuing	839	типа,	типа	linguistic			End=1026.995
840-0	SPK6009	undefined	840	(H)	(H)	_			Begin=1026.097|End=1026.608
841-0	SPK6010	Continuing	841	браслетті	браслетті	linguistic			Begin=1027.852
841-1	SPK6010	Continuing	841	бірден,	бірден	linguistic			End=1028.392
842-0	SPK6010	Continuing	842	тоғызға	тоғызға	linguistic			Begin=1028.435
842-1	SPK6010	Continuing	842	дейін	дейін	linguistic			
842-2	SPK6010	Continuing	842	короче,	короче	linguistic			End=1029.319
843-0	SPK6010	Continuing	843	цифра,	цифра	linguistic			Begin=1029.562|End=1029.979
844-0	SPK6011	Falling	844	Мхм.	Мхм	linguistic			Begin=1030.399|End=1031.109
845-0	SPK6010	Falling	845	вот.	вот	linguistic			Begin=1031.132|End=1031.432
846-0	SPK6010	Continuing	846	И	И	linguistic			Begin=1032.005
846-1	SPK6010	Continuing	846	олардың,	олардың	linguistic			End=1032.682
847-0	SPK6010	Continuing	847	оларда	оларда	linguistic			Begin=1032.999
847-1	SPK6010	Continuing	847	тоғыз	тоғыз	linguistic			
847-2	SPK6010	Continuing	847	сағат	сағат	linguistic			
847-3	SPK6010	Continuing	847	бар,	бар	linguistic			End=1034.449
848-0	SPK6010	Continuing	848	чтобы,	чтобы	linguistic			Begin=1034.942|End=1035.452
849-0	SPK6010	Falling	849	выбраться	выбраться	linguistic			Begin=1035.539
849-1	SPK6010	Falling	849	из	из	linguistic			
849-2	SPK6010	Falling	849	этого	этого	linguistic			
849-3	SPK6010	Falling	849	коробля.	коробля	linguistic			End=1037.112
850-0	SPK6011	Falling	850	М.	М	linguistic			Begin=1037.219|End=1037.779
851-0	SPK6010	Continuing	851	Там	Там	linguistic			Begin=1037.772
851-1	SPK6010	Continuing	851	есіктер	есіктер	linguistic			
851-2	SPK6010	Continuing	851	короче,	короче	linguistic			End=1038.859
852-0	SPK6010	Continuing	852	есіктерден	есіктерден	linguistic			Begin=1038.932
852-1	SPK6010	Continuing	852	өту	өту	linguistic			
852-2	SPK6010	Continuing	852	керек,	керек	linguistic			End=1040.025
853-0	SPK6010	Continuing	853	каждый	каждый	linguistic			Begin=1040.565
853-1	SPK6010	Continuing	853	есікте	есікте	linguistic			
853-2	SPK6010	Continuing	853	короче	короче	linguistic			
853-3	SPK6010	Continuing	853	номер	номер	linguistic			
853-4	SPK6010	Continuing	853	бар,	бар	linguistic			End=1042.115
854-0	SPK6010	Falling	854	типа	типа	linguistic			Begin=1042.225
854-1	SPK6010	Falling	854	вот.	вот	linguistic			End=1042.749
855-0	SPK6011	Falling	855	Мхм.	Мхм	linguistic			Begin=1042.239|End=1042.779
856-0	SPK6010	Continuing	856	Номер	Номер	linguistic			Begin=1042.900
856-1	SPK6010	Continuing	856	бес	бес	linguistic			
856-2	SPK6010	Continuing	856	там	там	linguistic			
856-3	SPK6010	Continuing	856	есік,	есік	linguistic			End=1044.219
857-0	SPK6009	undefined	857	(H)	(H)	_			Begin=1043.953|End=1044.568
858-0	SPK6010	Continuing	858	номер	номер	linguistic			Begin=1044.729
858-1	SPK6010	Continuing	858	бір	бір	linguistic			
858-2	SPK6010	Continuing	858	деген,	деген	linguistic			End=1045.735
859-0	SPK6010	Continuing	859	и,	и	linguistic			Begin=1045.999|End=1046.272
860-0	SPK6010	Continuing	860	номер	номер	linguistic			Begin=1046.372
860-1	SPK6010	Continuing	860	тоғызыншы,	тоғызыншы	linguistic			End=1047.812
861-0	SPK6010	Continuing	861	есік	есік	linguistic			Begin=1049.012
861-1	SPK6010	Continuing	861	ол	ол	linguistic			
861-2	SPK6010	Continuing	861	не,	не	linguistic			End=1049.905
862-0	SPK6010	Continuing	862	выход	выход	linguistic			Begin=1049.969
862-1	SPK6010	Continuing	862	короче,	короче	linguistic			End=1050.562
863-0	SPK6011	Falling	863	М.	М	linguistic			Begin=1050.849|End=1051.699
864-0	SPK6010	Falling	864	соны	соны	linguistic			Begin=1050.962
864-1	SPK6010	Falling	864	табу	табу	linguistic			
864-2	SPK6010	Falling	864	керек.	керек	linguistic			End=1051.729
865-0	SPK6010	Continuing	865	Но	Но	linguistic			Begin=1052.832
865-1	SPK6010	Continuing	865	есіктен	есіктен	linguistic			
865-2	SPK6010	Continuing	865	өтуге,	өтуге	linguistic			End=1054.089
866-0	SPK6010	Continuing	866	өту	өту	linguistic			Begin=1054.225
866-1	SPK6010	Continuing	866	үшін,	үшін	linguistic			End=1054.928
867-0	SPK6010	Continuing	867	а,	а	linguistic			Begin=1055.669|End=1056.129
868-0	SPK6010	Continuing	868	минимум	минимум	linguistic			Begin=1057.045
868-1	SPK6010	Continuing	868	үш,	үш	linguistic			End=1057.795
869-0	SPK6010	Continuing	869	максимум	максимум	linguistic			Begin=1057.879
869-1	SPK6010	Continuing	869	бес	бес	linguistic			
869-2	SPK6010	Continuing	869	адам	адам	linguistic			
869-3	SPK6010	Continuing	869	өте-,	өте	linguistic		Interrupted=Yes	End=1058.892
870-0	SPK6010	Continuing	870	өте	өте	linguistic			Begin=1058.932
870-1	SPK6010	Continuing	870	алады,	алады	linguistic			End=1059.315
871-0	SPK6010	Falling	871	бір	бір	linguistic			Begin=1059.369
871-1	SPK6010	Falling	871	есіктен	есіктен	linguistic			
871-2	SPK6010	Falling	871	короче.	короче	linguistic			End=1060.289
872-0	SPK6011	Falling	872	М.	М	linguistic			Begin=1060.309|End=1060.859
873-0	SPK6010	Continuing	873	И,	И	linguistic			Begin=1060.929|End=1061.625
874-0	SPK6010	Continuing	874	өту	өту	linguistic			Begin=1062.355
874-1	SPK6010	Continuing	874	үшін	үшін	linguistic			
874-2	SPK6010	Continuing	874	олардың,	олардың	linguistic			End=1063.579
875-0	SPK6010	Continuing	875	цифралардың,	цифралардың	linguistic			Begin=1063.825|End=1064.639
876-0	SPK6010	Continuing	876	digital	digital	linguistic			Begin=1065.422
876-1	SPK6010	Continuing	876	root	root	linguistic			
876-2	SPK6010	Continuing	876	деген	деген	linguistic			
876-3	SPK6010	Continuing	876	короче	короче	linguistic			
876-4	SPK6010	Continuing	876	нәрсе	нәрсе	linguistic			
876-5	SPK6010	Continuing	876	бар,	бар	linguistic			End=1067.409
877-0	SPK6010	Continuing	877	есть	есть	linguistic			Begin=1067.875
877-1	SPK6010	Continuing	877	же,	же	linguistic			End=1068.492
878-0	SPK6010	Continuing	878	такая	такая	linguistic			Begin=1068.662
878-1	SPK6010	Continuing	878	фигня,	фигня	linguistic			End=1069.302
879-0	SPK6010	Continuing	879	типа,	типа	linguistic			Begin=1070.495|End=1070.879
880-0	SPK6010	Continuing	880	какое-то	какое-то	linguistic			Begin=1071.929
880-1	SPK6010	Continuing	880	любое,	любое	linguistic			End=1072.712
881-0	SPK6010	Continuing	881	сан,	сан	linguistic			Begin=1072.985|End=1073.292
882-0	SPK6010	Falling	882	сан	сан	linguistic			Begin=1073.419
882-1	SPK6010	Falling	882	айта	айта	linguistic			
882-2	SPK6010	Falling	882	салшы.	салшы	linguistic			End=1074.102
883-0	SPK6009	Falling	883	Он	Он	linguistic			Begin=1074.445
883-1	SPK6009	Falling	883	үш.	үш	linguistic			End=1074.940
884-0	SPK6010	Falling	884	Сан.	Сан	linguistic			Begin=1074.615|End=1075.152
885-0	SPK6010	Rising	885	Он	Он	linguistic			Begin=1075.959
885-1	SPK6010	Rising	885	үш?	үш	linguistic			End=1076.422
886-0	SPK6009	Falling	886	Мхм.	Мхм	linguistic			Begin=1076.562|End=1076.936
887-0	SPK6010	Continuing	887	Вот,	Вот	linguistic			Begin=1076.872|End=1077.112
888-0	SPK6010	Continuing	888	он	он	linguistic			Begin=1077.179
888-1	SPK6010	Continuing	888	үштің	үштің	linguistic			
888-2	SPK6010	Continuing	888	digital	digital	linguistic			
888-3	SPK6010	Continuing	888	root-і	root-і	linguistic			
888-4	SPK6010	Continuing	888	короче	короче	linguistic			
888-5	SPK6010	Continuing	888	төрт	төрт	linguistic			
888-6	SPK6010	Continuing	888	болады,	болады	linguistic			End=1079.565
889-0	SPK6010	Continuing	889	типа	типа	linguistic			Begin=1079.629
889-1	SPK6010	Continuing	889	бір	бір	linguistic			
889-2	SPK6010	Continuing	889	плюс	плюс	linguistic			
889-3	SPK6010	Continuing	889	үш,	үш	linguistic			End=1080.702
890-0	SPK6010	Continuing	890	типа,	типа	linguistic			Begin=1080.812|End=1081.099
891-0	SPK6010	Continuing	891	короче,	короче	linguistic			Begin=1081.219|End=1081.632
892-0	SPK6010	Continuing	892	фигня	фигня	linguistic			Begin=1081.925
892-1	SPK6010	Continuing	892	такая,	такая	linguistic			
892-2	SPK6010	Continuing	892	что	что	linguistic			
892-3	SPK6010	Continuing	892	если,	если	linguistic			End=1083.215
893-0	SPK6010	Continuing	893	какое-то	какое-то	linguistic			Begin=1083.309
893-1	SPK6010	Continuing	893	длинное	длинное	linguistic			
893-2	SPK6010	Continuing	893	число,	число	linguistic			End=1084.472
894-0	SPK6011	Falling	894	Мхм.	Мхм	linguistic			Begin=1084.749|End=1085.249
895-0	SPK6010	Continuing	895	олардың	олардың	linguistic			Begin=1084.982
895-1	SPK6010	Continuing	895	барлық,	барлық	linguistic			End=1085.739
896-0	SPK6010	Continuing	896	цифраларына	цифраларына	linguistic			Begin=1085.992
896-1	SPK6010	Continuing	896	короче	короче	linguistic			
896-2	SPK6010	Continuing	896	складывать	складывать	linguistic			
896-3	SPK6010	Continuing	896	складывать	складывать	linguistic			
896-4	SPK6010	Continuing	896	етеді,	етеді	linguistic			End=1088.499
897-0	SPK6011	Falling	897	Мхм.	Мхм	linguistic			Begin=1087.749|End=1088.229
898-0	SPK6010	Continuing	898	чтобы,	чтобы	linguistic			Begin=1088.742|End=1089.132
899-0	SPK6010	Continuing	899	бір	бір	linguistic			Begin=1089.292
899-1	SPK6010	Continuing	899	цифра	цифра	linguistic			
899-2	SPK6010	Continuing	899	осталась,	осталась	linguistic			End=1090.359
900-0	SPK6011	Falling	900	М.	М	linguistic			Begin=1090.289|End=1090.729
901-0	SPK6010	Falling	901	в	в	linguistic			Begin=1090.549
901-1	SPK6010	Falling	901	конце.	конце	linguistic			End=1090.982
902-0	SPK6010	Continuing	902	Вот,	Вот	linguistic			Begin=1091.675|End=1092.195
903-0	SPK6010	Continuing	903	и	и	linguistic			Begin=1092.275
903-1	SPK6010	Continuing	903	соның,	соның	linguistic			End=1092.862
904-0	SPK6010	Continuing	904	а,	а	linguistic			Begin=1093.092|End=1093.555
905-0	SPK6010	Continuing	905	сол	сол	linguistic			Begin=1093.912
905-1	SPK6010	Continuing	905	нәрсе	нәрсе	linguistic			
905-2	SPK6010	Continuing	905	должна	должна	linguistic			
905-3	SPK6010	Continuing	905	есікпен	есікпен	linguistic			
905-4	SPK6010	Continuing	905	совпадать,	совпадать	linguistic			End=1095.932
906-0	SPK6010	Continuing	906	и	и	linguistic			Begin=1096.695
906-1	SPK6010	Continuing	906	вот	вот	linguistic			
906-2	SPK6010	Continuing	906	солай	солай	linguistic			
906-3	SPK6010	Continuing	906	өту	өту	linguistic			
906-4	SPK6010	Continuing	906	керек	керек	linguistic			
906-5	SPK6010	Continuing	906	и	и	linguistic			
906-6	SPK6010	Continuing	906	там	там	linguistic			
906-7	SPK6010	Continuing	906	всякий	всякий	linguistic			
906-8	SPK6010	Continuing	906	не,	не	linguistic			End=1099.035
907-0	SPK6010	undefined	907	(TSK)	(TSK)	_			Begin=1099.429|End=1099.725
908-0	SPK6009	undefined	908	(H)	(H)	_			Begin=1099.575|End=1100.000
909-0	SPK6010	Continuing	909	а,	а	linguistic			Begin=1099.869|End=1100.139
910-0	SPK6010	Continuing	910	кілт	кілт	linguistic			Begin=1100.269
910-1	SPK6010	Continuing	910	табу,	табу	linguistic			End=1100.835
911-0	SPK6010	Continuing	911	короче	короче	linguistic			Begin=1100.975
911-1	SPK6010	Continuing	911	бла	бла	linguistic			
911-2	SPK6010	Continuing	911	бла,	бла	linguistic			End=1101.795
912-0	SPK6010	Falling	912	сондай	сондай	linguistic			Begin=1101.849
912-1	SPK6010	Falling	912	нәрсе.	нәрсе	linguistic			End=1102.392
913-0	SPK6011	Falling	913	М.	М	linguistic			Begin=1102.639|End=1103.209
914-0	SPK6010	Falling	914	Соны	Соны	linguistic			Begin=1103.252
914-1	SPK6010	Falling	914	ойнадым.	ойнадым	linguistic			End=1104.182
915-0	SPK6011	Falling	915	Мен	Мен	linguistic			Begin=1104.569
915-1	SPK6011	Falling	915	ойындар	ойындар	linguistic			
915-2	SPK6011	Falling	915	ойнамаймын	ойнамаймын	linguistic			
915-3	SPK6011	Falling	915	вообще.	вообще	linguistic			End=1105.919
916-0	SPK6010	undefined	916	QQQ	QQQ	linguistic			Begin=1106.022|End=1106.862
917-0	SPK6009	undefined	917	Q	Q	linguistic			Begin=1106.190|End=1106.692
918-0	SPK6011	undefined	918	QQ	QQ	linguistic			Begin=1106.279|End=1106.899
919-0	SPK6010	Continuing	919	Еще	Еще	linguistic			Begin=1107.782
919-1	SPK6010	Continuing	919	valorant	valorant	linguistic			
919-2	SPK6010	Continuing	919	ойнадым,	ойнадым	linguistic			End=1108.885
920-0	SPK6010	Falling	920	кеш-	кеш	linguistic		Interrupted=Yes	Begin=1108.929
920-1	SPK6010	Falling	920	кішкене.	кішкене	linguistic			End=1109.975
921-0	SPK6011	Falling	921	Прикол.	Прикол	linguistic			Begin=1112.309|End=1113.019
922-0	SPK6010	Falling	922	Вот.	Вот	linguistic			Begin=1112.355|End=1112.759
923-0	SPK6011	undefined	923	QQQ	QQQ	linguistic			Begin=1113.429|End=1114.289
924-0	SPK6010	Continuing	924	Еще	Еще	linguistic			Begin=1114.315
924-1	SPK6010	Continuing	924	не,	не	linguistic			End=1114.989
925-0	SPK6009	undefined	925	(H)	(H)	_			Begin=1114.956|End=1115.435
926-0	SPK6010	Continuing	926	мен,	мен	linguistic			Begin=1115.539|End=1115.922
927-0	SPK6010	Continuing	927	league	league	linguistic			Begin=1116.455
927-1	SPK6010	Continuing	927	of	of	linguistic			
927-2	SPK6010	Continuing	927	legends,	legends	linguistic			End=1117.395
928-0	SPK6010	Continuing	928	l-	l	linguistic		Interrupted=Yes	Begin=1117.495
928-1	SPK6010	Continuing	928	league	league	linguistic			
928-2	SPK6010	Continuing	928	of	of	linguistic			
928-3	SPK6010	Continuing	928	legends-ті,	legends-ті	linguistic			End=1119.062
929-0	SPK6009	undefined	929	COUGH	COUGH	paraverbal	_		Begin=1117.508|End=1117.933
930-0	SPK6010	Continuing	930	учусь,	учусь	linguistic			Begin=1119.599|End=1120.105
931-0	SPK6010	Falling	931	ойнауға.	ойнауға	linguistic			Begin=1120.156|End=1120.706
932-0	SPK6011	undefined	932	Мен	Мен	linguistic			Begin=1121.819
932-1	SPK6011	undefined	932	оны	оны	linguistic			
932-2	SPK6011	undefined	932	тоже	тоже	linguistic			
932-3	SPK6011	undefined	932	білмеймін7	білмеймін7	linguistic			End=1122.959
933-0	SPK6010	undefined	933	QQQ	QQQ	linguistic			Begin=1122.925|End=1124.292
934-0	SPK6009	undefined	934	QQ	QQ	linguistic			Begin=1123.257|End=1123.839
935-0	SPK6011	undefined	935	QQ	QQ	linguistic			Begin=1123.639|End=1124.959
936-0	SPK6009	undefined	936	(H)	(H)	_			Begin=1124.227|End=1124.715
937-0	SPK6009	Falling	937	Олардың	Олардың	linguistic			Begin=1126.799
937-1	SPK6009	Falling	937	анимациясын	анимациясын	linguistic			
937-2	SPK6009	Falling	937	күшті.	күшті	linguistic			End=1128.067
938-0	SPK6010	Falling	938	Мхм.	Мхм	linguistic			Begin=1128.642|End=1129.142
939-0	SPK6010	Rising	939	Arcane-ді	Arcane-ді	linguistic			Begin=1132.342
939-1	SPK6010	Rising	939	көрдің	көрдің	linguistic			
939-2	SPK6010	Rising	939	бе?	бе	linguistic			End=1133.639
940-0	SPK6011	Falling	940	Мхм.	Мхм	linguistic			Begin=1134.229|End=1134.869
941-0	SPK6010	Falling	941	Жоқ.	Жоқ	linguistic			Begin=1135.375|End=1135.692
942-0	SPK6010	Falling	942	Okay.	Okay	linguistic			Begin=1135.743|End=1136.285
943-0	SPK6010	Rising	943	Көрдің	Көрдің	linguistic			Begin=1136.492
943-1	SPK6010	Rising	943	бе	бе	linguistic			
943-2	SPK6010	Rising	943	arcane?	arcane	linguistic			End=1137.569
944-0	SPK6011	undefined	944	QQ	QQ	linguistic			Begin=1137.289|End=1137.839
945-0	SPK6009	Continuing	945	Жоқ,	Жоқ	linguistic			Begin=1137.796
945-1	SPK6009	Continuing	945	бірақ	бірақ	linguistic			
945-2	SPK6009	Continuing	945	білемін,	білемін	linguistic			End=1138.592
946-0	SPK6009	Continuing	946	но	но	linguistic			Begin=1138.695
946-1	SPK6009	Continuing	946	сюжеткасын	сюжеткасын	linguistic			
946-2	SPK6009	Continuing	946	оқып	оқып	linguistic			
946-3	SPK6009	Continuing	946	тастағанмын,	тастағанмын	linguistic			End=1139.906
947-0	SPK6009	Continuing	947	содан	содан	linguistic			Begin=1140.117
947-1	SPK6009	Continuing	947	бұрынғы,	бұрынғы	linguistic			End=1141.304
948-0	SPK6009	Continuing	948	неме,	неме	linguistic			Begin=1141.327|End=1141.792
949-0	SPK6009	Continuing	949	сол,	сол	linguistic			Begin=1141.996|End=1142.575
950-0	SPK6009	Continuing	950	ы,	ы	linguistic			Begin=1142.598|End=1143.254
951-0	SPK6009	Continuing	951	movie-ларын	movie-ларын	linguistic			Begin=1143.403
951-1	SPK6009	Continuing	951	көргенмін,	көргенмін	linguistic			End=1144.568
952-0	SPK6009	Continuing	952	ну	ну	linguistic			Begin=1144.588
952-1	SPK6009	Continuing	952	как,	как	linguistic			End=1145.123
953-0	SPK6010	Falling	953	М.	М	linguistic			Begin=1144.632|End=1145.145
954-0	SPK6009	Falling	954	MV-ларын.	MV-ларын	linguistic			Begin=1145.418|End=1146.311
955-0	SPK6009	Falling	955	Күшті.	Күшті	linguistic			Begin=1146.394|End=1146.896
956-0	SPK6010	Falling	956	Иә.	Иә	linguistic			Begin=1147.122|End=1147.449
957-0	SPK6009	undefined	957	QQ	QQ	linguistic			Begin=1148.377|End=1148.950
958-0	SPK6011	undefined	958	Q	Q	linguistic			Begin=1148.959|End=1149.569
959-0	SPK6010	Continuing	959	Мен	Мен	linguistic			Begin=1149.872
959-1	SPK6010	Continuing	959	CS-тан	CS-тан	linguistic			
959-2	SPK6010	Continuing	959	алғанмын,	алғанмын	linguistic			End=1150.975
960-0	SPK6010	Continuing	960	короче	короче	linguistic			Begin=1151.029
960-1	SPK6010	Continuing	960	бір	бір	linguistic			
960-2	SPK6010	Continuing	960	сабақ,	сабақ	linguistic			End=1151.862
961-0	SPK6010	Continuing	961	CS,	CS	linguistic			Begin=1152.515|End=1153.252
962-0	SPK6010	Continuing	962	для	для	linguistic			Begin=1153.622
962-1	SPK6010	Continuing	962	про-	про	linguistic		Interrupted=Yes	
962-2	SPK6010	Continuing	962	сто	сто	linguistic			
962-3	SPK6010	Continuing	962	пятьдесят	пятьдесят	linguistic			
962-4	SPK6010	Continuing	962	один,	один	linguistic			End=1154.792
963-0	SPK6011	Rising	963	Сто	Сто	linguistic			Begin=1155.889
963-1	SPK6011	Rising	963	пятьдесят	пятьдесят	linguistic			
963-2	SPK6011	Rising	963	один?	один	linguistic			End=1157.499
964-0	SPK6010	undefined	964	###	###	unknown			Begin=1155.922|End=1156.739
965-0	SPK6010	Falling	965	Мхм.	Мхм	linguistic			Begin=1156.869|End=1157.449
966-0	SPK6011	Falling	966	Это	Это	linguistic			Begin=1157.659
966-1	SPK6011	Falling	966	сен	сен	linguistic			
966-2	SPK6011	Falling	966	биология	биология	linguistic			
966-3	SPK6011	Falling	966	оқыған	оқыған	linguistic			
966-4	SPK6011	Falling	966	кезде.	кезде	linguistic			End=1159.319
967-0	SPK6010	undefined	967	(Hx)	(Hx)	_			Begin=1157.665|End=1158.662
968-0	SPK6010	Continuing	968	Жоқ,	Жоқ	linguistic			Begin=1159.202|End=1159.555
969-0	SPK6010	undefined	969	QQ	QQ	linguistic			Begin=1159.879|End=1160.759
970-0	SPK6011	Rising	970	Просто	Просто	linguistic			Begin=1160.159
970-1	SPK6011	Rising	970	так?	так	linguistic			End=1160.859
971-0	SPK6010	Falling	971	Я	Я	linguistic			Begin=1161.469
971-1	SPK6010	Falling	971	хотела	хотела	linguistic			
971-2	SPK6010	Falling	971	minor.	minor	linguistic			End=1162.952
972-0	SPK6011	Falling	972	Бісіміллә	Бісіміллә	linguistic			Begin=1162.659
972-1	SPK6011	Falling	972	просто.	просто	linguistic			End=1164.209
973-0	SPK6009	Falling	973	Ойбай.	Ойбай	linguistic			Begin=1163.037|End=1163.669
974-0	SPK6010	Continuing	974	Потом	Потом	linguistic			Begin=1163.705
974-1	SPK6010	Continuing	974	алғанмын,	алғанмын	linguistic			End=1164.642
975-0	SPK6010	Continuing	975	короче,	короче	linguistic			Begin=1164.789|End=1165.422
976-0	SPK6010	Falling	976	поэтому	поэтому	linguistic			Begin=1166.129
976-1	SPK6010	Falling	976	больше	больше	linguistic			
976-2	SPK6010	Falling	976	алған	алған	linguistic			
976-3	SPK6010	Falling	976	жоқпын	жоқпын	linguistic			
976-4	SPK6010	Falling	976	ештеңе.	ештеңе	linguistic			End=1168.082
977-0	SPK6011	Falling	977	Поняли	Поняли	linguistic			Begin=1167.419
977-1	SPK6011	Falling	977	какие	какие	linguistic			
977-2	SPK6011	Falling	977	там	там	linguistic			
977-3	SPK6011	Falling	977	профессоры	профессоры	linguistic			
977-4	SPK6011	Falling	977	и	и	linguistic			
977-5	SPK6011	Falling	977	такая	такая	linguistic			
977-6	SPK6011	Falling	977	все	все	linguistic			
977-7	SPK6011	Falling	977	пока.	пока	linguistic			End=1170.379
978-0	SPK6009	undefined	978	Q	Q	linguistic			Begin=1168.200|End=1168.736
979-0	SPK6010	Continuing	979	Dean	Dean	linguistic			Begin=1169.665
979-1	SPK6010	Continuing	979	даже	даже	linguistic			
979-2	SPK6010	Continuing	979	көрдім,	көрдім	linguistic			End=1170.979
980-0	SPK6010	Continuing	980	dean-ға	dean-ға	linguistic			Begin=1171.305
980-1	SPK6010	Continuing	980	бардық	бардық	linguistic			
980-2	SPK6010	Continuing	980	қой,	қой	linguistic			End=1172.255
981-0	SPK6010	Falling	981	dean-ға	dean-ға	linguistic			Begin=1172.335
981-1	SPK6010	Falling	981	дейін.	дейін	linguistic			End=1173.012
982-0	SPK6011	Falling	982	М.	М	linguistic			Begin=1173.349|End=1173.819
983-0	SPK6010	Continuing	983	Потому	Потому	linguistic			Begin=1173.932
983-1	SPK6010	Continuing	983	что	что	linguistic			
983-2	SPK6010	Continuing	983	бізде	бізде	linguistic			
983-3	SPK6010	Continuing	983	короче	короче	linguistic			
983-4	SPK6010	Continuing	983	был	был	linguistic			
983-5	SPK6010	Continuing	983	этот,	этот	linguistic			End=1175.692
984-0	SPK6010	Continuing	984	а,	а	linguistic			Begin=1176.975
984-1	SPK6010	Continuing	984	комбо	комбо	linguistic			
984-2	SPK6010	Continuing	984	болды,	болды	linguistic			End=1178.032
985-0	SPK6010	Continuing	985	біз,	біз	linguistic			Begin=1178.219|End=1178.432
986-0	SPK6010	Continuing	986	біздің	біздің	linguistic			Begin=1178.622
986-1	SPK6010	Continuing	986	группада,	группада	linguistic			End=1179.502
987-0	SPK6010	Continuing	987	біздің	біздің	linguistic			Begin=1180.012
987-1	SPK6010	Continuing	987	профессорымыз	профессорымыз	linguistic			
987-2	SPK6010	Continuing	987	¬Rossi	Rossi	linguistic		Anonymized=Yes	
987-3	SPK6010	Continuing	987	болды,	болды	linguistic			End=1182.202
988-0	SPK6010	Continuing	988	а,	а	linguistic			Begin=1182.752|End=1183.075
989-0	SPK6010	Falling	989	біздің	біздің	linguistic			Begin=1183.289
989-1	SPK6010	Falling	989	TA-іміз	TA-іміз	linguistic			
989-2	SPK6010	Falling	989	¬Шолпан.	Шолпан	linguistic		Anonymized=Yes	End=1185.025
990-0	SPK6010	undefined	990	QQQQ	QQQQ	linguistic			Begin=1185.139|End=1187.079
991-0	SPK6011	Continuing	991	О,	О	linguistic			Begin=1185.189|End=1186.029
992-0	SPK6011	Falling	992	мен	мен	linguistic			Begin=1186.119
992-1	SPK6011	Falling	992	¬Rossi-ні	Rossi-ні	linguistic		Anonymized=Yes	
992-2	SPK6011	Falling	992	білмеймін,	білмеймін	linguistic			
992-3	SPK6011	Falling	992	бірақ	бірақ	linguistic			
992-4	SPK6011	Falling	992	¬Шолпан	Шолпан	linguistic		Anonymized=Yes	
992-5	SPK6011	Falling	992	туралы	туралы	linguistic			
992-6	SPK6011	Falling	992	естідім	естідім	linguistic			
992-7	SPK6011	Falling	992	прям.	прям	linguistic			End=1188.719
993-0	SPK6010	undefined	993	QQ	QQ	linguistic			Begin=1187.792|End=1188.825
994-0	SPK6009	Rising	994	Ол	Ол	linguistic			Begin=1188.866
994-1	SPK6009	Rising	994	кім?	кім	linguistic			End=1189.368
995-0	SPK6011	Falling	995	от	от	linguistic			Begin=1188.869
995-1	SPK6011	Falling	995	души.	души	linguistic			End=1189.479
996-0	SPK6011	Falling	996	Ол	Ол	linguistic			Begin=1190.039
996-1	SPK6011	Falling	996	бұрын	бұрын	linguistic			
996-2	SPK6011	Falling	996	CS-тан	CS-тан	linguistic			
996-3	SPK6011	Falling	996	берген.	берген	linguistic			End=1191.709
997-0	SPK6010	Falling	997	Аха.	Аха	linguistic			Begin=1191.802|End=1192.359
998-0	SPK6011	Continuing	998	И,	И	linguistic			Begin=1192.489
998-1	SPK6011	Continuing	998	оны	оны	linguistic			
998-2	SPK6011	Continuing	998	короче	короче	linguistic			
998-3	SPK6011	Continuing	998	бәрі	бәрі	linguistic			
998-4	SPK6011	Continuing	998	жек	жек	linguistic			
998-5	SPK6011	Continuing	998	көретін,	көретін	linguistic			End=1194.809
999-0	SPK6010	undefined	999	Мхм	Мхм	linguistic			Begin=1194.772|End=1195.412
1000-0	SPK6011	Continuing	1000	потому	потому	linguistic			Begin=1195.449
1000-1	SPK6011	Continuing	1000	что	что	linguistic			
1000-2	SPK6011	Continuing	1000	ол	ол	linguistic			
1000-3	SPK6011	Continuing	1000	дұрыс	дұрыс	linguistic			
1000-4	SPK6011	Continuing	1000	сабақ	сабақ	linguistic			
1000-5	SPK6011	Continuing	1000	бермейтін,	бермейтін	linguistic			End=1197.079
1001-0	SPK6011	Continuing	1001	и	и	linguistic			Begin=1197.159
1001-1	SPK6011	Continuing	1001	типа,	типа	linguistic			End=1197.759
1002-0	SPK6011	Continuing	1002	бір	бір	linguistic			Begin=1197.859
1002-1	SPK6011	Continuing	1002	информацияны	информацияны	linguistic			
1002-2	SPK6011	Continuing	1002	қайта-қайта	қайта-қайта	linguistic			
1002-3	SPK6011	Continuing	1002	айта	айта	linguistic			
1002-4	SPK6011	Continuing	1002	беретін,	беретін	linguistic			End=1199.389
1003-0	SPK6011	Falling	1003	өзі	өзі	linguistic			Begin=1199.489
1003-1	SPK6011	Falling	1003	туралы	туралы	linguistic			
1003-2	SPK6011	Falling	1003	типа.	типа	linguistic			End=1200.679
1004-0	SPK6010	Falling	1004	М.	М	linguistic			Begin=1200.548|End=1200.876
1005-0	SPK6009	Falling	1005	А.	А	linguistic			Begin=1200.552|End=1201.482
1006-0	SPK6011	Continuing	1006	Солай	Солай	linguistic			Begin=1200.776
1006-1	SPK6011	Continuing	1006	естігенмін,	естігенмін	linguistic			
1006-2	SPK6011	Continuing	1006	но	но	linguistic			
1006-3	SPK6011	Continuing	1006	ол	ол	linguistic			
1006-4	SPK6011	Continuing	1006	маған,	маған	linguistic			End=1202.085
1007-0	SPK6009	undefined	1007	(H)	(H)	_			Begin=1201.842|End=1202.492
1008-0	SPK6011	Continuing	1008	берген	берген	linguistic			Begin=1202.195
1008-1	SPK6011	Continuing	1008	жоқ,	жоқ	linguistic			End=1202.717
1009-0	SPK6010	Continuing	1009	Вот,	Вот	linguistic			Begin=1202.762
1009-1	SPK6010	Continuing	1009	а	а	linguistic			
1009-2	SPK6010	Continuing	1009	¬Rossi	Rossi	linguistic		Anonymized=Yes	
1009-3	SPK6010	Continuing	1009	короче,	короче	linguistic			End=1204.073
1010-0	SPK6011	Continuing	1010	типа	типа	linguistic			Begin=1202.774
1010-1	SPK6011	Continuing	1010	сабақ,	сабақ	linguistic			End=1203.361
1011-0	SPK6010	Continuing	1011	бар	бар	linguistic			Begin=1204.247
1011-1	SPK6010	Continuing	1011	ғой,	ғой	linguistic			End=1204.649
1012-0	SPK6010	Continuing	1012	бір	бір	linguistic			Begin=1204.822
1012-1	SPK6010	Continuing	1012	рет,	рет	linguistic			End=1205.194
1013-0	SPK6010	Continuing	1013	бізде	бізде	linguistic			Begin=1205.575
1013-1	SPK6010	Continuing	1013	quiz	quiz	linguistic			
1013-2	SPK6010	Continuing	1013	болған,	болған	linguistic			End=1206.548
1014-0	SPK6010	undefined	1014	(H)	(H)	_			Begin=1206.986|End=1207.488
1015-0	SPK6010	Continuing	1015	и	и	linguistic			Begin=1207.639
1015-1	SPK6010	Continuing	1015	quiz-дің,	quiz-дің	linguistic			End=1208.414
1016-0	SPK6010	Continuing	1016	отыз	отыз	linguistic			Begin=1208.488
1016-1	SPK6010	Continuing	1016	минутын,	минутын	linguistic			End=1209.598
1017-0	SPK6010	Continuing	1017	Чероне	Чероне	linguistic			Begin=1210.306
1017-1	SPK6010	Continuing	1017	потратил	потратил	linguistic			
1017-2	SPK6010	Continuing	1017	на	на	linguistic			
1017-3	SPK6010	Continuing	1017	то,	то	linguistic			
1017-4	SPK6010	Continuing	1017	чтобы,	чтобы	linguistic			End=1211.976
1018-0	SPK6010	Continuing	1018	парты	парты	linguistic			Begin=1212.187
1018-1	SPK6010	Continuing	1018	двигали,	двигали	linguistic			End=1213.063
1019-0	SPK6011	Falling	1019	Nice.	Nice	linguistic			Begin=1213.699|End=1214.154
1020-0	SPK6010	Continuing	1020	Хотя	Хотя	linguistic			Begin=1214.799
1020-1	SPK6010	Continuing	1020	біздің	біздің	linguistic			
1020-2	SPK6010	Continuing	1020	сабағымыз	сабағымыз	linguistic			
1020-3	SPK6010	Continuing	1020	бар,	бар	linguistic			End=1216.187
1021-0	SPK6010	Continuing	1021	содан	содан	linguistic			Begin=1216.388
1021-1	SPK6010	Continuing	1021	кейін,	кейін	linguistic			End=1216.903
1022-0	SPK6011	Falling	1022	Nice.	Nice	linguistic			Begin=1217.033|End=1217.501
1023-0	SPK6010	Falling	1023	Пофиг	Пофиг	linguistic			Begin=1217.565
1023-1	SPK6010	Falling	1023	оған.	оған	linguistic			End=1218.157
1024-0	SPK6011	undefined	1024	QQ	QQ	linguistic			Begin=1218.428|End=1219.000
1025-0	SPK6010	Continuing	1025	(H)	(H)	_			Begin=1219.167
1025-1	SPK6010	Continuing	1025	Сосын	Сосын	linguistic			
1025-2	SPK6010	Continuing	1025	біз	біз	linguistic			
1025-3	SPK6010	Continuing	1025	солай	солай	linguistic			
1025-4	SPK6010	Continuing	1025	не,	не	linguistic			End=1220.665
1026-0	SPK6010	Continuing	1026	а	а	linguistic			Begin=1221.913
1026-1	SPK6010	Continuing	1026	ни-,	ни	linguistic		Interrupted=Yes	End=1222.511
1027-0	SPK6010	Continuing	1027	ни-	ни	linguistic		Interrupted=Yes	Begin=1222.734
1027-1	SPK6010	Continuing	1027	нифига	нифига	linguistic			
1027-2	SPK6010	Continuing	1027	ничего	ничего	linguistic			
1027-3	SPK6010	Continuing	1027	не	не	linguistic			
1027-4	SPK6010	Continuing	1027	поэтовал,	поэтовал	linguistic			End=1224.521
1028-0	SPK6010	Continuing	1028	сабақ	сабақ	linguistic			Begin=1226.167
1028-1	SPK6010	Continuing	1028	бермеген	бермеген	linguistic			
1028-2	SPK6010	Continuing	1028	короче,	короче	linguistic			End=1227.455
1029-0	SPK6010	Continuing	1029	потом,	потом	linguistic			Begin=1228.843|End=1229.247
1030-0	SPK6010	Continuing	1030	мы	мы	linguistic			Begin=1229.327
1030-1	SPK6010	Continuing	1030	все	все	linguistic			
1030-2	SPK6010	Continuing	1030	пошли	пошли	linguistic			
1030-3	SPK6010	Continuing	1030	жаловаться,	жаловаться	linguistic			End=1230.766
1031-0	SPK6010	Continuing	1031	кімге,	кімге	linguistic			Begin=1230.910|End=1231.294
1032-0	SPK6010	Falling	1032	Dean-ға.	Dean-ға	linguistic			Begin=1231.939|End=1232.483
1033-0	SPK6010	Continuing	1033	Dean	Dean	linguistic			Begin=1233.020
1033-1	SPK6010	Continuing	1033	бізді	бізді	linguistic			
1033-2	SPK6010	Continuing	1033	нормально	нормально	linguistic			
1033-3	SPK6010	Continuing	1033	тыңдамай,	тыңдамай	linguistic			End=1234.722
1034-0	SPK6010	Continuing	1034	короче,	короче	linguistic			Begin=1234.766|End=1235.267
1035-0	SPK6010	Continuing	1035	мы	мы	linguistic			Begin=1236.929
1035-1	SPK6010	Continuing	1035	ему	ему	linguistic			
1035-2	SPK6010	Continuing	1035	сказали	сказали	linguistic			
1035-3	SPK6010	Continuing	1035	так	так	linguistic			
1035-4	SPK6010	Continuing	1035	и	и	linguistic			
1035-5	SPK6010	Continuing	1035	так	так	linguistic			
1035-6	SPK6010	Continuing	1035	деп,	деп	linguistic			End=1238.434
1036-0	SPK6010	Continuing	1036	короче,	короче	linguistic			Begin=1238.531|End=1239.194
1037-0	SPK6010	Continuing	1037	вот	вот	linguistic			Begin=1239.950
1037-1	SPK6010	Continuing	1037	что	что	linguistic			
1037-2	SPK6010	Continuing	1037	за	за	linguistic			
1037-3	SPK6010	Continuing	1037	фигня,	фигня	linguistic			End=1240.973
1038-0	SPK6010	Continuing	1038	нормально	нормально	linguistic			Begin=1242.348
1038-1	SPK6010	Continuing	1038	не	не	linguistic			
1038-2	SPK6010	Continuing	1038	у-,	у	linguistic		Interrupted=Yes	End=1243.023
1039-0	SPK6010	Falling	1039	не	не	linguistic			Begin=1243.130
1039-1	SPK6010	Falling	1039	учат	учат	linguistic			
1039-2	SPK6010	Falling	1039	деп.	деп	linguistic			End=1243.966
1040-0	SPK6011	Falling	1040	Странно.	Странно	linguistic			Begin=1244.167|End=1244.806
1041-0	SPK6010	Continuing	1041	И	И	linguistic			Begin=1244.899
1041-1	SPK6010	Continuing	1041	он	он	linguistic			
1041-2	SPK6010	Continuing	1041	такой	такой	linguistic			
1041-3	SPK6010	Continuing	1041	этот,	этот	linguistic			End=1245.712
1042-0	SPK6010	Continuing	1042	ну,	ну	linguistic			Begin=1246.394|End=1246.786
1043-0	SPK6010	Continuing	1043	ну	ну	linguistic			Begin=1246.960
1043-1	SPK6010	Continuing	1043	нормально,	нормально	linguistic			End=1248.013
1044-0	SPK6010	Continuing	1044	бла	бла	linguistic			Begin=1248.060
1044-1	SPK6010	Continuing	1044	бла	бла	linguistic			
1044-2	SPK6010	Continuing	1044	бла	бла	linguistic			
1044-3	SPK6010	Continuing	1044	бла,	бла	linguistic			End=1248.819
1045-0	SPK6010	Continuing	1045	и	и	linguistic			Begin=1248.896
1045-1	SPK6010	Continuing	1045	я	я	linguistic			
1045-2	SPK6010	Continuing	1045	такая,	такая	linguistic			End=1249.264
1046-0	SPK6011	undefined	1046	(H)	(H)	_			Begin=1248.913|End=1249.404
1047-0	SPK6009	undefined	1047	QQ	QQ	linguistic			Begin=1249.282|End=1249.825
1048-0	SPK6011	undefined	1048	(Hx)	(Hx)	_			Begin=1249.796|End=1250.304
1049-0	SPK6010	Falling	1049	вот.	вот	linguistic			Begin=1250.826|End=1251.147
1050-0	SPK6011	Continuing	1050	Но	Но	linguistic			Begin=1253.147
1050-1	SPK6011	Continuing	1050	спустя	спустя	linguistic			
1050-2	SPK6011	Continuing	1050	долгие	долгие	linguistic			
1050-3	SPK6011	Continuing	1050	годы,	годы	linguistic			End=1255.180
1051-0	SPK6011	Falling	1051	¬Шолпан	Шолпан	linguistic		Anonymized=Yes	Begin=1255.786
1051-1	SPK6011	Falling	1051	свергли.	свергли	linguistic			End=1256.699
1052-0	SPK6009	Falling	1052	Вай.	Вай	linguistic			Begin=1256.962|End=1257.682
1053-0	SPK6010	undefined	1053	QQ	QQ	linguistic			Begin=1257.133|End=1257.642
1054-0	SPK6010	Falling	1054	C	C	linguistic			Begin=1258.254
1054-1	SPK6010	Falling	1054	minus	minus	linguistic			
1054-2	SPK6010	Falling	1054	алдым,	алдым	linguistic			
1054-3	SPK6010	Falling	1054	бітті.	бітті	linguistic			End=1259.518
1055-0	SPK6009	undefined	1055	QQQ	QQQ	linguistic			Begin=1259.848|End=1260.555
1056-0	SPK6011	undefined	1056	QQ	QQ	linguistic			Begin=1260.204|End=1260.956
1057-0	SPK6010	undefined	1057	QQQ	QQQ	linguistic			Begin=1260.689|End=1261.505
1058-0	SPK6011	undefined	1058	Q	Q	linguistic			Begin=1261.568|End=1261.946
1059-0	SPK6010	undefined	1059	(H)	(H)	_			Begin=1261.746|End=1262.291
1060-0	SPK6010	Falling	1060	О-.	О	linguistic		Interrupted=Yes	Begin=1262.501|End=1262.806
1061-0	SPK6010	Continuing	1061	өттім	өттім	linguistic			Begin=1262.953
1061-1	SPK6010	Continuing	1061	кеттім,	кеттім	linguistic			End=1263.542
1062-0	SPK6010	Falling	1062	да.	да	linguistic			Begin=1263.682|End=1264.030
1063-0	SPK6011	Rising	1063	Ол	Ол	linguistic			Begin=1264.481
1063-1	SPK6011	Rising	1063	қалай	қалай	linguistic			
1063-2	SPK6011	Rising	1063	кетіп	кетіп	linguistic			
1063-3	SPK6011	Rising	1063	қалды?	қалды	linguistic			End=1265.672
1064-0	SPK6010	Continuing	1064	Білмеймін,	Білмеймін	linguistic			Begin=1265.943|End=1266.344
1065-0	SPK6011	Continuing	1065	Көп	Көп	linguistic			Begin=1267.371
1065-1	SPK6011	Continuing	1065	жалоба	жалоба	linguistic			
1065-2	SPK6011	Continuing	1065	кетіп	кетіп	linguistic			
1065-3	SPK6011	Continuing	1065	қалған,	қалған	linguistic			End=1268.428
1066-0	SPK6011	Continuing	1066	потому	потому	linguistic			Begin=1268.565
1066-1	SPK6011	Continuing	1066	что,	что	linguistic			End=1269.210
1067-0	SPK6011	Continuing	1067	а-	а	linguistic		Interrupted=Yes	Begin=1269.503
1067-1	SPK6011	Continuing	1067	алдыңғы	алдыңғы	linguistic			
1067-2	SPK6011	Continuing	1067	fall-да,	fall-да	linguistic			End=1271.013
1068-0	SPK6011	Continuing	1068	типа	типа	linguistic			Begin=1271.351
1068-1	SPK6011	Continuing	1068	балалардың	балалардың	linguistic			
1068-2	SPK6011	Continuing	1068	көбі	көбі	linguistic			
1068-3	SPK6011	Continuing	1068	жаловаться	жаловаться	linguistic			
1068-4	SPK6011	Continuing	1068	еткен,	еткен	linguistic			End=1273.608
1069-0	SPK6011	Continuing	1069	и	и	linguistic			Begin=1274.327
1069-1	SPK6011	Continuing	1069	ы-	ы	linguistic		Interrupted=Yes	
1069-2	SPK6011	Continuing	1069	этот,	этот	linguistic			End=1275.307
1070-0	SPK6011	Falling	1070	оны	оны	linguistic			Begin=1275.488
1070-1	SPK6011	Falling	1070	все	все	linguistic			
1070-2	SPK6011	Falling	1070	равно	равно	linguistic			
1070-3	SPK6011	Falling	1070	алып	алып	linguistic			
1070-4	SPK6011	Falling	1070	тастаған	тастаған	linguistic			
1070-5	SPK6011	Falling	1070	жоқ	жоқ	linguistic			
1070-6	SPK6011	Falling	1070	қой.	қой	linguistic			End=1276.766
1071-0	SPK6010	Continuing	1071	Не,	Не	linguistic			Begin=1276.545
1071-1	SPK6010	Continuing	1071	бізде	бізде	linguistic			
1071-2	SPK6010	Continuing	1071	де	де	linguistic			
1071-3	SPK6010	Continuing	1071	жаловаться	жаловаться	linguistic			
1071-4	SPK6010	Continuing	1071	еттік,	еттік	linguistic			End=1278.006
1072-0	SPK6009	Falling	1072	М.	М	linguistic			Begin=1277.385|End=1277.915
1073-0	SPK6010	Rising	1073	мен	мен	linguistic			Begin=1278.060
1073-1	SPK6010	Rising	1073	мен	мен	linguistic			
1073-2	SPK6010	Rising	1073	қашан	қашан	linguistic			
1073-3	SPK6010	Rising	1073	алдым?	алдым	linguistic			End=1279.207
1074-0	SPK6010	Continuing	1074	Две	Две	linguistic			Begin=1279.655
1074-1	SPK6010	Continuing	1074	тысячи,	тысячи	linguistic			End=1280.224
1075-0	SPK6010	Continuing	1075	екі	екі	linguistic			Begin=1281.027
1075-1	SPK6010	Continuing	1075	мың,	мың	linguistic			End=1281.616
1076-0	SPK6010	Continuing	1076	он	он	linguistic			Begin=1281.766
1076-1	SPK6010	Continuing	1076	тоғыздың	тоғыздың	linguistic			
1076-2	SPK6010	Continuing	1076	s-,	s	linguistic		Interrupted=Yes	End=1282.742
1077-0	SPK6010	Continuing	1077	pring-ында,	pring-ында	linguistic			Begin=1283.324|End=1284.271
1078-0	SPK6010	Falling	1078	алдым	алдым	linguistic			Begin=1284.443
1078-1	SPK6010	Falling	1078	кажется.	кажется	linguistic			End=1285.354
1079-0	SPK6011	Falling	1079	Ну	Ну	linguistic			Begin=1285.531
1079-1	SPK6011	Falling	1079	типа	типа	linguistic			
1079-2	SPK6011	Falling	1079	странно,	странно	linguistic			
1079-3	SPK6011	Falling	1079	иә.	иә	linguistic			End=1286.796
1080-0	SPK6010	Falling	1080	Spring	Spring	linguistic			Begin=1285.649
1080-1	SPK6010	Falling	1080	екі	екі	linguistic			
1080-2	SPK6010	Falling	1080	мың	мың	linguistic			
1080-3	SPK6010	Falling	1080	он	он	linguistic			
1080-4	SPK6010	Falling	1080	тоғыз.	тоғыз	linguistic			End=1286.836
1081-0	SPK6011	Falling	1081	Каждый	Каждый	linguistic			Begin=1287.197
1081-1	SPK6011	Falling	1081	раз	раз	linguistic			
1081-2	SPK6011	Falling	1081	жаловаться	жаловаться	linguistic			
1081-3	SPK6011	Falling	1081	етеді.	етеді	linguistic			End=1288.445
1082-0	SPK6011	Falling	1082	Каждый	Каждый	linguistic			Begin=1288.535
1082-1	SPK6011	Falling	1082	семестрда,	семестрда	linguistic			
1082-2	SPK6011	Falling	1082	бірақ	бірақ	linguistic			
1082-3	SPK6011	Falling	1082	түк	түк	linguistic			
1082-4	SPK6011	Falling	1082	істемейді.	істемейді	linguistic			End=1290.358
1083-0	SPK6009	undefined	1083	QQ	QQ	linguistic			Begin=1290.355|End=1290.825
1084-0	SPK6011	Continuing	1084	Типа,	Типа	linguistic			Begin=1290.531|End=1290.903
1085-0	SPK6010	Falling	1085	Мхм.	Мхм	linguistic			Begin=1291.016|End=1291.552
1086-0	SPK6011	Continuing	1086	замечания	замечания	linguistic			Begin=1291.023
1086-1	SPK6011	Continuing	1086	айтады	айтады	linguistic			
1086-2	SPK6011	Continuing	1086	де-,	де	linguistic		Interrupted=Yes	End=1292.431
1087-0	SPK6011	Continuing	1087	деп	деп	linguistic			Begin=1292.528
1087-1	SPK6011	Continuing	1087	айтады,	айтады	linguistic			End=1293.050
1088-0	SPK6011	Continuing	1088	бірақ,	бірақ	linguistic			Begin=1293.388|End=1293.742
1089-0	SPK6011	Continuing	1089	а,	а	linguistic			Begin=1293.845|End=1294.173
1090-0	SPK6010	Continuing	1090	Оған,	Оған	linguistic			Begin=1294.301|End=1294.772
1091-0	SPK6010	Continuing	1091	не-	не	linguistic		Interrupted=Yes	Begin=1294.863
1091-1	SPK6010	Continuing	1091	өтпейді	өтпейді	linguistic			
1091-2	SPK6010	Continuing	1091	что-то,	что-то	linguistic			End=1295.909
1092-0	SPK6011	Falling	1092	что-то	что-то	linguistic			Begin=1295.622
1092-1	SPK6011	Falling	1092	түк	түк	linguistic			
1092-2	SPK6011	Falling	1092	болмайды.	болмайды	linguistic			End=1296.525
1093-0	SPK6010	Falling	1093	замечания.	замечания	linguistic			Begin=1295.960|End=1296.649
1094-0	SPK6010	undefined	1094	QQ	QQ	linguistic			Begin=1296.826|End=1297.327
1095-0	SPK6009	undefined	1095	Q	Q	linguistic			Begin=1296.955|End=1297.412
1096-0	SPK6011	Continuing	1096	А	А	linguistic			Begin=1297.107
1096-1	SPK6011	Continuing	1096	потом	потом	linguistic			
1096-2	SPK6011	Continuing	1096	кажется	кажется	linguistic			
1096-3	SPK6011	Continuing	1096	оған	оған	linguistic			
1096-4	SPK6011	Continuing	1096	айтты	айтты	linguistic			
1096-5	SPK6011	Continuing	1096	типа,	типа	linguistic			End=1298.478
1097-0	SPK6011	Falling	1097	өзің	өзің	linguistic			Begin=1298.548
1097-1	SPK6011	Falling	1097	уволься	уволься	linguistic			
1097-2	SPK6011	Falling	1097	деген	деген	linguistic			
1097-3	SPK6011	Falling	1097	сияқты.	сияқты	linguistic			End=1299.970
1098-0	SPK6010	Falling	1098	А.	А	linguistic			Begin=1299.792|End=1300.324
1099-0	SPK6009	Falling	1099	Ой.	Ой	linguistic			Begin=1299.949|End=1300.502
1100-0	SPK6011	Continuing	1100	Ну,	Ну	linguistic			Begin=1300.786
1100-1	SPK6011	Continuing	1100	чтобы	чтобы	linguistic			
1100-2	SPK6011	Continuing	1100	оған,	оған	linguistic			End=1301.685
1101-0	SPK6011	Continuing	1101	потом,	потом	linguistic			Begin=1301.906|End=1302.277
1102-0	SPK6010	Continuing	1102	А,	А	linguistic			Begin=1302.147
1102-1	SPK6010	Continuing	1102	анау,	анау	linguistic			End=1302.819
1103-0	SPK6011	Falling	1103	в	в	linguistic			Begin=1302.535
1103-1	SPK6011	Falling	1103	дальнейшем	дальнейшем	linguistic			
1103-2	SPK6011	Falling	1103	болған	болған	linguistic			
1103-3	SPK6011	Falling	1103	жоқ	жоқ	linguistic			
1103-4	SPK6011	Falling	1103	тема.	тема	linguistic			End=1304.210
1104-0	SPK6010	Continuing	1104	драма	драма	linguistic			Begin=1303.054
1104-1	SPK6010	Continuing	1104	болды	болды	linguistic			
1104-2	SPK6010	Continuing	1104	ғой	ғой	linguistic			
1104-3	SPK6010	Continuing	1104	ана,	ана	linguistic			End=1304.324
1105-0	SPK6010	Continuing	1105	кіммен,	кіммен	linguistic			Begin=1304.434|End=1304.779
1106-0	SPK6010	Falling	1106	¬Лаура	Лаура	linguistic		Anonymized=Yes	Begin=1304.812
1106-1	SPK6010	Falling	1106	деген.	деген	linguistic			End=1305.401
1107-0	SPK6011	Continuing	1107	А,	А	linguistic			Begin=1304.832|End=1305.475
1108-0	SPK6010	Falling	1108	невтемный.	невтемный	linguistic			Begin=1305.448|End=1306.060
1109-0	SPK6011	Continuing	1109	да,	да	linguistic			Begin=1305.538|End=1306.010
1110-0	SPK6011	Falling	1110	вообще.	вообще	linguistic			Begin=1306.047|End=1306.662
1111-0	SPK6010	Rising	1111	Что	Что	linguistic			Begin=1306.421
1111-1	SPK6010	Rising	1111	там	там	linguistic			
1111-2	SPK6010	Rising	1111	вообще?	вообще	linguistic			
1111-3	SPK6010	Rising	1111	Что?	Что	linguistic			End=1306.923
1112-0	SPK6009	Continuing	1112	А,	А	linguistic			Begin=1307.015|End=1307.375
1113-0	SPK6010	Falling	1113	что	что	linguistic			Begin=1307.016
1113-1	SPK6010	Falling	1113	за	за	linguistic			
1113-2	SPK6010	Falling	1113	&&&.	&&&	linguistic			End=1307.565
1114-0	SPK6011	Falling	1114	Ужас.	Ужас	linguistic			Begin=1307.438|End=1308.190
1115-0	SPK6009	Rising	1115	¬Исмагулова	Исмагулова	linguistic		Anonymized=Yes	Begin=1307.439
1115-1	SPK6009	Rising	1115	ма?	ма	linguistic			End=1308.205
1116-0	SPK6010	Falling	1116	Иә.	Иә	linguistic			Begin=1308.237|End=1308.588
1117-0	SPK6011	Falling	1117	Иә.	Иә	linguistic			Begin=1308.348|End=1308.903
1118-0	SPK6010	Continuing	1118	Не	Не	linguistic			Begin=1308.675
1118-1	SPK6010	Continuing	1118	болды	болды	linguistic			
1118-2	SPK6010	Continuing	1118	онымен,	онымен	linguistic			End=1309.525
1119-0	SPK6010	Rising	1119	так	так	linguistic			Begin=1309.739
1119-1	SPK6010	Rising	1119	и?	и	linguistic			End=1310.257
1120-0	SPK6009	Continuing	1120	Білмеймін,	Білмеймін	linguistic			Begin=1309.775|End=1310.102
1121-0	SPK6009	Rising	1121	тыныш	тыныш	linguistic			Begin=1310.339
1121-1	SPK6009	Rising	1121	болып	болып	linguistic			
1121-2	SPK6009	Rising	1121	кетті,	кетті	linguistic			
1121-3	SPK6009	Rising	1121	иә?	иә	linguistic			End=1311.165
1122-0	SPK6011	Continuing	1122	А,	А	linguistic			Begin=1310.779
1122-1	SPK6011	Continuing	1122	а,	а	linguistic			End=1311.555
1123-0	SPK6011	Continuing	1123	маған	маған	linguistic			Begin=1311.869
1123-1	SPK6011	Continuing	1123	былай	былай	linguistic			
1123-2	SPK6011	Continuing	1123	деп	деп	linguistic			
1123-3	SPK6011	Continuing	1123	айтқан	айтқан	linguistic			
1123-4	SPK6011	Continuing	1123	типа,	типа	linguistic			End=1313.317
1124-0	SPK6011	Continuing	1124	а,	а	linguistic			Begin=1313.605|End=1313.909
1125-0	SPK6011	Continuing	1125	оның	оның	linguistic			Begin=1314.003
1125-1	SPK6011	Continuing	1125	аяғы	аяғы	linguistic			
1125-2	SPK6011	Continuing	1125	ауыр,	ауыр	linguistic			End=1315.284
1126-0	SPK6011	Continuing	1126	и	и	linguistic			Begin=1315.354
1126-1	SPK6011	Continuing	1126	типа,	типа	linguistic			End=1315.933
1127-0	SPK6009	Falling	1127	Ой.	Ой	linguistic			Begin=1315.675|End=1316.105
1128-0	SPK6011	Continuing	1128	гармондары	гармондары	linguistic			Begin=1316.020
1128-1	SPK6011	Continuing	1128	неміне	неміне	linguistic			
1128-2	SPK6011	Continuing	1128	емес,	емес	linguistic			End=1317.374
1129-0	SPK6011	Continuing	1129	бірдеңе	бірдеңе	linguistic			Begin=1317.404
1129-1	SPK6011	Continuing	1129	бірдеңе,	бірдеңе	linguistic			End=1318.424
1130-0	SPK6009	undefined	1130	Ой	Ой	linguistic			Begin=1317.519
1130-1	SPK6009	undefined	1130	QQQ	QQQ	linguistic			End=1317.999
1131-0	SPK6010	undefined	1131	QQQ	QQQ	linguistic			Begin=1317.986|End=1319.411
1132-0	SPK6011	Continuing	1132	поэтому	поэтому	linguistic			Begin=1318.625
1132-1	SPK6011	Continuing	1132	типа,	типа	linguistic			End=1319.287
1133-0	SPK6011	Continuing	1133	давайте	давайте	linguistic			Begin=1319.424
1133-1	SPK6011	Continuing	1133	көз	көз	linguistic			
1133-2	SPK6011	Continuing	1133	жұма	жұма	linguistic			
1133-3	SPK6011	Continuing	1133	салайық	салайық	linguistic			
1133-4	SPK6011	Continuing	1133	деп	деп	linguistic			
1133-5	SPK6011	Continuing	1133	бірдеңе	бірдеңе	linguistic			
1133-6	SPK6011	Continuing	1133	айтты,	айтты	linguistic			End=1321.729
1134-0	SPK6010	Falling	1134	A.	A	linguistic			Begin=1319.568|End=1320.659
1135-0	SPK6010	undefined	1135	(TSK)	(TSK)	_			Begin=1321.100|End=1321.518
1136-0	SPK6011	Continuing	1136	потому	потому	linguistic			Begin=1321.815
1136-1	SPK6011	Continuing	1136	что,	что	linguistic			End=1322.846
1137-0	SPK6011	Continuing	1137	а,	а	linguistic			Begin=1323.057
1137-1	SPK6011	Continuing	1137	біздің	біздің	linguistic			
1137-2	SPK6011	Continuing	1137	президент,	президент	linguistic			End=1324.214
1138-0	SPK6011	Continuing	1138	вот,	вот	linguistic			Begin=1324.465|End=1324.709
1139-0	SPK6011	Continuing	1139	студенческий	студенческий	linguistic			Begin=1324.926
1139-1	SPK6011	Continuing	1139	советтің,	советтің	linguistic			End=1325.675
1140-0	SPK6009	Continuing	1140	А,	А	linguistic			Begin=1325.712|End=1326.015
1141-0	SPK6011	Falling	1141	ол	ол	linguistic			Begin=1325.735
1141-1	SPK6011	Falling	1141	айтты.	айтты	linguistic			End=1326.695
1142-0	SPK6009	Rising	1142	¬Камила	Камила	linguistic		Anonymized=Yes	Begin=1326.065
1142-1	SPK6009	Rising	1142	ма?	ма	linguistic			End=1326.702
1143-0	SPK6011	Continuing	1143	Жоқ,	Жоқ	linguistic			Begin=1327.140|End=1327.364
1144-0	SPK6011	Falling	1144	жоқ,	жоқ	linguistic			Begin=1327.562
1144-1	SPK6011	Falling	1144	басқа	басқа	linguistic			
1144-2	SPK6011	Falling	1144	қазіргі.	қазіргі	linguistic			End=1328.659
1145-0	SPK6010	Falling	1145	М.	М	linguistic			Begin=1328.933|End=1329.304
1146-0	SPK6009	Rising	1146	¬Анна?	Анна	linguistic		Anonymized=Yes	Begin=1328.939|End=1329.309
1147-0	SPK6011	Falling	1147	Иә.	Иә	linguistic			Begin=1329.354|End=1329.749
1148-0	SPK6011	Continuing	1148	А,	А	linguistic			Begin=1330.113|End=1330.736
1149-0	SPK6011	Continuing	1149	ол	ол	linguistic			Begin=1330.849
1149-1	SPK6011	Continuing	1149	типа	типа	linguistic			
1149-2	SPK6011	Continuing	1149	айтты,	айтты	linguistic			End=1331.618
1150-0	SPK6009	undefined	1150	(H)	(H)	_			Begin=1330.859|End=1331.247
1151-0	SPK6011	Continuing	1151	вот,	вот	linguistic			Begin=1331.649|End=1331.963
1152-0	SPK6011	Continuing	1152	қалай	қалай	linguistic			Begin=1332.577
1152-1	SPK6011	Continuing	1152	оған	оған	linguistic			
1152-2	SPK6011	Continuing	1152	көз	көз	linguistic			
1152-3	SPK6011	Continuing	1152	жұма	жұма	linguistic			
1152-4	SPK6011	Continuing	1152	саламыз	саламыз	linguistic			
1152-5	SPK6011	Continuing	1152	типа	типа	linguistic			
1152-6	SPK6011	Continuing	1152	оған,	оған	linguistic			End=1334.501
1153-0	SPK6010	Falling	1153	Мхм.	Мхм	linguistic			Begin=1334.137|End=1334.659
1154-0	SPK6011	Falling	1154	бірдеңе	бірдеңе	linguistic			Begin=1334.776
1154-1	SPK6011	Falling	1154	істеу	істеу	linguistic			
1154-2	SPK6011	Falling	1154	керек	керек	linguistic			
1154-3	SPK6011	Falling	1154	деген	деген	linguistic			
1154-4	SPK6011	Falling	1154	сияқты.	сияқты	linguistic			End=1336.013
1155-0	SPK6009	undefined	1155	(H)	(H)	_			Begin=1335.395|End=1335.725
1156-0	SPK6009	undefined	1156	(H)	(H)	_			Begin=1335.865|End=1336.175
1157-0	SPK6011	Continuing	1157	И,	И	linguistic			Begin=1336.117|End=1336.639
1158-0	SPK6011	Continuing	1158	DSS	DSS	linguistic			Begin=1336.715
1158-1	SPK6011	Continuing	1158	бәрін	бәрін	linguistic			
1158-2	SPK6011	Continuing	1158	пфф,	пфф	linguistic			End=1337.802
1159-0	SPK6011	Continuing	1159	сказали	сказали	linguistic			Begin=1337.960
1159-1	SPK6011	Continuing	1159	типа,	типа	linguistic			End=1339.194
1160-0	SPK6010	undefined	1160	(H)	(H)	_			Begin=1338.364
1160-1	SPK6010	undefined	1160	(TSK)	(TSK)	_			End=1339.020
1161-0	SPK6009	Falling	1161	М.	М	linguistic			Begin=1339.442|End=1339.802
1162-0	SPK6011	undefined	1162	(TSK)	(TSK)	_			Begin=1339.709|End=1339.886
1163-0	SPK6011	Continuing	1163	біз	біз	linguistic			Begin=1340.087
1163-1	SPK6011	Continuing	1163	түкте	түкте	linguistic			
1163-2	SPK6011	Continuing	1163	істей	істей	linguistic			
1163-3	SPK6011	Continuing	1163	алмаймыз	алмаймыз	linguistic			
1163-4	SPK6011	Continuing	1163	оған,	оған	linguistic			End=1341.715
1164-0	SPK6011	Falling	1164	ну,	ну	linguistic			Begin=1341.779
1164-1	SPK6011	Falling	1164	на	на	linguistic			
1164-2	SPK6011	Falling	1164	на	на	linguistic			
1164-3	SPK6011	Falling	1164	на	на	linguistic			
1164-4	SPK6011	Falling	1164	на	на	linguistic			
1164-5	SPK6011	Falling	1164	на.	на	linguistic			End=1343.495
1165-0	SPK6010	Rising	1165	Невтемный	Невтемный	linguistic			Begin=1343.725
1165-1	SPK6010	Rising	1165	нәрсе	нәрсе	linguistic			
1165-2	SPK6010	Rising	1165	вообще,	вообще	linguistic			
1165-3	SPK6010	Rising	1165	иә,	иә	linguistic			
1165-4	SPK6010	Rising	1165	реально?	реально	linguistic			End=1345.886
1166-0	SPK6011	Falling	1166	Түкте	Түкте	linguistic			Begin=1343.772
1166-1	SPK6011	Falling	1166	істемей-ақ	істемей-ақ	linguistic			
1166-2	SPK6011	Falling	1166	қояйықшы	қояйықшы	linguistic			
1166-3	SPK6011	Falling	1166	деп	деп	linguistic			
1166-4	SPK6011	Falling	1166	короче.	короче	linguistic			End=1345.966
1167-0	SPK6011	Continuing	1167	Но	Но	linguistic			Begin=1346.267
1167-1	SPK6011	Continuing	1167	она	она	linguistic			
1167-2	SPK6011	Continuing	1167	все	все	linguistic			
1167-3	SPK6011	Continuing	1167	равно	равно	linguistic			
1167-4	SPK6011	Continuing	1167	топит	топит	linguistic			
1167-5	SPK6011	Continuing	1167	за	за	linguistic			
1167-6	SPK6011	Continuing	1167	то,	то	linguistic			
1167-7	SPK6011	Continuing	1167	чтобы,	чтобы	linguistic			End=1347.806
1168-0	SPK6011	Falling	1168	что-то	что-то	linguistic			Begin=1347.893
1168-1	SPK6011	Falling	1168	сделали.	сделали	linguistic			End=1348.692
1169-0	SPK6009	Continuing	1169	Но	Но	linguistic			Begin=1348.792
1169-1	SPK6009	Continuing	1169	это	это	linguistic			
1169-2	SPK6009	Continuing	1169	как	как	linguistic			
1169-3	SPK6009	Continuing	1169	знаешь,	знаешь	linguistic			End=1349.699
1170-0	SPK6009	Continuing	1170	қыздарда	қыздарда	linguistic			Begin=1349.809
1170-1	SPK6009	Continuing	1170	месячные,	месячные	linguistic			End=1350.979
1171-0	SPK6009	Continuing	1171	типа	типа	linguistic			Begin=1351.355
1171-1	SPK6009	Continuing	1171	гармоны,	гармоны	linguistic			End=1351.952
1172-0	SPK6010	Falling	1172	Мхм.	Мхм	linguistic			Begin=1351.973|End=1352.585
1173-0	SPK6009	Falling	1173	тиіспей-ақ	тиіспей-ақ	linguistic			Begin=1352.122
1173-1	SPK6009	Falling	1173	қояйық.	қояйық	linguistic			End=1352.895
1174-0	SPK6011	Continuing	1174	Ой,	Ой	linguistic			Begin=1352.906|End=1353.177
1175-0	SPK6011	Falling	1175	каждый	каждый	linguistic			Begin=1353.241
1175-1	SPK6011	Falling	1175	раз	раз	linguistic			
1175-2	SPK6011	Falling	1175	так	так	linguistic			
1175-3	SPK6011	Falling	1175	будет	будет	linguistic			
1175-4	SPK6011	Falling	1175	QQ.	QQ	linguistic			End=1355.033
1176-0	SPK6010	undefined	1176	QQQQ	QQQQ	linguistic			Begin=1354.100|End=1355.060
1177-0	SPK6009	Falling	1177	Вообще.	Вообще	linguistic			Begin=1354.445|End=1355.059
1178-0	SPK6011	Continuing	1178	Это	Это	linguistic			Begin=1355.354
1178-1	SPK6011	Continuing	1178	как	как	linguistic			
1178-2	SPK6011	Continuing	1178	я,	я	linguistic			End=1356.077
1179-0	SPK6011	Continuing	1179	типа	типа	linguistic			Begin=1356.264
1179-1	SPK6011	Continuing	1179	мен	мен	linguistic			
1179-2	SPK6011	Continuing	1179	м,	м	linguistic			End=1357.458
1180-0	SPK6011	Continuing	1180	екі	екі	linguistic			Begin=1357.863
1180-1	SPK6011	Continuing	1180	мың	мың	linguistic			
1180-2	SPK6011	Continuing	1180	он	он	linguistic			
1180-3	SPK6011	Continuing	1180	тоғызда	тоғызда	linguistic			
1180-4	SPK6011	Continuing	1180	больницаға	больницаға	linguistic			
1180-5	SPK6011	Continuing	1180	бардым	бардым	linguistic			
1180-6	SPK6011	Continuing	1180	вот	вот	linguistic			
1180-7	SPK6011	Continuing	1180	UHC-ға,	UHC-ға	linguistic			End=1360.752
1181-0	SPK6009	Falling	1181	Мхм.	Мхм	linguistic			Begin=1360.599|End=1361.039
1182-0	SPK6011	Continuing	1182	астына	астына	linguistic			Begin=1360.916
1182-1	SPK6011	Continuing	1182	бардым,	бардым	linguistic			End=1361.899
1183-0	SPK6011	Continuing	1183	сұрадым	сұрадым	linguistic			Begin=1362.147
1183-1	SPK6011	Continuing	1183	бірдеңені,	бірдеңені	linguistic			
1183-2	SPK6011	Continuing	1183	ол	ол	linguistic			
1183-3	SPK6011	Continuing	1183	маған	маған	linguistic			
1183-4	SPK6011	Continuing	1183	дұрыс	дұрыс	linguistic			
1183-5	SPK6011	Continuing	1183	жауап	жауап	linguistic			
1183-6	SPK6011	Continuing	1183	берген	берген	linguistic			
1183-7	SPK6011	Continuing	1183	жоқ,	жоқ	linguistic			End=1364.113
1184-0	SPK6009	undefined	1184	(H)	(H)	_			Begin=1362.261|End=1362.849
1185-0	SPK6009	undefined	1185	(H)	(H)	_			Begin=1362.996|End=1363.441
1186-0	SPK6011	Continuing	1186	мен	мен	linguistic			Begin=1364.150
1186-1	SPK6011	Continuing	1186	одан	одан	linguistic			
1186-2	SPK6011	Continuing	1186	тағы	тағы	linguistic			
1186-3	SPK6011	Continuing	1186	сұрадым,	сұрадым	linguistic			End=1365.244
1187-0	SPK6011	Continuing	1187	и	и	linguistic			Begin=1365.521
1187-1	SPK6011	Continuing	1187	ол	ол	linguistic			
1187-2	SPK6011	Continuing	1187	маған	маған	linguistic			
1187-3	SPK6011	Continuing	1187	жестко	жестко	linguistic			
1187-4	SPK6011	Continuing	1187	ы,	ы	linguistic			End=1366.809
1188-0	SPK6011	Continuing	1188	прям,	прям	linguistic			Begin=1366.869|End=1367.103
1189-0	SPK6011	Continuing	1189	нервно,	нервно	linguistic			Begin=1367.140|End=1367.776
1190-0	SPK6011	Continuing	1190	жауап	жауап	linguistic			Begin=1368.077
1190-1	SPK6011	Continuing	1190	берді,	берді	linguistic			End=1368.598
1191-0	SPK6011	Continuing	1191	менде	менде	linguistic			Begin=1368.639
1191-1	SPK6011	Continuing	1191	неме	неме	linguistic			
1191-2	SPK6011	Continuing	1191	болып	болып	linguistic			
1191-3	SPK6011	Continuing	1191	қалды	қалды	linguistic			
1191-4	SPK6011	Continuing	1191	типа,	типа	linguistic			End=1369.865
1192-0	SPK6011	Falling	1192	стресс	стресс	linguistic			Begin=1369.959
1192-1	SPK6011	Falling	1192	болып	болып	linguistic			
1192-2	SPK6011	Falling	1192	қалды	қалды	linguistic			
1192-3	SPK6011	Falling	1192	да.	да	linguistic			End=1370.865
1193-0	SPK6009	Falling	1193	Ой.	Ой	linguistic			Begin=1370.675|End=1371.109
1194-0	SPK6011	Continuing	1194	И	И	linguistic			Begin=1370.939
1194-1	SPK6011	Continuing	1194	этот,	этот	linguistic			End=1371.899
1195-0	SPK6011	Falling	1195	ауа	ауа	linguistic			Begin=1372.019
1195-1	SPK6011	Falling	1195	жетпей	жетпей	linguistic			
1195-2	SPK6011	Falling	1195	қалды.	қалды	linguistic			End=1372.945
1196-0	SPK6009	undefined	1196	GASP	GASP	paraverbal	_		Begin=1372.982|End=1373.355
1197-0	SPK6011	Continuing	1197	Менде	Менде	linguistic			Begin=1372.999
1197-1	SPK6011	Continuing	1197	сондай	сондай	linguistic			
1197-2	SPK6011	Continuing	1197	болып	болып	linguistic			
1197-3	SPK6011	Continuing	1197	қалады	қалады	linguistic			
1197-4	SPK6011	Continuing	1197	типа,	типа	linguistic			End=1374.179
1198-0	SPK6010	Falling	1198	Мхм.	Мхм	linguistic			Begin=1374.281|End=1374.746
1199-0	SPK6011	undefined	1199	редко,	редко	linguistic			Begin=1374.306
1199-1	SPK6011	undefined	1199	но	но	linguistic			
1199-2	SPK6011	undefined	1199	метко	метко	linguistic			
1199-3	SPK6011	undefined	1199	QQ	QQ	linguistic			End=1376.132
1200-0	SPK6010	undefined	1200	QQ	QQ	linguistic			Begin=1375.692|End=1376.164
1201-0	SPK6011	undefined	1201	(H)	(H)	_			Begin=1376.403|End=1376.959
1202-0	SPK6011	Continuing	1202	И	И	linguistic			Begin=1377.012
1202-1	SPK6011	Continuing	1202	потом,	потом	linguistic			End=1377.852
1203-0	SPK6011	Continuing	1203	а,	а	linguistic			Begin=1378.302|End=1379.159
1204-0	SPK6011	Continuing	1204	этот,	этот	linguistic			Begin=1379.212|End=1379.465
1205-0	SPK6011	Continuing	1205	меня	меня	linguistic			Begin=1379.687
1205-1	SPK6011	Continuing	1205	там	там	linguistic			
1205-2	SPK6011	Continuing	1205	успокоили,	успокоили	linguistic			End=1380.919
1206-0	SPK6009	undefined	1206	(H)	(H)	_			Begin=1380.669|End=1380.875
1207-0	SPK6009	Falling	1207	Мхм.	Мхм	linguistic			Begin=1381.062|End=1381.455
1208-0	SPK6011	Continuing	1208	а	а	linguistic			Begin=1381.237
1208-1	SPK6011	Continuing	1208	потом,	потом	linguistic			End=1382.119
1209-0	SPK6011	Continuing	1209	маған,	маған	linguistic			Begin=1382.165|End=1382.739
1210-0	SPK6011	Continuing	1210	менімен	менімен	linguistic			Begin=1382.852
1210-1	SPK6011	Continuing	1210	психолог	психолог	linguistic			
1210-2	SPK6011	Continuing	1210	сөйлеседі	сөйлеседі	linguistic			
1210-3	SPK6011	Continuing	1210	де	де	linguistic			
1210-4	SPK6011	Continuing	1210	айтады	айтады	linguistic			
1210-5	SPK6011	Continuing	1210	типа	типа	linguistic			
1210-6	SPK6011	Continuing	1210	вот,	вот	linguistic			End=1384.832
1211-0	SPK6011	Continuing	1211	ы,	ы	linguistic			Begin=1384.895|End=1385.505
1212-0	SPK6011	undefined	1212	(TSK)	(TSK)	_			Begin=1385.593|End=1385.852
1213-0	SPK6011	Continuing	1213	так	так	linguistic			Begin=1386.452
1213-1	SPK6011	Continuing	1213	не	не	linguistic			
1213-2	SPK6011	Continuing	1213	пойдет,	пойдет	linguistic			End=1387.372
1214-0	SPK6011	Continuing	1214	типа	типа	linguistic			Begin=1387.445
1214-1	SPK6011	Continuing	1214	андай	андай	linguistic			
1214-2	SPK6011	Continuing	1214	мындай	мындай	linguistic			
1214-3	SPK6011	Continuing	1214	деп	деп	linguistic			
1214-4	SPK6011	Continuing	1214	айтады	айтады	linguistic			
1214-5	SPK6011	Continuing	1214	да,	да	linguistic			End=1388.905
1215-0	SPK6011	Continuing	1215	потом,	потом	linguistic			Begin=1388.959|End=1389.579
1216-0	SPK6011	Continuing	1216	айтады,	айтады	linguistic			Begin=1389.679|End=1390.105
1217-0	SPK6011	Falling	1217	но	но	linguistic			Begin=1390.265
1217-1	SPK6011	Falling	1217	мы	мы	linguistic			
1217-2	SPK6011	Falling	1217	ей	ей	linguistic			
1217-3	SPK6011	Falling	1217	ничего	ничего	linguistic			
1217-4	SPK6011	Falling	1217	не	не	linguistic			
1217-5	SPK6011	Falling	1217	можем	можем	linguistic			
1217-6	SPK6011	Falling	1217	делать,	делать	linguistic			
1217-7	SPK6011	Falling	1217	потому	потому	linguistic			
1217-8	SPK6011	Falling	1217	что	что	linguistic			
1217-9	SPK6011	Falling	1217	она	она	linguistic			
1217-10	SPK6011	Falling	1217	беременная	беременная	linguistic			
1217-11	SPK6011	Falling	1217	дейді	дейді	linguistic			
1217-12	SPK6011	Falling	1217	де.	де	linguistic			End=1393.405
1218-0	SPK6010	undefined	1218	(???)	(???)	linguistic			Begin=1392.712|End=1394.127
1219-0	SPK6009	Falling	1219	А.	А	linguistic			Begin=1392.769|End=1393.762
1220-0	SPK6011	undefined	1220	(TSK)	(TSK)	_			Begin=1394.519|End=1394.872
1221-0	SPK6011	Falling	1221	Nice	Nice	linguistic			Begin=1395.052
1221-1	SPK6011	Falling	1221	просто.	просто	linguistic			End=1396.172
1222-0	SPK6010	undefined	1222	Q	Q	linguistic			Begin=1395.062|End=1395.428
1223-0	SPK6009	undefined	1223	(TSK)	(TSK)	_			Begin=1396.000|End=1396.428
1224-0	SPK6011	Continuing	1224	Мен	Мен	linguistic			Begin=1396.705
1224-1	SPK6011	Continuing	1224	айтамын,	айтамын	linguistic			End=1397.432
1225-0	SPK6010	Falling	1225	Bruh.	Bruh	linguistic			Begin=1396.899|End=1397.361
1226-0	SPK6011	Continuing	1226	типа,	типа	linguistic			Begin=1397.819|End=1398.332
1227-0	SPK6011	Continuing	1227	ну,	ну	linguistic			Begin=1398.532
1227-1	SPK6011	Continuing	1227	мы	мы	linguistic			
1227-2	SPK6011	Continuing	1227	не	не	linguistic			
1227-3	SPK6011	Continuing	1227	хотим	хотим	linguistic			
1227-4	SPK6011	Continuing	1227	ее	ее	linguistic			
1227-5	SPK6011	Continuing	1227	увольнять,	увольнять	linguistic			End=1400.025
1228-0	SPK6011	Continuing	1228	ей	ей	linguistic			Begin=1400.165
1228-1	SPK6011	Continuing	1228	всего	всего	linguistic			
1228-2	SPK6011	Continuing	1228	лишь	лишь	linguistic			
1228-3	SPK6011	Continuing	1228	там,	там	linguistic			End=1401.232
1229-0	SPK6011	Continuing	1229	бір	бір	linguistic			Begin=1401.319
1229-1	SPK6011	Continuing	1229	апта	апта	linguistic			
1229-2	SPK6011	Continuing	1229	ғана	ғана	linguistic			
1229-3	SPK6011	Continuing	1229	қалды	қалды	linguistic			
1229-4	SPK6011	Continuing	1229	деп	деп	linguistic			
1229-5	SPK6011	Continuing	1229	айтады	айтады	linguistic			
1229-6	SPK6011	Continuing	1229	да,	да	linguistic			End=1403.332
1230-0	SPK6011	Continuing	1230	that	that	linguistic			Begin=1404.185
1230-1	SPK6011	Continuing	1230	was	was	linguistic			
1230-2	SPK6011	Continuing	1230	like,	like	linguistic			End=1404.952
1231-0	SPK6010	Rising	1231	Типа	Типа	linguistic			Begin=1405.839
1231-1	SPK6010	Rising	1231	до	до	linguistic			
1231-2	SPK6010	Rising	1231	ее	ее	linguistic			
1231-3	SPK6010	Rising	1231	этого?	этого	linguistic			End=1407.023
1232-0	SPK6011	Falling	1232	fuck	fuck	linguistic			Begin=1405.965
1232-1	SPK6011	Falling	1232	you.	you	linguistic			End=1406.812
1233-0	SPK6010	Continuing	1233	а,	а	linguistic			Begin=1407.234|End=1407.622
1234-0	SPK6010	Continuing	1234	бе-,	бе	linguistic		Interrupted=Yes	Begin=1407.983|End=1408.478
1235-0	SPK6010	Continuing	1235	беременный	беременный	linguistic			Begin=1408.585
1235-1	SPK6010	Continuing	1235	leave,	leave	linguistic			End=1409.575
1236-0	SPK6010	Rising	1236	үшін	үшін	linguistic			Begin=1409.746
1236-1	SPK6010	Rising	1236	бе?	бе	linguistic			End=1410.348
1237-0	SPK6011	Falling	1237	Иә.	Иә	linguistic			Begin=1410.639|End=1411.105
1238-0	SPK6009	Rising	1238	Ресепшндағы	Ресепшндағы	linguistic			Begin=1411.499
1238-1	SPK6009	Rising	1238	кісі	кісі	linguistic			
1238-2	SPK6009	Rising	1238	ме?	ме	linguistic			End=1412.662
1239-0	SPK6011	Continuing	1239	Мхм,	Мхм	linguistic			Begin=1412.385|End=1413.019
1240-0	SPK6011	Continuing	1240	бірақ	бірақ	linguistic			Begin=1413.339
1240-1	SPK6011	Continuing	1240	ресепшндағы,	ресепшндағы	linguistic			End=1414.525
1241-0	SPK6010	undefined	1241	(TSK)	(TSK)	_			Begin=1413.368|End=1413.806
1242-0	SPK6011	Falling	1242	кісілер	кісілер	linguistic			Begin=1414.679
1242-1	SPK6011	Falling	1242	всегда	всегда	linguistic			
1242-2	SPK6011	Falling	1242	bitches.	bitches	linguistic			End=1415.919
1243-0	SPK6010	undefined	1243	QQQQ	QQQQ	linguistic			Begin=1416.109|End=1417.151
1244-0	SPK6009	undefined	1244	QQQ	QQQ	linguistic			Begin=1416.172|End=1416.952
1245-0	SPK6011	Falling	1245	Абсолютно.	Абсолютно	linguistic			Begin=1417.370|End=1418.579
1246-0	SPK6009	Falling	1246	Agree.	Agree	linguistic			Begin=1417.408|End=1417.922
1247-0	SPK6010	Continuing	1247	UHC-да,	UHC-да	linguistic			Begin=1418.822|End=1420.023
1248-0	SPK6010	Continuing	1248	күшті	күшті	linguistic			Begin=1420.946
1248-1	SPK6010	Continuing	1248	врач	врач	linguistic			
1248-2	SPK6010	Continuing	1248	бар,	бар	linguistic			End=1421.980
1249-0	SPK6010	Continuing	1249	который,	который	linguistic			Begin=1422.695|End=1423.050
1250-0	SPK6010	Continuing	1250	атын	атын	linguistic			Begin=1423.180
1250-1	SPK6010	Continuing	1250	білмеймін	білмеймін	linguistic			
1250-2	SPK6010	Continuing	1250	мен,	мен	linguistic			End=1424.047
1251-0	SPK6010	Falling	1251	но	но	linguistic			Begin=1424.277
1251-1	SPK6010	Falling	1251	русский	русский	linguistic			
1251-2	SPK6010	Falling	1251	дядя.	дядя	linguistic			End=1425.257
1252-0	SPK6009	Rising	1252	Ағай	Ағай	linguistic			Begin=1425.215
1252-1	SPK6009	Rising	1252	ма?	ма	linguistic			End=1425.739
1253-0	SPK6011	Rising	1253	Ағай	Ағай	linguistic			Begin=1425.425
1253-1	SPK6011	Rising	1253	ма?	ма	linguistic			End=1426.332
1254-0	SPK6010	Falling	1254	Ағай.	Ағай	linguistic			Begin=1425.816|End=1426.187
1255-0	SPK6009	Falling	1255	А.	А	linguistic			Begin=1425.935|End=1426.302
1256-0	SPK6010	undefined	1256	QQQ	QQQ	linguistic			Begin=1426.431|End=1428.274
1257-0	SPK6011	undefined	1257	QQQ	QQQ	linguistic			Begin=1426.472|End=1428.232
1258-0	SPK6009	undefined	1258	QQQ	QQQ	linguistic			Begin=1426.913|End=1428.140
1259-0	SPK6010	Continuing	1259	Он	Он	linguistic			Begin=1428.455
1259-1	SPK6010	Continuing	1259	такой	такой	linguistic			
1259-2	SPK6010	Continuing	1259	кайф,	кайф	linguistic			End=1429.602
1260-0	SPK6010	Continuing	1260	такой,	такой	linguistic			Begin=1429.714|End=1430.388
1261-0	SPK6009	Continuing	1261	Иә,	Иә	linguistic			Begin=1429.749
1261-1	SPK6009	Continuing	1261	и	и	linguistic			
1261-2	SPK6009	Continuing	1261	бүйтіп,	бүйтіп	linguistic			End=1430.317
1262-0	SPK6011	Continuing	1262	Короче,	Короче	linguistic			Begin=1430.085|End=1430.845
1263-0	SPK6010	Continuing	1263	сөйлесетін,	сөйлесетін	linguistic			Begin=1430.438|End=1431.227
1264-0	SPK6009	Continuing	1264	ойнап	ойнап	linguistic			Begin=1430.605
1264-1	SPK6009	Continuing	1264	отарады,	отарады	linguistic			
1264-2	SPK6009	Continuing	1264	иә,	иә	linguistic			End=1431.799
1265-0	SPK6011	Falling	1265	иә.	иә	linguistic			Begin=1431.039|End=1431.765
1266-0	SPK6009	Falling	1266	шутит.	шутит	linguistic			Begin=1431.892|End=1432.365
1267-0	SPK6010	Continuing	1267	нормально	нормально	linguistic			Begin=1433.267
1267-1	SPK6010	Continuing	1267	сөйлеседі	сөйлеседі	linguistic			
1267-2	SPK6010	Continuing	1267	сенімен,	сенімен	linguistic			End=1434.909
1268-0	SPK6010	Falling	1268	такой	такой	linguistic			Begin=1435.775
1268-1	SPK6010	Falling	1268	кайф.	кайф	linguistic			End=1436.399
1269-0	SPK6010	Continuing	1269	Мен	Мен	linguistic			Begin=1437.177
1269-1	SPK6010	Continuing	1269	короче,	короче	linguistic			End=1438.006
1270-0	SPK6010	Continuing	1270	неде	неде	linguistic			Begin=1438.103
1270-1	SPK6010	Continuing	1270	UHC-да,	UHC-да	linguistic			End=1439.257
1271-0	SPK6010	Continuing	1271	невропатологқа	невропатологқа	linguistic			Begin=1439.314
1271-1	SPK6010	Continuing	1271	барғанмын,	барғанмын	linguistic			End=1440.508
1272-0	SPK6010	Continuing	1272	менде	менде	linguistic			Begin=1441.686
1272-1	SPK6010	Continuing	1272	типа	типа	linguistic			
1272-2	SPK6010	Continuing	1272	диагноз	диагноз	linguistic			
1272-3	SPK6010	Continuing	1272	бар,	бар	linguistic			End=1443.154
1273-0	SPK6010	Continuing	1273	немінеге,	немінеге	linguistic			Begin=1443.291|End=1444.023
1274-0	SPK6010	Continuing	1274	(TSK)	(TSK)	_			Begin=1445.012
1274-1	SPK6010	Continuing	1274	а,	а	linguistic			End=1445.483
1275-0	SPK6010	Continuing	1275	не,	не	linguistic			Begin=1446.390|End=1446.756
1276-0	SPK6010	Continuing	1276	мойыным	мойыным	linguistic			Begin=1447.123
1276-1	SPK6010	Continuing	1276	короче	короче	linguistic			
1276-2	SPK6010	Continuing	1276	остеохондроз	остеохондроз	linguistic			
1276-3	SPK6010	Continuing	1276	нәрсесі,	нәрсесі	linguistic			End=1449.281
1277-0	SPK6011	Falling	1277	М.	М	linguistic			Begin=1449.047|End=1449.593
1278-0	SPK6010	Continuing	1278	и	и	linguistic			Begin=1449.645
1278-1	SPK6010	Continuing	1278	она	она	linguistic			
1278-2	SPK6010	Continuing	1278	мне	мне	linguistic			
1278-3	SPK6010	Continuing	1278	сидит,	сидит	linguistic			End=1450.632
1279-0	SPK6010	Continuing	1279	мені	мені	linguistic			Begin=1450.715
1279-1	SPK6010	Continuing	1279	gaslight-ить,	gaslight-ить	linguistic			End=1451.639
1280-0	SPK6010	Continuing	1280	етіп	етіп	linguistic			Begin=1451.792
1280-1	SPK6010	Continuing	1280	короче,	короче	linguistic			End=1452.622
1281-0	SPK6010	Continuing	1281	вот,	вот	linguistic			Begin=1452.659|End=1453.190
1282-0	SPK6010	Continuing	1282	сенде	сенде	linguistic			Begin=1453.491
1282-1	SPK6010	Continuing	1282	ол	ол	linguistic			
1282-2	SPK6010	Continuing	1282	жоқ	жоқ	linguistic			
1282-3	SPK6010	Continuing	1282	деп,	деп	linguistic			End=1454.782
1283-0	SPK6010	Continuing	1283	какой	какой	linguistic			Begin=1454.886
1283-1	SPK6010	Continuing	1283	сенде,	сенде	linguistic			End=1455.996
1284-0	SPK6010	Continuing	1284	ол,	ол	linguistic			Begin=1456.254
1284-1	SPK6010	Continuing	1284	ол	ол	linguistic			
1284-2	SPK6010	Continuing	1284	типа,	типа	linguistic			End=1457.344
1285-0	SPK6010	Continuing	1285	старый	старый	linguistic			Begin=1457.595
1285-1	SPK6010	Continuing	1285	адамдардың	адамдардың	linguistic			
1285-2	SPK6010	Continuing	1285	ауыруы	ауыруы	linguistic			
1285-3	SPK6010	Continuing	1285	деп,	деп	linguistic			End=1459.592
1286-0	SPK6010	Continuing	1286	бла	бла	linguistic			Begin=1459.675
1286-1	SPK6010	Continuing	1286	бла	бла	linguistic			
1286-2	SPK6010	Continuing	1286	бла,	бла	linguistic			End=1460.207
1287-0	SPK6010	Continuing	1287	я	я	linguistic			Begin=1460.237
1287-1	SPK6010	Continuing	1287	такая	такая	linguistic			
1287-2	SPK6010	Continuing	1287	ну,	ну	linguistic			End=1461.070
1288-0	SPK6010	Continuing	1288	мен,	мен	linguistic			Begin=1461.413|End=1461.776
1289-0	SPK6010	Continuing	1289	сол	сол	linguistic			Begin=1461.835
1289-1	SPK6010	Continuing	1289	диагнозды	диагнозды	linguistic			
1289-2	SPK6010	Continuing	1289	маған,	маған	linguistic			End=1463.016
1290-0	SPK6010	Continuing	1290	қашан,	қашан	linguistic			Begin=1463.227|End=1463.822
1291-0	SPK6010	Continuing	1291	типа,	типа	linguistic			Begin=1463.926|End=1464.294
1292-0	SPK6010	Continuing	1292	қойған	қойған	linguistic			Begin=1464.363
1292-1	SPK6010	Continuing	1292	уже,	уже	linguistic			End=1464.994
1293-0	SPK6010	Continuing	1293	точно	точно	linguistic			Begin=1465.461
1293-1	SPK6010	Continuing	1293	он	он	linguistic			
1293-2	SPK6010	Continuing	1293	жыл	жыл	linguistic			
1293-3	SPK6010	Continuing	1293	бұрын	бұрын	linguistic			
1293-4	SPK6010	Continuing	1293	кажется	кажется	linguistic			
1293-5	SPK6010	Continuing	1293	қойған	қойған	linguistic			
1293-6	SPK6010	Continuing	1293	оны,	оны	linguistic			End=1467.756
1294-0	SPK6009	undefined	1294	(H)	(H)	_			Begin=1467.495|End=1467.956
1295-0	SPK6010	Continuing	1295	так	так	linguistic			Begin=1468.428
1295-1	SPK6010	Continuing	1295	что,	что	linguistic			End=1469.067
1296-0	SPK6010	Continuing	1296	женщина,	женщина	linguistic			Begin=1469.692|End=1470.461
1297-0	SPK6010	undefined	1297	QQQ	QQQ	linguistic			Begin=1470.575|End=1471.157
1298-0	SPK6010	Falling	1298	кім	кім	linguistic			Begin=1471.465
1298-1	SPK6010	Falling	1298	біледі.	біледі	linguistic			End=1472.291
1299-0	SPK6011	undefined	1299	QQ	QQ	linguistic			Begin=1472.419|End=1473.145
1300-0	SPK6010	Rising	1300	Мен	Мен	linguistic			Begin=1472.625
1300-1	SPK6010	Rising	1300	білемін	білемін	linguistic			
1300-2	SPK6010	Rising	1300	бе,	бе	linguistic			
1300-3	SPK6010	Rising	1300	сіз	сіз	linguistic			
1300-4	SPK6010	Rising	1300	біле	біле	linguistic			
1300-5	SPK6010	Rising	1300	ме?	ме	linguistic			End=1474.361
1301-0	SPK6009	undefined	1301	QQ	QQ	linguistic			Begin=1473.257|End=1473.749
1302-0	SPK6011	undefined	1302	QQ	QQ	linguistic			Begin=1473.899|End=1474.332
1303-0	SPK6010	undefined	1303	QQ	QQ	linguistic			Begin=1474.580|End=1475.100
1304-0	SPK6010	Falling	1304	Ругаться	Ругаться	linguistic			Begin=1476.133
1304-1	SPK6010	Falling	1304	еткен	еткен	linguistic			
1304-2	SPK6010	Falling	1304	маған	маған	linguistic			
1304-3	SPK6010	Falling	1304	не	не	linguistic			
1304-4	SPK6010	Falling	1304	в	в	linguistic			
1304-5	SPK6010	Falling	1304	тему.	тему	linguistic			End=1477.806
1305-0	SPK6011	Continuing	1305	По	По	linguistic			Begin=1477.759
1305-1	SPK6011	Continuing	1305	идее	идее	linguistic			
1305-2	SPK6011	Continuing	1305	қазір	қазір	linguistic			
1305-3	SPK6011	Continuing	1305	көбінде	көбінде	linguistic			
1305-4	SPK6011	Continuing	1305	остерохо-,	остерохо	linguistic		Interrupted=Yes	End=1479.212
1306-0	SPK6011	Continuing	1306	остеохондроз,	остеохондроз	linguistic			Begin=1479.295|End=1480.065
1307-0	SPK6010	Falling	1307	Ну.	Ну	linguistic			Begin=1480.227|End=1480.755
1308-0	SPK6011	Continuing	1308	поэтому,	поэтому	linguistic			Begin=1480.699|End=1481.552
1309-0	SPK6009	Falling	1309	Мхм.	Мхм	linguistic			Begin=1480.812|End=1481.358
1310-0	SPK6011	Falling	1310	пфф.	пфф	linguistic			Begin=1481.740|End=1482.178
1311-0	SPK6010	Continuing	1311	&	&	linguistic			Begin=1482.475
1311-1	SPK6010	Continuing	1311	вот,	вот	linguistic			End=1483.404
1312-0	SPK6010	Continuing	1312	старый	старый	linguistic			Begin=1483.515
1312-1	SPK6010	Continuing	1312	адамдардың	адамдардың	linguistic			
1312-2	SPK6010	Continuing	1312	ауыруы	ауыруы	linguistic			
1312-3	SPK6010	Continuing	1312	деп,	деп	linguistic			End=1485.388
1313-0	SPK6010	Continuing	1313	ты	ты	linguistic			Begin=1485.886
1313-1	SPK6010	Continuing	1313	же	же	linguistic			
1313-2	SPK6010	Continuing	1313	не	не	linguistic			
1313-3	SPK6010	Continuing	1313	старая	старая	linguistic			
1313-4	SPK6010	Continuing	1313	деп,	деп	linguistic			End=1487.073
1314-0	SPK6010	Rising	1314	и	и	linguistic			Begin=1487.182
1314-1	SPK6010	Rising	1314	что?	что	linguistic			End=1487.620
1315-0	SPK6011	Falling	1315	Мы	Мы	linguistic			Begin=1487.979
1315-1	SPK6011	Falling	1315	будто	будто	linguistic			
1315-2	SPK6011	Falling	1315	все	все	linguistic			
1315-3	SPK6011	Falling	1315	старые.	старые	linguistic			End=1489.625
1316-0	SPK6010	undefined	1316	QQ	QQ	linguistic			Begin=1488.016|End=1488.562
1317-0	SPK6010	undefined	1317	QQQ	QQQ	linguistic			Begin=1489.285|End=1490.187
1318-0	SPK6009	Falling	1318	Да.	Да	linguistic			Begin=1489.558|End=1490.271
1319-0	SPK6011	undefined	1319	(H)	(H)	_			Begin=1490.219|End=1490.719
1320-0	SPK6011	undefined	1320	(???)	(???)	linguistic			Begin=1490.819|End=1491.679
1321-0	SPK6010	undefined	1321	(???)	(???)	linguistic			Begin=1491.361|End=1492.327
1322-0	SPK6009	Falling	1322	Эх.	Эх	linguistic			Begin=1491.645|End=1492.418
1323-0	SPK6011	Falling	1323	Біз	Біз	linguistic			Begin=1492.879
1323-1	SPK6011	Falling	1323	жиырмадан	жиырмадан	linguistic			
1323-2	SPK6011	Falling	1323	астық.	астық	linguistic			End=1494.152
1324-0	SPK6010	undefined	1324	(???)	(???)	linguistic			Begin=1494.123|End=1495.224
1325-0	SPK6011	undefined	1325	QQQ	QQQ	linguistic			Begin=1494.232|End=1494.825
1326-0	SPK6009	Falling	1326	А,	А	linguistic			Begin=1494.782
1326-1	SPK6009	Falling	1326	ну.	ну	linguistic			End=1495.525
1327-0	SPK6010	undefined	1327	QQQQ	QQQQ	linguistic			Begin=1495.876|End=1497.515
1328-0	SPK6011	undefined	1328	QQQ	QQQ	linguistic			Begin=1496.112|End=1497.065
1329-0	SPK6009	undefined	1329	QQQ	QQQ	linguistic			Begin=1496.461|End=1497.307
1330-0	SPK6009	Falling	1330	Жиырмаға	Жиырмаға	linguistic			Begin=1498.739
1330-1	SPK6009	Falling	1330	толамын.	толамын	linguistic			End=1499.725
1331-0	SPK6009	undefined	1331	(???)	(???)	linguistic			Begin=1499.786|End=1500.217
1332-0	SPK6011	undefined	1332	Q	Q	linguistic			Begin=1500.058|End=1500.411
1333-0	SPK6010	undefined	1333	(???)	(???)	linguistic			Begin=1500.542|End=1500.973
1334-0	SPK6011	Falling	1334	(TSK)	(TSK)	_			Begin=1501.305
1334-1	SPK6011	Falling	1334	А,	А	linguistic			
1334-2	SPK6011	Falling	1334	молодая	молодая	linguistic			
1334-3	SPK6011	Falling	1334	еще.	еще	linguistic			End=1502.485
1335-0	SPK6009	undefined	1335	QQQ	QQQ	linguistic			Begin=1502.488|End=1503.317
1336-0	SPK6011	undefined	1336	QQ	QQ	linguistic			Begin=1502.532|End=1503.719
1337-0	SPK6010	Falling	1337	Эй.	Эй	linguistic			Begin=1503.264|End=1503.659
1338-0	SPK6010	Falling	1338	еще.	еще	linguistic			Begin=1503.729|End=1503.994
1339-0	SPK6010	Continuing	1339	Жиырма	Жиырма	linguistic			Begin=1504.799
1339-1	SPK6010	Continuing	1339	үш,	үш	linguistic			End=1505.284
1340-0	SPK6011	Falling	1340	Мен	Мен	linguistic			Begin=1505.592
1340-1	SPK6011	Falling	1340	де.	де	linguistic			End=1506.085
1341-0	SPK6010	Continuing	1341	болады,	болады	linguistic			Begin=1505.924|End=1506.404
1342-0	SPK6010	Falling	1342	капец.	капец	linguistic			Begin=1506.939|End=1507.379
1343-0	SPK6011	Falling	1343	М.	М	linguistic			Begin=1507.972|End=1508.399
1344-0	SPK6010	Falling	1344	Капец.	Капец	linguistic			Begin=1508.949|End=1509.439
1345-0	SPK6009	Rising	1345	Ал	Ал	linguistic			Begin=1510.869
1345-1	SPK6009	Rising	1345	сен	сен	linguistic			
1345-2	SPK6009	Rising	1345	нешеге	нешеге	linguistic			
1345-3	SPK6009	Rising	1345	толасын?	толасын	linguistic			End=1511.685
1346-0	SPK6011	Continuing	1346	М,	М	linguistic			Begin=1513.061|End=1513.578
1347-0	SPK6011	Falling	1347	менде	менде	linguistic			Begin=1513.623
1347-1	SPK6011	Falling	1347	недавно	недавно	linguistic			
1347-2	SPK6011	Falling	1347	болды	болды	linguistic			
1347-3	SPK6011	Falling	1347	по	по	linguistic			
1347-4	SPK6011	Falling	1347	идее,	идее	linguistic			
1347-5	SPK6011	Falling	1347	мартта.	мартта	linguistic			End=1515.169
1348-0	SPK6009	Continuing	1348	А,	А	linguistic			Begin=1515.404|End=1515.879
1349-0	SPK6011	Continuing	1349	Жиырма	Жиырма	linguistic			Begin=1515.411
1349-1	SPK6011	Continuing	1349	екіге	екіге	linguistic			
1349-2	SPK6011	Continuing	1349	толдым,	толдым	linguistic			End=1516.291
1350-0	SPK6009	Falling	1350	а.	а	linguistic			Begin=1516.508|End=1516.919
1351-0	SPK6010	undefined	1351	(TSK)	(TSK)	_			Begin=1516.559|End=1516.814
1352-0	SPK6011	Continuing	1352	поэтому,	поэтому	linguistic			Begin=1516.755|End=1517.345
1353-0	SPK6010	Continuing	1353	О,	О	linguistic			Begin=1516.909|End=1517.309
1354-0	SPK6011	Falling	1354	вот.	вот	linguistic			Begin=1517.679|End=1518.075
1355-0	SPK6010	Falling	1355	жиырма	жиырма	linguistic			Begin=1518.969
1355-1	SPK6010	Falling	1355	екі.	екі	linguistic			End=1519.809
1356-0	SPK6011	Rising	1356	Сен	Сен	linguistic			Begin=1521.469
1356-1	SPK6011	Rising	1356	тоқсан	тоқсан	linguistic			
1356-2	SPK6011	Rising	1356	тоғызсың	тоғызсың	linguistic			
1356-3	SPK6011	Rising	1356	ба	ба	linguistic			
1356-4	SPK6011	Rising	1356	сонда?	сонда	linguistic			End=1522.889
1357-0	SPK6011	Rising	1357	Сен	Сен	linguistic			Begin=1523.724
1357-1	SPK6011	Rising	1357	екі	екі	linguistic			
1357-2	SPK6011	Rising	1357	мың	мың	linguistic			
1357-3	SPK6011	Rising	1357	үш	үш	linguistic			
1357-4	SPK6011	Rising	1357	или	или	linguistic			
1357-5	SPK6011	Rising	1357	екі	екі	linguistic			
1357-6	SPK6011	Rising	1357	мың	мың	linguistic			
1357-7	SPK6011	Rising	1357	төрт	төрт	linguistic			
1357-8	SPK6011	Rising	1357	пе?	пе	linguistic			End=1525.706
1358-0	SPK6009	Falling	1358	Екі	Екі	linguistic			Begin=1524.926
1358-1	SPK6009	Falling	1358	мың	мың	linguistic			
1358-2	SPK6009	Falling	1358	екі.	екі	linguistic			End=1525.521
1359-0	SPK6011	Falling	1359	А.	А	linguistic			Begin=1526.113|End=1526.677
1360-0	SPK6009	Continuing	1360	Екі	Екі	linguistic			Begin=1526.117
1360-1	SPK6009	Continuing	1360	мың	мың	linguistic			
1360-2	SPK6009	Continuing	1360	екі,	екі	linguistic			End=1526.685
1361-0	SPK6009	Falling	1361	желтоқсан.	желтоқсан	linguistic			Begin=1527.100|End=1527.598
1362-0	SPK6011	Falling	1362	А.	А	linguistic			Begin=1528.045|End=1528.596
1363-0	SPK6010	Falling	1363	А.	А	linguistic			Begin=1529.079|End=1529.539
1364-0	SPK6011	Rising	1364	Почти	Почти	linguistic			Begin=1529.762
1364-1	SPK6011	Rising	1364	екі	екі	linguistic			
1364-2	SPK6011	Rising	1364	мың	мың	linguistic			
1364-3	SPK6011	Rising	1364	үш,	үш	linguistic			
1364-4	SPK6011	Rising	1364	да?	да	linguistic			End=1530.956
1365-0	SPK6009	undefined	1365	Иә	Иә	linguistic			Begin=1530.973
1365-1	SPK6009	undefined	1365	Q	Q	linguistic			End=1531.448
1366-0	SPK6010	Rising	1366	Подожди,	Подожди	linguistic			Begin=1533.574
1366-1	SPK6010	Rising	1366	екі	екі	linguistic			
1366-2	SPK6010	Rising	1366	мың	мың	linguistic			
1366-3	SPK6010	Rising	1366	екі?	екі	linguistic			End=1534.409
1367-0	SPK6009	Falling	1367	А.	А	linguistic			Begin=1535.070|End=1535.552
1368-0	SPK6010	Falling	1368	А.	А	linguistic			Begin=1535.659|End=1535.969
1369-0	SPK6011	Continuing	1369	Прикольно,	Прикольно	linguistic			Begin=1537.497|End=1538.007
1370-0	SPK6011	Continuing	1370	м,	м	linguistic			Begin=1539.667|End=1540.220
1371-0	SPK6011	Falling	1371	стрелец.	стрелец	linguistic			Begin=1540.364|End=1540.781
1372-0	SPK6011	undefined	1372	QQQQ	QQQQ	linguistic			Begin=1540.957|End=1541.999
1373-0	SPK6009	undefined	1373	QQQ	QQQ	linguistic			Begin=1541.247|End=1541.966
1374-0	SPK6010	undefined	1374	QQ	QQ	linguistic			Begin=1541.724|End=1542.464
1375-0	SPK6011	undefined	1375	(H)	(H)	_			Begin=1542.335|End=1542.868
1376-0	SPK6010	Rising	1376	Жиырмада	Жиырмада	linguistic			Begin=1544.104
1376-1	SPK6010	Rising	1376	емессің	емессің	linguistic			
1376-2	SPK6010	Rising	1376	бе	бе	linguistic			
1376-3	SPK6010	Rising	1376	сен?	сен	linguistic			End=1545.369
1377-0	SPK6011	Continuing	1377	Жоқ,	Жоқ	linguistic			Begin=1546.128|End=1546.346
1378-0	SPK6009	Falling	1378	Желтоқсан.	Желтоқсан	linguistic			Begin=1546.384|End=1546.916
1379-0	SPK6011	Falling	1379	желтоқсан.	желтоқсан	linguistic			Begin=1546.740|End=1547.262
1380-0	SPK6010	Continuing	1380	А,	А	linguistic			Begin=1548.433|End=1549.244
1381-0	SPK6010	Continuing	1381	а	а	linguistic			Begin=1549.299
1381-1	SPK6010	Continuing	1381	а	а	linguistic			
1381-2	SPK6010	Continuing	1381	а,	а	linguistic			End=1550.094
1382-0	SPK6010	Continuing	1382	а	а	linguistic			Begin=1550.379
1382-1	SPK6010	Continuing	1382	то	то	linguistic			
1382-2	SPK6010	Continuing	1382	я	я	linguistic			
1382-3	SPK6010	Continuing	1382	такая	такая	linguistic			
1382-4	SPK6010	Continuing	1382	думаю	думаю	linguistic			
1382-5	SPK6010	Continuing	1382	менің,	менің	linguistic			End=1551.404
1383-0	SPK6010	Continuing	1383	сестренкам	сестренкам	linguistic			Begin=1551.464
1383-1	SPK6010	Continuing	1383	екі	екі	linguistic			
1383-2	SPK6010	Continuing	1383	мың	мың	linguistic			
1383-3	SPK6010	Continuing	1383	е-,	е	linguistic		Interrupted=Yes	End=1552.509
1384-0	SPK6010	Continuing	1384	екі	екі	linguistic			Begin=1552.589
1384-1	SPK6010	Continuing	1384	мың	мың	linguistic			
1384-2	SPK6010	Continuing	1384	екі,	екі	linguistic			End=1553.249
1385-0	SPK6010	Continuing	1385	и,	и	linguistic			Begin=1553.294
1385-1	SPK6010	Continuing	1385	и	и	linguistic			
1385-2	SPK6010	Continuing	1385	она,	она	linguistic			
1385-3	SPK6010	Continuing	1385	ей	ей	linguistic			
1385-4	SPK6010	Continuing	1385	уже,	уже	linguistic			End=1554.484
1386-0	SPK6010	Continuing	1386	жиырмада	жиырмада	linguistic			Begin=1554.954
1386-1	SPK6010	Continuing	1386	и	и	linguistic			
1386-2	SPK6010	Continuing	1386	я	я	linguistic			
1386-3	SPK6010	Continuing	1386	такая,	такая	linguistic			End=1555.689
1387-0	SPK6010	Rising	1387	huh?	huh	linguistic			Begin=1555.739|End=1556.049
1388-0	SPK6009	undefined	1388	Q	Q	linguistic			Begin=1555.933|End=1556.404
1389-0	SPK6010	undefined	1389	(H)	(H)	_			Begin=1556.124|End=1556.324
1390-0	SPK6011	undefined	1390	QQ	QQ	linguistic			Begin=1556.329|End=1556.739
1391-0	SPK6010	Continuing	1391	Но	Но	linguistic			Begin=1556.789
1391-1	SPK6010	Continuing	1391	у	у	linguistic			
1391-2	SPK6010	Continuing	1391	нее	нее	linguistic			
1391-3	SPK6010	Continuing	1391	ДР	ДР	linguistic			
1391-4	SPK6010	Continuing	1391	(день	(день	linguistic			
1391-5	SPK6010	Continuing	1391	рождения),	рождения)	linguistic			End=1557.494
1392-0	SPK6010	Falling	1392	январь.	январь	linguistic			Begin=1557.579|End=1557.914
1393-0	SPK6010	undefined	1393	QQQ	QQQ	linguistic			Begin=1557.969|End=1558.849
1394-0	SPK6011	undefined	1394	Q	Q	linguistic			Begin=1558.529|End=1558.881
1395-0	SPK6010	undefined	1395	(H)	(H)	_			Begin=1558.994|End=1559.449
1396-0	SPK6009	Continuing	1396	Менің,	Менің	linguistic			Begin=1562.976|End=1563.281
1397-0	SPK6009	Continuing	1397	сыныптастарым,	сыныптастарым	linguistic			Begin=1563.398|End=1564.184
1398-0	SPK6009	Continuing	1398	екі	екі	linguistic			Begin=1564.267
1398-1	SPK6009	Continuing	1398	мың	мың	linguistic			
1398-2	SPK6009	Continuing	1398	үш,	үш	linguistic			End=1564.822
1399-0	SPK6009	Continuing	1399	екі	екі	linguistic			Begin=1565.247
1399-1	SPK6009	Continuing	1399	мың	мың	linguistic			
1399-2	SPK6009	Continuing	1399	төрт,	төрт	linguistic			End=1565.715
1400-0	SPK6009	Continuing	1400	таныстарым,	таныстарым	linguistic			Begin=1565.799|End=1566.324
1401-0	SPK6009	Falling	1401	бала	бала	linguistic			Begin=1566.471
1401-1	SPK6009	Falling	1401	туып	туып	linguistic			
1401-2	SPK6009	Falling	1401	жатыр.	жатыр	linguistic			End=1567.384
1402-0	SPK6011	undefined	1402	GASP	GASP	paraverbal	_		Begin=1567.832|End=1568.386
1403-0	SPK6010	undefined	1403	GASP	GASP	paraverbal	_		Begin=1568.094|End=1568.814
1404-0	SPK6009	Falling	1404	Q	Q	linguistic			Begin=1568.568
1404-1	SPK6009	Falling	1404	Мен	Мен	linguistic			
1404-2	SPK6009	Falling	1404	жүрмін.	жүрмін	linguistic			End=1570.070
1405-0	SPK6010	Rising	1405	Екі	Екі	linguistic			Begin=1570.519
1405-1	SPK6010	Rising	1405	мың	мың	linguistic			
1405-2	SPK6010	Rising	1405	төрт	төрт	linguistic			
1405-3	SPK6010	Rising	1405	бала?	бала	linguistic			End=1571.829
1406-0	SPK6011	Falling	1406	Оу.	Оу	linguistic			Begin=1570.880|End=1571.573
1407-0	SPK6009	undefined	1407	COUGH	COUGH	paraverbal	_		Begin=1571.822|End=1572.371
1408-0	SPK6011	Rising	1408	В	В	linguistic			Begin=1572.434
1408-1	SPK6011	Rising	1408	смысле	смысле	linguistic			
1408-2	SPK6011	Rising	1408	сен	сен	linguistic			
1408-3	SPK6011	Rising	1408	"""мен"	"""мен"	linguistic			
1408-4	SPK6011	Rising	1408	жүрмін'?	жүрмін'	linguistic			End=1573.909
1409-0	SPK6009	undefined	1409	QQQ	QQQ	linguistic			Begin=1574.083|End=1575.368
1410-0	SPK6010	undefined	1410	QQQQQ	QQQQQ	linguistic			Begin=1574.254|End=1576.024
1411-0	SPK6011	undefined	1411	QQQ	QQQ	linguistic			Begin=1574.274|End=1575.665
1412-0	SPK6011	undefined	1412	(H)	(H)	_			Begin=1575.943|End=1576.345
1413-0	SPK6010	undefined	1413	(H)	(H)	_			Begin=1576.134|End=1576.519
1414-0	SPK6009	Falling	1414	Жәй	Жәй	linguistic			Begin=1576.558
1414-1	SPK6009	Falling	1414	жүрмін.	жүрмін	linguistic			End=1577.501
1415-0	SPK6010	Falling	1415	Екі	Екі	linguistic			Begin=1576.774
1415-1	SPK6010	Falling	1415	мың	мың	linguistic			
1415-2	SPK6010	Falling	1415	төртте	төртте	linguistic			
1415-3	SPK6010	Falling	1415	бала.	бала	linguistic			End=1578.619
1416-0	SPK6011	undefined	1416	Өкініш	Өкініш	linguistic			Begin=1578.849
1416-1	SPK6011	undefined	1416	болып	болып	linguistic			
1416-2	SPK6011	undefined	1416	жатыр	жатыр	linguistic			
1416-3	SPK6011	undefined	1416	ма?	ма	linguistic			
1416-4	SPK6011	undefined	1416	QQ	QQ	linguistic			End=1581.062
1417-0	SPK6009	Falling	1417	QQ	QQ	linguistic			Begin=1579.722
1417-1	SPK6009	Falling	1417	Жоқ.	Жоқ	linguistic			End=1580.582
1418-0	SPK6009	undefined	1418	(H)	(H)	_			Begin=1580.973|End=1581.501
1419-0	SPK6011	undefined	1419	(H)	(H)	_			Begin=1581.679|End=1581.975
1420-0	SPK6009	Continuing	1420	Жоқ,	Жоқ	linguistic			Begin=1581.685
1420-1	SPK6009	Continuing	1420	жәй	жәй	linguistic			
1420-2	SPK6009	Continuing	1420	әйтеуір,	әйтеуір	linguistic			End=1582.625
1421-0	SPK6009	Falling	1421	салыстырасың.	салыстырасың	linguistic			Begin=1582.756|End=1583.291
1422-0	SPK6010	Falling	1422	Тойға	Тойға	linguistic			Begin=1583.649
1422-1	SPK6010	Falling	1422	барғым	барғым	linguistic			
1422-2	SPK6010	Falling	1422	келеді.	келеді	linguistic			End=1584.514
1423-0	SPK6009	Falling	1423	Иә,	Иә	linguistic			Begin=1584.729
1423-1	SPK6009	Falling	1423	мен	мен	linguistic			
1423-2	SPK6009	Falling	1423	де	де	linguistic			
1423-3	SPK6009	Falling	1423	тойға	тойға	linguistic			
1423-4	SPK6009	Falling	1423	барғым	барғым	linguistic			
1423-5	SPK6009	Falling	1423	келеді.	келеді	linguistic			End=1586.217
1424-0	SPK6009	undefined	1424	(H)	(H)	_			Begin=1586.354|End=1586.662
1425-0	SPK6011	Falling	1425	Иә.	Иә	linguistic			Begin=1586.391|End=1586.695
1426-0	SPK6010	Falling	1426	Тойға	Тойға	linguistic			Begin=1586.719
1426-1	SPK6010	Falling	1426	барғым	барғым	linguistic			
1426-2	SPK6010	Falling	1426	келеді.	келеді	linguistic			End=1587.599
1427-0	SPK6009	Falling	1427	Тойға	Тойға	linguistic			Begin=1586.776
1427-1	SPK6009	Falling	1427	мені	мені	linguistic			
1427-2	SPK6009	Falling	1427	шақырмай	шақырмай	linguistic			
1427-3	SPK6009	Falling	1427	қойды.	қойды	linguistic			End=1587.615
1428-0	SPK6011	Rising	1428	Неге?	Неге	linguistic			Begin=1588.079|End=1588.493
1429-0	SPK6010	Falling	1429	Капец.	Капец	linguistic			Begin=1588.641|End=1589.251
1430-0	SPK6011	Rising	1430	Карантин	Карантин	linguistic			Begin=1588.648
1430-1	SPK6011	Rising	1430	болды	болды	linguistic			
1430-2	SPK6011	Rising	1430	ма?	ма	linguistic			End=1589.535
1431-0	SPK6009	Falling	1431	Жоқ,	Жоқ	linguistic			Begin=1589.683
1431-1	SPK6009	Falling	1431	жәй,	жәй	linguistic			
1431-2	SPK6009	Falling	1431	сөйлеспеймін	сөйлеспеймін	linguistic			
1431-3	SPK6009	Falling	1431	мен	мен	linguistic			
1431-4	SPK6009	Falling	1431	олармен.	олармен	linguistic			End=1591.023
1432-0	SPK6010	Falling	1432	А.	А	linguistic			Begin=1590.899|End=1591.574
1433-0	SPK6009	Falling	1433	Но	Но	linguistic			Begin=1591.170
1433-1	SPK6009	Falling	1433	шақырмай	шақырмай	linguistic			
1433-2	SPK6009	Falling	1433	қойды.	қойды	linguistic			End=1592.113
1434-0	SPK6011	Continuing	1434	Біз	Біз	linguistic			Begin=1592.132
1434-1	SPK6011	Continuing	1434	по	по	linguistic			
1434-2	SPK6011	Continuing	1434	идее	идее	linguistic			
1434-3	SPK6011	Continuing	1434	класспен	класспен	linguistic			
1434-4	SPK6011	Continuing	1434	сөйлесеміз,	сөйлесеміз	linguistic			End=1593.636
1435-0	SPK6011	Continuing	1435	бірақ	бірақ	linguistic			Begin=1593.696
1435-1	SPK6011	Continuing	1435	бізді	бізді	linguistic			
1435-2	SPK6011	Continuing	1435	шақырған,	шақырған	linguistic			End=1594.762
1436-0	SPK6011	Continuing	1436	тойға,	тойға	linguistic			Begin=1594.785|End=1595.174
1437-0	SPK6011	Continuing	1437	но	но	linguistic			Begin=1595.339
1437-1	SPK6011	Continuing	1437	просто	просто	linguistic			
1437-2	SPK6011	Continuing	1437	ол	ол	linguistic			
1437-3	SPK6011	Continuing	1437	кезде	кезде	linguistic			
1437-4	SPK6011	Continuing	1437	каратин	каратин	linguistic			
1437-5	SPK6011	Continuing	1437	басталып	басталып	linguistic			
1437-6	SPK6011	Continuing	1437	кетті,	кетті	linguistic			End=1597.053
1438-0	SPK6009	Falling	1438	О.	О	linguistic			Begin=1595.358|End=1595.829
1439-0	SPK6011	Falling	1439	поэтому	поэтому	linguistic			Begin=1597.145
1439-1	SPK6011	Falling	1439	болмай	болмай	linguistic			
1439-2	SPK6011	Falling	1439	қалды.	қалды	linguistic			End=1598.135
1440-0	SPK6010	Falling	1440	А.	А	linguistic			Begin=1597.364|End=1598.089
1441-0	SPK6009	Falling	1441	А.	А	linguistic			Begin=1597.722|End=1598.157
1442-0	SPK6011	Continuing	1442	А	А	linguistic			Begin=1598.408
1442-1	SPK6011	Continuing	1442	так,	так	linguistic			End=1598.870
1443-0	SPK6011	Falling	1443	там	там	linguistic			Begin=1599.009
1443-1	SPK6011	Falling	1443	такие	такие	linguistic			
1443-2	SPK6011	Falling	1443	грандиозные	грандиозные	linguistic			
1443-3	SPK6011	Falling	1443	планы	планы	linguistic			
1443-4	SPK6011	Falling	1443	были.	были	linguistic			End=1600.784
1444-0	SPK6010	undefined	1444	QQQ	QQQ	linguistic			Begin=1600.399|End=1601.689
1445-0	SPK6011	undefined	1445	Q	Q	linguistic			Begin=1600.933|End=1601.482
1446-0	SPK6011	undefined	1446	(H)	(H)	_			Begin=1602.049|End=1602.464
1447-0	SPK6009	undefined	1447	(H)	(H)	_			Begin=1602.394|End=1602.802
1448-0	SPK6010	Continuing	1448	Тойға	Тойға	linguistic			Begin=1602.834
1448-1	SPK6010	Continuing	1448	хочу,	хочу	linguistic			End=1603.864
1449-0	SPK6010	Falling	1449	бізде	бізде	linguistic			Begin=1604.744
1449-1	SPK6010	Falling	1449	еще	еще	linguistic			
1449-2	SPK6010	Falling	1449	барлығы	барлығы	linguistic			
1449-3	SPK6010	Falling	1449	қыздар	қыздар	linguistic			
1449-4	SPK6010	Falling	1449	ғой.	ғой	linguistic			End=1606.299
1450-0	SPK6009	Falling	1450	А.	А	linguistic			Begin=1606.468|End=1606.919
1451-0	SPK6011	Falling	1451	М.	М	linguistic			Begin=1606.881|End=1607.354
1452-0	SPK6010	Continuing	1452	Мы	Мы	linguistic			Begin=1607.469
1452-1	SPK6010	Continuing	1452	еще	еще	linguistic			
1452-2	SPK6010	Continuing	1452	до	до	linguistic			
1452-3	SPK6010	Continuing	1452	сих	сих	linguistic			
1452-4	SPK6010	Continuing	1452	пор	пор	linguistic			
1452-5	SPK6010	Continuing	1452	общаемся	общаемся	linguistic			
1452-6	SPK6010	Continuing	1452	короче,	короче	linguistic			End=1609.014
1453-0	SPK6010	Falling	1453	и	и	linguistic			Begin=1609.079
1453-1	SPK6010	Falling	1453	мы	мы	linguistic			
1453-2	SPK6010	Falling	1453	такие	такие	linguistic			
1453-3	SPK6010	Falling	1453	"""той"	"""той"	linguistic			
1453-4	SPK6010	Falling	1453	"беріңдерші""."	"беріңдерші"""	linguistic			End=1610.174
1454-0	SPK6010	Continuing	1454	Типа	Типа	linguistic			Begin=1610.244
1454-1	SPK6010	Continuing	1454	мы	мы	linguistic			
1454-2	SPK6010	Continuing	1454	уже	уже	linguistic			
1454-3	SPK6010	Continuing	1454	сколько	сколько	linguistic			
1454-4	SPK6010	Continuing	1454	лет	лет	linguistic			
1454-5	SPK6010	Continuing	1454	назад	назад	linguistic			
1454-6	SPK6010	Continuing	1454	закончили	закончили	linguistic			
1454-7	SPK6010	Continuing	1454	школу,	школу	linguistic			End=1612.394
1455-0	SPK6010	Continuing	1455	да	да	linguistic			Begin=1613.249
1455-1	SPK6010	Continuing	1455	е-,	е	linguistic		Interrupted=Yes	End=1613.744
1456-0	SPK6010	Continuing	1456	бес	бес	linguistic			Begin=1613.894
1456-1	SPK6010	Continuing	1456	бес,	бес	linguistic			End=1614.654
1457-0	SPK6010	Continuing	1457	жыл,	жыл	linguistic			Begin=1614.855|End=1615.199
1458-0	SPK6010	Continuing	1458	да,	да	linguistic			Begin=1615.434|End=1615.709
1459-0	SPK6010	Rising	1459	прошло	прошло	linguistic			Begin=1615.774
1459-1	SPK6010	Rising	1459	уже?	уже	linguistic			End=1616.289
1460-0	SPK6010	Falling	1460	Никто	Никто	linguistic			Begin=1616.379
1460-1	SPK6010	Falling	1460	еще	еще	linguistic			
1460-2	SPK6010	Falling	1460	не	не	linguistic			
1460-3	SPK6010	Falling	1460	вышел	вышел	linguistic			
1460-4	SPK6010	Falling	1460	замуж.	замуж	linguistic			End=1617.799
1461-0	SPK6009	undefined	1461	QQ	QQ	linguistic			Begin=1617.762|End=1618.344
1462-0	SPK6011	undefined	1462	(Hx)	(Hx)	_			Begin=1618.413|End=1618.933
1463-0	SPK6010	Continuing	1463	Тойсыз,	Тойсыз	linguistic			Begin=1618.849|End=1619.544
1464-0	SPK6010	Continuing	1464	точнее,	точнее	linguistic			Begin=1619.669|End=1620.074
1465-0	SPK6010	Continuing	1465	вышли	вышли	linguistic			Begin=1620.244
1465-1	SPK6010	Continuing	1465	замуж	замуж	linguistic			
1465-2	SPK6010	Continuing	1465	уже,	уже	linguistic			End=1621.334
1466-0	SPK6010	Continuing	1466	той	той	linguistic			Begin=1621.399
1466-1	SPK6010	Continuing	1466	болған	болған	linguistic			
1466-2	SPK6010	Continuing	1466	жоқ,	жоқ	linguistic			End=1622.134
1467-0	SPK6010	undefined	1467	(H)	(H)	_			Begin=1622.549|End=1623.014
1468-0	SPK6009	Falling	1468	А.	А	linguistic			Begin=1622.849|End=1623.354
1469-0	SPK6010	Falling	1469	Мы	Мы	linguistic			Begin=1623.139
1469-1	SPK6010	Falling	1469	такие	такие	linguistic			
1469-2	SPK6010	Falling	1469	"""той"	"""той"	linguistic			
1469-3	SPK6010	Falling	1469	беріңдерші	беріңдерші	linguistic			
1469-4	SPK6010	Falling	1469	"бізге""."	"бізге"""	linguistic			End=1624.559
1470-0	SPK6010	Continuing	1470	Барлық	Барлық	linguistic			Begin=1625.809
1470-1	SPK6010	Continuing	1470	выпусктарда,	выпусктарда	linguistic			End=1626.789
1471-0	SPK6010	Falling	1471	после	после	linguistic			Begin=1626.859
1471-1	SPK6010	Falling	1471	нас	нас	linguistic			
1471-2	SPK6010	Falling	1471	уже	уже	linguistic			
1471-3	SPK6010	Falling	1471	той	той	linguistic			
1471-4	SPK6010	Falling	1471	был	был	linguistic			
1471-5	SPK6010	Falling	1471	у	у	linguistic			
1471-6	SPK6010	Falling	1471	кого-нибудь.	кого-нибудь	linguistic			End=1628.754
1472-0	SPK6009	Falling	1472	Мхм.	Мхм	linguistic			Begin=1628.816|End=1629.331
1473-0	SPK6010	Continuing	1473	А	А	linguistic			Begin=1629.200
1473-1	SPK6010	Continuing	1473	мы,	мы	linguistic			End=1629.697
1474-0	SPK6010	Continuing	1474	лошки,	лошки	linguistic			Begin=1629.761|End=1630.148
1475-0	SPK6011	undefined	1475	QQ	QQ	linguistic			Begin=1630.527|End=1631.472
1476-0	SPK6010	Falling	1476	без	без	linguistic			Begin=1630.969
1476-1	SPK6010	Falling	1476	тоя.	тоя	linguistic			End=1631.624
1477-0	SPK6010	Falling	1477	Вообще	Вообще	linguistic			Begin=1633.004
1477-1	SPK6010	Falling	1477	не	не	linguistic			
1477-2	SPK6010	Falling	1477	в	в	linguistic			
1477-3	SPK6010	Falling	1477	тему.	тему	linguistic			End=1633.964
1478-0	SPK6009	undefined	1478	(H)	(H)	_			Begin=1634.341|End=1634.973
1479-0	SPK6011	undefined	1479	(TSK)	(TSK)	_			Begin=1634.822|End=1635.203
1480-0	SPK6011	Continuing	1480	Блин	Блин	linguistic			Begin=1635.352
1480-1	SPK6011	Continuing	1480	бізде	бізде	linguistic			
1480-2	SPK6011	Continuing	1480	параллельный	параллельный	linguistic			
1480-3	SPK6011	Continuing	1480	класста	класста	linguistic			
1480-4	SPK6011	Continuing	1480	бір	бір	linguistic			
1480-5	SPK6011	Continuing	1480	қыз,	қыз	linguistic			End=1637.216
1481-0	SPK6011	Continuing	1481	тұрмысқа	тұрмысқа	linguistic			Begin=1637.549
1481-1	SPK6011	Continuing	1481	шыққан	шыққан	linguistic			
1481-2	SPK6011	Continuing	1481	алдыңғы	алдыңғы	linguistic			
1481-3	SPK6011	Continuing	1481	жазда,	жазда	linguistic			End=1639.337
1482-0	SPK6011	undefined	1482	(H)	(H)	_			Begin=1639.710|End=1640.292
1483-0	SPK6011	Falling	1483	эх.	эх	linguistic			Begin=1640.560|End=1640.928
1484-0	SPK6010	undefined	1484	QQ	QQ	linguistic			Begin=1641.299|End=1642.149
1485-0	SPK6011	Falling	1485	Надо	Надо	linguistic			Begin=1641.605
1485-1	SPK6011	Falling	1485	было	было	linguistic			
1485-2	SPK6011	Falling	1485	заобщаться.	заобщаться	linguistic			End=1642.705
1486-0	SPK6009	undefined	1486	&&&&	&&&&	linguistic			Begin=1641.715|End=1642.261
1487-0	SPK6011	undefined	1487	QQQ	QQQ	linguistic			Begin=1642.920|End=1644.125
1488-0	SPK6009	undefined	1488	QQ	QQ	linguistic			Begin=1642.986|End=1643.652
1489-0	SPK6010	undefined	1489	QQQ	QQQ	linguistic			Begin=1643.314|End=1644.194
1490-0	SPK6011	undefined	1490	(H)	(H)	_			Begin=1644.702|End=1645.136
1491-0	SPK6010	Falling	1491	Тойға	Тойға	linguistic			Begin=1644.914
1491-1	SPK6010	Falling	1491	хочу.	хочу	linguistic			End=1646.204
1492-0	SPK6009	undefined	1492	(TSK)	(TSK)	_			Begin=1647.180|End=1647.612
1493-0	SPK6009	Continuing	1493	Өзің	Өзің	linguistic			Begin=1647.896
1493-1	SPK6009	Continuing	1493	тұрмысқа	тұрмысқа	linguistic			
1493-2	SPK6009	Continuing	1493	шығып	шығып	linguistic			
1493-3	SPK6009	Continuing	1493	кет,	кет	linguistic			End=1648.712
1494-0	SPK6009	Falling	1494	той	той	linguistic			Begin=1649.191
1494-1	SPK6009	Falling	1494	болады.	болады	linguistic			End=1649.649
1495-0	SPK6010	undefined	1495	QQQ	QQQ	linguistic			Begin=1649.489|End=1650.209
1496-0	SPK6011	Continuing	1496	Ох,	Ох	linguistic			Begin=1649.493|End=1649.861
1497-0	SPK6009	Falling	1497	Кайф.	Кайф	linguistic			Begin=1649.936|End=1650.281
1498-0	SPK6011	Falling	1498	не	не	linguistic			Begin=1649.939
1498-1	SPK6011	Falling	1498	не	не	linguistic			
1498-2	SPK6011	Falling	1498	не	не	linguistic			
1498-3	SPK6011	Falling	1498	не	не	linguistic			
1498-4	SPK6011	Falling	1498	не	не	linguistic			
1498-5	SPK6011	Falling	1498	не.	не	linguistic			End=1651.803
1499-0	SPK6010	Falling	1499	Жоқ.	Жоқ	linguistic			Begin=1650.594|End=1651.204
1500-0	SPK6009	undefined	1500	QQ	QQ	linguistic			Begin=1651.000|End=1651.786
1501-0	SPK6010	Continuing	1501	Гость	Гость	linguistic			Begin=1651.934
1501-1	SPK6010	Continuing	1501	бару	бару	linguistic			
1501-2	SPK6010	Continuing	1501	үшін,	үшін	linguistic			End=1652.959
1502-0	SPK6010	Continuing	1502	хочу,	хочу	linguistic			Begin=1653.074|End=1653.594
1503-0	SPK6010	Falling	1503	тойға.	тойға	linguistic			Begin=1653.784|End=1654.394
1504-0	SPK6011	Continuing	1504	Жиза,	Жиза	linguistic			Begin=1654.538|End=1655.079
1505-0	SPK6011	Continuing	1505	еще	еще	linguistic			Begin=1655.830
1505-1	SPK6011	Continuing	1505	этот,	этот	linguistic			End=1656.426
1506-0	SPK6011	Continuing	1506	прям	прям	linguistic			Begin=1656.486
1506-1	SPK6011	Continuing	1506	жақын	жақын	linguistic			
1506-2	SPK6011	Continuing	1506	туыс	туыс	linguistic			
1506-3	SPK6011	Continuing	1506	емес	емес	linguistic			
1506-4	SPK6011	Continuing	1506	чтобы	чтобы	linguistic			
1506-5	SPK6011	Continuing	1506	был,	был	linguistic			End=1658.308
1507-0	SPK6010	Falling	1507	М,	М	linguistic			Begin=1657.964
1507-1	SPK6010	Falling	1507	да.	да	linguistic			End=1658.614
1508-0	SPK6009	Continuing	1508	М,	М	linguistic			Begin=1658.113|End=1658.471
1509-0	SPK6009	Falling	1509	иә	иә	linguistic			Begin=1658.612
1509-1	SPK6009	Falling	1509	иә	иә	linguistic			
1509-2	SPK6009	Falling	1509	иә.	иә	linguistic			End=1659.638
1510-0	SPK6011	Falling	1510	дальний	дальний	linguistic			Begin=1658.725
1510-1	SPK6011	Falling	1510	сияқты	сияқты	linguistic			
1510-2	SPK6011	Falling	1510	бар	бар	linguistic			
1510-3	SPK6011	Falling	1510	ғой	ғой	linguistic			
1510-4	SPK6011	Falling	1510	біреу.	біреу	linguistic			End=1660.487
1511-0	SPK6010	Continuing	1511	Одноклассник,	Одноклассник	linguistic			Begin=1660.309|End=1660.969
1512-0	SPK6010	Falling	1512	поэтому.	поэтому	linguistic			Begin=1661.079|End=1662.064
1513-0	SPK6011	Falling	1513	Иә	Иә	linguistic			Begin=1661.334
1513-1	SPK6011	Falling	1513	иә.	иә	linguistic			End=1662.069
1514-0	SPK6009	Continuing	1514	Ешкім	Ешкім	linguistic			Begin=1661.368
1514-1	SPK6009	Continuing	1514	сені	сені	linguistic			
1514-2	SPK6009	Continuing	1514	танымайды,	танымайды	linguistic			End=1662.458
1515-0	SPK6011	Falling	1515	Иә.	Иә	linguistic			Begin=1662.489|End=1662.828
1516-0	SPK6009	Falling	1516	сен	сен	linguistic			Begin=1662.501
1516-1	SPK6009	Falling	1516	ешкімді	ешкімді	linguistic			
1516-2	SPK6009	Falling	1516	танымайсын.	танымайсын	linguistic			End=1663.598
1517-0	SPK6010	Falling	1517	Мхм.	Мхм	linguistic			Begin=1662.949|End=1663.409
1518-0	SPK6011	Continuing	1518	И	И	linguistic			Begin=1663.830
1518-1	SPK6011	Continuing	1518	қуып	қуып	linguistic			
1518-2	SPK6011	Continuing	1518	жүре	жүре	linguistic			
1518-3	SPK6011	Continuing	1518	бересін,	бересін	linguistic			End=1664.860
1519-0	SPK6009	undefined	1519	(H)	(H)	_			Begin=1664.057|End=1664.458
1520-0	SPK6009	Falling	1520	Аха.	Аха	linguistic			Begin=1664.901|End=1665.304
1521-0	SPK6011	Falling	1521	точно.	точно	linguistic			Begin=1664.933|End=1665.695
1522-0	SPK6010	Continuing	1522	Қуып	Қуып	linguistic			Begin=1665.269
1522-1	SPK6010	Continuing	1522	жүресін	жүресін	linguistic			
1522-2	SPK6010	Continuing	1522	с	с	linguistic			
1522-3	SPK6010	Continuing	1522	одноклассницами,	одноклассницами	linguistic			
1522-4	SPK6010	Continuing	1522	типа	типа	linguistic			
1522-5	SPK6010	Continuing	1522	вот,	вот	linguistic			End=1667.259
1523-0	SPK6010	Falling	1523	қуған	қуған	linguistic			Begin=1667.434
1523-1	SPK6010	Falling	1523	вообще.	вообще	linguistic			End=1668.364
1524-0	SPK6009	undefined	1524	(H)	(H)	_			Begin=1667.572|End=1667.883
1525-0	SPK6011	Falling	1525	Мхм.	Мхм	linguistic			Begin=1668.054|End=1668.637
1526-0	SPK6010	undefined	1526	(H)	(H)	_			Begin=1668.519|End=1668.874
1527-0	SPK6010	Falling	1527	Девичник	Девичник	linguistic			Begin=1669.774
1527-1	SPK6010	Falling	1527	еще.	еще	linguistic			End=1670.629
1528-0	SPK6011	Falling	1528	Сол	Сол	linguistic			Begin=1671.504
1528-1	SPK6011	Falling	1528	ғой.	ғой	linguistic			End=1672.016
1529-0	SPK6009	undefined	1529	(H)	(H)	_			Begin=1671.518|End=1671.926
1530-0	SPK6010	Falling	1530	Кайф.	Кайф	linguistic			Begin=1673.169|End=1673.744
1531-0	SPK6011	Falling	1531	Бірақ	Бірақ	linguistic			Begin=1674.284
1531-1	SPK6011	Falling	1531	бізде	бізде	linguistic			
1531-2	SPK6011	Falling	1531	вряд	вряд	linguistic			
1531-3	SPK6011	Falling	1531	ли	ли	linguistic			
1531-4	SPK6011	Falling	1531	қазір	қазір	linguistic			
1531-5	SPK6011	Falling	1531	біреу	біреу	linguistic			
1531-6	SPK6011	Falling	1531	тұрмысқа	тұрмысқа	linguistic			
1531-7	SPK6011	Falling	1531	шығады.	шығады	linguistic			End=1676.517
1532-0	SPK6010	undefined	1532	(TSK)	(TSK)	_			Begin=1676.672|End=1677.184
1533-0	SPK6009	Rising	1533	Неге?	Неге	linguistic			Begin=1676.705|End=1677.100
1534-0	SPK6010	Falling	1534	Хочу	Хочу	linguistic			Begin=1677.424
1534-1	SPK6010	Falling	1534	той.	той	linguistic			End=1678.584
1535-0	SPK6011	undefined	1535	(H)	(H)	_			Begin=1677.714|End=1678.205
1536-0	SPK6011	Falling	1536	Ешкім	Ешкім	linguistic			Begin=1678.379
1536-1	SPK6011	Falling	1536	түрмысқа	түрмысқа	linguistic			
1536-2	SPK6011	Falling	1536	шыққысы	шыққысы	linguistic			
1536-3	SPK6011	Falling	1536	келмейді.	келмейді	linguistic			End=1679.744
1537-0	SPK6010	undefined	1537	QQ	QQ	linguistic			Begin=1679.846|End=1680.493
1538-0	SPK6011	undefined	1538	Q	Q	linguistic			Begin=1679.854|End=1680.479
1539-0	SPK6009	Falling	1539	А.	А	linguistic			Begin=1680.401|End=1680.812
1540-0	SPK6011	Rising	1540	Сендерде	Сендерде	linguistic			Begin=1681.208
1540-1	SPK6011	Rising	1540	біреу	біреу	linguistic			
1540-2	SPK6011	Rising	1540	тұрмысқа	тұрмысқа	linguistic			
1540-3	SPK6011	Rising	1540	шыққысы	шыққысы	linguistic			
1540-4	SPK6011	Rising	1540	келе	келе	linguistic			
1540-5	SPK6011	Rising	1540	ме	ме	linguistic			
1540-6	SPK6011	Rising	1540	не?	не	linguistic			End=1682.943
1541-0	SPK6010	Continuing	1541	Бізде,	Бізде	linguistic			Begin=1683.459|End=1684.059
1542-0	SPK6010	Continuing	1542	недавно,	недавно	linguistic			Begin=1684.099|End=1684.874
1543-0	SPK6010	Continuing	1543	предложение	предложение	linguistic			Begin=1685.344
1543-1	SPK6010	Continuing	1543	істеген	істеген	linguistic			
1543-2	SPK6010	Continuing	1543	бір	бір	linguistic			
1543-3	SPK6010	Continuing	1543	қызға,	қызға	linguistic			End=1687.094
1544-0	SPK6011	Falling	1544	Вау.	Вау	linguistic			Begin=1685.461|End=1686.128
1545-0	SPK6010	Continuing	1545	но	но	linguistic			Begin=1687.239
1545-1	SPK6010	Continuing	1545	я	я	linguistic			
1545-2	SPK6010	Continuing	1545	ХЗ	ХЗ	linguistic			
1545-3	SPK6010	Continuing	1545	(хрен	(хрен	linguistic			
1545-4	SPK6010	Continuing	1545	знает)	знает)	linguistic			
1545-5	SPK6010	Continuing	1545	когда,	когда	linguistic			End=1688.179
1546-0	SPK6010	Falling	1546	свадьба.	свадьба	linguistic			Begin=1688.364|End=1688.944
1547-0	SPK6010	Continuing	1547	Ну	Ну	linguistic			Begin=1689.619
1547-1	SPK6010	Continuing	1547	ну,	ну	linguistic			End=1690.139
1548-0	SPK6010	Continuing	1548	жүріп	жүріп	linguistic			Begin=1690.274
1548-1	SPK6010	Continuing	1548	жүр	жүр	linguistic			
1548-2	SPK6010	Continuing	1548	типа,	типа	linguistic			End=1691.139
1549-0	SPK6010	Continuing	1549	немен,	немен	linguistic			Begin=1691.378|End=1692.014
1550-0	SPK6009	Falling	1550	А.	А	linguistic			Begin=1691.632|End=1692.297
1551-0	SPK6010	Falling	1551	невеста	невеста	linguistic			Begin=1692.829
1551-1	SPK6010	Falling	1551	болып.	болып	linguistic			End=1693.664
1552-0	SPK6010	Continuing	1552	Өзі	Өзі	linguistic			Begin=1694.519
1552-1	SPK6010	Continuing	1552	еще	еще	linguistic			
1552-2	SPK6010	Continuing	1552	Америкаға	Америкаға	linguistic			
1552-3	SPK6010	Continuing	1552	кетіп,	кетіп	linguistic			End=1695.679
1553-0	SPK6010	Rising	1553	Америкаға	Америкаға	linguistic			Begin=1695.730
1553-1	SPK6010	Rising	1553	кетіп	кетіп	linguistic			
1553-2	SPK6010	Rising	1553	жатыр,	жатыр	linguistic			
1553-3	SPK6010	Rising	1553	вообще	вообще	linguistic			
1553-4	SPK6010	Rising	1553	свадьба	свадьба	linguistic			
1553-5	SPK6010	Rising	1553	бола	бола	linguistic			
1553-6	SPK6010	Rising	1553	ма	ма	linguistic			
1553-7	SPK6010	Rising	1553	бола	бола	linguistic			
1553-8	SPK6010	Rising	1553	ма?	ма	linguistic			End=1698.029
1554-0	SPK6009	undefined	1554	(H)	(H)	_			Begin=1698.123|End=1698.578
1555-0	SPK6011	Falling	1555	Ох.	Ох	linguistic			Begin=1698.646|End=1699.358
1556-0	SPK6010	Rising	1556	Свадьба	Свадьба	linguistic			Begin=1699.444
1556-1	SPK6010	Rising	1556	қайда?	қайда	linguistic			End=1700.149
1557-0	SPK6010	Falling	1557	Той.	Той	linguistic			Begin=1700.384|End=1700.788
1558-0	SPK6010	Falling	1558	Хочу	Хочу	linguistic			Begin=1700.904
1558-1	SPK6010	Falling	1558	той.	той	linguistic			End=1701.604
1559-0	SPK6010	undefined	1559	QQQ	QQQ	linguistic			Begin=1701.744|End=1702.614
1560-0	SPK6011	undefined	1560	QQ	QQ	linguistic			Begin=1701.802|End=1702.561
1561-0	SPK6010	undefined	1561	(H)	(H)	_			Begin=1702.968|End=1703.304
1562-0	SPK6009	undefined	1562	(H)	(H)	_			Begin=1703.030|End=1703.445
1563-0	SPK6010	Falling	1563	Надоели.	Надоели	linguistic			Begin=1704.034|End=1704.744
1564-0	SPK6009	Continuing	1564	А,	А	linguistic			Begin=1704.888|End=1705.311
1565-0	SPK6009	Continuing	1565	ну,	ну	linguistic			Begin=1705.759
1565-1	SPK6009	Continuing	1565	мен,	мен	linguistic			End=1706.354
1566-0	SPK6009	Continuing	1566	сыныптастарым,	сыныптастарым	linguistic			Begin=1706.485|End=1707.154
1567-0	SPK6009	Continuing	1567	он	он	linguistic			Begin=1707.325
1567-1	SPK6009	Continuing	1567	бірінші	бірінші	linguistic			
1567-2	SPK6009	Continuing	1567	класста	класста	linguistic			
1567-3	SPK6009	Continuing	1567	жүргенде	жүргенде	linguistic			
1567-4	SPK6009	Continuing	1567	айтатын,	айтатын	linguistic			End=1708.565
1568-0	SPK6009	undefined	1568	(TSK)	(TSK)	_			Begin=1708.655|End=1708.849
1569-0	SPK6009	Continuing	1569	менің	менің	linguistic			Begin=1709.020
1569-1	SPK6009	Continuing	1569	жігітім	жігітім	linguistic			
1569-2	SPK6009	Continuing	1569	бар,	бар	linguistic			
1569-3	SPK6009	Continuing	1569	ол	ол	linguistic			
1569-4	SPK6009	Continuing	1569	маған	маған	linguistic			
1569-5	SPK6009	Continuing	1569	предложение	предложение	linguistic			
1569-6	SPK6009	Continuing	1569	жасайды,	жасайды	linguistic			End=1711.023
1570-0	SPK6009	Continuing	1570	мартта,	мартта	linguistic			Begin=1711.210|End=1711.705
1571-0	SPK6009	Falling	1571	олар	олар	linguistic			Begin=1711.943
1571-1	SPK6009	Falling	1571	шықпай	шықпай	linguistic			
1571-2	SPK6009	Falling	1571	қалды	қалды	linguistic			
1571-3	SPK6009	Falling	1571	в	в	linguistic			
1571-4	SPK6009	Falling	1571	итоге.	итоге	linguistic			End=1713.026
1572-0	SPK6009	undefined	1572	(H)	(H)	_			Begin=1713.346|End=1713.699
1573-0	SPK6010	Falling	1573	М.	М	linguistic			Begin=1713.859|End=1714.314
1574-0	SPK6009	Falling	1574	М.	М	linguistic			Begin=1713.863|End=1714.223
1575-0	SPK6009	Falling	1575	Ну,	Ну	linguistic			Begin=1714.756
1575-1	SPK6009	Falling	1575	планирует	планирует	linguistic			
1575-2	SPK6009	Falling	1575	по-любому.	по-любому	linguistic			End=1715.990
1576-0	SPK6011	Rising	1576	Ол	Ол	linguistic			Begin=1716.047
1576-1	SPK6011	Rising	1576	қайдан	қайдан	linguistic			
1576-2	SPK6011	Rising	1576	біліп	біліп	linguistic			
1576-3	SPK6011	Rising	1576	қойды	қойды	linguistic			
1576-4	SPK6011	Rising	1576	мартта	мартта	linguistic			
1576-5	SPK6011	Rising	1576	екенін?	екенін	linguistic			End=1717.530
1577-0	SPK6011	Rising	1577	Жігіті	Жігіті	linguistic			Begin=1717.567
1577-1	SPK6011	Rising	1577	айтып	айтып	linguistic			
1577-2	SPK6011	Rising	1577	қойды	қойды	linguistic			
1577-3	SPK6011	Rising	1577	ма	ма	linguistic			
1577-4	SPK6011	Rising	1577	не?	не	linguistic			End=1718.562
1578-0	SPK6009	Falling	1578	Жоқ,	Жоқ	linguistic			Begin=1718.653
1578-1	SPK6009	Falling	1578	ол	ол	linguistic			
1578-2	SPK6009	Falling	1578	өзі	өзі	linguistic			
1578-3	SPK6009	Falling	1578	солай	солай	linguistic			
1578-4	SPK6009	Falling	1578	ойлап	ойлап	linguistic			
1578-5	SPK6009	Falling	1578	жүрген	жүрген	linguistic			
1578-6	SPK6009	Falling	1578	ғой.	ғой	linguistic			End=1720.508
1579-0	SPK6011	Falling	1579	А.	А	linguistic			Begin=1720.216|End=1721.156
1580-0	SPK6010	undefined	1580	QQ	QQ	linguistic			Begin=1720.224|End=1720.984
1581-0	SPK6009	Continuing	1581	Типа,	Типа	linguistic			Begin=1721.324|End=1721.608
1582-0	SPK6009	Continuing	1582	наверное,	наверное	linguistic			Begin=1721.672|End=1722.144
1583-0	SPK6009	Falling	1583	деп.	деп	linguistic			Begin=1722.447|End=1722.863
1584-0	SPK6011	undefined	1584	(H)	(H)	_			Begin=1723.130|End=1724.185
1585-0	SPK6011	Falling	1585	Ой.	Ой	linguistic			Begin=1724.245|End=1725.151
1586-0	SPK6010	Continuing	1586	Все	Все	linguistic			Begin=1724.689
1586-1	SPK6010	Continuing	1586	равно	равно	linguistic			
1586-2	SPK6010	Continuing	1586	чувствовать	чувствовать	linguistic			
1586-3	SPK6010	Continuing	1586	етеді	етеді	linguistic			
1586-4	SPK6010	Continuing	1586	ғой	ғой	linguistic			
1586-5	SPK6010	Continuing	1586	типа,	типа	linguistic			End=1726.309
1587-0	SPK6010	Falling	1587	как	как	linguistic			Begin=1727.004
1587-1	SPK6010	Falling	1587	то.	то	linguistic			End=1728.384
1588-0	SPK6009	undefined	1588	Q	Q	linguistic			Begin=1727.491|End=1728.371
1589-0	SPK6011	Continuing	1589	Дети,	Дети	linguistic			Begin=1727.794|End=1728.742
1590-0	SPK6011	undefined	1590	де	де	linguistic			Begin=1728.779
1590-1	SPK6011	undefined	1590	такая	такая	linguistic			
1590-2	SPK6011	undefined	1590	QQ	QQ	linguistic			End=1730.133
1591-0	SPK6010	undefined	1591	QQQQ	QQQQ	linguistic			Begin=1729.199|End=1730.494
1592-0	SPK6009	undefined	1592	Q	Q	linguistic			Begin=1730.107|End=1730.538
1593-0	SPK6010	undefined	1593	(H)	(H)	_			Begin=1730.709|End=1731.094
1594-0	SPK6011	undefined	1594	Q	Q	linguistic			Begin=1730.773|End=1731.036
1595-0	SPK6010	undefined	1595	COUGH	COUGH	paraverbal	_		Begin=1734.324|End=1735.074
1596-0	SPK6010	Falling	1596	Не	Не	linguistic			Begin=1735.774
1596-1	SPK6010	Falling	1596	знаю.	знаю	linguistic			End=1736.414
1597-0	SPK6009	undefined	1597	(H)	(H)	_			Begin=1740.605|End=1741.371
1598-0	SPK6010	Rising	1598	Что	Что	linguistic			Begin=1743.649
1598-1	SPK6010	Rising	1598	она	она	linguistic			
1598-2	SPK6010	Rising	1598	не	не	linguistic			
1598-3	SPK6010	Rising	1598	отвечает	отвечает	linguistic			
1598-4	SPK6010	Rising	1598	мне?	мне	linguistic			End=1744.829
1599-0	SPK6009	Rising	1599	КІм?	КІм	linguistic			Begin=1745.468|End=1745.866
1600-0	SPK6010	undefined	1600	(TSK)	(TSK)	_			Begin=1745.979|End=1746.329
1601-0	SPK6010	Continuing	1601	Reference,	Reference	linguistic			Begin=1746.549|End=1747.279
1602-0	SPK6010	Falling	1602	письмо	письмо	linguistic			Begin=1747.969
1602-1	SPK6010	Falling	1602	жазған	жазған	linguistic			
1602-2	SPK6010	Falling	1602	адам.	адам	linguistic			End=1749.039
1603-0	SPK6010	undefined	1603	(H)	(H)	_			Begin=1750.159|End=1750.659
1604-0	SPK6009	Rising	1604	Сендер	Сендер	linguistic			Begin=1751.867
1604-1	SPK6009	Rising	1604	сонда	сонда	linguistic			
1604-2	SPK6009	Rising	1604	екеулерің	екеулерің	linguistic			
1604-3	SPK6009	Rising	1604	де	де	linguistic			
1604-4	SPK6009	Rising	1604	осы	осы	linguistic			
1604-5	SPK6009	Rising	1604	research-тасыңдар,	research-тасыңдар	linguistic			
1604-6	SPK6009	Rising	1604	иә?	иә	linguistic			End=1754.000
1605-0	SPK6010	Falling	1605	Жоқ.	Жоқ	linguistic			Begin=1754.824|End=1755.174
1606-0	SPK6011	Falling	1606	Жоқ.	Жоқ	linguistic			Begin=1755.163|End=1755.580
1607-0	SPK6009	Falling	1607	А.	А	linguistic			Begin=1755.886|End=1756.240
1608-0	SPK6011	Continuing	1608	Мына	Мына	linguistic			Begin=1756.551
1608-1	SPK6011	Continuing	1608	research,	research	linguistic			End=1757.207
1609-0	SPK6011	Continuing	1609	research-қа	research-қа	linguistic			Begin=1757.291
1609-1	SPK6011	Continuing	1609	типа,	типа	linguistic			End=1758.473
1610-0	SPK6011	Falling	1610	біз	біз	linguistic			Begin=1758.688
1610-1	SPK6011	Falling	1610	қатыса	қатыса	linguistic			
1610-2	SPK6011	Falling	1610	алмаймыз.	алмаймыз	linguistic			End=1759.570
1611-0	SPK6009	Falling	1611	А.	А	linguistic			Begin=1759.946|End=1760.468
1612-0	SPK6009	Rising	1612	Неге?	Неге	linguistic			Begin=1760.700|End=1761.068
1613-0	SPK6011	Continuing	1613	А,	А	linguistic			Begin=1761.368|End=1762.031
1614-0	SPK6011	Continuing	1614	типа,	типа	linguistic			Begin=1762.675|End=1763.156
1615-0	SPK6011	Continuing	1615	ana-,	ana	linguistic		Interrupted=Yes	Begin=1763.195|End=1763.455
1616-0	SPK6011	Continuing	1616	analyzing	analyzing	linguistic			Begin=1763.573
1616-1	SPK6011	Continuing	1616	жасай-,	жасай	linguistic		Interrupted=Yes	End=1764.620
1617-0	SPK6011	Continuing	1617	тын	тын	linguistic			Begin=1765.088
1617-1	SPK6011	Continuing	1617	адамдар,	адамдар	linguistic			End=1765.996
1618-0	SPK6011	Continuing	1618	олар	олар	linguistic			Begin=1766.424
1618-1	SPK6011	Continuing	1618	в	в	linguistic			
1618-2	SPK6011	Continuing	1618	целом	целом	linguistic			
1618-3	SPK6011	Continuing	1618	қатыса	қатыса	linguistic			
1618-4	SPK6011	Continuing	1618	алмайды,	алмайды	linguistic			End=1767.479
1619-0	SPK6011	Falling	1619	потому	потому	linguistic			Begin=1767.568
1619-1	SPK6011	Falling	1619	что	что	linguistic			
1619-2	SPK6011	Falling	1619	олар	олар	linguistic			
1619-3	SPK6011	Falling	1619	типа	типа	linguistic			
1619-4	SPK6011	Falling	1619	өздері.	өздері	linguistic			End=1768.781
1620-0	SPK6009	Falling	1620	М.	М	linguistic			Begin=1769.008|End=1769.421
1621-0	SPK6010	Continuing	1621	М,	М	linguistic			Begin=1769.014|End=1769.609
1622-0	SPK6010	Continuing	1622	мен	мен	linguistic			Begin=1769.719
1622-1	SPK6010	Continuing	1622	может	может	linguistic			
1622-2	SPK6010	Continuing	1622	в	в	linguistic			
1622-3	SPK6010	Continuing	1622	следующем,	следующем	linguistic			End=1770.879
1623-0	SPK6011	undefined	1623	Ну,	Ну	linguistic			Begin=1770.235
1623-1	SPK6011	undefined	1623	типа	типа	linguistic			
1623-2	SPK6011	undefined	1623	&&&&&&	&&&&&&	linguistic			End=1771.850
1624-0	SPK6010	Falling	1624	в	в	linguistic			Begin=1770.994
1624-1	SPK6010	Falling	1624	следующем	следующем	linguistic			
1624-2	SPK6010	Falling	1624	году	году	linguistic			
1624-3	SPK6010	Falling	1624	боламын.	боламын	linguistic			End=1771.874
1625-0	SPK6011	Falling	1625	М.	М	linguistic			Begin=1772.367|End=1772.852
1626-0	SPK6010	Falling	1626	Мхм.	Мхм	linguistic			Begin=1773.554|End=1773.989
1627-0	SPK6009	Rising	1627	И	И	linguistic			Begin=1776.130
1627-1	SPK6009	Rising	1627	онда	онда	linguistic			
1627-2	SPK6009	Rising	1627	ВЛЛ-щиктар	ВЛЛ-щиктар	linguistic			
1627-3	SPK6009	Rising	1627	ғана	ғана	linguistic			
1627-4	SPK6009	Rising	1627	қатыса	қатыса	linguistic			
1627-5	SPK6009	Rising	1627	алады,	алады	linguistic			
1627-6	SPK6009	Rising	1627	иә?	иә	linguistic			End=1777.983
1628-0	SPK6009	Falling	1628	Басқа	Басқа	linguistic			Begin=1778.077
1628-1	SPK6009	Falling	1628	major-лар	major-лар	linguistic			
1628-2	SPK6009	Falling	1628	емес.	емес	linguistic			End=1779.113
1629-0	SPK6011	Continuing	1629	Ну,	Ну	linguistic			Begin=1779.173|End=1779.475
1630-0	SPK6011	Continuing	1630	лингвистиканы	лингвистиканы	linguistic			Begin=1779.520
1630-1	SPK6011	Continuing	1630	білетін	білетін	linguistic			
1630-2	SPK6011	Continuing	1630	адамдар	адамдар	linguistic			
1630-3	SPK6011	Continuing	1630	қатысу	қатысу	linguistic			
1630-4	SPK6011	Continuing	1630	керек	керек	linguistic			
1630-5	SPK6011	Continuing	1630	қой,	қой	linguistic			End=1781.819
1631-0	SPK6010	Falling	1631	Иә.	Иә	linguistic			Begin=1781.024|End=1781.634
1632-0	SPK6009	undefined	1632	(H)	(H)	_			Begin=1781.572|End=1781.863
1633-0	SPK6011	Falling	1633	в	в	linguistic			Begin=1781.948
1633-1	SPK6011	Falling	1633	целом.	целом	linguistic			End=1782.216
1634-0	SPK6009	Falling	1634	Эх.	Эх	linguistic			Begin=1782.227|End=1782.615
1635-0	SPK6011	undefined	1635	QQ	QQ	linguistic			Begin=1783.145|End=1783.754
1636-0	SPK6011	Continuing	1636	Сендерде	Сендерде	linguistic			Begin=1784.494
1636-1	SPK6011	Continuing	1636	өздеріңдікі	өздеріңдікі	linguistic			
1636-2	SPK6011	Continuing	1636	бар	бар	linguistic			
1636-3	SPK6011	Continuing	1636	шығар,	шығар	linguistic			End=1785.914
1637-0	SPK6011	Falling	1637	типа.	типа	linguistic			Begin=1786.070|End=1786.325
1638-0	SPK6009	Continuing	1638	Фу,	Фу	linguistic			Begin=1786.560|End=1787.374
1639-0	SPK6009	Continuing	1639	инженерный	инженерный	linguistic			Begin=1788.368
1639-1	SPK6009	Continuing	1639	профтармен	профтармен	linguistic			
1639-2	SPK6009	Continuing	1639	мә,	мә	linguistic			End=1789.859
1640-0	SPK6009	Continuing	1640	сөйлескен	сөйлескен	linguistic			Begin=1789.958
1640-1	SPK6009	Continuing	1640	қорқынышты,	қорқынышты	linguistic			End=1790.996
1641-0	SPK6009	Falling	1641	олар	олар	linguistic			Begin=1792.505
1641-1	SPK6009	Falling	1641	ұрсады.	ұрсады	linguistic			End=1793.180
1642-0	SPK6011	Falling	1642	Сендердің	Сендердің	linguistic			Begin=1795.204
1642-1	SPK6011	Falling	1642	профтарың	профтарың	linguistic			
1642-2	SPK6011	Falling	1642	странный.	странный	linguistic			End=1796.490
1643-0	SPK6009	Falling	1643	Иә.	Иә	linguistic			Begin=1796.612|End=1796.953
1644-0	SPK6010	undefined	1644	Q	Q	linguistic			Begin=1797.824|End=1798.264
1645-0	SPK6011	undefined	1645	Q	Q	linguistic			Begin=1798.475|End=1798.877
1646-0	SPK6009	Falling	1646	Вообще	Вообще	linguistic			Begin=1799.239
1646-1	SPK6009	Falling	1646	странный.	странный	linguistic			End=1799.669
1647-0	SPK6010	Falling	1647	Странный	Странный	linguistic			Begin=1799.509
1647-1	SPK6010	Falling	1647	профтар.	профтар	linguistic			End=1800.809
1648-0	SPK6009	undefined	1648	(H)	(H)	_			Begin=1804.739|End=1805.401
1649-0	SPK6009	Continuing	1649	Еще	Еще	linguistic			Begin=1805.689
1649-1	SPK6009	Continuing	1649	аз,	аз	linguistic			End=1806.327
1650-0	SPK6009	Continuing	1650	екі	екі	linguistic			Begin=1806.481
1650-1	SPK6009	Continuing	1650	жүз	жүз	linguistic			
1650-2	SPK6009	Continuing	1650	елу	елу	linguistic			
1650-3	SPK6009	Continuing	1650	инженер,	инженер	linguistic			End=1807.799
1651-0	SPK6009	Continuing	1651	инженерияданбыз,	инженерияданбыз	linguistic			Begin=1808.354|End=1809.348
1652-0	SPK6009	Continuing	1652	екі-ақ	екі-ақ	linguistic			Begin=1809.498
1652-1	SPK6009	Continuing	1652	проф	проф	linguistic			
1652-2	SPK6009	Continuing	1652	береді,	береді	linguistic			End=1810.515
1653-0	SPK6011	Falling	1653	М.	М	linguistic			Begin=1810.627|End=1811.164
1654-0	SPK6009	Falling	1654	и	и	linguistic			Begin=1811.384
1654-1	SPK6009	Falling	1654	все.	все	linguistic			End=1811.990
1655-0	SPK6009	Falling	1655	Программированиені	Программированиені	linguistic			Begin=1813.207
1655-1	SPK6009	Falling	1655	вообще	вообще	linguistic			
1655-2	SPK6009	Falling	1655	бір	бір	linguistic			
1655-3	SPK6009	Falling	1655	екі	екі	linguistic			
1655-4	SPK6009	Falling	1655	проф	проф	linguistic			
1655-5	SPK6009	Falling	1655	қана	қана	linguistic			
1655-6	SPK6009	Falling	1655	болды.	болды	linguistic			End=1815.552
1656-0	SPK6009	undefined	1656	(H)	(H)	_			Begin=1816.137|End=1816.495
1657-0	SPK6011	Falling	1657	Еще	Еще	linguistic			Begin=1817.359
1657-1	SPK6011	Falling	1657	бәрі	бәрі	linguistic			
1657-2	SPK6011	Falling	1657	странный.	странный	linguistic			End=1818.312
1658-0	SPK6009	undefined	1658	Иә	Иә	linguistic			Begin=1818.495
1658-1	SPK6009	undefined	1658	QQ	QQ	linguistic			End=1819.067
1659-0	SPK6009	undefined	1659	QQ	QQ	linguistic			Begin=1819.174|End=1819.552
1660-0	SPK6011	undefined	1660	(H)	(H)	_			Begin=1819.609|End=1820.309
1661-0	SPK6011	Falling	1661	(H)	(H)	_			Begin=1824.992
1661-1	SPK6011	Falling	1661	Солай.	Солай	linguistic			End=1825.885
1662-0	SPK6009	Continuing	1662	Иә,	Иә	linguistic			Begin=1827.953|End=1828.374
1663-0	SPK6009	Falling	1663	солай.	солай	linguistic			Begin=1828.404|End=1828.839
1664-0	SPK6009	Rising	1664	Жазға	Жазға	linguistic			Begin=1829.391
1664-1	SPK6009	Rising	1664	не	не	linguistic			
1664-2	SPK6009	Rising	1664	жоспарларың	жоспарларың	linguistic			
1664-3	SPK6009	Rising	1664	бар?	бар	linguistic			End=1830.695
1665-0	SPK6011	Continuing	1665	Жазда,	Жазда	linguistic			Begin=1831.752|End=1832.319
1666-0	SPK6009	Rising	1666	Не	Не	linguistic			Begin=1831.762
1666-1	SPK6009	Rising	1666	істейсіңдер?	істейсіңдер	linguistic			End=1832.281
1667-0	SPK6010	Falling	1667	Ұйықтау.	Ұйықтау	linguistic			Begin=1832.785|End=1833.175
1668-0	SPK6011	Falling	1668	мен	мен	linguistic			Begin=1833.891
1668-1	SPK6011	Falling	1668	volunteering-қа	volunteering-қа	linguistic			
1668-2	SPK6011	Falling	1668	барамын.	барамын	linguistic			End=1835.269
1669-0	SPK6010	undefined	1669	QQ	QQ	linguistic			Begin=1834.319|End=1834.682
1670-0	SPK6011	undefined	1670	QQQ	QQQ	linguistic			Begin=1835.378|End=1835.920
1671-0	SPK6009	Continuing	1671	О,	О	linguistic			Begin=1835.863|End=1836.210
1672-0	SPK6011	Falling	1672	Мен	Мен	linguistic			Begin=1836.212
1672-1	SPK6011	Falling	1672	де	де	linguistic			
1672-2	SPK6011	Falling	1672	ұйықтаймын.	ұйықтаймын	linguistic			End=1837.059
1673-0	SPK6009	Rising	1673	қай?	қай	linguistic			Begin=1836.257|End=1836.598
1674-0	SPK6011	Continuing	1674	А	А	linguistic			Begin=1837.252
1674-1	SPK6011	Continuing	1674	этот,	этот	linguistic			End=1838.225
1675-0	SPK6011	Falling	1675	graduation	graduation	linguistic			Begin=1838.519
1675-1	SPK6011	Falling	1675	ceremony.	ceremony	linguistic			End=1839.525
1676-0	SPK6009	Continuing	1676	Блин,	Блин	linguistic			Begin=1838.993|End=1840.026
1677-0	SPK6009	Continuing	1677	күшті,	күшті	linguistic			Begin=1840.224|End=1840.903
1678-0	SPK6009	Falling	1678	меня	меня	linguistic			Begin=1840.956
1678-1	SPK6009	Falling	1678	reject-нули.	reject-нули	linguistic			End=1842.230
1679-0	SPK6009	undefined	1679	(TSK)	(TSK)	_			Begin=1842.424|End=1842.729
1680-0	SPK6011	Falling	1680	А.	А	linguistic			Begin=1842.725|End=1843.445
1681-0	SPK6010	undefined	1681	SINGING	SINGING	paraverbal	_		Begin=1842.888|End=1843.945
1682-0	SPK6011	Falling	1682	(TSK)	(TSK)	_			Begin=1843.912
1682-1	SPK6011	Falling	1682	Не	Не	linguistic			
1682-2	SPK6011	Falling	1682	успела.	успела	linguistic			End=1844.865
1683-0	SPK6009	Falling	1683	Иә.	Иә	linguistic			Begin=1845.284|End=1845.739
1684-0	SPK6010	Continuing	1684	Грустно,	Грустно	linguistic			Begin=1845.964|End=1846.480
1685-0	SPK6010	Falling	1685	печально.	печально	linguistic			Begin=1846.639|End=1847.379
1686-0	SPK6011	Rising	1686	Сен	Сен	linguistic			Begin=1847.059
1686-1	SPK6011	Rising	1686	G1-сын	G1-сын	linguistic			
1686-2	SPK6011	Rising	1686	ба	ба	linguistic			
1686-3	SPK6011	Rising	1686	еще?	еще	linguistic			End=1848.372
1687-0	SPK6009	Falling	1687	Мхм.	Мхм	linguistic			Begin=1848.274|End=1848.722
1688-0	SPK6011	Continuing	1688	М,	М	linguistic			Begin=1849.109|End=1849.809
1689-0	SPK6011	Falling	1689	странно.	странно	linguistic			Begin=1850.469|End=1851.149
1690-0	SPK6010	undefined	1690	Маған	Маған	linguistic			Begin=1850.950
1690-1	SPK6010	undefined	1690	не	не	linguistic			
1690-2	SPK6010	undefined	1690	нужно	нужно	linguistic			
1690-3	SPK6010	undefined	1690	graduation	graduation	linguistic			
1690-4	SPK6010	undefined	1690	ceremony-ға	ceremony-ға	linguistic			
1690-5	SPK6010	undefined	1690	&&&	&&&	linguistic			End=1853.934
1691-0	SPK6011	undefined	1691	Сен	Сен	linguistic			Begin=1853.489
1691-1	SPK6011	undefined	1691	өзің	өзің	linguistic			
1691-2	SPK6011	undefined	1691	барасын	барасын	linguistic			
1691-3	SPK6011	undefined	1691	просто	просто	linguistic			
1691-4	SPK6011	undefined	1691	QQ	QQ	linguistic			End=1855.879
1692-0	SPK6009	undefined	1692	QQ	QQ	linguistic			Begin=1854.291|End=1854.776
1693-0	SPK6010	undefined	1693	&&&&	&&&&	linguistic			Begin=1854.548|End=1855.421
1694-0	SPK6011	undefined	1694	(H)	(H)	_			Begin=1856.151|End=1856.689
1695-0	SPK6009	Falling	1695	Кайф.	Кайф	linguistic			Begin=1856.508|End=1857.070
1696-0	SPK6010	Continuing	1696	Но	Но	linguistic			Begin=1858.037
1696-1	SPK6010	Continuing	1696	маған	маған	linguistic			
1696-2	SPK6010	Continuing	1696	нужно,	нужно	linguistic			
1696-3	SPK6010	Continuing	1696	иә,	иә	linguistic			End=1858.939
1697-0	SPK6010	undefined	1697	(TSK)	(TSK)	_			Begin=1859.508|End=1859.845
1698-0	SPK6010	Continuing	1698	с	с	linguistic			Begin=1860.385
1698-1	SPK6010	Continuing	1698	кем-нибудь,	кем-нибудь	linguistic			End=1861.035
1699-0	SPK6010	Continuing	1699	за-	за	linguistic		Interrupted=Yes	Begin=1861.381
1699-1	SPK6010	Continuing	1699	заэтоваться,	заэтоваться	linguistic			End=1862.287
1700-0	SPK6010	Continuing	1700	договориться,	договориться	linguistic			Begin=1862.526|End=1863.286
1701-0	SPK6010	Continuing	1701	у	у	linguistic			Begin=1863.844
1701-1	SPK6010	Continuing	1701	кого,	кого	linguistic			End=1864.502
1702-0	SPK6009	Rising	1702	Жить?	Жить	linguistic			Begin=1865.127|End=1865.618
1703-0	SPK6010	Continuing	1703	бір	бір	linguistic			Begin=1865.439
1703-1	SPK6010	Continuing	1703	ғана,	ғана	linguistic			End=1865.817
1704-0	SPK6010	Continuing	1704	жоқ,	жоқ	linguistic			Begin=1865.862|End=1866.235
1705-0	SPK6010	Falling	1705	бір	бір	linguistic			Begin=1866.276
1705-1	SPK6010	Falling	1705	ғана	ғана	linguistic			
1705-2	SPK6010	Falling	1705	гость.	гость	linguistic			End=1866.877
1706-0	SPK6011	undefined	1706	(H)	(H)	_			Begin=1867.279|End=1868.099
1707-0	SPK6010	Continuing	1707	Екінші	Екінші	linguistic			Begin=1868.010
1707-1	SPK6010	Continuing	1707	гость,	гость	linguistic			End=1868.807
1708-0	SPK6010	Continuing	1708	записать	записать	linguistic			Begin=1868.880
1708-1	SPK6010	Continuing	1708	к	к	linguistic			
1708-2	SPK6010	Continuing	1708	кому-нибудь,	кому-нибудь	linguistic			End=1869.855
1709-0	SPK6010	Continuing	1709	а	а	linguistic			Begin=1870.489
1709-1	SPK6010	Continuing	1709	то,	то	linguistic			End=1870.857
1710-0	SPK6010	Continuing	1710	менің	менің	linguistic			Begin=1871.310
1710-1	SPK6010	Continuing	1710	мамам	мамам	linguistic			
1710-2	SPK6010	Continuing	1710	папам,	папам	linguistic			End=1872.272
1711-0	SPK6010	Continuing	1711	я	я	linguistic			Begin=1872.975
1711-1	SPK6010	Continuing	1711	себе	себе	linguistic			
1711-2	SPK6010	Continuing	1711	запишу,	запишу	linguistic			End=1873.877
1712-0	SPK6009	Falling	1712	Аха.	Аха	linguistic			Begin=1874.267|End=1874.632
1713-0	SPK6010	Falling	1713	менің	менің	linguistic			Begin=1874.958
1713-1	SPK6010	Falling	1713	еще	еще	linguistic			
1713-2	SPK6010	Falling	1713	сестренкам	сестренкам	linguistic			
1713-3	SPK6010	Falling	1713	бар.	бар	linguistic			End=1876.164
1714-0	SPK6011	Falling	1714	М.	М	linguistic			Begin=1876.511|End=1877.478
1715-0	SPK6009	Falling	1715	М.	М	linguistic			Begin=1876.752|End=1877.327
1716-0	SPK6010	Falling	1716	Сестренканы	Сестренканы	linguistic			Begin=1877.614
1716-1	SPK6010	Falling	1716	надо	надо	linguistic			
1716-2	SPK6010	Falling	1716	к	к	linguistic			
1716-3	SPK6010	Falling	1716	кому-нибудь	кому-нибудь	linguistic			
1716-4	SPK6010	Falling	1716	пихнуть.	пихнуть	linguistic			End=1879.092
1717-0	SPK6011	undefined	1717	(H)	(H)	_			Begin=1878.459|End=1879.169
1718-0	SPK6011	Continuing	1718	А,	А	linguistic			Begin=1880.209|End=1880.899
1719-0	SPK6011	Falling	1719	қиын	қиын	linguistic			Begin=1881.102
1719-1	SPK6011	Falling	1719	болатын	болатын	linguistic			
1719-2	SPK6011	Falling	1719	сияқты	сияқты	linguistic			
1719-3	SPK6011	Falling	1719	по	по	linguistic			
1719-4	SPK6011	Falling	1719	идее.	идее	linguistic			End=1882.759
1720-0	SPK6010	Falling	1720	Надо	Надо	linguistic			Begin=1883.196
1720-1	SPK6010	Falling	1720	договориться	договориться	linguistic			
1720-2	SPK6010	Falling	1720	с	с	linguistic			
1720-3	SPK6010	Falling	1720	кем-нибудь.	кем-нибудь	linguistic			End=1884.574
1721-0	SPK6011	Continuing	1721	Бәрінде	Бәрінде	linguistic			Begin=1883.566
1721-1	SPK6011	Continuing	1721	екі	екі	linguistic			
1721-2	SPK6011	Continuing	1721	адам	адам	linguistic			
1721-3	SPK6011	Continuing	1721	болады,	болады	linguistic			End=1884.789
1722-0	SPK6009	Continuing	1722	Иә,	Иә	linguistic			Begin=1884.896|End=1885.197
1723-0	SPK6009	Falling	1723	Көбі	Көбі	linguistic			Begin=1885.438
1723-1	SPK6009	Falling	1723	сүйтеді.	сүйтеді	linguistic			End=1886.361
1724-0	SPK6011	Falling	1724	в	в	linguistic			Begin=1885.500
1724-1	SPK6011	Falling	1724	целом.	целом	linguistic			End=1886.017
1725-0	SPK6010	Falling	1725	Может	Может	linguistic			Begin=1887.076
1725-1	SPK6010	Falling	1725	у	у	linguistic			
1725-2	SPK6010	Falling	1725	кого-то	кого-то	linguistic			
1725-3	SPK6010	Falling	1725	жоқ.	жоқ	linguistic			End=1887.994
1726-0	SPK6009	undefined	1726	QQ	QQ	linguistic			Begin=1888.739|End=1889.023
1727-0	SPK6011	undefined	1727	QQQQ	QQQQ	linguistic			Begin=1889.119|End=1890.139
1728-0	SPK6010	undefined	1728	QQ	QQ	linguistic			Begin=1889.765|End=1890.188
1729-0	SPK6009	Rising	1729	Жойдырам,	Жойдырам	linguistic			Begin=1890.261
1729-1	SPK6009	Rising	1729	да?	да	linguistic			End=1891.204
1730-0	SPK6010	undefined	1730	QQ	QQ	linguistic			Begin=1891.346|End=1891.854
1731-0	SPK6011	Falling	1731	That	That	linguistic			Begin=1894.493
1731-1	SPK6011	Falling	1731	would	would	linguistic			
1731-2	SPK6011	Falling	1731	be	be	linguistic			
1731-3	SPK6011	Falling	1731	sad.	sad	linguistic			End=1895.657
1732-0	SPK6009	undefined	1732	&&&&	&&&&	linguistic			Begin=1894.508|End=1894.973
1733-0	SPK6009	undefined	1733	GASP	GASP	paraverbal	_		Begin=1896.030|End=1896.351
1734-0	SPK6011	Continuing	1734	А	А	linguistic			Begin=1898.379
1734-1	SPK6011	Continuing	1734	вот,	вот	linguistic			End=1898.839
1735-0	SPK6009	Continuing	1735	Типа,	Типа	linguistic			Begin=1898.438|End=1898.742
1736-0	SPK6009	Continuing	1736	егер	егер	linguistic			Begin=1899.321
1736-1	SPK6009	Continuing	1736	ол,	ол	linguistic			End=1899.772
1737-0	SPK6009	Continuing	1737	басқа	басқа	linguistic			Begin=1899.829
1737-1	SPK6009	Continuing	1737	біреудікін	біреудікін	linguistic			
1737-2	SPK6009	Continuing	1737	алып	алып	linguistic			
1737-3	SPK6009	Continuing	1737	алса,	алса	linguistic			End=1901.063
1738-0	SPK6009	Falling	1738	ей	ей	linguistic			Begin=1902.047
1738-1	SPK6009	Falling	1738	не	не	linguistic			
1738-2	SPK6009	Falling	1738	будет	будет	linguistic			
1738-3	SPK6009	Falling	1738	sad.	sad	linguistic			End=1903.287
1739-0	SPK6011	Falling	1739	иә.	иә	linguistic			Begin=1903.425|End=1904.099
1740-0	SPK6010	undefined	1740	QQQ	QQQ	linguistic			Begin=1903.541|End=1904.312
1741-0	SPK6009	Continuing	1741	Человек	Человек	linguistic			Begin=1903.792
1741-1	SPK6009	Continuing	1741	будет,	будет	linguistic			End=1904.638
1742-0	SPK6009	undefined	1742	(H)	(H)	_			Begin=1905.277|End=1905.836
1743-0	SPK6011	Falling	1743	Прикольно.	Прикольно	linguistic			Begin=1907.479|End=1908.349
1744-0	SPK6011	Falling	1744	Жалко,	Жалко	linguistic			Begin=1909.645
1744-1	SPK6011	Falling	1744	что	что	linguistic			
1744-2	SPK6011	Falling	1744	екі	екі	linguistic			
1744-3	SPK6011	Falling	1744	адам	адам	linguistic			
1744-4	SPK6011	Falling	1744	ғана.	ғана	linguistic			End=1911.112
1745-0	SPK6010	Falling	1745	Ну.	Ну	linguistic			Begin=1911.516|End=1912.116
1746-0	SPK6011	Continuing	1746	Но	Но	linguistic			Begin=1912.159
1746-1	SPK6011	Continuing	1746	и	и	linguistic			
1746-2	SPK6011	Continuing	1746	то,	то	linguistic			End=1912.749
1747-0	SPK6011	Continuing	1747	спасибо	спасибо	linguistic			Begin=1913.339
1747-1	SPK6011	Continuing	1747	и	и	linguistic			
1747-2	SPK6011	Continuing	1747	на	на	linguistic			
1747-3	SPK6011	Continuing	1747	этом	этом	linguistic			
1747-4	SPK6011	Continuing	1747	дейік,	дейік	linguistic			End=1914.625
1748-0	SPK6009	Continuing	1748	А,	А	linguistic			Begin=1914.950
1748-1	SPK6009	Continuing	1748	ана	ана	linguistic			
1748-2	SPK6009	Continuing	1748	онлайн	онлайн	linguistic			
1748-3	SPK6009	Continuing	1748	graduation	graduation	linguistic			
1748-4	SPK6009	Continuing	1748	емес	емес	linguistic			
1748-5	SPK6009	Continuing	1748	әйтеу,	әйтеу	linguistic			End=1916.695
1749-0	SPK6009	Continuing	1749	алдыңғы	алдыңғы	linguistic			Begin=1916.802
1749-1	SPK6009	Continuing	1749	жылғы	жылғы	linguistic			
1749-2	SPK6009	Continuing	1749	сияқты,	сияқты	linguistic			End=1917.809
1750-0	SPK6009	Falling	1750	титры.	титры	linguistic			Begin=1919.083|End=1919.508
1751-0	SPK6009	undefined	1751	QQ	QQ	linguistic			Begin=1919.618|End=1920.026
1752-0	SPK6011	Continuing	1752	Интересно,	Интересно	linguistic			Begin=1920.249|End=1921.079
1753-0	SPK6011	Rising	1753	Тоқаев	Тоқаев	linguistic			Begin=1921.105
1753-1	SPK6011	Rising	1753	келеді	келеді	linguistic			
1753-2	SPK6011	Rising	1753	ме	ме	linguistic			
1753-3	SPK6011	Rising	1753	жоқ	жоқ	linguistic			
1753-4	SPK6011	Rising	1753	па?	па	linguistic			End=1922.799
1754-0	SPK6010	Falling	1754	Ну.	Ну	linguistic			Begin=1922.656|End=1923.488
1755-0	SPK6009	Falling	1755	Может	Может	linguistic			Begin=1927.003
1755-1	SPK6009	Falling	1755	келеді.	келеді	linguistic			End=1927.588
1756-0	SPK6010	Falling	1756	М.	М	linguistic			Begin=1930.565|End=1931.272
1757-0	SPK6011	Rising	1757	Или	Или	linguistic			Begin=1930.605
1757-1	SPK6011	Rising	1757	оның	оның	linguistic			
1757-2	SPK6011	Rising	1757	орнына	орнына	linguistic			
1757-3	SPK6011	Rising	1757	Назарбаев	Назарбаев	linguistic			
1757-4	SPK6011	Rising	1757	келеді	келеді	linguistic			
1757-5	SPK6011	Rising	1757	ме?	ме	linguistic			End=1932.859
1758-0	SPK6009	Falling	1758	Хм.	Хм	linguistic			Begin=1932.819|End=1933.348
1759-0	SPK6010	Falling	1759	Он	Он	linguistic			Begin=1934.619
1759-1	SPK6010	Falling	1759	же	же	linguistic			
1759-2	SPK6010	Falling	1759	сейчас	сейчас	linguistic			
1759-3	SPK6010	Falling	1759	этот.	этот	linguistic			End=1935.759
1760-0	SPK6011	Rising	1760	Он	Он	linguistic			Begin=1936.609
1760-1	SPK6011	Rising	1760	не	не	linguistic			
1760-2	SPK6011	Rising	1760	тут,	тут	linguistic			
1760-3	SPK6011	Rising	1760	да?	да	linguistic			End=1937.509
1761-0	SPK6010	Rising	1761	А?	А	linguistic			Begin=1937.792|End=1938.325
1762-0	SPK6011	Rising	1762	Он	Он	linguistic			Begin=1938.219
1762-1	SPK6011	Rising	1762	не	не	linguistic			
1762-2	SPK6011	Rising	1762	тут,	тут	linguistic			
1762-3	SPK6011	Rising	1762	да?	да	linguistic			End=1939.179
1763-0	SPK6010	Continuing	1763	Білмеймін,	Білмеймін	linguistic			Begin=1939.819|End=1940.545
1764-0	SPK6010	Continuing	1764	но	но	linguistic			Begin=1940.899
1764-1	SPK6010	Continuing	1764	он	он	linguistic			
1764-2	SPK6010	Continuing	1764	этот,	этот	linguistic			End=1941.679
1765-0	SPK6010	undefined	1765	(H)	(H)	_			Begin=1941.939|End=1942.625
1766-0	SPK6010	Continuing	1766	он,	он	linguistic			Begin=1942.860|End=1943.232
1767-0	SPK6010	Falling	1767	привелегиясын.	привелегиясын	linguistic			Begin=1943.292|End=1944.085
1768-0	SPK6011	Falling	1768	Алып	Алып	linguistic			Begin=1944.639
1768-1	SPK6011	Falling	1768	тастайын	тастайын	linguistic			
1768-2	SPK6011	Falling	1768	деп	деп	linguistic			
1768-3	SPK6011	Falling	1768	жатыр.	жатыр	linguistic			End=1945.919
1769-0	SPK6010	Falling	1769	Иә.	Иә	linguistic			Begin=1945.932|End=1946.259
1770-0	SPK6010	Falling	1770	Пока.	Пока	linguistic			Begin=1946.306|End=1946.892
1771-0	SPK6010	Falling	1771	Пакетик.	Пакетик	linguistic			Begin=1948.185|End=1948.845
1772-0	SPK6009	undefined	1772	(H)	(H)	_			Begin=1950.545|End=1950.866
1773-0	SPK6009	undefined	1773	(H)	(H)	_			Begin=1951.024|End=1951.496
1774-0	SPK6009	Falling	1774	Хей.	Хей	linguistic			Begin=1952.088|End=1952.732
1775-0	SPK6010	Continuing	1775	Так	Так	linguistic			Begin=1953.505
1775-1	SPK6010	Continuing	1775	что,	что	linguistic			End=1954.059
1776-0	SPK6010	Falling	1776	вряд	вряд	linguistic			Begin=1954.225
1776-1	SPK6010	Falling	1776	ли	ли	linguistic			
1776-2	SPK6010	Falling	1776	келетін	келетін	linguistic			
1776-3	SPK6010	Falling	1776	шығар.	шығар	linguistic			End=1955.345
1777-0	SPK6011	Falling	1777	Мхм.	Мхм	linguistic			Begin=1955.778|End=1956.345
1778-0	SPK6010	Continuing	1778	Келмесе	Келмесе	linguistic			Begin=1957.369
1778-1	SPK6010	Continuing	1778	ғой,	ғой	linguistic			End=1958.169
1779-0	SPK6010	Falling	1779	ешкім.	ешкім	linguistic			Begin=1958.789|End=1959.279
1780-0	SPK6010	undefined	1780	QQQQ	QQQQ	linguistic			Begin=1959.658|End=1961.499
1781-0	SPK6011	undefined	1781	QQ	QQ	linguistic			Begin=1960.229|End=1961.209
1782-0	SPK6009	Rising	1782	Неге?	Неге	linguistic			Begin=1960.772|End=1961.230
1783-0	SPK6010	Falling	1783	Білмеймін.	Білмеймін	linguistic			Begin=1961.749|End=1962.249
1784-0	SPK6011	undefined	1784	(H)	(H)	_			Begin=1961.985|End=1962.459
1785-0	SPK6010	Rising	1785	Не	Не	linguistic			Begin=1962.419
1785-1	SPK6010	Rising	1785	үшін?	үшін	linguistic			End=1962.969
1786-0	SPK6010	Rising	1786	Зачем?	Зачем	linguistic			Begin=1963.139|End=1963.729
1787-0	SPK6009	Continuing	1787	Тоқаевпен	Тоқаевпен	linguistic			Begin=1963.896
1787-1	SPK6009	Continuing	1787	түскен,	түскен	linguistic			End=1965.000
1788-0	SPK6009	Falling	1788	дейді.	дейді	linguistic			Begin=1965.079|End=1965.318
1789-0	SPK6010	undefined	1789	QQQ	QQQ	linguistic			Begin=1965.189
1789-1	SPK6010	undefined	1789	Ешкім	Ешкім	linguistic			
1789-2	SPK6010	undefined	1789	түспейді	түспейді	linguistic			
1789-3	SPK6010	undefined	1789	онымен	онымен	linguistic			
1789-4	SPK6010	undefined	1789	QQ	QQ	linguistic			End=1967.809
1790-0	SPK6009	undefined	1790	Q	Q	linguistic			Begin=1966.826|End=1967.180
1791-0	SPK6009	undefined	1791	(H)	(H)	_			Begin=1967.722|End=1967.909
1792-0	SPK6010	undefined	1792	Q	Q	linguistic			Begin=1968.039|End=1968.669
1793-0	SPK6009	Rising	1793	Неге?	Неге	linguistic			Begin=1968.057|End=1968.518
1794-0	SPK6010	Continuing	1794	Ну,	Ну	linguistic			Begin=1968.889|End=1969.309
1795-0	SPK6010	Continuing	1795	он	он	linguistic			Begin=1969.409
1795-1	SPK6010	Continuing	1795	только	только	linguistic			
1795-2	SPK6010	Continuing	1795	неге,	неге	linguistic			End=1970.729
1796-0	SPK6010	Continuing	1796	сценаға	сценаға	linguistic			Begin=1970.849
1796-1	SPK6010	Continuing	1796	барып,	барып	linguistic			End=1971.859
1797-0	SPK6010	Continuing	1797	он	он	linguistic			Begin=1972.579
1797-1	SPK6010	Continuing	1797	минут,	минут	linguistic			End=1973.579
1798-0	SPK6009	Falling	1798	Эх.	Эх	linguistic			Begin=1972.822|End=1973.093
1799-0	SPK6010	Continuing	1799	речь	речь	linguistic			Begin=1973.679
1799-1	SPK6010	Continuing	1799	айтады,	айтады	linguistic			End=1974.349
1800-0	SPK6010	Continuing	1800	кетеді	кетеді	linguistic			Begin=1974.459
1800-1	SPK6010	Continuing	1800	сосын,	сосын	linguistic			End=1975.469
1801-0	SPK6010	Falling	1801	бітті.	бітті	linguistic			Begin=1975.569|End=1976.389
1802-0	SPK6011	Continuing	1802	Еще	Еще	linguistic			Begin=1977.139
1802-1	SPK6011	Continuing	1802	этот,	этот	linguistic			End=1977.819
1803-0	SPK6011	Rising	1803	ГПА	ГПА	linguistic			Begin=1977.909
1803-1	SPK6011	Rising	1803	төрттерге	төрттерге	linguistic			
1803-2	SPK6011	Rising	1803	ғана	ғана	linguistic			
1803-3	SPK6011	Rising	1803	береді,	береді	linguistic			
1803-4	SPK6011	Rising	1803	иә,	иә	linguistic			
1803-5	SPK6011	Rising	1803	дипломдарын?	дипломдарын	linguistic			End=1980.419
1804-0	SPK6010	Falling	1804	Иә.	Иә	linguistic			Begin=1980.489|End=1981.379
1805-0	SPK6009	Continuing	1805	О,	О	linguistic			Begin=1980.558|End=1980.799
1806-0	SPK6009	Rising	1806	ондайлар	ондайлар	linguistic			Begin=1980.869
1806-1	SPK6009	Rising	1806	бар	бар	linguistic			
1806-2	SPK6009	Rising	1806	ма?	ма	linguistic			End=1981.786
1807-0	SPK6011	Falling	1807	Все.	Все	linguistic			Begin=1981.205|End=1981.889
1808-0	SPK6010	Falling	1808	Бар.	Бар	linguistic			Begin=1982.178|End=1982.693
1809-0	SPK6011	Falling	1809	Бар.	Бар	linguistic			Begin=1982.349|End=1982.829
1810-0	SPK6011	Falling	1810	Аз,	Аз	linguistic			Begin=1983.379
1810-1	SPK6011	Falling	1810	но	но	linguistic			
1810-2	SPK6011	Falling	1810	бар.	бар	linguistic			End=1984.249
1811-0	SPK6009	Falling	1811	ГПА	ГПА	linguistic			Begin=1983.408
1811-1	SPK6009	Falling	1811	төрт.	төрт	linguistic			End=1984.070
1812-0	SPK6009	Rising	1812	Қандай	Қандай	linguistic			Begin=1984.762
1812-1	SPK6009	Rising	1812	major-лар?	major-лар	linguistic			End=1985.411
1813-0	SPK6010	Falling	1813	Разный.	Разный	linguistic			Begin=1986.079|End=1986.819
1814-0	SPK6011	Falling	1814	Мхм.	Мхм	linguistic			Begin=1986.889|End=1987.549
1815-0	SPK6010	undefined	1815	QQ	QQ	linguistic			Begin=1986.909|End=1987.569
1816-0	SPK6011	Continuing	1816	А,	А	linguistic			Begin=1988.641|End=1989.462
1817-0	SPK6010	Continuing	1817	Бірінші	Бірінші	linguistic			Begin=1989.779
1817-1	SPK6010	Continuing	1817	выпускта	выпускта	linguistic			
1817-2	SPK6010	Continuing	1817	даже	даже	linguistic			
1817-3	SPK6010	Continuing	1817	сондай	сондай	linguistic			
1817-4	SPK6010	Continuing	1817	адамдар	адамдар	linguistic			
1817-5	SPK6010	Continuing	1817	болған,	болған	linguistic			End=1992.039
1818-0	SPK6011	Falling	1818	бір	бір	linguistic			Begin=1989.789
1818-1	SPK6011	Falling	1818	кездері	кездері	linguistic			
1818-2	SPK6011	Falling	1818	мен	мен	linguistic			
1818-3	SPK6011	Falling	1818	естігенмін.	естігенмін	linguistic			End=1991.189
1819-0	SPK6011	Falling	1819	Да.	Да	linguistic			Begin=1991.713|End=1992.249
1820-0	SPK6011	Continuing	1820	Бір	Бір	linguistic			Begin=1992.404
1820-1	SPK6011	Continuing	1820	кездері	кездері	linguistic			
1820-2	SPK6011	Continuing	1820	мен	мен	linguistic			
1820-3	SPK6011	Continuing	1820	естігенмін	естігенмін	linguistic			
1820-4	SPK6011	Continuing	1820	бір	бір	linguistic			
1820-5	SPK6011	Continuing	1820	қыз,	қыз	linguistic			End=1993.829
1821-0	SPK6011	Continuing	1821	президент	президент	linguistic			Begin=1993.929
1821-1	SPK6011	Continuing	1821	болды,	болды	linguistic			End=1995.109
1822-0	SPK6011	Continuing	1822	ГПА-сы	ГПА-сы	linguistic			Begin=1995.179
1822-1	SPK6011	Continuing	1822	төрт	төрт	linguistic			
1822-2	SPK6011	Continuing	1822	болды,	болды	linguistic			End=1996.409
1823-0	SPK6011	Continuing	1823	и	и	linguistic			Begin=1996.487
1823-1	SPK6011	Continuing	1823	еще	еще	linguistic			
1823-2	SPK6011	Continuing	1823	ол	ол	linguistic			
1823-3	SPK6011	Continuing	1823	инженерияда	инженерияда	linguistic			
1823-4	SPK6011	Continuing	1823	оқыған	оқыған	linguistic			
1823-5	SPK6011	Continuing	1823	деп	деп	linguistic			
1823-6	SPK6011	Continuing	1823	ес-,	ес	linguistic		Interrupted=Yes	End=1998.469
1824-0	SPK6009	Falling	1824	Ужас.	Ужас	linguistic			Begin=1997.976|End=1998.729
1825-0	SPK6011	Falling	1825	еще	еще	linguistic			Begin=1998.529
1825-1	SPK6011	Falling	1825	ол	ол	linguistic			
1825-2	SPK6011	Falling	1825	клубтарда	клубтарда	linguistic			
1825-3	SPK6011	Falling	1825	болды	болды	linguistic			
1825-4	SPK6011	Falling	1825	деп	деп	linguistic			
1825-5	SPK6011	Falling	1825	естідім.	естідім	linguistic			End=2000.389
1826-0	SPK6011	undefined	1826	Это	Это	linguistic			Begin=2000.619
1826-1	SPK6011	undefined	1826	прям	прям	linguistic			
1826-2	SPK6011	undefined	1826	вау	вау	linguistic			
1826-3	SPK6011	undefined	1826	QQ	QQ	linguistic			End=2002.519
1827-0	SPK6010	undefined	1827	QQQ	QQQ	linguistic			Begin=2001.439|End=2002.529
1828-0	SPK6011	Continuing	1828	Еще	Еще	linguistic			Begin=2002.689
1828-1	SPK6011	Continuing	1828	оның	оның	linguistic			
1828-2	SPK6011	Continuing	1828	жігіті	жігіті	linguistic			
1828-3	SPK6011	Continuing	1828	болды,	болды	linguistic			
1828-4	SPK6011	Continuing	1828	еще	еще	linguistic			
1828-5	SPK6011	Continuing	1828	ол	ол	linguistic			
1828-6	SPK6011	Continuing	1828	тұрмысқа	тұрмысқа	linguistic			
1828-7	SPK6011	Continuing	1828	шығып	шығып	linguistic			
1828-8	SPK6011	Continuing	1828	кетті,	кетті	linguistic			
1828-9	SPK6011	Continuing	1828	типа	типа	linguistic			
1828-10	SPK6011	Continuing	1828	короче,	короче	linguistic			End=2005.565
1829-0	SPK6009	Falling	1829	Мә.	Мә	linguistic			Begin=2003.053|End=2003.481
1830-0	SPK6011	undefined	1830	(TSK)	(TSK)	_			Begin=2005.705|End=2006.119
1831-0	SPK6011	Falling	1831	идеально.	идеально	linguistic			Begin=2006.292|End=2007.199
1832-0	SPK6010	Falling	1832	Иә.	Иә	linguistic			Begin=2006.899|End=2007.309
1833-0	SPK6009	Continuing	1833	Инженерде,	Инженерде	linguistic			Begin=2007.080|End=2008.003
1834-0	SPK6011	Falling	1834	Может	Может	linguistic			Begin=2008.179
1834-1	SPK6011	Falling	1834	нет.	нет	linguistic			End=2008.865
1835-0	SPK6009	Falling	1835	ГПА	ГПА	linguistic			Begin=2008.217
1835-1	SPK6009	Falling	1835	төрт.	төрт	linguistic			End=2008.946
1836-0	SPK6010	Continuing	1836	Но	Но	linguistic			Begin=2008.809
1836-1	SPK6010	Continuing	1836	олардың,	олардың	linguistic			End=2009.689
1837-0	SPK6010	Continuing	1837	несі,	несі	linguistic			Begin=2009.779|End=2010.549
1838-0	SPK6010	Falling	1838	шарфы	шарфы	linguistic			Begin=2010.669
1838-1	SPK6010	Falling	1838	такой	такой	linguistic			
1838-2	SPK6010	Falling	1838	страшный.	страшный	linguistic			End=2012.419
1839-0	SPK6011	undefined	1839	QQ	QQ	linguistic			Begin=2012.509|End=2013.409
1840-0	SPK6010	Continuing	1840	Төрт,	Төрт	linguistic			Begin=2012.849|End=2013.719
1841-0	SPK6010	Falling	1841	төрттердің.	төрттердің	linguistic			Begin=2013.866|End=2015.019
1842-0	SPK6011	Falling	1842	Поэтому	Поэтому	linguistic			Begin=2014.809
1842-1	SPK6011	Falling	1842	мен	мен	linguistic			
1842-2	SPK6011	Falling	1842	төрт	төрт	linguistic			
1842-3	SPK6011	Falling	1842	алған	алған	linguistic			
1842-4	SPK6011	Falling	1842	жоқпын	жоқпын	linguistic			
1842-5	SPK6011	Falling	1842	деші.	деші	linguistic			End=2016.869
1843-0	SPK6009	undefined	1843	QQQQ	QQQQ	linguistic			Begin=2016.100|End=2016.916
1844-0	SPK6010	Falling	1844	Поэтому	Поэтому	linguistic			Begin=2016.399
1844-1	SPK6010	Falling	1844	төрт	төрт	linguistic			
1844-2	SPK6010	Falling	1844	алған	алған	linguistic			
1844-3	SPK6010	Falling	1844	жоқпын.	жоқпын	linguistic			End=2018.279
1845-0	SPK6011	Falling	1845	Ой.	Ой	linguistic			Begin=2017.231|End=2017.766
1846-0	SPK6010	Continuing	1846	Самый	Самый	linguistic			Begin=2018.429
1846-1	SPK6010	Continuing	1846	күшті,	күшті	linguistic			End=2019.309
1847-0	SPK6010	Continuing	1847	га-	га	linguistic		Interrupted=Yes	Begin=2019.579
1847-1	SPK6010	Continuing	1847	этот	этот	linguistic			
1847-2	SPK6010	Continuing	1847	шарф,	шарф	linguistic			End=2020.409
1848-0	SPK6010	Continuing	1848	у	у	linguistic			Begin=2020.459
1848-1	SPK6010	Continuing	1848	тех,	тех	linguistic			
1848-2	SPK6010	Continuing	1848	у	у	linguistic			
1848-3	SPK6010	Continuing	1848	кого,	кого	linguistic			End=2021.519
1849-0	SPK6010	Continuing	1849	меньше	меньше	linguistic			Begin=2021.609
1849-1	SPK6010	Continuing	1849	три	три	linguistic			
1849-2	SPK6010	Continuing	1849	шестьдесят	шестьдесят	linguistic			
1849-3	SPK6010	Continuing	1849	семь,	семь	linguistic			End=2023.249
1850-0	SPK6010	Falling	1850	или	или	linguistic			Begin=2023.599
1850-1	SPK6010	Falling	1850	сколько	сколько	linguistic			
1850-2	SPK6010	Falling	1850	там.	там	linguistic			End=2024.219
1851-0	SPK6011	Falling	1851	М.	М	linguistic			Begin=2024.644|End=2025.208
1852-0	SPK6010	Continuing	1852	Солардың,	Солардың	linguistic			Begin=2025.109|End=2025.719
1853-0	SPK6010	Continuing	1853	который	который	linguistic			Begin=2025.839
1853-1	SPK6010	Continuing	1853	он	он	linguistic			
1853-2	SPK6010	Continuing	1853	такой,	такой	linguistic			End=2026.429
1854-0	SPK6010	undefined	1854	(TSK)	(TSK)	_			Begin=2026.859|End=2027.319
1855-0	SPK6010	Continuing	1855	медный,	медный	linguistic			Begin=2027.719|End=2028.569
1856-0	SPK6010	Rising	1856	ма?	ма	linguistic			Begin=2028.775|End=2029.073
1857-0	SPK6010	Falling	1857	Бронз.	Бронз	linguistic			Begin=2029.400|End=2029.938
1858-0	SPK6011	Rising	1858	Золотистый	Золотистый	linguistic			Begin=2029.497
1858-1	SPK6011	Rising	1858	емес	емес	linguistic			
1858-2	SPK6011	Rising	1858	пе?	пе	linguistic			End=2030.589
1859-0	SPK6010	Continuing	1859	Ну,	Ну	linguistic			Begin=2030.379
1859-1	SPK6010	Continuing	1859	он	он	linguistic			
1859-2	SPK6010	Continuing	1859	такой,	такой	linguistic			End=2031.179
1860-0	SPK6011	Continuing	1860	Бронз,	Бронз	linguistic			Begin=2030.879|End=2031.479
1861-0	SPK6011	Rising	1861	золотой?	золотой	linguistic			Begin=2031.613|End=2032.136
1862-0	SPK6010	Continuing	1862	Ту,	Ту	linguistic			Begin=2033.419
1862-1	SPK6010	Continuing	1862	әдемі	әдемі	linguistic			
1862-2	SPK6010	Continuing	1862	цвет	цвет	linguistic			
1862-3	SPK6010	Continuing	1862	в	в	linguistic			
1862-4	SPK6010	Continuing	1862	общем,	общем	linguistic			End=2035.989
1863-0	SPK6011	undefined	1863	QQQQ	QQQQ	linguistic			Begin=2034.729|End=2036.069
1864-0	SPK6010	Falling	1864	У	У	linguistic			Begin=2036.108
1864-1	SPK6010	Falling	1864	остальных	остальных	linguistic			
1864-2	SPK6010	Falling	1864	не	не	linguistic			
1864-3	SPK6010	Falling	1864	очень.	очень	linguistic			End=2037.375
1865-0	SPK6009	Rising	1865	А	А	linguistic			Begin=2038.839
1865-1	SPK6009	Rising	1865	сен	сен	linguistic			
1865-2	SPK6009	Rising	1865	қандай	қандай	linguistic			
1865-3	SPK6009	Rising	1865	шарф	шарф	linguistic			
1865-4	SPK6009	Rising	1865	аласың?	аласың	linguistic			End=2039.946
1866-0	SPK6010	Continuing	1866	Вот	Вот	linguistic			Begin=2040.339
1866-1	SPK6010	Continuing	1866	сондай	сондай	linguistic			
1866-2	SPK6010	Continuing	1866	который,	который	linguistic			End=2041.373
1867-0	SPK6010	Falling	1867	обыкновенный.	обыкновенный	linguistic			Begin=2041.466|End=2042.083
1868-0	SPK6011	undefined	1868	(TSK)	(TSK)	_			Begin=2042.839|End=2043.225
1869-0	SPK6011	Falling	1869	Я	Я	linguistic			Begin=2043.279
1869-1	SPK6011	Falling	1869	к	к	linguistic			
1869-2	SPK6011	Falling	1869	этому	этому	linguistic			
1869-3	SPK6011	Falling	1869	шла	шла	linguistic			
1869-4	SPK6011	Falling	1869	деп	деп	linguistic			
1869-5	SPK6011	Falling	1869	жатыр	жатыр	linguistic			
1869-6	SPK6011	Falling	1869	ғой.	ғой	linguistic			End=2045.379
1870-0	SPK6009	undefined	1870	QQQ	QQQ	linguistic			Begin=2044.617|End=2045.458
1871-0	SPK6010	Falling	1871	Я	Я	linguistic			Begin=2044.789
1871-1	SPK6010	Falling	1871	к	к	linguistic			
1871-2	SPK6010	Falling	1871	этому	этому	linguistic			
1871-3	SPK6010	Falling	1871	шла,	шла	linguistic			
1871-4	SPK6010	Falling	1871	да.	да	linguistic			End=2046.189
1872-0	SPK6011	Falling	1872	Мен	Мен	linguistic			Begin=2046.079
1872-1	SPK6011	Falling	1872	соған	соған	linguistic			
1872-2	SPK6011	Falling	1872	бара	бара	linguistic			
1872-3	SPK6011	Falling	1872	жатырмын.	жатырмын	linguistic			End=2047.149
1873-0	SPK6010	Falling	1873	Остальные	Остальные	linguistic			Begin=2046.989
1873-1	SPK6010	Falling	1873	некрасивые	некрасивые	linguistic			
1873-2	SPK6010	Falling	1873	вообще.	вообще	linguistic			End=2048.409
1874-0	SPK6011	Falling	1874	Молодец.	Молодец	linguistic			Begin=2047.249|End=2047.939
1875-0	SPK6011	undefined	1875	QQQQ	QQQQ	linguistic			Begin=2048.131|End=2049.445
1876-0	SPK6009	undefined	1876	(H)	(H)	_			Begin=2048.341|End=2048.782
1877-0	SPK6010	Continuing	1877	Төрттікі	Төрттікі	linguistic			Begin=2048.919
1877-1	SPK6010	Continuing	1877	вообще,	вообще	linguistic			End=2049.849
1878-0	SPK6010	Falling	1878	а-	а	linguistic		Interrupted=Yes	Begin=2049.989
1878-1	SPK6010	Falling	1878	а,	а	linguistic			
1878-2	SPK6010	Falling	1878	сары.	сары	linguistic			End=2050.929
1879-0	SPK6011	Falling	1879	Oh.	Oh	linguistic			Begin=2052.253|End=2052.885
1880-0	SPK6010	Continuing	1880	Он	Он	linguistic			Begin=2052.929
1880-1	SPK6010	Continuing	1880	прям	прям	linguistic			
1880-2	SPK6010	Continuing	1880	сары	сары	linguistic			
1880-3	SPK6010	Continuing	1880	бар	бар	linguistic			
1880-4	SPK6010	Continuing	1880	ғой,	ғой	linguistic			
1880-5	SPK6010	Continuing	1880	даже	даже	linguistic			
1880-6	SPK6010	Continuing	1880	не	не	linguistic			
1880-7	SPK6010	Continuing	1880	то,	то	linguistic			
1880-8	SPK6010	Continuing	1880	чтобы	чтобы	linguistic			
1880-9	SPK6010	Continuing	1880	золотой,	золотой	linguistic			
1880-10	SPK6010	Continuing	1880	а	а	linguistic			
1880-11	SPK6010	Continuing	1880	сары,	сары	linguistic			End=2056.459
1881-0	SPK6011	Continuing	1881	(H)	(H)	_			Begin=2056.065
1881-1	SPK6011	Continuing	1881	Бізде	Бізде	linguistic			
1881-2	SPK6011	Continuing	1881	мектепте	мектепте	linguistic			
1881-3	SPK6011	Continuing	1881	ленточка	ленточка	linguistic			
1881-4	SPK6011	Continuing	1881	сондай	сондай	linguistic			
1881-5	SPK6011	Continuing	1881	түсті	түсті	linguistic			
1881-6	SPK6011	Continuing	1881	болған,	болған	linguistic			End=2058.852
1882-0	SPK6011	Continuing	1882	типа	типа	linguistic			Begin=2058.899
1882-1	SPK6011	Continuing	1882	маған	маған	linguistic			
1882-2	SPK6011	Continuing	1882	ұнаған	ұнаған	linguistic			
1882-3	SPK6011	Continuing	1882	жоқ,	жоқ	linguistic			
1882-4	SPK6011	Continuing	1882	я	я	linguistic			
1882-5	SPK6011	Continuing	1882	такая	такая	linguistic			
1882-6	SPK6011	Continuing	1882	нет,	нет	linguistic			End=2060.965
1883-0	SPK6009	Falling	1883	А.	А	linguistic			Begin=2059.207|End=2060.230
1884-0	SPK6010	undefined	1884	QQQ	QQQ	linguistic			Begin=2060.169|End=2061.229
1885-0	SPK6011	Falling	1885	почему	почему	linguistic			Begin=2060.992
1885-1	SPK6011	Falling	1885	деп	деп	linguistic			
1885-2	SPK6011	Falling	1885	короче.	короче	linguistic			End=2062.372
1886-0	SPK6011	undefined	1886	(H)	(H)	_			Begin=2062.466|End=2062.952
1887-0	SPK6010	Falling	1887	А.	А	linguistic			Begin=2062.579|End=2063.150
1888-0	SPK6011	Continuing	1888	Ну,	Ну	linguistic			Begin=2063.129
1888-1	SPK6011	Continuing	1888	такая,	такая	linguistic			End=2063.799
1889-0	SPK6011	Falling	1889	ладно.	ладно	linguistic			Begin=2063.889|End=2064.459
1890-0	SPK6009	Falling	1890	Қызыл	Қызыл	linguistic			Begin=2064.786
1890-1	SPK6009	Falling	1890	болады	болады	linguistic			
1890-2	SPK6009	Falling	1890	десем	десем	linguistic			
1890-3	SPK6009	Falling	1890	төрттерде.	төрттерде	linguistic			End=2066.057
1891-0	SPK6010	Continuing	1891	Жоқ,	Жоқ	linguistic			Begin=2066.339
1891-1	SPK6010	Continuing	1891	сары	сары	linguistic			
1891-2	SPK6010	Continuing	1891	олар,	олар	linguistic			End=2067.369
1892-0	SPK6010	Continuing	1892	сосын,	сосын	linguistic			Begin=2067.479|End=2068.172
1893-0	SPK6010	Continuing	1893	синий	синий	linguistic			Begin=2068.619
1893-1	SPK6010	Continuing	1893	вроде,	вроде	linguistic			End=2070.059
1894-0	SPK6011	Falling	1894	Все	Все	linguistic			Begin=2069.319
1894-1	SPK6011	Falling	1894	не	не	linguistic			
1894-2	SPK6011	Falling	1894	по	по	linguistic			
1894-3	SPK6011	Falling	1894	стереотипу.	стереотипу	linguistic			End=2070.679
1895-0	SPK6009	undefined	1895	Q	Q	linguistic			Begin=2070.779|End=2071.465
1896-0	SPK6010	Continuing	1896	Синий	Синий	linguistic			Begin=2071.389
1896-1	SPK6010	Continuing	1896	есть,	есть	linguistic			End=2072.109
1897-0	SPK6010	Continuing	1897	синий,	синий	linguistic			Begin=2072.269
1897-1	SPK6010	Continuing	1897	синий	синий	linguistic			
1897-2	SPK6010	Continuing	1897	әдемі,	әдемі	linguistic			End=2073.549
1898-0	SPK6010	Continuing	1898	пойдет	пойдет	linguistic			Begin=2073.619
1898-1	SPK6010	Continuing	1898	такой,	такой	linguistic			End=2074.379
1899-0	SPK6010	Continuing	1899	темный	темный	linguistic			Begin=2074.449
1899-1	SPK6010	Continuing	1899	синий	синий	linguistic			
1899-2	SPK6010	Continuing	1899	ол,	ол	linguistic			End=2075.239
1900-0	SPK6010	Continuing	1900	сосын	сосын	linguistic			Begin=2075.569
1900-1	SPK6010	Continuing	1900	серебряный	серебряный	linguistic			
1900-2	SPK6010	Continuing	1900	есть,	есть	linguistic			End=2077.009
1901-0	SPK6010	Continuing	1901	серебряный	серебряный	linguistic			Begin=2077.039
1901-1	SPK6010	Continuing	1901	ол,	ол	linguistic			End=2077.869
1902-0	SPK6010	Continuing	1902	үш,	үш	linguistic			Begin=2077.939|End=2078.289
1903-0	SPK6010	Continuing	1903	алпыс,	алпыс	linguistic			Begin=2078.359|End=2078.899
1904-0	SPK6010	Falling	1904	жеті	жеті	linguistic			Begin=2078.999
1904-1	SPK6010	Falling	1904	который	который	linguistic			
1904-2	SPK6010	Falling	1904	кажется.	кажется	linguistic			End=2080.229
1905-0	SPK6011	Falling	1905	М.	М	linguistic			Begin=2079.969|End=2080.489
1906-0	SPK6010	Continuing	1906	Вот	Вот	linguistic			Begin=2081.639
1906-1	SPK6010	Continuing	1906	и	и	linguistic			
1906-2	SPK6010	Continuing	1906	содан	содан	linguistic			
1906-3	SPK6010	Continuing	1906	кейін	кейін	linguistic			
1906-4	SPK6010	Continuing	1906	барлығы	барлығы	linguistic			
1906-5	SPK6010	Continuing	1906	такой,	такой	linguistic			End=2083.679
1907-0	SPK6011	Falling	1907	Это	Это	linguistic			Begin=2083.699
1907-1	SPK6011	Falling	1907	чтобы	чтобы	linguistic			
1907-2	SPK6011	Falling	1907	не	не	linguistic			
1907-3	SPK6011	Falling	1907	обидеть	обидеть	linguistic			
1907-4	SPK6011	Falling	1907	других	других	linguistic			
1907-5	SPK6011	Falling	1907	типа	типа	linguistic			
1907-6	SPK6011	Falling	1907	есть	есть	linguistic			
1907-7	SPK6011	Falling	1907	же.	же	linguistic			End=2086.592
1908-0	SPK6009	undefined	1908	(H)	(H)	_			Begin=2085.615|End=2086.227
1909-0	SPK6009	undefined	1909	(Hx)	(Hx)	_			Begin=2086.558|End=2087.013
1910-0	SPK6011	undefined	1910	(H)	(H)	_			Begin=2086.859|End=2087.339
1911-0	SPK6011	undefined	1911	(H)	(H)	_			Begin=2089.512|End=2090.065
1912-0	SPK6009	undefined	1912	А	А	linguistic			Begin=2090.184|End=2091.147
1913-0	SPK6010	Continuing	1913	Мен	Мен	linguistic			Begin=2090.519
1913-1	SPK6010	Continuing	1913	по	по	linguistic			
1913-2	SPK6010	Continuing	1913	сути	сути	linguistic			
1913-3	SPK6010	Continuing	1913	мантия	мантия	linguistic			
1913-4	SPK6010	Continuing	1913	ана	ана	linguistic			
1913-5	SPK6010	Continuing	1913	нәрселерді	нәрселерді	linguistic			
1913-6	SPK6010	Continuing	1913	кигенмін	кигенмін	linguistic			
1913-7	SPK6010	Continuing	1913	уже,	уже	linguistic			End=2093.049
1914-0	SPK6010	undefined	1914	екі	екі	linguistic			Begin=2093.079
1914-1	SPK6010	undefined	1914	мың	мың	linguistic			
1914-2	SPK6010	undefined	1914	он	он	linguistic			
1914-3	SPK6010	undefined	1914	тоғызда	тоғызда	linguistic			
1914-4	SPK6010	undefined	1914	QQ	QQ	linguistic			End=2095.549
1915-0	SPK6011	undefined	1915	Q	Q	linguistic			Begin=2094.259|End=2094.939
1916-0	SPK6010	Continuing	1916	Было	Было	linguistic			Begin=2095.639
1916-1	SPK6010	Continuing	1916	бы	бы	linguistic			
1916-2	SPK6010	Continuing	1916	очень	очень	linguistic			
1916-3	SPK6010	Continuing	1916	смешно,	смешно	linguistic			
1916-4	SPK6010	Continuing	1916	если	если	linguistic			
1916-5	SPK6010	Continuing	1916	бы,	бы	linguistic			End=2097.509
1917-0	SPK6010	Continuing	1917	онлайн	онлайн	linguistic			Begin=2097.719
1917-1	SPK6010	Continuing	1917	был	был	linguistic			
1917-2	SPK6010	Continuing	1917	бы,	бы	linguistic			End=2098.709
1918-0	SPK6010	Continuing	1918	graduation,	graduation	linguistic			Begin=2098.920|End=2099.692
1919-0	SPK6010	Continuing	1919	и	и	linguistic			Begin=2100.622
1919-1	SPK6010	Continuing	1919	это	это	linguistic			
1919-2	SPK6010	Continuing	1919	был	был	linguistic			
1919-3	SPK6010	Continuing	1919	бы,	бы	linguistic			End=2101.529
1920-0	SPK6010	Continuing	1920	момент,	момент	linguistic			Begin=2101.599
1920-1	SPK6010	Continuing	1920	когда,	когда	linguistic			End=2102.619
1921-0	SPK6010	Continuing	1921	самый	самый	linguistic			Begin=2103.224
1921-1	SPK6010	Continuing	1921	последний	последний	linguistic			
1921-2	SPK6010	Continuing	1921	graduation	graduation	linguistic			
1921-3	SPK6010	Continuing	1921	перед	перед	linguistic			
1921-4	SPK6010	Continuing	1921	этим,	этим	linguistic			End=2105.128
1922-0	SPK6010	Continuing	1922	а,	а	linguistic			Begin=2106.219|End=2106.924
1923-0	SPK6010	Continuing	1923	короной,	короной	linguistic			Begin=2107.069|End=2107.709
1924-0	SPK6010	Continuing	1924	был,	был	linguistic			Begin=2108.299|End=2108.899
1925-0	SPK6010	Falling	1925	мой	мой	linguistic			Begin=2109.884
1925-1	SPK6010	Falling	1925	по-	по	linguistic		Interrupted=Yes	
1925-2	SPK6010	Falling	1925	мой	мой	linguistic			
1925-3	SPK6010	Falling	1925	graduation	graduation	linguistic			
1925-4	SPK6010	Falling	1925	тоже.	тоже	linguistic			End=2111.659
1926-0	SPK6010	undefined	1926	QQQ	QQQ	linguistic			Begin=2111.749|End=2112.599
1927-0	SPK6011	undefined	1927	Q	Q	linguistic			Begin=2112.272|End=2112.772
1928-0	SPK6010	undefined	1928	(H)	(H)	_			Begin=2113.248|End=2113.601
1929-0	SPK6010	Continuing	1929	Сол	Сол	linguistic			Begin=2116.289
1929-1	SPK6010	Continuing	1929	сол	сол	linguistic			
1929-2	SPK6010	Continuing	1929	күні	күні	linguistic			
1929-3	SPK6010	Continuing	1929	еще,	еще	linguistic			End=2117.095
1930-0	SPK6010	Continuing	1930	не	не	linguistic			Begin=2117.140
1930-1	SPK6010	Continuing	1930	болған	болған	linguistic			
1930-2	SPK6010	Continuing	1930	ғой,	ғой	linguistic			End=2117.760
1931-0	SPK6010	Falling	1931	жаңбыр.	жаңбыр	linguistic			Begin=2118.588|End=2119.009
1932-0	SPK6011	Falling	1932	М.	М	linguistic			Begin=2119.283|End=2119.906
1933-0	SPK6009	Continuing	1933	А,	А	linguistic			Begin=2120.495|End=2120.963
1934-0	SPK6009	Continuing	1934	жаңбыр	жаңбыр	linguistic			Begin=2121.053
1934-1	SPK6009	Continuing	1934	жауған	жауған	linguistic			
1934-2	SPK6009	Continuing	1934	иә	иә	linguistic			
1934-3	SPK6009	Continuing	1934	иә,	иә	linguistic			End=2122.113
1935-0	SPK6009	Falling	1935	есімде.	есімде	linguistic			Begin=2122.254|End=2122.746
1936-0	SPK6010	Continuing	1936	Жаңбыр	Жаңбыр	linguistic			Begin=2122.437
1936-1	SPK6010	Continuing	1936	жауған,	жауған	linguistic			End=2123.379
1937-0	SPK6010	Falling	1937	graduation.	graduation	linguistic			Begin=2123.421|End=2124.297
1938-0	SPK6011	undefined	1938	QQ	QQ	linguistic			Begin=2123.562|End=2124.898
1939-0	SPK6010	undefined	1939	(H)	(H)	_			Begin=2124.330|End=2124.959
1940-0	SPK6011	Continuing	1940	Амфитеатрдан,	Амфитеатрдан	linguistic			Begin=2127.008|End=2127.815
1941-0	SPK6011	Continuing	1941	университетке	университетке	linguistic			Begin=2127.866
1941-1	SPK6011	Continuing	1941	бару	бару	linguistic			
1941-2	SPK6011	Continuing	1941	деген,	деген	linguistic			End=2129.524
1942-0	SPK6010	Falling	1942	Аха.	Аха	linguistic			Begin=2129.837|End=2130.517
1943-0	SPK6011	Falling	1943	бірталай	бірталай	linguistic			Begin=2129.849
1943-1	SPK6011	Falling	1943	уақыт.	уақыт	linguistic			End=2131.038
1944-0	SPK6010	undefined	1944	QQQ	QQQ	linguistic			Begin=2130.664|End=2131.826
1945-0	SPK6011	undefined	1945	(H)	(H)	_			Begin=2131.848|End=2132.350
1946-0	SPK6010	Falling	1946	Иә.	Иә	linguistic			Begin=2131.895|End=2132.434
1947-0	SPK6011	Falling	1947	Капец.	Капец	linguistic			Begin=2132.475|End=2132.960
1948-0	SPK6010	undefined	1948	(H)	(H)	_			Begin=2132.539|End=2132.985
1949-0	SPK6010	Continuing	1949	Сосын	Сосын	linguistic			Begin=2133.322
1949-1	SPK6010	Continuing	1949	ана	ана	linguistic			
1949-2	SPK6010	Continuing	1949	немен,	немен	linguistic			End=2134.273
1950-0	SPK6010	Continuing	1950	б-	б	linguistic		Interrupted=Yes	Begin=2134.339
1950-1	SPK6010	Continuing	1950	фу	фу	linguistic			
1950-2	SPK6010	Continuing	1950	тупой	тупой	linguistic			
1950-3	SPK6010	Continuing	1950	нәрсе	нәрсе	linguistic			
1950-4	SPK6010	Continuing	1950	короче	короче	linguistic			
1950-5	SPK6010	Continuing	1950	болған	болған	linguistic			
1950-6	SPK6010	Continuing	1950	бізде,	бізде	linguistic			End=2136.813
1951-0	SPK6010	Continuing	1951	&,	&	linguistic			Begin=2138.459|End=2138.904
1952-0	SPK6010	Continuing	1952	alumni-лардан,	alumni-лардан	linguistic			Begin=2139.371|End=2140.324
1953-0	SPK6010	Continuing	1953	se-	se	linguistic		Interrupted=Yes	Begin=2140.704
1953-1	SPK6010	Continuing	1953	ой,	ой	linguistic			End=2141.230
1954-0	SPK6010	Continuing	1954	alumni-лардан	alumni-лардан	linguistic			Begin=2141.339
1954-1	SPK6010	Continuing	1954	не	не	linguistic			
1954-2	SPK6010	Continuing	1954	істеу	істеу	linguistic			
1954-3	SPK6010	Continuing	1954	керекпіз,	керекпіз	linguistic			End=2142.943
1955-0	SPK6010	Continuing	1955	N,	N	linguistic			Begin=2143.400|End=2143.978
1956-0	SPK6010	Continuing	1956	U	U	linguistic			Begin=2144.550
1956-1	SPK6010	Continuing	1956	дегендерді	дегендерді	linguistic			
1956-2	SPK6010	Continuing	1956	короче,	короче	linguistic			End=2146.187
1957-0	SPK6010	Continuing	1957	жазып,	жазып	linguistic			Begin=2147.172|End=2147.605
1958-0	SPK6010	Continuing	1958	со-	со	linguistic		Interrupted=Yes	Begin=2148.483
1958-1	SPK6010	Continuing	1958	соны	соны	linguistic			
1958-2	SPK6010	Continuing	1958	істеген	істеген	linguistic			
1958-3	SPK6010	Continuing	1958	еще,	еще	linguistic			End=2149.684
1959-0	SPK6010	Continuing	1959	бізбен	бізбен	linguistic			Begin=2149.717
1959-1	SPK6010	Continuing	1959	тоже,	тоже	linguistic			End=2150.539
1960-0	SPK6010	Continuing	1960	үстінен,	үстінен	linguistic			Begin=2150.589|End=2150.986
1961-0	SPK6010	Continuing	1961	немен,	немен	linguistic			Begin=2151.095
1961-1	SPK6010	Continuing	1961	дронмен,	дронмен	linguistic			End=2151.909
1962-0	SPK6010	Falling	1962	снимать	снимать	linguistic			Begin=2151.942
1962-1	SPK6010	Falling	1962	еткен.	еткен	linguistic			End=2152.636
1963-0	SPK6011	Falling	1963	М.	М	linguistic			Begin=2153.003|End=2153.909
1964-0	SPK6010	Continuing	1964	И	И	linguistic			Begin=2153.072
1964-1	SPK6010	Continuing	1964	типа	типа	linguistic			
1964-2	SPK6010	Continuing	1964	NU	NU	linguistic			
1964-3	SPK6010	Continuing	1964	деп	деп	linguistic			
1964-4	SPK6010	Continuing	1964	жаз-,	жаз	linguistic		Interrupted=Yes	End=2154.487
1965-0	SPK6010	Continuing	1965	жазу	жазу	linguistic			Begin=2154.646
1965-1	SPK6010	Continuing	1965	керек,	керек	linguistic			End=2155.319
1966-0	SPK6010	Falling	1966	бізде.	бізде	linguistic			Begin=2155.524|End=2155.996
1967-0	SPK6011	Rising	1967	Сен	Сен	linguistic			Begin=2155.555
1967-1	SPK6011	Rising	1967	волонтер	волонтер	linguistic			
1967-2	SPK6011	Rising	1967	болдың	болдың	linguistic			
1967-3	SPK6011	Rising	1967	ба?	ба	linguistic			End=2156.780
1968-0	SPK6010	Falling	1968	Иә.	Иә	linguistic			Begin=2156.596|End=2157.045
1969-0	SPK6011	Falling	1969	Что	Что	linguistic			Begin=2158.402
1969-1	SPK6011	Falling	1969	меня	меня	linguistic			
1969-2	SPK6011	Falling	1969	ожидает.	ожидает	linguistic			End=2159.690
1970-0	SPK6010	Falling	1970	Do-	Do	linguistic		Interrupted=Yes	Begin=2158.956
1970-1	SPK6010	Falling	1970	dorm	dorm	linguistic			
1970-2	SPK6010	Falling	1970	үшін.	үшін	linguistic			End=2159.738
1971-0	SPK6009	undefined	1971	QQ	QQ	linguistic			Begin=2159.796|End=2160.327
1972-0	SPK6011	undefined	1972	QQ	QQ	linguistic			Begin=2160.111|End=2160.698
1973-0	SPK6010	Continuing	1973	Dorm	Dorm	linguistic			Begin=2160.558
1973-1	SPK6010	Continuing	1973	үшін,	үшін	linguistic			End=2160.982
1974-0	SPK6010	Falling	1974	волонтер	волонтер	linguistic			Begin=2161.137
1974-1	SPK6010	Falling	1974	болғанмын.	болғанмын	linguistic			End=2161.878
1975-0	SPK6011	Falling	1975	Иә,	Иә	linguistic			Begin=2161.863
1975-1	SPK6011	Falling	1975	мен	мен	linguistic			
1975-2	SPK6011	Falling	1975	де.	де	linguistic			End=2162.573
1976-0	SPK6009	Falling	1976	Dorm.	Dorm	linguistic			Begin=2162.110|End=2162.635
1977-0	SPK6009	undefined	1977	(???)	(???)	linguistic			Begin=2162.833|End=2163.271
1978-0	SPK6011	undefined	1978	(TSK)	(TSK)	_			Begin=2164.120|End=2164.601
1979-0	SPK6010	Falling	1979	Мне	Мне	linguistic			Begin=2164.481
1979-1	SPK6010	Falling	1979	было	было	linguistic			
1979-2	SPK6010	Falling	1979	лень	лень	linguistic			
1979-3	SPK6010	Falling	1979	вещи	вещи	linguistic			
1979-4	SPK6010	Falling	1979	перевозить.	перевозить	linguistic			End=2165.663
1980-0	SPK6011	undefined	1980	Q	Q	linguistic			Begin=2166.521|End=2166.990
1981-0	SPK6010	Continuing	1981	Қала	Қала	linguistic			Begin=2166.672
1981-1	SPK6010	Continuing	1981	салдым	салдым	linguistic			
1981-2	SPK6010	Continuing	1981	сосын,	сосын	linguistic			End=2167.472
1982-0	SPK6010	Continuing	1982	сосын	сосын	linguistic			Begin=2167.686
1982-1	SPK6010	Continuing	1982	dorm,	dorm	linguistic			End=2168.242
1983-0	SPK6010	Continuing	1983	сосын	сосын	linguistic			Begin=2168.312
1983-1	SPK6010	Continuing	1983	летникқа	летникқа	linguistic			
1983-2	SPK6010	Continuing	1983	қалдым,	қалдым	linguistic			End=2169.449
1984-0	SPK6011	undefined	1984	(Hx)	(Hx)	_			Begin=2169.440|End=2169.919
1985-0	SPK6010	Falling	1985	бітті.	бітті	linguistic			Begin=2169.621|End=2169.894
1986-0	SPK6011	Continuing	1986	Эх,	Эх	linguistic			Begin=2171.444|End=2171.821
1987-0	SPK6011	Falling	1987	Лет-.	Лет	linguistic		Interrupted=Yes	Begin=2175.850|End=2176.320
1988-0	SPK6009	Continuing	1988	А	А	linguistic			Begin=2175.856
1988-1	SPK6009	Continuing	1988	сен,	сен	linguistic			End=2176.227
1989-0	SPK6009	Rising	1989	қашан	қашан	linguistic			Begin=2176.481
1989-1	SPK6009	Rising	1989	барасың	барасың	linguistic			
1989-2	SPK6009	Rising	1989	волонтерствоға	волонтерствоға	linguistic			
1989-3	SPK6009	Rising	1989	сонда?	сонда	linguistic			End=2177.799
1990-0	SPK6011	Continuing	1990	А,	А	linguistic			Begin=2176.593|End=2176.946
1991-0	SPK6011	Continuing	1991	а,	а	linguistic			Begin=2177.895|End=2178.701
1992-0	SPK6011	Continuing	1992	четверг,	четверг	linguistic			Begin=2178.881|End=2179.344
1993-0	SPK6011	Falling	1993	кету	кету	linguistic			Begin=2179.816
1993-1	SPK6011	Falling	1993	керек.	керек	linguistic			End=2180.521
1994-0	SPK6010	Rising	1994	Мына	Мына	linguistic			Begin=2181.836
1994-1	SPK6010	Rising	1994	четверг	четверг	linguistic			
1994-2	SPK6010	Rising	1994	па?	па	linguistic			End=2182.675
1995-0	SPK6011	Falling	1995	Мхм.	Мхм	linguistic			Begin=2182.871|End=2183.319
1996-0	SPK6010	Falling	1996	Нифига.	Нифига	linguistic			Begin=2183.235|End=2183.855
1997-0	SPK6010	Rising	1997	Не	Не	linguistic			Begin=2186.622
1997-1	SPK6010	Rising	1997	істейсіңдер?	істейсіңдер	linguistic			End=2187.461
1998-0	SPK6011	Falling	1998	Жатамыз.	Жатамыз	linguistic			Begin=2189.067|End=2189.585
1999-0	SPK6010	Rising	1999	Что	Что	linguistic			Begin=2189.094
1999-1	SPK6010	Rising	1999	так	так	linguistic			
1999-2	SPK6010	Rising	1999	рано?	рано	linguistic			End=2189.663
2000-0	SPK6011	Falling	2000	Пока	Пока	linguistic			Begin=2189.735
2000-1	SPK6011	Falling	2000	жатамыз.	жатамыз	linguistic			End=2190.343
2001-0	SPK6011	undefined	2001	QQQ	QQQ	linguistic			Begin=2190.558|End=2191.410
2002-0	SPK6010	Falling	2002	Так	Так	linguistic			Begin=2191.147
2002-1	SPK6010	Falling	2002	рано.	рано	linguistic			End=2191.695
2003-0	SPK6011	Falling	2003	Да.	Да	linguistic			Begin=2192.374|End=2192.856
2004-0	SPK6011	Continuing	2004	Бізге	Бізге	linguistic			Begin=2193.055
2004-1	SPK6011	Continuing	2004	по	по	linguistic			
2004-2	SPK6011	Continuing	2004	идее	идее	linguistic			
2004-3	SPK6011	Continuing	2004	айтқан,	айтқан	linguistic			End=2194.012
2005-0	SPK6011	Continuing	2005	типа,	типа	linguistic			Begin=2194.881|End=2195.246
2006-0	SPK6011	Continuing	2006	жиырмасы	жиырмасы	linguistic			Begin=2195.291
2006-1	SPK6011	Continuing	2006	күні	күні	linguistic			
2006-2	SPK6011	Continuing	2006	келіңдер	келіңдер	linguistic			
2006-3	SPK6011	Continuing	2006	деп,	деп	linguistic			End=2196.588
2007-0	SPK6011	Continuing	2007	уже	уже	linguistic			Begin=2196.765
2007-1	SPK6011	Continuing	2007	болып	болып	linguistic			
2007-2	SPK6011	Continuing	2007	қойыңдар	қойыңдар	linguistic			
2007-3	SPK6011	Continuing	2007	деп,	деп	linguistic			End=2197.798
2008-0	SPK6011	Continuing	2008	потом	потом	linguistic			Begin=2198.008
2008-1	SPK6011	Continuing	2008	бізге	бізге	linguistic			
2008-2	SPK6011	Continuing	2008	айтты,	айтты	linguistic			End=2198.812
2009-0	SPK6011	Falling	2009	попозже	попозже	linguistic			Begin=2198.923
2009-1	SPK6011	Falling	2009	болады	болады	linguistic			
2009-2	SPK6011	Falling	2009	деп.	деп	linguistic			End=2200.040
2010-0	SPK6011	Continuing	2010	Но	Но	linguistic			Begin=2200.277
2010-1	SPK6011	Continuing	2010	біз	біз	linguistic			
2010-2	SPK6011	Continuing	2010	уже	уже	linguistic			
2010-3	SPK6011	Continuing	2010	алып	алып	linguistic			
2010-4	SPK6011	Continuing	2010	қойдық,	қойдық	linguistic			End=2201.222
2011-0	SPK6011	Continuing	2011	тем	тем	linguistic			Begin=2201.300
2011-1	SPK6011	Continuing	2011	более	более	linguistic			
2011-2	SPK6011	Continuing	2011	қазір	қазір	linguistic			
2011-3	SPK6011	Continuing	2011	жазда,	жазда	linguistic			End=2202.390
2012-0	SPK6010	Falling	2012	А.	А	linguistic			Begin=2202.288|End=2202.907
2013-0	SPK6011	Continuing	2013	типа	типа	linguistic			Begin=2202.625
2013-1	SPK6011	Continuing	2013	билеттер	билеттер	linguistic			
2013-2	SPK6011	Continuing	2013	жаз,	жаз	linguistic			End=2203.771
2014-0	SPK6009	Falling	2014	Мхм.	Мхм	linguistic			Begin=2204.167|End=2204.695
2015-0	SPK6011	Falling	2015	поэтому.	поэтому	linguistic			Begin=2204.635|End=2205.246
2016-0	SPK6011	undefined	2016	(???)	(???)	linguistic			Begin=2205.288|End=2205.899
2017-0	SPK6011	Falling	2017	Нормально.	Нормально	linguistic			Begin=2206.296|End=2206.946
2018-0	SPK6010	undefined	2018	(H)	(H)	_			Begin=2207.545|End=2208.032
2019-0	SPK6010	Falling	2019	Подожди	Подожди	linguistic			Begin=2208.114
2019-1	SPK6010	Falling	2019	четверг.	четверг	linguistic			End=2208.887
2020-0	SPK6011	Falling	2020	Он	Он	linguistic			Begin=2210.175
2020-1	SPK6011	Falling	2020	тоғызы.	тоғызы	linguistic			End=2210.792
2021-0	SPK6010	Rising	2021	Он	Он	linguistic			Begin=2210.864
2021-1	SPK6010	Rising	2021	тоғызы?	тоғызы	linguistic			End=2211.553
2022-0	SPK6011	Falling	2022	Мхм.	Мхм	linguistic			Begin=2211.417|End=2211.803
2023-0	SPK6010	Continuing	2023	Он	Он	linguistic			Begin=2213.880
2023-1	SPK6010	Continuing	2023	тоғызынан,	тоғызынан	linguistic			End=2214.596
2024-0	SPK6010	Continuing	2024	жиырмасына	жиырмасына	linguistic			Begin=2214.686
2024-1	SPK6010	Continuing	2024	или,	или	linguistic			End=2215.544
2025-0	SPK6010	undefined	2025	(???)	(???)	linguistic			Begin=2215.667|End=2216.408
2026-0	SPK6011	Falling	2026	Он	Он	linguistic			Begin=2215.887
2026-1	SPK6011	Falling	2026	тоғызынан	тоғызынан	linguistic			
2026-2	SPK6011	Falling	2026	жиырмасына.	жиырмасына	linguistic			End=2217.049
2027-0	SPK6010	Continuing	2027	Ту,	Ту	linguistic			Begin=2217.097|End=2217.449
2028-0	SPK6010	Falling	2028	мы	мы	linguistic			Begin=2217.548
2028-1	SPK6010	Falling	2028	могли	могли	linguistic			
2028-2	SPK6010	Falling	2028	бы	бы	linguistic			
2028-3	SPK6010	Falling	2028	вместе.	вместе	linguistic			End=2218.481
2029-0	SPK6010	Falling	2029	Подожди.	Подожди	linguistic			Begin=2218.716|End=2219.333
2030-0	SPK6011	Rising	2030	А?	А	linguistic			Begin=2219.727|End=2220.160
2031-0	SPK6011	undefined	2031	Q	Q	linguistic			Begin=2220.485|End=2220.837
2032-0	SPK6011	Falling	2032	Біз	Біз	linguistic			Begin=2221.668
2032-1	SPK6011	Falling	2032	Астанаға	Астанаға	linguistic			
2032-2	SPK6011	Falling	2032	бара	бара	linguistic			
2032-3	SPK6011	Falling	2032	жатырмыз	жатырмыз	linguistic			
2032-4	SPK6011	Falling	2032	ғой.	ғой	linguistic			End=2222.902
2033-0	SPK6011	Rising	2033	Сен	Сен	linguistic			Begin=2223.279
2033-1	SPK6011	Rising	2033	поездбен	поездбен	linguistic			
2033-2	SPK6011	Rising	2033	барасың	барасың	linguistic			
2033-3	SPK6011	Rising	2033	ба?	ба	linguistic			End=2224.238
2034-0	SPK6010	Falling	2034	Иә.	Иә	linguistic			Begin=2223.949|End=2224.458
2035-0	SPK6011	Falling	2035	А.	А	linguistic			Begin=2224.662|End=2225.053
2036-0	SPK6010	Rising	2036	Сен	Сен	linguistic			Begin=2225.294
2036-1	SPK6010	Rising	2036	немен	немен	linguistic			
2036-2	SPK6010	Rising	2036	барасың?	барасың	linguistic			End=2226.155
2037-0	SPK6011	Continuing	2037	Біз	Біз	linguistic			Begin=2226.164
2037-1	SPK6011	Continuing	2037	тоже	тоже	linguistic			
2037-2	SPK6011	Continuing	2037	поездбен,	поездбен	linguistic			End=2226.796
2038-0	SPK6011	Falling	2038	барамыз.	барамыз	linguistic			Begin=2226.889|End=2227.341
2039-0	SPK6010	Rising	2039	Бір	Бір	linguistic			Begin=2228.081
2039-1	SPK6010	Rising	2039	поезд	поезд	linguistic			
2039-2	SPK6010	Rising	2039	емеспіз	емеспіз	linguistic			
2039-3	SPK6010	Rising	2039	бе	бе	linguistic			
2039-4	SPK6010	Rising	2039	біз?	біз	linguistic			End=2229.273
2040-0	SPK6011	Falling	2040	Может	Может	linguistic			Begin=2229.131
2040-1	SPK6011	Falling	2040	быть.	быть	linguistic			End=2229.823
2041-0	SPK6010	Continuing	2041	Который,	Который	linguistic			Begin=2230.875|End=2231.409
2042-0	SPK6010	Continuing	2042	сағат,	сағат	linguistic			Begin=2231.478|End=2232.110
2043-0	SPK6010	Continuing	2043	үш-,	үш	linguistic		Interrupted=Yes	Begin=2232.478|End=2232.971
2044-0	SPK6010	Continuing	2044	-те	-те	linguistic			Begin=2233.046
2044-1	SPK6010	Continuing	2044	кететін,	кететін	linguistic			End=2233.781
2045-0	SPK6010	Rising	2045	бе?	бе	linguistic			Begin=2233.957|End=2234.361
2046-0	SPK6011	Falling	2046	Төртте.	Төртте	linguistic			Begin=2234.070|End=2234.611
2047-0	SPK6010	Continuing	2047	Төртте,	Төртте	linguistic			Begin=2234.567|End=2235.204
2048-0	SPK6010	Falling	2048	обедте.	обедте	linguistic			Begin=2235.421|End=2235.929
2049-0	SPK6011	Continuing	2049	Ну,	Ну	linguistic			Begin=2236.074
2049-1	SPK6011	Continuing	2049	тальго	тальго	linguistic			
2049-2	SPK6011	Continuing	2049	же,	же	linguistic			End=2236.763
2050-0	SPK6011	Falling	2050	бір	бір	linguistic			Begin=2236.940
2050-1	SPK6011	Falling	2050	поезд	поезд	linguistic			
2050-2	SPK6011	Falling	2050	ғана	ғана	linguistic			
2050-3	SPK6011	Falling	2050	жүреді.	жүреді	linguistic			End=2237.879
2051-0	SPK6011	Rising	2051	Он	Он	linguistic			Begin=2238.810
2051-1	SPK6011	Rising	2051	тоғызы	тоғызы	linguistic			
2051-2	SPK6011	Rising	2051	ма?	ма	linguistic			End=2239.506
2052-0	SPK6010	undefined	2052	QQ	QQ	linguistic			Begin=2240.185|End=2240.988
2053-0	SPK6011	Continuing	2053	А	А	linguistic			Begin=2240.633
2053-1	SPK6011	Continuing	2053	подожди	подожди	linguistic			
2053-2	SPK6011	Continuing	2053	подожди,	подожди	linguistic			End=2241.295
2054-0	SPK6010	undefined	2054	(H)	(H)	_			Begin=2241.130|End=2241.605
2055-0	SPK6011	Rising	2055	қай	қай	linguistic			Begin=2241.334
2055-1	SPK6011	Rising	2055	орын?	орын	linguistic			End=2241.870
2056-0	SPK6010	Continuing	2056	&&&	&&&	linguistic			Begin=2242.469
2056-1	SPK6010	Continuing	2056	туф,	туф	linguistic			End=2243.823
2057-0	SPK6010	Continuing	2057	какой-то,	какой-то	linguistic			Begin=2244.522|End=2245.089
2058-0	SPK6010	Continuing	2058	не	не	linguistic			Begin=2245.409
2058-1	SPK6010	Continuing	2058	помню,	помню	linguistic			End=2245.969
2059-0	SPK6010	undefined	2059	&&&&&	&&&&&	linguistic			Begin=2247.085|End=2248.445
2060-0	SPK6011	Rising	2060	Біз	Біз	linguistic			Begin=2247.512
2060-1	SPK6011	Rising	2060	неге	неге	linguistic			
2060-2	SPK6011	Rising	2060	бір	бір	linguistic			
2060-3	SPK6011	Rising	2060	вагонға	вагонға	linguistic			
2060-4	SPK6011	Rising	2060	ала	ала	linguistic			
2060-5	SPK6011	Rising	2060	салмадық?	салмадық	linguistic			End=2249.246
2061-0	SPK6011	Continuing	2061	Там	Там	linguistic			Begin=2249.754
2061-1	SPK6011	Continuing	2061	бізде	бізде	linguistic			
2061-2	SPK6011	Continuing	2061	потому	потому	linguistic			
2061-3	SPK6011	Continuing	2061	что	что	linguistic			
2061-4	SPK6011	Continuing	2061	төрт,	төрт	linguistic			End=2250.877
2062-0	SPK6010	undefined	2062	Білмеймін,	Білмеймін	linguistic			Begin=2249.763
2062-1	SPK6010	undefined	2062	я	я	linguistic			
2062-2	SPK6010	undefined	2062	даже	даже	linguistic			
2062-3	SPK6010	undefined	2062	не	не	linguistic			
2062-4	SPK6010	undefined	2062	знала,	знала	linguistic			
2062-5	SPK6010	undefined	2062	что	что	linguistic			End=2251.692
2063-0	SPK6011	Continuing	2063	біз	біз	linguistic			Begin=2250.928
2063-1	SPK6011	Continuing	2063	үш	үш	linguistic			
2063-2	SPK6011	Continuing	2063	адамбыз	адамбыз	linguistic			
2063-3	SPK6011	Continuing	2063	типа,	типа	linguistic			End=2252.282
2064-0	SPK6011	Continuing	2064	¬Мерей,	Мерей	linguistic		Anonymized=Yes	Begin=2252.490
2064-1	SPK6011	Continuing	2064	мен,	мен	linguistic			End=2253.333
2065-0	SPK6010	Falling	2065	Я	Я	linguistic			Begin=2253.212
2065-1	SPK6010	Falling	2065	могу	могу	linguistic			
2065-2	SPK6010	Falling	2065	поменяться.	поменяться	linguistic			End=2254.196
2066-0	SPK6011	Falling	2066	и	и	linguistic			Begin=2253.721
2066-1	SPK6011	Falling	2066	бір	бір	linguistic			
2066-2	SPK6011	Falling	2066	бала.	бала	linguistic			End=2254.317
2067-0	SPK6011	Falling	2067	Давай.	Давай	linguistic			Begin=2254.350|End=2254.747
2068-0	SPK6010	Falling	2068	Могу	Могу	linguistic			Begin=2254.973
2068-1	SPK6010	Falling	2068	поменяться.	поменяться	linguistic			End=2255.782
2069-0	SPK6011	Falling	2069	Давай	Давай	linguistic			Begin=2255.304
2069-1	SPK6011	Falling	2069	давай	давай	linguistic			
2069-2	SPK6011	Falling	2069	давай.	давай	linguistic			End=2256.396
2070-0	SPK6010	Continuing	2070	Я	Я	linguistic			Begin=2256.062
2070-1	SPK6010	Continuing	2070	могу	могу	linguistic			
2070-2	SPK6010	Continuing	2070	к	к	linguistic			
2070-3	SPK6010	Continuing	2070	вам	вам	linguistic			
2070-4	SPK6010	Continuing	2070	притащиться	притащиться	linguistic			
2070-5	SPK6010	Continuing	2070	и	и	linguistic			
2070-6	SPK6010	Continuing	2070	сказать	сказать	linguistic			
2070-7	SPK6010	Continuing	2070	типа,	типа	linguistic			End=2257.561
2071-0	SPK6010	Continuing	2071	можете	можете	linguistic			Begin=2257.603
2071-1	SPK6010	Continuing	2071	бар-,	бар	linguistic		Interrupted=Yes	End=2258.515
2072-0	SPK6011	Falling	2072	Great	Great	linguistic			Begin=2257.786
2072-1	SPK6011	Falling	2072	great	great	linguistic			
2072-2	SPK6011	Falling	2072	great.	great	linguistic			End=2259.005
2073-0	SPK6010	Rising	2073	ана	ана	linguistic			Begin=2258.587
2073-1	SPK6010	Rising	2073	жаққа	жаққа	linguistic			
2073-2	SPK6010	Rising	2073	баруға?	баруға	linguistic			End=2259.189
2074-0	SPK6009	undefined	2074	QQ	QQ	linguistic			Begin=2259.177|End=2259.545
2075-0	SPK6010	Continuing	2075	Потому	Потому	linguistic			Begin=2259.809
2075-1	SPK6010	Continuing	2075	что	что	linguistic			
2075-2	SPK6010	Continuing	2075	мен	мен	linguistic			
2075-3	SPK6010	Continuing	2075	не,	не	linguistic			End=2260.486
2076-0	SPK6010	Falling	2076	Павлодарда	Павлодарда	linguistic			Begin=2260.552
2076-1	SPK6010	Falling	2076	түсемін.	түсемін	linguistic			End=2261.226
2077-0	SPK6011	Continuing	2077	По	По	linguistic			Begin=2261.614
2077-1	SPK6011	Continuing	2077	идее	идее	linguistic			
2077-2	SPK6011	Continuing	2077	сен	сен	linguistic			
2077-3	SPK6011	Continuing	2077	можешь	можешь	linguistic			
2077-4	SPK6011	Continuing	2077	қазір,	қазір	linguistic			
2077-5	SPK6011	Continuing	2077	если	если	linguistic			
2077-6	SPK6011	Continuing	2077	анда,	анда	linguistic			End=2263.263
2078-0	SPK6011	Continuing	2078	орын	орын	linguistic			Begin=2263.306
2078-1	SPK6011	Continuing	2078	болса,	болса	linguistic			End=2264.082
2079-0	SPK6011	Continuing	2079	сол,	сол	linguistic			Begin=2264.519|End=2264.826
2080-0	SPK6011	Continuing	2080	ананы	ананы	linguistic			Begin=2265.244
2080-1	SPK6011	Continuing	2080	сдать,	сдать	linguistic			End=2265.812
2081-0	SPK6011	Falling	2081	и	и	linguistic			Begin=2265.870
2081-1	SPK6011	Falling	2081	мынаны	мынаны	linguistic			
2081-2	SPK6011	Falling	2081	ала	ала	linguistic			
2081-3	SPK6011	Falling	2081	салуға	салуға	linguistic			
2081-4	SPK6011	Falling	2081	типа.	типа	linguistic			End=2267.013
2082-0	SPK6010	Falling	2082	О.	О	linguistic			Begin=2266.974|End=2267.552
2083-0	SPK6010	Continuing	2083	&&&	&&&	linguistic			Begin=2268.310
2083-1	SPK6010	Continuing	2083	мен	мен	linguistic			
2083-2	SPK6010	Continuing	2083	Павлодарға	Павлодарға	linguistic			
2083-3	SPK6010	Continuing	2083	дейін,	дейін	linguistic			End=2269.580
2084-0	SPK6011	Continuing	2084	Полный	Полный	linguistic			Begin=2268.590
2084-1	SPK6011	Continuing	2084	возврат,	возврат	linguistic			End=2269.385
2085-0	SPK6011	Falling	2085	давай.	давай	linguistic			Begin=2270.293|End=2270.802
2086-0	SPK6010	Falling	2086	я	я	linguistic			Begin=2270.450
2086-1	SPK6010	Falling	2086	еду.	еду	linguistic			End=2270.781
2087-0	SPK6011	Continuing	2087	Да,	Да	linguistic			Begin=2271.040|End=2271.356
2088-0	SPK6011	Falling	2088	давай.	давай	linguistic			Begin=2271.524|End=2272.024
2089-0	SPK6010	Falling	2089	Кайф.	Кайф	linguistic			Begin=2271.994|End=2272.881
2090-0	SPK6010	undefined	2090	(H)	(H)	_			Begin=2272.997|End=2273.278
2091-0	SPK6011	Continuing	2091	Давай,	Давай	linguistic			Begin=2273.173|End=2273.558
2092-0	SPK6011	Falling	2092	қара	қара	linguistic			Begin=2273.682
2092-1	SPK6011	Falling	2092	қара.	қара	linguistic			End=2274.293
2093-0	SPK6011	undefined	2093	QQ	QQ	linguistic			Begin=2274.317|End=2275.199
2094-0	SPK6010	Continuing	2094	Сен	Сен	linguistic			Begin=2274.807
2094-1	SPK6010	Continuing	2094	не,	не	linguistic			End=2275.202
2095-0	SPK6010	Rising	2095	с	с	linguistic			Begin=2275.241
2095-1	SPK6010	Rising	2095	какой?	какой	linguistic			End=2275.918
2096-0	SPK6011	Rising	2096	А?	А	linguistic			Begin=2276.320|End=2276.670
2097-0	SPK6010	Rising	2097	Какой?	Какой	linguistic			Begin=2276.753|End=2277.251
2098-0	SPK6011	Continuing	2098	Сейчас	Сейчас	linguistic			Begin=2277.426
2098-1	SPK6011	Continuing	2098	посмотрю,	посмотрю	linguistic			End=2278.371
2099-0	SPK6011	Continuing	2099	м,	м	linguistic			Begin=2280.447|End=2282.557
2100-0	SPK6010	Falling	2100	Сейчас.	Сейчас	linguistic			Begin=2285.036|End=2285.578
2101-0	SPK6011	Falling	2101	кажется	кажется	linguistic			Begin=2285.139
2101-1	SPK6011	Falling	2101	он	он	linguistic			
2101-2	SPK6011	Falling	2101	алты.	алты	linguistic			End=2286.442
2102-0	SPK6010	Rising	2102	Он	Он	linguistic			Begin=2286.917
2102-1	SPK6010	Rising	2102	алты	алты	linguistic			
2102-2	SPK6010	Rising	2102	ма?	ма	linguistic			End=2287.660
2103-0	SPK6010	undefined	2103	COUGH	COUGH	paraverbal	_		Begin=2287.850|End=2288.232
2104-0	SPK6010	Continuing	2104	Я	Я	linguistic			Begin=2288.298
2104-1	SPK6010	Continuing	2104	свой,	свой	linguistic			End=2288.828
2105-0	SPK6010	Continuing	2105	заказ,	заказ	linguistic			Begin=2288.927|End=2289.334
2106-0	SPK6010	Continuing	2106	не	не	linguistic			Begin=2289.544
2106-1	SPK6010	Continuing	2106	помню,	помню	linguistic			End=2289.966
2107-0	SPK6010	Continuing	2107	мен	мен	linguistic			Begin=2289.987
2107-1	SPK6010	Continuing	2107	¬Нұрсұлу	Нұрсұлу	linguistic		Anonymized=Yes	
2107-2	SPK6010	Continuing	2107	алған	алған	linguistic			
2107-3	SPK6010	Continuing	2107	маған,	маған	linguistic			End=2291.242
2108-0	SPK6010	Falling	2108	¬Нұрсұлуда	Нұрсұлуда	linguistic		Anonymized=Yes	Begin=2291.922
2108-1	SPK6010	Falling	2108	ол.	ол	linguistic			End=2292.599
2109-0	SPK6011	Continuing	2109	Он	Он	linguistic			Begin=2293.944
2109-1	SPK6011	Continuing	2109	алтыншы	алтыншы	linguistic			
2109-2	SPK6011	Continuing	2109	купе,	купе	linguistic			End=2295.061
2110-0	SPK6011	Continuing	2110	а	а	linguistic			Begin=2295.392
2110-1	SPK6011	Continuing	2110	ой	ой	linguistic			
2110-2	SPK6011	Continuing	2110	нет	нет	linguistic			
2110-3	SPK6011	Continuing	2110	нет,	нет	linguistic			End=2296.219
2111-0	SPK6011	Rising	2111	купе	купе	linguistic			Begin=2296.300
2111-1	SPK6011	Rising	2111	или	или	linguistic			
2111-2	SPK6011	Rising	2111	вагон	вагон	linguistic			
2111-3	SPK6011	Rising	2111	деп	деп	linguistic			
2111-4	SPK6011	Rising	2111	атала	атала	linguistic			
2111-5	SPK6011	Rising	2111	ма?	ма	linguistic			End=2297.832
2112-0	SPK6010	Continuing	2112	Вагон,	Вагон	linguistic			Begin=2297.510|End=2298.049
2113-0	SPK6010	Continuing	2113	купе,	купе	linguistic			Begin=2299.659|End=2300.047
2114-0	SPK6010	Falling	2114	білмеймін.	білмеймін	linguistic			Begin=2300.143|End=2300.640
2115-0	SPK6011	Continuing	2115	Короче,	Короче	linguistic			Begin=2301.891|End=2302.298
2116-0	SPK6010	Continuing	2116	Сосын,	Сосын	linguistic			Begin=2301.933|End=2302.286
2117-0	SPK6010	Continuing	2117	сосын	сосын	linguistic			Begin=2302.476
2117-1	SPK6010	Continuing	2117	мынадан	мынадан	linguistic			
2117-2	SPK6010	Continuing	2117	кейін,	кейін	linguistic			End=2303.219
2118-0	SPK6010	Continuing	2118	сұраймыз	сұраймыз	linguistic			Begin=2303.374
2118-1	SPK6010	Continuing	2118	¬Нұрсұлудан,	Нұрсұлудан	linguistic		Anonymized=Yes	End=2304.236
2119-0	SPK6011	Falling	2119	иә.	иә	linguistic			Begin=2304.136|End=2304.664
2120-0	SPK6010	Continuing	2120	¬Нұрсұлу,	Нұрсұлу	linguistic		Anonymized=Yes	Begin=2304.287|End=2304.651
2121-0	SPK6010	Continuing	2121	қандай,	қандай	linguistic			Begin=2304.748|End=2305.166
2122-0	SPK6010	Falling	2122	не	не	linguistic			Begin=2305.277
2122-1	SPK6010	Falling	2122	деп.	деп	linguistic			End=2305.852
2123-0	SPK6011	Falling	2123	Соны	Соны	linguistic			Begin=2305.744
2123-1	SPK6011	Falling	2123	ала	ала	linguistic			
2123-2	SPK6011	Falling	2123	сал.	сал	linguistic			End=2306.345
2124-0	SPK6010	Falling	2124	Кайф	Кайф	linguistic			Begin=2308.600
2124-1	SPK6010	Falling	2124	қой.	қой	linguistic			End=2309.328
2125-0	SPK6011	Falling	2125	Мхм.	Мхм	linguistic			Begin=2309.683|End=2310.231
2126-0	SPK6010	Falling	2126	Вместе	Вместе	linguistic			Begin=2310.661
2126-1	SPK6010	Falling	2126	поедем.	поедем	linguistic			End=2311.456
2127-0	SPK6009	Continuing	2127	А	А	linguistic			Begin=2316.060
2127-1	SPK6009	Continuing	2127	сен	сен	linguistic			
2127-2	SPK6009	Continuing	2127	Павлодардан	Павлодардан	linguistic			
2127-3	SPK6009	Continuing	2127	ары	ары	linguistic			
2127-4	SPK6009	Continuing	2127	қарай	қарай	linguistic			
2127-5	SPK6009	Continuing	2127	таксимен	таксимен	linguistic			
2127-6	SPK6009	Continuing	2127	барасың	барасың	linguistic			
2127-7	SPK6009	Continuing	2127	ба,	ба	linguistic			End=2317.956
2128-0	SPK6009	Rising	2128	сонда?	сонда	linguistic			Begin=2317.980|End=2318.354
2129-0	SPK6010	Rising	2129	А?	А	linguistic			Begin=2319.993|End=2320.415
2130-0	SPK6009	Rising	2130	Сен	Сен	linguistic			Begin=2320.831
2130-1	SPK6009	Rising	2130	Екібастұздан	Екібастұздан	linguistic			
2130-2	SPK6009	Rising	2130	емессің	емессің	linguistic			
2130-3	SPK6009	Rising	2130	бе?	бе	linguistic			End=2322.222
2131-0	SPK6010	Falling	2131	Мен	Мен	linguistic			Begin=2322.927
2131-1	SPK6010	Falling	2131	Павлодарға	Павлодарға	linguistic			
2131-2	SPK6010	Falling	2131	барамын.	барамын	linguistic			End=2323.845
2132-0	SPK6010	undefined	2132	QQ	QQ	linguistic			Begin=2324.125|End=2324.661
2133-0	SPK6010	Falling	2133	Я	Я	linguistic			Begin=2325.076
2133-1	SPK6010	Falling	2133	Павло-	Павло	linguistic		Interrupted=Yes	
2133-2	SPK6010	Falling	2133	Екібастұзға	Екібастұзға	linguistic			
2133-3	SPK6010	Falling	2133	дейін	дейін	linguistic			
2133-4	SPK6010	Falling	2133	барады	барады	linguistic			
2133-5	SPK6010	Falling	2133	ол	ол	linguistic			
2133-6	SPK6010	Falling	2133	тоже	тоже	linguistic			
2133-7	SPK6010	Falling	2133	сол	сол	linguistic			
2133-8	SPK6010	Falling	2133	поезд.	поезд	linguistic			End=2327.574
2134-0	SPK6009	Falling	2134	А.	А	linguistic			Begin=2327.689|End=2328.097
2135-0	SPK6010	Continuing	2135	Просто	Просто	linguistic			Begin=2328.230
2135-1	SPK6010	Continuing	2135	этот,	этот	linguistic			End=2328.856
2136-0	SPK6010	Falling	2136	мне	мне	linguistic			Begin=2328.901
2136-1	SPK6010	Falling	2136	в	в	linguistic			
2136-2	SPK6010	Falling	2136	Павлодар	Павлодар	linguistic			
2136-3	SPK6010	Falling	2136	надо.	надо	linguistic			End=2329.873
2137-0	SPK6010	Continuing	2137	Так,	Так	linguistic			Begin=2331.838|End=2332.199
2138-0	SPK6010	Continuing	2138	Экибас,	Экибас	linguistic			Begin=2332.395|End=2332.825
2139-0	SPK6010	Continuing	2139	м,	м	linguistic			Begin=2334.067|End=2334.276
2140-0	SPK6010	Continuing	2140	Павлодарда	Павлодарда	linguistic			Begin=2334.327
2140-1	SPK6010	Continuing	2140	просто	просто	linguistic			
2140-2	SPK6010	Continuing	2140	кім,	кім	linguistic			End=2335.272
2141-0	SPK6010	Continuing	2141	племянницам,	племянницам	linguistic			Begin=2336.231|End=2337.018
2142-0	SPK6010	Continuing	2142	ЕНТ,	ЕНТ	linguistic			Begin=2337.426|End=2337.968
2143-0	SPK6010	Falling	2143	сдавать	сдавать	linguistic			Begin=2338.489
2143-1	SPK6010	Falling	2143	будет.	будет	linguistic			End=2339.094
2144-0	SPK6011	Falling	2144	М.	М	linguistic			Begin=2339.725|End=2340.581
2145-0	SPK6010	Continuing	2145	И,	И	linguistic			Begin=2340.562|End=2340.848
2146-0	SPK6010	Continuing	2146	сестра	сестра	linguistic			Begin=2341.149
2146-1	SPK6010	Continuing	2146	сказала	сказала	linguistic			
2146-2	SPK6010	Continuing	2146	типа,	типа	linguistic			End=2342.121
2147-0	SPK6010	Continuing	2147	вот	вот	linguistic			Begin=2342.281
2147-1	SPK6010	Continuing	2147	кел,	кел	linguistic			End=2342.855
2148-0	SPK6010	Continuing	2148	сол	сол	linguistic			Begin=2343.388
2148-1	SPK6010	Continuing	2148	қызды	қызды	linguistic			
2148-2	SPK6010	Continuing	2148	қара	қара	linguistic			
2148-3	SPK6010	Continuing	2148	деп,	деп	linguistic			End=2344.520
2149-0	SPK6010	Continuing	2149	оған,	оған	linguistic			Begin=2344.904|End=2345.313
2150-0	SPK6010	Continuing	2150	каждый	каждый	linguistic			Begin=2345.895
2150-1	SPK6010	Continuing	2150	день	день	linguistic			
2150-2	SPK6010	Continuing	2150	типа	типа	linguistic			
2150-3	SPK6010	Continuing	2150	айт,	айт	linguistic			End=2347.060
2151-0	SPK6010	Continuing	2151	сабақты,	сабақты	linguistic			Begin=2347.667|End=2348.101
2152-0	SPK6010	Falling	2152	оқы	оқы	linguistic			Begin=2348.631
2152-1	SPK6010	Falling	2152	деп.	деп	linguistic			End=2349.177
2153-0	SPK6011	Falling	2153	Ойбай.	Ойбай	linguistic			Begin=2349.687|End=2350.156
2154-0	SPK6011	undefined	2154	QQQ	QQQ	linguistic			Begin=2350.195|End=2350.921
2155-0	SPK6010	Continuing	2155	Онымен	Онымен	linguistic			Begin=2353.445
2155-1	SPK6010	Continuing	2155	сабақ	сабақ	linguistic			
2155-2	SPK6010	Continuing	2155	оқы	оқы	linguistic			
2155-3	SPK6010	Continuing	2155	деп,	деп	linguistic			End=2355.010
2156-0	SPK6010	Falling	2156	ок	ок	linguistic			Begin=2355.227
2156-1	SPK6010	Falling	2156	дедім.	дедім	linguistic			End=2355.690
2157-0	SPK6011	Falling	2157	Ок.	Ок	linguistic			Begin=2357.357|End=2357.837
2158-0	SPK6010	Falling	2158	Ол	Ол	linguistic			Begin=2359.395
2158-1	SPK6010	Falling	2158	еще	еще	linguistic			
2158-2	SPK6010	Falling	2158	ЕНТ-сі	ЕНТ-сі	linguistic			
2158-3	SPK6010	Falling	2158	тоғызы	тоғызы	linguistic			
2158-4	SPK6010	Falling	2158	күні.	күні	linguistic			End=2361.219
2159-0	SPK6010	undefined	2159	QQQQ	QQQQ	linguistic			Begin=2361.546|End=2362.681
2160-0	SPK6011	undefined	2160	GASP	GASP	paraverbal	_		Begin=2363.004|End=2363.748
2161-0	SPK6010	undefined	2161	Q	Q	linguistic			Begin=2363.127|End=2363.797
2162-0	SPK6010	undefined	2162	QQ	QQ	linguistic			Begin=2364.020|End=2364.682
2163-0	SPK6009	Falling	2163	Бірталай	Бірталай	linguistic			Begin=2364.843
2163-1	SPK6009	Falling	2163	деші.	деші	linguistic			End=2365.829
2164-0	SPK6010	undefined	2164	(H)	(H)	_			Begin=2364.962|End=2365.405
2165-0	SPK6010	undefined	2165	(Hx)	(Hx)	_			Begin=2365.709|End=2366.355
2166-0	SPK6011	Continuing	2166	Сендерде	Сендерде	linguistic			Begin=2366.906
2166-1	SPK6011	Continuing	2166	электричка	электричка	linguistic			
2166-2	SPK6011	Continuing	2166	бар	бар	linguistic			
2166-3	SPK6011	Continuing	2166	ғой,	ғой	linguistic			End=2368.243
2167-0	SPK6011	Rising	2167	Астанаға	Астанаға	linguistic			Begin=2369.151
2167-1	SPK6011	Rising	2167	дейін?	дейін	linguistic			End=2369.958
2168-0	SPK6010	Falling	2168	Иә.	Иә	linguistic			Begin=2370.271|End=2370.810
2169-0	SPK6011	Rising	2169	Төрт	Төрт	linguistic			Begin=2370.864
2169-1	SPK6011	Rising	2169	сағат	сағат	linguistic			
2169-2	SPK6011	Rising	2169	жүре	жүре	linguistic			
2169-3	SPK6011	Rising	2169	ме,	ме	linguistic			
2169-4	SPK6011	Rising	2169	қанша?	қанша	linguistic			End=2372.031
2170-0	SPK6010	Falling	2170	Иә	Иә	linguistic			Begin=2371.583
2170-1	SPK6010	Falling	2170	иә.	иә	linguistic			End=2372.272
2171-0	SPK6011	Falling	2171	Кайф.	Кайф	linguistic			Begin=2372.573|End=2373.223
2172-0	SPK6010	Continuing	2172	Төрт	Төрт	linguistic			Begin=2372.657
2172-1	SPK6010	Continuing	2172	сағат	сағат	linguistic			
2172-2	SPK6010	Continuing	2172	жүреді,	жүреді	linguistic			End=2373.340
2173-0	SPK6010	Falling	2173	электричка.	электричка	linguistic			Begin=2373.416|End=2374.159
2174-0	SPK6010	Falling	2174	Весело.	Весело	linguistic			Begin=2376.814|End=2377.142
2175-0	SPK6011	Falling	2175	Мхм.	Мхм	linguistic			Begin=2377.830|End=2378.342
2176-0	SPK6010	Continuing	2176	Мне	Мне	linguistic			Begin=2378.932
2176-1	SPK6010	Continuing	2176	надо	надо	linguistic			
2176-2	SPK6010	Continuing	2176	все	все	linguistic			
2176-3	SPK6010	Continuing	2176	равно,	равно	linguistic			End=2379.732
2177-0	SPK6010	Falling	2177	в	в	linguistic			Begin=2379.844
2177-1	SPK6010	Falling	2177	Астану	Астану	linguistic			
2177-2	SPK6010	Falling	2177	поехать.	поехать	linguistic			End=2381.105
2178-0	SPK6011	Falling	2178	Ну	Ну	linguistic			Begin=2381.084
2178-1	SPK6011	Falling	2178	да.	да	linguistic			End=2381.595
2179-0	SPK6010	Continuing	2179	Мне	Мне	linguistic			Begin=2382.369
2179-1	SPK6010	Continuing	2179	надо	надо	linguistic			
2179-2	SPK6010	Continuing	2179	вещи	вещи	linguistic			
2179-3	SPK6010	Continuing	2179	забрать,	забрать	linguistic			End=2383.554
2180-0	SPK6010	Continuing	2180	книги	книги	linguistic			Begin=2384.069
2180-1	SPK6010	Continuing	2180	сдать,	сдать	linguistic			End=2384.839
2181-0	SPK6010	Continuing	2181	подпись	подпись	linguistic			Begin=2385.273
2181-1	SPK6010	Continuing	2181	поставить,	поставить	linguistic			End=2386.166
2182-0	SPK6010	Continuing	2182	check	check	linguistic			Begin=2387.529
2182-1	SPK6010	Continuing	2182	out,	out	linguistic			End=2388.112
2183-0	SPK6010	Falling	2183	істеуге.	істеуге	linguistic			Begin=2388.414|End=2389.155
2184-0	SPK6010	Falling	2184	Check	Check	linguistic			Begin=2389.847
2184-1	SPK6010	Falling	2184	out	out	linguistic			
2184-2	SPK6010	Falling	2184	істеген	істеген	linguistic			
2184-3	SPK6010	Falling	2184	жоқпын	жоқпын	linguistic			
2184-4	SPK6010	Falling	2184	әлі.	әлі	linguistic			End=2391.294
2185-0	SPK6011	Continuing	2185	Анда	Анда	linguistic			Begin=2391.553
2185-1	SPK6011	Continuing	2185	по	по	linguistic			
2185-2	SPK6011	Continuing	2185	идее	идее	linguistic			
2185-3	SPK6011	Continuing	2185	прям,	прям	linguistic			End=2392.399
2186-0	SPK6011	Continuing	2186	лист	лист	linguistic			Begin=2392.469
2186-1	SPK6011	Continuing	2186	қой,	қой	linguistic			End=2393.244
2187-0	SPK6011	Continuing	2187	жасау	жасау	linguistic			Begin=2393.753
2187-1	SPK6011	Continuing	2187	керек,	керек	linguistic			End=2394.355
2188-0	SPK6011	Falling	2188	туда	туда	linguistic			Begin=2394.433
2188-1	SPK6011	Falling	2188	сюда	сюда	linguistic			
2188-2	SPK6011	Falling	2188	барып.	барып	linguistic			End=2395.298
2189-0	SPK6010	Continuing	2189	Білмеймін,	Білмеймін	linguistic			Begin=2396.139|End=2396.630
2190-0	SPK6010	Continuing	2190	уже,	уже	linguistic			Begin=2397.382|End=2397.786
2191-0	SPK6010	Continuing	2191	июньнің	июньнің	linguistic			Begin=2397.828
2191-1	SPK6010	Continuing	2191	алдында,	алдында	linguistic			End=2398.700
2192-0	SPK6010	Continuing	2192	вроде,	вроде	linguistic			Begin=2399.435|End=2399.958
2193-0	SPK6010	Falling	2193	басында.	басында	linguistic			Begin=2400.190|End=2400.882
