token_id	speaker	iu_type	iu_id	tu_id	span	form	type	modality	features	align
0-0	SPK1133	undefined	0	_	Қазір	Қазір	linguistic	_	_	Begin=0.46
0-1	SPK1133	undefined	0	_	ана	ана	linguistic	_	_	_
0-2	SPK1133	undefined	0	_	нандарды	нандарды	linguistic	_	_	End=1.673
1-0	SPK1133	Interrupted	1	_	ана	ана	linguistic	_	_	Begin=1.673
1-1	SPK1133	Interrupted	1	_	іш-	іш-	linguistic	_	Interrupted=Yes	End=2.34
2-0	SPK1133	undefined	2	_	ана	ана	linguistic	_	_	Begin=2.346|End=2.72
3-0	SPK1133	undefined	3	_	неге	неге	linguistic	_	_	Begin=2.72|End=3.193
4-0	SPK1133	Falling	4	_	қоя	қоя	linguistic	_	_	Begin=4.013
4-1	SPK1133	Falling	4	_	салайын	салайын	linguistic	_	_	End=4.753
5-0	SPK1133	Falling	5	_	Жинап	Жинап	linguistic	_	_	Begin=4.76|End=5.34
6-0	SPK1132	Falling	6	_	Жинай	Жинай	linguistic	_	_	Begin=5.134
6-1	SPK1132	Falling	6	_	бер	бер	linguistic	_	_	End=5.979
7-0	SPK1132	Rising	7	_	Тамақ	Тамақ	linguistic	_	_	Begin=7.597
7-1	SPK1132	Rising	7	_	майлы	майлы	linguistic	_	_	_
7-2	SPK1132	Rising	7	_	болып	болып	linguistic	_	_	_
7-3	SPK1132	Rising	7	_	кетіпті	кетіпті	linguistic	_	_	_
7-4	SPK1132	Rising	7	_	иә	иә	linguistic	_	_	End=9.637
8-0	SPK1133	undefined	8	_	Ы	Ы	linguistic	_	_	Begin=10.42
8-1	SPK1133	undefined	8	_	ы	ы	linguistic	_	_	_
8-2	SPK1133	undefined	8	_	не	не	linguistic	_	_	End=11.086
9-0	SPK1133	Continuing	9	_	调料	调料	linguistic	_	_	Begin=11.086
9-1	SPK1133	Continuing	9	_	-ы	-ы	linguistic	_	_	_
9-2	SPK1133	Continuing	9	_	көп	көп	linguistic	_	_	_
9-3	SPK1133	Continuing	9	_	қой	қой	linguistic	_	_	End=12.126
10-0	SPK1133	Falling	10	_	сосын	сосын	linguistic	_	_	Begin=12.126
10-1	SPK1133	Falling	10	_	біраз	біраз	linguistic	_	_	_
10-2	SPK1133	Falling	10	_	ауыр	ауыр	linguistic	_	_	_
10-3	SPK1133	Falling	10	_	келеді	келеді	linguistic	_	_	End=13.386
11-0	SPK1132	undefined	11	_	Иә	Иә	linguistic	_	_	Begin=13.322
11-1	SPK1132	undefined	11	_	біраз	біраз	linguistic	_	_	_
11-2	SPK1132	undefined	11	_	####	####	unknown	_	_	End=16.167
12-0	SPK1133	undefined	12	_	Сол	Сол	linguistic	_	_	Begin=15.473|End=15.953
13-0	SPK1133	undefined	13	_	ана	ана	linguistic	_	_	Begin=15.953|End=16.813
14-0	SPK1133	undefined	14	_	мен	мен	linguistic	_	_	Begin=17.22
14-1	SPK1133	undefined	14	_	Қытайға	Қытайға	linguistic	_	_	_
14-2	SPK1133	undefined	14	_	барған	барған	linguistic	_	_	_
14-3	SPK1133	undefined	14	_	кезде	кезде	linguistic	_	_	End=18.233
15-0	SPK1133	undefined	15	_	тамақтар	тамақтар	linguistic	_	_	Begin=18.233|End=18.813
16-0	SPK1132	undefined	16	_	头一次	头一次	linguistic	_	_	Begin=18.677|End=19.59
17-0	SPK1133	Continuing	17	_	тура	тура	linguistic	_	_	Begin=18.813
17-1	SPK1133	Continuing	17	_	солай	солай	linguistic	_	_	End=19.766
18-0	SPK1132	Rising	18	_	看到舅舅跳这么嗨	看到舅舅跳这么嗨	linguistic	_	_	Begin=19.59
18-1	SPK1132	Rising	18	_	дейді	дейді	linguistic	_	_	End=21.818
19-0	SPK1133	Falling	19	_	сезіліп	сезіліп	linguistic	_	_	Begin=19.986
19-1	SPK1133	Falling	19	_	кетті	кетті	linguistic	_	_	End=21.206
20-0	SPK1132	Rising	20	_	Мынау	Мынау	linguistic	_	_	Begin=21.818
20-1	SPK1132	Rising	20	_	қайсы	қайсы	linguistic	_	_	_
20-2	SPK1132	Rising	20	_	үйде	үйде	linguistic	_	_	End=23.053
21-0	SPK1133	undefined	21	_	Тамақ	Тамақ	linguistic	_	_	Begin=22.22|End=22.933
22-0	SPK1133	undefined	22	_	-тар	-тар	linguistic	_	_	Begin=23.246|End=23.666
23-0	SPK1132	undefined	23	_	Ааа	Ааа	linguistic	_	_	Begin=25.147|End=25.523
24-0	SPK1132	Falling	24	_	Мынау	Мынау	linguistic	_	_	Begin=25.523
24-1	SPK1132	Falling	24	_	南山	南山	linguistic	_	_	End=26.496
25-0	SPK1133	undefined	25	_	Тамақтар	Тамақтар	linguistic	_	_	Begin=25.573|End=26.246
26-0	SPK1133	undefined	26	_	Тамақтар	Тамақтар	linguistic	_	_	Begin=26.373|End=26.953
27-0	SPK1133	Continuing	27	_	тура	тура	linguistic	_	_	Begin=26.953
27-1	SPK1133	Continuing	27	_	осылай	осылай	linguistic	_	_	_
27-2	SPK1133	Continuing	27	_	сезілді	сезілді	linguistic	_	_	_
27-3	SPK1133	Continuing	27	_	да	да	linguistic	_	_	End=28.806
28-0	SPK1133	undefined	28	_	андай	андай	linguistic	_	_	Begin=28.94|End=29.46
29-0	SPK1133	Rising	29	_	дәмді	дәмді	linguistic	_	_	Begin=30.006
29-1	SPK1133	Rising	29	_	да	да	linguistic	_	_	End=30.733
30-0	SPK1133	undefined	30	_	сосын	сосын	linguistic	_	_	Begin=30.886|End=31.226
31-0	SPK1133	undefined	31	_	жеп	жеп	linguistic	_	_	Begin=31.226
31-1	SPK1133	undefined	31	_	жеп	жеп	linguistic	_	_	End=31.746
32-0	SPK1133	Falling	32	_	тоқтап	тоқтап	linguistic	_	_	Begin=31.746
32-1	SPK1133	Falling	32	_	қаламын	қаламын	linguistic	_	_	End=32.746
33-0	SPK1133	undefined	33	_	Ары	Ары	linguistic	_	_	Begin=32.746
33-1	SPK1133	undefined	33	_	қарай	қарай	linguistic	_	_	End=33.226
34-0	SPK1133	Falling	34	_	өтпейді	өтпейді	linguistic	_	_	Begin=33.226|End=34.04
35-0	SPK1132	Falling	35	_	Ааа	Ааа	linguistic	_	_	Begin=34.174|End=34.812
36-0	SPK1133	Rising	36	_	Әлі	Әлі	linguistic	_	_	Begin=42.2
36-1	SPK1133	Rising	36	_	жіберіп	жіберіп	linguistic	_	_	_
36-2	SPK1133	Rising	36	_	жатыр	жатыр	linguistic	_	_	_
36-3	SPK1133	Rising	36	_	ма	ма	linguistic	_	_	End=43.52
37-0	SPK1132	Falling	37	_	Хууу	Хууу	linguistic	_	_	Begin=43.006
37-1	SPK1132	Falling	37	_	мә	мә	linguistic	_	_	End=44.34
38-0	SPK1132	Falling	38	_	Қарашы	Қарашы	linguistic	_	_	Begin=45.134|End=45.838
39-0	SPK1133	Rising	39	_	Не	Не	linguistic	_	_	Begin=45.281
39-1	SPK1133	Rising	39	_	дейді	дейді	linguistic	_	_	End=45.986
40-0	SPK1133	undefined	40	_	No	No	linguistic	_	_	Begin=46.218
40-1	SPK1133	undefined	40	_	violence	violence	linguistic	_	_	End=47.313
41-0	SPK1133	undefined	41	_	还学开枪	还学开枪	linguistic	_	_	Begin=47.32|End=48.913
42-0	SPK1133	Falling	42	_	дейді	дейді	linguistic	_	_	Begin=48.913
42-1	SPK1133	Falling	42	_	@@@@	@@@@	linguistic	_	_	End=52.107
43-0	SPK1132	undefined	43	_	@@	@@	linguistic	_	_	Begin=49.046|End=50.045
44-0	SPK1133	undefined	44	_	Менің	Менің	linguistic	_	_	Begin=52.805|End=53.281
45-0	SPK1133	undefined	45	_	ішімнен	ішімнен	linguistic	_	_	Begin=53.281
45-1	SPK1133	undefined	45	_	ойлап	ойлап	linguistic	_	_	_
45-2	SPK1133	undefined	45	_	жүрген	жүрген	linguistic	_	_	_
45-3	SPK1133	undefined	45	_	сөзді	сөзді	linguistic	_	_	_
45-4	SPK1133	undefined	45	_	айтты	айтты	linguistic	_	_	End=54.966
46-0	SPK1133	Falling	46	_	деп	деп	linguistic	_	_	Begin=54.966
46-1	SPK1133	Falling	46	_	па	па	linguistic	_	_	_
46-2	SPK1133	Falling	46	_	@@	@@	linguistic	_	_	End=56.541
47-0	SPK1132	undefined	47	_	@	@	linguistic	_	_	Begin=55.651|End=56.684
48-0	SPK1132	Rising	48	_	Ай	Ай	linguistic	_	_	Begin=57.157
48-1	SPK1132	Rising	48	_	қызық-ай	қызық-ай	linguistic	_	_	_
48-2	SPK1132	Rising	48	_	иә	иә	linguistic	_	_	End=58.126
49-0	SPK1132	Falling	49	_	Күшті	Күшті	linguistic	_	_	Begin=60.013
49-1	SPK1132	Falling	49	_	күшті	күшті	linguistic	_	_	_
49-2	SPK1132	Falling	49	_	күн	күн	linguistic	_	_	_
49-3	SPK1132	Falling	49	_	өтіп	өтіп	linguistic	_	_	_
49-4	SPK1132	Falling	49	_	жатыр	жатыр	linguistic	_	_	_
49-5	SPK1132	Falling	49	_	әйтеуір	әйтеуір	linguistic	_	_	End=62.067
50-0	SPK1132	Falling	50	_	Мен	Мен	linguistic	_	_	Begin=62.946
50-1	SPK1132	Falling	50	_	мынаны	мынаны	linguistic	_	_	_
50-2	SPK1132	Falling	50	_	қоя	қоя	linguistic	_	_	_
50-3	SPK1132	Falling	50	_	салайыншы	салайыншы	linguistic	_	_	End=64.382
51-0	SPK1133	undefined	51	_	SINGS	SINGS	linguistic	_	_	Begin=68.154|End=71.583
52-0	SPK1133	undefined	52	_	SINGS	SINGS	linguistic	_	_	Begin=72.053|End=73.651
53-0	SPK1133	undefined	53	_	Ммм	Ммм	linguistic	_	_	Begin=74.751|End=75.577
54-0	SPK1133	Continuing	54	_	так	так	linguistic	_	_	Begin=76.181|End=76.724
55-0	SPK1133	Rising	55	_	ертең	ертең	linguistic	_	_	Begin=76.912
55-1	SPK1133	Rising	55	_	не	не	linguistic	_	_	_
55-2	SPK1133	Rising	55	_	істейміз	істейміз	linguistic	_	_	End=78.161
56-0	SPK1132	undefined	56	_	Базарға	Базарға	linguistic	_	_	Begin=79.59
56-1	SPK1132	undefined	56	_	барып	барып	linguistic	_	_	_
56-2	SPK1132	undefined	56	_	келу	келу	linguistic	_	_	_
56-3	SPK1132	undefined	56	_	керек	керек	linguistic	_	_	End=80.489
57-0	SPK1132	Falling	57	_	Шанхайға	Шанхайға	linguistic	_	_	Begin=80.489|End=81.261
58-0	SPK1133	Rising	58	_	Базарға	Базарға	linguistic	_	_	Begin=80.939
58-1	SPK1133	Rising	58	_	барып	барып	linguistic	_	_	_
58-2	SPK1133	Rising	58	_	келейік	келейік	linguistic	_	_	_
58-3	SPK1133	Rising	58	_	па	па	linguistic	_	_	_
58-4	SPK1133	Rising	58	_	алдымен	алдымен	linguistic	_	_	End=82.61
59-0	SPK1132	Falling	59	_	Иә	Иә	linguistic	_	_	Begin=82.369
59-1	SPK1132	Falling	59	_	иә	иә	linguistic	_	_	End=83.04
60-0	SPK1133	undefined	60	_	Сосын	Сосын	linguistic	_	_	Begin=82.932
60-1	SPK1133	undefined	60	_	мен	мен	linguistic	_	_	_
60-2	SPK1133	undefined	60	_	ойлап	ойлап	linguistic	_	_	_
60-3	SPK1133	undefined	60	_	отырмын	отырмын	linguistic	_	_	_
60-4	SPK1133	undefined	60	_	да	да	linguistic	_	_	_
60-5	SPK1133	undefined	60	_	мысалы	мысалы	linguistic	_	_	End=84.604
61-0	SPK1132	undefined	61	_	Жоқ	Жоқ	linguistic	_	_	Begin=84.845
61-1	SPK1132	undefined	61	_	我们实在不行	我们实在不行	linguistic	_	_	End=85.744
62-0	SPK1133	undefined	62	_	қазір	қазір	linguistic	_	_	Begin=84.966|End=85.483
63-0	SPK1132	Falling	63	_	мегаға	мегаға	linguistic	_	_	Begin=85.744
63-1	SPK1132	Falling	63	_	барып	барып	linguistic	_	_	_
63-2	SPK1132	Falling	63	_	келеміз	келеміз	linguistic	_	_	End=86.604
64-0	SPK1133	undefined	64	_	қазір	қазір	linguistic	_	_	Begin=85.825
64-1	SPK1133	undefined	64	_	ана	ана	linguistic	_	_	End=86.644
65-0	SPK1133	undefined	65	_	сен	сен	linguistic	_	_	Begin=86.926
65-1	SPK1133	undefined	65	_	телефоныңды	телефоныңды	linguistic	_	_	_
65-2	SPK1133	undefined	65	_	алып	алып	linguistic	_	_	_
65-3	SPK1133	undefined	65	_	кел	кел	linguistic	_	_	End=88.389
66-0	SPK1133	undefined	66	_	сосын	сосын	linguistic	_	_	Begin=88.63
66-1	SPK1133	undefined	66	_	біз	біз	linguistic	_	_	_
66-2	SPK1133	undefined	66	_	мына	мына	linguistic	_	_	_
66-3	SPK1133	undefined	66	_	жерде	жерде	linguistic	_	_	_
66-4	SPK1133	undefined	66	_	ойластырып	ойластырып	linguistic	_	_	_
66-5	SPK1133	undefined	66	_	көрейік	көрейік	linguistic	_	_	_
66-6	SPK1133	undefined	66	_	та	та	linguistic	_	_	_
66-7	SPK1133	undefined	66	_	ана	ана	linguistic	_	_	End=91.067
67-0	SPK1133	Falling	67	_	суреттерді	суреттерді	linguistic	_	_	Begin=91.067
67-1	SPK1133	Falling	67	_	қайда	қайда	linguistic	_	_	_
67-2	SPK1133	Falling	67	_	түсетінімізді	түсетінімізді	linguistic	_	_	End=92.912
68-0	SPK1132	undefined	68	_	Жоқ	Жоқ	linguistic	_	_	Begin=92.382
68-1	SPK1132	undefined	68	_	оны	оны	linguistic	_	_	_
68-2	SPK1132	undefined	68	_	сен	сен	linguistic	_	_	_
68-3	SPK1132	undefined	68	_	iPad-пен	iPad-пен	linguistic	_	_	_
68-4	SPK1132	undefined	68	_	түсіріп	түсіріп	linguistic	_	_	End=94.563
69-0	SPK1133	undefined	69	_	Мен	Мен	linguistic	_	_	Begin=92.912
69-1	SPK1133	undefined	69	_	қазір	қазір	linguistic	_	_	_
69-2	SPK1133	undefined	69	_	ойлап	ойлап	linguistic	_	_	_
69-3	SPK1133	undefined	69	_	жатырмын	жатырмын	linguistic	_	_	End=94.51
70-0	SPK1133	undefined	70	_	ана	ана	linguistic	_	_	Begin=94.516|End=95.073
71-0	SPK1132	Falling	71	_	iPad-пен	iPad-пен	linguistic	_	_	Begin=94.563
71-1	SPK1132	Falling	71	_	жазсаң	жазсаң	linguistic	_	_	_
71-2	SPK1132	Falling	71	_	болмай	болмай	linguistic	_	_	_
71-3	SPK1132	Falling	71	_	ма	ма	linguistic	_	_	End=96.201
72-0	SPK1133	Continuing	72	_	Е	Е	linguistic	_	_	Begin=96.812
72-1	SPK1133	Continuing	72	_	iPad-ты	iPad-ты	linguistic	_	_	_
72-2	SPK1133	Continuing	72	_	да	да	linguistic	_	_	_
72-3	SPK1133	Continuing	72	_	алып	алып	linguistic	_	_	_
72-4	SPK1133	Continuing	72	_	кел	кел	linguistic	_	_	End=97.805
73-0	SPK1133	undefined	73	_	телефон	телефон	linguistic	_	_	Begin=97.805|End=98.445
74-0	SPK1133	undefined	74	_	2ГИС	2ГИС	linguistic	_	_	Begin=98.624|End=99.248
75-0	SPK1133	Falling	75	_	-ті	-ті	linguistic	_	_	Begin=99.248
75-1	SPK1133	Falling	75	_	қарау	қарау	linguistic	_	_	_
75-2	SPK1133	Falling	75	_	үшін	үшін	linguistic	_	_	End=100.274
76-0	SPK1132	Falling	76	_	Аа	Аа	linguistic	_	_	Begin=100.644|End=101.221
77-0	SPK1133	Rising	77	_	Коланы	Коланы	linguistic	_	_	Begin=106.026
77-1	SPK1133	Rising	77	_	онда	онда	linguistic	_	_	_
77-2	SPK1133	Rising	77	_	ертең	ертең	linguistic	_	_	_
77-3	SPK1133	Rising	77	_	алайық	алайық	linguistic	_	_	_
77-4	SPK1133	Rising	77	_	па	па	linguistic	_	_	End=107.825
78-0	SPK1132	Rising	78	_	Нені	Нені	linguistic	_	_	Begin=108.469|End=109.04
79-0	SPK1133	undefined	79	_	Кола	Кола	linguistic	_	_	Begin=109.241
79-1	SPK1133	undefined	79	_	мен	мен	linguistic	_	_	End=110.033
80-0	SPK1133	Falling	80	_	спрайтты	спрайтты	linguistic	_	_	Begin=110.033|End=111.229
81-0	SPK1133	undefined	81	_	Қазір	Қазір	linguistic	_	_	Begin=115.657|End=115.906
82-0	SPK1133	Rising	82	_	бүгін	бүгін	linguistic	_	_	Begin=115.906
82-1	SPK1133	Rising	82	_	шай	шай	linguistic	_	_	_
82-2	SPK1133	Rising	82	_	іше	іше	linguistic	_	_	_
82-3	SPK1133	Rising	82	_	тұрайық	тұрайық	linguistic	_	_	_
82-4	SPK1133	Rising	82	_	па	па	linguistic	_	_	End=117.208
83-0	SPK1132	Rising	83	_	Неше	Неше	linguistic	_	_	Begin=118.283
83-1	SPK1132	Rising	83	_	болды	болды	linguistic	_	_	_
83-2	SPK1132	Rising	83	_	сағат	сағат	linguistic	_	_	End=119.106
84-0	SPK1133	Falling	84	_	Сағат	Сағат	linguistic	_	_	Begin=119.51
84-1	SPK1133	Falling	84	_	жай	жай	linguistic	_	_	_
84-2	SPK1133	Falling	84	_	болып	болып	linguistic	_	_	_
84-3	SPK1133	Falling	84	_	кеткен	кеткен	linguistic	_	_	_
84-4	SPK1133	Falling	84	_	сияқты	сияқты	linguistic	_	_	_
84-5	SPK1133	Falling	84	_	уже	уже	linguistic	_	_	End=121.12
85-0	SPK1133	Falling	85	_	Ыы	Ыы	linguistic	_	_	Begin=122.006
85-1	SPK1133	Falling	85	_	он	он	linguistic	_	_	_
85-2	SPK1133	Falling	85	_	болып	болып	linguistic	_	_	_
85-3	SPK1133	Falling	85	_	кетіпті	кетіпті	linguistic	_	_	End=123.322
86-0	SPK1133	Rising	86	_	Ладно	Ладно	linguistic	_	_	Begin=124.818
86-1	SPK1133	Rising	86	_	иә	иә	linguistic	_	_	End=125.719
87-0	SPK1133	Interrupted	87	_	Қазір	Қазір	linguistic	_	_	Begin=126.51
87-1	SPK1133	Interrupted	87	_	ішсек-	ішсек-	linguistic	_	Interrupted=Yes	End=127.228
88-0	SPK1132	undefined	88	_	Ондай	Ондай	linguistic	_	_	Begin=127.174
88-1	SPK1132	undefined	88	_	болса	болса	linguistic	_	_	_
88-2	SPK1132	undefined	88	_	су	су	linguistic	_	_	_
88-3	SPK1132	undefined	88	_	қайната	қайната	linguistic	_	_	_
88-4	SPK1132	undefined	88	_	салайықшы	салайықшы	linguistic	_	_	End=128.375
89-0	SPK1133	undefined	89	_	#	#	unknown	_	_	Begin=127.519|End=127.892
90-0	SPK1132	Falling	90	_	жаңағы	жаңағы	linguistic	_	_	Begin=128.382
90-1	SPK1132	Falling	90	_	ауыр	ауыр	linguistic	_	_	_
90-2	SPK1132	Falling	90	_	келіп	келіп	linguistic	_	_	_
90-3	SPK1132	Falling	90	_	тұр	тұр	linguistic	_	_	End=129.402
91-0	SPK1133	Falling	91	_	Е	Е	linguistic	_	_	Begin=129.778
91-1	SPK1133	Falling	91	_	мен	мен	linguistic	_	_	_
91-2	SPK1133	Falling	91	_	маған	маған	linguistic	_	_	_
91-3	SPK1133	Falling	91	_	да	да	linguistic	_	_	End=130.604
92-0	SPK1133	Rising	92	_	Ананың	Ананың	linguistic	_	_	Begin=130.604
92-1	SPK1133	Rising	92	_	ішінде	ішінде	linguistic	_	_	_
92-2	SPK1133	Rising	92	_	уже	уже	linguistic	_	_	_
92-3	SPK1133	Rising	92	_	қалмады	қалмады	linguistic	_	_	_
92-4	SPK1133	Rising	92	_	ма	ма	linguistic	_	_	End=131.973
93-0	SPK1132	Falling	93	_	Аз	Аз	linguistic	_	_	Begin=132.335
93-1	SPK1132	Falling	93	_	ғана	ғана	linguistic	_	_	End=133.072
94-0	SPK1132	Falling	94	_	一点点	一点点	linguistic	_	_	Begin=133.335|End=134.161
95-0	SPK1133	undefined	95	_	Сен	Сен	linguistic	_	_	Begin=134.174
95-1	SPK1133	undefined	95	_	әлгі	әлгі	linguistic	_	_	End=134.838
96-0	SPK1133	Falling	96	_	соған	соған	linguistic	_	_	Begin=134.838
96-1	SPK1133	Falling	96	_	құя	құя	linguistic	_	_	_
96-2	SPK1133	Falling	96	_	салайық	салайық	linguistic	_	_	End=136.04
97-0	SPK1133	Falling	97	_	Ойбой	Ойбой	linguistic	_	_	Begin=139.261
97-1	SPK1133	Falling	97	_	ештеңе	ештеңе	linguistic	_	_	_
97-2	SPK1133	Falling	97	_	қалмапты	қалмапты	linguistic	_	_	_
97-3	SPK1133	Falling	97	_	ғой	ғой	linguistic	_	_	End=140.786
98-0	SPK1132	undefined	98	_	BURP	BURP	linguistic	_	_	Begin=142.067|End=142.753
99-0	SPK1133	undefined	99	_	Сосын	Сосын	linguistic	_	_	Begin=150.194
99-1	SPK1133	undefined	99	_	мен	мен	linguistic	_	_	_
99-2	SPK1133	undefined	99	_	ойлап	ойлап	linguistic	_	_	_
99-3	SPK1133	undefined	99	_	жатырмын	жатырмын	linguistic	_	_	_
99-4	SPK1133	undefined	99	_	да	да	linguistic	_	_	_
99-5	SPK1133	undefined	99	_	біз	біз	linguistic	_	_	_
99-6	SPK1133	undefined	99	_	қазір	қазір	linguistic	_	_	End=152.147
100-0	SPK1133	undefined	100	_	сурет	сурет	linguistic	_	_	Begin=152.147|End=152.61
101-0	SPK1133	Rising	101	_	түсіретін	түсіретін	linguistic	_	_	Begin=152.832
101-1	SPK1133	Rising	101	_	жерді	жерді	linguistic	_	_	_
101-2	SPK1133	Rising	101	_	ойластырып	ойластырып	linguistic	_	_	_
101-3	SPK1133	Rising	101	_	алайық	алайық	linguistic	_	_	End=154.791
102-0	SPK1133	undefined	102	_	сосын	сосын	linguistic	_	_	Begin=155.073|End=155.669
103-0	SPK1133	undefined	103	_	қайсы	қайсы	linguistic	_	_	Begin=155.669|End=156.561
104-0	SPK1133	undefined	104	_	#	#	unknown	_	_	Begin=156.561|End=157.409
105-0	SPK1133	undefined	105	_	қайсы	қайсы	linguistic	_	_	Begin=157.576
105-1	SPK1133	undefined	105	_	киіммен	киіммен	linguistic	_	_	End=158.63
106-0	SPK1133	Continuing	106	_	түсіп	түсіп	linguistic	_	_	Begin=158.63|End=159.181
107-0	SPK1133	undefined	107	_	қалай	қалай	linguistic	_	_	Begin=159.416|End=159.966
108-0	SPK1133	undefined	108	_	түсетінімді	түсетінімді	linguistic	_	_	Begin=160.234
108-1	SPK1133	undefined	108	_	сен	сен	linguistic	_	_	_
108-2	SPK1133	undefined	108	_	жазған	жазған	linguistic	_	_	_
108-3	SPK1133	undefined	108	_	ана	ана	linguistic	_	_	End=161.885
109-0	SPK1133	undefined	109	_	方案	方案	linguistic	_	_	Begin=162.134
109-1	SPK1133	undefined	109	_	бойынша	бойынша	linguistic	_	_	End=163.363
110-0	SPK1133	undefined	110	_	сөйтіп	сөйтіп	linguistic	_	_	Begin=163.617|End=164.194
111-0	SPK1133	undefined	111	_	енді	енді	linguistic	_	_	Begin=164.684|End=165.228
112-0	SPK1132	undefined	112	_	有没有电了	有没有电了	linguistic	_	_	Begin=165.073|End=165.597
113-0	SPK1132	Falling	113	_	қарай	қарай	linguistic	_	_	Begin=165.597
113-1	SPK1132	Falling	113	_	салшы	салшы	linguistic	_	_	End=166.389
114-0	SPK1133	undefined	114	_	сәл-пәл	сәл-пәл	linguistic	_	_	Begin=165.664|End=166.255
115-0	SPK1133	Rising	115	_	ойластырып	ойластырып	linguistic	_	_	Begin=166.255
115-1	SPK1133	Rising	115	_	қойсақ	қойсақ	linguistic	_	_	_
115-2	SPK1133	Rising	115	_	а	а	linguistic	_	_	End=167.349
116-0	SPK1132	Falling	116	_	有没有电了	有没有电了	linguistic	_	_	Begin=167.369
116-1	SPK1132	Falling	116	_	екен	екен	linguistic	_	_	_
116-2	SPK1132	Falling	116	_	қарай	қарай	linguistic	_	_	_
116-3	SPK1132	Falling	116	_	салшы	салшы	linguistic	_	_	End=168.684
117-0	SPK1133	undefined	117	_	Так	Так	linguistic	_	_	Begin=169.711|End=170.295
118-0	SPK1133	undefined	118	_	Ыыыым	Ыыыым	linguistic	_	_	Begin=171.744|End=172.866
119-0	SPK1133	undefined	119	_	百分之五十八	百分之五十八	linguistic	_	_	Begin=173.664|End=174.825
120-0	SPK1133	Rising	120	_	жететін	жететін	linguistic	_	_	Begin=174.825
120-1	SPK1133	Rising	120	_	шығар	шығар	linguistic	_	_	End=175.977
121-0	SPK1132	Falling	121	_	Иә	Иә	linguistic	_	_	Begin=175.02
121-1	SPK1132	Falling	121	_	жетеді	жетеді	linguistic	_	_	_
121-2	SPK1132	Falling	121	_	жетеді	жетеді	linguistic	_	_	_
121-3	SPK1132	Falling	121	_	жетеді	жетеді	linguistic	_	_	End=176.419
122-0	SPK1133	undefined	122	_	Қазір	Қазір	linguistic	_	_	Begin=176.604|End=177.147
123-0	SPK1133	undefined	123	_	туф	туф	linguistic	_	_	Begin=178.577
123-1	SPK1133	undefined	123	_	мынау	мынау	linguistic	_	_	End=179.543
124-0	SPK1133	Falling	124	_	тряпка	тряпка	linguistic	_	_	Begin=179.583
124-1	SPK1133	Falling	124	_	недеген	недеген	linguistic	_	_	_
124-2	SPK1133	Falling	124	_	сасық	сасық	linguistic	_	_	End=180.879
125-0	SPK1132	undefined	125	_	平板有没有电	平板有没有电	linguistic	_	_	Begin=182.932
125-1	SPK1132	undefined	125	_	？	？	linguistic	_	_	End=184.322
126-0	SPK1133	Falling	126	_	шуаштың	шуаштың	linguistic	_	_	Begin=183.583
126-1	SPK1133	Falling	126	_	иісі	иісі	linguistic	_	_	_
126-2	SPK1133	Falling	126	_	шығады	шығады	linguistic	_	_	End=184.469
127-0	SPK1133	Rising	127	_	А	А	linguistic	_	_	Begin=184.469|End=185.147
128-0	SPK1132	Falling	128	_	用这个擦	用这个擦	linguistic	_	_	Begin=185.1
128-1	SPK1132	Falling	128	_	мә	мә	linguistic	_	_	End=186.087
129-0	SPK1132	Falling	129	_	Йо	Йо	linguistic	_	_	Begin=196.899|End=197.778
130-0	SPK1133	undefined	130	_	Біз	Біз	linguistic	_	_	Begin=199.1
130-1	SPK1133	undefined	130	_	ертең	ертең	linguistic	_	_	End=199.845
131-0	SPK1133	undefined	131	_	базарға	базарға	linguistic	_	_	Begin=200.429
131-1	SPK1133	undefined	131	_	барып	барып	linguistic	_	_	_
131-2	SPK1133	undefined	131	_	келіп	келіп	linguistic	_	_	_
131-3	SPK1133	undefined	131	_	сосын	сосын	linguistic	_	_	End=202.181
132-0	SPK1133	undefined	132	_	қайтып	қайтып	linguistic	_	_	Begin=202.181
132-1	SPK1133	undefined	132	_	келген	келген	linguistic	_	_	_
132-2	SPK1133	undefined	132	_	соң	соң	linguistic	_	_	End=203.765
133-0	SPK1133	Rising	133	_	ыы	ыы	linguistic	_	_	Begin=203.765
133-1	SPK1133	Rising	133	_	мегыға	мегыға	linguistic	_	_	_
133-2	SPK1133	Rising	133	_	барып	барып	linguistic	_	_	_
133-3	SPK1133	Rising	133	_	келейік	келейік	linguistic	_	_	_
133-4	SPK1133	Rising	133	_	па	па	linguistic	_	_	End=205.536
134-0	SPK1132	Falling	134	_	Иә	Иә	linguistic	_	_	Begin=206.073
134-1	SPK1132	Falling	134	_	сол	сол	linguistic	_	_	_
134-2	SPK1132	Falling	134	_	мегаға	мегаға	linguistic	_	_	_
134-3	SPK1132	Falling	134	_	барып	барып	linguistic	_	_	_
134-4	SPK1132	Falling	134	_	келейік	келейік	linguistic	_	_	_
134-5	SPK1132	Falling	134	_	па	па	linguistic	_	_	_
134-6	SPK1132	Falling	134	_	дегенім	дегенім	linguistic	_	_	_
134-7	SPK1132	Falling	134	_	ғой	ғой	linguistic	_	_	End=207.664
135-0	SPK1133	undefined	135	_	Ақ	Ақ	linguistic	_	_	Begin=208.644
135-1	SPK1133	undefined	135	_	жейдеге	жейдеге	linguistic	_	_	End=209.536
136-0	SPK1133	undefined	136	_	##	##	unknown	_	_	Begin=209.624|End=210.879
137-0	SPK1132	Falling	137	_	Аа	Аа	linguistic	_	_	Begin=211.134|End=211.711
138-0	SPK1132	undefined	138	_	###	###	unknown	_	_	Begin=212.335|End=213.349
139-0	SPK1133	undefined	139	_	Саған	Саған	linguistic	_	_	Begin=213.53|End=214.187
140-0	SPK1133	undefined	140	_	саған	саған	linguistic	_	_	Begin=214.489
140-1	SPK1133	undefined	140	_	тоже	тоже	linguistic	_	_	_
140-2	SPK1133	undefined	140	_	қарап	қарап	linguistic	_	_	_
140-3	SPK1133	undefined	140	_	көрейік	көрейік	linguistic	_	_	End=215.637
141-0	SPK1133	Rising	141	_	не	не	linguistic	_	_	Begin=215.637
141-1	SPK1133	Rising	141	_	бар	бар	linguistic	_	_	_
141-2	SPK1133	Rising	141	_	екен	екен	linguistic	_	_	End=216.717
142-0	SPK1132	undefined	142	_	Сол	Сол	linguistic	_	_	Begin=216.114
142-1	SPK1132	undefined	142	_	маған	маған	linguistic	_	_	_
142-2	SPK1132	undefined	142	_	егер	егер	linguistic	_	_	_
142-3	SPK1132	undefined	142	_	бір	бір	linguistic	_	_	_
142-4	SPK1132	undefined	142	_	не	не	linguistic	_	_	_
142-5	SPK1132	undefined	142	_	болса	болса	linguistic	_	_	End=217.597
143-0	SPK1133	Rising	143	_	Саған	Саған	linguistic	_	_	Begin=217.033
143-1	SPK1133	Rising	143	_	не	не	linguistic	_	_	_
143-2	SPK1133	Rising	143	_	керек	керек	linguistic	_	_	_
143-3	SPK1133	Rising	143	_	болды	болды	linguistic	_	_	_
143-4	SPK1133	Rising	143	_	бүгін	бүгін	linguistic	_	_	_
143-5	SPK1133	Rising	143	_	ештеңе	ештеңе	linguistic	_	_	_
143-6	SPK1133	Rising	143	_	керек	керек	linguistic	_	_	_
143-7	SPK1133	Rising	143	_	емес	емес	linguistic	_	_	_
143-8	SPK1133	Rising	143	_	па	па	linguistic	_	_	End=219.543
144-0	SPK1132	undefined	144	_	Маған	Маған	linguistic	_	_	Begin=219.375
144-1	SPK1132	undefined	144	_	мұндай	мұндай	linguistic	_	_	_
144-2	SPK1132	undefined	144	_	бір	бір	linguistic	_	_	End=220.261
145-0	SPK1132	undefined	145	_	休闲	休闲	linguistic	_	_	Begin=220.261
145-1	SPK1132	undefined	145	_	-ырақ	-ырақ	linguistic	_	_	End=220.939
146-0	SPK1132	Falling	146	_	白体桖	白体桖	linguistic	_	_	Begin=220.939
146-1	SPK1132	Falling	146	_	керек	керек	linguistic	_	_	_
146-2	SPK1132	Falling	146	_	қой	қой	linguistic	_	_	_
146-3	SPK1132	Falling	146	_	деймін	деймін	linguistic	_	_	End=222.161
147-0	SPK1133	Falling	147	_	Жоқ	Жоқ	linguistic	_	_	Begin=223.12
147-1	SPK1133	Falling	147	_	бірақ	бірақ	linguistic	_	_	_
147-2	SPK1133	Falling	147	_	та	та	linguistic	_	_	_
147-3	SPK1133	Falling	147	_	那个白体桖	那个白体桖	linguistic	_	_	_
147-4	SPK1133	Falling	147	_	де	де	linguistic	_	_	_
147-5	SPK1133	Falling	147	_	болады	болады	linguistic	_	_	_
147-6	SPK1133	Falling	147	_	екен	екен	linguistic	_	_	_
147-7	SPK1133	Falling	147	_	дегенде	дегенде	linguistic	_	_	End=225.55
148-0	SPK1133	undefined	148	_	Может	Может	linguistic	_	_	Begin=225.986
148-1	SPK1133	undefined	148	_	бір	бір	linguistic	_	_	_
148-2	SPK1133	undefined	148	_	қара	қара	linguistic	_	_	_
148-3	SPK1133	undefined	148	_	POLO	POLO	linguistic	_	_	_
148-4	SPK1133	undefined	148	_	衫	衫	linguistic	_	_	_
148-5	SPK1133	undefined	148	_	？	？	linguistic	_	_	End=227.664
149-0	SPK1133	Rising	149	_	дедік	дедік	linguistic	_	_	Begin=229.302
149-1	SPK1133	Rising	149	_	емес	емес	linguistic	_	_	_
149-2	SPK1133	Rising	149	_	па	па	linguistic	_	_	End=230.436
150-0	SPK1132	undefined	150	_	Аа	Аа	linguistic	_	_	Begin=230.865|End=231.221
151-0	SPK1132	undefined	151	_	қара	қара	linguistic	_	_	Begin=231.221
151-1	SPK1132	undefined	151	_	POLO	POLO	linguistic	_	_	_
151-2	SPK1132	undefined	151	_	衫	衫	linguistic	_	_	End=232.087
152-0	SPK1132	Falling	152	_	дұрыс	дұрыс	linguistic	_	_	Begin=232.57|End=233.134
153-0	SPK1133	undefined	153	_	SINGS	SINGS	linguistic	_	_	Begin=234.208|End=236.379
154-0	SPK1133	undefined	154	_	Бүгін	Бүгін	linguistic	_	_	Begin=239.61|End=239.919
155-0	SPK1133	Rising	155	_	жиырма	жиырма	linguistic	_	_	Begin=239.919
155-1	SPK1133	Rising	155	_	жетісі	жетісі	linguistic	_	_	_
155-2	SPK1133	Rising	155	_	иә	иә	linguistic	_	_	End=241.369
156-0	SPK1132	Falling	156	_	Мхм	Мхм	linguistic	_	_	Begin=241.355|End=241.946
157-0	SPK1133	undefined	157	_	Жиырма	Жиырма	linguistic	_	_	Begin=242.684
157-1	SPK1133	undefined	157	_	жетісі	жетісі	linguistic	_	_	End=244.016
158-0	SPK1133	undefined	158	_	нөл	нөл	linguistic	_	_	Begin=244.016|End=244.63
159-0	SPK1133	Falling	159	_	бес	бес	linguistic	_	_	Begin=244.63|End=245.469
160-0	SPK1133	undefined	160	_	Так	Так	linguistic	_	_	Begin=246.496|End=247.107
161-0	SPK1133	Rising	161	_	жоқ	жоқ	linguistic	_	_	Begin=247.107
161-1	SPK1133	Rising	161	_	жиырма	жиырма	linguistic	_	_	_
161-2	SPK1133	Rising	161	_	сегізі	сегізі	linguistic	_	_	_
161-3	SPK1133	Rising	161	_	ма	ма	linguistic	_	_	End=248.724
162-0	SPK1132	Falling	162	_	Жиырма	Жиырма	linguistic	_	_	Begin=249.187
162-1	SPK1132	Falling	162	_	жетісі	жетісі	linguistic	_	_	_
162-2	SPK1132	Falling	162	_	бүгін	бүгін	linguistic	_	_	End=250.409
163-0	SPK1133	Falling	163	_	А	А	linguistic	_	_	Begin=249.221
163-1	SPK1133	Falling	163	_	жиырма	жиырма	linguistic	_	_	_
163-2	SPK1133	Falling	163	_	жетісі	жетісі	linguistic	_	_	_
163-3	SPK1133	Falling	163	_	екен	екен	linguistic	_	_	End=250.751
164-0	SPK1133	undefined	164	_	(H)	(H)	inhale	_	_	Begin=251.0|End=251.785
165-0	SPK1133	undefined	165	_	我	我	linguistic	_	_	Begin=252.234|End=252.778
166-0	SPK1133	undefined	166	_	联系	联系	linguistic	_	_	Begin=252.778
166-1	SPK1133	undefined	166	_	Іңкәр	Іңкәр	linguistic	_	_	_
166-2	SPK1133	undefined	166	_	кеше	кеше	linguistic	_	_	End=254.966
167-0	SPK1133	undefined	167	_	诶	诶	linguistic	_	_	Begin=255.349
167-1	SPK1133	undefined	167	_	？	？	linguistic	_	_	End=255.873
168-0	SPK1132	Falling	168	_	Мм	Мм	linguistic	_	_	Begin=256.496
168-1	SPK1132	Falling	168	_	你把裙子拿掉了	你把裙子拿掉了	linguistic	_	_	End=257.984
169-0	SPK1133	Falling	169	_	Ын	Ын	linguistic	_	_	Begin=262.899|End=263.692
170-0	SPK1133	Falling	170	_	Не	Не	linguistic	_	_	Begin=265.275
170-1	SPK1133	Falling	170	_	жазамыз	жазамыз	linguistic	_	_	End=266.281
171-0	SPK1133	undefined	171	_	Ыыыы	Ыыыы	linguistic	_	_	Begin=267.671|End=268.838
172-0	SPK1133	Rising	172	_	ЦОН	ЦОН	linguistic	_	_	Begin=269.738|End=270.916
173-0	SPK1132	Rising	173	_	ЦОН	ЦОН	linguistic	_	_	Begin=271.624|End=272.328
174-0	SPK1133	Falling	174	_	Ой	Ой	linguistic	_	_	Begin=272.812
174-1	SPK1133	Falling	174	_	ЦОН	ЦОН	linguistic	_	_	_
174-2	SPK1133	Falling	174	_	деймін	деймін	linguistic	_	_	_
174-3	SPK1133	Falling	174	_	ғой	ғой	linguistic	_	_	End=274.288
175-0	SPK1133	undefined	175	_	Қаз	Қаз	linguistic	_	_	Begin=274.422|End=275.328
176-0	SPK1133	undefined	176	_	Қаз	Қаз	linguistic	_	_	Begin=275.872
176-1	SPK1133	undefined	176	_	тест	тест	linguistic	_	_	End=276.979
177-0	SPK1133	undefined	177	_	-ке	-ке	linguistic	_	_	Begin=277.543|End=278.174
178-0	SPK1133	undefined	178	_	тіркелу	тіркелу	linguistic	_	_	Begin=278.892|End=279.691
179-0	SPK1133	Falling	179	_	деп	деп	linguistic	_	_	Begin=279.691
179-1	SPK1133	Falling	179	_	жазып	жазып	linguistic	_	_	_
179-2	SPK1133	Falling	179	_	қояйын	қояйын	linguistic	_	_	End=280.516
180-0	SPK1133	undefined	180	_	Тір	Тір	linguistic	_	_	Begin=280.751|End=281.328
181-0	SPK1133	Falling	181	_	-келу	-келу	linguistic	_	_	Begin=281.328|End=282.187
182-0	SPK1133	Rising	182	_	Is	Is	linguistic	_	_	Begin=284.073
182-1	SPK1133	Rising	182	_	it	it	linguistic	_	_	_
182-2	SPK1133	Rising	182	_	fine	fine	linguistic	_	_	End=285.053
183-0	SPK1132	Falling	183	_	Мхм	Мхм	linguistic	_	_	Begin=285.228|End=285.932
184-0	SPK1133	undefined	184	_	(H)	(H)	inhale	_	_	Begin=286.328
184-1	SPK1133	undefined	184	_	(Hx)	(Hx)	exhale	_	_	End=288.02
185-0	SPK1133	undefined	185	_	Сол	Сол	linguistic	_	_	Begin=288.275|End=289.12
186-0	SPK1133	undefined	186	_	first	first	linguistic	_	_	Begin=289.409
186-1	SPK1133	undefined	186	_	look	look	linguistic	_	_	End=290.308
187-0	SPK1133	undefined	187	_	может	может	linguistic	_	_	Begin=290.422|End=290.892
188-0	SPK1133	Rising	188	_	сен	сен	linguistic	_	_	Begin=290.892
188-1	SPK1133	Rising	188	_	немен	немен	linguistic	_	_	_
188-2	SPK1133	Rising	188	_	жасадың	жасадың	linguistic	_	_	End=291.818
189-0	SPK1133	Rising	189	_	Pinterest-пен	Pinterest-пен	linguistic	_	_	Begin=291.818|End=292.409
190-0	SPK1133	Rising	190	_	Или	Или	linguistic	_	_	Begin=292.409
190-1	SPK1133	Rising	190	_	немен	немен	linguistic	_	_	End=293.369
191-0	SPK1132	Rising	191	_	Жәй	Жәй	linguistic	_	_	Begin=293.375|End=293.959
192-0	SPK1133	undefined	192	_	Гугл	Гугл	linguistic	_	_	Begin=293.651|End=294.214
193-0	SPK1133	undefined	193	_	Гугл	Гугл	linguistic	_	_	Begin=294.214|End=294.852
194-0	SPK1133	undefined	194	_	Эй	Эй	linguistic	_	_	Begin=295.06|End=295.516
195-0	SPK1133	undefined	195	_	негізі	негізі	linguistic	_	_	Begin=295.516|End=296.073
196-0	SPK1133	Rising	196	_	немен	немен	linguistic	_	_	Begin=296.073
196-1	SPK1133	Rising	196	_	жасамайсың	жасамайсың	linguistic	_	_	_
196-2	SPK1133	Rising	196	_	ба	ба	linguistic	_	_	_
196-3	SPK1133	Rising	196	_	ана	ана	linguistic	_	_	End=297.791
197-0	SPK1133	Falling	197	_	Иә	Иә	linguistic	_	_	Begin=297.852
197-1	SPK1133	Falling	197	_	сен	сен	linguistic	_	_	_
197-2	SPK1133	Falling	197	_	осымен	осымен	linguistic	_	_	_
197-3	SPK1133	Falling	197	_	жаса	жаса	linguistic	_	_	End=299.268
198-0	SPK1132	undefined	198	_	###	###	unknown	_	_	Begin=297.865|End=298.986
199-0	SPK1133	undefined	199	_	Аа	Аа	linguistic	_	_	Begin=299.583|End=299.986
200-0	SPK1133	Falling	200	_	бәсе	бәсе	linguistic	_	_	Begin=299.986|End=300.765
201-0	SPK1133	undefined	201	_	(H)	(H)	inhale	_	_	Begin=302.288
201-1	SPK1133	undefined	201	_	Былай	Былай	linguistic	_	_	End=303.155
202-0	SPK1133	Falling	202	_	уа	уа	linguistic	_	_	Begin=303.416
202-1	SPK1133	Falling	202	_	кәдімгідей	кәдімгідей	linguistic	_	_	_
202-2	SPK1133	Falling	202	_	开会一样奥	开会一样奥	linguistic	_	_	_
202-3	SPK1133	Falling	202	_	@@@@@	@@@@@	linguistic	_	_	End=307.55
203-0	SPK1133	Falling	203	_	Мынаны	Мынаны	linguistic	_	_	Begin=308.04
203-1	SPK1133	Falling	203	_	былай	былай	linguistic	_	_	_
203-2	SPK1133	Falling	203	_	жығып	жығып	linguistic	_	_	_
203-3	SPK1133	Falling	203	_	тастайық	тастайық	linguistic	_	_	End=309.255
204-0	SPK1133	undefined	204	_	Сосын	Сосын	linguistic	_	_	Begin=310.114|End=310.624
205-0	SPK1133	Falling	205	_	есімізге	есімізге	linguistic	_	_	Begin=310.758
205-1	SPK1133	Falling	205	_	түспейді	түспейді	linguistic	_	_	End=312.08
206-0	SPK1132	undefined	206	_	Телеграмға	Телеграмға	linguistic	_	_	Begin=313.268|End=313.684
207-0	SPK1132	undefined	207	_	жібере	жібере	linguistic	_	_	Begin=313.684
207-1	SPK1132	undefined	207	_	салайыншы	салайыншы	linguistic	_	_	End=314.261
208-0	SPK1132	undefined	208	_	ана	ана	linguistic	_	_	Begin=314.261
208-1	SPK1132	undefined	208	_	суреттерді	суреттерді	linguistic	_	_	End=315.221
209-0	SPK1132	undefined	209	_	біраз	біраз	linguistic	_	_	Begin=315.221|End=315.59
210-0	SPK1132	Falling	210	_	қолайлы	қолайлы	linguistic	_	_	Begin=315.59
210-1	SPK1132	Falling	210	_	болады	болады	linguistic	_	_	_
210-2	SPK1132	Falling	210	_	қазір	қазір	linguistic	_	_	End=316.657
211-0	SPK1133	Falling	211	_	Мммм	Мммм	linguistic	_	_	Begin=317.879|End=318.61
212-0	SPK1133	undefined	212	_	Upper	Upper	linguistic	_	_	Begin=320.771
212-1	SPK1133	undefined	212	_	angle	angle	linguistic	_	_	End=321.966
213-0	SPK1133	undefined	213	_	object	object	linguistic	_	_	Begin=321.966|End=322.637
214-0	SPK1133	undefined	214	_	center	center	linguistic	_	_	Begin=322.758|End=323.503
215-0	SPK1133	Falling	215	_	дейді	дейді	linguistic	_	_	Begin=323.516|End=324.047
216-0	SPK1133	undefined	216	_	(H)	(H)	inhale	_	_	Begin=324.08|End=325.02
217-0	SPK1133	undefined	217	_	Так	Так	linguistic	_	_	Begin=325.174|End=326.228
218-0	SPK1133	undefined	218	_	мынау	мынау	linguistic	_	_	Begin=328.838|End=329.55
219-0	SPK1133	Rising	219	_	баспалдақтағы	баспалдақтағы	linguistic	_	_	Begin=329.55|End=331.14
220-0	SPK1133	undefined	220	_	ыыы	ыыы	linguistic	_	_	Begin=331.798|End=332.402
221-0	SPK1133	undefined	221	_	I	I	linguistic	_	_	Begin=332.583
221-1	SPK1133	undefined	221	_	think	think	linguistic	_	_	_
221-2	SPK1133	undefined	221	_	we	we	linguistic	_	_	_
221-3	SPK1133	undefined	221	_	can	can	linguistic	_	_	_
221-4	SPK1133	undefined	221	_	do	do	linguistic	_	_	_
221-5	SPK1133	undefined	221	_	it	it	linguistic	_	_	_
221-6	SPK1133	undefined	221	_	at	at	linguistic	_	_	End=334.026
222-0	SPK1133	Falling	222	_	uni	uni	linguistic	_	_	Begin=334.093
222-1	SPK1133	Falling	222	_	maybe	maybe	linguistic	_	_	End=335.261
223-0	SPK1133	undefined	223	_	It's	It's	linguistic	_	_	Begin=335.892|End=336.489
224-0	SPK1133	Falling	224	_	possible	possible	linguistic	_	_	Begin=336.597|End=337.241
225-0	SPK1133	undefined	225	_	Атриумда	Атриумда	linguistic	_	_	Begin=337.342
225-1	SPK1133	undefined	225	_	отырып	отырып	linguistic	_	_	End=338.657
226-0	SPK1133	undefined	226	_	ана	ана	linguistic	_	_	Begin=338.872|End=339.335
227-0	SPK1133	undefined	227	_	ыы	ыы	linguistic	_	_	Begin=339.489|End=339.979
228-0	SPK1133	Falling	228	_	үстінен	үстінен	linguistic	_	_	Begin=339.979
228-1	SPK1133	Falling	228	_	түсіріп	түсіріп	linguistic	_	_	End=341.315
229-0	SPK1132	Rising	229	_	Қалай	Қалай	linguistic	_	_	Begin=341.033
229-1	SPK1132	Rising	229	_	кіреміз	кіреміз	linguistic	_	_	_
229-2	SPK1132	Rising	229	_	барлығымыз	барлығымыз	linguistic	_	_	End=342.651
230-0	SPK1133	undefined	230	_	Жоқ	Жоқ	linguistic	_	_	Begin=343.778|End=344.194
231-0	SPK1133	undefined	231	_	ыыы	ыыы	linguistic	_	_	Begin=344.429
231-1	SPK1133	undefined	231	_	maybe	maybe	linguistic	_	_	End=345.315
232-0	SPK1133	Falling	232	_	at	at	linguistic	_	_	Begin=345.335
232-1	SPK1133	Falling	232	_	the	the	linguistic	_	_	_
232-2	SPK1133	Falling	232	_	graduation	graduation	linguistic	_	_	_
232-3	SPK1133	Falling	232	_	day	day	linguistic	_	_	End=346.885
233-0	SPK1132	undefined	233	_	Мхм	Мхм	linguistic	_	_	Begin=349.691|End=350.14
234-0	SPK1132	Falling	234	_	这个不需要特别大的打光啥的	这个不需要特别大的打光啥的	linguistic	_	_	Begin=350.14
234-1	SPK1132	Falling	234	_	ғой	ғой	linguistic	_	_	End=352.275
235-0	SPK1133	undefined	235	_	like	like	linguistic	_	_	Begin=350.651|End=351.302
236-0	SPK1133	Falling	236	_	Иә	Иә	linguistic	_	_	Begin=352.308|End=352.959
237-0	SPK1133	undefined	237	_	It's	It's	linguistic	_	_	Begin=353.476
237-1	SPK1133	undefined	237	_	just	just	linguistic	_	_	_
237-2	SPK1133	undefined	237	_	like	like	linguistic	_	_	_
237-3	SPK1133	undefined	237	_	maybe	maybe	linguistic	_	_	End=354.469
238-0	SPK1133	undefined	238	_	кімдер	кімдер	linguistic	_	_	Begin=354.469|End=355.06
239-0	SPK1133	Falling	239	_	түсіріп	түсіріп	linguistic	_	_	Begin=355.06
239-1	SPK1133	Falling	239	_	береді	береді	linguistic	_	_	End=356.167
240-0	SPK1132	Falling	240	_	相机	相机	linguistic	_	_	Begin=357.107
240-1	SPK1132	Falling	240	_	түсіп	түсіп	linguistic	_	_	_
240-2	SPK1132	Falling	240	_	кетпесе	кетпесе	linguistic	_	_	_
240-3	SPK1132	Falling	240	_	болды	болды	linguistic	_	_	_
240-4	SPK1132	Falling	240	_	ғой	ғой	linguistic	_	_	_
240-5	SPK1132	Falling	240	_	@@@	@@@	linguistic	_	_	End=358.818
241-0	SPK1133	Falling	241	_	Ыыыы	Ыыыы	linguistic	_	_	Begin=359.127|End=360.365
242-0	SPK1133	undefined	242	_	It	It	linguistic	_	_	Begin=363.59
242-1	SPK1133	undefined	242	_	doesn't	doesn't	linguistic	_	_	_
242-2	SPK1133	undefined	242	_	have	have	linguistic	_	_	End=364.664
243-0	SPK1132	undefined	243	_	Короче	Короче	linguistic	_	_	Begin=364.033|End=364.637
244-0	SPK1132	undefined	244	_	Мына	Мына	linguistic	_	_	Begin=364.637|End=365.053
245-0	SPK1133	undefined	245	_	to	to	linguistic	_	_	Begin=364.664
245-1	SPK1133	undefined	245	_	跟相机没#	跟相机没#	linguistic	_	_	End=366.711
246-0	SPK1132	undefined	246	_	这个	这个	linguistic	_	_	Begin=365.053
246-1	SPK1132	undefined	246	_	这个	这个	linguistic	_	_	End=365.885
247-0	SPK1132	undefined	247	_	这个	这个	linguistic	_	_	Begin=366.241|End=366.577
248-0	SPK1132	undefined	248	_	这个	这个	linguistic	_	_	Begin=366.577|End=367.355
249-0	SPK1133	Rising	249	_	Мхм	Мхм	linguistic	_	_	Begin=366.812|End=367.382
250-0	SPK1132	Rising	250	_	相机	相机	linguistic	_	_	Begin=367.718
250-1	SPK1132	Rising	250	_	болмаса	болмаса	linguistic	_	_	_
250-2	SPK1132	Rising	250	_	мынандай	мынандай	linguistic	_	_	_
250-3	SPK1132	Rising	250	_	не	не	linguistic	_	_	_
250-4	SPK1132	Rising	250	_	шықпайды	шықпайды	linguistic	_	_	_
250-5	SPK1132	Rising	250	_	ғой	ғой	linguistic	_	_	End=370.073
251-0	SPK1132	undefined	251	_	(H)	(H)	inhale	_	_	Begin=370.953|End=371.308
252-0	SPK1132	undefined	252	_	Тіпті	Тіпті	linguistic	_	_	Begin=371.308
252-1	SPK1132	undefined	252	_	мынаны	мынаны	linguistic	_	_	End=372.053
253-0	SPK1133	undefined	253	_	选人	选人	linguistic	_	_	Begin=371.335
253-1	SPK1133	undefined	253	_	？	？	linguistic	_	_	End=372.47
254-0	SPK1132	undefined	254	_	кімдермен	кімдермен	linguistic	_	_	Begin=372.053|End=372.879
255-0	SPK1132	undefined	255	_	¬Фариза	Фариза	linguistic	_	Anonymized=Yes	Begin=372.879
255-1	SPK1132	undefined	255	_	түсіргенде	түсіргенде	linguistic	_	_	_
255-2	SPK1132	undefined	255	_	осылай	осылай	linguistic	_	_	_
255-3	SPK1132	undefined	255	_	түсірейік	түсірейік	linguistic	_	_	_
255-4	SPK1132	undefined	255	_	сосын	сосын	linguistic	_	_	_
255-5	SPK1132	undefined	255	_	大学	大学	linguistic	_	_	_
255-6	SPK1132	undefined	255	_	-да	-да	linguistic	_	_	_
255-7	SPK1132	undefined	255	_	да	да	linguistic	_	_	End=375.295
256-0	SPK1132	Falling	256	_	түсіріп	түсіріп	linguistic	_	_	Begin=375.302
256-1	SPK1132	Falling	256	_	көрейік	көрейік	linguistic	_	_	End=375.932
257-0	SPK1132	undefined	257	_	мынаны	мынаны	linguistic	_	_	Begin=376.12
257-1	SPK1132	undefined	257	_	екі	екі	linguistic	_	_	End=376.893
258-0	SPK1133	Falling	258	_	Ок	Ок	linguistic	_	_	Begin=376.805|End=377.382
259-0	SPK1132	Falling	259	_	Ой	Ой	linguistic	_	_	Begin=377.597
259-1	SPK1132	Falling	259	_	үстіне	үстіне	linguistic	_	_	_
259-2	SPK1132	Falling	259	_	жаза	жаза	linguistic	_	_	_
259-3	SPK1132	Falling	259	_	берейікші	берейікші	linguistic	_	_	End=378.872
260-0	SPK1133	undefined	260	_	(H)	(H)	inhale	_	_	Begin=379.167|End=380.087
261-0	SPK1133	undefined	261	_	Сен	Сен	linguistic	_	_	Begin=380.429
261-1	SPK1133	undefined	261	_	жаза	жаза	linguistic	_	_	_
261-2	SPK1133	undefined	261	_	ғой	ғой	linguistic	_	_	_
261-3	SPK1133	undefined	261	_	сен	сен	linguistic	_	_	End=381.651
262-0	SPK1132	undefined	262	_	Сен	Сен	linguistic	_	_	Begin=380.469
262-1	SPK1132	undefined	262	_	жазуың	жазуың	linguistic	_	_	End=381.087
263-0	SPK1132	Falling	263	_	сен	сен	linguistic	_	_	Begin=381.335
263-1	SPK1132	Falling	263	_	жазуың	жазуың	linguistic	_	_	_
263-2	SPK1132	Falling	263	_	жақсырақ	жақсырақ	linguistic	_	_	_
263-3	SPK1132	Falling	263	_	қойшы	қойшы	linguistic	_	_	End=382.57
264-0	SPK1133	Falling	264	_	Давай	Давай	linguistic	_	_	Begin=383.536|End=384.233
265-0	SPK1132	Falling	265	_	充电	充电	linguistic	_	_	Begin=384.033
265-1	SPK1132	Falling	265	_	болып	болып	linguistic	_	_	_
265-2	SPK1132	Falling	265	_	тұр	тұр	linguistic	_	_	_
265-3	SPK1132	Falling	265	_	ма	ма	linguistic	_	_	_
265-4	SPK1132	Falling	265	_	екен	екен	linguistic	_	_	_
265-5	SPK1132	Falling	265	_	мынау	мынау	linguistic	_	_	End=385.221
266-0	SPK1132	undefined	266	_	Ана	Ана	linguistic	_	_	Begin=385.228
266-1	SPK1132	undefined	266	_	жақта	жақта	linguistic	_	_	End=385.798
267-0	SPK1132	Falling	267	_	充电	充电	linguistic	_	_	Begin=385.798
267-1	SPK1132	Falling	267	_	сияқты	сияқты	linguistic	_	_	_
267-2	SPK1132	Falling	267	_	болған	болған	linguistic	_	_	_
267-3	SPK1132	Falling	267	_	еді	еді	linguistic	_	_	End=387.355
268-0	SPK1133	undefined	268	_	你有没有	你有没有	linguistic	_	_	Begin=387.281|End=387.711
269-0	SPK1133	undefined	269	_	把我上次说的那些	把我上次说的那些	linguistic	_	_	Begin=387.711|End=389.154
270-0	SPK1133	Rising	270	_	қосып	қосып	linguistic	_	_	Begin=389.302
270-1	SPK1133	Rising	270	_	қойдың	қойдың	linguistic	_	_	_
270-2	SPK1133	Rising	270	_	ба	ба	linguistic	_	_	End=390.503
271-0	SPK1132	Falling	271	_	我没加那些	我没加那些	linguistic	_	_	Begin=389.637|End=390.651
272-0	SPK1133	Falling	272	_	Ок	Ок	linguistic	_	_	Begin=390.677|End=391.288
273-0	SPK1133	undefined	273	_	存了吗	存了吗	linguistic	_	_	Begin=391.63
273-1	SPK1133	undefined	273	_	？	？	linguistic	_	_	End=392.523
274-0	SPK1132	Falling	274	_	存了	存了	linguistic	_	_	Begin=392.583|End=393.261
275-0	SPK1132	Falling	275	_	在我手机里	在我手机里	linguistic	_	_	Begin=393.664|End=394.791
276-0	SPK1133	undefined	276	_	Қай	Қай	linguistic	_	_	Begin=393.704
276-1	SPK1133	undefined	276	_	жерде	жерде	linguistic	_	_	_
276-2	SPK1133	undefined	276	_	сенің	сенің	linguistic	_	_	End=394.751
277-0	SPK1133	Rising	277	_	телефоныңда	телефоныңда	linguistic	_	_	Begin=394.751
277-1	SPK1133	Rising	277	_	ма	ма	linguistic	_	_	End=395.724
278-0	SPK1133	undefined	278	_	Онда	Онда	linguistic	_	_	Begin=395.738
278-1	SPK1133	undefined	278	_	Airdrop-пен	Airdrop-пен	linguistic	_	_	End=396.771
279-0	SPK1133	Rising	279	_	жібере	жібере	linguistic	_	_	Begin=396.771
279-1	SPK1133	Rising	279	_	салшы	салшы	linguistic	_	_	End=397.671
280-0	SPK1133	Falling	280	_	¬Есбол	Есбол	linguistic	_	Anonymized=Yes	Begin=399.08
280-1	SPK1133	Falling	280	_	может	может	linguistic	_	_	_
280-2	SPK1133	Falling	280	_	我们新开一个	我们新开一个	linguistic	_	_	End=401.14
281-0	SPK1133	undefined	281	_	Әлде	Әлде	linguistic	_	_	Begin=401.476|End=402.033
282-0	SPK1133	undefined	282	_	Is	Is	linguistic	_	_	Begin=402.469|End=402.912
283-0	SPK1133	Rising	283	_	too	too	linguistic	_	_	Begin=403.02
283-1	SPK1133	Rising	283	_	complicated	complicated	linguistic	_	_	_
283-2	SPK1133	Rising	283	_	болып	болып	linguistic	_	_	_
283-3	SPK1133	Rising	283	_	кете	кете	linguistic	_	_	_
283-4	SPK1133	Rising	283	_	ма	ма	linguistic	_	_	End=405.107
284-0	SPK1132	undefined	284	_	新	新	linguistic	_	_	Begin=403.026|End=403.335
285-0	SPK1132	undefined	285	_	新开一个吧	新开一个吧	linguistic	_	_	Begin=403.818|End=404.61
286-0	SPK1132	undefined	286	_	那就	那就	linguistic	_	_	Begin=404.61|End=405.187
287-0	SPK1132	Falling	287	_	新开一个吧	新开一个吧	linguistic	_	_	Begin=405.214|End=406.013
288-0	SPK1133	Falling	288	_	嗯	嗯	linguistic	_	_	Begin=406.187
288-1	SPK1133	Falling	288	_	新开一个吧	新开一个吧	linguistic	_	_	End=407.302
289-0	SPK1132	undefined	289	_	这个	这个	linguistic	_	_	Begin=407.422|End=407.966
290-0	SPK1132	undefined	290	_	##	##	unknown	_	_	Begin=408.248|End=409.281
291-0	SPK1132	Falling	291	_	要不直接就往下面的	要不直接就往下面的	linguistic	_	_	Begin=410.563
291-1	SPK1132	Falling	291	_	папка	папка	linguistic	_	_	_
291-2	SPK1132	Falling	291	_	里面加就行了	里面加就行了	linguistic	_	_	End=412.946
292-0	SPK1133	undefined	292	_	Жоқ	Жоқ	linguistic	_	_	Begin=412.583
292-1	SPK1133	undefined	292	_	жоқ	жоқ	linguistic	_	_	End=413.557
293-0	SPK1132	undefined	293	_	#	#	unknown	_	_	Begin=413.06|End=413.583
294-0	SPK1133	Falling	294	_	түсініксіз	түсініксіз	linguistic	_	_	Begin=413.557
294-1	SPK1133	Falling	294	_	болып	болып	linguistic	_	_	_
294-2	SPK1133	Falling	294	_	кететін	кететін	linguistic	_	_	_
294-3	SPK1133	Falling	294	_	сияқты	сияқты	linguistic	_	_	End=415.389
295-0	SPK1132	Falling	295	_	这里面全是那些的呀	这里面全是那些的呀	linguistic	_	_	Begin=414.932|End=416.345
296-0	SPK1133	undefined	296	_	(H)	(H)	inhale	_	_	Begin=415.691|End=416.516
297-0	SPK1133	undefined	297	_	Фан	Фан	linguistic	_	_	Begin=417.469|End=418.751
298-0	SPK1133	undefined	298	_	ноутбук	ноутбук	linguistic	_	_	Begin=418.751|End=419.355
299-0	SPK1133	Rising	299	_	иә	иә	linguistic	_	_	Begin=419.355|End=419.865
300-0	SPK1132	Falling	300	_	Ын	Ын	linguistic	_	_	Begin=419.959|End=420.503
301-0	SPK1133	undefined	301	_	CLICK	CLICK	linguistic	_	_	Begin=420.315|End=420.751
302-0	SPK1132	Rising	302	_	WHISPER	WHISPER	linguistic	_	_	Begin=422.181
302-1	SPK1132	Rising	302	_	Сен	Сен	linguistic	_	_	_
302-2	SPK1132	Rising	302	_	маған	маған	linguistic	_	_	_
302-3	SPK1132	Rising	302	_	қалай	қалай	linguistic	_	_	_
302-4	SPK1132	Rising	302	_	жіберген	жіберген	linguistic	_	_	_
302-5	SPK1132	Rising	302	_	едің	едің	linguistic	_	_	End=424.114
303-0	SPK1133	Falling	303	_	Flowers	Flowers	linguistic	_	_	Begin=427.127|End=428.174
304-0	SPK1133	undefined	304	_	#	#	unknown	_	_	Begin=429.228|End=430.093
305-0	SPK1133	undefined	305	_	(H)	(H)	inhale	_	_	Begin=430.651
305-1	SPK1133	undefined	305	_	CREAKY	CREAKY	linguistic	_	_	_
305-2	SPK1133	undefined	305	_	ыыы	ыыы	linguistic	_	_	End=432.583
306-0	SPK1133	undefined	306	_	Айттым	Айттым	linguistic	_	_	Begin=432.731
306-1	SPK1133	undefined	306	_	ғой	ғой	linguistic	_	_	_
306-2	SPK1133	undefined	306	_	иә	иә	linguistic	_	_	_
306-3	SPK1133	undefined	306	_	那个	那个	linguistic	_	_	End=433.684
307-0	SPK1133	undefined	307	_	点点	点点	linguistic	_	_	Begin=433.684|End=434.234
308-0	SPK1133	undefined	308	_	ең	ең	linguistic	_	_	Begin=434.234
308-1	SPK1133	undefined	308	_	жақсы	жақсы	linguistic	_	_	End=435.006
309-0	SPK1133	Rising	309	_	ең	ең	linguistic	_	_	Begin=435.006
309-1	SPK1133	Rising	309	_	ыңғайлы	ыңғайлы	linguistic	_	_	_
309-2	SPK1133	Rising	309	_	шығады	шығады	linguistic	_	_	_
309-3	SPK1133	Rising	309	_	иә	иә	linguistic	_	_	End=436.523
310-0	SPK1133	Falling	310	_	Басқаларға	Басқаларға	linguistic	_	_	Begin=436.912
310-1	SPK1133	Falling	310	_	қарағанда	қарағанда	linguistic	_	_	End=438.006
311-0	SPK1133	undefined	311	_	那个	那个	linguistic	_	_	Begin=438.328
311-1	SPK1133	undefined	311	_	bullet	bullet	linguistic	_	_	_
311-2	SPK1133	undefined	311	_	journal	journal	linguistic	_	_	_
311-3	SPK1133	undefined	311	_	деген	деген	linguistic	_	_	End=439.711
312-0	SPK1133	Falling	312	_	就是这种点点	就是这种点点	linguistic	_	_	Begin=439.711
312-1	SPK1133	Falling	312	_	ғой	ғой	linguistic	_	_	End=441.067
313-0	SPK1132	Falling	313	_	Ммм	Ммм	linguistic	_	_	Begin=441.51|End=442.308
314-0	SPK1133	undefined	314	_	Бірақ	Бірақ	linguistic	_	_	Begin=442.771
314-1	SPK1133	undefined	314	_	та	та	linguistic	_	_	_
314-2	SPK1133	undefined	314	_	осы	осы	linguistic	_	_	_
314-3	SPK1133	undefined	314	_	жақта	жақта	linguistic	_	_	End=443.698
315-0	SPK1133	undefined	315	_	就是买不到那种我喜欢的暖色的	就是买不到那种我喜欢的暖色的	linguistic	_	_	Begin=443.919
315-1	SPK1133	undefined	315	_	。	。	linguistic	_	_	End=446.268
316-0	SPK1133	Continuing	316	_	Болды	Болды	linguistic	_	_	Begin=447.563|End=448.098
317-0	SPK1133	Rising	317	_	сен	сен	linguistic	_	_	Begin=451.375
317-1	SPK1133	Rising	317	_	сақтадың	сақтадың	linguistic	_	_	_
317-2	SPK1133	Rising	317	_	ба	ба	linguistic	_	_	End=452.107
318-0	SPK1133	Rising	318	_	Былай	Былай	linguistic	_	_	Begin=452.107
318-1	SPK1133	Rising	318	_	қарай	қарай	linguistic	_	_	_
318-2	SPK1133	Rising	318	_	салсай	салсай	linguistic	_	_	End=453.265
319-0	SPK1132	undefined	319	_	那个	那个	linguistic	_	_	Begin=453.469|End=453.885
320-0	SPK1132	Falling	320	_	看不到	看不到	linguistic	_	_	Begin=453.885
320-1	SPK1132	Falling	320	_	екен	екен	linguistic	_	_	End=454.801
321-0	SPK1133	Rising	321	_	Неге	Неге	linguistic	_	_	Begin=455.61|End=456.127
322-0	SPK1132	undefined	322	_	Мм	Мм	linguistic	_	_	Begin=456.675
322-1	SPK1132	undefined	322	_	我看了	我看了	linguistic	_	_	_
322-2	SPK1132	undefined	322	_	。	。	linguistic	_	_	End=457.504
323-0	SPK1133	undefined	323	_	Давай	Давай	linguistic	_	_	Begin=459.51|End=460.033
324-0	SPK1133	Falling	324	_	істеп	істеп	linguistic	_	_	Begin=460.04
324-1	SPK1133	Falling	324	_	көрейікші	көрейікші	linguistic	_	_	End=461.134
325-0	SPK1133	undefined	325	_	#	#	unknown	_	_	Begin=466.261
325-1	SPK1133	undefined	325	_	怎么看不到？	怎么看不到？	linguistic	_	_	End=467.597
326-0	SPK1132	undefined	326	_	奥:	奥	linguistic	_	Prolongation=0	Begin=472.138|End=473.14
327-0	SPK1132	undefined	327	_	我懂你的意思了。	我懂你的意思了。	linguistic	_	_	Begin=473.14|End=474.356
328-0	SPK1133	Rising	328	_	Түсінбедім	Түсінбедім	linguistic	_	_	Begin=474.255|End=474.966
329-0	SPK1133	undefined	329	_	Сен	Сен	linguistic	_	_	Begin=474.986
329-1	SPK1133	undefined	329	_	не	не	linguistic	_	_	_
329-2	SPK1133	undefined	329	_	нәрседен	нәрседен	linguistic	_	_	End=476.362
330-0	SPK1133	Rising	330	_	таппадым	таппадым	linguistic	_	_	Begin=476.362
330-1	SPK1133	Rising	330	_	дегеніңді	дегеніңді	linguistic	_	_	End=477.711
331-0	SPK1132	Falling	331	_	Сен	Сен	linguistic	_	_	Begin=477.885
331-1	SPK1132	Falling	331	_	бір	бір	linguistic	_	_	_
331-2	SPK1132	Falling	331	_	маған	маған	linguistic	_	_	_
331-3	SPK1132	Falling	331	_	聊天记录	聊天记录	linguistic	_	_	_
331-4	SPK1132	Falling	331	_	-ларды	-ларды	linguistic	_	_	_
331-5	SPK1132	Falling	331	_	жіберіп	жіберіп	linguistic	_	_	_
331-6	SPK1132	Falling	331	_	бердің	бердің	linguistic	_	_	_
331-7	SPK1132	Falling	331	_	ғой	ғой	linguistic	_	_	End=480.08
332-0	SPK1133	Continuing	332	_	А	А	linguistic	_	_	Begin=479.53|End=480.068
333-0	SPK1133	undefined	333	_	ещё	ещё	linguistic	_	_	Begin=480.068
333-1	SPK1133	undefined	333	_	first	first	linguistic	_	_	_
333-2	SPK1133	undefined	333	_	look	look	linguistic	_	_	_
333-3	SPK1133	undefined	333	_	-дар	-дар	linguistic	_	_	End=481.255
334-0	SPK1133	undefined	334	_	ана	ана	linguistic	_	_	Begin=481.255
334-1	SPK1133	undefined	334	_	look	look	linguistic	_	_	_
334-2	SPK1133	undefined	334	_	-дарды	-дарды	linguistic	_	_	End=482.375
335-0	SPK1133	Falling	335	_	тоже	тоже	linguistic	_	_	Begin=482.375
335-1	SPK1133	Falling	335	_	жібере	жібере	linguistic	_	_	_
335-2	SPK1133	Falling	335	_	салшы	салшы	linguistic	_	_	End=484.107
336-0	SPK1132	Falling	336	_	Оны	Оны	linguistic	_	_	Begin=482.765
336-1	SPK1132	Falling	336	_	телеграмға	телеграмға	linguistic	_	_	_
336-2	SPK1132	Falling	336	_	жіберіп	жіберіп	linguistic	_	_	_
336-3	SPK1132	Falling	336	_	қойдым	қойдым	linguistic	_	_	_
336-4	SPK1132	Falling	336	_	уже	уже	linguistic	_	_	End=484.342
337-0	SPK1133	Continuing	337	_	Телеграмға	Телеграмға	linguistic	_	_	Begin=484.597
337-1	SPK1133	Continuing	337	_	емес	емес	linguistic	_	_	End=485.59
338-0	SPK1133	Falling	338	_	Air	Air	linguistic	_	_	Begin=485.59
338-1	SPK1133	Falling	338	_	drop-пен	drop-пен	linguistic	_	_	_
338-2	SPK1133	Falling	338	_	жібере	жібере	linguistic	_	_	_
338-3	SPK1133	Falling	338	_	салшы	салшы	linguistic	_	_	End=487.349
339-0	SPK1133	undefined	339	_	Телеграмнан	Телеграмнан	linguistic	_	_	Begin=487.664
339-1	SPK1133	undefined	339	_	download	download	linguistic	_	_	End=488.838
340-0	SPK1132	undefined	340	_	好	好	linguistic	_	_	Begin=487.677|End=488.375
341-0	SPK1133	Falling	341	_	етіп	етіп	linguistic	_	_	Begin=488.838
341-1	SPK1133	Falling	341	_	жүретін	жүретін	linguistic	_	_	_
341-2	SPK1133	Falling	341	_	емес	емес	linguistic	_	_	End=490.0
342-0	SPK1132	Falling	342	_	这里面有	这里面有	linguistic	_	_	Begin=490.342
342-1	SPK1132	Falling	342	_	телеграм	телеграм	linguistic	_	_	End=491.449
343-0	SPK1133	undefined	343	_	Иә	Иә	linguistic	_	_	Begin=491.932
343-1	SPK1133	undefined	343	_	but	but	linguistic	_	_	_
343-2	SPK1133	undefined	343	_	it's	it's	linguistic	_	_	End=492.877
344-0	SPK1133	undefined	344	_	麻烦死了	麻烦死了	linguistic	_	_	Begin=493.261
344-1	SPK1133	undefined	344	_	。	。	linguistic	_	_	End=494.134
345-0	SPK1133	Falling	345	_	Жарайды	Жарайды	linguistic	_	_	Begin=494.409
345-1	SPK1133	Falling	345	_	қазір	қазір	linguistic	_	_	_
345-2	SPK1133	Falling	345	_	істеймін	істеймін	linguistic	_	_	End=495.335
346-0	SPK1132	undefined	346	_	你先把那个存起来	你先把那个存起来	linguistic	_	_	Begin=495.684
346-1	SPK1132	undefined	346	_	，	，	linguistic	_	_	End=496.96
347-0	SPK1133	Rising	347	_	saved	saved	linguistic	_	_	Begin=496.872
347-1	SPK1133	Rising	347	_	message	message	linguistic	_	_	End=497.852
348-0	SPK1132	undefined	348	_	没有	没有	linguistic	_	_	Begin=498.328
348-1	SPK1132	undefined	348	_	？	？	linguistic	_	_	End=498.885
349-0	SPK1132	undefined	349	_	给你发了呀	给你发了呀	linguistic	_	_	Begin=498.885
349-1	SPK1132	undefined	349	_	？	？	linguistic	_	_	End=499.402
350-0	SPK1132	undefined	350	_	个人发了	个人发了	linguistic	_	_	Begin=499.402
350-1	SPK1132	undefined	350	_	。	。	linguistic	_	_	End=500.322
351-0	SPK1133	Interrupted	351	_	Ж-	Ж-	linguistic	_	Interrupted=Yes	Begin=501.489|End=502.221
352-0	SPK1133	Falling	352	_	Жоқ	Жоқ	linguistic	_	_	Begin=502.221
352-1	SPK1133	Falling	352	_	қой	қой	linguistic	_	_	End=502.872
353-0	SPK1132	Falling	353	_	发了呀	发了呀	linguistic	_	_	Begin=507.932|End=508.724
354-0	SPK1133	Rising	354	_	没有来	没有来	linguistic	_	_	Begin=508.954|End=509.926
355-0	SPK1132	Continuing	355	_	没有	没有	linguistic	_	_	Begin=511.63|End=512.033
356-0	SPK1132	undefined	356	_	网是不是有点不太对劲	网是不是有点不太对劲	linguistic	_	_	Begin=512.033
356-1	SPK1132	undefined	356	_	？	？	linguistic	_	_	End=513.087
357-0	SPK1132	Falling	357	_	我的也连不上网	我的也连不上网	linguistic	_	_	Begin=513.087|End=514.107
358-0	SPK1132	Falling	358	_	等一下	等一下	linguistic	_	_	Begin=514.456|End=515.1
359-0	SPK1133	Falling	359	_	Сол	Сол	linguistic	_	_	Begin=515.979
359-1	SPK1133	Falling	359	_	Air	Air	linguistic	_	_	_
359-2	SPK1133	Falling	359	_	drop-пен	drop-пен	linguistic	_	_	_
359-3	SPK1133	Falling	359	_	жібере	жібере	linguistic	_	_	_
359-4	SPK1133	Falling	359	_	салшы	салшы	linguistic	_	_	End=518.422
360-0	SPK1132	Falling	360	_	Қазір	Қазір	linguistic	_	_	Begin=518.127|End=518.778
361-0	SPK1133	undefined	361	_	##	##	unknown	_	_	Begin=518.718|End=519.919
362-0	SPK1132	undefined	362	_	我先把那个啥	我先把那个啥	linguistic	_	_	Begin=518.785|End=519.684
363-0	SPK1132	Falling	363	_	іздеп	іздеп	linguistic	_	_	Begin=519.684
363-1	SPK1132	Falling	363	_	алайыншы	алайыншы	linguistic	_	_	_
363-2	SPK1132	Falling	363	_	ана	ана	linguistic	_	_	End=520.778
364-0	SPK1132	undefined	364	_	(H)	(H)	inhale	_	_	Begin=521.382|End=522.06
365-0	SPK1132	Falling	365	_	Қазір	Қазір	linguistic	_	_	Begin=522.067|End=522.744
366-0	SPK1133	undefined	366	_	What	What	linguistic	_	_	Begin=522.953
366-1	SPK1133	undefined	366	_	do	do	linguistic	_	_	_
366-2	SPK1133	undefined	366	_	you	you	linguistic	_	_	_
366-3	SPK1133	undefined	366	_	need	need	linguistic	_	_	_
366-4	SPK1133	undefined	366	_	？	？	linguistic	_	_	End=523.906
367-0	SPK1132	Falling	367	_	你还给我发了一堆聊天记录	你还给我发了一堆聊天记录	linguistic	_	_	Begin=524.396
367-1	SPK1132	Falling	367	_	ғой	ғой	linguistic	_	_	End=526.302
368-0	SPK1132	Falling	368	_	照片	照片	linguistic	_	_	Begin=527.187|End=528.0
369-0	SPK1133	Rising	369	_	Қандай	Қандай	linguistic	_	_	Begin=527.228|End=528.22
370-0	SPK1132	Falling	370	_	小红书的一些截图	小红书的一些截图	linguistic	_	_	Begin=528.738|End=529.946
371-0	SPK1133	Rising	371	_	Иә	Иә	linguistic	_	_	Begin=530.53
371-1	SPK1133	Rising	371	_	соның	соның	linguistic	_	_	_
371-2	SPK1133	Rising	371	_	ішінен	ішінен	linguistic	_	_	_
371-3	SPK1133	Rising	371	_	жаңағы	жаңағы	linguistic	_	_	End=531.879
372-0	SPK1133	Rising	372	_	ананың	ананың	linguistic	_	_	Begin=532.798
372-1	SPK1133	Rising	372	_	ішінен	ішінен	linguistic	_	_	_
372-2	SPK1133	Rising	372	_	бар	бар	linguistic	_	_	_
372-3	SPK1133	Rising	372	_	ғой	ғой	linguistic	_	_	End=533.993
373-0	SPK1132	Falling	373	_	这样快点	这样快点	linguistic	_	_	Begin=534.402|End=535.033
374-0	SPK1132	Falling	374	_	你给我那样聊天就直接存下来了#	你给我那样聊天就直接存下来了#	linguistic	_	_	Begin=535.033|End=537.416
375-0	SPK1132	Rising	375	_	Ау	Ау	linguistic	_	_	Begin=538.745
375-1	SPK1132	Rising	375	_	қазір	қазір	linguistic	_	_	_
375-2	SPK1132	Rising	375	_	иә	иә	linguistic	_	_	End=539.859
376-0	SPK1133	undefined	376	_	##	##	unknown	_	_	Begin=540.328|End=541.127
377-0	SPK1132	Falling	377	_	我这是都五月二十多号	我这是都五月二十多号	linguistic	_	_	Begin=540.704|End=542.53
378-0	SPK1133	Rising	378	_	Сосын	Сосын	linguistic	_	_	Begin=542.617|End=543.526
379-0	SPK1132	undefined	379	_	现在	现在	linguistic	_	_	Begin=543.932|End=544.691
380-0	SPK1133	Rising	380	_	Қалай	Қалай	linguistic	_	_	Begin=544.02
380-1	SPK1133	Rising	380	_	түсінбедім	түсінбедім	linguistic	_	_	_
380-2	SPK1133	Rising	380	_	неге	неге	linguistic	_	_	_
380-3	SPK1133	Rising	380	_	былай	былай	linguistic	_	_	_
380-4	SPK1133	Rising	380	_	істей	істей	linguistic	_	_	_
380-5	SPK1133	Rising	380	_	салмайсың	салмайсың	linguistic	_	_	End=546.557
381-0	SPK1132	undefined	381	_	(H)	(H)	inhale	_	_	Begin=554.369|End=555.14
382-0	SPK1133	Falling	382	_	Міне	Міне	linguistic	_	_	Begin=555.912
382-1	SPK1133	Falling	382	_	тұр	тұр	linguistic	_	_	_
382-2	SPK1133	Falling	382	_	ғой	ғой	linguistic	_	_	End=556.931
383-0	SPK1132	Falling	383	_	奥奥奥奥	奥奥奥奥	linguistic	_	_	Begin=555.919|End=557.08
384-0	SPK1132	Falling	384	_	不是很远	不是很远	linguistic	_	_	Begin=557.489
384-1	SPK1132	Falling	384	_	екен	екен	linguistic	_	_	End=558.382
385-0	SPK1132	Falling	385	_	你直接选择	你直接选择	linguistic	_	_	Begin=558.543
385-1	SPK1132	Falling	385	_	-ны	-ны	linguistic	_	_	_
385-2	SPK1132	Falling	385	_	баса	баса	linguistic	_	_	_
385-3	SPK1132	Falling	385	_	сал	сал	linguistic	_	_	End=559.993
386-0	SPK1132	Falling	386	_	奥	奥	linguistic	_	_	Begin=563.543
386-1	SPK1132	Falling	386	_	@	@	linguistic	_	_	End=564.516
387-0	SPK1132	undefined	387	_	##	##	unknown	_	_	Begin=564.785|End=566.268
388-0	SPK1133	undefined	388	_	Хын	Хын	linguistic	_	_	Begin=566.604|End=567.166
389-0	SPK1133	undefined	389	_	CLICK	CLICK	linguistic	_	_	Begin=567.166|End=567.819
390-0	SPK1133	Falling	390	_	给我磕两个头	给我磕两个头	linguistic	_	_	Begin=569.241
390-1	SPK1133	Falling	390	_	десең	десең	linguistic	_	_	_
390-2	SPK1133	Falling	390	_	иә	иә	linguistic	_	_	_
390-3	SPK1133	Falling	390	_	@@@@	@@@@	linguistic	_	_	End=572.261
391-0	SPK1133	undefined	391	_	#	#	unknown	_	_	Begin=572.463|End=573.228
392-0	SPK1132	Falling	392	_	这个存不下吗	这个存不下吗	linguistic	_	_	Begin=573.342|End=574.61
393-0	SPK1133	Rising	393	_	是不是厉害	是不是厉害	linguistic	_	_	Begin=575.241|End=576.575
394-0	SPK1133	Rising	394	_	М	М	linguistic	_	_	Begin=577.053|End=577.476
395-0	SPK1132	Falling	395	_	牛逼	牛逼	linguistic	_	_	Begin=577.959|End=578.609
396-0	SPK1133	undefined	396	_	Ай	Ай	linguistic	_	_	Begin=580.872
396-1	SPK1133	undefined	396	_	бірақ	бірақ	linguistic	_	_	_
396-2	SPK1133	undefined	396	_	та	та	linguistic	_	_	_
396-3	SPK1133	undefined	396	_	неге	неге	linguistic	_	_	End=582.396
397-0	SPK1133	undefined	397	_	ммм	ммм	disfluency	_	_	Begin=582.859|End=583.534
398-0	SPK1132	undefined	398	_	мм	мм	disfluency	_	_	Begin=585.483|End=586.06
399-0	SPK1133	undefined	399	_	就我	就我	linguistic	_	_	Begin=586.805|End=587.335
400-0	SPK1133	undefined	400	_	想搭出一身这样的但是	想搭出一身这样的但是	linguistic	_	_	Begin=587.335|End=589.355
401-0	SPK1133	Falling	401	_	感觉搭不出来撒	感觉搭不出来撒	linguistic	_	_	Begin=589.765|End=590.872
402-0	SPK1132	Falling	402	_	去Zara看一下吧明天	去Zara看一下吧明天	linguistic	_	_	Begin=591.087|End=592.738
403-0	SPK1133	Falling	403	_	Жарайды	Жарайды	linguistic	_	_	Begin=592.53|End=593.315
404-0	SPK1133	undefined	404	_	Мыналарды	Мыналарды	linguistic	_	_	Begin=596.328|End=597.127
405-0	SPK1133	undefined	405	_	I	I	linguistic	_	_	Begin=597.543
405-1	SPK1133	undefined	405	_	think	think	linguistic	_	_	_
405-2	SPK1133	undefined	405	_	it's	it's	linguistic	_	_	_
405-3	SPK1133	undefined	405	_	possible	possible	linguistic	_	_	End=598.852
406-0	SPK1133	undefined	406	_	to	to	linguistic	_	_	Begin=598.852|End=599.442
407-0	SPK1133	Rising	407	_	қайталауға	қайталауға	linguistic	_	_	Begin=600.738|End=601.637
408-0	SPK1133	Rising	408	_	Қалай	Қалай	linguistic	_	_	Begin=603.926
408-1	SPK1133	Rising	408	_	ойлайсың	ойлайсың	linguistic	_	_	End=604.604
409-0	SPK1132	Falling	409	_	Ым	Ым	linguistic	_	_	Begin=604.677|End=605.342
410-0	SPK1133	undefined	410	_	Мынаны	Мынаны	linguistic	_	_	Begin=605.523|End=606.047
411-0	SPK1133	undefined	411	_	мынаны	мынаны	linguistic	_	_	Begin=606.288|End=606.879
412-0	SPK1133	undefined	412	_	мынау	мынау	linguistic	_	_	Begin=607.033
412-1	SPK1133	undefined	412	_	қалай	қалай	linguistic	_	_	_
412-2	SPK1133	undefined	412	_	түсірілген	түсірілген	linguistic	_	_	End=608.06
413-0	SPK1133	Rising	413	_	сонда	сонда	linguistic	_	_	Begin=608.06|End=608.644
414-0	SPK1132	Rising	414	_	Үш	Үш	linguistic	_	_	Begin=609.469
414-1	SPK1132	Rising	414	_	адам	адам	linguistic	_	_	_
414-2	SPK1132	Rising	414	_	түсіріліп	түсіріліп	linguistic	_	_	_
414-3	SPK1132	Rising	414	_	тұр	тұр	linguistic	_	_	_
414-4	SPK1132	Rising	414	_	ғой	ғой	linguistic	_	_	End=610.684
415-0	SPK1133	Rising	415	_	Деп	Деп	linguistic	_	_	Begin=611.751
415-1	SPK1133	Rising	415	_	ойласың	ойласың	linguistic	_	_	_
415-2	SPK1133	Rising	415	_	ба	ба	linguistic	_	_	End=612.489
416-0	SPK1132	Rising	416	_	Иә	Иә	linguistic	_	_	Begin=612.503|End=613.087
417-0	SPK1133	undefined	417	_	I	I	linguistic	_	_	Begin=617.284
417-1	SPK1133	undefined	417	_	think	think	linguistic	_	_	_
417-2	SPK1133	undefined	417	_	мынау	мынау	linguistic	_	_	_
417-3	SPK1133	undefined	417	_	әдемі	әдемі	linguistic	_	_	_
417-4	SPK1133	undefined	417	_	маған	маған	linguistic	_	_	End=618.644
418-0	SPK1133	Falling	418	_	мынау	мынау	linguistic	_	_	Begin=618.644
418-1	SPK1133	Falling	418	_	ұнайды	ұнайды	linguistic	_	_	End=619.53
419-0	SPK1133	undefined	419	_	Ай	Ай	linguistic	_	_	Begin=621.187|End=621.637
420-0	SPK1133	undefined	420	_	неге	неге	linguistic	_	_	Begin=621.637
420-1	SPK1133	undefined	420	_	менің	менің	linguistic	_	_	_
420-2	SPK1133	undefined	420	_	телефонымнан	телефонымнан	linguistic	_	_	End=623.107
421-0	SPK1133	undefined	421	_	Air	Air	linguistic	_	_	Begin=623.107
421-1	SPK1133	undefined	421	_	drop-қылып	drop-қылып	linguistic	_	_	End=623.932
422-0	SPK1133	Rising	422	_	жібере	жібере	linguistic	_	_	Begin=623.932
422-1	SPK1133	Rising	422	_	салмаймыз	салмаймыз	linguistic	_	_	End=625.214
423-0	SPK1132	Rising	423	_	你有吗	你有吗	linguistic	_	_	Begin=627.026|End=627.885
424-0	SPK1133	undefined	424	_	@@	@@	linguistic	_	_	Begin=627.134|End=627.778
425-0	SPK1133	Rising	425	_	А	А	linguistic	_	_	Begin=628.0|End=628.456
426-0	SPK1132	Rising	426	_	你有吗	你有吗	linguistic	_	_	Begin=628.489|End=629.261
427-0	SPK1133	undefined	427	_	Иә	Иә	linguistic	_	_	Begin=629.349
427-1	SPK1133	undefined	427	_	мен	мен	linguistic	_	_	End=630.02
428-0	SPK1133	undefined	428	_	CREAKY	CREAKY	linguistic	_	_	Begin=630.221
428-1	SPK1133	undefined	428	_	ыыы	ыыы	linguistic	_	_	_
428-2	SPK1133	undefined	428	_	өшіріп	өшіріп	linguistic	_	_	_
428-3	SPK1133	undefined	428	_	тастаған	тастаған	linguistic	_	_	_
428-4	SPK1133	undefined	428	_	жоқпын	жоқпын	linguistic	_	_	End=631.57
429-0	SPK1133	Falling	429	_	міне	міне	linguistic	_	_	Begin=631.57|End=632.214
430-0	SPK1133	Falling	430	_	Лайк	Лайк	linguistic	_	_	Begin=632.214
430-1	SPK1133	Falling	430	_	басып	басып	linguistic	_	_	_
430-2	SPK1133	Falling	430	_	қойыппын	қойыппын	linguistic	_	_	End=633.489
431-0	SPK1132	Continuing	431	_	Аа	Аа	linguistic	_	_	Begin=633.422|End=633.966
432-0	SPK1132	undefined	432	_	(H)	(H)	inhale	_	_	Begin=635.302|End=636.818
433-0	SPK1132	Rising	433	_	咋回事	咋回事	linguistic	_	_	Begin=636.818|End=637.302
434-0	SPK1132	Rising	434	_	咋没信号了直接这个房子	咋没信号了直接这个房子	linguistic	_	_	Begin=637.302|End=639.14
435-0	SPK1133	undefined	435	_	Air	Air	linguistic	_	_	Begin=644.234
435-1	SPK1133	undefined	435	_	drop	drop	linguistic	_	_	End=645.308
436-0	SPK1133	undefined	436	_	add	add	linguistic	_	_	Begin=648.203|End=648.677
437-0	SPK1133	Rising	437	_	contact	contact	linguistic	_	_	Begin=648.751
437-1	SPK1133	Rising	437	_	е	е	linguistic	_	_	End=650.013
438-0	SPK1133	Falling	438	_	Сосын	Сосын	linguistic	_	_	Begin=654.765
438-1	SPK1133	Falling	438	_	look	look	linguistic	_	_	_
438-2	SPK1133	Falling	438	_	-тарды	-тарды	linguistic	_	_	_
438-3	SPK1133	Falling	438	_	маған	маған	linguistic	_	_	_
438-4	SPK1133	Falling	438	_	тоже	тоже	linguistic	_	_	_
438-5	SPK1133	Falling	438	_	жібере	жібере	linguistic	_	_	_
438-6	SPK1133	Falling	438	_	салшы	салшы	linguistic	_	_	End=657.053
439-0	SPK1132	Rising	439	_	Осылай	Осылай	linguistic	_	_	Begin=656.973
439-1	SPK1132	Rising	439	_	ма	ма	linguistic	_	_	End=657.9
440-0	SPK1133	Falling	440	_	Мхм	Мхм	linguistic	_	_	Begin=657.932|End=658.53
441-0	SPK1133	undefined	441	_	Тез	Тез	linguistic	_	_	Begin=659.033
441-1	SPK1133	undefined	441	_	да	да	linguistic	_	_	End=659.597
442-0	SPK1133	undefined	442	_	былай	былай	linguistic	_	_	Begin=659.597|End=660.094
443-0	SPK1133	Falling	443	_	істеген	істеген	linguistic	_	_	Begin=660.094|End=660.792
444-0	SPK1133	Falling	444	_	Меніңше	Меніңше	linguistic	_	_	Begin=661.114
444-1	SPK1133	Falling	444	_	енді	енді	linguistic	_	_	End=662.234
445-0	SPK1133	Rising	445	_	What	What	linguistic	_	_	Begin=663.523
445-1	SPK1133	Rising	445	_	do	do	linguistic	_	_	_
445-2	SPK1133	Rising	445	_	you	you	linguistic	_	_	_
445-3	SPK1133	Rising	445	_	think	think	linguistic	_	_	End=664.617
446-0	SPK1133	Falling	446	_	Интернет	Интернет	linguistic	_	_	Begin=665.241
446-1	SPK1133	Falling	446	_	дұрыс	дұрыс	linguistic	_	_	_
446-2	SPK1133	Falling	446	_	істемей	істемей	linguistic	_	_	_
446-3	SPK1133	Falling	446	_	жатыр	жатыр	linguistic	_	_	End=666.463
447-0	SPK1133	undefined	447	_	#	#	unknown	_	_	Begin=667.959|End=668.476
448-0	SPK1133	undefined	448	_	(H)	(H)	inhale	_	_	Begin=668.745|End=669.268
449-0	SPK1133	undefined	449	_	Біз	Біз	linguistic	_	_	Begin=669.268|End=670.048
450-0	SPK1133	undefined	450	_	ыы	ыы	linguistic	_	_	Begin=670.048|End=670.583
451-0	SPK1133	undefined	451	_	нені	нені	linguistic	_	_	Begin=670.583|End=671.355
452-0	SPK1133	undefined	452	_	ана	ана	linguistic	_	_	Begin=671.355|End=671.959
453-0	SPK1133	undefined	453	_	костюммен	костюммен	linguistic	_	_	Begin=672.409
453-1	SPK1133	undefined	453	_	кигенді	кигенді	linguistic	_	_	End=673.516
454-0	SPK1133	Rising	454	_	түсірдік	түсірдік	linguistic	_	_	Begin=673.516
454-1	SPK1133	Rising	454	_	па	па	linguistic	_	_	End=674.469
455-0	SPK1132	undefined	455	_	Түсірдік	Түсірдік	linguistic	_	_	Begin=674.939|End=675.852
456-0	SPK1133	Falling	456	_	Ok	Ok	linguistic	_	_	Begin=677.281
456-1	SPK1133	Falling	456	_	then	then	linguistic	_	_	End=678.278
457-0	SPK1133	undefined	457	_	(H)	(H)	inhale	_	_	Begin=678.637|End=680.228
458-0	SPK1133	undefined	458	_	ыы	ыы	linguistic	_	_	Begin=681.55|End=682.161
459-0	SPK1133	undefined	459	_	first	first	linguistic	_	_	Begin=682.161
459-1	SPK1133	undefined	459	_	look	look	linguistic	_	_	End=682.932
460-0	SPK1133	undefined	460	_	деп	деп	linguistic	_	_	Begin=682.932|End=683.382
461-0	SPK1133	Rising	461	_	жазайын	жазайын	linguistic	_	_	Begin=683.382
461-1	SPK1133	Rising	461	_	ба	ба	linguistic	_	_	End=684.087
462-0	SPK1132	Falling	462	_	#	#	unknown	_	_	Begin=684.724
462-1	SPK1132	Falling	462	_	from	from	linguistic	_	_	_
462-2	SPK1132	Falling	462	_	look	look	linguistic	_	_	_
462-3	SPK1132	Falling	462	_	two	two	linguistic	_	_	End=686.0
463-0	SPK1132	Rising	463	_	还开着呢吗	还开着呢吗	linguistic	_	_	Begin=688.369|End=689.497
464-0	SPK1133	Continuing	464	_	Иә	Иә	linguistic	_	_	Begin=690.503|End=691.181
465-0	SPK1133	undefined	465	_	it's	it's	linguistic	_	_	Begin=691.234
465-1	SPK1133	undefined	465	_	open	open	linguistic	_	_	End=692.094
466-0	SPK1133	Rising	466	_	қайтадан	қайтадан	linguistic	_	_	Begin=693.892
466-1	SPK1133	Rising	466	_	ашайын	ашайын	linguistic	_	_	_
466-2	SPK1133	Rising	466	_	ба	ба	linguistic	_	_	End=694.785
467-0	SPK1132	Falling	467	_	Мхм	Мхм	linguistic	_	_	Begin=695.224|End=695.823
468-0	SPK1132	undefined	468	_	##	##	unknown	_	_	Begin=698.671|End=699.651
469-0	SPK1133	Falling	469	_	CLICK	CLICK	linguistic	_	_	Begin=701.879
469-1	SPK1133	Falling	469	_	ой	ой	linguistic	_	_	_
469-2	SPK1133	Falling	469	_	омен	омен	linguistic	_	_	_
469-3	SPK1133	Falling	469	_	байланысты	байланысты	linguistic	_	_	_
469-4	SPK1133	Falling	469	_	емес	емес	linguistic	_	_	End=703.657
470-0	SPK1133	undefined	470	_	Сен	Сен	linguistic	_	_	Begin=710.443
470-1	SPK1133	undefined	470	_	телефоныңның	телефоныңның	linguistic	_	_	End=711.349
471-0	SPK1133	Falling	471	_	мәселесі	мәселесі	linguistic	_	_	Begin=711.355
471-1	SPK1133	Falling	471	_	емес	емес	linguistic	_	_	_
471-2	SPK1133	Falling	471	_	па	па	linguistic	_	_	_
471-3	SPK1133	Falling	471	_	өзі	өзі	linguistic	_	_	End=712.812
472-0	SPK1132	undefined	472	_	¬Ранна	Ранна	linguistic	_	Anonymized=Yes	Begin=717.778
472-1	SPK1132	undefined	472	_	дегенді	дегенді	linguistic	_	_	End=718.429
473-0	SPK1132	Falling	473	_	басқанмын	басқанмын	linguistic	_	_	Begin=718.483|End=719.255
474-0	SPK1133	Falling	474	_	Уааа	Уааа	linguistic	_	_	Begin=721.1|End=722.127
475-0	SPK1133	Falling	475	_	Мынау	Мынау	linguistic	_	_	Begin=723.664
475-1	SPK1133	Falling	475	_	осы	осы	linguistic	_	_	_
475-2	SPK1133	Falling	475	_	сияқты	сияқты	linguistic	_	_	End=724.664
476-0	SPK1133	undefined	476	_	@@@@	@@@@	linguistic	_	_	Begin=728.536|End=730.315
477-0	SPK1132	undefined	477	_	@@@@	@@@@	linguistic	_	_	Begin=729.355|End=731.114
478-0	SPK1133	Rising	478	_	Не	Не	linguistic	_	_	Begin=730.637
478-1	SPK1133	Rising	478	_	болды	болды	linguistic	_	_	End=731.684
479-0	SPK1133	undefined	479	_	Енді	Енді	linguistic	_	_	Begin=731.684
479-1	SPK1133	undefined	479	_	жазған	жазған	linguistic	_	_	_
479-2	SPK1133	undefined	479	_	соң	соң	linguistic	_	_	End=732.832
480-0	SPK1133	Falling	480	_	әдемірек	әдемірек	linguistic	_	_	Begin=732.832
480-1	SPK1133	Falling	480	_	жазайық	жазайық	linguistic	_	_	_
480-2	SPK1133	Falling	480	_	та	та	linguistic	_	_	End=734.127
481-0	SPK1133	undefined	481	_	It's	It's	linguistic	_	_	Begin=734.127|End=734.772
482-0	SPK1133	undefined	482	_	(H)	(H)	inhale	_	_	Begin=735.147|End=736.604
483-0	SPK1132	undefined	483	_	Оны	Оны	linguistic	_	_	Begin=739.63
483-1	SPK1132	undefined	483	_	мен	мен	linguistic	_	_	End=740.449
484-0	SPK1132	undefined	484	_	COUGH	COUGH	linguistic	_	_	Begin=740.449|End=740.946
485-0	SPK1132	Falling	485	_	пока	пока	linguistic	_	_	Begin=740.946
485-1	SPK1132	Falling	485	_	充电	充电	linguistic	_	_	_
485-2	SPK1132	Falling	485	_	қыла	қыла	linguistic	_	_	_
485-3	SPK1132	Falling	485	_	тұршы	тұршы	linguistic	_	_	End=742.536
486-0	SPK1133	Rising	486	_	А	А	linguistic	_	_	Begin=742.771|End=743.288
487-0	SPK1132	undefined	487	_	充	充	linguistic	_	_	Begin=743.297|End=743.302
488-0	SPK1132	Falling	488	_	充电	充电	linguistic	_	_	Begin=743.302
488-1	SPK1132	Falling	488	_	қыла	қыла	linguistic	_	_	_
488-2	SPK1132	Falling	488	_	тұршы	тұршы	linguistic	_	_	End=744.228
489-0	SPK1133	Rising	489	_	没有用	没有用	linguistic	_	_	Begin=745.57
489-1	SPK1133	Rising	489	_	дейсің	дейсің	linguistic	_	_	_
489-2	SPK1133	Rising	489	_	ба	ба	linguistic	_	_	End=746.953
490-0	SPK1133	undefined	490	_	Бірақ	Бірақ	linguistic	_	_	Begin=746.959
490-1	SPK1133	undefined	490	_	та	та	linguistic	_	_	_
490-2	SPK1133	undefined	490	_	2ГИС-пен	2ГИС-пен	linguistic	_	_	End=747.885
491-0	SPK1133	Falling	491	_	не	не	linguistic	_	_	Begin=747.885
491-1	SPK1133	Falling	491	_	қыламыз	қыламыз	linguistic	_	_	_
491-2	SPK1133	Falling	491	_	ба	ба	linguistic	_	_	_
491-3	SPK1133	Falling	491	_	деп	деп	linguistic	_	_	_
491-4	SPK1133	Falling	491	_	ойлағанмын	ойлағанмын	linguistic	_	_	End=749.536
492-0	SPK1132	Falling	492	_	Яндекспен	Яндекспен	linguistic	_	_	Begin=748.825|End=749.523
493-0	SPK1132	Rising	493	_	Қазірше	Қазірше	linguistic	_	_	Begin=749.523
493-1	SPK1132	Rising	493	_	емес	емес	linguistic	_	_	_
493-2	SPK1132	Rising	493	_	қой	қой	linguistic	_	_	End=750.758
494-0	SPK1132	undefined	494	_	先把那个##	先把那个##	linguistic	_	_	Begin=750.758|End=752.637
495-0	SPK1133	undefined	495	_	Мен	Мен	linguistic	_	_	Begin=751.087|End=751.738
496-0	SPK1133	undefined	496	_	бірақ	бірақ	linguistic	_	_	Begin=751.738
496-1	SPK1133	undefined	496	_	менікімен	менікімен	linguistic	_	_	End=752.557
497-0	SPK1133	undefined	497	_	о	о	linguistic	_	_	Begin=752.557
497-1	SPK1133	undefined	497	_	пысмылла	пысмылла	linguistic	_	_	End=753.322
498-0	SPK1133	undefined	498	_	CREAKY	CREAKY	linguistic	_	_	Begin=753.892
498-1	SPK1133	undefined	498	_	ыыы	ыыы	linguistic	_	_	End=754.349
499-0	SPK1133	undefined	499	_	look	look	linguistic	_	_	Begin=755.302|End=756.456
500-0	SPK1133	undefined	500	_	one	one	linguistic	_	_	Begin=757.288|End=757.959
501-0	SPK1132	Falling	501	_	Мхм	Мхм	linguistic	_	_	Begin=758.349|End=759.073
502-0	SPK1133	Rising	502	_	Қайсыны	Қайсыны	linguistic	_	_	Begin=762.409
502-1	SPK1133	Rising	502	_	алдымен	алдымен	linguistic	_	_	_
502-2	SPK1133	Rising	502	_	қосайық	қосайық	linguistic	_	_	End=763.785
503-0	SPK1133	undefined	503	_	Костюм	Костюм	linguistic	_	_	Begin=764.241
503-1	SPK1133	undefined	503	_	I	I	linguistic	_	_	_
503-2	SPK1133	undefined	503	_	think	think	linguistic	_	_	_
503-3	SPK1133	undefined	503	_	it's	it's	linguistic	_	_	End=765.234
504-0	SPK1133	undefined	504	_	most	most	linguistic	_	_	Begin=765.234
504-1	SPK1133	undefined	504	_	easiest	easiest	linguistic	_	_	_
504-2	SPK1133	undefined	504	_	one	one	linguistic	_	_	_
504-3	SPK1133	undefined	504	_	to	to	linguistic	_	_	End=767.094
505-0	SPK1133	Falling	505	_	do	do	linguistic	_	_	Begin=767.503|End=768.066
506-0	SPK1132	Falling	506	_	Мхм	Мхм	linguistic	_	_	Begin=768.067|End=768.61
507-0	SPK1133	undefined	507	_	@@	@@	linguistic	_	_	Begin=770.191|End=770.926
508-0	SPK1133	Falling	508	_	Байпақ	Байпақ	linguistic	_	_	Begin=772.026
508-1	SPK1133	Falling	508	_	киіп	киіп	linguistic	_	_	_
508-2	SPK1133	Falling	508	_	отырмын	отырмын	linguistic	_	_	End=773.214
509-0	SPK1133	undefined	509	_	(H)	(H)	inhale	_	_	Begin=775.382|End=775.879
510-0	SPK1133	Rising	510	_	А	А	linguistic	_	_	Begin=775.879
510-1	SPK1133	Rising	510	_	былай	былай	linguistic	_	_	_
510-2	SPK1133	Rising	510	_	істеуге	істеуге	linguistic	_	_	_
510-3	SPK1133	Rising	510	_	бола	бола	linguistic	_	_	_
510-4	SPK1133	Rising	510	_	ма	ма	linguistic	_	_	End=777.617
511-0	SPK1132	undefined	511	_	Жоқ	Жоқ	linguistic	_	_	Begin=777.832|End=778.275
512-0	SPK1132	undefined	512	_	你没更新吧	你没更新吧	linguistic	_	_	Begin=778.275|End=779.351
513-0	SPK1133	undefined	513	_	这个iPad不行吗	这个iPad不行吗	linguistic	_	_	Begin=779.979
513-1	SPK1133	undefined	513	_	？	？	linguistic	_	_	End=781.322
514-0	SPK1132	Falling	514	_	你试一下嘛	你试一下嘛	linguistic	_	_	Begin=781.221|End=782.12
515-0	SPK1133	undefined	515	_	(H)	(H)	inhale	_	_	Begin=782.953|End=783.57
516-0	SPK1133	Rising	516	_	It's	It's	linguistic	_	_	Begin=783.57
516-1	SPK1133	Rising	516	_	possible	possible	linguistic	_	_	End=785.12
517-0	SPK1133	Falling	517	_	Let's	Let's	linguistic	_	_	Begin=785.12
517-1	SPK1133	Falling	517	_	do	do	linguistic	_	_	_
517-2	SPK1133	Falling	517	_	this	this	linguistic	_	_	End=786.295
518-0	SPK1133	undefined	518	_	Ы	Ы	linguistic	_	_	Begin=792.57|End=792.865
519-0	SPK1133	undefined	519	_	ой	ой	linguistic	_	_	Begin=792.872|End=793.463
520-0	SPK1133	Rising	520	_	ей	ей	linguistic	_	_	Begin=796.798|End=797.342
521-0	SPK1132	undefined	521	_	试一下	试一下	linguistic	_	_	Begin=803.094
521-1	SPK1132	undefined	521	_	？	？	linguistic	_	_	End=804.0
522-0	SPK1133	undefined	522	_	CLICK	CLICK	linguistic	_	_	Begin=803.597|End=803.865
523-0	SPK1133	undefined	523	_	Ау	Ау	linguistic	_	_	Begin=806.852
523-1	SPK1133	undefined	523	_	copy	copy	linguistic	_	_	End=807.698
524-0	SPK1133	undefined	524	_	yep	yep	linguistic	_	_	Begin=813.191|End=813.657
525-0	SPK1133	Falling	525	_	长按	长按	linguistic	_	_	Begin=813.677
525-1	SPK1133	Falling	525	_	может	может	linguistic	_	_	End=815.107
526-0	SPK1132	Falling	526	_	Үйй	Үйй	linguistic	_	_	Begin=818.993|End=819.919
527-0	SPK1133	Falling	527	_	А	А	linguistic	_	_	Begin=825.684|End=826.362
528-0	SPK1132	Falling	528	_	Вот	Вот	linguistic	_	_	Begin=825.785|End=826.349
529-0	SPK1133	Falling	529	_	Уааааа	Уааааа	linguistic	_	_	Begin=826.979|End=828.771
530-0	SPK1132	Falling	530	_	Немен	Немен	linguistic	_	_	Begin=829.698
530-1	SPK1132	Falling	530	_	涂	涂	linguistic	_	_	_
530-2	SPK1132	Falling	530	_	қыла	қыла	linguistic	_	_	_
530-3	SPK1132	Falling	530	_	салшы	салшы	linguistic	_	_	End=830.873
531-0	SPK1133	Rising	531	_	Немен	Немен	linguistic	_	_	Begin=830.859|End=831.557
532-0	SPK1132	undefined	532	_	##	##	unknown	_	_	Begin=831.503|End=832.39
533-0	SPK1133	undefined	533	_	@@@@	@@@@	linguistic	_	_	Begin=832.979|End=834.429
534-0	SPK1133	undefined	534	_	Мен	Мен	linguistic	_	_	Begin=834.429
534-1	SPK1133	undefined	534	_	де	де	linguistic	_	_	_
534-2	SPK1133	undefined	534	_	байпақ	байпақ	linguistic	_	_	_
534-3	SPK1133	undefined	534	_	киіп	киіп	linguistic	_	_	_
534-4	SPK1133	undefined	534	_	отырмын	отырмын	linguistic	_	_	_
534-5	SPK1133	undefined	534	_	@@@@@	@@@@@	linguistic	_	_	End=838.14
535-0	SPK1132	undefined	535	_	##	##	unknown	_	_	Begin=835.583|End=836.912
536-0	SPK1133	Falling	536	_	Oh	Oh	linguistic	_	_	Begin=838.14
536-1	SPK1133	Falling	536	_	my	my	linguistic	_	_	_
536-2	SPK1133	Falling	536	_	god	god	linguistic	_	_	_
536-3	SPK1133	Falling	536	_	this	this	linguistic	_	_	_
536-4	SPK1133	Falling	536	_	looks	looks	linguistic	_	_	_
536-5	SPK1133	Falling	536	_	so	so	linguistic	_	_	_
536-6	SPK1133	Falling	536	_	rediculous	rediculous	linguistic	_	_	End=840.208
537-0	SPK1133	undefined	537	_	(H)	(H)	inhale	_	_	Begin=840.208
537-1	SPK1133	undefined	537	_	мммм	мммм	disfluency	_	_	End=841.456
538-0	SPK1133	Rising	538	_	Не	Не	linguistic	_	_	Begin=841.899
538-1	SPK1133	Rising	538	_	деп	деп	linguistic	_	_	_
538-2	SPK1133	Rising	538	_	жазамыз	жазамыз	linguistic	_	_	End=842.859
539-0	SPK1133	undefined	539	_	CLICK	CLICK	linguistic	_	_	Begin=843.698|End=844.328
540-0	SPK1133	undefined	540	_	Ыыыыы	Ыыыыы	linguistic	_	_	Begin=844.845|End=845.59
541-0	SPK1133	Rising	541	_	Inspiration	Inspiration	linguistic	_	_	Begin=845.604
541-1	SPK1133	Rising	541	_	дейміз	дейміз	linguistic	_	_	_
541-2	SPK1133	Rising	541	_	ба	ба	linguistic	_	_	End=847.409
542-0	SPK1132	Falling	542	_	Ын	Ын	linguistic	_	_	Begin=847.885|End=848.449
543-0	SPK1132	undefined	543	_	Жоқ	Жоқ	linguistic	_	_	Begin=850.765
543-1	SPK1132	undefined	543	_	preference	preference	linguistic	_	_	End=851.583
544-0	SPK1132	Falling	544	_	ыыы	ыыы	linguistic	_	_	Begin=851.583
544-1	SPK1132	Falling	544	_	reference	reference	linguistic	_	_	_
544-2	SPK1132	Falling	544	_	десең	десең	linguistic	_	_	_
544-3	SPK1132	Falling	544	_	де	де	linguistic	_	_	_
544-4	SPK1132	Falling	544	_	болады	болады	linguistic	_	_	End=852.906
545-0	SPK1133	Falling	545	_	reference	reference	linguistic	_	_	Begin=852.912|End=853.899
546-0	SPK1132	undefined	546	_	#	#	unknown	_	_	Begin=853.832|End=854.302
547-0	SPK1132	undefined	547	_	#	#	unknown	_	_	Begin=854.302|End=855.006
548-0	SPK1132	Falling	548	_	不要那么粗了	不要那么粗了	linguistic	_	_	Begin=855.006|End=856.053
549-0	SPK1133	Falling	549	_	太细了	太细了	linguistic	_	_	Begin=857.973|End=859.234
550-0	SPK1133	Falling	550	_	太细啦	太细啦	linguistic	_	_	Begin=860.899|End=862.107
551-0	SPK1133	Falling	551	_	reference	reference	linguistic	_	_	Begin=866.456|End=868.37
552-0	SPK1133	Falling	552	_	reference	reference	linguistic	_	_	Begin=873.375|End=874.416
553-0	SPK1133	undefined	553	_	фото	фото	linguistic	_	_	Begin=874.416|End=875.872
554-0	SPK1133	undefined	554	_	(H)	(H)	inhale	_	_	Begin=876.751|End=877.576
555-0	SPK1133	undefined	555	_	Так	Так	linguistic	_	_	Begin=878.147|End=878.78
556-0	SPK1132	undefined	556	_	#	#	unknown	_	_	Begin=878.939|End=879.604
557-0	SPK1133	Rising	557	_	Сосын	Сосын	linguistic	_	_	Begin=879.14|End=879.875
558-0	SPK1133	undefined	558	_	Осымен	Осымен	linguistic	_	_	Begin=880.469
558-1	SPK1133	undefined	558	_	мен	мен	linguistic	_	_	End=881.281
559-0	SPK1133	undefined	559	_	ыы	ыы	linguistic	_	_	Begin=881.281
559-1	SPK1133	undefined	559	_	бірінші	бірінші	linguistic	_	_	_
559-2	SPK1133	undefined	559	_	түскім	түскім	linguistic	_	_	_
559-3	SPK1133	undefined	559	_	келгені	келгені	linguistic	_	_	End=883.134
560-0	SPK1133	undefined	560	_	мынау	мынау	linguistic	_	_	Begin=883.134|End=883.885
561-0	SPK1133	undefined	561	_	ice	ice	linguistic	_	_	Begin=884.214
561-1	SPK1133	undefined	561	_	cream	cream	linguistic	_	_	End=885.064
562-0	SPK1133	undefined	562	_	ice	ice	linguistic	_	_	Begin=886.225
562-1	SPK1133	undefined	562	_	cream	cream	linguistic	_	_	End=886.979
563-0	SPK1133	undefined	563	_	ice	ice	linguistic	_	_	Begin=886.979
563-1	SPK1133	undefined	563	_	cream	cream	linguistic	_	_	End=888.268
564-0	SPK1133	undefined	564	_	SINGING	SINGING	linguistic	_	_	Begin=888.818|End=889.946
565-0	SPK1133	undefined	565	_	this	this	linguistic	_	_	Begin=889.946
565-1	SPK1133	undefined	565	_	one	one	linguistic	_	_	End=890.805
566-0	SPK1133	Falling	566	_	I	I	linguistic	_	_	Begin=893.53
566-1	SPK1133	Falling	566	_	want	want	linguistic	_	_	_
566-2	SPK1133	Falling	566	_	to	to	linguistic	_	_	_
566-3	SPK1133	Falling	566	_	do	do	linguistic	_	_	_
566-4	SPK1133	Falling	566	_	this	this	linguistic	_	_	End=895.026
567-0	SPK1132	undefined	567	_	Ай	Ай	linguistic	_	_	Begin=893.704
567-1	SPK1132	undefined	567	_	#	#	unknown	_	_	End=894.932
568-0	SPK1132	undefined	568	_	我应该买一个那样子的	我应该买一个那样子的	linguistic	_	_	Begin=894.939|End=895.812
569-0	SPK1132	Falling	569	_	衬衣	衬衣	linguistic	_	_	Begin=895.812|End=896.697
570-0	SPK1132	Falling	570	_	Жақсырақ	Жақсырақ	linguistic	_	_	Begin=897.322
570-1	SPK1132	Falling	570	_	шығады	шығады	linguistic	_	_	End=898.443
571-0	SPK1133	undefined	571	_	Бірақ	Бірақ	linguistic	_	_	Begin=898.832
571-1	SPK1133	undefined	571	_	мынау	мынау	linguistic	_	_	_
571-2	SPK1133	undefined	571	_	саған	саған	linguistic	_	_	_
571-3	SPK1133	undefined	571	_	андай	андай	linguistic	_	_	End=900.154
572-0	SPK1133	undefined	572	_	бос	бос	linguistic	_	_	Begin=900.154
572-1	SPK1133	undefined	572	_	болып	болып	linguistic	_	_	_
572-2	SPK1133	undefined	572	_	шығу	шығу	linguistic	_	_	End=901.489
573-0	SPK1133	undefined	573	_	ықтималдығы	ықтималдығы	linguistic	_	_	Begin=901.489|End=902.476
574-0	SPK1133	undefined	574	_	сәл	сәл	linguistic	_	_	Begin=902.476|End=903.033
575-0	SPK1133	Falling	575	_	төмендеу	төмендеу	linguistic	_	_	Begin=903.033
575-1	SPK1133	Falling	575	_	болып	болып	linguistic	_	_	_
575-2	SPK1133	Falling	575	_	тұр	тұр	linguistic	_	_	_
575-3	SPK1133	Falling	575	_	ғой	ғой	linguistic	_	_	End=904.557
576-0	SPK1133	undefined	576	_	I'm	I'm	linguistic	_	_	Begin=905.637
576-1	SPK1133	undefined	576	_	not	not	linguistic	_	_	End=906.335
577-0	SPK1133	undefined	577	_	saying	saying	linguistic	_	_	Begin=906.335
577-1	SPK1133	undefined	577	_	it	it	linguistic	_	_	_
577-2	SPK1133	undefined	577	_	in	in	linguistic	_	_	End=907.557
578-0	SPK1133	undefined	578	_	ah	ah	linguistic	_	_	Begin=907.738
578-1	SPK1133	undefined	578	_	ok	ok	linguistic	_	_	End=908.469
579-0	SPK1133	undefined	579	_	it's	it's	linguistic	_	_	Begin=908.469
579-1	SPK1133	undefined	579	_	just	just	linguistic	_	_	End=908.818
580-0	SPK1133	undefined	580	_	same	same	linguistic	_	_	Begin=908.818|End=909.597
581-0	SPK1133	undefined	581	_	it's	it's	linguistic	_	_	Begin=914.953|End=915.409
582-0	SPK1133	Falling	582	_	былай	былай	linguistic	_	_	Begin=915.416
582-1	SPK1133	Falling	582	_	тезірек	тезірек	linguistic	_	_	_
582-2	SPK1133	Falling	582	_	екен	екен	linguistic	_	_	End=916.765
583-0	SPK1133	Falling	583	_	Ммм	Ммм	linguistic	_	_	Begin=918.195|End=918.852
584-0	SPK1132	undefined	584	_	BURP	BURP	linguistic	_	_	Begin=918.859|End=919.993
585-0	SPK1133	undefined	585	_	Так	Так	linguistic	_	_	Begin=924.429|End=925.181
586-0	SPK1133	undefined	586	_	бірақ	бірақ	linguistic	_	_	Begin=928.798
586-1	SPK1133	undefined	586	_	та	та	linguistic	_	_	_
586-2	SPK1133	undefined	586	_	мынаумен	мынаумен	linguistic	_	_	End=929.664
587-0	SPK1133	Falling	587	_	отырған	отырған	linguistic	_	_	Begin=929.664
587-1	SPK1133	Falling	587	_	сәл	сәл	linguistic	_	_	_
587-2	SPK1133	Falling	587	_	ыңғайсыздау	ыңғайсыздау	linguistic	_	_	_
587-3	SPK1133	Falling	587	_	ма	ма	linguistic	_	_	_
587-4	SPK1133	Falling	587	_	екен	екен	linguistic	_	_	_
587-5	SPK1133	Falling	587	_	деп	деп	linguistic	_	_	_
587-6	SPK1133	Falling	587	_	ойладым	ойладым	linguistic	_	_	End=932.436
588-0	SPK1132	Falling	588	_	Ааа	Ааа	linguistic	_	_	Begin=930.899|End=931.724
589-0	SPK1133	undefined	589	_	Анауың	Анауың	linguistic	_	_	Begin=932.557|End=933.308
590-0	SPK1133	undefined	590	_	біраз	біраз	linguistic	_	_	Begin=933.308|End=934.261
591-0	SPK1133	undefined	591	_	(H)	(H)	inhale	_	_	Begin=934.422|End=934.959
592-0	SPK1133	undefined	592	_	this	this	linguistic	_	_	Begin=934.959
592-1	SPK1133	undefined	592	_	with	with	linguistic	_	_	_
592-2	SPK1133	undefined	592	_	ана	ана	linguistic	_	_	End=936.04
593-0	SPK1133	Falling	593	_	көйлекпен	көйлекпен	linguistic	_	_	Begin=936.04|End=936.785
594-0	SPK1133	Falling	594	_	Ақ	Ақ	linguistic	_	_	Begin=936.785
594-1	SPK1133	Falling	594	_	көйлекпен	көйлекпен	linguistic	_	_	End=938.033
595-0	SPK1132	Falling	595	_	Ым	Ым	linguistic	_	_	Begin=937.087|End=937.926
596-0	SPK1133	undefined	596	_	SINGING	SINGING	linguistic	_	_	Begin=938.308
596-1	SPK1133	undefined	596	_	Ақ	Ақ	linguistic	_	_	_
596-2	SPK1133	undefined	596	_	көйлек	көйлек	linguistic	_	_	_
596-3	SPK1133	undefined	596	_	киген	киген	linguistic	_	_	End=939.268
597-0	SPK1133	undefined	597	_	SINGING	SINGING	linguistic	_	_	Begin=939.268
597-1	SPK1133	undefined	597	_	көк	көк	linguistic	_	_	_
597-2	SPK1133	undefined	597	_	көйлек	көйлек	linguistic	_	_	_
597-3	SPK1133	undefined	597	_	киген	киген	linguistic	_	_	End=940.315
598-0	SPK1133	Falling	598	_	SINGING	SINGING	linguistic	_	_	Begin=941.328
598-1	SPK1133	Falling	598	_	құрбыларым	құрбыларым	linguistic	_	_	_
598-2	SPK1133	Falling	598	_	бар	бар	linguistic	_	_	End=942.966
599-0	SPK1133	undefined	599	_	(H)	(H)	inhale	_	_	Begin=943.805
599-1	SPK1133	undefined	599	_	мммм	мммм	disfluency	_	_	End=945.485
600-0	SPK1133	undefined	600	_	может	может	linguistic	_	_	Begin=945.485|End=946.053
601-0	SPK1133	undefined	601	_	неден	неден	linguistic	_	_	Begin=946.053|End=946.422
602-0	SPK1133	undefined	602	_	Pinterest-тен	Pinterest-тен	linguistic	_	_	Begin=946.422
602-1	SPK1133	undefined	602	_	тағы	тағы	linguistic	_	_	_
602-2	SPK1133	undefined	602	_	іздеп	іздеп	linguistic	_	_	_
602-3	SPK1133	undefined	602	_	көреміз	көреміз	linguistic	_	_	_
602-4	SPK1133	undefined	602	_	I	I	linguistic	_	_	_
602-5	SPK1133	undefined	602	_	think	think	linguistic	_	_	End=948.54
603-0	SPK1133	undefined	603	_	қатты	қатты	linguistic	_	_	Begin=948.54|End=949.367
604-0	SPK1133	undefined	604	_	风格	风格	linguistic	_	_	Begin=949.745
604-1	SPK1133	undefined	604	_	-сы	-сы	linguistic	_	_	_
604-2	SPK1133	undefined	604	_	келіп	келіп	linguistic	_	_	_
604-3	SPK1133	undefined	604	_	тұрған	тұрған	linguistic	_	_	End=950.792
605-0	SPK1133	undefined	605	_	біреуі	біреуі	linguistic	_	_	Begin=950.792
605-1	SPK1133	undefined	605	_	жоқ	жоқ	linguistic	_	_	_
605-2	SPK1133	undefined	605	_	болып	болып	linguistic	_	_	End=952.174
606-0	SPK1132	undefined	606	_	Ым	Ым	linguistic	_	_	Begin=951.221|End=952.053
607-0	SPK1133	Falling	607	_	тұр	тұр	linguistic	_	_	Begin=952.174
607-1	SPK1133	Falling	607	_	мынадан	мынадан	linguistic	_	_	_
607-2	SPK1133	Falling	607	_	басқа	басқа	linguistic	_	_	End=953.463
608-0	SPK1133	undefined	608	_	好像韩式	好像韩式	linguistic	_	_	Begin=954.443
608-1	SPK1133	undefined	608	_	-ырақ	-ырақ	linguistic	_	_	End=955.684
609-0	SPK1133	Rising	609	_	болу	болу	linguistic	_	_	Begin=955.684
609-1	SPK1133	Rising	609	_	керек	керек	linguistic	_	_	_
609-2	SPK1133	Rising	609	_	екен	екен	linguistic	_	_	_
609-3	SPK1133	Rising	609	_	иә	иә	linguistic	_	_	End=956.939
610-0	SPK1132	Falling	610	_	Ым	Ым	linguistic	_	_	Begin=957.02|End=957.604
611-0	SPK1133	undefined	611	_	Мммм	Мммм	linguistic	_	_	Begin=958.704|End=959.8
612-0	SPK1133	Falling	612	_	міне	міне	linguistic	_	_	Begin=963.275
612-1	SPK1133	Falling	612	_	мыналар	мыналар	linguistic	_	_	_
612-2	SPK1133	Falling	612	_	да	да	linguistic	_	_	_
612-3	SPK1133	Falling	612	_	болмайды	болмайды	linguistic	_	_	_
612-4	SPK1133	Falling	612	_	екен	екен	linguistic	_	_	End=965.107
613-0	SPK1133	undefined	613	_	Ыыыы	Ыыыы	linguistic	_	_	Begin=965.503|End=966.281
614-0	SPK1133	undefined	614	_	Pinterest	Pinterest	linguistic	_	_	Begin=966.281|End=967.187
615-0	SPK1133	undefined	615	_	Pinterest	Pinterest	linguistic	_	_	Begin=967.187|End=968.425
616-0	SPK1132	undefined	616	_	水没烧开呢	水没烧开呢	linguistic	_	_	Begin=969.241|End=970.61
617-0	SPK1133	Rising	617	_	Мынау	Мынау	linguistic	_	_	Begin=977.677
617-1	SPK1133	Rising	617	_	екі	екі	linguistic	_	_	_
617-2	SPK1133	Rising	617	_	қыз	қыз	linguistic	_	_	_
617-3	SPK1133	Rising	617	_	ба	ба	linguistic	_	_	End=978.798
618-0	SPK1132	undefined	618	_	Ым	Ым	linguistic	_	_	Begin=979.183|End=979.898
619-0	SPK1132	undefined	619	_	好像是T	好像是T	linguistic	_	_	Begin=981.63|End=982.805
620-0	SPK1133	undefined	620	_	Мммм	Мммм	linguistic	_	_	Begin=982.953|End=983.469
621-0	SPK1132	undefined	621	_	ой	ой	linguistic	_	_	Begin=983.402
621-1	SPK1132	undefined	621	_	这个	这个	linguistic	_	_	End=983.805
622-0	SPK1132	undefined	622	_	##	##	unknown	_	_	Begin=983.805|End=984.892
623-0	SPK1133	undefined	623	_	(H)	(H)	inhale	_	_	Begin=986.63|End=987.12
624-0	SPK1133	undefined	624	_	其实这个墨镜好土啊	其实这个墨镜好土啊	linguistic	_	_	Begin=987.12|End=988.443
625-0	SPK1133	undefined	625	_	сонда	сонда	linguistic	_	_	Begin=988.443
625-1	SPK1133	undefined	625	_	这个就是那样	这个就是那样	linguistic	_	_	End=989.664
626-0	SPK1133	undefined	626	_	просто	просто	linguistic	_	_	Begin=989.838
626-1	SPK1133	undefined	626	_	жәй	жәй	linguistic	_	_	End=990.557
627-0	SPK1133	Falling	627	_	көшеде	көшеде	linguistic	_	_	Begin=990.557
627-1	SPK1133	Falling	627	_	екен	екен	linguistic	_	_	End=991.57
628-0	SPK1133	Falling	628	_	Ай	Ай	linguistic	_	_	Begin=991.57
628-1	SPK1133	Falling	628	_	вот	вот	linguistic	_	_	End=992.342
629-0	SPK1133	Falling	629	_	This	This	linguistic	_	_	Begin=992.919
629-1	SPK1133	Falling	629	_	is	is	linguistic	_	_	_
629-2	SPK1133	Falling	629	_	something	something	linguistic	_	_	_
629-3	SPK1133	Falling	629	_	we	we	linguistic	_	_	_
629-4	SPK1133	Falling	629	_	can	can	linguistic	_	_	_
629-5	SPK1133	Falling	629	_	do	do	linguistic	_	_	End=994.657
630-0	SPK1132	Falling	630	_	Мхм	Мхм	linguistic	_	_	Begin=993.932|End=994.684
631-0	SPK1133	undefined	631	_	(H)	(H)	inhale	_	_	Begin=997.181|End=997.809
632-0	SPK1133	Rising	632	_	Қане	Қане	linguistic	_	_	Begin=998.167|End=999.131
633-0	SPK1133	undefined	633	_	save	save	linguistic	_	_	Begin=999.892|End=1000.536
634-0	SPK1133	undefined	634	_	Мына	Мына	linguistic	_	_	Begin=1000.758
634-1	SPK1133	undefined	634	_	жер	жер	linguistic	_	_	End=1001.698
635-0	SPK1132	undefined	635	_	承认	承认	linguistic	_	_	Begin=1000.771|End=1001.187
636-0	SPK1132	Falling	636	_	承认	承认	linguistic	_	_	Begin=1001.187|End=1001.718
637-0	SPK1133	Rising	637	_	Мынау	Мынау	linguistic	_	_	Begin=1004.966
637-1	SPK1133	Rising	637	_	ма	ма	linguistic	_	_	End=1005.724
638-0	SPK1133	Falling	638	_	send	send	linguistic	_	_	Begin=1005.852
638-1	SPK1133	Falling	638	_	қой	қой	linguistic	_	_	End=1006.832
639-0	SPK1132	Falling	639	_	Емес	Емес	linguistic	_	_	Begin=1005.852|End=1006.597
640-0	SPK1133	Falling	640	_	Мынау	Мынау	linguistic	_	_	Begin=1007.51
640-1	SPK1133	Falling	640	_	#	#	unknown	_	_	_
640-2	SPK1133	Falling	640	_	download	download	linguistic	_	_	End=1009.047
641-0	SPK1132	Falling	641	_	Жоқ	Жоқ	linguistic	_	_	Begin=1007.765
641-1	SPK1132	Falling	641	_	екен	екен	linguistic	_	_	End=1008.798
642-0	SPK1133	Rising	642	_	Мысалы	Мысалы	linguistic	_	_	Begin=1022.711
642-1	SPK1133	Rising	642	_	иә	иә	linguistic	_	_	End=1023.613
643-0	SPK1133	undefined	643	_	你看这个女孩	你看这个女孩	linguistic	_	_	Begin=1023.613|End=1024.872
644-0	SPK1133	undefined	644	_	ішінде	ішінде	linguistic	_	_	Begin=1024.872|End=1025.704
645-0	SPK1133	undefined	645	_	кигені	кигені	linguistic	_	_	Begin=1026.08
645-1	SPK1133	undefined	645	_	біраз	біраз	linguistic	_	_	End=1027.443
646-0	SPK1133	undefined	646	_	андай	андай	linguistic	_	_	Begin=1028.167|End=1028.818
647-0	SPK1133	Falling	647	_	жағасы	жағасы	linguistic	_	_	Begin=1029.08
647-1	SPK1133	Falling	647	_	төмендеу	төмендеу	linguistic	_	_	_
647-2	SPK1133	Falling	647	_	киіпті	киіпті	linguistic	_	_	End=1030.818
648-0	SPK1133	undefined	648	_	Соған	Соған	linguistic	_	_	Begin=1031.174
648-1	SPK1133	undefined	648	_	我在想说	我在想说	linguistic	_	_	End=1032.328
649-0	SPK1133	undefined	649	_	是不是这样子	是不是这样子	linguistic	_	_	Begin=1032.328
649-1	SPK1133	undefined	649	_	андай	андай	linguistic	_	_	End=1033.959
650-0	SPK1133	undefined	650	_	吊带儿	吊带儿	linguistic	_	_	Begin=1034.523|End=1035.302
651-0	SPK1133	undefined	651	_	андай	андай	linguistic	_	_	Begin=1035.402
651-1	SPK1133	undefined	651	_	жейдеден	жейдеден	linguistic	_	_	End=1036.36
652-0	SPK1133	undefined	652	_	қарағанда	қарағанда	linguistic	_	_	Begin=1036.36|End=1036.899
653-0	SPK1133	undefined	653	_	吊带儿	吊带儿	linguistic	_	_	Begin=1036.899|End=1037.785
654-0	SPK1133	undefined	654	_	суретке	суретке	linguistic	_	_	Begin=1038.335
654-1	SPK1133	undefined	654	_	жақсырақ	жақсырақ	linguistic	_	_	End=1039.241
655-0	SPK1133	Falling	655	_	шыға	шыға	linguistic	_	_	Begin=1039.241
655-1	SPK1133	Falling	655	_	ма	ма	linguistic	_	_	_
655-2	SPK1133	Falling	655	_	екен	екен	linguistic	_	_	_
655-3	SPK1133	Falling	655	_	деп	деп	linguistic	_	_	_
655-4	SPK1133	Falling	655	_	ойлап	ойлап	linguistic	_	_	_
655-5	SPK1133	Falling	655	_	отырмын	отырмын	linguistic	_	_	End=1040.657
656-0	SPK1132	Falling	656	_	有可能	有可能	linguistic	_	_	Begin=1041.651|End=1042.396
657-0	SPK1133	Rising	657	_	有可能	有可能	linguistic	_	_	Begin=1042.892|End=1043.604
658-0	SPK1132	Falling	658	_	Ым	Ым	linguistic	_	_	Begin=1043.583|End=1044.0
659-0	SPK1133	undefined	659	_	SINGING	SINGING	linguistic	_	_	Begin=1048.508|End=1049.469
660-0	SPK1133	undefined	660	_	SINGING	SINGING	linguistic	_	_	Begin=1049.483|End=1050.644
661-0	SPK1133	undefined	661	_	SINGING	SINGING	linguistic	_	_	Begin=1050.644|End=1052.825
662-0	SPK1133	undefined	662	_	SINGING	SINGING	linguistic	_	_	Begin=1052.825|End=1056.731
663-0	SPK1133	undefined	663	_	SINGING	SINGING	linguistic	_	_	Begin=1056.986|End=1060.861
664-0	SPK1133	undefined	664	_	Мынаны	Мынаны	linguistic	_	_	Begin=1065.953|End=1066.382
665-0	SPK1133	undefined	665	_	көпірде	көпірде	linguistic	_	_	Begin=1066.382|End=1067.396
666-0	SPK1133	Falling	666	_	түсуге	түсуге	linguistic	_	_	Begin=1067.396
666-1	SPK1133	Falling	666	_	болады	болады	linguistic	_	_	_
666-2	SPK1133	Falling	666	_	екен	екен	linguistic	_	_	End=1070.315
667-0	SPK1133	undefined	667	_	CLICK	CLICK	linguistic	_	_	Begin=1072.899|End=1073.436
668-0	SPK1133	undefined	668	_	我比较希望	我比较希望	linguistic	_	_	Begin=1075.167|End=1077.08
669-0	SPK1133	undefined	669	_	我的那个裤子是阔腿裤	我的那个裤子是阔腿裤	linguistic	_	_	Begin=1077.268
669-1	SPK1133	undefined	669	_	етін	етін	linguistic	_	_	_
669-2	SPK1133	undefined	669	_	бірақ	бірақ	linguistic	_	_	_
669-3	SPK1133	undefined	669	_	та	та	linguistic	_	_	End=1080.449
670-0	SPK1133	undefined	670	_	енді	енді	linguistic	_	_	Begin=1080.449|End=1081.114
671-0	SPK1133	undefined	671	_	ладно	ладно	linguistic	_	_	Begin=1081.12|End=1081.664
672-0	SPK1133	undefined	672	_	шықпаған	шықпаған	linguistic	_	_	Begin=1081.664
672-1	SPK1133	undefined	672	_	соң	соң	linguistic	_	_	End=1082.422
673-0	SPK1133	Falling	673	_	не	не	linguistic	_	_	Begin=1082.422
673-1	SPK1133	Falling	673	_	істейміз	істейміз	linguistic	_	_	_
673-2	SPK1133	Falling	673	_	деп	деп	linguistic	_	_	_
673-3	SPK1133	Falling	673	_	па	па	linguistic	_	_	End=1083.281
674-0	SPK1133	undefined	674	_	(H)	(H)	inhale	_	_	Begin=1083.362|End=1084.067
675-0	SPK1132	Rising	675	_	杯子	杯子	linguistic	_	_	Begin=1084.599
675-1	SPK1132	Rising	675	_	-ың	-ың	linguistic	_	_	_
675-2	SPK1132	Rising	675	_	қайда	қайда	linguistic	_	_	End=1085.49
676-0	SPK1132	Falling	676	_	杯子	杯子	linguistic	_	_	Begin=1085.49
676-1	SPK1132	Falling	676	_	-ың	-ың	linguistic	_	_	_
676-2	SPK1132	Falling	676	_	бере	бере	linguistic	_	_	_
676-3	SPK1132	Falling	676	_	сал	сал	linguistic	_	_	End=1086.449
677-0	SPK1133	Falling	677	_	Рахмет	Рахмет	linguistic	_	_	Begin=1089.375|End=1090.617
678-0	SPK1133	undefined	678	_	Мынау	Мынау	linguistic	_	_	Begin=1094.523
678-1	SPK1133	undefined	678	_	тоже	тоже	linguistic	_	_	_
678-2	SPK1133	undefined	678	_	болып	болып	linguistic	_	_	_
678-3	SPK1133	undefined	678	_	қалады	қалады	linguistic	_	_	End=1095.604
679-0	SPK1133	Falling	679	_	сенше	сенше	linguistic	_	_	Begin=1095.604
679-1	SPK1133	Falling	679	_	қалай	қалай	linguistic	_	_	End=1096.499
680-0	SPK1132	undefined	680	_	WHISPER	WHISPER	linguistic	_	_	Begin=1097.516
680-1	SPK1132	undefined	680	_	Қайсы	Қайсы	linguistic	_	_	End=1098.503
681-0	SPK1132	undefined	681	_	Мхм	Мхм	linguistic	_	_	Begin=1099.624|End=1100.516
682-0	SPK1133	undefined	682	_	I	I	linguistic	_	_	Begin=1100.771
682-1	SPK1133	undefined	682	_	think	think	linguistic	_	_	_
682-2	SPK1133	undefined	682	_	it's	it's	linguistic	_	_	End=1101.463
683-0	SPK1133	undefined	683	_	i	i	linguistic	_	_	Begin=1102.127|End=1102.551
684-0	SPK1132	undefined	684	_	##	##	unknown	_	_	Begin=1102.637|End=1103.724
685-0	SPK1133	undefined	685	_	possible	possible	linguistic	_	_	Begin=1103.147|End=1103.63
686-0	SPK1133	undefined	686	_	to	to	linguistic	_	_	Begin=1103.63
686-1	SPK1133	undefined	686	_	find	find	linguistic	_	_	End=1104.805
687-0	SPK1133	undefined	687	_	CREAKY	CREAKY	linguistic	_	_	Begin=1105.06
687-1	SPK1133	undefined	687	_	ыыы	ыыы	linguistic	_	_	End=1106.04
688-0	SPK1132	undefined	688	_	这样子的	这样子的	linguistic	_	_	Begin=1105.06|End=1105.664
689-0	SPK1132	undefined	689	_	地方在	地方在	linguistic	_	_	Begin=1105.664|End=1106.483
690-0	SPK1133	undefined	690	_	like	like	linguistic	_	_	Begin=1106.04|End=1106.443
691-0	SPK1133	undefined	691	_	иә	иә	linguistic	_	_	Begin=1106.443
691-1	SPK1133	undefined	691	_	CREAKY	CREAKY	linguistic	_	_	End=1107.677
692-0	SPK1132	Falling	692	_	правый	правый	linguistic	_	_	Begin=1106.483
692-1	SPK1132	Falling	692	_	берег	берег	linguistic	_	_	End=1107.312
693-0	SPK1133	Rising	693	_	Правый	Правый	linguistic	_	_	Begin=1107.684|End=1108.581
694-0	SPK1133	undefined	694	_	I	I	linguistic	_	_	Begin=1108.581
694-1	SPK1133	undefined	694	_	think	think	linguistic	_	_	End=1109.228
695-0	SPK1133	undefined	695	_	ана	ана	linguistic	_	_	Begin=1109.248
695-1	SPK1133	undefined	695	_	Астананың	Астананың	linguistic	_	_	End=1110.114
696-0	SPK1133	undefined	696	_	建筑	建筑	linguistic	_	_	Begin=1110.114
696-1	SPK1133	undefined	696	_	-лары	-лары	linguistic	_	_	_
696-2	SPK1133	undefined	696	_	мұндайдан	мұндайдан	linguistic	_	_	End=1111.516
697-0	SPK1133	undefined	697	_	ана	ана	linguistic	_	_	Begin=1111.523
697-1	SPK1133	undefined	697	_	арт	арт	linguistic	_	_	_
697-2	SPK1133	undefined	697	_	жағынан	жағынан	linguistic	_	_	_
697-3	SPK1133	undefined	697	_	да	да	linguistic	_	_	_
697-4	SPK1133	undefined	697	_	табылады	табылады	linguistic	_	_	_
697-5	SPK1133	undefined	697	_	ма	ма	linguistic	_	_	_
697-6	SPK1133	undefined	697	_	екен	екен	linguistic	_	_	_
697-7	SPK1133	undefined	697	_	деп	деп	linguistic	_	_	_
697-8	SPK1133	undefined	697	_	ойладым	ойладым	linguistic	_	_	End=1114.208
698-0	SPK1132	Falling	698	_	Ааааа	Ааааа	linguistic	_	_	Begin=1112.429|End=1113.543
699-0	SPK1133	undefined	699	_	андай	андай	linguistic	_	_	Begin=1114.208|End=1114.657
700-0	SPK1133	Rising	700	_	大理石	大理石	linguistic	_	_	Begin=1114.657
700-1	SPK1133	Rising	700	_	-мен	-мен	linguistic	_	_	_
700-2	SPK1133	Rising	700	_	тұрғандары	тұрғандары	linguistic	_	_	End=1116.516
701-0	SPK1132	Falling	701	_	Ым	Ым	linguistic	_	_	Begin=1116.872|End=1117.449
702-0	SPK1133	undefined	702	_	就是	就是	linguistic	_	_	Begin=1117.839|End=1118.35
703-0	SPK1133	undefined	703	_	这个	这个	linguistic	_	_	Begin=1118.583|End=1119.134
704-0	SPK1133	undefined	704	_	这种	这种	linguistic	_	_	Begin=1119.516|End=1120.078
705-0	SPK1133	Rising	705	_	Не	Не	linguistic	_	_	Begin=1121.006
705-1	SPK1133	Rising	705	_	дейміз	дейміз	linguistic	_	_	End=1121.719
706-0	SPK1133	undefined	706	_	прям	прям	linguistic	_	_	Begin=1121.966|End=1122.436
707-0	SPK1133	undefined	707	_	硬硬的那种	硬硬的那种	linguistic	_	_	Begin=1122.476|End=1123.671
708-0	SPK1133	Falling	708	_	建筑	建筑	linguistic	_	_	Begin=1123.681
708-1	SPK1133	Falling	708	_	дейміз	дейміз	linguistic	_	_	_
708-2	SPK1133	Falling	708	_	ба	ба	linguistic	_	_	_
708-3	SPK1133	Falling	708	_	花里胡哨的	花里胡哨的	linguistic	_	_	_
708-4	SPK1133	Falling	708	_	емес	емес	linguistic	_	_	End=1125.758
709-0	SPK1133	undefined	709	_	的	的	linguistic	_	_	Begin=1126.369|End=1126.812
710-0	SPK1133	Falling	710	_	шығатын	шығатын	linguistic	_	_	Begin=1127.241
710-1	SPK1133	Falling	710	_	сияқты	сияқты	linguistic	_	_	End=1128.736
711-0	SPK1132	Rising	711	_	我们拍不拍黑白的	我们拍不拍黑白的	linguistic	_	_	Begin=1132.058|End=1133.389
712-0	SPK1133	undefined	712	_	先拍	先拍	linguistic	_	_	Begin=1135.275|End=1136.053
713-0	SPK1133	undefined	713	_	彩色然后再调成黑白	彩色然后再调成黑白	linguistic	_	_	Begin=1136.053
713-1	SPK1133	undefined	713	_	десем	десем	linguistic	_	_	_
713-2	SPK1133	undefined	713	_	иә	иә	linguistic	_	_	_
713-3	SPK1133	undefined	713	_	@	@	linguistic	_	_	End=1138.496
714-0	SPK1133	undefined	714	_	(H)	(H)	inhale	_	_	Begin=1138.496
714-1	SPK1133	undefined	714	_	哇	哇	linguistic	_	_	End=1139.026
715-0	SPK1133	undefined	715	_	this	this	linguistic	_	_	Begin=1139.026
715-1	SPK1133	undefined	715	_	is	is	linguistic	_	_	_
715-2	SPK1133	undefined	715	_	like	like	linguistic	_	_	End=1140.104
716-0	SPK1133	undefined	716	_	прям	прям	linguistic	_	_	Begin=1140.409|End=1140.989
717-0	SPK1132	Falling	717	_	Ым	Ым	linguistic	_	_	Begin=1142.268|End=1143.04
718-0	SPK1133	undefined	718	_	CREAKY	CREAKY	linguistic	_	_	Begin=1142.295
718-1	SPK1133	undefined	718	_	ыыы	ыыы	linguistic	_	_	End=1143.319
719-0	SPK1133	undefined	719	_	pose	pose	linguistic	_	_	Begin=1143.677
719-1	SPK1133	undefined	719	_	we	we	linguistic	_	_	_
719-2	SPK1133	undefined	719	_	can	can	linguistic	_	_	_
719-3	SPK1133	undefined	719	_	do	do	linguistic	_	_	End=1144.657
720-0	SPK1133	Rising	720	_	дейміз	дейміз	linguistic	_	_	Begin=1144.657
720-1	SPK1133	Rising	720	_	ба	ба	linguistic	_	_	End=1145.296
721-0	SPK1132	Falling	721	_	这些pose可以	这些pose可以	linguistic	_	_	Begin=1146.167|End=1147.557
722-0	SPK1132	Falling	722	_	参考一下	参考一下	linguistic	_	_	Begin=1148.288|End=1149.516
723-0	SPK1133	Falling	723	_	Аттарды	Аттарды	linguistic	_	_	Begin=1150.174
723-1	SPK1133	Falling	723	_	салып	салып	linguistic	_	_	_
723-2	SPK1133	Falling	723	_	қояйық	қояйық	linguistic	_	_	End=1151.973
724-0	SPK1132	undefined	724	_	港风	港风	linguistic	_	_	Begin=1162.248|End=1162.919
725-0	SPK1132	Falling	725	_	这个	这个	linguistic	_	_	Begin=1162.919|End=1163.765
726-0	SPK1133	undefined	726	_	对	对	linguistic	_	_	Begin=1163.174
726-1	SPK1133	undefined	726	_	қазір	қазір	linguistic	_	_	End=1164.161
727-0	SPK1133	undefined	727	_	WHISPER	WHISPER	linguistic	_	_	Begin=1165.503
727-1	SPK1133	undefined	727	_	не	не	linguistic	_	_	_
727-2	SPK1133	undefined	727	_	дейді	дейді	linguistic	_	_	_
727-3	SPK1133	undefined	727	_	мына	мына	linguistic	_	_	_
727-4	SPK1133	undefined	727	_	жер	жер	linguistic	_	_	End=1166.537
728-0	SPK1133	undefined	728	_	##	##	unknown	_	_	Begin=1166.537|End=1167.872
729-0	SPK1133	undefined	729	_	Мынау	Мынау	linguistic	_	_	Begin=1168.456|End=1168.704
730-0	SPK1133	undefined	730	_	екеуміздің	екеуміздің	linguistic	_	_	Begin=1168.704|End=1169.402
731-0	SPK1133	undefined	731	_	аяғымызды	аяғымызды	linguistic	_	_	Begin=1169.402|End=1170.328
732-0	SPK1133	undefined	732	_	тоса	тоса	linguistic	_	_	Begin=1170.335
732-1	SPK1133	undefined	732	_	тұрсын	тұрсын	linguistic	_	_	_
732-2	SPK1133	undefined	732	_	@@@	@@@	linguistic	_	_	End=1172.304
733-0	SPK1133	undefined	733	_	放大一点	放大一点	linguistic	_	_	Begin=1172.53|End=1173.465
734-0	SPK1133	undefined	734	_	(H)	(H)	inhale	_	_	Begin=1173.465|End=1173.818
735-0	SPK1133	undefined	735	_	Мынау	Мынау	linguistic	_	_	Begin=1173.818
735-1	SPK1133	undefined	735	_	артынан	артынан	linguistic	_	_	_
735-2	SPK1133	undefined	735	_	өзімізге	өзімізге	linguistic	_	_	_
735-3	SPK1133	undefined	735	_	де	де	linguistic	_	_	End=1175.026
736-0	SPK1133	Interrupted	736	_	кө-	кө-	linguistic	_	Interrupted=Yes	Begin=1175.026|End=1175.288
737-0	SPK1133	Rising	737	_	көмек	көмек	linguistic	_	_	Begin=1175.288
737-1	SPK1133	Rising	737	_	болатындай	болатындай	linguistic	_	_	_
737-2	SPK1133	Rising	737	_	иә	иә	linguistic	_	_	End=1176.919
738-0	SPK1132	Falling	738	_	Ым	Ым	linguistic	_	_	Begin=1177.141|End=1177.61
739-0	SPK1133	undefined	739	_	要不多放几张吗	要不多放几张吗	linguistic	_	_	Begin=1180.027
739-1	SPK1133	undefined	739	_	？	？	linguistic	_	_	End=1181.443
740-0	SPK1133	undefined	740	_	多放	多放	linguistic	_	_	Begin=1181.443|End=1181.758
741-0	SPK1133	Rising	741	_	两页	两页	linguistic	_	_	Begin=1181.758
741-1	SPK1133	Rising	741	_	жасайық	жасайық	linguistic	_	_	_
741-2	SPK1133	Rising	741	_	па	па	linguistic	_	_	End=1183.047
742-0	SPK1132	Falling	742	_	两页	两页	linguistic	_	_	Begin=1183.013
742-1	SPK1132	Falling	742	_	жасайық	жасайық	linguistic	_	_	_
742-2	SPK1132	Falling	742	_	иә	иә	linguistic	_	_	End=1184.322
743-0	SPK1133	undefined	743	_	这样子	这样子	linguistic	_	_	Begin=1183.651|End=1184.557
744-0	SPK1133	undefined	744	_	就是	就是	linguistic	_	_	Begin=1185.1|End=1185.7
745-0	SPK1133	undefined	745	_	冰激凌	冰激凌	linguistic	_	_	Begin=1189.565|End=1190.02
746-0	SPK1133	undefined	746	_	我觉得我们是不是得后面一点买	我觉得我们是不是得后面一点买	linguistic	_	_	Begin=1190.02
746-1	SPK1133	undefined	746	_	әйтпесе	әйтпесе	linguistic	_	_	End=1192.624
747-0	SPK1133	undefined	747	_	алдын-ала	алдын-ала	linguistic	_	_	Begin=1192.832
747-1	SPK1133	undefined	747	_	алып	алып	linguistic	_	_	_
747-2	SPK1133	undefined	747	_	алып	алып	linguistic	_	_	End=1193.906
748-0	SPK1133	Falling	748	_	еріп	еріп	linguistic	_	_	Begin=1193.912
748-1	SPK1133	Falling	748	_	отырса	отырса	linguistic	_	_	_
748-2	SPK1133	Falling	748	_	иә	иә	linguistic	_	_	End=1195.49
749-0	SPK1132	undefined	749	_	Сосын	Сосын	linguistic	_	_	Begin=1195.582|End=1196.089
750-0	SPK1132	Falling	750	_	就是道具拿了好	就是道具拿了好	linguistic	_	_	Begin=1197.006|End=1198.221
751-0	SPK1133	undefined	751	_	(H)	(H)	inhale	_	_	Begin=1198.503
751-1	SPK1133	undefined	751	_	ммм	ммм	disfluency	_	_	End=1199.906
752-0	SPK1133	undefined	752	_	道具	道具	linguistic	_	_	Begin=1199.906
752-1	SPK1133	undefined	752	_	дегенде	дегенде	linguistic	_	_	End=1200.751
753-0	SPK1133	undefined	753	_	мынау	мынау	linguistic	_	_	Begin=1200.751|End=1201.073
754-0	SPK1133	Falling	754	_	гүл	гүл	linguistic	_	_	Begin=1201.073
754-1	SPK1133	Falling	754	_	алыпты	алыпты	linguistic	_	_	End=1202.308
755-0	SPK1133	undefined	755	_	Гүл	Гүл	linguistic	_	_	Begin=1203.167|End=1203.59
756-0	SPK1133	Continuing	756	_	白色的玫瑰花儿	白色的玫瑰花儿	linguistic	_	_	Begin=1203.885|End=1205.429
757-0	SPK1133	Continuing	757	_	报纸	报纸	linguistic	_	_	Begin=1206.657|End=1207.315
758-0	SPK1133	Rising	758	_	do	do	linguistic	_	_	Begin=1209.389
758-1	SPK1133	Rising	758	_	we	we	linguistic	_	_	_
758-2	SPK1133	Rising	758	_	need	need	linguistic	_	_	End=1210.134
759-0	SPK1132	Continuing	759	_	Иә	Иә	linguistic	_	_	Begin=1212.053|End=1212.422
760-0	SPK1132	Falling	760	_	we	we	linguistic	_	_	Begin=1212.422
760-1	SPK1132	Falling	760	_	can	can	linguistic	_	_	_
760-2	SPK1132	Falling	760	_	try	try	linguistic	_	_	End=1213.391
761-0	SPK1133	undefined	761	_	##	##	unknown	_	_	Begin=1214.906|End=1215.738
762-0	SPK1133	undefined	762	_	Мынау	Мынау	linguistic	_	_	Begin=1215.986|End=1216.63
763-0	SPK1132	Falling	763	_	Студияда	Студияда	linguistic	_	_	Begin=1216.443|End=1217.355
764-0	SPK1133	undefined	764	_	#	#	unknown	_	_	Begin=1216.63|End=1217.342
765-0	SPK1133	undefined	765	_	мынау	мынау	linguistic	_	_	Begin=1217.342|End=1217.765
766-0	SPK1133	Rising	766	_	студияда	студияда	linguistic	_	_	Begin=1217.765
766-1	SPK1133	Rising	766	_	иә	иә	linguistic	_	_	End=1219.049
767-0	SPK1133	Rising	767	_	Есіктің	Есіктің	linguistic	_	_	Begin=1225.543
767-1	SPK1133	Rising	767	_	алдына	алдына	linguistic	_	_	_
767-2	SPK1133	Rising	767	_	түсу	түсу	linguistic	_	_	_
767-3	SPK1133	Rising	767	_	керек	керек	linguistic	_	_	_
767-4	SPK1133	Rising	767	_	екен	екен	linguistic	_	_	_
767-5	SPK1133	Rising	767	_	иә	иә	linguistic	_	_	End=1227.61
768-0	SPK1132	Falling	768	_	Ым	Ым	linguistic	_	_	Begin=1227.634|End=1228.394
769-0	SPK1133	undefined	769	_	Мынау	Мынау	linguistic	_	_	Begin=1228.557|End=1229.188
770-0	SPK1132	undefined	770	_	##	##	unknown	_	_	Begin=1229.718|End=1231.201
771-0	SPK1133	undefined	771	_	Не	Не	linguistic	_	_	Begin=1229.926
771-1	SPK1133	undefined	771	_	дейміз	дейміз	linguistic	_	_	_
771-2	SPK1133	undefined	771	_	мынау	мынау	linguistic	_	_	_
771-3	SPK1133	undefined	771	_	#	#	unknown	_	_	End=1231.389
772-0	SPK1133	undefined	772	_	CREAKY	CREAKY	linguistic	_	_	Begin=1231.583
772-1	SPK1133	undefined	772	_	ыыы	ыыы	linguistic	_	_	_
772-2	SPK1133	undefined	772	_	like	like	linguistic	_	_	End=1232.785
773-0	SPK1133	Rising	773	_	мынау	мынау	linguistic	_	_	Begin=1232.785
773-1	SPK1133	Rising	773	_	也是这样子的一个拱形结构	也是这样子的一个拱形结构	linguistic	_	_	_
773-2	SPK1133	Rising	773	_	дейміз	дейміз	linguistic	_	_	_
773-3	SPK1133	Rising	773	_	ба	ба	linguistic	_	_	End=1235.959
774-0	SPK1132	Falling	774	_	Мхм	Мхм	linguistic	_	_	Begin=1235.979|End=1236.537
775-0	SPK1133	undefined	775	_	你说	你说	linguistic	_	_	Begin=1237.566|End=1238.033
776-0	SPK1133	undefined	776	_	осындай	осындай	linguistic	_	_	Begin=1238.033|End=1238.825
777-0	SPK1133	undefined	777	_	is	is	linguistic	_	_	Begin=1241.832
777-1	SPK1133	undefined	777	_	it	it	linguistic	_	_	_
777-2	SPK1133	undefined	777	_	possible	possible	linguistic	_	_	_
777-3	SPK1133	undefined	777	_	to	to	linguistic	_	_	_
777-4	SPK1133	undefined	777	_	find	find	linguistic	_	_	End=1243.886
778-0	SPK1133	undefined	778	_	мұндай	мұндай	linguistic	_	_	Begin=1244.369
778-1	SPK1133	undefined	778	_	әдемі	әдемі	linguistic	_	_	_
778-2	SPK1133	undefined	778	_	жерде	жерде	linguistic	_	_	End=1245.926
779-0	SPK1133	undefined	779	_	ыы	ыы	linguistic	_	_	Begin=1245.926|End=1246.422
780-0	SPK1133	Interrupted	780	_	Алма-	Алма-	linguistic	_	Interrupted=Yes	Begin=1246.422|End=1246.845
781-0	SPK1133	Rising	781	_	Астанадан	Астанадан	linguistic	_	_	Begin=1246.845|End=1247.856
782-0	SPK1132	Falling	782	_	不好说	不好说	linguistic	_	_	Begin=1247.537|End=1248.349
783-0	SPK1133	Rising	783	_	不好找	不好找	linguistic	_	_	Begin=1248.711
783-1	SPK1133	Rising	783	_	иә	иә	linguistic	_	_	End=1249.561
784-0	SPK1132	Falling	784	_	我觉得EXPO那边得要看一看	我觉得EXPO那边得要看一看	linguistic	_	_	Begin=1249.832|End=1251.362
785-0	SPK1133	Falling	785	_	Ммм	Ммм	linguistic	_	_	Begin=1251.416|End=1252.319
786-0	SPK1132	undefined	786	_	诶	诶	linguistic	_	_	Begin=1251.677|End=1252.422
787-0	SPK1132	undefined	787	_	这张照片	这张照片	linguistic	_	_	Begin=1253.1|End=1254.089
788-0	SPK1133	undefined	788	_	Мхм	Мхм	linguistic	_	_	Begin=1254.328|End=1254.818
789-0	SPK1132	undefined	789	_	可以在那种	可以在那种	linguistic	_	_	Begin=1254.382|End=1255.469
790-0	SPK1132	undefined	790	_	музей	музей	linguistic	_	_	Begin=1255.557
790-1	SPK1132	undefined	790	_	的下面	的下面	linguistic	_	_	End=1256.402
791-0	SPK1132	Rising	791	_	那个地方不是有这样子的	那个地方不是有这样子的	linguistic	_	_	Begin=1256.402
791-1	SPK1132	Rising	791	_	жер	жер	linguistic	_	_	_
791-2	SPK1132	Rising	791	_	ма	ма	linguistic	_	_	End=1258.1
792-0	SPK1133	undefined	792	_	Иә	Иә	linguistic	_	_	Begin=1258.107
792-1	SPK1133	undefined	792	_	мен	мен	linguistic	_	_	_
792-2	SPK1133	undefined	792	_	де	де	linguistic	_	_	_
792-3	SPK1133	undefined	792	_	ойладым	ойладым	linguistic	_	_	_
792-4	SPK1133	undefined	792	_	сол	сол	linguistic	_	_	_
792-5	SPK1133	undefined	792	_	музейде	музейде	linguistic	_	_	End=1260.073
793-0	SPK1132	undefined	793	_	#	#	unknown	_	_	Begin=1258.416|End=1259.275
794-0	SPK1133	undefined	794	_	Негізі	Негізі	linguistic	_	_	Begin=1260.188|End=1260.865
795-0	SPK1133	Rising	795	_	сақтап	сақтап	linguistic	_	_	Begin=1261.261
795-1	SPK1133	Rising	795	_	қояйын	қояйын	linguistic	_	_	_
795-2	SPK1133	Rising	795	_	ба	ба	linguistic	_	_	End=1262.557
796-0	SPK1132	Falling	796	_	Ым	Ым	linguistic	_	_	Begin=1262.147|End=1262.724
797-0	SPK1132	undefined	797	_	WHISPER	WHISPER	linguistic	_	_	Begin=1262.852
797-1	SPK1132	undefined	797	_	暂停一下把那个	暂停一下把那个	linguistic	_	_	End=1264.047
798-0	SPK1132	Falling	798	_	录音	录音	linguistic	_	_	Begin=1264.047|End=1265.043
799-0	SPK1133	Falling	799	_	#	#	unknown	_	_	Begin=1267.731
799-1	SPK1133	Falling	799	_	қанша	қанша	linguistic	_	_	_
799-2	SPK1133	Falling	799	_	уақыт	уақыт	linguistic	_	_	_
799-3	SPK1133	Falling	799	_	болыпты	болыпты	linguistic	_	_	End=1269.818
