token_id	speaker	iu_type	tu_id	span	form	type	modality	features	align
0-0	SPK0032	Continuing	0	Массаж	Массаж	linguistic			Begin=0.131
0-1	SPK0032	Continuing	0	жасап	жасап	linguistic			
0-2	SPK0032	Continuing	0	аламын,	аламын	linguistic			End=1.083
1-0	SPK0032	Falling	1	сөйтіп.	сөйтіп	linguistic			Begin=1.083|End=1.985
2-0	SPK0032	Continuing	2	Әгі	Әгі	linguistic			Begin=4.516
2-1	SPK0032	Continuing	2	әкең	әкең	linguistic			
2-2	SPK0032	Continuing	2	айтады	айтады	linguistic			
2-3	SPK0032	Continuing	2	ғой,	ғой	linguistic			End=5.630
3-0	SPK0032	Interrupted	3	ат—	ат	linguistic		Interrupted=Yes	Begin=5.630|End=6.477
4-0	SPK0027	Rising	4	Мама?	Мама	linguistic			Begin=5.683|End=6.039
5-0	SPK0027	Falling	5	Шешпей-ақ	Шешпей-ақ	linguistic			Begin=6.039
5-1	SPK0027	Falling	5	қой.	қой	linguistic			End=6.858
6-0	SPK0032	Continuing	6	Атқа,	Атқа	linguistic			Begin=7.374|End=8.189
7-0	SPK0032	Continuing	7	не	не	linguistic			Begin=8.962
7-1	SPK0032	Continuing	7	еткен,	еткен	linguistic			End=9.705
8-0	SPK0032	Rising	8	осылай	осылай	linguistic			Begin=9.846
8-1	SPK0032	Rising	8	отырайын	отырайын	linguistic			
8-2	SPK0032	Rising	8	ба?	ба	linguistic			End=10.811
9-0	SPK0032	Falling	9	Осылай	Осылай	linguistic			Begin=10.811
9-1	SPK0032	Falling	9	отырайын	отырайын	linguistic			
9-2	SPK0032	Falling	9	ба.	ба	linguistic			End=11.978
10-0	SPK0027	Falling	10	Мына	Мына	linguistic			Begin=11.079
10-1	SPK0027	Falling	10	жаққа	жаққа	linguistic			
10-2	SPK0027	Falling	10	қарап	қарап	linguistic			
10-3	SPK0027	Falling	10	отыр.	отыр	linguistic			End=12.380
11-0	SPK0032	Falling	11	Е.	Е	linguistic			Begin=12.064|End=13.049
12-0	SPK0032	Continuing	12	Қақалған	Қақалған	linguistic			Begin=14.271
12-1	SPK0032	Continuing	12	ат	ат	linguistic			
12-2	SPK0032	Continuing	12	ұқсап,	ұқсап	linguistic			End=15.197
13-0	SPK0032	Falling	13	немене	немене	linguistic			Begin=15.201
13-1	SPK0032	Falling	13	істеп	істеп	linguistic			
13-2	SPK0032	Falling	13	отырсың	отырсың	linguistic			
13-3	SPK0032	Falling	13	деп.	деп	linguistic			End=16.554
14-0	SPK0032	Rising	14	Мынаны	Мынаны	linguistic			Begin=19.262
14-1	SPK0032	Rising	14	шешейін	шешейін	linguistic			
14-2	SPK0032	Rising	14	иә?	иә	linguistic			End=20.528
15-0	SPK0027	Falling	15	Шешпей-ақ	Шешпей-ақ	linguistic			Begin=20.228
15-1	SPK0027	Falling	15	қой.	қой	linguistic			End=21.311
16-0	SPK0027	Falling	16	Или	Или	linguistic			Begin=22.443
16-1	SPK0027	Falling	16	шешіп	шешіп	linguistic			
16-2	SPK0027	Falling	16	тасташы.	тасташы	linguistic			End=23.425
17-0	SPK0027	Falling	17	Бүйтіп.	Бүйтіп	linguistic			Begin=23.425|End=24.000
18-0	SPK0032	Continuing	18	Халатты,	Халатты	linguistic			Begin=24.271|End=24.675
19-0	SPK0032	Falling	19	халатты	халатты	linguistic			Begin=24.675
19-1	SPK0032	Falling	19	шешіп	шешіп	linguistic			
19-2	SPK0032	Falling	19	тастайын.	тастайын	linguistic			End=25.521
20-0	SPK0032	Rising	20	Шешіп	Шешіп	linguistic			Begin=28.449
20-1	SPK0032	Rising	20	тастайын?	тастайын	linguistic			End=29.488
21-0	SPK0027	Falling	21	Жоқ	Жоқ	linguistic			Begin=29.780
21-1	SPK0027	Falling	21	өстіп	өстіп	linguistic			
21-2	SPK0027	Falling	21	қойдым	қойдым	linguistic			
21-3	SPK0027	Falling	21	міне.	міне	linguistic			End=30.681
22-0	SPK0027	Falling	22	Мойныңа	Мойныңа	linguistic			Begin=30.681
22-1	SPK0027	Falling	22	ғана	ғана	linguistic			
22-2	SPK0027	Falling	22	жасаймын.	жасаймын	linguistic			End=31.992
23-0	SPK3001	Continuing	23	Әй,	Әй	linguistic			Begin=39.403|End=39.754
24-0	SPK3001	Continuing	24	есікті	есікті	linguistic			Begin=39.754
24-1	SPK3001	Continuing	24	неге,	неге	linguistic			End=40.504
25-0	SPK3001	Continuing	25	жауып,	жауып	linguistic			Begin=40.504|End=40.881
26-0	SPK3001	Continuing	26	кірмейсіңдер,	кірмейсіңдер	linguistic			Begin=40.881|End=41.462
27-0	SPK3001	Falling	27	дұрыстап	дұрыстап	linguistic			Begin=41.462
27-1	SPK3001	Falling	27	а.	а	linguistic			End=42.232
28-0	SPK3001	Falling	28	Шыбын	Шыбын	linguistic			Begin=42.364
28-1	SPK3001	Falling	28	кіріп	кіріп	linguistic			
28-2	SPK3001	Falling	28	кетіпті.	кетіпті	linguistic			End=43.433
29-0	SPK3001	Rising	29	Элементарно?	Элементарно	linguistic			Begin=44.185|End=45.275
30-0	SPK3001	Falling	30	Есік	Есік	linguistic			Begin=45.280
30-1	SPK3001	Falling	30	жаба	жаба	linguistic			
30-2	SPK3001	Falling	30	алмайсыңдар	алмайсыңдар	linguistic			
30-3	SPK3001	Falling	30	ма.	ма	linguistic			End=46.308
31-0	SPK3001	Continuing	31	###,	###	unknown			Begin=51.026|End=52.100
32-0	SPK3001	Falling	32	###.	###	unknown			Begin=52.111|End=53.059
33-0	SPK0027	Rising	33	Кімге?	Кімге	linguistic			Begin=54.043|End=54.944
34-0	SPK3001	Falling	34	¬Меңсұлуға	Меңсұлуға	linguistic		Anonymized=Yes	Begin=55.131
34-1	SPK3001	Falling	34	деймін.	деймін	linguistic			End=56.369
35-0	SPK3001	Continuing	35	Медосмотрды,	Медосмотрды	linguistic			Begin=56.815|End=57.891
36-0	SPK3001	Continuing	36	бітіп,	бітіп	linguistic			Begin=57.891|End=58.372
37-0	SPK3001	Continuing	37	жұмысқа	жұмысқа	linguistic			Begin=58.376
37-1	SPK3001	Continuing	37	барайын	барайын	linguistic			
37-2	SPK3001	Continuing	37	десем,	десем	linguistic			End=59.896
38-0	SPK3001	Continuing	38	немене	немене	linguistic			Begin=60.394
38-1	SPK3001	Continuing	38	дейді,	дейді	linguistic			End=61.355
39-0	SPK3001	Continuing	39	список	список	linguistic			Begin=61.355
39-1	SPK3001	Continuing	39	әкелген	әкелген	linguistic			
39-2	SPK3001	Continuing	39	жоқ	жоқ	linguistic			
39-3	SPK3001	Continuing	39	дейді,	дейді	linguistic			End=62.543
40-0	SPK3001	Continuing	40	бухгалтерия,	бухгалтерия	linguistic			Begin=62.548|End=63.407
41-0	SPK3001	Falling	41	Алла.	Алла	linguistic			Begin=64.211|End=65.139
42-0	SPK0032	Continuing	42	Әне	Әне	linguistic			Begin=75.231
42-1	SPK0032	Continuing	42	біреу,	біреу	linguistic			End=75.846
43-0	SPK0032	Continuing	43	ұлды	ұлды	linguistic			Begin=75.846
43-1	SPK0032	Continuing	43	##,	##	unknown			End=76.723
44-0	SPK0032	Continuing	44	көт-,	көт	linguistic		Interrupted=Yes	Begin=77.030|End=77.338
45-0	SPK0032	Continuing	45	селтектетіп,	селтектетіп	linguistic			Begin=77.338|End=78.208
46-0	SPK0032	Falling	46	¬Беконәйді	Беконәйді	linguistic		Anonymized=Yes	Begin=79.511
46-1	SPK0032	Falling	46	айтамын.	айтамын	linguistic			End=80.327
47-0	SPK0032	Continuing	47	А-,	А	linguistic		Interrupted=Yes	Begin=80.333|End=80.581
48-0	SPK0032	Continuing	48	ауыртып	ауыртып	linguistic			Begin=80.581
48-1	SPK0032	Continuing	48	алмаңдаршы	алмаңдаршы	linguistic			
48-2	SPK0032	Continuing	48	өзі,	өзі	linguistic			End=81.675
49-0	SPK0032	Falling	49	көздендіріп.	көздендіріп	linguistic			Begin=81.675|End=82.345
50-0	SPK3001	Falling	50	Құдай	Құдай	linguistic			Begin=83.418
50-1	SPK3001	Falling	50	сақтасын.	сақтасын	linguistic			End=84.300
51-0	SPK0032	undefined	51	@	@	linguistic			Begin=84.583|End=85.237
52-0	SPK0032	Continuing	52	Олимпикасын	Олимпикасын	linguistic			Begin=85.293
52-1	SPK0032	Continuing	52	киіп	киіп	linguistic			
52-2	SPK0032	Continuing	52	кетіпті	кетіпті	linguistic			
52-3	SPK0032	Continuing	52	ғой,	ғой	linguistic			End=86.815
53-0	SPK0032	Falling	53	құдай-ау	құдай-ау	linguistic			Begin=86.815
53-1	SPK0032	Falling	53	сол.	сол	linguistic			End=87.767
54-0	SPK0032	Falling	54	Көтеріп.	Көтеріп	linguistic			Begin=88.559|End=89.425
55-0	SPK3001	Continuing	55	Сәлеметсің,	Сәлеметсің	linguistic			Begin=92.424|End=93.228
56-0	SPK3001	Falling	56	¬Саян.	Саян	linguistic		Anonymized=Yes	Begin=93.250|End=93.771
57-0	SPK3001	Continuing	57	Мен	Мен	linguistic			Begin=94.175
57-1	SPK3001	Continuing	57	медосмотрдан	медосмотрдан	linguistic			
57-2	SPK3001	Continuing	57	өтіп	өтіп	linguistic			
57-3	SPK3001	Continuing	57	қойдым,	қойдым	linguistic			End=95.565
58-0	SPK3001	Continuing	58	иә	иә	linguistic			Begin=95.565
58-1	SPK3001	Continuing	58	ертең,	ертең	linguistic			End=96.061
59-0	SPK3001	Falling	59	жұмысқа	жұмысқа	linguistic			Begin=96.061
59-1	SPK3001	Falling	59	шығатын	шығатын	linguistic			
59-2	SPK3001	Falling	59	уақытым.	уақытым	linguistic			End=97.271
60-0	SPK3001	Continuing	60	Бірақ	Бірақ	linguistic			Begin=97.678
60-1	SPK3001	Continuing	60	ана,	ана	linguistic			End=98.254
61-0	SPK3001	Interrupted	61	¬Тук	Тук	linguistic		Anonymized=Yes	Begin=98.254
61-1	SPK3001	Interrupted	61	мм—	мм	linguistic		Interrupted=Yes	End=98.600
62-0	SPK3001	Falling	62	бәрін	бәрін	linguistic			Begin=98.600
62-1	SPK3001	Falling	62	өткізіп	өткізіп	linguistic			
62-2	SPK3001	Falling	62	қойғанмын.	қойғанмын	linguistic			End=99.588
63-0	SPK3001	Continuing	63	¬Тукаева	Тукаева	linguistic		Anonymized=Yes	Begin=99.588
63-1	SPK3001	Continuing	63	мектеп,	мектеп	linguistic			End=100.538
64-0	SPK3001	Falling	64	список	список	linguistic			Begin=100.538
64-1	SPK3001	Falling	64	берген	берген	linguistic			
64-2	SPK3001	Falling	64	жоқ	жоқ	linguistic			
64-3	SPK3001	Falling	64	дейді.	дейді	linguistic			End=101.724
65-0	SPK3001	Falling	65	Мұғалімдердікін.	Мұғалімдердікін	linguistic			Begin=101.743|End=102.445
66-0	SPK3001	Continuing	66	Сондықтан,	Сондықтан	linguistic			Begin=103.390|End=103.987
67-0	SPK3001	Continuing	67	мен	мен	linguistic			Begin=103.987
67-1	SPK3001	Continuing	67	енді,	енді	linguistic			End=104.533
68-0	SPK3001	Continuing	68	ертең,	ертең	linguistic			Begin=104.533|End=105.121
69-0	SPK3001	Falling	69	жай	жай	linguistic			Begin=105.127
69-1	SPK3001	Falling	69	бара	бара	linguistic			
69-2	SPK3001	Falling	69	салам	салам	linguistic			
69-3	SPK3001	Falling	69	жұмысыма.	жұмысыма	linguistic			End=106.553
70-0	SPK3001	Continuing	70	Без,	Без	linguistic			Begin=107.067|End=107.517
71-0	SPK3001	Falling	71	санитарной	санитарной	linguistic			Begin=107.673
71-1	SPK3001	Falling	71	книжки.	книжки	linguistic			End=109.002
72-0	SPK3001	Continuing	72	Бухгалтер,	Бухгалтер	linguistic			Begin=110.752|End=111.294
73-0	SPK3001	Continuing	73	өткізу	өткізу	linguistic			Begin=111.455
73-1	SPK3001	Continuing	73	керек	керек	linguistic			
73-2	SPK3001	Continuing	73	дей	дей	linguistic			
73-3	SPK3001	Continuing	73	ме,	ме	linguistic			End=112.420
74-0	SPK3001	Continuing	74	ақша:,	ақша	linguistic		Prolongation=3	Begin=112.420|End=112.915
75-0	SPK3001	Continuing	75	содан	содан	linguistic			Begin=112.928
75-1	SPK3001	Continuing	75	кейін	кейін	linguistic			
75-2	SPK3001	Continuing	75	списоктарды,	списоктарды	linguistic			End=114.095
76-0	SPK3001	Falling	76	осыншама	осыншама	linguistic			Begin=114.095
76-1	SPK3001	Falling	76	деп.	деп	linguistic			End=114.976
77-0	SPK0027	Falling	77	Оплата.	Оплата	linguistic			Begin=116.296|End=117.213
78-0	SPK0032	Falling	78	Ой	Ой	linguistic			Begin=117.036
78-1	SPK0032	Falling	78	Алла	Алла	linguistic			
78-2	SPK0032	Falling	78	(Hx).	(Hx)	_			End=118.273
79-0	SPK3001	Falling	79	А.	А	linguistic			Begin=117.777|End=118.331
80-0	SPK0027	Falling	80	Оплата	Оплата	linguistic			Begin=118.462
80-1	SPK0027	Falling	80	жүреді.	жүреді	linguistic			End=119.463
81-0	SPK3001	Falling	81	Иә.	Иә	linguistic			Begin=119.205|End=119.782
82-0	SPK3001	Falling	82	Иә.	Иә	linguistic			Begin=119.782|End=120.302
83-0	SPK3001	Falling	83	Ойбай.	Ойбай	linguistic			Begin=126.285|End=126.768
84-0	SPK3001	Continuing	84	¬Айсара,	Айсара	linguistic		Anonymized=Yes	Begin=126.768|End=127.205
85-0	SPK3001	Falling	85	жүре	жүре	linguistic			Begin=127.205
85-1	SPK3001	Falling	85	берсін	берсін	linguistic			
85-2	SPK3001	Falling	85	үйде.	үйде	linguistic			End=128.323
86-0	SPK0027	Continuing	86	Мама,	Мама	linguistic			Begin=127.428|End=127.869
87-0	SPK0027	Falling	87	бос	бос	linguistic			Begin=127.873
87-1	SPK0027	Falling	87	ұста.	ұста	linguistic			End=128.554
88-0	SPK0032	Continuing	88	Мен	Мен	linguistic			Begin=130.212
88-1	SPK0032	Continuing	88	¬Назгүл,	Назгүл	linguistic		Anonymized=Yes	End=130.991
89-0	SPK0027	Falling	89	А.	А	linguistic			Begin=131.163|End=131.630
90-0	SPK0032	Continuing	90	семіріп	семіріп	linguistic			Begin=131.748
90-1	SPK0032	Continuing	90	кеткенмін	кеткенмін	linguistic			
90-2	SPK0032	Continuing	90	екен	екен	linguistic			
90-3	SPK0032	Continuing	90	деймін,	деймін	linguistic			End=132.945
91-0	SPK0032	Falling	91	өзім.	өзім	linguistic			Begin=132.945|End=133.520
92-0	SPK0032	Continuing	92	А	А	linguistic			Begin=133.948
92-1	SPK0032	Continuing	92	¬Аяжанға	Аяжанға	linguistic		Anonymized=Yes	
92-2	SPK0032	Continuing	92	қарасам,	қарасам	linguistic			End=135.109
93-0	SPK0032	Rising	93	толық	толық	linguistic			Begin=135.113
93-1	SPK0032	Rising	93	екен?	екен	linguistic			End=135.852
94-0	SPK0032	Falling	94	Ол	Ол	linguistic			Begin=135.864
94-1	SPK0032	Falling	94	да	да	linguistic			
94-2	SPK0032	Falling	94	жақсы.	жақсы	linguistic			End=136.742
95-0	SPK0027	Continuing	95	###,	###	unknown			Begin=136.542|End=137.097
96-0	SPK0027	Falling	96	семірген	семірген	linguistic			Begin=137.097
96-1	SPK0027	Falling	96	жоқсың	жоқсың	linguistic			
96-2	SPK0027	Falling	96	сен.	сен	linguistic			End=138.184
97-0	SPK0032	Falling	97	А.	А	linguistic			Begin=137.945|End=138.430
98-0	SPK0027	Falling	98	Семірген	Семірген	linguistic			Begin=139.096
98-1	SPK0027	Falling	98	жоқсың	жоқсың	linguistic			
98-2	SPK0027	Falling	98	деймін.	деймін	linguistic			End=140.199
99-0	SPK0032	Falling	99	Қайдан	Қайдан	linguistic			Begin=139.815
99-1	SPK0032	Falling	99	білемін.	білемін	linguistic			End=140.878
100-0	SPK0032	Falling	100	Соны	Соны	linguistic			Begin=140.987
100-1	SPK0032	Falling	100	ойлағанмын.	ойлағанмын	linguistic			End=141.863
101-0	SPK0032	Continuing	101	Бірақ	Бірақ	linguistic			Begin=142.529
101-1	SPK0032	Continuing	101	анау	анау	linguistic			
101-2	SPK0032	Continuing	101	күні	күні	linguistic			
101-3	SPK0032	Continuing	101	әгі,	әгі	linguistic			End=143.306
102-0	SPK0032	Continuing	102	больницада	больницада	linguistic			Begin=143.306
102-1	SPK0032	Continuing	102	жүргенде,	жүргенде	linguistic			End=144.348
103-0	SPK0032	Rising	103	алпыс	алпыс	linguistic			Begin=144.348
103-1	SPK0032	Rising	103	жеті-ақ	жеті-ақ	linguistic			
103-2	SPK0032	Rising	103	килограмм	килограмм	linguistic			
103-3	SPK0032	Rising	103	болдым?	болдым	linguistic			End=145.737
104-0	SPK0027	Falling	104	Е:.	Е	linguistic		Prolongation=0	Begin=145.882|End=146.651
105-0	SPK0032	Continuing	105	Больницада	Больницада	linguistic			Begin=147.581
105-1	SPK0032	Continuing	105	өлшеді	өлшеді	linguistic			
105-2	SPK0032	Continuing	105	ғой	ғой	linguistic			
105-3	SPK0032	Continuing	105	әгі,	әгі	linguistic			End=148.957
106-0	SPK0032	Falling	106	кірерде.	кірерде	linguistic			Begin=148.957|End=149.719
107-0	SPK0027	Falling	107	Иә.	Иә	linguistic			Begin=149.653|End=150.290
108-0	SPK0032	Falling	108	Өлшеп	Өлшеп	linguistic			Begin=150.300
108-1	SPK0032	Falling	108	алады	алады	linguistic			
108-2	SPK0032	Falling	108	екен.	екен	linguistic			End=151.227
109-0	SPK0032	Continuing	109	Сонда,	Сонда	linguistic			Begin=152.324|End=152.629
110-0	SPK0032	Continuing	110	алпыс	алпыс	linguistic			Begin=152.629
110-1	SPK0032	Continuing	110	жеті	жеті	linguistic			
110-2	SPK0032	Continuing	110	дейді	дейді	linguistic			
110-3	SPK0032	Continuing	110	ана,	ана	linguistic			End=153.814
111-0	SPK0032	Continuing	111	киіміңіз	киіміңіз	linguistic			Begin=154.508
111-1	SPK0032	Continuing	111	деді,	деді	linguistic			End=155.478
112-0	SPK0032	Falling	112	бір	бір	linguistic			Begin=155.478
112-1	SPK0032	Falling	112	жарты	жарты	linguistic			
112-2	SPK0032	Falling	112	килограмм	килограмм	linguistic			
112-3	SPK0032	Falling	112	деді.	деді	linguistic			End=156.823
113-0	SPK0027	Falling	113	Иә.	Иә	linguistic			Begin=156.852|End=157.478
114-0	SPK0032	Continuing	114	Бір	Бір	linguistic			Begin=157.007
114-1	SPK0032	Continuing	114	әгі,	әгі	linguistic			End=157.428
115-0	SPK0032	Continuing	115	сол	сол	linguistic			Begin=157.428
115-1	SPK0032	Continuing	115	###,	###	unknown			End=157.784
116-0	SPK0032	Falling	116	шығарып	шығарып	linguistic			Begin=157.784
116-1	SPK0032	Falling	116	тастайды	тастайды	linguistic			
116-2	SPK0032	Falling	116	екен.	екен	linguistic			End=158.902
117-0	SPK0027	Falling	117	Иә.	Иә	linguistic			Begin=158.873|End=159.352
118-0	SPK0032	Continuing	118	Әгі,	Әгі	linguistic			Begin=159.894|End=160.138
119-0	SPK0032	Continuing	119	қабылдау	қабылдау	linguistic			Begin=160.138
119-1	SPK0032	Continuing	119	жерде,	жерде	linguistic			End=160.894
120-0	SPK0032	Falling	120	деген	деген	linguistic			Begin=160.894
120-1	SPK0032	Falling	120	жерде.	жерде	linguistic			End=161.930
121-0	SPK0027	Falling	121	Иә.	Иә	linguistic			Begin=162.005|End=162.462
122-0	SPK0027	Rising	122	¬Айсара?	Айсара	linguistic		Anonymized=Yes	Begin=163.935|End=164.675
123-0	SPK3001	undefined	123	EXPRESS_AFFECTION_TO_THE_CHILD	EXPRESS_AFFECTION_TO_THE_CHILD	paraverbal	_		Begin=174.671|End=176.973
124-0	SPK3001	Falling	124	####.	####	unknown			Begin=177.058|End=178.067
125-0	SPK3001	Falling	125	###.	###	unknown			Begin=178.575|End=179.773
126-0	SPK0032	Falling	126	####.	####	unknown			Begin=179.667|End=180.651
127-0	SPK0032	Continuing	127	Ә:,	Ә	linguistic		Prolongation=0	Begin=181.630|End=181.980
128-0	SPK0032	Continuing	128	мен,	мен	linguistic			Begin=181.980|End=182.121
129-0	SPK0032	Continuing	129	қаптай	қаптай	linguistic			Begin=182.121
129-1	SPK0032	Continuing	129	болып,	болып	linguistic			End=182.693
130-0	SPK0032	Falling	130	семіріп	семіріп	linguistic			Begin=182.693
130-1	SPK0032	Falling	130	кеттім	кеттім	linguistic			
130-2	SPK0032	Falling	130	өзі.	өзі	linguistic			End=183.663
131-0	SPK0032	Falling	131	Құдай	Құдай	linguistic			Begin=183.689
131-1	SPK0032	Falling	131	сақтасын.	сақтасын	linguistic			End=184.516
132-0	SPK3001	undefined	132	STARTS_KILLING_FLIES_IN_THE_ROOM	STARTS_KILLING_FLIES_IN_THE_ROOM	paraverbal	_		Begin=184.130|End=186.386
133-0	SPK0027	Falling	133	Кім.	Кім	linguistic			Begin=185.462|End=186.109
134-0	SPK0027	Continuing	134	Жаңа	Жаңа	linguistic			Begin=187.313
134-1	SPK0027	Continuing	134	ғана,	ғана	linguistic			End=187.819
135-0	SPK0027	Continuing	135	семіз	семіз	linguistic			Begin=187.822
135-1	SPK0027	Continuing	135	емеспін	емеспін	linguistic			
135-2	SPK0027	Continuing	135	деген,	деген	linguistic			End=188.687
136-0	SPK0027	Falling	136	енді	енді	linguistic			Begin=188.687
136-1	SPK0027	Falling	136	семізбін	семізбін	linguistic			
136-2	SPK0027	Falling	136	дейді.	дейді	linguistic			End=189.778
137-0	SPK3001	Falling	137	Нормальный	Нормальный	linguistic			Begin=189.720
137-1	SPK3001	Falling	137	ғой.	ғой	linguistic			End=190.647
138-0	SPK3001	Continuing	138	Арық	Арық	linguistic			Begin=191.379
138-1	SPK3001	Continuing	138	емессің,	емессің	linguistic			End=192.274
139-0	SPK3001	Falling	139	мама	мама	linguistic			Begin=192.278
139-1	SPK3001	Falling	139	сен.	сен	linguistic			End=192.826
140-0	SPK3001	Falling	140	Түк	Түк	linguistic			Begin=193.951
140-1	SPK3001	Falling	140	те	те	linguistic			
140-2	SPK3001	Falling	140	арық	арық	linguistic			
140-3	SPK3001	Falling	140	емессің.	емессің	linguistic			End=195.201
141-0	SPK3001	Falling	141	Нормальныйсың.	Нормальныйсың	linguistic			Begin=195.413|End=196.340
142-0	SPK0027	Falling	142	Семіз	Семіз	linguistic			Begin=195.874
142-1	SPK0027	Falling	142	##.	##	unknown			End=197.120
143-0	SPK3001	Falling	143	Семіз	Семіз	linguistic			Begin=196.524
143-1	SPK3001	Falling	143	де	де	linguistic			
143-2	SPK3001	Falling	143	емессің.	емессің	linguistic			End=197.878
144-0	SPK0032	Continuing	144	Жо:қ,	Жоқ	linguistic		Prolongation=1	Begin=197.879|End=198.441
145-0	SPK3001	Continuing	145	Андағыда,	Андағыда	linguistic			Begin=198.115|End=198.947
146-0	SPK0032	Continuing	146	а:-,	а	linguistic		Interrupted=Yes|Prolongation=0	Begin=198.441|End=198.927
147-0	SPK3001	Continuing	147	андағыдан,	андағыдан	linguistic			Begin=199.035|End=199.593
148-0	SPK3001	Continuing	148	арып	арып	linguistic			Begin=199.593
148-1	SPK3001	Continuing	148	кетсең,	кетсең	linguistic			End=200.158
149-0	SPK3001	Falling	149	жаман	жаман	linguistic			Begin=200.161
149-1	SPK3001	Falling	149	болып	болып	linguistic			
149-2	SPK3001	Falling	149	қаласың.	қаласың	linguistic			End=200.877
150-0	SPK0032	Continuing	150	арық,	арық	linguistic			Begin=200.613|End=201.147
151-0	SPK0032	Continuing	151	арықпын	арықпын	linguistic			Begin=201.241
151-1	SPK0032	Continuing	151	деп,	деп	linguistic			End=202.021
152-0	SPK0032	Falling	152	отырғаным	отырғаным	linguistic			Begin=202.021
152-1	SPK0032	Falling	152	жоқ.	жоқ	linguistic			End=203.100
153-0	SPK3001	Falling	153	Е.	Е	linguistic			Begin=202.715|End=203.316
154-0	SPK0032	Continuing	154	Соны,	Соны	linguistic			Begin=205.122|End=205.535
155-0	SPK0032	Continuing	155	семіре	семіре	linguistic			Begin=205.535
155-1	SPK0032	Continuing	155	#,	#	unknown			End=206.179
156-0	SPK0032	Continuing	156	сөйтіп,	сөйтіп	linguistic			Begin=206.179|End=206.377
157-0	SPK0032	Falling	157	не	не	linguistic			Begin=206.377
157-1	SPK0032	Falling	157	етпесем	етпесем	linguistic			
157-2	SPK0032	Falling	157	екенмін	екенмін	linguistic			
157-3	SPK0032	Falling	157	деймін.	деймін	linguistic			End=207.518
158-0	SPK3001	Falling	158	Немене	Немене	linguistic			Begin=208.259
158-1	SPK3001	Falling	158	етпесем	етпесем	linguistic			
158-2	SPK3001	Falling	158	екенмін.	екенмін	linguistic			End=209.597
159-0	SPK0027	Continuing	159	Семірмесем,	Семірмесем	linguistic			Begin=209.636|End=210.457
160-0	SPK0032	Interrupted	160	Сем—	Сем	linguistic		Interrupted=Yes	Begin=209.794|End=210.223
161-0	SPK0032	Continuing	161	Семірмесем,	Семірмесем	linguistic			Begin=210.346|End=211.366
162-0	SPK0027	Falling	162	екенмін	екенмін	linguistic			Begin=210.457
162-1	SPK0027	Falling	162	дейді.	дейді	linguistic			End=211.135
163-0	SPK0032	Falling	163	екенмін	екенмін	linguistic			Begin=211.366
163-1	SPK0032	Falling	163	деймін.	деймін	linguistic			End=212.287
164-0	SPK3001	undefined	164	@@	@@	linguistic			Begin=212.395|End=213.485
165-0	SPK0032	Continuing	165	Мен	Мен	linguistic			Begin=213.119
165-1	SPK0032	Continuing	165	өзім,	өзім	linguistic			End=213.804
166-0	SPK0032	Continuing	166	сүйегім	сүйегім	linguistic			Begin=213.804
166-1	SPK0032	Continuing	166	ауыр,	ауыр	linguistic			End=214.601
167-0	SPK0032	Continuing	167	бірақ	бірақ	linguistic			Begin=214.601
167-1	SPK0032	Continuing	167	анау	анау	linguistic			
167-2	SPK0032	Continuing	167	күні	күні	linguistic			
167-3	SPK0032	Continuing	167	әгі,	әгі	linguistic			End=215.414
168-0	SPK0032	Continuing	168	больницаға	больницаға	linguistic			Begin=215.414
168-1	SPK0032	Continuing	168	қабылдау,	қабылдау	linguistic			End=216.374
169-0	SPK0032	Falling	169	онда	онда	linguistic			Begin=216.374
169-1	SPK0032	Falling	169	алпыс	алпыс	linguistic			
169-2	SPK0032	Falling	169	жеті-ақ	жеті-ақ	linguistic			
169-3	SPK0032	Falling	169	килограмм	килограмм	linguistic			
169-4	SPK0032	Falling	169	болдым.	болдым	linguistic			End=218.398
170-0	SPK0032	Falling	170	Әгі	Әгі	linguistic			Begin=218.414
170-1	SPK0032	Falling	170	гиряға	гиряға	linguistic			
170-2	SPK0032	Falling	170	салды	салды	linguistic			
170-3	SPK0032	Falling	170	ғой.	ғой	linguistic			End=219.757
171-0	SPK0032	Continuing	171	Сонда	Сонда	linguistic			Begin=219.869
171-1	SPK0032	Continuing	171	қабылдауға,	қабылдауға	linguistic			End=221.041
172-0	SPK0032	Falling	172	больницаға	больницаға	linguistic			Begin=221.046
172-1	SPK0032	Falling	172	жатқанға.	жатқанға	linguistic			End=222.327
173-0	SPK0032	Continuing	173	Мен	Мен	linguistic			Begin=223.007
173-1	SPK0032	Continuing	173	айттым,	айттым	linguistic			End=223.499
174-0	SPK0032	Continuing	174	қарағым,	қарағым	linguistic			Begin=223.499|End=223.874
175-0	SPK0032	Falling	175	мен	мен	linguistic			Begin=223.874
175-1	SPK0032	Falling	175	өзі	өзі	linguistic			
175-2	SPK0032	Falling	175	сүйегім	сүйегім	linguistic			
175-3	SPK0032	Falling	175	ауыр	ауыр	linguistic			
175-4	SPK0032	Falling	175	дедім.	дедім	linguistic			End=225.343
176-0	SPK0032	Continuing	176	Мен	Мен	linguistic			Begin=225.343
176-1	SPK0032	Continuing	176	қозғала	қозғала	linguistic			
176-2	SPK0032	Continuing	176	алмаймын,	алмаймын	linguistic			End=226.242
177-0	SPK0032	Falling	177	өзім	өзім	linguistic			Begin=226.242
177-1	SPK0032	Falling	177	дедім.	дедім	linguistic			End=227.320
178-0	SPK3001	Continuing	178	Ана,	Ана	linguistic			Begin=226.921|End=227.468
179-0	SPK3001	Continuing	179	¬Күнжан	Күнжан	linguistic		Anonymized=Yes	Begin=227.468
179-1	SPK3001	Continuing	179	айтады,	айтады	linguistic			End=227.890
180-0	SPK3001	Continuing	180	ауырып	ауырып	linguistic			Begin=227.890
180-1	SPK3001	Continuing	180	жатыр	жатыр	linguistic			
180-2	SPK3001	Continuing	180	емес	емес	linguistic			
180-3	SPK3001	Continuing	180	пе,	пе	linguistic			End=229.312
181-0	SPK3001	Falling	181	көтерілмейді	көтерілмейді	linguistic			Begin=230.239
181-1	SPK3001	Falling	181	дейді.	дейді	linguistic			End=231.409
182-0	SPK3001	Continuing	182	Алып	Алып	linguistic			Begin=232.193
182-1	SPK3001	Continuing	182	салғанда,	салғанда	linguistic			End=233.210
183-0	SPK3001	Continuing	183	қыздар,	қыздар	linguistic			Begin=233.210|End=233.710
184-0	SPK3001	Continuing	184	¬Сандуғаш,	Сандуғаш	linguistic		Anonymized=Yes	Begin=233.710|End=234.458
185-0	SPK3001	Continuing	185	¬Бағлан,	Бағлан	linguistic		Anonymized=Yes	Begin=234.458|End=235.330
186-0	SPK3001	Falling	186	үш	үш	linguistic			Begin=235.330
186-1	SPK3001	Falling	186	қыз.	қыз	linguistic			End=236.117
187-0	SPK3001	Continuing	187	Жаман,	Жаман	linguistic			Begin=236.271|End=236.825
188-0	SPK3001	Falling	188	сонда.	сонда	linguistic			Begin=236.825|End=237.495
189-0	SPK3001	Falling	189	Өте	Өте	linguistic			Begin=237.611
189-1	SPK3001	Falling	189	ауыр	ауыр	linguistic			
189-2	SPK3001	Falling	189	дейді.	дейді	linguistic			End=239.017
190-0	SPK3001	Continuing	190	Әмбе,	Әмбе	linguistic			Begin=239.585|End=240.109
191-0	SPK3001	Continuing	191	не	не	linguistic			Begin=240.109
191-1	SPK3001	Continuing	191	жоқ	жоқ	linguistic			
191-2	SPK3001	Continuing	191	қой,	қой	linguistic			End=240.664
192-0	SPK3001	Continuing	192	өзінде,	өзінде	linguistic			Begin=240.664|End=241.124
193-0	SPK3001	Falling	193	движение	движение	linguistic			Begin=241.124
193-1	SPK3001	Falling	193	жоқ.	жоқ	linguistic			End=242.070
194-0	SPK3001	undefined	194	MAKES_A_GULPING_SOUND	MAKES_A_GULPING_SOUND	paraverbal	_		Begin=242.999|End=243.855
195-0	SPK3001	Continuing	195	Через	Через	linguistic			Begin=244.003
195-1	SPK3001	Continuing	195	нос,	нос	linguistic			End=244.867
196-0	SPK3001	Falling	196	капает	капает	linguistic			Begin=244.867
196-1	SPK3001	Falling	196	ей.	ей	linguistic			End=246.188
197-0	SPK3001	Continuing	197	Біресе	Біресе	linguistic			Begin=246.669
197-1	SPK3001	Continuing	197	больницаға	больницаға	linguistic			
197-2	SPK3001	Continuing	197	келеді,	келеді	linguistic			End=248.171
198-0	SPK3001	Falling	198	біресе	біресе	linguistic			Begin=248.171
198-1	SPK3001	Falling	198	анда	анда	linguistic			
198-2	SPK3001	Falling	198	апарады.	апарады	linguistic			End=249.190
199-0	SPK3001	Continuing	199	Инсульттің,	Инсульттің	linguistic			Begin=249.953|End=250.945
200-0	SPK3001	Falling	200	жаман	жаман	linguistic			Begin=250.945
200-1	SPK3001	Falling	200	түрін	түрін	linguistic			
200-2	SPK3001	Falling	200	алып	алып	linguistic			
200-3	SPK3001	Falling	200	қалған.	қалған	linguistic			End=251.882
201-0	SPK3001	Continuing	201	Не	Не	linguistic			Begin=251.882
201-1	SPK3001	Continuing	201	немене,	немене	linguistic			End=252.398
202-0	SPK3001	Continuing	202	қандай,	қандай	linguistic			Begin=252.405|End=253.135
203-0	SPK3001	Falling	203	бір	бір	linguistic			Begin=253.914
203-1	SPK3001	Falling	203	түрі.	түрі	linguistic			End=254.676
204-0	SPK0027	Falling	204	Геморрагический.	Геморрагический	linguistic			Begin=254.365|End=255.684
205-0	SPK3001	Falling	205	Геморрагический.	Геморрагический	linguistic			Begin=255.388|End=256.501
206-0	SPK0032	Falling	206	¬Райханды	Райханды	linguistic		Anonymized=Yes	Begin=258.343
206-1	SPK0032	Falling	206	кеше	кеше	linguistic			
206-2	SPK0032	Falling	206	больницаға	больницаға	linguistic			
206-3	SPK0032	Falling	206	жатқызып	жатқызып	linguistic			
206-4	SPK0032	Falling	206	тастады	тастады	linguistic			
206-5	SPK0032	Falling	206	дейді.	дейді	linguistic			End=261.018
207-0	SPK0032	Falling	207	¬Әкөш	Әкөш	linguistic		Anonymized=Yes	Begin=261.018
207-1	SPK0032	Falling	207	айтады.	айтады	linguistic			End=262.028
208-0	SPK0032	Continuing	208	Дүйсенбі	Дүйсенбі	linguistic			Begin=262.392
208-1	SPK0032	Continuing	208	күні	күні	linguistic			
208-2	SPK0032	Continuing	208	әгі,	әгі	linguistic			End=263.363
209-0	SPK0032	Falling	209	#####.	#####	unknown			Begin=263.365|End=264.192
210-0	SPK3001	Rising	210	Кімді?	Кімді	linguistic			Begin=264.648|End=265.365
211-0	SPK0032	Falling	211	¬Райханды	Райханды	linguistic		Anonymized=Yes	Begin=265.362
211-1	SPK0032	Falling	211	дейді.	дейді	linguistic			End=266.287
212-0	SPK0032	Continuing	212	Гүл-	Гүл	linguistic		Interrupted=Yes	Begin=266.421
212-1	SPK0032	Continuing	212	ә:,	ә	linguistic		Prolongation=0	End=267.058
213-0	SPK0032	Falling	213	¬Әкөш	Әкөш	linguistic		Anonymized=Yes	Begin=267.058
213-1	SPK0032	Falling	213	айтады.	айтады	linguistic			End=268.299
214-0	SPK3001	Falling	214	Е.	Е	linguistic			Begin=268.289|End=268.679
215-0	SPK3001	Falling	215	Жата	Жата	linguistic			Begin=268.679
215-1	SPK3001	Falling	215	берсін.	берсін	linguistic			End=269.351
216-0	SPK3001	Continuing	216	Ол,	Ол	linguistic			Begin=269.351|End=269.921
217-0	SPK3001	Falling	217	профилактика	профилактика	linguistic			Begin=269.921
217-1	SPK3001	Falling	217	алатын	алатын	linguistic			
217-2	SPK3001	Falling	217	бабушка.	бабушка	linguistic			End=271.705
218-0	SPK0032	Falling	218	А.	А	linguistic			Begin=271.882|End=272.937
219-0	SPK3001	Continuing	219	Емделеді	Емделеді	linguistic			Begin=273.723
219-1	SPK3001	Continuing	219	ол,	ол	linguistic			End=274.422
220-0	SPK3001	Falling	220	ол	ол	linguistic			Begin=274.429
220-1	SPK3001	Falling	220	сахар	сахар	linguistic			
220-2	SPK3001	Falling	220	емес	емес	linguistic			
220-3	SPK3001	Falling	220	пе.	пе	linguistic			End=275.570
221-0	SPK0027	Falling	221	¬Жанаттың	Жанаттың	linguistic		Anonymized=Yes	Begin=274.593
221-1	SPK0027	Falling	221	ұлы	ұлы	linguistic			
221-2	SPK0027	Falling	221	үйленген	үйленген	linguistic			
221-3	SPK0027	Falling	221	бе.	бе	linguistic			End=276.369
222-0	SPK3001	Falling	222	Иә	Иә	linguistic			Begin=276.017
222-1	SPK3001	Falling	222	иә.	иә	linguistic			End=276.709
223-0	SPK3001	Falling	223	¬Жанаттың	Жанаттың	linguistic		Anonymized=Yes	Begin=277.662
223-1	SPK3001	Falling	223	ұлы	ұлы	linguistic			
223-2	SPK3001	Falling	223	үйленіпті.	үйленіпті	linguistic			End=279.237
224-0	SPK0032	Falling	224	Е.	Е	linguistic			Begin=277.875|End=278.593
225-0	SPK3001	Continuing	225	Келіні	Келіні	linguistic			Begin=279.466
225-1	SPK3001	Continuing	225	қиын,	қиын	linguistic			End=280.156
226-0	SPK3001	Falling	226	кейіп-кеспірі	кейіп-кеспірі	linguistic			Begin=280.156
226-1	SPK3001	Falling	226	жоқ	жоқ	linguistic			
226-2	SPK3001	Falling	226	дейді.	дейді	linguistic			End=281.414
227-0	SPK3001	Falling	227	Одан	Одан	linguistic			Begin=281.873
227-1	SPK3001	Falling	227	ұлы	ұлы	linguistic			
227-2	SPK3001	Falling	227	сұлу	сұлу	linguistic			
227-3	SPK3001	Falling	227	дейді.	дейді	linguistic			End=283.277
228-0	SPK0027	Continuing	228	Өзі,	Өзі	linguistic			Begin=283.976|End=284.320
229-0	SPK0027	Continuing	229	¬Жанаттың	Жанаттың	linguistic		Anonymized=Yes	Begin=284.320
229-1	SPK0027	Continuing	229	өзі	өзі	linguistic			
229-2	SPK0027	Continuing	229	де	де	linguistic			
229-3	SPK0027	Continuing	229	бір,	бір	linguistic			End=285.494
230-0	SPK0027	Continuing	230	маған	маған	linguistic			Begin=285.496
230-1	SPK0027	Continuing	230	қиын,	қиын	linguistic			End=286.060
231-0	SPK0027	Falling	231	ұнамайды	ұнамайды	linguistic			Begin=286.060
231-1	SPK0027	Falling	231	¬Жанат.	Жанат	linguistic		Anonymized=Yes	End=287.159
232-0	SPK3001	Continuing	232	Не	Не	linguistic			Begin=287.110
232-1	SPK3001	Continuing	232	емес	емес	linguistic			
232-2	SPK3001	Continuing	232	пе,	пе	linguistic			End=288.322
233-0	SPK0027	Falling	233	Противная.	Противная	linguistic			Begin=287.773|End=288.625
234-0	SPK3001	Falling	234	Противная.	Противная	linguistic			Begin=288.755|End=289.544
235-0	SPK0027	Falling	235	Высокомерная.	Высокомерная	linguistic			Begin=289.181|End=290.484
236-0	SPK3001	Falling	236	Иә.	Иә	linguistic			Begin=289.656|End=290.281
237-0	SPK3001	Falling	237	Высокомерная.	Высокомерная	linguistic			Begin=290.281|End=291.218
238-0	SPK3001	Falling	238	Кісі	Кісі	linguistic			Begin=291.218
238-1	SPK3001	Falling	238	менсінбейді	менсінбейді	linguistic			
238-2	SPK3001	Falling	238	әшейін.	әшейін	linguistic			End=292.398
239-0	SPK3001	Falling	239	Бүйтіп.	Бүйтіп	linguistic			Begin=292.398|End=292.929
240-0	SPK3001	Falling	240	Бүйтеді	Бүйтеді	linguistic			Begin=293.206
240-1	SPK3001	Falling	240	де	де	linguistic			
240-2	SPK3001	Falling	240	тұрады.	тұрады	linguistic			End=294.119
241-0	SPK3001	Falling	241	Ол	Ол	linguistic			Begin=294.179
241-1	SPK3001	Falling	241	не	не	linguistic			
241-2	SPK3001	Falling	241	керек.	керек	linguistic			End=295.276
242-0	SPK0027	Continuing	242	¬Жасұланның,	Жасұланның	linguistic		Anonymized=Yes	Begin=294.882|End=295.609
243-0	SPK0027	Continuing	243	¬Ералының	Ералының	linguistic		Anonymized=Yes	Begin=295.609
243-1	SPK0027	Continuing	243	тойына	тойына	linguistic			
243-2	SPK0027	Continuing	243	келгенде	келгенде	linguistic			
243-3	SPK0027	Continuing	243	тіпті,	тіпті	linguistic			End=296.898
244-0	SPK0027	Continuing	244	амандаспай,	амандаспай	linguistic			Begin=296.898|End=297.570
245-0	SPK0027	Falling	245	кекшірейіп	кекшірейіп	linguistic			Begin=297.570
245-1	SPK0027	Falling	245	өтіп	өтіп	linguistic			
245-2	SPK0027	Falling	245	бара	бара	linguistic			
245-3	SPK0027	Falling	245	жатқан.	жатқан	linguistic			End=298.945
246-0	SPK0032	Rising	246	Кім?	Кім	linguistic			Begin=298.331|End=298.971
247-0	SPK0027	Continuing	247	Мені	Мені	linguistic			Begin=299.018
247-1	SPK0027	Continuing	247	бір	бір	linguistic			
247-2	SPK0027	Continuing	247	әгі	әгі	linguistic			
247-3	SPK0027	Continuing	247	бір,	бір	linguistic			End=299.924
248-0	SPK0027	Falling	248	күнде	күнде	linguistic			Begin=300.127
248-1	SPK0027	Falling	248	көріп	көріп	linguistic			
248-2	SPK0027	Falling	248	жүрген	жүрген	linguistic			
248-3	SPK0027	Falling	248	кісі	кісі	linguistic			
248-4	SPK0027	Falling	248	сияқты.	сияқты	linguistic			End=301.605
249-0	SPK3001	Falling	249	Соны	Соны	linguistic			Begin=301.309
249-1	SPK3001	Falling	249	айтамын.	айтамын	linguistic			End=302.021
250-0	SPK3001	Falling	250	Мен	Мен	linguistic			Begin=302.046
250-1	SPK3001	Falling	250	вообще	вообще	linguistic			
250-2	SPK3001	Falling	250	амандаспаймын	амандаспаймын	linguistic			
250-3	SPK3001	Falling	250	оған.	оған	linguistic			End=303.359
251-0	SPK0027	Continuing	251	Мен	Мен	linguistic			Begin=303.381
251-1	SPK0027	Continuing	251	де	де	linguistic			
251-2	SPK0027	Continuing	251	вообще	вообще	linguistic			
251-3	SPK0027	Continuing	251	##,	##	unknown			End=304.386
252-0	SPK3001	Continuing	252	Вообще	Вообще	linguistic			Begin=303.851
252-1	SPK3001	Continuing	252	амандас-,	амандас	linguistic		Interrupted=Yes	End=304.710
253-0	SPK0027	Falling	253	#####.	#####	unknown			Begin=304.386|End=305.658
254-0	SPK3001	Continuing	254	вообще,	вообще	linguistic			Begin=304.714|End=305.000
255-0	SPK3001	Continuing	255	қарамаймын	қарамаймын	linguistic			Begin=305.000
255-1	SPK3001	Continuing	255	мен	мен	linguistic			
255-2	SPK3001	Continuing	255	¬Гүлбикеге,	Гүлбикеге	linguistic		Anonymized=Yes	End=306.459
256-0	SPK3001	Falling	256	а-	а	linguistic		Interrupted=Yes	Begin=306.600
256-1	SPK3001	Falling	256	¬Жанатқа.	Жанатқа	linguistic		Anonymized=Yes	End=307.469
257-0	SPK3001	Falling	257	Иә.	Иә	linguistic			Begin=307.469|End=307.780
258-0	SPK3001	Continuing	258	Тойы,	Тойы	linguistic			Begin=310.477|End=310.930
259-0	SPK3001	Continuing	259	күш:ті	күшті	linguistic		Prolongation=2	Begin=310.930
259-1	SPK3001	Continuing	259	болды	болды	linguistic			
259-2	SPK3001	Continuing	259	дейді	дейді	linguistic			
259-3	SPK3001	Continuing	259	енді,	енді	linguistic			End=312.445
260-0	SPK3001	Falling	260	старшно.	старшно	linguistic			Begin=312.445|End=313.263
261-0	SPK3001	Continuing	261	Та—	Та	linguistic		Interrupted=Yes	Begin=313.263
261-1	SPK3001	Continuing	261	(H),	(H)	_			End=313.840
262-0	SPK3001	Falling	262	салаттың	салаттың	linguistic			Begin=314.000
262-1	SPK3001	Falling	262	өзі	өзі	linguistic			
262-2	SPK3001	Falling	262	он	он	linguistic			
262-3	SPK3001	Falling	262	түрлі	түрлі	linguistic			
262-4	SPK3001	Falling	262	дей	дей	linguistic			
262-5	SPK3001	Falling	262	ме.	ме	linguistic			End=315.987
263-0	SPK3001	Falling	263	Мен	Мен	linguistic			Begin=316.287
263-1	SPK3001	Falling	263	айтамын	айтамын	linguistic			
263-2	SPK3001	Falling	263	конечно.	конечно	linguistic			End=317.360
264-0	SPK3001	Continuing	264	Әгі,	Әгі	linguistic			Begin=317.632|End=318.132
265-0	SPK3001	Continuing	265	¬Жанат	Жанат	linguistic		Anonymized=Yes	Begin=318.132
265-1	SPK3001	Continuing	265	жа-,	жа	linguistic		Interrupted=Yes	End=318.750
266-0	SPK3001	Rising	266	¬Гүлжан	Гүлжан	linguistic		Anonymized=Yes	Begin=318.750
266-1	SPK3001	Rising	266	жасайды	жасайды	linguistic			
266-2	SPK3001	Rising	266	ғой?	ғой	linguistic			End=319.540
267-0	SPK3001	Falling	267	Оларда.	Оларда	linguistic			Begin=319.545|End=320.264
268-0	SPK0027	undefined	268	STARTS_SLAPPING_SPEAKER_SPK0032'S_BACK	STARTS_SLAPPING_SPEAKER_SPK0032'S_BACK	paraverbal	_		Begin=320.838|End=323.085
269-0	SPK3001	Falling	269	Еще	Еще	linguistic			Begin=320.919
269-1	SPK3001	Falling	269	төлегені	төлегені	linguistic			
269-2	SPK3001	Falling	269	бар.	бар	linguistic			End=322.314
270-0	SPK3001	Falling	270	Төлеп	Төлеп	linguistic			Begin=323.312
270-1	SPK3001	Falling	270	істеткені	істеткені	linguistic			
270-2	SPK3001	Falling	270	бар.	бар	linguistic			End=325.009
271-0	SPK0027	Rising	271	Мама?	Мама	linguistic			Begin=325.578|End=326.237
272-0	SPK0032	Falling	272	А.	А	linguistic			Begin=326.320|End=326.898
273-0	SPK0027	Rising	273	Кіти	Кіти	linguistic			Begin=326.734
273-1	SPK0027	Rising	273	жұмсарды	жұмсарды	linguistic			
273-2	SPK0027	Rising	273	ма?	ма	linguistic			End=327.836
274-0	SPK0032	Falling	274	Жұмсарды.	Жұмсарды	linguistic			Begin=327.828|End=328.820
275-0	SPK3001	Falling	275	¬Перизат.	Перизат	linguistic		Anonymized=Yes	Begin=328.088|End=329.018
276-0	SPK0032	Falling	276	Жақсы	Жақсы	linguistic			Begin=328.820
276-1	SPK0032	Falling	276	болды.	болды	linguistic			End=329.640
277-0	SPK0032	Falling	277	Жұмсарды.	Жұмсарды	linguistic			Begin=330.492|End=331.809
278-0	SPK3001	undefined	278	AFFECTIONATELY_DRAWS_THE_CHILD_TO_HERSELF	AFFECTIONATELY_DRAWS_THE_CHILD_TO_HERSELF	paraverbal	_		Begin=333.125|End=334.296
279-0	SPK3001	Continuing	279	<VOX	<VOX	linguistic			Begin=334.302
279-1	SPK3001	Continuing	279	Жүрші,	Жүрші	linguistic			End=334.504
280-0	SPK3001	Falling	280	келе	келе	linguistic			Begin=334.504
280-1	SPK3001	Falling	280	ғой.	ғой	linguistic			End=335.439
281-0	SPK3001	undefined	281	Сағынып	Сағынып	linguistic			Begin=335.486
281-1	SPK3001	undefined	281	қалдым	қалдым	linguistic			
281-2	SPK3001	undefined	281	ғой	ғой	linguistic			
281-3	SPK3001	undefined	281	сені.	сені	linguistic			
281-4	SPK3001	undefined	281	>	>	linguistic			End=337.273
282-0	SPK3001	Continuing	282	Келіп	Келіп	linguistic			Begin=337.273
282-1	SPK3001	Continuing	282	маған,	маған	linguistic			End=337.742
283-0	SPK3001	Falling	283	үзіліп	үзіліп	linguistic			Begin=337.742
283-1	SPK3001	Falling	283	қарап	қарап	linguistic			
283-2	SPK3001	Falling	283	тұр.	тұр	linguistic			End=338.687
284-0	SPK0032	Continuing	284	Өй	Өй	linguistic			Begin=338.750
284-1	SPK0032	Continuing	284	қолыңнан	қолыңнан	linguistic			
284-2	SPK0032	Continuing	284	айналайын,	айналайын	linguistic			End=340.296
285-0	SPK3001	undefined	285	KISSES_THE_CHILD	KISSES_THE_CHILD	paraverbal	_		Begin=338.872|End=340.136
286-0	SPK0032	Falling	286	құлыным.	құлыным	linguistic			Begin=340.304|End=340.929
287-0	SPK0032	Falling	287	Жарайды.	Жарайды	linguistic			Begin=340.992|End=341.953
288-0	SPK3001	undefined	288	SINGS_TO_THE_CHILD	SINGS_TO_THE_CHILD	paraverbal	_		Begin=342.997|End=345.129
289-0	SPK3001	Interrupted	289	Бақа	Бақа	linguistic			Begin=349.010
289-1	SPK3001	Interrupted	289	мм—	мм	linguistic		Interrupted=Yes	End=349.615
290-0	SPK3001	Rising	290	тасбақаны	тасбақаны	linguistic			Begin=349.642
290-1	SPK3001	Rising	290	көрдің	көрдің	linguistic			
290-2	SPK3001	Rising	290	бе?	бе	linguistic			End=351.172
291-0	SPK3001	Rising	291	Тасбақаны?	Тасбақаны	linguistic			Begin=351.673|End=352.633
292-0	SPK3001	Continuing	292	Тасбақа	Тасбақа	linguistic			Begin=353.273
292-1	SPK3001	Continuing	292	нәм-нәм	нәм-нәм	linguistic			
292-2	SPK3001	Continuing	292	деді	деді	linguistic			
292-3	SPK3001	Continuing	292	ме,	ме	linguistic			End=354.375
293-0	SPK3001	Rising	293	капустаны?	капустаны	linguistic			Begin=354.375|End=355.335
294-0	SPK0032	Continuing	294	Тасбақаны	Тасбақаны	linguistic			Begin=355.018
294-1	SPK0032	Continuing	294	бұл,	бұл	linguistic			End=355.823
295-0	SPK0032	Continuing	295	апаң	апаң	linguistic			Begin=355.823
295-1	SPK0032	Continuing	295	бір	бір	linguistic			
295-2	SPK0032	Continuing	295	күні,	күні	linguistic			End=356.775
296-0	SPK0032	Falling	296	шырқайды.	шырқайды	linguistic			Begin=356.781|End=357.703
297-0	SPK0027	Falling	297	Иә.	Иә	linguistic			Begin=358.562|End=359.335
298-0	SPK0027	Falling	298	Біз	Біз	linguistic			Begin=359.336
298-1	SPK0027	Falling	298	кетісімен	кетісімен	linguistic			
298-2	SPK0027	Falling	298	апаң	апаң	linguistic			
298-3	SPK0027	Falling	298	шырқайды	шырқайды	linguistic			
298-4	SPK0027	Falling	298	оны.	оны	linguistic			End=361.293
299-0	SPK3001	Falling	299	Мхм.	Мхм	linguistic			Begin=360.559|End=361.189
300-0	SPK0032	Continuing	300	Үйге	Үйге	linguistic			Begin=361.536
300-1	SPK0032	Continuing	300	бір,	бір	linguistic			End=362.102
301-0	SPK0032	Continuing	301	сигенін	сигенін	linguistic			Begin=362.109
301-1	SPK0032	Continuing	301	көрсінші,	көрсінші	linguistic			End=363.161
302-0	SPK3001	Falling	302	Үйге	Үйге	linguistic			Begin=362.957
302-1	SPK3001	Falling	302	кіргізбеймін	кіргізбеймін	linguistic			
302-2	SPK3001	Falling	302	мен	мен	linguistic			
302-3	SPK3001	Falling	302	оны.	оны	linguistic			End=364.326
303-0	SPK0032	Continuing	303	содан	содан	linguistic			Begin=363.164
303-1	SPK0032	Continuing	303	кейін,	кейін	linguistic			End=364.142
304-0	SPK0027	Falling	304	Қош	Қош	linguistic			Begin=364.229
304-1	SPK0027	Falling	304	бол	бол	linguistic			
304-2	SPK0027	Falling	304	қалқам	қалқам	linguistic			
304-3	SPK0027	Falling	304	дейді.	дейді	linguistic			End=365.396
305-0	SPK0032	Falling	305	а.	а	linguistic			Begin=364.240|End=364.962
306-0	SPK3001	Falling	306	Иә.	Иә	linguistic			Begin=365.340|End=365.659
307-0	SPK0027	Falling	307	Болды.	Болды	linguistic			Begin=365.396|End=366.089
308-0	SPK3001	Falling	308	Үйге	Үйге	linguistic			Begin=365.668
308-1	SPK3001	Falling	308	кіргізбеймін	кіргізбеймін	linguistic			
308-2	SPK3001	Falling	308	мен	мен	linguistic			
308-3	SPK3001	Falling	308	оны.	оны	linguistic			End=367.201
309-0	SPK0032	Falling	309	Қыста	Қыста	linguistic			Begin=367.528
309-1	SPK0032	Falling	309	деймін.	деймін	linguistic			End=368.381
310-0	SPK0027	Continuing	310	Вот	Вот	linguistic			Begin=367.792
310-1	SPK0027	Continuing	310	сен	сен	linguistic			
310-2	SPK0027	Continuing	310	оны,	оны	linguistic			End=368.478
311-0	SPK0027	Continuing	311	шырқамай-ақ	шырқамай-ақ	linguistic			Begin=368.478
311-1	SPK0027	Continuing	311	қой,	қой	linguistic			End=369.212
312-0	SPK0027	Continuing	312	оны	оны	linguistic			Begin=369.213
312-1	SPK0027	Continuing	312	сен	сен	linguistic			
312-2	SPK0027	Continuing	312	өзі,	өзі	linguistic			End=369.825
313-0	SPK0027	Continuing	313	біреуге,	біреуге	linguistic			Begin=369.829|End=370.108
314-0	SPK0027	Continuing	314	бере	бере	linguistic			Begin=370.108
314-1	SPK0027	Continuing	314	салшы,	салшы	linguistic			End=370.736
315-0	SPK0027	Falling	315	біреулерге.	біреулерге	linguistic			Begin=370.740|End=371.411
316-0	SPK3001	Falling	316	Мектепке	Мектепке	linguistic			Begin=371.228
316-1	SPK3001	Falling	316	апарамын	апарамын	linguistic			
316-2	SPK3001	Falling	316	мен.	мен	linguistic			End=372.093
317-0	SPK3001	Continuing	317	Мектепте,	Мектепте	linguistic			Begin=372.100|End=372.671
318-0	SPK3001	Falling	318	живой	живой	linguistic			Begin=372.671
318-1	SPK3001	Falling	318	уголок	уголок	linguistic			
318-2	SPK3001	Falling	318	қыламын.	қыламын	linguistic			End=373.713
319-0	SPK0032	Continuing	319	Е,	Е	linguistic			Begin=374.011|End=374.368
320-0	SPK0027	Continuing	320	Сондай,	Сондай	linguistic			Begin=374.017|End=374.635
321-0	SPK0032	Falling	321	сөйт.	сөйт	linguistic			Begin=374.375|End=375.133
322-0	SPK0027	Continuing	322	бар	бар	linguistic			Begin=374.657
322-1	SPK0027	Continuing	322	дейді	дейді	linguistic			
322-2	SPK0027	Continuing	322	ғой	ғой	linguistic			
322-3	SPK0027	Continuing	322	сендерде,	сендерде	linguistic			End=375.653
323-0	SPK0027	Falling	323	живой	живой	linguistic			Begin=375.653
323-1	SPK0027	Falling	323	уголок	уголок	linguistic			
323-2	SPK0027	Falling	323	деген.	деген	linguistic			End=376.738
324-0	SPK3001	Continuing	324	Жоқ,	Жоқ	linguistic			Begin=376.970|End=377.366
325-0	SPK3001	Falling	325	биологияда	биологияда	linguistic			Begin=377.366
325-1	SPK3001	Falling	325	болу	болу	linguistic			
325-2	SPK3001	Falling	325	керек	керек	linguistic			
325-3	SPK3001	Falling	325	қой	қой	linguistic			
325-4	SPK3001	Falling	325	ол.	ол	linguistic			End=378.959
326-0	SPK0027	Falling	326	Иә.	Иә	linguistic			Begin=379.594|End=380.111
327-0	SPK3001	Falling	327	Мхм.	Мхм	linguistic			Begin=380.324|End=380.864
328-0	SPK3001	Continuing	328	Мен,	Мен	linguistic			Begin=380.890|End=381.162
329-0	SPK3001	Continuing	329	мен,	мен	linguistic			Begin=381.162|End=381.429
330-0	SPK3001	Continuing	330	жарымес	жарымес	linguistic			Begin=381.434
330-1	SPK3001	Continuing	330	емеспін	емеспін	linguistic			
330-2	SPK3001	Continuing	330	ғой	ғой	linguistic			
330-3	SPK3001	Continuing	330	оны,	оны	linguistic			End=382.552
331-0	SPK0032	Continuing	331	Әйтпесе,	Әйтпесе	linguistic			Begin=382.694|End=383.382
332-0	SPK3001	Continuing	332	мен,	мен	linguistic			Begin=382.913|End=383.446
333-0	SPK0032	Continuing	333	¬Назгүл	Назгүл	linguistic		Anonymized=Yes	Begin=383.756
333-1	SPK0032	Continuing	333	ылғи,	ылғи	linguistic			End=384.503
334-0	SPK3001	Falling	334	ойлаймын.	ойлаймын	linguistic			Begin=383.793|End=384.407
335-0	SPK0032	Falling	335	үйге	үйге	linguistic			Begin=384.503
335-1	SPK0032	Falling	335	сақтайды.	сақтайды	linguistic			End=385.296
336-0	SPK0027	Continuing	336	Жоқ,	Жоқ	linguistic			Begin=385.250|End=385.771
337-0	SPK0032	Continuing	337	##,	##	unknown			Begin=385.313|End=385.609
338-0	SPK0032	Interrupted	338	далаға	далаға	linguistic			Begin=385.609
338-1	SPK0032	Interrupted	338	ш—	ш	linguistic		Interrupted=Yes	End=386.434
339-0	SPK0027	Continuing	339	маған	маған	linguistic			Begin=385.771
339-1	SPK0027	Continuing	339	просто,	просто	linguistic			End=386.521
340-0	SPK0027	Falling	340	надоел	надоел	linguistic			Begin=386.521
340-1	SPK0027	Falling	340	болып	болып	linguistic			
340-2	SPK0027	Falling	340	кетті	кетті	linguistic			
340-3	SPK0027	Falling	340	уже.	уже	linguistic			End=387.839
341-0	SPK0032	Falling	341	Далаға	Далаға	linguistic			Begin=387.421
341-1	SPK0032	Falling	341	шыдай	шыдай	linguistic			
341-2	SPK0032	Falling	341	алмайды	алмайды	linguistic			
341-3	SPK0032	Falling	341	ғой.	ғой	linguistic			End=388.720
342-0	SPK3001	undefined	342	KISSES_THE_CHILD	KISSES_THE_CHILD	paraverbal	_		Begin=388.226|End=389.280
343-0	SPK0032	Continuing	343	Анау,	Анау	linguistic			Begin=388.720|End=389.119
344-0	SPK0032	Falling	344	өліп	өліп	linguistic			Begin=389.119
344-1	SPK0032	Falling	344	қалады	қалады	linguistic			
344-2	SPK0032	Falling	344	ғой.	ғой	linguistic			End=390.166
345-0	SPK0027	Continuing	345	Мен	Мен	linguistic			Begin=389.298
345-1	SPK0027	Continuing	345	де	де	linguistic			
345-2	SPK0027	Continuing	345	жұмыста,	жұмыста	linguistic			End=389.917
346-0	SPK0027	Continuing	346	ол	ол	linguistic			Begin=389.990
346-1	SPK0027	Continuing	346	қыстыгүні,	қыстыгүні	linguistic			End=390.637
347-0	SPK0027	Continuing	347	ұйықтап	ұйықтап	linguistic			Begin=390.637
347-1	SPK0027	Continuing	347	қалады	қалады	linguistic			
347-2	SPK0027	Continuing	347	ол,	ол	linguistic			End=391.454
348-0	SPK0027	Falling	348	мама.	мама	linguistic			Begin=391.454|End=391.816
349-0	SPK0027	Falling	349	Тамақ	Тамақ	linguistic			Begin=391.821
349-1	SPK0027	Falling	349	та	та	linguistic			
349-2	SPK0027	Falling	349	жемейді	жемейді	linguistic			
349-3	SPK0027	Falling	349	қыстыгүні.	қыстыгүні	linguistic			End=393.363
350-0	SPK0032	Falling	350	Ой	Ой	linguistic			Begin=393.173
350-1	SPK0032	Falling	350	Алла.	Алла	linguistic			End=394.074
351-0	SPK0027	Falling	351	Ұйықтап	Ұйықтап	linguistic			Begin=394.215
351-1	SPK0027	Falling	351	қалады	қалады	linguistic			
351-2	SPK0027	Falling	351	ол.	ол	linguistic			End=394.730
352-0	SPK0027	Falling	352	Спячкаға	Спячкаға	linguistic			Begin=394.730
352-1	SPK0027	Falling	352	кетеді.	кетеді	linguistic			End=395.816
353-0	SPK0032	undefined	353	(TSK)	(TSK)	_			Begin=396.031
353-1	SPK0032	undefined	353	(TSK)	(TSK)	_			
353-2	SPK0032	undefined	353	(TSK)	(TSK)	_			End=397.099
354-0	SPK3001	Falling	354	Қозғауға	Қозғауға	linguistic			Begin=401.877
354-1	SPK3001	Falling	354	болмай	болмай	linguistic			
354-2	SPK3001	Falling	354	ма.	ма	linguistic			End=403.046
355-0	SPK0027	Rising	355	А?	А	linguistic			Begin=402.850|End=403.698
356-0	SPK3001	Falling	356	Қозғауға	Қозғауға	linguistic			Begin=403.236
356-1	SPK3001	Falling	356	болмай	болмай	linguistic			
356-2	SPK3001	Falling	356	ма.	ма	linguistic			End=404.678
357-0	SPK0027	Falling	357	Қозғама.	Қозғама	linguistic			Begin=404.591|End=405.593
358-0	SPK0027	Falling	358	Тұра	Тұра	linguistic			Begin=406.561
358-1	SPK0027	Falling	358	тұршы	тұршы	linguistic			
358-2	SPK0027	Falling	358	ей	ей	linguistic			
358-3	SPK0027	Falling	358	қазір	қазір	linguistic			
358-4	SPK0027	Falling	358	жөндейсің.	жөндейсің	linguistic			End=407.778
359-0	SPK0027	Continuing	359	Анау,	Анау	linguistic			Begin=407.778|End=408.062
360-0	SPK3001	Falling	360	Жөндегелі	Жөндегелі	linguistic			Begin=407.947
360-1	SPK3001	Falling	360	жатқан	жатқан	linguistic			
360-2	SPK3001	Falling	360	жоқпын.	жоқпын	linguistic			End=409.609
361-0	SPK0027	Falling	361	камерасын	камерасын	linguistic			Begin=408.062
361-1	SPK0027	Falling	361	ұшырып	ұшырып	linguistic			
361-2	SPK0027	Falling	361	жібересің.	жібересің	linguistic			End=409.605
362-0	SPK0027	Continuing	362	Ал	Ал	linguistic			Begin=412.252
362-1	SPK0027	Continuing	362	енді,	енді	linguistic			End=412.615
363-0	SPK0027	Continuing	363	мойнындағы	мойнындағы	linguistic			Begin=412.615
363-1	SPK0027	Continuing	363	нәрсесі	нәрсесі	linguistic			
363-2	SPK0027	Continuing	363	анау,	анау	linguistic			End=413.739
364-0	SPK0027	Falling	364	камера.	камера	linguistic			Begin=413.744|End=414.493
365-0	SPK0027	Falling	365	Әне.	Әне	linguistic			Begin=414.521|End=414.862
366-0	SPK0032	Continuing	366	Әне,	Әне	linguistic			Begin=414.652|End=415.100
367-0	SPK0027	Falling	367	###.	###	unknown			Begin=414.867|End=415.907
368-0	SPK0032	Falling	368	қисайды	қисайды	linguistic			Begin=415.100
368-1	SPK0032	Falling	368	анау.	анау	linguistic			End=416.116
369-0	SPK3001	Continuing	369	Блин,	Блин	linguistic			Begin=417.516|End=418.208
370-0	SPK3001	Falling	370	ёб	ёб	linguistic			Begin=418.217
370-1	SPK3001	Falling	370	твою	твою	linguistic			
370-2	SPK3001	Falling	370	мать.	мать	linguistic			End=419.339
371-0	SPK3001	undefined	371	(H)	(H)	_			Begin=419.647|End=420.217
372-0	SPK3001	Falling	372	А	А	linguistic			Begin=420.217
372-1	SPK3001	Falling	372	вот	вот	linguistic			
372-2	SPK3001	Falling	372	вот	вот	linguistic			
372-3	SPK3001	Falling	372	вот	вот	linguistic			
372-4	SPK3001	Falling	372	вот	вот	linguistic			
372-5	SPK3001	Falling	372	вот	вот	linguistic			
372-6	SPK3001	Falling	372	вот	вот	linguistic			
372-7	SPK3001	Falling	372	вот	вот	linguistic			
372-8	SPK3001	Falling	372	(Hx).	(Hx)	_			End=422.136
373-0	SPK0027	Falling	373	Түсті.	Түсті	linguistic			Begin=421.644|End=422.529
374-0	SPK3001	Falling	374	Түсе	Түсе	linguistic			Begin=423.299
374-1	SPK3001	Falling	374	берсін.	берсін	linguistic			End=424.232
375-0	SPK3001	Falling	375	#####.	#####	unknown			Begin=428.725|End=430.082
376-0	SPK3001	undefined	376	PHONE_RINGS	PHONE_RINGS	paraverbal	_		Begin=430.344|End=431.913
377-0	SPK0027	Falling	377	Очкиің	Очкиің	linguistic			Begin=434.311
377-1	SPK0027	Falling	377	түсіп	түсіп	linguistic			
377-2	SPK0027	Falling	377	кетті	кетті	linguistic			
377-3	SPK0027	Falling	377	ана	ана	linguistic			
377-4	SPK0027	Falling	377	жерде.	жерде	linguistic			End=436.552
378-0	SPK3001	Falling	378	¬Сәкө	Сәкө	linguistic		Anonymized=Yes	Begin=434.683
378-1	SPK3001	Falling	378	дейді.	дейді	linguistic			End=435.949
379-0	SPK3001	Falling	379	Иә.	Иә	linguistic			Begin=435.956|End=436.507
380-0	SPK3001	Falling	380	Да.	Да	linguistic			Begin=437.968|End=438.486
381-0	SPK3001	Falling	381	Жақсы.	Жақсы	linguistic			Begin=440.563|End=441.375
382-0	SPK3001	Falling	382	Аман-есен.	Аман-есен	linguistic			Begin=442.848|End=443.775
383-0	SPK3001	Falling	383	Иә.	Иә	linguistic			Begin=444.013|End=444.472
384-0	SPK3001	Falling	384	Отырмыз.	Отырмыз	linguistic			Begin=444.630|End=445.311
385-0	SPK3001	Falling	385	А.	А	linguistic			Begin=445.456|End=446.100
386-0	SPK3001	Falling	386	Жақсы	Жақсы	linguistic			Begin=447.127
386-1	SPK3001	Falling	386	бәрі.	бәрі	linguistic			End=448.151
387-0	SPK3001	Falling	387	Отыр.	Отыр	linguistic			Begin=449.256|End=449.673
388-0	SPK3001	Rising	388	Өздерің	Өздерің	linguistic			Begin=449.717
388-1	SPK3001	Rising	388	қалайсыңдар?	қалайсыңдар	linguistic			End=450.998
389-0	SPK0027	undefined	389	KISSES_SPEAKER_A_HER_MOM	KISSES_SPEAKER_A_HER_MOM	paraverbal	_		Begin=450.695|End=452.338
390-0	SPK0032	undefined	390	EXPRESSES_AFFECTION_TO_SPEAKER_C	EXPRESSES_AFFECTION_TO_SPEAKER_C	paraverbal	_		Begin=451.277|End=452.308
391-0	SPK0032	Continuing	391	Кеше,	Кеше	linguistic			Begin=452.682|End=453.231
392-0	SPK3001	Falling	392	Е.	Е	linguistic			Begin=453.331|End=453.991
393-0	SPK0032	Continuing	393	кеше	кеше	linguistic			Begin=453.789
393-1	SPK0032	Continuing	393	¬Бикошым	Бикошым	linguistic		Anonymized=Yes	
393-2	SPK0032	Continuing	393	келіп,	келіп	linguistic			End=455.756
394-0	SPK3001	Falling	394	Аха.	Аха	linguistic			Begin=455.086|End=456.345
395-0	SPK3001	Falling	395	Ұлдар	Ұлдар	linguistic			Begin=456.876
395-1	SPK3001	Falling	395	қалай.	қалай	linguistic			End=457.795
396-0	SPK0032	Falling	396	өй	өй	linguistic			Begin=457.450
396-1	SPK0032	Falling	396	қарғам-ау	қарғам-ау	linguistic			
396-2	SPK0032	Falling	396	сол.	сол	linguistic			End=458.944
397-0	SPK3001	Falling	397	Е.	Е	linguistic			Begin=459.648|End=460.539
398-0	SPK3001	Continuing	398	Е	Е	linguistic			Begin=460.615
398-1	SPK3001	Continuing	398	алдынгүні,	алдынгүні	linguistic			End=461.659
399-0	SPK3001	Continuing	399	¬Дәкөш,	Дәкөш	linguistic		Anonymized=Yes	Begin=461.659|End=462.137
400-0	SPK3001	Falling	400	звандаған.	звандаған	linguistic			Begin=462.137|End=463.296
401-0	SPK3001	Falling	401	Мхм.	Мхм	linguistic			Begin=463.514|End=464.888
402-0	SPK3001	Interrupted	402	Қалың	Қалың	linguistic			Begin=465.040
402-1	SPK3001	Interrupted	402	қалай—	қалай	linguistic		Interrupted=Yes	End=465.572
403-0	SPK3001	Rising	403	Магазинде	Магазинде	linguistic			Begin=465.591
403-1	SPK3001	Rising	403	жүр	жүр	linguistic			
403-2	SPK3001	Rising	403	ме?	ме	linguistic			End=466.500
404-0	SPK3001	Continuing	404	Магазинде,	Магазинде	linguistic			Begin=466.500|End=467.152
405-0	SPK3001	Rising	405	жұмысқа	жұмысқа	linguistic			Begin=467.152
405-1	SPK3001	Rising	405	орналасты	орналасты	linguistic			
405-2	SPK3001	Rising	405	ма?	ма	linguistic			End=468.231
406-0	SPK3001	Falling	406	Е.	Е	linguistic			Begin=469.184|End=469.783
407-0	SPK3001	Falling	407	Е.	Е	linguistic			Begin=471.200|End=471.877
408-0	SPK3001	Continuing	408	Е	Е	linguistic			Begin=472.634
408-1	SPK3001	Continuing	408	арғы	арғы	linguistic			
408-2	SPK3001	Continuing	408	жағын-,	жағын	linguistic		Interrupted=Yes	End=473.456
409-0	SPK3001	Continuing	409	иә,	иә	linguistic			Begin=473.463|End=473.898
410-0	SPK3001	Falling	410	сонда.	сонда	linguistic			Begin=473.898|End=474.874
411-0	SPK3001	Continuing	411	Арғы	Арғы	linguistic			Begin=475.007
411-1	SPK3001	Continuing	411	жағында,	жағында	linguistic			End=475.664
412-0	SPK3001	Continuing	412	стака:н,	стакан	linguistic		Prolongation=4	Begin=475.664|End=476.094
413-0	SPK3001	Continuing	413	нелер	нелер	linguistic			Begin=476.094
413-1	SPK3001	Continuing	413	тұр	тұр	linguistic			
413-2	SPK3001	Continuing	413	екен,	екен	linguistic			End=476.765
414-0	SPK3001	Continuing	414	е	е	linguistic			Begin=476.765
414-1	SPK3001	Continuing	414	дедім,	дедім	linguistic			End=477.398
415-0	SPK3001	Falling	415	жұмысқа	жұмысқа	linguistic			Begin=477.398
415-1	SPK3001	Falling	415	орналастың	орналастың	linguistic			
415-2	SPK3001	Falling	415	ба	ба	linguistic			
415-3	SPK3001	Falling	415	деп.	деп	linguistic			End=478.478
416-0	SPK3001	Falling	416	Е:.	Е	linguistic		Prolongation=0	Begin=478.478|End=478.920
417-0	SPK3001	Falling	417	Е:.	Е	linguistic		Prolongation=0	Begin=481.066|End=481.745
418-0	SPK3001	Falling	418	Е:.	Е	linguistic		Prolongation=0	Begin=483.168|End=483.936
419-0	SPK3001	Falling	419	¬Дина.	Дина	linguistic		Anonymized=Yes	Begin=484.038|End=484.478
420-0	SPK3001	Falling	420	Иә.	Иә	linguistic			Begin=484.479|End=485.387
421-0	SPK3001	Continuing	421	Әй,	Әй	linguistic			Begin=485.746|End=486.131
422-0	SPK3001	Falling	422	ана	ана	linguistic			Begin=486.131
422-1	SPK3001	Falling	422	мені	мені	linguistic			
422-2	SPK3001	Falling	422	айтып	айтып	linguistic			
422-3	SPK3001	Falling	422	қойсын.	қойсын	linguistic			End=487.418
423-0	SPK3001	Continuing	423	Подружкасы,	Подружкасы	linguistic			Begin=488.016|End=488.774
424-0	SPK3001	Continuing	424	сенің	сенің	linguistic			Begin=488.774
424-1	SPK3001	Continuing	424	мамаң,	мамаң	linguistic			End=489.427
425-0	SPK3001	Falling	425	апаң	апаң	linguistic			Begin=489.427
425-1	SPK3001	Falling	425	деп.	деп	linguistic			End=490.207
426-0	SPK3001	Falling	426	Аха.	Аха	linguistic			Begin=490.666|End=491.158
427-0	SPK3001	Falling	427	Сөйтіп	Сөйтіп	linguistic			Begin=491.768
427-1	SPK3001	Falling	427	қойсын.	қойсын	linguistic			End=492.405
428-0	SPK3001	Falling	428	¬Дина	Дина	linguistic		Anonymized=Yes	Begin=492.538
428-1	SPK3001	Falling	428	біледі	біледі	linguistic			
428-2	SPK3001	Falling	428	ғой	ғой	linguistic			
428-3	SPK3001	Falling	428	мені.	мені	linguistic			End=493.746
429-0	SPK3001	Falling	429	Аха.	Аха	linguistic			Begin=493.746|End=494.375
430-0	SPK3001	Continuing	430	Жақсы,	Жақсы	linguistic			Begin=495.247|End=495.824
431-0	SPK3001	Continuing	431	жақсы,	жақсы	linguistic			Begin=496.254|End=497.120
432-0	SPK3001	Falling	432	отыр.	отыр	linguistic			Begin=497.756|End=498.474
433-0	SPK3001	Falling	433	Әкем	Әкем	linguistic			Begin=498.703
433-1	SPK3001	Falling	433	¬Сапарәлидікіне	Сапарәлидікіне	linguistic		Anonymized=Yes	
433-2	SPK3001	Falling	433	барамын	барамын	linguistic			
433-3	SPK3001	Falling	433	деп	деп	linguistic			
433-4	SPK3001	Falling	433	кетті.	кетті	linguistic			End=500.879
434-0	SPK3001	Falling	434	Үйден	Үйден	linguistic			Begin=501.689
434-1	SPK3001	Falling	434	жалықты	жалықты	linguistic			
434-2	SPK3001	Falling	434	ғой	ғой	linguistic			
434-3	SPK3001	Falling	434	деймін.	деймін	linguistic			End=503.135
435-0	SPK3001	Falling	435	Ау.	Ау	linguistic			Begin=503.282|End=503.939
436-0	SPK0032	Falling	436	###.	###	unknown			Begin=504.176|End=505.238
437-0	SPK0032	undefined	437	@	@	linguistic			Begin=505.238|End=506.027
438-0	SPK3001	Continuing	438	Телефоны,	Телефоны	linguistic			Begin=505.624|End=506.491
439-0	SPK3001	Falling	439	вообще	вообще	linguistic			Begin=506.500
439-1	SPK3001	Falling	439	істемей	істемей	linguistic			
439-2	SPK3001	Falling	439	қойды	қойды	linguistic			
439-3	SPK3001	Falling	439	ғой	ғой	linguistic			
439-4	SPK3001	Falling	439	енді	енді	linguistic			
439-5	SPK3001	Falling	439	¬Сәкө.	Сәкө	linguistic		Anonymized=Yes	End=508.239
440-0	SPK3001	Continuing	440	Түседі,	Түседі	linguistic			Begin=509.569|End=510.187
441-0	SPK3001	Continuing	441	ана,	ана	linguistic			Begin=510.187|End=510.760
442-0	SPK3001	Falling	442	нет	нет	linguistic			Begin=510.760
442-1	SPK3001	Falling	442	услуга	услуга	linguistic			
442-2	SPK3001	Falling	442	связи	связи	linguistic			
442-3	SPK3001	Falling	442	дейді.	дейді	linguistic			End=512.187
443-0	SPK3001	Continuing	443	Мына	Мына	linguistic			Begin=512.187
443-1	SPK3001	Continuing	443	жақта	жақта	linguistic			
443-2	SPK3001	Continuing	443	билайн,	билайн	linguistic			End=513.006
444-0	SPK3001	Continuing	444	не,	не	linguistic			Begin=513.006|End=513.320
445-0	SPK3001	Continuing	445	істемейді	істемейді	linguistic			Begin=513.320
445-1	SPK3001	Continuing	445	ғой,	ғой	linguistic			End=513.857
446-0	SPK3001	Falling	446	вообще.	вообще	linguistic			Begin=513.857|End=514.480
447-0	SPK3001	Continuing	447	А-,	А	linguistic		Interrupted=Yes	Begin=514.480|End=514.484
448-0	SPK3001	Continuing	448	ана,	ана	linguistic			Begin=514.484|End=514.688
449-0	SPK3001	Falling	449	простой	простой	linguistic			Begin=514.688
449-1	SPK3001	Falling	449	телефон.	телефон	linguistic			End=515.758
450-0	SPK3001	Continuing	450	Содан,	Содан	linguistic			Begin=517.050|End=517.575
451-0	SPK3001	Continuing	451	өзі	өзі	linguistic			Begin=517.575
451-1	SPK3001	Continuing	451	де	де	linguistic			
451-2	SPK3001	Continuing	451	ойбайлап	ойбайлап	linguistic			
451-3	SPK3001	Continuing	451	ана	ана	linguistic			
451-4	SPK3001	Continuing	451	күні,	күні	linguistic			End=518.829
452-0	SPK3001	Continuing	452	¬Дариға	Дариға	linguistic		Anonymized=Yes	Begin=518.829
452-1	SPK3001	Continuing	452	апай	апай	linguistic			
452-2	SPK3001	Continuing	452	сөйлескен,	сөйлескен	linguistic			End=520.237
453-0	SPK3001	Falling	453	екен.	екен	linguistic			Begin=520.237|End=520.625
454-0	SPK3001	Continuing	454	Содан,	Содан	linguistic			Begin=521.049|End=521.451
455-0	SPK3001	Continuing	455	¬Әкөштің,	Әкөштің	linguistic		Anonymized=Yes	Begin=521.454|End=522.032
456-0	SPK3001	Continuing	456	несіне	несіне	linguistic			Begin=522.032
456-1	SPK3001	Continuing	456	салып,	салып	linguistic			End=522.751
457-0	SPK3001	Falling	457	сөйлесті	сөйлесті	linguistic			Begin=522.751
457-1	SPK3001	Falling	457	онымен.	онымен	linguistic			End=523.831
458-0	SPK3001	Continuing	458	Түседі	Түседі	linguistic			Begin=524.218
458-1	SPK3001	Continuing	458	кәдімгідей,	кәдімгідей	linguistic			End=525.115
459-0	SPK3001	Continuing	459	бірақ	бірақ	linguistic			Begin=525.115
459-1	SPK3001	Continuing	459	ана,	ана	linguistic			End=525.863
460-0	SPK3001	Continuing	460	ешқандай,	ешқандай	linguistic			Begin=525.863|End=526.449
461-0	SPK3001	Falling	461	дым	дым	linguistic			Begin=526.449
461-1	SPK3001	Falling	461	жоқ	жоқ	linguistic			
461-2	SPK3001	Falling	461	болып	болып	linguistic			
461-3	SPK3001	Falling	461	қалады.	қалады	linguistic			End=527.432
462-0	SPK3001	Continuing	462	Одан	Одан	linguistic			Begin=528.053
462-1	SPK3001	Continuing	462	кеше,	кеше	linguistic			End=528.701
463-0	SPK3001	Falling	463	¬Асылдар	Асылдар	linguistic		Anonymized=Yes	Begin=528.716
463-1	SPK3001	Falling	463	келген.	келген	linguistic			End=529.590
464-0	SPK3001	Falling	464	Оған	Оған	linguistic			Begin=529.602
464-1	SPK3001	Falling	464	шұқытты.	шұқытты	linguistic			End=531.152
465-0	SPK3001	Falling	465	Түк	Түк	linguistic			Begin=532.487
465-1	SPK3001	Falling	465	те	те	linguistic			
465-2	SPK3001	Falling	465	болмады.	болмады	linguistic			End=533.467
466-0	SPK3001	Falling	466	Иә	Иә	linguistic			Begin=533.800
466-1	SPK3001	Falling	466	олар	олар	linguistic			
466-2	SPK3001	Falling	466	ауылда.	ауылда	linguistic			End=534.932
467-0	SPK3001	Continuing	467	¬Айбек	Айбек	linguistic		Anonymized=Yes	Begin=534.932
467-1	SPK3001	Continuing	467	¬Назгүлдер	Назгүлдер	linguistic		Anonymized=Yes	
467-2	SPK3001	Continuing	467	келіп,	келіп	linguistic			End=535.913
468-0	SPK3001	Falling	468	¬Айбек	Айбек	linguistic		Anonymized=Yes	Begin=535.913
468-1	SPK3001	Falling	468	қайтып	қайтып	linguistic			
468-2	SPK3001	Falling	468	кетті.	кетті	linguistic			End=537.174
469-0	SPK3001	Continuing	469	Ана,	Ана	linguistic			Begin=537.345|End=537.679
470-0	SPK3001	Continuing	470	Дин-,	Дин	linguistic		Interrupted=Yes	Begin=537.732|End=538.035
471-0	SPK3001	Continuing	471	¬Арнаның,	Арнаның	linguistic		Anonymized=Yes	Begin=538.057|End=538.876
472-0	SPK3001	Continuing	472	¬Асылдың	Асылдың	linguistic		Anonymized=Yes	Begin=538.905
472-1	SPK3001	Continuing	472	бірдеңелері	бірдеңелері	linguistic			
472-2	SPK3001	Continuing	472	бар	бар	linguistic			
472-3	SPK3001	Continuing	472	дейді	дейді	linguistic			
472-4	SPK3001	Continuing	472	әгі,	әгі	linguistic			End=540.831
473-0	SPK3001	Continuing	473	жазбалары,	жазбалары	linguistic			Begin=541.081|End=541.769
474-0	SPK3001	Continuing	474	видео:,	видео	linguistic		Prolongation=4	Begin=541.792|End=542.372
475-0	SPK3001	Continuing	475	ролик	ролик	linguistic			Begin=542.372
475-1	SPK3001	Continuing	475	керек,	керек	linguistic			End=543.162
476-0	SPK3001	Falling	476	соларға	соларға	linguistic			Begin=543.166
476-1	SPK3001	Falling	476	келген.	келген	linguistic			End=544.095
477-0	SPK0032	undefined	477	EXPRESSES_AFFECTION_TO_THE_CHILD	EXPRESSES_AFFECTION_TO_THE_CHILD	paraverbal	_		Begin=544.489|End=545.826
478-0	SPK3001	Falling	478	Аха.	Аха	linguistic			Begin=545.651|End=546.222
479-0	SPK3001	Falling	479	Со:л.	Сол	linguistic		Prolongation=1	Begin=546.252|End=546.674
480-0	SPK3001	Continuing	480	Өздерің,	Өздерің	linguistic			Begin=546.674|End=547.064
481-0	SPK3001	Rising	481	орынша?	орынша	linguistic			Begin=547.064|End=547.908
482-0	SPK3001	Continuing	482	Жоқ,	Жоқ	linguistic			Begin=548.137|End=548.469
483-0	SPK3001	Continuing	483	кет-,	кет	linguistic		Interrupted=Yes	Begin=548.500|End=548.805
484-0	SPK3001	Falling	484	¬Айбек	Айбек	linguistic		Anonymized=Yes	Begin=548.805
484-1	SPK3001	Falling	484	қайтып	қайтып	linguistic			
484-2	SPK3001	Falling	484	кетті.	кетті	linguistic			End=550.289
485-0	SPK0032	undefined	485	PETS_THE_CHILD_AFFECTIONATELY	PETS_THE_CHILD_AFFECTIONATELY	paraverbal	_		Begin=550.822|End=552.137
486-0	SPK3001	Continuing	486	Кеше	Кеше	linguistic			Begin=551.654
486-1	SPK3001	Continuing	486	келіп,	келіп	linguistic			End=552.266
487-0	SPK3001	Continuing	487	ыы,	ыы	linguistic			Begin=552.266|End=552.760
488-0	SPK3001	Continuing	488	Ана	Ана	linguistic			Begin=552.763
488-1	SPK3001	Continuing	488	¬Назгүл,	Назгүл	linguistic		Anonymized=Yes	End=553.622
489-0	SPK3001	Continuing	489	¬Асыл,	Асыл	linguistic		Anonymized=Yes	Begin=553.622|End=554.372
490-0	SPK3001	Continuing	490	¬Арна,	Арна	linguistic		Anonymized=Yes	Begin=554.372|End=554.781
491-0	SPK3001	Falling	491	қалды.	қалды	linguistic			Begin=554.781|End=555.539
492-0	SPK3001	Falling	492	Аха.	Аха	linguistic			Begin=556.823|End=557.252
493-0	SPK0032	undefined	493	EXPRESSES_AFFECTION_TO_THE_CHILD	EXPRESSES_AFFECTION_TO_THE_CHILD	paraverbal	_		Begin=556.972|End=558.091
494-0	SPK3001	Falling	494	Cо:л.	Cол	linguistic		Prolongation=1	Begin=557.442|End=558.198
495-0	SPK3001	Falling	495	Аха.	Аха	linguistic			Begin=559.077|End=559.753
496-0	SPK3001	Rising	496	Иә?	Иә	linguistic			Begin=562.070|End=562.902
497-0	SPK3001	undefined	497	@@@@@@	@@@@@@	linguistic			Begin=562.976|End=564.261
498-0	SPK3001	Continuing	498	Оны,	Оны	linguistic			Begin=564.288|End=564.818
499-0	SPK3001	Continuing	499	өзім,	өзім	linguistic			Begin=565.134|End=565.709
500-0	SPK3001	Continuing	500	случайно,	случайно	linguistic			Begin=566.154|End=566.791
501-0	SPK3001	Continuing	501	құрт	құрт	linguistic			Begin=566.798
501-1	SPK3001	Continuing	501	жалатып,	жалатып	linguistic			End=567.610
502-0	SPK3001	Continuing	502	ыы,	ыы	linguistic			Begin=567.613|End=567.967
503-0	SPK3001	Continuing	503	құрт	құрт	linguistic			Begin=567.984
503-1	SPK3001	Continuing	503	жалатып	жалатып	linguistic			
503-2	SPK3001	Continuing	503	көрейінші	көрейінші	linguistic			
503-3	SPK3001	Continuing	503	деп,	деп	linguistic			End=569.635
504-0	SPK3001	Continuing	504	құрт,	құрт	linguistic			Begin=570.040|End=570.434
505-0	SPK3001	Continuing	505	құрт	құрт	linguistic			Begin=570.788
505-1	SPK3001	Continuing	505	жалатып	жалатып	linguistic			
505-2	SPK3001	Continuing	505	көрейінші	көрейінші	linguistic			
505-3	SPK3001	Continuing	505	деп,	деп	linguistic			End=571.959
506-0	SPK3001	Continuing	506	не	не	linguistic			Begin=571.966
506-1	SPK3001	Continuing	506	ете	ете	linguistic			
506-2	SPK3001	Continuing	506	қойып	қойып	linguistic			
506-3	SPK3001	Continuing	506	едім,	едім	linguistic			End=572.882
507-0	SPK3001	Continuing	507	но:рмально,	нормально	linguistic		Prolongation=1	Begin=573.361|End=574.237
508-0	SPK3001	Falling	508	жалайды	жалайды	linguistic			Begin=574.237
508-1	SPK3001	Falling	508	ей.	ей	linguistic			End=574.854
509-0	SPK0032	undefined	509	@@@	@@@	linguistic			Begin=575.156|End=576.190
510-0	SPK0027	Rising	510	¬Айсара?	Айсара	linguistic		Anonymized=Yes	Begin=576.824|End=577.515
511-0	SPK3001	Falling	511	Иә.	Иә	linguistic			Begin=576.963|End=577.691
512-0	SPK3001	Continuing	512	Оны	Оны	linguistic			Begin=577.931
512-1	SPK3001	Continuing	512	ана,	ана	linguistic			End=578.615
513-0	SPK3001	Falling	513	¬Айбекова	Айбекова	linguistic		Anonymized=Yes	Begin=578.661
513-1	SPK3001	Falling	513	¬Гүлмира	Гүлмира	linguistic		Anonymized=Yes	
513-2	SPK3001	Falling	513	статусына	статусына	linguistic			
513-3	SPK3001	Falling	513	салып	салып	linguistic			
513-4	SPK3001	Falling	513	қойыпты.	қойыпты	linguistic			End=581.143
514-0	SPK3001	Falling	514	Сенің	Сенің	linguistic			Begin=581.503
514-1	SPK3001	Falling	514	немереңді	немереңді	linguistic			
514-2	SPK3001	Falling	514	деп.	деп	linguistic			End=582.514
515-0	SPK3001	Continuing	515	Мен	Мен	linguistic			Begin=582.582
515-1	SPK3001	Continuing	515	айттым,	айттым	linguistic			End=582.899
516-0	SPK3001	Rising	516	әй	әй	linguistic			Begin=582.900
516-1	SPK3001	Rising	516	менің	менің	linguistic			
516-2	SPK3001	Rising	516	немеремнен	немеремнен	linguistic			
516-3	SPK3001	Rising	516	нелерің	нелерің	linguistic			
516-4	SPK3001	Rising	516	бар?	бар	linguistic			End=584.333
517-0	SPK3001	Falling	517	Сендер	Сендер	linguistic			Begin=584.333
517-1	SPK3001	Falling	517	статусқа	статусқа	linguistic			
517-2	SPK3001	Falling	517	салып	салып	linguistic			
517-3	SPK3001	Falling	517	деп.	деп	linguistic			End=585.942
518-0	SPK0027	undefined	518	UNPACKS_A_PACKAGE_OF_MEDICATIONS	UNPACKS_A_PACKAGE_OF_MEDICATIONS	paraverbal	_		Begin=585.745|End=588.708
519-0	SPK3001	Continuing	519	Содан	Содан	linguistic			Begin=586.089
519-1	SPK3001	Continuing	519	айтып	айтып	linguistic			
519-2	SPK3001	Continuing	519	қояды	қояды	linguistic			
519-3	SPK3001	Continuing	519	ана,	ана	linguistic			End=587.013
520-0	SPK3001	Continuing	520	чупа	чупа	linguistic			Begin=587.132
520-1	SPK3001	Continuing	520	чупстың,	чупстың	linguistic			End=588.492
521-0	SPK3001	Continuing	521	чипсы	чипсы	linguistic			Begin=588.492
521-1	SPK3001	Continuing	521	жегізетін	жегізетін	linguistic			
521-2	SPK3001	Continuing	521	келіншектерге,	келіншектерге	linguistic			End=590.124
522-0	SPK3001	Falling	522	сабақ	сабақ	linguistic			Begin=590.132
522-1	SPK3001	Falling	522	болсын	болсын	linguistic			
522-2	SPK3001	Falling	522	деп	деп	linguistic			
522-3	SPK3001	Falling	522	дейді.	дейді	linguistic			End=591.469
523-0	SPK3001	Falling	523	Со:л.	Сол	linguistic		Prolongation=1	Begin=592.085|End=593.337
524-0	SPK3001	Falling	524	Мхм.	Мхм	linguistic			Begin=593.828|End=594.605
525-0	SPK3001	Falling	525	Аха.	Аха	linguistic			Begin=595.316|End=596.100
526-0	SPK3001	Falling	526	Сөйтіп	Сөйтіп	linguistic			Begin=596.278
526-1	SPK3001	Falling	526	отырмыз.	отырмыз	linguistic			End=597.397
527-0	SPK3001	Continuing	527	¬Ерош,	Ерош	linguistic		Anonymized=Yes	Begin=598.069|End=598.420
528-0	SPK3001	Continuing	528	бүгін	бүгін	linguistic			Begin=598.421
528-1	SPK3001	Continuing	528	үйде	үйде	linguistic			
528-2	SPK3001	Continuing	528	жаңа,	жаңа	linguistic			End=599.640
529-0	SPK3001	Falling	529	жұмысқа	жұмысқа	linguistic			Begin=599.642
529-1	SPK3001	Falling	529	шақырып	шақырып	linguistic			
529-2	SPK3001	Falling	529	алып	алып	linguistic			
529-3	SPK3001	Falling	529	кетті.	кетті	linguistic			End=601.373
530-0	SPK3001	Continuing	530	Бір,	Бір	linguistic			Begin=601.705|End=602.033
531-0	SPK3001	Continuing	531	қаладан	қаладан	linguistic			Begin=602.033
531-1	SPK3001	Continuing	531	бір,	бір	linguistic			End=602.542
532-0	SPK3001	Continuing	532	мәшін	мәшін	linguistic			Begin=602.542
532-1	SPK3001	Continuing	532	келген,	келген	linguistic			End=603.554
533-0	SPK3001	Continuing	533	әлгі	әлгі	linguistic			Begin=604.839
533-1	SPK3001	Continuing	533	мәшінді,	мәшінді	linguistic			End=606.199
534-0	SPK3001	Falling	534	жөндеу	жөндеу	linguistic			Begin=606.331
534-1	SPK3001	Falling	534	керек.	керек	linguistic			End=607.073
535-0	SPK3001	Continuing	535	Сол	Сол	linguistic			Begin=607.073
535-1	SPK3001	Continuing	535	¬Ероштың,	Ероштың	linguistic		Anonymized=Yes	End=608.011
536-0	SPK3001	Continuing	536	несіне	несіне	linguistic			Begin=608.011
536-1	SPK3001	Continuing	536	###,	###	unknown			End=608.789
537-0	SPK3001	Continuing	537	шағылып	шағылып	linguistic			Begin=608.789
537-1	SPK3001	Continuing	537	қалған	қалған	linguistic			
537-2	SPK3001	Continuing	537	ба	ба	linguistic			
537-3	SPK3001	Continuing	537	әгі	әгі	linguistic			
537-4	SPK3001	Continuing	537	мәшіні,	мәшіні	linguistic			End=610.130
538-0	SPK3001	Continuing	538	содан,	содан	linguistic			Begin=610.681|End=611.195
539-0	SPK3001	Continuing	539	не,	не	linguistic			Begin=612.246|End=612.776
540-0	SPK3001	Interrupted	540	ремонт	ремонт	linguistic			Begin=612.865
540-1	SPK3001	Interrupted	540	жасаңдар	жасаңдар	linguistic			
540-2	SPK3001	Interrupted	540	деп	деп	linguistic			
540-3	SPK3001	Interrupted	540	ыы—	ыы	linguistic		Interrupted=Yes	End=614.633
541-0	SPK3001	Falling	541	Білмеймін.	Білмеймін	linguistic			Begin=615.637|End=616.402
542-0	SPK3001	Falling	542	Аха.	Аха	linguistic			Begin=618.549|End=619.241
543-0	SPK3001	Falling	543	Е.	Е	linguistic			Begin=625.279|End=625.563
544-0	SPK3001	Falling	544	Ол	Ол	linguistic			Begin=625.563
544-1	SPK3001	Falling	544	сияқтыларын	сияқтыларын	linguistic			
544-2	SPK3001	Falling	544	айтқан	айтқан	linguistic			
544-3	SPK3001	Falling	544	жоқ.	жоқ	linguistic			End=626.697
545-0	SPK3001	Rising	545	Білмеймін?	Білмеймін	linguistic			Begin=626.697|End=627.193
546-0	SPK3001	Continuing	546	Самар	Самар	linguistic			Begin=627.193
546-1	SPK3001	Continuing	546	туралы,	туралы	linguistic			End=627.709
547-0	SPK3001	Rising	547	естіген	естіген	linguistic			Begin=627.709
547-1	SPK3001	Rising	547	жоқпын?	жоқпын	linguistic			End=628.756
548-0	SPK3001	Continuing	548	Әкем,	Әкем	linguistic			Begin=629.080|End=629.451
549-0	SPK3001	Continuing	549	әкем,	әкем	linguistic			Begin=630.052|End=630.402
550-0	SPK3001	Continuing	550	қайтамын	қайтамын	linguistic			Begin=630.621
550-1	SPK3001	Continuing	550	ғой	ғой	linguistic			
550-2	SPK3001	Continuing	550	деймін	деймін	linguistic			
550-3	SPK3001	Continuing	550	деп	деп	linguistic			
550-4	SPK3001	Continuing	550	отырмын	отырмын	linguistic			
550-5	SPK3001	Continuing	550	деп,	деп	linguistic			End=631.941
551-0	SPK3001	Falling	551	жаңа	жаңа	linguistic			Begin=631.946
551-1	SPK3001	Falling	551	¬Назгүл	Назгүл	linguistic		Anonymized=Yes	
551-2	SPK3001	Falling	551	айтады.	айтады	linguistic			End=633.205
552-0	SPK3001	Falling	552	Білмеймін	Білмеймін	linguistic			Begin=633.646
552-1	SPK3001	Falling	552	маған	маған	linguistic			
552-2	SPK3001	Falling	552	айтқан	айтқан	linguistic			
552-3	SPK3001	Falling	552	жоқ.	жоқ	linguistic			End=635.096
553-0	SPK0027	Falling	553	Менімен	Менімен	linguistic			Begin=635.263
553-1	SPK0027	Falling	553	қайтамын	қайтамын	linguistic			
553-2	SPK0027	Falling	553	деп	деп	linguistic			
553-3	SPK0027	Falling	553	қояды.	қояды	linguistic			End=636.573
554-0	SPK3001	Falling	554	Иә.	Иә	linguistic			Begin=636.602|End=637.015
555-0	SPK0032	Falling	555	##.	##	unknown			Begin=639.166|End=639.798
556-0	SPK3001	Falling	556	Ол	Ол	linguistic			Begin=640.565
556-1	SPK3001	Falling	556	қашан	қашан	linguistic			
556-2	SPK3001	Falling	556	екен.	екен	linguistic			End=641.621
557-0	SPK3001	Falling	557	А:.	А	linguistic		Prolongation=0	Begin=643.747|End=644.521
558-0	SPK3001	Continuing	558	Е:,	Е	linguistic		Prolongation=0	Begin=647.388|End=647.713
559-0	SPK3001	Continuing	559	білмеймін	білмеймін	linguistic			Begin=647.713
559-1	SPK3001	Continuing	559	оны,	оны	linguistic			End=648.348
560-0	SPK3001	Continuing	560	Ағатайым,	Ағатайым	linguistic			Begin=648.348|End=648.963
561-0	SPK3001	Continuing	561	ыы,	ыы	linguistic			Begin=648.963|End=649.220
562-0	SPK3001	Falling	562	маған	маған	linguistic			Begin=649.220
562-1	SPK3001	Falling	562	айтқан	айтқан	linguistic			
562-2	SPK3001	Falling	562	жоқ.	жоқ	linguistic			End=650.326
563-0	SPK3001	Continuing	563	#—,	#	unknown		Interrupted=Yes	Begin=650.595|End=651.034
564-0	SPK3001	Falling	564	қайтамын	қайтамын	linguistic			Begin=651.037
564-1	SPK3001	Falling	564	деп	деп	linguistic			
564-2	SPK3001	Falling	564	отыр	отыр	linguistic			
564-3	SPK3001	Falling	564	ағам.	ағам	linguistic			End=652.034
565-0	SPK3001	Falling	565	Білмеймін.	Білмеймін	linguistic			Begin=652.034|End=652.612
566-0	SPK3001	undefined	566	@	@	linguistic			Begin=657.571|End=657.956
567-0	SPK3001	undefined	567	@@@	@@@	linguistic			Begin=658.684|End=659.344
568-0	SPK3001	Falling	568	Е:.	Е	linguistic		Prolongation=0	Begin=659.421|End=660.317
569-0	SPK3001	Continuing	569	Ауылда	Ауылда	linguistic			Begin=660.805
569-1	SPK3001	Continuing	569	кіти,	кіти	linguistic			End=661.427
570-0	SPK3001	Falling	570	жатсын	жатсын	linguistic			Begin=661.427
570-1	SPK3001	Falling	570	дедің	дедің	linguistic			
570-2	SPK3001	Falling	570	бе.	бе	linguistic			End=662.395
571-0	SPK3001	Falling	571	Е:.	Е	linguistic		Prolongation=0	Begin=662.435|End=663.165
572-0	SPK3001	Falling	572	Аха.	Аха	linguistic			Begin=663.424|End=663.823
573-0	SPK0027	Falling	573	Жатсын	Жатсын	linguistic			Begin=664.130
573-1	SPK0027	Falling	573	әлі.	әлі	linguistic			End=664.890
574-0	SPK3001	Falling	574	Сол.	Сол	linguistic			Begin=664.707|End=665.223
575-0	SPK3001	Falling	575	Мхм.	Мхм	linguistic			Begin=665.332|End=666.279
576-0	SPK0027	Falling	576	Күршімге	Күршімге	linguistic			Begin=666.521
576-1	SPK0027	Falling	576	барып	барып	linguistic			
576-2	SPK0027	Falling	576	жатады.	жатады	linguistic			End=667.832
577-0	SPK3001	Falling	577	Сол.	Сол	linguistic			Begin=667.565|End=668.401
578-0	SPK3001	Falling	578	Жездең	Жездең	linguistic			Begin=668.726
578-1	SPK3001	Falling	578	жақсы.	жақсы	linguistic			End=669.657
579-0	SPK3001	Continuing	579	Бажасын	Бажасын	linguistic			Begin=670.911
579-1	SPK3001	Continuing	579	шығарып	шығарып	linguistic			
579-2	SPK3001	Continuing	579	салып	салып	linguistic			
579-3	SPK3001	Continuing	579	жаңа	жаңа	linguistic			
579-4	SPK3001	Continuing	579	енді,	енді	linguistic			End=672.469
580-0	SPK3001	Falling	580	Күршімге	Күршімге	linguistic			Begin=672.469
580-1	SPK3001	Falling	580	кетті.	кетті	linguistic			End=673.047
581-0	SPK3001	Continuing	581	Әгі	Әгі	linguistic			Begin=673.052
581-1	SPK3001	Continuing	581	қыздарды,	қыздарды	linguistic			End=674.094
582-0	SPK3001	Continuing	582	¬Әкөшті:,	Әкөшті	linguistic		Anonymized=Yes|Prolongation=5	Begin=674.095|End=675.175
583-0	SPK3001	Interrupted	583	Шашы—	Шашы	linguistic		Interrupted=Yes	Begin=675.175|End=675.634
584-0	SPK3001	Continuing	584	Баласын	Баласын	linguistic			Begin=675.634
584-1	SPK3001	Continuing	584	шашын	шашын	linguistic			
584-2	SPK3001	Continuing	584	алғызуға:,	алғызуға	linguistic		Prolongation=7	End=677.067
585-0	SPK3001	Falling	585	соларды	соларды	linguistic			Begin=677.067
585-1	SPK3001	Falling	585	алып	алып	linguistic			
585-2	SPK3001	Falling	585	кетті.	кетті	linguistic			End=678.384
586-0	SPK3001	Falling	586	Күршімге.	Күршімге	linguistic			Begin=679.002|End=679.752
587-0	SPK3001	Continuing	587	Қызына,	Қызына	linguistic			Begin=679.942|End=680.376
588-0	SPK3001	Falling	588	қыздарына	қыздарына	linguistic			Begin=680.391
588-1	SPK3001	Falling	588	такси	такси	linguistic			
588-2	SPK3001	Falling	588	болып	болып	linguistic			
588-3	SPK3001	Falling	588	кетті.	кетті	linguistic			End=682.066
589-0	SPK3001	Falling	589	Мхм.	Мхм	linguistic			Begin=683.556|End=684.053
590-0	SPK3001	Continuing	590	Сол	Сол	linguistic			Begin=684.234
590-1	SPK3001	Continuing	590	жүрміз	жүрміз	linguistic			
590-2	SPK3001	Continuing	590	сол,	сол	linguistic			End=685.451
591-0	SPK3001	Continuing	591	мен:,	мен	linguistic		Prolongation=2	Begin=685.451|End=685.783
592-0	SPK3001	Continuing	592	ертең,	ертең	linguistic			Begin=685.783|End=686.215
593-0	SPK3001	Falling	593	жұмысқа	жұмысқа	linguistic			Begin=686.215
593-1	SPK3001	Falling	593	шығамын	шығамын	linguistic			
593-2	SPK3001	Falling	593	уже.	уже	linguistic			End=687.614
594-0	SPK3001	Falling	594	Отпускім	Отпускім	linguistic			Begin=687.754
594-1	SPK3001	Falling	594	бітті.	бітті	linguistic			End=688.788
595-0	SPK3001	Falling	595	Иә.	Иә	linguistic			Begin=688.891|End=689.375
596-0	SPK3001	Continuing	596	Мен,	Мен	linguistic			Begin=689.485|End=689.738
597-0	SPK3001	Falling	597	бірінен	бірінен	linguistic			Begin=689.738
597-1	SPK3001	Falling	597	шықтым	шықтым	linguistic			
597-2	SPK3001	Falling	597	ғой.	ғой	linguistic			End=690.594
598-0	SPK3001	Continuing	598	Июль,	Июль	linguistic			Begin=690.594|End=690.911
599-0	SPK3001	Falling	599	июнннің.	июнннің	linguistic			Begin=690.911|End=691.534
600-0	SPK3001	Falling	600	(H)	(H)	_			Begin=691.534
600-1	SPK3001	Falling	600	ертең	ертең	linguistic			
600-2	SPK3001	Falling	600	жұмыс	жұмыс	linguistic			
600-3	SPK3001	Falling	600	сол.	сол	linguistic			End=693.085
601-0	SPK3001	Falling	601	А.	А	linguistic			Begin=693.085|End=693.711
602-0	SPK3001	Continuing	602	Аяғым,	Аяғым	linguistic			Begin=694.182|End=694.715
603-0	SPK3001	Continuing	603	мына	мына	linguistic			Begin=694.817
603-1	SPK3001	Continuing	603	екінші	екінші	linguistic			
603-2	SPK3001	Continuing	603	жағына	жағына	linguistic			
603-3	SPK3001	Continuing	603	кішкене	кішкене	linguistic			
603-4	SPK3001	Continuing	603	салмақ	салмақ	linguistic			
603-5	SPK3001	Continuing	603	түсі:п,	түсіп	linguistic		Prolongation=3	End=697.452
604-0	SPK3001	Continuing	604	дәм—,	дәм	linguistic		Interrupted=Yes	Begin=698.554|End=699.073
605-0	SPK3001	Continuing	605	бір,	бір	linguistic			Begin=699.100|End=699.634
606-0	SPK3001	Continuing	606	жасатқан	жасатқан	linguistic			Begin=701.536
606-1	SPK3001	Continuing	606	аяғым	аяғым	linguistic			
606-2	SPK3001	Continuing	606	ана,	ана	linguistic			End=702.596
607-0	SPK3001	Continuing	607	не,	не	linguistic			Begin=702.747|End=703.145
608-0	SPK3001	Continuing	608	бұлтты	бұлтты	linguistic			Begin=703.662
608-1	SPK3001	Continuing	608	күндері,	күндері	linguistic			End=704.364
609-0	SPK3001	Falling	609	шағады	шағады	linguistic			Begin=704.371
609-1	SPK3001	Falling	609	енді.	енді	linguistic			End=705.419
610-0	SPK3001	Continuing	610	Бұлт	Бұлт	linguistic			Begin=706.350
610-1	SPK3001	Continuing	610	болады	болады	linguistic			
610-2	SPK3001	Continuing	610	ғой,	ғой	linguistic			End=706.979
611-0	SPK3001	Falling	611	бұлтты	бұлтты	linguistic			Begin=706.979
611-1	SPK3001	Falling	611	күндері.	күндері	linguistic			End=708.033
612-0	SPK0027	Falling	612	Кардиоприл.	Кардиоприл	linguistic			Begin=707.918|End=709.093
613-0	SPK3001	Continuing	613	Ша:ғып,	Шағып	linguistic		Prolongation=1	Begin=708.053|End=708.695
614-0	SPK3001	Continuing	614	дырылдап,	дырылдап	linguistic			Begin=708.722|End=709.891
615-0	SPK3001	Falling	615	со:л.	сол	linguistic		Prolongation=1	Begin=710.551|End=711.121
616-0	SPK3001	Falling	616	Сол.	Сол	linguistic			Begin=711.676|End=712.077
617-0	SPK3001	Falling	617	Сөйтіп	Сөйтіп	linguistic			Begin=712.182
617-1	SPK3001	Falling	617	отырмын.	отырмын	linguistic			End=712.850
618-0	SPK3001	Falling	618	¬Гүлжан	Гүлжан	linguistic		Anonymized=Yes	Begin=712.850
618-1	SPK3001	Falling	618	жұмыста	жұмыста	linguistic			
618-2	SPK3001	Falling	618	ма.	ма	linguistic			End=713.898
619-0	SPK3001	Falling	619	Е:.	Е	linguistic		Prolongation=0	Begin=715.405|End=715.874
620-0	SPK3001	Falling	620	Аха.	Аха	linguistic			Begin=716.033|End=716.864
621-0	SPK3001	Continuing	621	Сол,	Сол	linguistic			Begin=716.884|End=717.340
622-0	SPK3001	Falling	622	біз	біз	linguistic			Begin=717.340
622-1	SPK3001	Falling	622	отырмыз	отырмыз	linguistic			
622-2	SPK3001	Falling	622	сөйтіп.	сөйтіп	linguistic			End=718.695
623-0	SPK0032	Falling	623	Кардиоприл.	Кардиоприл	linguistic			Begin=718.713|End=720.364
624-0	SPK3001	Rising	624	Аха?	Аха	linguistic			Begin=719.803|End=720.540
625-0	SPK3001	Falling	625	Рақмет.	Рақмет	linguistic			Begin=720.546|End=721.202
626-0	SPK3001	Falling	626	Е	Е	linguistic			Begin=721.514
626-1	SPK3001	Falling	626	иә.	иә	linguistic			End=722.094
627-0	SPK3001	Falling	627	Сол	Сол	linguistic			Begin=722.241
627-1	SPK3001	Falling	627	телефон	телефон	linguistic			
627-2	SPK3001	Falling	627	сол.	сол	linguistic			End=723.686
628-0	SPK3001	Continuing	628	Ағатайым,	Ағатайым	linguistic			Begin=723.722|End=724.661
629-0	SPK3001	Continuing	629	үйде	үйде	linguistic			Begin=724.666
629-1	SPK3001	Continuing	629	бір,	бір	linguistic			End=725.338
630-0	SPK3001	Continuing	630	телефон	телефон	linguistic			Begin=725.338
630-1	SPK3001	Continuing	630	жатқан,	жатқан	linguistic			End=726.526
631-0	SPK3001	Falling	631	не	не	linguistic			Begin=726.526
631-1	SPK3001	Falling	631	етсе	етсе	linguistic			
631-2	SPK3001	Falling	631	жөндеп	жөндеп	linguistic			
631-3	SPK3001	Falling	631	беремін	беремін	linguistic			
631-4	SPK3001	Falling	631	деген.	деген	linguistic			End=727.655
632-0	SPK3001	Continuing	632	Анау	Анау	linguistic			Begin=727.655
632-1	SPK3001	Continuing	632	вообще	вообще	linguistic			
632-2	SPK3001	Continuing	632	ұстамай	ұстамай	linguistic			
632-3	SPK3001	Continuing	632	қойды,	қойды	linguistic			End=728.688
633-0	SPK3001	Rising	633	Қалаға	Қалаға	linguistic			Begin=728.688
633-1	SPK3001	Rising	633	барған	барған	linguistic			
633-2	SPK3001	Rising	633	соң	соң	linguistic			
633-3	SPK3001	Rising	633	ұстайтын	ұстайтын	linguistic			
633-4	SPK3001	Rising	633	шығар	шығар	linguistic			
633-5	SPK3001	Rising	633	енді?	енді	linguistic			End=729.950
634-0	SPK3001	Continuing	634	Мына	Мына	linguistic			Begin=729.950
634-1	SPK3001	Continuing	634	жақта,	жақта	linguistic			End=730.742
635-0	SPK3001	Falling	635	бізде	бізде	linguistic			Begin=730.742
635-1	SPK3001	Falling	635	связь	связь	linguistic			
635-2	SPK3001	Falling	635	дұрыс	дұрыс	linguistic			
635-3	SPK3001	Falling	635	емес	емес	linguistic			
635-4	SPK3001	Falling	635	емес	емес	linguistic			
635-5	SPK3001	Falling	635	пе.	пе	linguistic			End=732.643
636-0	SPK3001	Continuing	636	Нет	Нет	linguistic			Begin=732.742
636-1	SPK3001	Continuing	636	услуга	услуга	linguistic			
636-2	SPK3001	Continuing	636	связи,	связи	linguistic			End=734.081
637-0	SPK3001	Falling	637	деп	деп	linguistic			Begin=734.081
637-1	SPK3001	Falling	637	шығады.	шығады	linguistic			End=734.847
638-0	SPK3001	Continuing	638	А	А	linguistic			Begin=737.002
638-1	SPK3001	Continuing	638	дұрыс,	дұрыс	linguistic			End=737.785
639-0	SPK3001	Falling	639	ұсталмай	ұсталмай	linguistic			Begin=737.785
639-1	SPK3001	Falling	639	жүр	жүр	linguistic			
639-2	SPK3001	Falling	639	ме.	ме	linguistic			End=738.897
640-0	SPK3001	Falling	640	Аха.	Аха	linguistic			Begin=739.019|End=739.511
641-0	SPK3001	Falling	641	Аха.	Аха	linguistic			Begin=740.015|End=740.358
642-0	SPK3001	Continuing	642	Жақсы,	Жақсы	linguistic			Begin=740.430|End=740.884
643-0	SPK3001	Falling	643	сәлем	сәлем	linguistic			Begin=740.884
643-1	SPK3001	Falling	643	айт	айт	linguistic			
643-2	SPK3001	Falling	643	бәріне.	бәріне	linguistic			End=741.874
644-0	SPK3001	Falling	644	Аха.	Аха	linguistic			Begin=741.874|End=742.568
645-0	SPK3001	Continuing	645	Көрші	Көрші	linguistic			Begin=744.491
645-1	SPK3001	Continuing	645	шал,	шал	linguistic			End=744.939
646-0	SPK3001	Interrupted	646	сұрай	сұрай	linguistic			Begin=744.939
646-1	SPK3001	Interrupted	646	бер—	бер	linguistic		Interrupted=Yes	End=745.540
647-0	SPK3001	Falling	647	сұрай	сұрай	linguistic			Begin=745.540
647-1	SPK3001	Falling	647	береді	береді	linguistic			
647-2	SPK3001	Falling	647	дейді.	дейді	linguistic			End=746.462
648-0	SPK0032	Continuing	648	Әгі	Әгі	linguistic			Begin=746.389
648-1	SPK0032	Continuing	648	құрт	құрт	linguistic			
648-2	SPK0032	Continuing	648	жалағанды,	жалағанды	linguistic			End=747.765
649-0	SPK0032	Continuing	649	неге	неге	linguistic			Begin=747.765
649-1	SPK0032	Continuing	649	шығарып	шығарып	linguistic			
649-2	SPK0032	Continuing	649	жіберген	жіберген	linguistic			
649-3	SPK0032	Continuing	649	бе,	бе	linguistic			End=748.818
650-0	SPK0032	Falling	650	соны	соны	linguistic			Begin=748.818
650-1	SPK0032	Falling	650	көрген	көрген	linguistic			
650-2	SPK0032	Falling	650	бе.	бе	linguistic			End=749.866
651-0	SPK3001	Continuing	651	Жоқ,	Жоқ	linguistic			Begin=749.863|End=750.301
652-0	SPK0032	Falling	652	####.	####	unknown			Begin=749.868|End=751.097
653-0	SPK3001	Falling	653	салғанмын	салғанмын	linguistic			Begin=750.301
653-1	SPK3001	Falling	653	ғой	ғой	linguistic			
653-2	SPK3001	Falling	653	мен.	мен	linguistic			End=751.476
654-0	SPK0032	Falling	654	А.	А	linguistic			Begin=751.236|End=751.783
655-0	SPK3001	Rising	655	Мына	Мына	linguistic			Begin=751.890
655-1	SPK3001	Rising	655	біреулердің	біреулердің	linguistic			
655-2	SPK3001	Rising	655	көрдің	көрдің	linguistic			
655-3	SPK3001	Rising	655	бе?	бе	linguistic			End=752.737
656-0	SPK3001	Rising	656	Жармайды	Жармайды	linguistic			Begin=752.739
656-1	SPK3001	Rising	656	ма?	ма	linguistic			End=753.677
657-0	SPK0027	Continuing	657	Қазір,	Қазір	linguistic			Begin=752.970|End=753.363
658-0	SPK0027	Falling	658	тұра	тұра	linguistic			Begin=753.363
658-1	SPK0027	Falling	658	тұршы.	тұршы	linguistic			End=753.769
659-0	SPK0032	Falling	659	Құдайым-а:у	Құдайым-ау	linguistic		Prolongation=8	Begin=753.509
659-1	SPK0032	Falling	659	сол.	сол	linguistic			End=755.055
660-0	SPK0032	Falling	660	Андағы	Андағы	linguistic			Begin=755.528
660-1	SPK0032	Falling	660	қандай	қандай	linguistic			
660-2	SPK0032	Falling	660	дәрі	дәрі	linguistic			
660-3	SPK0032	Falling	660	ей.	ей	linguistic			End=756.706
661-0	SPK0027	Falling	661	Мынау	Мынау	linguistic			Begin=756.632
661-1	SPK0027	Falling	661	канефрон.	канефрон	linguistic			End=757.821
662-0	SPK3001	Continuing	662	Е	Е	linguistic			Begin=757.956
662-1	SPK3001	Continuing	662	ол	ол	linguistic			
662-2	SPK3001	Continuing	662	ана,	ана	linguistic			End=758.802
663-0	SPK3001	Falling	663	өзімдікі	өзімдікі	linguistic			Begin=758.802
663-1	SPK3001	Falling	663	ол.	ол	linguistic			End=759.605
664-0	SPK3001	Falling	664	Аха.	Аха	linguistic			Begin=759.605|End=760.314
665-0	SPK0032	Falling	665	Ол	Ол	linguistic			Begin=760.016
665-1	SPK0032	Falling	665	ішіп	ішіп	linguistic			
665-2	SPK0032	Falling	665	жүргені	жүргені	linguistic			
665-3	SPK0032	Falling	665	ғой.	ғой	linguistic			End=761.505
666-0	SPK0032	Falling	666	Мынау	Мынау	linguistic			Begin=761.625
666-1	SPK0032	Falling	666	да	да	linguistic			
666-2	SPK0032	Falling	666	сол.	сол	linguistic			End=762.634
667-0	SPK0027	Continuing	667	Мына	Мына	linguistic			Begin=762.250
667-1	SPK0027	Continuing	667	біреуің,	біреуің	linguistic			End=763.221
668-0	SPK0027	Interrupted	668	мусо—	мусо	linguistic		Interrupted=Yes	Begin=763.221|End=763.739
669-0	SPK0027	Continuing	669	неменеде	неменеде	linguistic			Begin=763.739
669-1	SPK0027	Continuing	669	өтіп	өтіп	linguistic			
669-2	SPK0027	Continuing	669	кетіпті,	кетіпті	linguistic			End=764.650
670-0	SPK3001	Continuing	670	Е:,	Е	linguistic		Prolongation=0	Begin=764.503|End=765.062
671-0	SPK0027	Falling	671	уже.	уже	linguistic			Begin=764.650|End=765.273
672-0	SPK3001	Continuing	672	өтіп	өтіп	linguistic			Begin=765.066
672-1	SPK3001	Continuing	672	кетіп	кетіп	linguistic			
672-2	SPK3001	Continuing	672	пе,	пе	linguistic			End=765.692
673-0	SPK0027	Falling	673	Мынау.	Мынау	linguistic			Begin=765.273|End=766.117
674-0	SPK3001	Falling	674	тастай	тастай	linguistic			Begin=765.692
674-1	SPK3001	Falling	674	сал.	сал	linguistic			End=766.680
675-0	SPK0032	Falling	675	Мә.	Мә	linguistic			Begin=766.478|End=766.820
676-0	SPK0032	Falling	676	Кардиоприл.	Кардиоприл	linguistic			Begin=766.898|End=768.205
677-0	SPK3001	Falling	677	Андағы	Андағы	linguistic			Begin=768.354
677-1	SPK3001	Falling	677	немене.	немене	linguistic			End=768.991
678-0	SPK0032	Falling	678	Кардиоприл.	Кардиоприл	linguistic			Begin=769.054|End=769.708
679-0	SPK0032	Falling	679	Жүректікі.	Жүректікі	linguistic			Begin=769.797|End=770.751
680-0	SPK3001	Falling	680	Е	Е	linguistic			Begin=770.615
680-1	SPK3001	Falling	680	ішесің	ішесің	linguistic			
680-2	SPK3001	Falling	680	бе.	бе	linguistic			End=771.704
681-0	SPK0032	Continuing	681	Жо:,	Жо	linguistic		Prolongation=1	Begin=771.702|End=771.943
682-0	SPK0032	Continuing	682	мен	мен	linguistic			Begin=771.943
682-1	SPK0032	Continuing	682	де	де	linguistic			
682-2	SPK0032	Continuing	682	көп,	көп	linguistic			End=772.671
683-0	SPK0032	Falling	683	ойба:й.	ойбай	linguistic		Prolongation=3	Begin=772.671|End=773.526
684-0	SPK0032	Continuing	684	Төрт,	Төрт	linguistic			Begin=774.022|End=774.371
685-0	SPK0032	Falling	685	жәшік	жәшік	linguistic			Begin=774.371
685-1	SPK0032	Falling	685	###.	###	unknown			End=775.663
686-0	SPK3001	Continuing	686	Міне,	Міне	linguistic			Begin=775.440|End=776.166
687-0	SPK3001	Falling	687	ксипокам.	ксипокам	linguistic			Begin=776.166|End=777.152
688-0	SPK0027	Continuing	688	Әкелші,	Әкелші	linguistic			Begin=777.317|End=777.623
689-0	SPK0027	Falling	689	мен	мен	linguistic			Begin=777.667
689-1	SPK0027	Falling	689	өзім	өзім	linguistic			
689-2	SPK0027	Falling	689	қарап	қарап	linguistic			
689-3	SPK0027	Falling	689	отырмын.	отырмын	linguistic			End=778.999
690-0	SPK0032	Falling	690	Мынау	Мынау	linguistic			Begin=779.792
690-1	SPK0032	Falling	690	күні	күні	linguistic			
690-2	SPK0032	Falling	690	өтіп	өтіп	linguistic			
690-3	SPK0032	Falling	690	кеткендер	кеткендер	linguistic			
690-4	SPK0032	Falling	690	ғой.	ғой	linguistic			End=781.894
691-0	SPK0027	Continuing	691	Мама	Мама	linguistic			Begin=781.168
691-1	SPK0027	Continuing	691	андағы,	андағы	linguistic			End=781.945
692-0	SPK0027	Falling	692	күні	күні	linguistic			Begin=781.952
692-1	SPK0027	Falling	692	өтіп	өтіп	linguistic			
692-2	SPK0027	Falling	692	кеткендер.	кеткендер	linguistic			End=782.696
693-0	SPK0032	Continuing	693	Жоқ	Жоқ	linguistic			Begin=782.524
693-1	SPK0032	Continuing	693	әй,	әй	linguistic			End=783.216
694-0	SPK0027	Falling	694	Жинамай-ақ	Жинамай-ақ	linguistic			Begin=782.696
694-1	SPK0027	Falling	694	қой.	қой	linguistic			End=783.803
695-0	SPK0032	Continuing	695	біліп	біліп	linguistic			Begin=783.216
695-1	SPK0032	Continuing	695	отырмын,	отырмын	linguistic			End=783.874
696-0	SPK0032	Falling	696	####.	####	unknown			Begin=783.874|End=784.530
697-0	SPK0027	Falling	697	Мә	Мә	linguistic			Begin=784.309
697-1	SPK0027	Falling	697	мына.	мына	linguistic			End=785.167
698-0	SPK0032	Continuing	698	Мынау	Мынау	linguistic			Begin=784.530
698-1	SPK0032	Continuing	698	недеген	недеген	linguistic			
698-2	SPK0032	Continuing	698	жоян,	жоян	linguistic			End=785.443
699-0	SPK0032	Falling	699	дәрі	дәрі	linguistic			Begin=785.443
699-1	SPK0032	Falling	699	әкәм.	әкәм	linguistic			End=786.240
700-0	SPK3001	Falling	700	Андағы	Андағы	linguistic			Begin=787.286
700-1	SPK3001	Falling	700	өткен	өткен	linguistic			
700-2	SPK3001	Falling	700	жоқ	жоқ	linguistic			
700-3	SPK3001	Falling	700	күні.	күні	linguistic			End=788.893
701-0	SPK0032	Falling	701	######.	######	unknown			Begin=788.291|End=790.014
702-0	SPK3001	Rising	702	Иә?	Иә	linguistic			Begin=790.309|End=790.749
703-0	SPK0027	Continuing	703	Он	Он	linguistic			Begin=792.358
703-1	SPK0027	Continuing	703	екінші	екінші	linguistic			
703-2	SPK0027	Continuing	703	ай	ай	linguistic			
703-3	SPK0027	Continuing	703	дейді,	дейді	linguistic			End=793.417
704-0	SPK0027	Continuing	704	екеу-ақ	екеу-ақ	linguistic			Begin=793.438
704-1	SPK0027	Continuing	704	қалыпты,	қалыпты	linguistic			End=794.169
705-0	SPK0027	Rising	705	мынаны	мынаны	linguistic			Begin=794.169
705-1	SPK0027	Rising	705	шала	шала	linguistic			
705-2	SPK0027	Rising	705	алғансың	алғансың	linguistic			
705-3	SPK0027	Rising	705	ғой	ғой	linguistic			
705-4	SPK0027	Rising	705	иә?	иә	linguistic			End=795.487
706-0	SPK3001	Falling	706	Мхм.	Мхм	linguistic			Begin=795.272|End=795.969
707-0	SPK0032	Falling	707	Супрастин	Супрастин	linguistic			Begin=796.525
707-1	SPK0032	Falling	707	екен	екен	linguistic			
707-2	SPK0032	Falling	707	ғой.	ғой	linguistic			End=798.048
708-0	SPK3001	undefined	708	EXPRESSES_AFFECTION_TO_THE_CHILD	EXPRESSES_AFFECTION_TO_THE_CHILD	paraverbal	_		Begin=801.889|End=803.362
709-0	SPK0032	Falling	709	Панкреатин.	Панкреатин	linguistic			Begin=804.324|End=805.565
710-0	SPK3001	undefined	710	EXPRESSES_AFFECTION_TO_THE_CHILD	EXPRESSES_AFFECTION_TO_THE_CHILD	paraverbal	_		Begin=809.494|End=811.011
711-0	SPK0027	Falling	711	Дай	Дай	linguistic			Begin=812.722
711-1	SPK0027	Falling	711	сюда.	сюда	linguistic			End=813.891
712-0	SPK3001	Continuing	712	Телефонын	Телефонын	linguistic			Begin=819.318
712-1	SPK3001	Continuing	712	не	не	linguistic			
712-2	SPK3001	Continuing	712	етсем,	етсем	linguistic			End=820.282
713-0	SPK3001	Continuing	713	алмайды	алмайды	linguistic			Begin=820.282
713-1	SPK3001	Continuing	713	әкем	әкем	linguistic			
713-2	SPK3001	Continuing	713	жақ,	жақ	linguistic			End=821.080
714-0	SPK3001	Falling	714	қашан	қашан	linguistic			Begin=821.080
714-1	SPK3001	Falling	714	қайтамыз	қайтамыз	linguistic			
714-2	SPK3001	Falling	714	деп	деп	linguistic			
714-3	SPK3001	Falling	714	отыр	отыр	linguistic			
714-4	SPK3001	Falling	714	дейді.	дейді	linguistic			End=822.509
715-0	SPK3001	Continuing	715	Көрші	Көрші	linguistic			Begin=823.020
715-1	SPK3001	Continuing	715	шал	шал	linguistic			
715-2	SPK3001	Continuing	715	айтады	айтады	linguistic			
715-3	SPK3001	Continuing	715	дейді,	дейді	linguistic			End=823.934
716-0	SPK3001	Continuing	716	астыңда	астыңда	linguistic			Begin=823.949
716-1	SPK3001	Continuing	716	мәшінің	мәшінің	linguistic			
716-2	SPK3001	Continuing	716	бар,	бар	linguistic			End=825.070
717-0	SPK3001	Falling	717	әке-шешеңді	әке-шешеңді	linguistic			Begin=825.070
717-1	SPK3001	Falling	717	неге	неге	linguistic			
717-2	SPK3001	Falling	717	әкелмейсің	әкелмейсің	linguistic			
717-3	SPK3001	Falling	717	өзің	өзің	linguistic			
717-4	SPK3001	Falling	717	деп.	деп	linguistic			End=827.046
718-0	SPK0027	Falling	718	Ол	Ол	linguistic			Begin=827.893
718-1	SPK0027	Falling	718	кісінің	кісінің	linguistic			
718-2	SPK0027	Falling	718	шаруасы	шаруасы	linguistic			
718-3	SPK0027	Falling	718	қанша	қанша	linguistic			
718-4	SPK0027	Falling	718	өзі.	өзі	linguistic			End=829.449
719-0	SPK0032	undefined	719	@@	@@	linguistic			Begin=828.082|End=829.280
720-0	SPK0027	Falling	720	####.	####	unknown			Begin=829.464|End=830.442
721-0	SPK0032	Rising	721	Қайтіп	Қайтіп	linguistic			Begin=831.262
721-1	SPK0032	Rising	721	әкеледі?	әкеледі	linguistic			End=832.217
722-0	SPK0032	Falling	722	Жұмыста	Жұмыста	linguistic			Begin=832.217
722-1	SPK0032	Falling	722	жүр	жүр	linguistic			
722-2	SPK0032	Falling	722	өзі.	өзі	linguistic			End=833.311
723-0	SPK0027	Continuing	723	Жоқ	Жоқ	linguistic			Begin=833.030
723-1	SPK0027	Continuing	723	оның,	оның	linguistic			End=833.420
724-0	SPK0027	Continuing	724	шаруаларың	шаруаларың	linguistic			Begin=833.420
724-1	SPK0027	Continuing	724	қанша,	қанша	linguistic			End=834.111
725-0	SPK0027	Continuing	725	әкеледі	әкеледі	linguistic			Begin=834.111
725-1	SPK0027	Continuing	725	ме,	ме	linguistic			End=834.836
726-0	SPK0032	Falling	726	Соны	Соны	linguistic			Begin=834.439
726-1	SPK0032	Falling	726	айтамын.	айтамын	linguistic			End=835.122
727-0	SPK3001	Continuing	727	Қайдан	Қайдан	linguistic			Begin=834.701
727-1	SPK3001	Continuing	727	білем	білем	linguistic			
727-2	SPK3001	Continuing	727	мен	мен	linguistic			
727-3	SPK3001	Continuing	727	енді	енді	linguistic			
727-4	SPK3001	Continuing	727	оны,	оны	linguistic			End=836.066
728-0	SPK0027	Falling	728	әкетеді	әкетеді	linguistic			Begin=834.838
728-1	SPK0027	Falling	728	ме.	ме	linguistic			End=835.839
729-0	SPK3001	Falling	729	######.	######	unknown			Begin=836.066|End=837.263
730-0	SPK0032	Continuing	730	Олар	Олар	linguistic			Begin=836.877
730-1	SPK0032	Continuing	730	әшейін,	әшейін	linguistic			End=837.366
731-0	SPK0032	Continuing	731	карта	карта	linguistic			Begin=837.377
731-1	SPK0032	Continuing	731	ойнайтындар	ойнайтындар	linguistic			
731-2	SPK0032	Continuing	731	баяғы,	баяғы	linguistic			End=838.738
732-0	SPK0032	Falling	732	шатып.	шатып	linguistic			Begin=838.742|End=839.585
733-0	SPK0032	Continuing	733	Мәшіні	Мәшіні	linguistic			Begin=841.171
733-1	SPK0032	Continuing	733	##,	##	unknown			End=841.984
734-0	SPK0032	Falling	734	жұмыста	жұмыста	linguistic			Begin=841.984
734-1	SPK0032	Falling	734	жүр.	жүр	linguistic			End=842.780
735-0	SPK0032	Interrupted	735	Алматыға	Алматыға	linguistic			Begin=843.178
735-1	SPK0032	Interrupted	735	с—	с	linguistic		Interrupted=Yes	End=844.368
736-0	SPK3001	Continuing	736	Мына	Мына	linguistic			Begin=843.202
736-1	SPK3001	Continuing	736	сияқты	сияқты	linguistic			
736-2	SPK3001	Continuing	736	ша-	ша	linguistic		Interrupted=Yes	
736-3	SPK3001	Continuing	736	ыым,	ыым	linguistic			End=844.678
737-0	SPK3001	Falling	737	шай	шай	linguistic			Begin=844.813
737-1	SPK3001	Falling	737	әкеме	әкеме	linguistic			
737-2	SPK3001	Falling	737	бергенмін.	бергенмін	linguistic			End=845.907
738-0	SPK3001	Falling	738	Мынау	Мынау	linguistic			Begin=845.907
738-1	SPK3001	Falling	738	күшті:	күшті	linguistic		Prolongation=4	
738-2	SPK3001	Falling	738	ғой.	ғой	linguistic			End=846.893
739-0	SPK3001	Continuing	739	Ненікі,	Ненікі	linguistic			Begin=846.893|End=847.303
740-0	SPK3001	Falling	740	Эмелдікі.	Эмелдікі	linguistic			Begin=847.303|End=847.873
741-0	SPK3001	Continuing	741	Не,	Не	linguistic			Begin=848.524|End=848.851
742-0	SPK3001	Continuing	742	карделис	карделис	linguistic			Begin=848.898
742-1	SPK3001	Continuing	742	деген,	деген	linguistic			End=849.813
743-0	SPK3001	Falling	743	күшті	күшті	linguistic			Begin=849.813
743-1	SPK3001	Falling	743	шай	шай	linguistic			
743-2	SPK3001	Falling	743	бар.	бар	linguistic			End=850.605
744-0	SPK3001	Falling	744	Содан	Содан	linguistic			Begin=851.285
744-1	SPK3001	Falling	744	кейін	кейін	linguistic			
744-2	SPK3001	Falling	744	міне	міне	linguistic			
744-3	SPK3001	Falling	744	мынау	мынау	linguistic			
744-4	SPK3001	Falling	744	бар.	бар	linguistic			End=852.562
745-0	SPK3001	Continuing	745	Асқазан	Асқазан	linguistic			Begin=853.113
745-1	SPK3001	Continuing	745	та-,	та	linguistic		Interrupted=Yes	End=854.010
746-0	SPK3001	Falling	746	ішек	ішек	linguistic			Begin=854.010
746-1	SPK3001	Falling	746	тазалайтын	тазалайтын	linguistic			
746-2	SPK3001	Falling	746	бар.	бар	linguistic			End=855.303
747-0	SPK0032	Continuing	747	Недеген	Недеген	linguistic			Begin=856.019
747-1	SPK0032	Continuing	747	дәрі	дәрі	linguistic			
747-2	SPK0032	Continuing	747	анандай,	анандай	linguistic			End=857.762
748-0	SPK3001	Continuing	748	Мынау,	Мынау	linguistic			Begin=856.095|End=856.685
749-0	SPK0032	Falling	749	шөп.	шөп	linguistic			Begin=857.762|End=858.609
750-0	SPK3001	Continuing	750	мынау	мынау	linguistic			Begin=857.944
750-1	SPK3001	Continuing	750	ішек	ішек	linguistic			
750-2	SPK3001	Continuing	750	тазалайтын,	тазалайтын	linguistic			End=859.136
751-0	SPK3001	Falling	751	ішесің	ішесің	linguistic			Begin=859.136
751-1	SPK3001	Falling	751	бе.	бе	linguistic			End=859.828
752-0	SPK3001	Falling	752	Ішіңді	Ішіңді	linguistic			Begin=860.033
752-1	SPK3001	Falling	752	жұмсартады.	жұмсартады	linguistic			End=861.020
753-0	SPK3001	Falling	753	Өте	Өте	linguistic			Begin=861.020
753-1	SPK3001	Falling	753	күшті.	күшті	linguistic			End=862.270
754-0	SPK0032	Continuing	754	Ішек	Ішек	linguistic			Begin=862.309
754-1	SPK0032	Continuing	754	тазалағанда,	тазалағанда	linguistic			End=863.106
755-0	SPK0032	Continuing	755	мен	мен	linguistic			Begin=863.106
755-1	SPK0032	Continuing	755	әгі,	әгі	linguistic			End=863.621
756-0	SPK0032	Falling	756	немене.	немене	linguistic			Begin=863.621|End=864.490
757-0	SPK0032	Interrupted	757	Мен	Мен	linguistic			Begin=864.540
757-1	SPK0032	Interrupted	757	дә-	дә	linguistic		Interrupted=Yes	
757-2	SPK0032	Interrupted	757	ыы—	ыы	linguistic		Interrupted=Yes	End=865.318
758-0	SPK0027	Falling	758	Запор	Запор	linguistic			Begin=864.616
758-1	SPK0027	Falling	758	ғой	ғой	linguistic			
758-2	SPK0027	Falling	758	бұда.	бұда	linguistic			End=865.804
759-0	SPK0032	Falling	759	Дәретке	Дәретке	linguistic			Begin=865.318
759-1	SPK0032	Falling	759	отыра	отыра	linguistic			
759-2	SPK0032	Falling	759	алмайын	алмайын	linguistic			
759-3	SPK0032	Falling	759	ғой.	ғой	linguistic			End=866.771
760-0	SPK3001	Continuing	760	Міне,	Міне	linguistic			Begin=865.863|End=866.368
761-0	SPK3001	Continuing	761	міне,	міне	linguistic			Begin=866.383|End=867.020
762-0	SPK3001	Falling	762	міне.	міне	linguistic			Begin=867.181|End=867.772
763-0	SPK3001	Falling	763	Соған	Соған	linguistic			Begin=867.829
763-1	SPK3001	Falling	763	отырғызады.	отырғызады	linguistic			End=868.996
764-0	SPK0032	Falling	764	Дәретке	Дәретке	linguistic			Begin=867.909
764-1	SPK0032	Falling	764	отыра	отыра	linguistic			
764-2	SPK0032	Falling	764	алмаймын.	алмаймын	linguistic			End=869.872
765-0	SPK3001	Falling	765	Соны	Соны	linguistic			Begin=869.590
765-1	SPK3001	Falling	765	айтамын.	айтамын	linguistic			End=870.272
766-0	SPK0032	Continuing	766	Кешеден	Кешеден	linguistic			Begin=870.272
766-1	SPK0032	Continuing	766	бері,	бері	linguistic			End=871.141
767-0	SPK0032	Continuing	767	свекланы,	свекланы	linguistic			Begin=871.141|End=871.670
768-0	SPK0032	Falling	768	жеп	жеп	linguistic			Begin=871.670
768-1	SPK0032	Falling	768	жатырмын.	жатырмын	linguistic			End=872.461
769-0	SPK3001	Continuing	769	Міне,	Міне	linguistic			Begin=872.417|End=873.080
770-0	SPK0027	Falling	770	Қалай	Қалай	linguistic			Begin=873.355
770-1	SPK0027	Falling	770	ішетінін	ішетінін	linguistic			
770-2	SPK0027	Falling	770	айтсаңшы.	айтсаңшы	linguistic			End=875.030
771-0	SPK3001	Falling	771	мынау	мынау	linguistic			Begin=873.393
771-1	SPK3001	Falling	771	бар.	бар	linguistic			End=874.066
772-0	SPK0027	Falling	772	Қалай	Қалай	linguistic			Begin=875.176
772-1	SPK0027	Falling	772	ішеді.	ішеді	linguistic			End=875.964
773-0	SPK3001	Continuing	773	Заваривать	Заваривать	linguistic			Begin=875.697
773-1	SPK3001	Continuing	773	етеді	етеді	linguistic			
773-2	SPK3001	Continuing	773	де,	де	linguistic			End=876.633
774-0	SPK3001	Falling	774	ішеді.	ішеді	linguistic			Begin=876.633|End=876.899
775-0	SPK3001	Falling	775	Болды.	Болды	linguistic			Begin=876.899|End=877.509
776-0	SPK3001	Continuing	776	Өзі	Өзі	linguistic			Begin=877.782
776-1	SPK3001	Continuing	776	мынау,	мынау	linguistic			End=878.176
777-0	SPK3001	Continuing	777	жиырма	жиырма	linguistic			Begin=878.176
777-1	SPK3001	Continuing	777	минут	минут	linguistic			
777-2	SPK3001	Continuing	777	заваривать	заваривать	linguistic			
777-3	SPK3001	Continuing	777	етеді,	етеді	linguistic			End=879.292
778-0	SPK3001	Falling	778	күнімен	күнімен	linguistic			Begin=879.318
778-1	SPK3001	Falling	778	іше	іше	linguistic			
778-2	SPK3001	Falling	778	салады.	салады	linguistic			End=880.242
779-0	SPK3001	Continuing	779	Мен	Мен	linguistic			Begin=881.065
779-1	SPK3001	Continuing	779	аурудан,	аурудан	linguistic			End=882.040
780-0	SPK3001	Falling	780	неше	неше	linguistic			Begin=882.040
780-1	SPK3001	Falling	780	түрлі	түрлі	linguistic			
780-2	SPK3001	Falling	780	бар	бар	linguistic			
780-3	SPK3001	Falling	780	ғой.	ғой	linguistic			End=883.157
781-0	SPK0027	Rising	781	Бір	Бір	linguistic			Begin=882.659
781-1	SPK0027	Rising	781	чашкасын	чашкасын	linguistic			
781-2	SPK0027	Rising	781	ба?	ба	linguistic			End=884.154
782-0	SPK3001	Continuing	782	Иә,	Иә	linguistic			Begin=884.449|End=884.828
783-0	SPK3001	Falling	783	бір	бір	linguistic			Begin=884.828
783-1	SPK3001	Falling	783	несіне	несіне	linguistic			
783-2	SPK3001	Falling	783	бір.	бір	linguistic			End=886.124
784-0	SPK3001	Continuing	784	Міне	Міне	linguistic			Begin=889.575
784-1	SPK3001	Continuing	784	аэртал,	аэртал	linguistic			End=890.478
785-0	SPK3001	Continuing	785	міне,	міне	linguistic			Begin=890.478|End=890.717
786-0	SPK3001	Continuing	786	күнделікті	күнделікті	linguistic			Begin=890.717
786-1	SPK3001	Continuing	786	ішетін	ішетін	linguistic			
786-2	SPK3001	Continuing	786	менің,	менің	linguistic			End=891.824
787-0	SPK3001	Continuing	787	аяғым	аяғым	linguistic			Begin=891.824
787-1	SPK3001	Continuing	787	ауырға-,	ауырға	linguistic		Interrupted=Yes	End=893.038
788-0	SPK3001	Falling	788	аэртал.	аэртал	linguistic			Begin=893.038|End=893.941
789-0	SPK3001	Falling	789	Пачкалеп	Пачкалеп	linguistic			Begin=893.973
789-1	SPK3001	Falling	789	алғанмын.	алғанмын	linguistic			End=895.079
790-0	SPK0032	Continuing	790	Соны	Соны	linguistic			Begin=895.797
790-1	SPK0032	Continuing	790	ішепейсің	ішепейсің	linguistic			
790-2	SPK0032	Continuing	790	ғой	ғой	linguistic			
790-3	SPK0032	Continuing	790	енді	енді	linguistic			
790-4	SPK0032	Continuing	790	қазір,	қазір	linguistic			End=897.313
791-0	SPK3001	Continuing	791	Неге	Неге	linguistic			Begin=897.275
791-1	SPK3001	Continuing	791	мама	мама	linguistic			
791-2	SPK3001	Continuing	791	мен,	мен	linguistic			End=897.973
792-0	SPK0032	Falling	792	жазғы	жазғы	linguistic			Begin=897.313
792-1	SPK0032	Falling	792	уақыт.	уақыт	linguistic			End=898.460
793-0	SPK3001	Continuing	793	Мен	Мен	linguistic			Begin=897.983
793-1	SPK3001	Continuing	793	өзім	өзім	linguistic			
793-2	SPK3001	Continuing	793	ішетін	ішетін	linguistic			
793-3	SPK3001	Continuing	793	дәрілеріме	дәрілеріме	linguistic			
793-4	SPK3001	Continuing	793	апарып,	апарып	linguistic			End=899.459
794-0	SPK3001	Falling	794	қосып	қосып	linguistic			Begin=899.459
794-1	SPK3001	Falling	794	жүрмін	жүрмін	linguistic			
794-2	SPK3001	Falling	794	ғой.	ғой	linguistic			End=900.524
795-0	SPK0032	Falling	795	Е:.	Е	linguistic		Prolongation=0	Begin=900.470|End=901.231
796-0	SPK3001	Falling	796	Неге	Неге	linguistic			Begin=901.130
796-1	SPK3001	Falling	796	ішпеймін	ішпеймін	linguistic			
796-2	SPK3001	Falling	796	мен.	мен	linguistic			End=902.012
797-0	SPK3001	Continuing	797	Дәрімен	Дәрімен	linguistic			Begin=902.148
797-1	SPK3001	Continuing	797	қана,	қана	linguistic			End=903.089
798-0	SPK3001	Falling	798	###.	###	unknown			Begin=903.089|End=903.758
799-0	SPK3001	Continuing	799	¬Ырыс	Ырыс	linguistic		Anonymized=Yes	Begin=903.758
799-1	SPK3001	Continuing	799	ұқсап	ұқсап	linguistic			
799-2	SPK3001	Continuing	799	айтып	айтып	linguistic			
799-3	SPK3001	Continuing	799	қояйын,	қояйын	linguistic			End=905.002
800-0	SPK3001	Falling	800	дәрімен	дәрімен	linguistic			Begin=905.002
800-1	SPK3001	Falling	800	жүр	жүр	linguistic			
800-2	SPK3001	Falling	800	емеспін	емеспін	linguistic			
800-3	SPK3001	Falling	800	бе	бе	linguistic			
800-4	SPK3001	Falling	800	мен.	мен	linguistic			End=906.970
801-0	SPK0032	Continuing	801	Алматыға,	Алматыға	linguistic			Begin=912.303|End=913.031
802-0	SPK0032	Falling	802	сұранамын	сұранамын	linguistic			Begin=913.042
802-1	SPK0032	Falling	802	деп	деп	linguistic			
802-2	SPK0032	Falling	802	отыраған.	отыраған	linguistic			End=913.967
803-0	SPK0032	Continuing	803	Жібереді-,	Жібереді	linguistic		Interrupted=Yes	Begin=913.967|End=914.733
804-0	SPK0032	Rising	804	жібереді	жібереді	linguistic			Begin=914.733
804-1	SPK0032	Rising	804	ме?	ме	linguistic			End=915.377
805-0	SPK0027	Falling	805	Кімді.	Кімді	linguistic			Begin=916.949|End=917.623
806-0	SPK0032	Falling	806	¬Сәкөні.	Сәкөні	linguistic		Anonymized=Yes	Begin=917.446|End=918.781
807-0	SPK0032	Continuing	807	Әгі	Әгі	linguistic			Begin=922.215
807-1	SPK0032	Continuing	807	бажасының,	бажасының	linguistic			End=923.245
808-0	SPK0027	Continuing	808	Барады,	Барады	linguistic			Begin=924.702|End=925.194
809-0	SPK0027	Falling	809	барады.	барады	linguistic			Begin=925.194|End=925.836
810-0	SPK0032	Falling	810	Иә.	Иә	linguistic			Begin=926.173|End=926.732
811-0	SPK0032	Falling	811	##.	##	unknown			Begin=927.340|End=927.992
812-0	SPK3001	Falling	812	Оған	Оған	linguistic			Begin=927.947
812-1	SPK3001	Falling	812	қашан	қашан	linguistic			
812-2	SPK3001	Falling	812	барушы	барушы	linguistic			
812-3	SPK3001	Falling	812	еді.	еді	linguistic			End=929.326
813-0	SPK0032	Falling	813	##.	##	unknown			Begin=927.992|End=928.997
814-0	SPK0032	Falling	814	Жиырма	Жиырма	linguistic			Begin=929.677
814-1	SPK0032	Falling	814	сегізінде	сегізінде	linguistic			
814-2	SPK0032	Falling	814	кетеміз	кетеміз	linguistic			
814-3	SPK0032	Falling	814	деп	деп	linguistic			
814-4	SPK0032	Falling	814	отырған.	отырған	linguistic			End=931.727
815-0	SPK0027	Falling	815	Мынаны	Мынаны	linguistic			Begin=930.736
815-1	SPK0027	Falling	815	неге	неге	linguistic			
815-2	SPK0027	Falling	815	алып	алып	linguistic			
815-3	SPK0027	Falling	815	шықтың.	шықтың	linguistic			End=931.984
816-0	SPK3001	Falling	816	Саламын	Саламын	linguistic			Begin=932.834
816-1	SPK3001	Falling	816	қазір	қазір	linguistic			
816-2	SPK3001	Falling	816	қайтадан.	қайтадан	linguistic			End=934.186
817-0	SPK0032	Continuing	817	Үйде	Үйде	linguistic			Begin=934.934
817-1	SPK0032	Continuing	817	кім,	кім	linguistic			End=935.709
818-0	SPK0032	Continuing	818	¬Жамиля	Жамиля	linguistic		Anonymized=Yes	Begin=935.709
818-1	SPK0032	Continuing	818	бар	бар	linguistic			
818-2	SPK0032	Continuing	818	ғой,	ғой	linguistic			End=936.637
819-0	SPK0032	Continuing	819	сол,	сол	linguistic			Begin=936.637|End=936.999
820-0	SPK0032	Continuing	820	¬Жамиля,	Жамиля	linguistic		Anonymized=Yes	Begin=936.999|End=937.493
821-0	SPK0032	Continuing	821	сонда	сонда	linguistic			Begin=937.493
821-1	SPK0032	Continuing	821	ғой,	ғой	linguistic			End=938.028
822-0	SPK0032	Falling	822	содан	содан	linguistic			Begin=938.028
822-1	SPK0032	Falling	822	кейін.	кейін	linguistic			End=938.657
