token_id	speaker	iu_type	tu_id	span	form	type	modality	features	align
0-0	SPK1117	Falling	0	Сен	Сен	linguistic	_		Begin=0.000
0-1	SPK1117	Falling	0	майонезбен	майонезбен	linguistic	_		
0-2	SPK1117	Falling	0	жемейсің	жемейсің	linguistic	_		End=1.390
1-0	SPK1118	Rising	1	Майонезбен	Майонезбен	linguistic	_		Begin=1.650|End=2.190
2-0	SPK1118	Falling	2	жей	жей	linguistic	_		Begin=2.190
2-1	SPK1118	Falling	2	беремін	беремін	linguistic	_		End=2.890
3-0	SPK1117	Continuing	3	Кетпуп	Кетпуп	linguistic	_		Begin=3.550
3-1	SPK1117	Continuing	3	бар	бар	linguistic	_		End=3.980
4-0	SPK1117	undefined	4	майонез	майонез	linguistic	_		Begin=3.980
4-1	SPK1117	undefined	4	қосып	қосып	linguistic	_		End=4.700
5-0	SPK1117	undefined	5	###	###	unknown	_		Begin=4.710|End=5.790
6-0	SPK1117	undefined	6	Малика	Малика	linguistic	_		Begin=5.790
6-1	SPK1117	undefined	6	андай	андай	linguistic	_		
6-2	SPK1117	undefined	6	жіберіпті	жіберіпті	linguistic	_		End=6.630
7-0	SPK1117	Continuing	7	жаңа	жаңа	linguistic	_		Begin=6.635|End=6.985
8-0	SPK1117	Continuing	8	типа	типа	linguistic	_		Begin=6.985|End=7.800
9-0	SPK1117	undefined	9	ыыы	ыыы	linguistic	_		Begin=7.800|End=8.390
10-0	SPK1117	undefined	10	когда	когда	linguistic	_		Begin=8.390
10-1	SPK1117	undefined	10	подругаларыңның	подругаларыңның	linguistic	_		
10-2	SPK1117	undefined	10	үйіне	үйіне	linguistic	_		
10-3	SPK1117	undefined	10	жиналғанда	жиналғанда	linguistic	_		End=9.890
11-0	SPK1117	Continuing	11	деген	деген	linguistic	_		Begin=9.895
11-1	SPK1117	Continuing	11	да	да	linguistic	_		End=10.505
12-0	SPK1118	Falling	12	Мхм	Мхм	linguistic	_		Begin=10.520|End=11.060
13-0	SPK1117	Continuing	13	әрқайсысы	әрқайсысы	linguistic	_		Begin=11.320
13-1	SPK1117	Continuing	13	андай	андай	linguistic	_		End=12.090
14-0	SPK1117	Interrupted	14	по-	по	linguistic	_	Interrupted=Yes	Begin=12.090|End=12.530
15-0	SPK1117	undefined	15	поднос	поднос	linguistic	_		Begin=12.530
15-1	SPK1117	undefined	15	сияқтымен	сияқтымен	linguistic	_		End=13.300
16-0	SPK1117	Continuing	16	бірдеңе	бірдеңе	linguistic	_		Begin=13.300
16-1	SPK1117	Continuing	16	алып	алып	linguistic	_		
16-2	SPK1117	Continuing	16	келеді	келеді	linguistic	_		
16-3	SPK1117	Continuing	16	екен	екен	linguistic	_		
16-4	SPK1117	Continuing	16	да	да	linguistic	_		End=14.730
17-0	SPK1118	Falling	17	Иә	Иә	linguistic	_		Begin=14.150
17-1	SPK1118	Falling	17	иә	иә	linguistic	_		End=14.900
18-0	SPK1117	Continuing	18	әртүрлі	әртүрлі	linguistic	_		Begin=14.960
18-1	SPK1117	Continuing	18	түспенші	түспенші	linguistic	_		End=15.680
19-0	SPK1117	undefined	19	қызыл	қызыл	linguistic	_		Begin=15.690|End=16.040
20-0	SPK1117	Continuing	20	ақ	ақ	linguistic	_		Begin=16.040
20-1	SPK1117	Continuing	20	қара	қара	linguistic	_		End=16.550
21-0	SPK1117	Continuing	21	сарымен	сарымен	linguistic	_		Begin=16.550|End=17.000
22-0	SPK1117	Falling	22	әртүрлі	әртүрлі	linguistic	_		Begin=17.000
22-1	SPK1117	Falling	22	нәрсе	нәрсе	linguistic	_		
22-2	SPK1117	Falling	22	алып	алып	linguistic	_		
22-3	SPK1117	Falling	22	келеді	келеді	linguistic	_		
22-4	SPK1117	Falling	22	екен	екен	linguistic	_		
22-5	SPK1117	Falling	22	да	да	linguistic	_		End=18.120
23-0	SPK1117	undefined	23	Сөйтіп	Сөйтіп	linguistic	_		Begin=18.230|End=18.720
24-0	SPK1117	Falling	24	битып	битып	linguistic	_		Begin=18.720
24-1	SPK1117	Falling	24	жазып	жазып	linguistic	_		
24-2	SPK1117	Falling	24	жібергенмін	жібергенмін	linguistic	_		
24-3	SPK1117	Falling	24	ғой	ғой	linguistic	_		
24-4	SPK1117	Falling	24	@@@	@@@	linguistic	_		End=20.090
25-0	SPK1117	undefined	25	Жаңа	Жаңа	linguistic	_		Begin=20.090|End=20.410
26-0	SPK1117	undefined	26	TikTok-тарды	TikTok-тарды	linguistic	_		Begin=20.410|End=20.855
27-0	SPK1117	undefined	27	кіре	кіре	linguistic	_		Begin=20.860
27-1	SPK1117	undefined	27	салайыншы	салайыншы	linguistic	_		
27-2	SPK1117	undefined	27	деп	деп	linguistic	_		End=21.363
28-0	SPK1117	Falling	28	кіре	кіре	linguistic	_		Begin=21.363
28-1	SPK1117	Falling	28	салғанмын	салғанмын	linguistic	_		
28-2	SPK1117	Falling	28	ғой	ғой	linguistic	_		End=22.380
29-0	SPK1118	Rising	29	Ертең	Ертең	linguistic	_		Begin=22.280
29-1	SPK1118	Rising	29	сен	сен	linguistic	_		
29-2	SPK1118	Rising	29	нешеде	нешеде	linguistic	_		
29-3	SPK1118	Rising	29	келесің	келесің	linguistic	_		End=23.860
30-0	SPK1117	Rising	30	Мен	Мен	linguistic	_		Begin=23.920
30-1	SPK1117	Rising	30	ба	ба	linguistic	_		End=24.370
31-0	SPK1117	undefined	31	ертең	ертең	linguistic	_		Begin=24.370|End=24.640
32-0	SPK1117	Falling	32	білмеймін	білмеймін	linguistic	_		Begin=24.650|End=25.170
33-0	SPK1117	Falling	33	Алтылар	Алтылар	linguistic	_		Begin=25.730|End=26.400
34-0	SPK1117	Rising	34	Алты	Алты	linguistic	_		Begin=26.400
34-1	SPK1117	Rising	34	емес	емес	linguistic	_		End=26.850
35-0	SPK1117	Rising	35	бес	бес	linguistic	_		Begin=26.850
35-1	SPK1117	Rising	35	жарым	жарым	linguistic	_		End=27.610
36-0	SPK1117	Continuing	36	либо	либо	linguistic	_		Begin=27.810|End=28.360
37-0	SPK1117	undefined	37	ыыы	ыыы	linguistic	_		Begin=28.360|End=28.700
38-0	SPK1117	Continuing	38	бүгінгідей	бүгінгідей	linguistic	_		Begin=28.700|End=29.480
39-0	SPK1117	Continuing	39	бүгін	бүгін	linguistic	_		Begin=29.480
39-1	SPK1117	Continuing	39	мен	мен	linguistic	_		
39-2	SPK1117	Continuing	39	ерте	ерте	linguistic	_		
39-3	SPK1117	Continuing	39	кетіп	кетіп	linguistic	_		
39-4	SPK1117	Continuing	39	қалдым	қалдым	linguistic	_		End=30.240
40-0	SPK1118	Falling	40	Бүгін	Бүгін	linguistic	_		Begin=30.380
40-1	SPK1118	Falling	40	ерте	ерте	linguistic	_		
40-2	SPK1118	Falling	40	келдің	келдің	linguistic	_		
40-3	SPK1118	Falling	40	ғой	ғой	linguistic	_		End=31.676
41-0	SPK1117	Rising	41	сабағым	сабағым	linguistic	_		Begin=31.010
41-1	SPK1117	Rising	41	болмайтын	болмайтын	linguistic	_		
41-2	SPK1117	Rising	41	шығар	шығар	linguistic	_		
41-3	SPK1117	Rising	41	дедім	дедім	linguistic	_		
41-4	SPK1117	Rising	41	да	да	linguistic	_		End=32.320
42-0	SPK1117	Falling	42	төртте	төртте	linguistic	_		Begin=32.320
42-1	SPK1117	Falling	42	бір	бір	linguistic	_		
42-2	SPK1117	Falling	42	сабақ	сабақ	linguistic	_		
42-3	SPK1117	Falling	42	жоқ	жоқ	linguistic	_		
42-4	SPK1117	Falling	42	болды	болды	linguistic	_		End=33.280
43-0	SPK1117	Rising	43	Бесте	Бесте	linguistic	_		Begin=33.280
43-1	SPK1117	Rising	43	онша	онша	linguistic	_		
43-2	SPK1117	Rising	43	сабақ	сабақ	linguistic	_		
43-3	SPK1117	Rising	43	болмайды	болмайды	linguistic	_		
43-4	SPK1117	Rising	43	да	да	linguistic	_		End=34.840
44-0	SPK1118	Falling	44	Ммм	Ммм	linguistic	_		Begin=34.880|End=35.520
45-0	SPK1117	Continuing	45	онша	онша	linguistic	_		Begin=35.060
45-1	SPK1117	Continuing	45	сабақ	сабақ	linguistic	_		
45-2	SPK1117	Continuing	45	болмайды	болмайды	linguistic	_		
45-3	SPK1117	Continuing	45	деп	деп	linguistic	_		
45-4	SPK1117	Continuing	45	қоямын	қоямын	linguistic	_		
45-5	SPK1117	Continuing	45	бір	бір	linguistic	_		End=36.170
46-0	SPK1117	Continuing	46	понедельник	понедельник	linguistic	_		Begin=36.360
46-1	SPK1117	Continuing	46	болған	болған	linguistic	_		
46-2	SPK1117	Continuing	46	жоқ	жоқ	linguistic	_		End=36.920
47-0	SPK1117	Rising	47	сосын	сосын	linguistic	_		Begin=36.920
47-1	SPK1117	Rising	47	бүгін	бүгін	linguistic	_		
47-2	SPK1117	Rising	47	де	де	linguistic	_		
47-3	SPK1117	Rising	47	болмайтын	болмайтын	linguistic	_		
47-4	SPK1117	Rising	47	шығар	шығар	linguistic	_		
47-5	SPK1117	Rising	47	дедім	дедім	linguistic	_		End=37.880
48-0	SPK1117	undefined	48	Сөйтіп	Сөйтіп	linguistic	_		Begin=38.220|End=38.810
49-0	SPK1117	Falling	49	админнен	админнен	linguistic	_		Begin=38.910
49-1	SPK1117	Falling	49	сұрадым	сұрадым	linguistic	_		End=39.710
50-0	SPK1117	undefined	50	Админ	Админ	linguistic	_		Begin=39.920
50-1	SPK1117	undefined	50	деген	деген	linguistic	_		
50-2	SPK1117	undefined	50	ол	ол	linguistic	_		End=40.470
51-0	SPK1117	Continuing	51	временно	временно	linguistic	_		Begin=40.480
51-1	SPK1117	Continuing	51	болып	болып	linguistic	_		
51-2	SPK1117	Continuing	51	жүрген	жүрген	linguistic	_		
51-3	SPK1117	Continuing	51	қызшы	қызшы	linguistic	_		End=41.460
52-0	SPK1118	Falling	52	Ыыы	Ыыы	linguistic	_		Begin=41.710|End=42.627
53-0	SPK1117	Falling	53	¬Мектептің	Мектептің	linguistic	_	Anonymized=Yes	Begin=41.930
53-1	SPK1117	Falling	53	несі	несі	linguistic	_		
53-2	SPK1117	Falling	53	екен	екен	linguistic	_		
53-3	SPK1117	Falling	53	ол	ол	linguistic	_		End=43.410
54-0	SPK1117	Falling	54	Админі	Админі	linguistic	_		Begin=43.510
54-1	SPK1117	Falling	54	екен	екен	linguistic	_		End=44.130
55-0	SPK1117	undefined	55	Ал	Ал	linguistic	_		Begin=44.240
55-1	SPK1117	undefined	55	ол	ол	linguistic	_		
55-2	SPK1117	undefined	55	жердің	жердің	linguistic	_		
55-3	SPK1117	undefined	55	админінің	админінің	linguistic	_		End=44.930
56-0	SPK1117	Continuing	56	баласы	баласы	linguistic	_		Begin=44.940
56-1	SPK1117	Continuing	56	ауырып	ауырып	linguistic	_		
56-2	SPK1117	Continuing	56	жатыр	жатыр	linguistic	_		
56-3	SPK1117	Continuing	56	екен	екен	linguistic	_		End=45.690
57-0	SPK1117	Continuing	57	сонымен	сонымен	linguistic	_		Begin=45.690|End=46.360
58-0	SPK1117	undefined	58	пока	пока	linguistic	_		Begin=46.685|End=46.785
59-0	SPK1117	Rising	59	келе	келе	linguistic	_		Begin=46.785
59-1	SPK1117	Rising	59	алмай	алмай	linguistic	_		
59-2	SPK1117	Rising	59	жүр	жүр	linguistic	_		
59-3	SPK1117	Rising	59	екенші	екенші	linguistic	_		End=47.560
60-0	SPK1117	Falling	60	мен	мен	linguistic	_		Begin=47.560
60-1	SPK1117	Falling	60	әлі	әлі	linguistic	_		
60-2	SPK1117	Falling	60	көрмегенмін	көрмегенмін	linguistic	_		
60-3	SPK1117	Falling	60	оны	оны	linguistic	_		End=48.700
61-0	SPK1118	Falling	61	Мхм	Мхм	linguistic	_		Begin=48.490|End=49.210
62-0	SPK1117	Continuing	62	Сөйтіп	Сөйтіп	linguistic	_		Begin=49.500|End=50.140
63-0	SPK1117	undefined	63	болмайтын	болмайтын	linguistic	_		Begin=50.150
63-1	SPK1117	undefined	63	шығар:	шығар	linguistic	_	Prolongation=4	End=50.930
64-0	SPK1117	Continuing	64	онда	онда	linguistic	_		Begin=50.940
64-1	SPK1117	Continuing	64	дедім	дедім	linguistic	_		End=51.480
65-0	SPK1117	Rising	65	мен	мен	linguistic	_		Begin=51.480
65-1	SPK1117	Rising	65	онда	онда	linguistic	_		
65-2	SPK1117	Rising	65	қайта	қайта	linguistic	_		
65-3	SPK1117	Rising	65	берейін	берейін	linguistic	_		
65-4	SPK1117	Rising	65	дедім	дедім	linguistic	_		
65-5	SPK1117	Rising	65	да	да	linguistic	_		End=52.620
66-0	SPK1117	Continuing	66	құры	құры	linguistic	_		Begin=52.620
66-1	SPK1117	Continuing	66	отырмай	отырмай	linguistic	_		
66-2	SPK1117	Continuing	66	депші	депші	linguistic	_		End=53.600
67-0	SPK1118	Falling	67	Мхм	Мхм	linguistic	_		Begin=52.680|End=53.260
68-0	SPK1117	undefined	68	сөйтіп	сөйтіп	linguistic	_		Begin=53.600|End=54.110
69-0	SPK1117	undefined	69	төртте	төртте	linguistic	_		Begin=54.110|End=54.475
70-0	SPK1117	Falling	70	кетіп	кетіп	linguistic	_		Begin=54.475
70-1	SPK1117	Falling	70	қалдым	қалдым	linguistic	_		End=55.525
71-0	SPK1118	Falling	71	Ммм	Ммм	linguistic	_		Begin=55.480|End=56.200
72-0	SPK1117	undefined	72	Сол	Сол	linguistic	_		Begin=56.090
72-1	SPK1117	undefined	72	сияқты	сияқты	linguistic	_		End=56.425
73-0	SPK1117	undefined	73	ертең	ертең	linguistic	_		Begin=56.430
73-1	SPK1117	undefined	73	де	де	linguistic	_		End=56.790
74-0	SPK1117	Continuing	74	сұрaп	сұрaп	linguistic	_		Begin=56.790
74-1	SPK1117	Continuing	74	көремін	көремін	linguistic	_		End=57.675
75-0	SPK1117	undefined	75	типа	типа	linguistic	_		Begin=57.880|End=58.570
76-0	SPK1117	undefined	76	төрттен	төрттен	linguistic	_		Begin=58.580
76-1	SPK1117	undefined	76	кейін	кейін	linguistic	_		End=59.180
77-0	SPK1117	Continuing	77	оқушы	оқушы	linguistic	_		Begin=59.190
77-1	SPK1117	Continuing	77	келмесе	келмесе	linguistic	_		End=60.436
78-0	SPK1117	undefined	78	бестерде	бестерде	linguistic	_		Begin=61.080|End=61.410
79-0	SPK1117	Continuing	79	келмейтін	келмейтін	linguistic	_		Begin=61.415
79-1	SPK1117	Continuing	79	шығар	шығар	linguistic	_		End=62.080
80-0	SPK1117	undefined	80	кете	кете	linguistic	_		Begin=62.080
80-1	SPK1117	undefined	80	беремін	беремін	linguistic	_		
80-2	SPK1117	undefined	80	деп	деп	linguistic	_		End=62.680
81-0	SPK1117	Falling	81	кетіп	кетіп	linguistic	_		Begin=62.680
81-1	SPK1117	Falling	81	қала	қала	linguistic	_		
81-2	SPK1117	Falling	81	саламын	саламын	linguistic	_		End=63.416
82-0	SPK1117	Continuing	82	Либо	Либо	linguistic	_		Begin=63.690|End=64.276
83-0	SPK1117	Falling	83	күтемін	күтемін	linguistic	_		Begin=64.900|End=65.757
84-0	SPK1117	Continuing	84	Уже	Уже	linguistic	_		Begin=66.540
84-1	SPK1117	Continuing	84	бестен	бестен	linguistic	_		
84-2	SPK1117	Continuing	84	бес	бес	linguistic	_		
84-3	SPK1117	Continuing	84	кетсе	кетсе	linguistic	_		
84-4	SPK1117	Continuing	84	оқушы	оқушы	linguistic	_		
84-5	SPK1117	Continuing	84	келмейді	келмейді	linguistic	_		
84-6	SPK1117	Continuing	84	деген	деген	linguistic	_		
84-7	SPK1117	Continuing	84	сөз	сөз	linguistic	_		
84-8	SPK1117	Continuing	84	ғой	ғой	linguistic	_		End=68.570
85-0	SPK1117	Falling	85	өзі	өзі	linguistic	_		Begin=68.570
85-1	SPK1117	Falling	85	жұмыс	жұмыс	linguistic	_		
85-2	SPK1117	Falling	85	алтыға	алтыға	linguistic	_		
85-3	SPK1117	Falling	85	дейін	дейін	linguistic	_		End=69.830
86-0	SPK1118	Rising	86	Договорға	Договорға	linguistic	_		Begin=71.120
86-1	SPK1118	Rising	86	отырдың	отырдың	linguistic	_		
86-2	SPK1118	Rising	86	ба	ба	linguistic	_		End=72.460
87-0	SPK1117	undefined	87	CLICK	CLICK	paraverbal	_		Begin=72.125|End=72.445
88-0	SPK1117	Falling	88	Ана	Ана	linguistic	_		Begin=73.790
88-1	SPK1117	Falling	88	админ	админ	linguistic	_		
88-2	SPK1117	Falling	88	келгеннен	келгеннен	linguistic	_		
88-3	SPK1117	Falling	88	кейін	кейін	linguistic	_		
88-4	SPK1117	Falling	88	отыратын	отыратын	linguistic	_		
88-5	SPK1117	Falling	88	шығар	шығар	linguistic	_		
88-6	SPK1117	Falling	88	деп	деп	linguistic	_		
88-7	SPK1117	Falling	88	жатырмын	жатырмын	linguistic	_		End=76.010
89-0	SPK1117	undefined	89	Мен	Мен	linguistic	_		Begin=78.240|End=78.680
90-0	SPK1117	undefined	90	тағы	тағы	linguistic	_		Begin=78.680
90-1	SPK1117	undefined	90	бір	бір	linguistic	_		End=79.200
91-0	SPK1117	undefined	91	екі	екі	linguistic	_		Begin=79.200|End=79.485
92-0	SPK1117	Continuing	92	не	не	linguistic	_		Begin=79.485
92-1	SPK1117	Continuing	92	шақырып	шақырып	linguistic	_		
92-2	SPK1117	Continuing	92	жатыршы	жатыршы	linguistic	_		End=80.670
93-0	SPK1118	Rising	93	Центр	Центр	linguistic	_		Begin=80.920|End=81.620
94-0	SPK1117	undefined	94	ыыы	ыыы	linguistic	_		Begin=81.040|End=81.870
95-0	SPK1117	undefined	95	HeadHunter-дан	HeadHunter-дан	linguistic	_		Begin=81.880|End=82.460
96-0	SPK1117	Falling	96	иә	иә	linguistic	_		Begin=82.460|End=82.860
97-0	SPK1118	Continuing	97	Аа	Аа	linguistic	_		Begin=82.990|End=83.320
98-0	SPK1118	Rising	98	сен	сен	linguistic	_		Begin=83.320
98-1	SPK1118	Rising	98	HeadHunter-дан	HeadHunter-дан	linguistic	_		
98-2	SPK1118	Rising	98	жазып	жазып	linguistic	_		
98-3	SPK1118	Rising	98	қойып	қойып	linguistic	_		
98-4	SPK1118	Rising	98	пе	пе	linguistic	_		
98-5	SPK1118	Rising	98	едің	едің	linguistic	_		End=84.805
99-0	SPK1117	undefined	99	Жазып	Жазып	linguistic	_		Begin=84.650
99-1	SPK1117	undefined	99	қойғанмын	қойғанмын	linguistic	_		
99-2	SPK1117	undefined	99	ғой	ғой	linguistic	_		End=85.270
100-0	SPK1117	Falling	100	иә	иә	linguistic	_		Begin=85.270|End=85.690
101-0	SPK1117	Falling	101	Что-то	Что-то	linguistic	_		Begin=85.690
101-1	SPK1117	Falling	101	жақсы	жақсы	linguistic	_		
101-2	SPK1117	Falling	101	шығып	шығып	linguistic	_		
101-3	SPK1117	Falling	101	oтыр	oтыр	linguistic	_		End=86.950
102-0	SPK1118	undefined	102	##	##	unknown	_		Begin=86.050|End=86.830
103-0	SPK1117	Falling	103	Білмеймін	Білмеймін	linguistic	_		Begin=87.650
103-1	SPK1117	Falling	103	енді	енді	linguistic	_		End=88.447
104-0	SPK1118	Rising	104	қай	қай	linguistic	_		Begin=89.080
104-1	SPK1118	Rising	104	жерде	жерде	linguistic	_		End=89.710
105-0	SPK1117	undefined	105	Біреуі	Біреуі	linguistic	_		Begin=89.680
105-1	SPK1117	undefined	105	з-	з	linguistic	_	Interrupted=Yes	
105-2	SPK1117	undefined	105	ы	ы	linguistic	_		End=90.460
106-0	SPK1117	undefined	106	¬Зере	Зере	linguistic	_	Anonymized=Yes	Begin=90.460|End=90.960
107-0	SPK1117	Falling	107	ғой	ғой	linguistic	_		Begin=90.960
107-1	SPK1117	Falling	107	деймін	деймін	linguistic	_		End=91.650
108-0	SPK1117	Continuing	108	Біреуі	Біреуі	linguistic	_		Begin=91.650|End=91.930
109-0	SPK1117	Falling	109	Абай	Абай	linguistic	_		Begin=91.930
109-1	SPK1117	Falling	109	бір	бір	linguistic	_		
109-2	SPK1117	Falling	109	бәле	бәле	linguistic	_		
109-3	SPK1117	Falling	109	ма	ма	linguistic	_		
109-4	SPK1117	Falling	109	сондай	сондай	linguistic	_		End=93.590
110-0	SPK1118	Continuing	110	Аа	Аа	linguistic	_		Begin=92.460|End=92.920
111-0	SPK1118	Continuing	111	¬Зере	Зере	linguistic	_	Anonymized=Yes	Begin=92.920|End=93.520
112-0	SPK1118	Continuing	112	мен	мен	linguistic	_		Begin=93.520
112-1	SPK1118	Continuing	112	білемін	білемін	linguistic	_		End=94.210
113-0	SPK1118	undefined	113	Сол	Сол	linguistic	_		Begin=94.520
113-1	SPK1118	undefined	113	жерден	жерден	linguistic	_		End=94.920
114-0	SPK1118	Continuing	114	бір	бір	linguistic	_		Begin=94.920
114-1	SPK1118	Continuing	114	бала	бала	linguistic	_		
114-2	SPK1118	Continuing	114	маған	маған	linguistic	_		
114-3	SPK1118	Continuing	114	жазған	жазған	linguistic	_		End=95.990
115-0	SPK1118	undefined	115	сол	сол	linguistic	_		Begin=95.990
115-1	SPK1118	undefined	115	бала	бала	linguistic	_		End=96.380
116-0	SPK1118	undefined	116	¬Зереде	Зереде	linguistic	_	Anonymized=Yes	Begin=96.390
116-1	SPK1118	undefined	116	істейтін	істейтін	linguistic	_		End=97.130
117-0	SPK1118	Falling	117	Астанада	Астанада	linguistic	_		Begin=97.130|End=97.573
118-0	SPK1118	undefined	118	@@@@@@	@@@@@@	linguistic	_		Begin=97.780|End=100.040
119-0	SPK1117	undefined	119	@@@	@@@	linguistic	_		Begin=98.190|End=100.121
120-0	SPK1117	Continuing	120	Білмеймін	Білмеймін	linguistic	_		Begin=100.560|End=101.100
121-0	SPK1117	Continuing	121	енді	енді	linguistic	_		Begin=101.100
121-1	SPK1117	Continuing	121	андай	андай	linguistic	_		End=102.430
122-0	SPK1117	undefined	122	мына	мына	linguistic	_		Begin=103.340
122-1	SPK1117	undefined	122	жерде	жерде	linguistic	_		
122-2	SPK1117	undefined	122	істеп	істеп	linguistic	_		
122-3	SPK1117	undefined	122	жүрмін	жүрмін	linguistic	_		
122-4	SPK1117	undefined	122	ғой	ғой	linguistic	_		End=104.465
123-0	SPK1117	Falling	123	нормально	нормально	linguistic	_		Begin=104.470
123-1	SPK1117	Falling	123	сияқты	сияқты	linguistic	_		
123-2	SPK1117	Falling	123	ғой	ғой	linguistic	_		
123-3	SPK1117	Falling	123	деп	деп	linguistic	_		
123-4	SPK1117	Falling	123	жатырмын	жатырмын	linguistic	_		End=105.680
124-0	SPK1117	Falling	124	Пока	Пока	linguistic	_		Begin=105.970|End=106.850
125-0	SPK1118	Falling	125	Көр	Көр	linguistic	_		Begin=107.440|End=108.130
126-0	SPK1118	undefined	126	Бірақ	Бірақ	linguistic	_		Begin=108.626
126-1	SPK1118	undefined	126	мына	мына	linguistic	_		
126-2	SPK1118	undefined	126	жерге	жерге	linguistic	_		
126-3	SPK1118	undefined	126	тезірек	тезірек	linguistic	_		
126-4	SPK1118	undefined	126	кір	кір	linguistic	_		End=109.470
127-0	SPK1118	Continuing	127	нетіп	нетіп	linguistic	_		Begin=109.470
127-1	SPK1118	Continuing	127	алсай	алсай	linguistic	_		End=110.070
128-0	SPK1118	undefined	128	договорға	договорға	linguistic	_		Begin=110.080|End=110.430
129-0	SPK1118	Falling	129	тезірек	тезірек	linguistic	_		Begin=110.440
129-1	SPK1118	Falling	129	отырып	отырып	linguistic	_		
129-2	SPK1118	Falling	129	алсай	алсай	linguistic	_		End=111.440
130-0	SPK1117	Rising	130	Мына	Мына	linguistic	_		Begin=112.230
130-1	SPK1117	Rising	130	жерге	жерге	linguistic	_		
130-2	SPK1117	Rising	130	ма	ма	linguistic	_		End=113.280
131-0	SPK1118	Falling	131	Иә	Иә	linguistic	_		Begin=112.790|End=113.580
132-0	SPK1117	Rising	132	Нені	Нені	linguistic	_		Begin=113.960
132-1	SPK1117	Rising	132	өтіп	өтіп	linguistic	_		
132-2	SPK1117	Rising	132	алсам	алсам	linguistic	_		End=114.950
133-0	SPK1118	undefined	133	Тезірек	Тезірек	linguistic	_		Begin=115.070|End=115.670
134-0	SPK1118	Falling	134	кіріп	кіріп	linguistic	_		Begin=115.670
134-1	SPK1118	Falling	134	алсаңшы	алсаңшы	linguistic	_		
134-2	SPK1118	Falling	134	деймін	деймін	linguistic	_		End=116.480
135-0	SPK1118	Falling	135	Жұмысына	Жұмысына	linguistic	_		Begin=116.480|End=117.040
136-0	SPK1118	Falling	136	Официально	Официально	linguistic	_		Begin=117.040|End=118.240
137-0	SPK1117	Continuing	137	Сол	Сол	linguistic	_		Begin=118.340|End=119.140
138-0	SPK1117	Continuing	138	анау	анау	linguistic	_		Begin=119.140
138-1	SPK1117	Continuing	138	админін	админін	linguistic	_		
138-2	SPK1117	Continuing	138	күту	күту	linguistic	_		
138-3	SPK1117	Continuing	138	керек-ау	керек-ау	linguistic	_		End=121.020
139-0	SPK1117	undefined	139	осы	осы	linguistic	_		Begin=121.150
139-1	SPK1117	undefined	139	жердің	жердің	linguistic	_		End=121.560
140-0	SPK1117	Falling	140	өзінің	өзінің	linguistic	_		Begin=121.560
140-1	SPK1117	Falling	140	админін	админін	linguistic	_		End=122.480
141-0	SPK1118	Falling	141	Иә	Иә	linguistic	_		Begin=122.660|End=123.250
142-0	SPK1117	Falling	142	Ол	Ол	linguistic	_		Begin=123.140
142-1	SPK1117	Falling	142	келесі	келесі	linguistic	_		
142-2	SPK1117	Falling	142	апта	апта	linguistic	_		
142-3	SPK1117	Falling	142	келетін	келетін	linguistic	_		
142-4	SPK1117	Falling	142	шығар	шығар	linguistic	_		End=124.660
143-0	SPK1117	undefined	143	Шли	Шли	linguistic	_		Begin=125.720
143-1	SPK1117	undefined	143	енді	енді	linguistic	_		End=126.430
144-0	SPK1117	Continuing	144	бір	бір	linguistic	_		Begin=126.430
144-1	SPK1117	Continuing	144	аптадан	аптадан	linguistic	_		
144-2	SPK1117	Continuing	144	кейін	кейін	linguistic	_		End=127.180
145-0	SPK1117	Falling	145	лақтырып	лақтырып	linguistic	_		Begin=127.180
145-1	SPK1117	Falling	145	кетпейтін	кетпейтін	linguistic	_		
145-2	SPK1117	Falling	145	шығар	шығар	linguistic	_		End=128.450
146-0	SPK1117	undefined	146	Бірақ	Бірақ	linguistic	_		Begin=128.710
146-1	SPK1117	undefined	146	менің	менің	linguistic	_		
146-2	SPK1117	undefined	146	алдымда	алдымда	linguistic	_		End=129.200
147-0	SPK1117	undefined	147	бір	бір	linguistic	_		Begin=129.200
147-1	SPK1117	undefined	147	қыз	қыз	linguistic	_		End=129.465
148-0	SPK1117	undefined	148	бір	бір	linguistic	_		Begin=129.465
148-1	SPK1117	undefined	148	ақ	ақ	linguistic	_		
148-2	SPK1117	undefined	148	апта	апта	linguistic	_		
148-3	SPK1117	undefined	148	істеп	істеп	linguistic	_		End=130.138
149-0	SPK1117	Falling	149	шығып	шығып	linguistic	_		Begin=130.138
149-1	SPK1117	Falling	149	кеткен	кеткен	linguistic	_		
149-2	SPK1117	Falling	149	ғой	ғой	linguistic	_		End=130.700
150-0	SPK1117	Continuing	150	Білмеймін	Білмеймін	linguistic	_		Begin=130.700|End=131.390
151-0	SPK1117	undefined	151	шығып	шығып	linguistic	_		Begin=131.710
151-1	SPK1117	undefined	151	кеткен	кеткен	linguistic	_		
151-2	SPK1117	undefined	151	ба:	ба	linguistic	_	Prolongation=1	End=132.390
152-0	SPK1117	Continuing	152	или	или	linguistic	_		Begin=132.390|End=133.220
153-0	SPK1117	Continuing	153	не	не	linguistic	_		Begin=133.230
153-1	SPK1117	Continuing	153	қылмаған	қылмаған	linguistic	_		
153-2	SPK1117	Continuing	153	ба:	ба	linguistic	_	Prolongation=1	End=134.450
154-0	SPK1117	Continuing	154	өйткені	өйткені	linguistic	_		Begin=134.950|End=135.197
155-0	SPK1117	Continuing	155	бұлар	бұлар	linguistic	_		Begin=135.197|End=135.460
156-0	SPK1117	undefined	156	август	август	linguistic	_		Begin=135.460|End=135.980
157-0	SPK1117	undefined	157	ой	ой	linguistic	_		Begin=135.980|End=136.610
158-0	SPK1117	undefined	158	шілдеде	шілдеде	linguistic	_		Begin=136.610|End=137.240
159-0	SPK1117	Continuing	159	отпуск	отпуск	linguistic	_		Begin=137.240
159-1	SPK1117	Continuing	159	болған	болған	linguistic	_		
159-2	SPK1117	Continuing	159	екен	екен	linguistic	_		
159-3	SPK1117	Continuing	159	да	да	linguistic	_		End=138.320
160-0	SPK1117	Falling	160	сөйтіп	сөйтіп	linguistic	_		Begin=138.320
160-1	SPK1117	Falling	160	августте	августте	linguistic	_		
160-2	SPK1117	Falling	160	ашылған	ашылған	linguistic	_		
160-3	SPK1117	Falling	160	екен	екен	linguistic	_		End=139.870
161-0	SPK1118	Falling	161	Ммм	Ммм	linguistic	_		Begin=138.350|End=138.960
162-0	SPK1117	Rising	162	Енді	Енді	linguistic	_		Begin=140.130
162-1	SPK1117	Rising	162	августтың	августтың	linguistic	_		
162-2	SPK1117	Rising	162	бірінен	бірінен	linguistic	_		End=141.090
163-0	SPK1117	Continuing	163	бастап	бастап	linguistic	_		Begin=141.090
163-1	SPK1117	Continuing	163	ашылған	ашылған	linguistic	_		
163-2	SPK1117	Continuing	163	ғой	ғой	linguistic	_		End=142.260
164-0	SPK1118	Falling	164	YAWN	YAWN	paraverbal	_		Begin=141.580
164-1	SPK1118	Falling	164	Аха	Аха	linguistic	_		End=142.900
165-0	SPK1117	undefined	165	сонымен	сонымен	linguistic	_		Begin=142.800|End=143.120
166-0	SPK1117	Continuing	166	енді	енді	linguistic	_		Begin=143.120
166-1	SPK1117	Continuing	166	ғана	ғана	linguistic	_		End=143.750
167-0	SPK1118	undefined	167	SNIFFLE	SNIFFLE	paraverbal	_		Begin=143.520|End=144.160
168-0	SPK1117	Falling	168	екі	екі	linguistic	_		Begin=143.750
168-1	SPK1117	Falling	168	апта	апта	linguistic	_		
168-2	SPK1117	Falling	168	болған	болған	linguistic	_		
168-3	SPK1117	Falling	168	да	да	linguistic	_		End=144.510
169-0	SPK1117	Falling	169	Бір	Бір	linguistic	_		Begin=144.510
169-1	SPK1117	Falling	169	апта	апта	linguistic	_		
169-2	SPK1117	Falling	169	болған	болған	linguistic	_		
169-3	SPK1117	Falling	169	да	да	linguistic	_		End=145.120
170-0	SPK1117	Continuing	170	Он	Он	linguistic	_		Begin=145.120
170-1	SPK1117	Continuing	170	күн	күн	linguistic	_		
170-2	SPK1117	Continuing	170	болған	болған	linguistic	_		
170-3	SPK1117	Continuing	170	да	да	linguistic	_		End=145.860
171-0	SPK1117	Falling	171	ашылғанына	ашылғанына	linguistic	_		Begin=145.860|End=146.530
172-0	SPK1118	Falling	172	Ааа	Ааа	linguistic	_		Begin=146.500|End=147.290
173-0	SPK1117	Continuing	173	Ана	Ана	linguistic	_		Begin=147.100
173-1	SPK1117	Continuing	173	қыз	қыз	linguistic	_		
173-2	SPK1117	Continuing	173	бір	бір	linguistic	_		
173-3	SPK1117	Continuing	173	апта	апта	linguistic	_		
173-4	SPK1117	Continuing	173	болған	болған	linguistic	_		
173-5	SPK1117	Continuing	173	ғой	ғой	linguistic	_		End=148.400
174-0	SPK1117	undefined	174	сөйтіп	сөйтіп	linguistic	_		Begin=148.690|End=148.980
175-0	SPK1117	Falling	175	мен	мен	linguistic	_		Begin=148.980
175-1	SPK1117	Falling	175	келдім	келдім	linguistic	_		
175-2	SPK1117	Falling	175	да	да	linguistic	_		
175-3	SPK1117	Falling	175	бұл	бұл	linguistic	_		
175-4	SPK1117	Falling	175	аптада	аптада	linguistic	_		End=150.200
176-0	SPK1117	Falling	176	Білмеймін	Білмеймін	linguistic	_		Begin=150.360|End=150.860
177-0	SPK1118	Rising	177	Ол	Ол	linguistic	_		Begin=151.020
177-1	SPK1118	Rising	177	қай	қай	linguistic	_		
177-2	SPK1118	Rising	177	жаққа	жаққа	linguistic	_		
177-3	SPK1118	Rising	177	кетіп	кетіп	linguistic	_		
177-4	SPK1118	Rising	177	қалған	қалған	linguistic	_		End=152.570
178-0	SPK1118	Falling	178	қызық	қызық	linguistic	_		Begin=155.500|End=156.430
179-0	SPK1117	Continuing	179	Ммм	Ммм	linguistic	_		Begin=156.310|End=157.350
180-0	SPK1117	Continuing	180	пятница	пятница	linguistic	_		Begin=157.640
180-1	SPK1117	Continuing	180	күні	күні	linguistic	_		End=158.510
181-0	SPK1118	undefined	181	SNIFFLE	SNIFFLE	paraverbal	_		Begin=157.760|End=158.410
182-0	SPK1117	Continuing	182	Zoom-да	Zoom-да	linguistic	_		Begin=158.510
182-1	SPK1117	Continuing	182	сабақ	сабақ	linguistic	_		
182-2	SPK1117	Continuing	182	өтемін	өтемін	linguistic	_		
182-3	SPK1117	Continuing	182	ана	ана	linguistic	_		
182-4	SPK1117	Continuing	182	немене	немене	linguistic	_		
182-5	SPK1117	Continuing	182	центрға	центрға	linguistic	_		End=160.520
183-0	SPK1117	Rising	183	қандай	қандай	linguistic	_		Begin=161.290
183-1	SPK1117	Rising	183	тақырыпта	тақырыпта	linguistic	_		
183-2	SPK1117	Rising	183	өтсем	өтсем	linguistic	_		
183-3	SPK1117	Rising	183	болады	болады	linguistic	_		End=162.643
184-0	SPK1118	Continuing	184	Аа	Аа	linguistic	_		Begin=162.910|End=163.280
185-0	SPK1118	Rising	185	басқа	басқа	linguistic	_		Begin=163.280
185-1	SPK1118	Rising	185	центрға	центрға	linguistic	_		
185-2	SPK1118	Rising	185	ма	ма	linguistic	_		End=164.360
186-0	SPK1118	Falling	186	Қай	Қай	linguistic	_		Begin=164.360
186-1	SPK1118	Falling	186	класс	класс	linguistic	_		End=165.320
187-0	SPK1117	undefined	187	Мm	Мm	linguistic	_		Begin=164.430|End=164.950
188-0	SPK1117	Falling	188	Любой	Любой	linguistic	_		Begin=165.870
188-1	SPK1117	Falling	188	деді	деді	linguistic	_		End=166.680
189-0	SPK1117	Continuing	189	Любой	Любой	linguistic	_		Begin=167.180
189-1	SPK1117	Continuing	189	бір	бір	linguistic	_		
189-2	SPK1117	Continuing	189	тақырыпты	тақырыпты	linguistic	_		
189-3	SPK1117	Continuing	189	алып	алып	linguistic	_		
189-4	SPK1117	Continuing	189	түсіндіресіз	түсіндіресіз	linguistic	_		
189-5	SPK1117	Continuing	189	деді	деді	linguistic	_		End=169.200
190-0	SPK1117	undefined	190	сөйтіп	сөйтіп	linguistic	_		Begin=169.200
190-1	SPK1117	undefined	190	біз	біз	linguistic	_		
190-2	SPK1117	undefined	190	кері	кері	linguistic	_		
190-3	SPK1117	undefined	190	байланыс	байланыс	linguistic	_		End=170.270
191-0	SPK1117	Continuing	191	мұғалімдер	мұғалімдер	linguistic	_		Begin=170.270
191-1	SPK1117	Continuing	191	отырамыз	отырамыз	linguistic	_		
191-2	SPK1117	Continuing	191	деді	деді	linguistic	_		End=171.330
192-0	SPK1117	Continuing	192	кері	кері	linguistic	_		Begin=171.330
192-1	SPK1117	Continuing	192	байланыс	байланыс	linguistic	_		
192-2	SPK1117	Continuing	192	ретінде	ретінде	linguistic	_		
192-3	SPK1117	Continuing	192	бір-екі	бір-екі	linguistic	_		
192-4	SPK1117	Continuing	192	сұрақ	сұрақ	linguistic	_		
192-5	SPK1117	Continuing	192	қоямыз	қоямыз	linguistic	_		End=173.310
193-0	SPK1117	undefined	193	сосын	сосын	linguistic	_		Begin=173.630|End=173.860
194-0	SPK1117	Continuing	194	соған	соған	linguistic	_		Begin=173.860
194-1	SPK1117	Continuing	194	қарай	қарай	linguistic	_		End=174.510
195-0	SPK1117	Continuing	195	содан	содан	linguistic	_		Begin=174.510
195-1	SPK1117	Continuing	195	өтсеңіз	өтсеңіз	linguistic	_		End=175.390
196-0	SPK1117	Interrupted	196	тест	тест	linguistic	_		Begin=175.390
196-1	SPK1117	Interrupted	196	та-	та	linguistic	_	Interrupted=Yes	End=175.920
197-0	SPK1117	Falling	197	тестқа	тестқа	linguistic	_		Begin=175.920
197-1	SPK1117	Falling	197	келесіз	келесіз	linguistic	_		
197-2	SPK1117	Falling	197	деді	деді	linguistic	_		End=176.800
198-0	SPK1117	Continuing	198	Жыры	Жыры	linguistic	_		Begin=176.800
198-1	SPK1117	Continuing	198	көп	көп	linguistic	_		
198-2	SPK1117	Continuing	198	екен	екен	linguistic	_		End=177.790
199-0	SPK1117	Falling	199	кіргім	кіргім	linguistic	_		Begin=177.800
199-1	SPK1117	Falling	199	келмей	келмей	linguistic	_		
199-2	SPK1117	Falling	199	қалды	қалды	linguistic	_		
199-3	SPK1117	Falling	199	бір	бір	linguistic	_		
199-4	SPK1117	Falling	199	жағы	жағы	linguistic	_		End=179.150
200-0	SPK1118	undefined	200	Соған	Соған	linguistic	_		Begin=179.330
200-1	SPK1118	undefined	200	байланысты	байланысты	linguistic	_		End=180.360
201-0	SPK1117	Falling	201	Көре	Көре	linguistic	_		Begin=179.360
201-1	SPK1117	Falling	201	берейін	берейін	linguistic	_		
201-2	SPK1117	Falling	201	иә	иә	linguistic	_		End=180.200
202-0	SPK1118	Rising	202	сұрақ	сұрақ	linguistic	_		Begin=180.370
202-1	SPK1118	Rising	202	қоямыз	қоямыз	linguistic	_		
202-2	SPK1118	Rising	202	дей	дей	linguistic	_		
202-3	SPK1118	Rising	202	ма	ма	linguistic	_		
202-4	SPK1118	Rising	202	саған	саған	linguistic	_		End=181.780
203-0	SPK1117	Falling	203	Ммм	Ммм	linguistic	_		Begin=181.690|End=182.120
204-0	SPK1117	Falling	204	Сол	Сол	linguistic	_		Begin=182.120
204-1	SPK1117	Falling	204	тақырыпқа	тақырыпқа	linguistic	_		
204-2	SPK1117	Falling	204	байланысты	байланысты	linguistic	_		
204-3	SPK1117	Falling	204	сұраймыз	сұраймыз	linguistic	_		End=183.430
205-0	SPK1117	undefined	205	Пропорция	Пропорция	linguistic	_		Begin=183.430
205-1	SPK1117	undefined	205	өтсем	өтсем	linguistic	_		
205-2	SPK1117	undefined	205	##	##	unknown	_		
205-3	SPK1117	undefined	205	SNIFFLE	SNIFFLE	paraverbal	_		End=185.230
206-0	SPK1118	Continuing	206	Алты	Алты	linguistic	_		Begin=183.860|End=184.390
207-0	SPK1118	undefined	207	жетінші	жетінші	linguistic	_		Begin=184.400
207-1	SPK1118	undefined	207	класстың	класстың	linguistic	_		End=185.110
208-0	SPK1118	undefined	208	бір	бір	linguistic	_		Begin=185.110
208-1	SPK1118	undefined	208	тақырыбын	тақырыбын	linguistic	_		End=185.500
209-0	SPK1118	Falling	209	түсіре	түсіре	linguistic	_		Begin=185.500
209-1	SPK1118	Falling	209	сал	сал	linguistic	_		End=186.003
210-0	SPK1118	Falling	210	Түсіндіре	Түсіндіре	linguistic	_		Begin=186.003
210-1	SPK1118	Falling	210	сал	сал	linguistic	_		End=186.842
211-0	SPK1117	undefined	211	Сол	Сол	linguistic	_		Begin=186.920
211-1	SPK1117	undefined	211	қандай	қандай	linguistic	_		
211-2	SPK1117	undefined	211	екенін	екенін	linguistic	_		End=187.780
212-0	SPK1117	Falling	212	білмей	білмей	linguistic	_		Begin=187.780
212-1	SPK1117	Falling	212	отырмын	отырмын	linguistic	_		End=188.739
213-0	SPK1118	Falling	213	Қандай	Қандай	linguistic	_		Begin=193.630
213-1	SPK1118	Falling	213	тақырып	тақырып	linguistic	_		End=194.520
214-0	SPK1117	Falling	214	Көремін	Көремін	linguistic	_		Begin=196.680|End=197.250
215-0	SPK1117	undefined	215	Mат	Mат	linguistic	_		Begin=197.250
215-1	SPK1117	undefined	215	сауаттылықтың	сауаттылықтың	linguistic	_		
215-2	SPK1117	undefined	215	бір	бір	linguistic	_		
215-3	SPK1117	undefined	215	тақырыбын	тақырыбын	linguistic	_		
215-4	SPK1117	undefined	215	өте	өте	linguistic	_		
215-5	SPK1117	undefined	215	салмаймын	салмаймын	linguistic	_		
215-6	SPK1117	undefined	215	ба@@	ба@@	linguistic	_		End=199.410
216-0	SPK1117	Falling	216	математикамен	математикамен	linguistic	_		Begin=200.510
216-1	SPK1117	Falling	216	байланысты	байланысты	linguistic	_		End=201.657
217-0	SPK1118	Falling	217	Мм	Мм	linguistic	_		Begin=202.790|End=203.380
218-0	SPK1117	Continuing	218	Мына	Мына	linguistic	_		Begin=203.380
218-1	SPK1117	Continuing	218	жақтағы	жақтағы	linguistic	_		
218-2	SPK1117	Continuing	218	оқушыларды	оқушыларды	linguistic	_		End=204.350
219-0	SPK1117	undefined	219	ретсіз	ретсіз	linguistic	_		Begin=204.350
219-1	SPK1117	undefined	219	болып	болып	linguistic	_		
219-2	SPK1117	undefined	219	жатыр	жатыр	linguistic	_		End=205.200
220-0	SPK1117	Falling	220	покашы	покашы	linguistic	_		Begin=205.200|End=206.002
221-0	SPK1118	Falling	221	Ммм	Ммм	linguistic	_		Begin=205.910|End=206.590
222-0	SPK1117	undefined	222	Андай	Андай	linguistic	_		Begin=206.720|End=207.312
223-0	SPK1117	Continuing	223	пока	пока	linguistic	_		Begin=207.780
223-1	SPK1117	Continuing	223	аз	аз	linguistic	_		
223-2	SPK1117	Continuing	223	оқушы	оқушы	linguistic	_		
223-3	SPK1117	Continuing	223	да	да	linguistic	_		End=209.020
224-0	SPK1118	undefined	224	Мхм	Мхм	linguistic	_		Begin=208.750|End=209.460
225-0	SPK1117	Falling	225	он	он	linguistic	_		Begin=210.060
225-1	SPK1117	Falling	225	бір	бір	linguistic	_		
225-2	SPK1117	Falling	225	бәле	бәле	linguistic	_		
225-3	SPK1117	Falling	225	ғана	ғана	linguistic	_		End=211.175
226-0	SPK1117	Continuing	226	Төртеу	Төртеу	linguistic	_		Begin=211.800|End=212.370
227-0	SPK1117	undefined	227	кейде	кейде	linguistic	_		Begin=212.370|End=213.040
228-0	SPK1117	undefined	228	бесеу	бесеу	linguistic	_		Begin=213.040|End=213.500
229-0	SPK1117	Continuing	229	отырады	отырады	linguistic	_		Begin=213.500|End=213.870
230-0	SPK1117	undefined	230	кейде	кейде	linguistic	_		Begin=213.870|End=214.320
231-0	SPK1117	Continuing	231	екеу	екеу	linguistic	_		Begin=214.320|End=214.880
232-0	SPK1117	undefined	232	кейде	кейде	linguistic	_		Begin=214.880
232-1	SPK1117	undefined	232	даже	даже	linguistic	_		
232-2	SPK1117	undefined	232	біреу	біреу	linguistic	_		End=215.380
233-0	SPK1117	Falling	233	отырады	отырады	linguistic	_		Begin=215.390
233-1	SPK1117	Falling	233	да	да	linguistic	_		
233-2	SPK1117	Falling	233	оқушылар	оқушылар	linguistic	_		End=217.050
234-0	SPK1118	Falling	234	Мхм	Мхм	linguistic	_		Begin=216.210|End=216.754
235-0	SPK1117	undefined	235	и	и	linguistic	_		Begin=217.860|End=218.170
236-0	SPK1117	undefined	236	алдыңғы	алдыңғы	linguistic	_		Begin=218.170
236-1	SPK1117	undefined	236	сыныбын	сыныбын	linguistic	_		End=218.785
237-0	SPK1117	undefined	237	қайталап	қайталап	linguistic	_		Begin=218.785
237-1	SPK1117	undefined	237	жүрмін	жүрмін	linguistic	_		End=219.555
238-0	SPK1117	Rising	238	әліші	әліші	linguistic	_		Begin=219.555|End=220.080
239-0	SPK1118	Falling	239	Мм	Мм	linguistic	_		Begin=220.160|End=220.943
240-0	SPK1117	Falling	240	просто	просто	linguistic	_		Begin=220.310|End=220.950
241-0	SPK1117	undefined	241	Ана	Ана	linguistic	_		Begin=221.250
241-1	SPK1117	undefined	241	апайлар	апайлар	linguistic	_		End=221.750
242-0	SPK1117	undefined	242	сол	сол	linguistic	_		Begin=221.755
242-1	SPK1117	undefined	242	кітаппен	кітаппен	linguistic	_		
242-2	SPK1117	undefined	242	өткен	өткен	linguistic	_		
242-3	SPK1117	undefined	242	екен	екен	linguistic	_		End=222.589
243-0	SPK1117	undefined	243	сол	сол	linguistic	_		Begin=222.589
243-1	SPK1117	undefined	243	кітаппен	кітаппен	linguistic	_		
243-2	SPK1117	undefined	243	өте	өте	linguistic	_		
243-3	SPK1117	undefined	243	берейін	берейін	linguistic	_		End=223.500
244-0	SPK1117	Continuing	244	пока	пока	linguistic	_		Begin=223.500
244-1	SPK1117	Continuing	244	деп	деп	linguistic	_		
244-2	SPK1117	Continuing	244	жатрмын	жатрмын	linguistic	_		
244-3	SPK1117	Continuing	244	да	да	linguistic	_		End=224.765
245-0	SPK1118	Falling	245	Мхм	Мхм	linguistic	_		Begin=224.420|End=225.011
246-0	SPK1117	undefined	246	бір	бір	linguistic	_		Begin=226.580
246-1	SPK1117	undefined	246	жағынан	жағынан	linguistic	_		End=226.850
247-0	SPK1117	Continuing	247	біртүрлі	біртүрлі	linguistic	_		Begin=226.850
247-1	SPK1117	Continuing	247	болады	болады	linguistic	_		
247-2	SPK1117	Continuing	247	екенсің	екенсің	linguistic	_		End=227.415
248-0	SPK1117	Continuing	248	кәдімгі	кәдімгі	linguistic	_		Begin=227.420
248-1	SPK1117	Continuing	248	мектептің	мектептің	linguistic	_		
248-2	SPK1117	Continuing	248	кітабімен	кітабімен	linguistic	_		
248-3	SPK1117	Continuing	248	өте	өте	linguistic	_		
248-4	SPK1117	Continuing	248	берсең	берсең	linguistic	_		End=229.000
249-0	SPK1117	Falling	249	қалай	қалай	linguistic	_		Begin=229.460
249-1	SPK1117	Falling	249	депші	депші	linguistic	_		End=230.441
250-0	SPK1117	undefined	250	Білмеймін	Білмеймін	linguistic	_		Begin=231.710|End=232.010
251-0	SPK1117	Continuing	251	бірақ	бірақ	linguistic	_		Begin=232.010
251-1	SPK1117	Continuing	251	кішкентай	кішкентай	linguistic	_		
251-2	SPK1117	Continuing	251	класс	класс	linguistic	_		
251-3	SPK1117	Continuing	251	болғаннан	болғаннан	linguistic	_		
251-4	SPK1117	Continuing	251	кейін	кейін	linguistic	_		End=233.480
252-0	SPK1117	undefined	252	оны	оны	linguistic	_		Begin=233.480|End=233.760
253-0	SPK1117	undefined	253	анда	анда	linguistic	_		Begin=233.760
253-1	SPK1117	undefined	253	басқаша	басқаша	linguistic	_		
253-2	SPK1117	undefined	253	кітаппен	кітаппен	linguistic	_		
253-3	SPK1117	undefined	253	өтетін	өтетін	linguistic	_		End=235.010
254-0	SPK1117	undefined	254	өтудің	өтудің	linguistic	_		Begin=235.010|End=235.620
255-0	SPK1117	undefined	255	қажеті	қажеті	linguistic	_		Begin=235.620
255-1	SPK1117	undefined	255	де	де	linguistic	_		
255-2	SPK1117	undefined	255	жоқ	жоқ	linguistic	_		
255-3	SPK1117	undefined	255	шығар	шығар	linguistic	_		End=236.035
256-0	SPK1117	Rising	256	бірақ	бірақ	linguistic	_		Begin=236.035
256-1	SPK1117	Rising	256	иә	иә	linguistic	_		End=236.640
257-0	SPK1118	Rising	257	Мектепке	Мектепке	linguistic	_		Begin=236.900
257-1	SPK1118	Rising	257	дайындайсың	дайындайсың	linguistic	_		
257-2	SPK1118	Rising	257	ғой	ғой	linguistic	_		
257-3	SPK1118	Rising	257	иә	иә	linguistic	_		
257-4	SPK1118	Rising	257	бәрібір	бәрібір	linguistic	_		End=238.440
258-0	SPK1117	undefined	258	Ыы	Ыы	linguistic	_		Begin=238.345|End=238.790
259-0	SPK1117	Falling	259	Бесінші	Бесінші	linguistic	_		Begin=238.790
259-1	SPK1117	Falling	259	класс	класс	linguistic	_		
259-2	SPK1117	Falling	259	алтыншы	алтыншы	linguistic	_		
259-3	SPK1117	Falling	259	класс	класс	linguistic	_		
259-4	SPK1117	Falling	259	иә	иә	linguistic	_		End=240.100
260-0	SPK1118	Continuing	260	Иә	Иә	linguistic	_		Begin=239.540|End=239.990
261-0	SPK1118	Falling	261	иә	иә	linguistic	_		Begin=239.990|End=240.560
262-0	SPK1117	Continuing	262	Андай	Андай	linguistic	_		Begin=240.310
262-1	SPK1117	Continuing	262	ғой	ғой	linguistic	_		End=240.930
263-0	SPK1117	Interrupted	263	біреуі	біреуі	linguistic	_		Begin=241.110
263-1	SPK1117	Interrupted	263	айт-	айт	linguistic	_	Interrupted=Yes	End=241.520
264-0	SPK1117	Continuing	264	бір	бір	linguistic	_		Begin=241.520
264-1	SPK1117	Continuing	264	бала	бала	linguistic	_		
264-2	SPK1117	Continuing	264	айтады	айтады	linguistic	_		End=242.060
265-0	SPK1117	undefined	265	ыыы	ыыы	linguistic	_		Begin=242.060|End=242.490
266-0	SPK1117	undefined	266	биыл	биыл	linguistic	_		Begin=242.640|End=242.940
267-0	SPK1117	Falling	267	алтыншы	алтыншы	linguistic	_		Begin=242.940
267-1	SPK1117	Falling	267	класс	класс	linguistic	_		
267-2	SPK1117	Falling	267	қой	қой	linguistic	_		
267-3	SPK1117	Falling	267	деймін	деймін	linguistic	_		End=244.200
268-0	SPK1117	undefined	268	Сөйтіп	Сөйтіп	linguistic	_		Begin=244.820|End=245.160
269-0	SPK1117	Continuing	269	апай	апай	linguistic	_		Begin=245.170|End=245.750
270-0	SPK1117	undefined	270	біз	біз	linguistic	_		Begin=245.750
270-1	SPK1117	undefined	270	бесінші	бесінші	linguistic	_		
270-2	SPK1117	undefined	270	класстың	класстың	linguistic	_		End=246.670
271-0	SPK1117	Falling	271	есептерін	есептерін	linguistic	_		Begin=246.670
271-1	SPK1117	Falling	271	беріп	беріп	linguistic	_		
271-2	SPK1117	Falling	271	жатырмын	жатырмын	linguistic	_		
271-3	SPK1117	Falling	271	ғой	ғой	linguistic	_		
271-4	SPK1117	Falling	271	енді	енді	linguistic	_		
271-5	SPK1117	Falling	271	қайталау	қайталау	linguistic	_		
271-6	SPK1117	Falling	271	мақсатында	мақсатында	linguistic	_		End=248.260
272-0	SPK1118	Falling	272	Мхм	Мхм	linguistic	_		Begin=247.880|End=248.350
273-0	SPK1117	Continuing	273	Сөйтсем	Сөйтсем	linguistic	_		Begin=248.270|End=248.800
274-0	SPK1117	undefined	274	апай	апай	linguistic	_		Begin=249.230
274-1	SPK1117	undefined	274	алтыншы	алтыншы	linguistic	_		
274-2	SPK1117	undefined	274	класстың	класстың	linguistic	_		End=249.960
275-0	SPK1117	undefined	275	несін	несін	linguistic	_		Begin=249.960|End=250.340
276-0	SPK1117	Continuing	276	кітабынан	кітабынан	linguistic	_		Begin=250.350
276-1	SPK1117	Continuing	276	қашан	қашан	linguistic	_		
276-2	SPK1117	Continuing	276	өтеміз	өтеміз	linguistic	_		
276-3	SPK1117	Continuing	276	деп	деп	linguistic	_		
276-4	SPK1117	Continuing	276	сөйтті	сөйтті	linguistic	_		
276-5	SPK1117	Continuing	276	да	да	linguistic	_		End=252.160
277-0	SPK1117	undefined	277	сөйтіп	сөйтіп	linguistic	_		Begin=252.410
277-1	SPK1117	undefined	277	типа	типа	linguistic	_		
277-2	SPK1117	undefined	277	мені	мені	linguistic	_		
277-3	SPK1117	undefined	277	мама	мама	linguistic	_		End=253.340
278-0	SPK1117	undefined	278	соған	соған	linguistic	_		Begin=253.350|End=253.850
279-0	SPK1117	Falling	279	не	не	linguistic	_		Begin=253.850
279-1	SPK1117	Falling	279	қылсын	қылсын	linguistic	_		
279-2	SPK1117	Falling	279	дегендей	дегендей	linguistic	_		
279-3	SPK1117	Falling	279	қылып	қылып	linguistic	_		
279-4	SPK1117	Falling	279	жіберді	жіберді	linguistic	_		
279-5	SPK1117	Falling	279	ғой	ғой	linguistic	_		
279-6	SPK1117	Falling	279	дегендей	дегендей	linguistic	_		
279-7	SPK1117	Falling	279	қылып	қылып	linguistic	_		
279-8	SPK1117	Falling	279	жатыр	жатыр	linguistic	_		
279-9	SPK1117	Falling	279	да	да	linguistic	_		End=255.850
280-0	SPK1118	Falling	280	Мм	Мм	linguistic	_		Begin=255.380|End=255.890
281-0	SPK1117	undefined	281	Сөйтіп	Сөйтіп	linguistic	_		Begin=255.850
281-1	SPK1117	undefined	281	типа	типа	linguistic	_		
281-2	SPK1117	undefined	281	алдын-ала	алдын-ала	linguistic	_		
281-3	SPK1117	undefined	281	біліп	біліп	linguistic	_		
281-4	SPK1117	undefined	281	алса	алса	linguistic	_		End=256.660
282-0	SPK1117	undefined	282	беске	беске	linguistic	_		Begin=256.670
282-1	SPK1117	undefined	282	шығады	шығады	linguistic	_		
282-2	SPK1117	undefined	282	деп	деп	linguistic	_		End=257.310
283-0	SPK1117	Falling	283	не	не	linguistic	_		Begin=257.310
283-1	SPK1117	Falling	283	қылып	қылып	linguistic	_		
283-2	SPK1117	Falling	283	жатқан	жатқан	linguistic	_		
283-3	SPK1117	Falling	283	шығар	шығар	linguistic	_		End=258.087
284-0	SPK1117	undefined	284	Иә	Иә	linguistic	_		Begin=258.550
284-1	SPK1117	undefined	284	соны	соны	linguistic	_		
284-2	SPK1117	undefined	284	мынаны	мынаны	linguistic	_		
284-3	SPK1117	undefined	284	қайталап	қайталап	linguistic	_		
284-4	SPK1117	undefined	284	алайық	алайық	linguistic	_		End=259.620
285-0	SPK1117	Continuing	285	дедім	дедім	linguistic	_		Begin=259.620
285-1	SPK1117	Continuing	285	да	да	linguistic	_		End=260.490
286-0	SPK1117	Continuing	286	сосын	сосын	linguistic	_		Begin=260.700
286-1	SPK1117	Continuing	286	осыны	осыны	linguistic	_		
286-2	SPK1117	Continuing	286	жақсылап	жақсылап	linguistic	_		
286-3	SPK1117	Continuing	286	түсінсең	түсінсең	linguistic	_		End=261.790
287-0	SPK1117	Falling	287	сосын	сосын	linguistic	_		Begin=261.800
287-1	SPK1117	Falling	287	барып	барып	linguistic	_		
287-2	SPK1117	Falling	287	көшеміз	көшеміз	linguistic	_		
287-3	SPK1117	Falling	287	дедім	дедім	linguistic	_		End=262.940
288-0	SPK1118	Falling	288	Мхм	Мхм	linguistic	_		Begin=263.130|End=263.750
289-0	SPK1117	undefined	289	Бұны	Бұны	linguistic	_		Begin=263.550
289-1	SPK1117	undefined	289	түсінбесең	түсінбесең	linguistic	_		End=264.220
290-0	SPK1117	Rising	290	қайтып	қайтып	linguistic	_		Begin=264.220
290-1	SPK1117	Rising	290	көшесің	көшесің	linguistic	_		End=265.060
291-0	SPK1117	undefined	291	Бірақ	Бірақ	linguistic	_		Begin=265.520|End=265.980
292-0	SPK1117	undefined	292	балалар	балалар	linguistic	_		Begin=265.980|End=266.400
293-0	SPK1117	undefined	293	жақсы	жақсы	linguistic	_		Begin=266.400
293-1	SPK1117	undefined	293	шығарып	шығарып	linguistic	_		
293-2	SPK1117	undefined	293	жатыршы	жатыршы	linguistic	_		End=267.080
294-0	SPK1117	Falling	294	кәдімгідей	кәдімгідей	linguistic	_		Begin=267.085|End=267.650
295-0	SPK1117	Continuing	295	Тақырыптары	Тақырыптары	linguistic	_		Begin=268.700
295-1	SPK1117	Continuing	295	оңай	оңай	linguistic	_		
295-2	SPK1117	Continuing	295	екен	екен	linguistic	_		
295-3	SPK1117	Continuing	295	андай	андай	linguistic	_		End=269.800
296-0	SPK1117	undefined	296	оңай	оңай	linguistic	_		Begin=269.800
296-1	SPK1117	undefined	296	дегенде	дегенде	linguistic	_		End=270.300
297-0	SPK1117	Falling	297	оңай	оңай	linguistic	_		Begin=270.300
297-1	SPK1117	Falling	297	емес	емес	linguistic	_		End=270.900
298-0	SPK1117	undefined	298	Әшейін	Әшейін	linguistic	_		Begin=271.350|End=271.580
299-0	SPK1117	Continuing	299	жай	жай	linguistic	_		Begin=271.580
299-1	SPK1117	Continuing	299	бөлшек	бөлшек	linguistic	_		End=272.060
300-0	SPK1117	undefined	300	сондай	сондай	linguistic	_		Begin=272.060
300-1	SPK1117	undefined	300	екен	екен	linguistic	_		
300-2	SPK1117	undefined	300	ғой	ғой	linguistic	_		End=272.560
301-0	SPK1117	undefined	301	кішкентай	кішкентай	linguistic	_		Begin=272.560
301-1	SPK1117	undefined	301	класстарың	класстарың	linguistic	_		End=273.210
302-0	SPK1117	Falling	302	қазір	қазір	linguistic	_		Begin=273.210|End=273.660
303-0	SPK1118	Falling	303	Мм	Мм	linguistic	_		Begin=273.400|End=273.920
304-0	SPK1117	Falling	304	Бірақ	Бірақ	linguistic	_		Begin=274.600
304-1	SPK1117	Falling	304	күнде	күнде	linguistic	_		
304-2	SPK1117	Falling	304	бес	бес	linguistic	_		
304-3	SPK1117	Falling	304	күн	күн	linguistic	_		
304-4	SPK1117	Falling	304	келетін	келетін	linguistic	_		
304-5	SPK1117	Falling	304	оқушылар	оқушылар	linguistic	_		
304-6	SPK1117	Falling	304	да	да	linguistic	_		
304-7	SPK1117	Falling	304	бар	бар	linguistic	_		
304-8	SPK1117	Falling	304	екен	екен	linguistic	_		End=276.520
305-0	SPK1117	Falling	305	Соның	Соның	linguistic	_		Begin=277.390
305-1	SPK1117	Falling	305	арасында	арасында	linguistic	_		End=278.604
306-0	SPK1117	undefined	306	Общим	Общим	linguistic	_		Begin=278.970|End=279.130
307-0	SPK1117	undefined	307	менде	менде	linguistic	_		Begin=279.130
307-1	SPK1117	undefined	307	ешқандай	ешқандай	linguistic	_		
307-2	SPK1117	undefined	307	не	не	linguistic	_		
307-3	SPK1117	undefined	307	жоқ	жоқ	linguistic	_		
307-4	SPK1117	undefined	307	та	та	linguistic	_		End=279.900
308-0	SPK1117	Continuing	308	пока	пока	linguistic	_		Begin=279.900|End=280.520
309-0	SPK1117	undefined	309	(H)	(H)	_	_		Begin=281.250
309-1	SPK1117	undefined	309	не	не	linguistic	_		End=282.210
310-0	SPK1117	Continuing	310	расписание	расписание	linguistic	_		Begin=282.970
310-1	SPK1117	Continuing	310	жоқ	жоқ	linguistic	_		
310-2	SPK1117	Continuing	310	болғаннан	болғаннан	linguistic	_		
310-3	SPK1117	Continuing	310	кейінші	кейінші	linguistic	_		End=284.225
311-0	SPK1118	Falling	311	Мхм	Мхм	linguistic	_		Begin=284.160|End=284.810
312-0	SPK1117	Interrupted	312	мысалы	мысалы	linguistic	_		Begin=284.520
312-1	SPK1117	Interrupted	312	мен	мен	linguistic	_		
312-2	SPK1117	Interrupted	312	мына	мына	linguistic	_		
312-3	SPK1117	Interrupted	312	оқушыға	оқушыға	linguistic	_		
312-4	SPK1117	Interrupted	312	мына	мына	linguistic	_		
312-5	SPK1117	Interrupted	312	бір-	бір	linguistic	_	Interrupted=Yes	End=286.040
313-0	SPK1117	Continuing	313	бүгін	бүгін	linguistic	_		Begin=286.040
313-1	SPK1117	Continuing	313	мына	мына	linguistic	_		
313-2	SPK1117	Continuing	313	тақырып	тақырып	linguistic	_		
313-3	SPK1117	Continuing	313	өтемін	өтемін	linguistic	_		End=286.850
314-0	SPK1117	undefined	314	мына	мына	linguistic	_		Begin=286.850
314-1	SPK1117	undefined	314	тақырыпты	тақырыпты	linguistic	_		
314-2	SPK1117	undefined	314	өтемін	өтемін	linguistic	_		
314-3	SPK1117	undefined	314	деп	деп	linguistic	_		End=287.760
315-0	SPK1117	Falling	315	қойып	қойып	linguistic	_		Begin=287.770
315-1	SPK1117	Falling	315	қояйын	қояйын	linguistic	_		
315-2	SPK1117	Falling	315	десем	десем	linguistic	_		End=288.590
316-0	SPK1117	undefined	316	Арасында	Арасында	linguistic	_		Begin=289.010|End=289.290
317-0	SPK1117	undefined	317	логикалық	логикалық	linguistic	_		Begin=289.290
317-1	SPK1117	undefined	317	нелер	нелер	linguistic	_		
317-2	SPK1117	undefined	317	де	де	linguistic	_		End=290.100
318-0	SPK1117	undefined	318	берген	берген	linguistic	_		Begin=290.100
318-1	SPK1117	undefined	318	де	де	linguistic	_		End=290.550
319-0	SPK1117	Falling	319	дұрыс	дұрыс	linguistic	_		Begin=290.550
319-1	SPK1117	Falling	319	шығар	шығар	linguistic	_		
319-2	SPK1117	Falling	319	деп	деп	linguistic	_		
319-3	SPK1117	Falling	319	жатырмын	жатырмын	linguistic	_		
319-4	SPK1117	Falling	319	да	да	linguistic	_		End=291.320
320-0	SPK1118	Falling	320	Мхм	Мхм	linguistic	_		Begin=291.340|End=292.020
321-0	SPK1117	Continuing	321	Хотя	Хотя	linguistic	_		Begin=292.100
321-1	SPK1117	Continuing	321	бы	бы	linguistic	_		
321-2	SPK1117	Continuing	321	аптасына	аптасына	linguistic	_		
321-3	SPK1117	Continuing	321	бір	бір	linguistic	_		
321-4	SPK1117	Continuing	321	мәрте	мәрте	linguistic	_		End=293.610
322-0	SPK1117	undefined	322	бір	бір	linguistic	_		Begin=293.610
322-1	SPK1117	undefined	322	мәрте	мәрте	linguistic	_		End=294.130
323-0	SPK1117	undefined	323	геометрия	геометрия	linguistic	_		Begin=294.140
323-1	SPK1117	undefined	323	сияқты	сияқты	linguistic	_		End=294.850
324-0	SPK1117	Falling	324	есеп	есеп	linguistic	_		Begin=294.850
324-1	SPK1117	Falling	324	болса	болса	linguistic	_		
324-2	SPK1117	Falling	324	да	да	linguistic	_		End=295.640
325-0	SPK1117	Continuing	325	Физикадан	Физикадан	linguistic	_		Begin=296.980
325-1	SPK1117	Continuing	325	бересіз	бересіз	linguistic	_		
325-2	SPK1117	Continuing	325	ба	ба	linguistic	_		
325-3	SPK1117	Continuing	325	дейді	дейді	linguistic	_		
325-4	SPK1117	Continuing	325	да	да	linguistic	_		End=298.050
326-0	SPK1117	undefined	326	кейде	кейде	linguistic	_		Begin=298.050|End=298.360
327-0	SPK1117	Continuing	327	физикадан	физикадан	linguistic	_		Begin=298.360
327-1	SPK1117	Continuing	327	берген	берген	linguistic	_		
327-2	SPK1117	Continuing	327	екен	екен	linguistic	_		End=299.615
328-0	SPK1117	undefined	328	сондай	сондай	linguistic	_		Begin=300.320|End=300.505
329-0	SPK1117	Interrupted	329	аптасына-	аптасына	linguistic	_	Interrupted=Yes	Begin=300.505|End=301.220
330-0	SPK1118	Rising	330	Жалғыз	Жалғыз	linguistic	_		Begin=300.530|End=301.300
331-0	SPK1117	undefined	331	кейбіреулер	кейбіреулер	linguistic	_		Begin=301.920|End=302.320
332-0	SPK1117	Falling	332	үлкен	үлкен	linguistic	_		Begin=302.320
332-1	SPK1117	Falling	332	классты	классты	linguistic	_		
332-2	SPK1117	Falling	332	алып	алып	linguistic	_		
332-3	SPK1117	Falling	332	келеді	келеді	linguistic	_		
332-4	SPK1117	Falling	332	екен	екен	linguistic	_		
332-5	SPK1117	Falling	332	да	да	linguistic	_		End=303.550
333-0	SPK1118	Falling	333	Ааа	Ааа	linguistic	_		Begin=303.140|End=303.660
334-0	SPK1117	Falling	334	Кішкентай	Кішкентай	linguistic	_		Begin=303.876
334-1	SPK1117	Falling	334	класстар	класстар	linguistic	_		End=304.450
335-0	SPK1117	Rising	335	Мысалы	Мысалы	linguistic	_		Begin=304.460|End=305.170
336-0	SPK1117	Interrupted	336	биыл	биыл	linguistic	_		Begin=305.440
336-1	SPK1117	Interrupted	336	жетіге	жетіге	linguistic	_		
336-2	SPK1117	Interrupted	336	бара	бара	linguistic	_		
336-3	SPK1117	Interrupted	336	же-	же	linguistic	_	Interrupted=Yes	End=306.140
337-0	SPK1117	Rising	337	жетіде	жетіде	linguistic	_		Begin=306.140
337-1	SPK1117	Rising	337	ма	ма	linguistic	_		
337-2	SPK1117	Rising	337	физика	физика	linguistic	_		End=307.238
338-0	SPK1118	undefined	338	Иә	Иә	linguistic	_		Begin=307.250|End=307.550
339-0	SPK1118	Falling	339	жетіде	жетіде	linguistic	_		Begin=307.550|End=308.130
340-0	SPK1117	undefined	340	Биыл	Биыл	linguistic	_		Begin=307.910|End=308.200
341-0	SPK1117	undefined	341	мысалы	мысалы	linguistic	_		Begin=308.200|End=308.490
342-0	SPK1117	Continuing	342	алтыны	алтыны	linguistic	_		Begin=308.490
342-1	SPK1117	Continuing	342	бітіргендер	бітіргендер	linguistic	_		End=309.150
343-0	SPK1117	Continuing	343	физиканы	физиканы	linguistic	_		Begin=309.159
343-1	SPK1117	Continuing	343	бастай	бастай	linguistic	_		
343-2	SPK1117	Continuing	343	береді	береді	linguistic	_		
343-3	SPK1117	Continuing	343	деген	деген	linguistic	_		
343-4	SPK1117	Continuing	343	сияқты	сияқты	linguistic	_		
343-5	SPK1117	Continuing	343	ғой	ғой	linguistic	_		End=310.840
344-0	SPK1118	Falling	344	Ааа	Ааа	linguistic	_		Begin=310.870|End=311.420
345-0	SPK1117	Continuing	345	қосымша	қосымша	linguistic	_		Begin=312.010
345-1	SPK1117	Continuing	345	ретіндеші	ретіндеші	linguistic	_		End=312.890
346-0	SPK1117	Continuing	346	мысалы	мысалы	linguistic	_		Begin=312.900
346-1	SPK1117	Continuing	346	бес	бес	linguistic	_		
346-2	SPK1117	Continuing	346	күн	күн	linguistic	_		
346-3	SPK1117	Continuing	346	келсе	келсе	linguistic	_		End=313.700
347-0	SPK1118	Falling	347	Иә	Иә	linguistic	_		Begin=313.070|End=313.650
348-0	SPK1117	Falling	348	бала	бала	linguistic	_		Begin=313.700|End=314.250
349-0	SPK1117	undefined	349	Үш	Үш	linguistic	_		Begin=314.250
349-1	SPK1117	undefined	349	күн	күн	linguistic	_		End=314.880
350-0	SPK1117	Continuing	350	физика	физика	linguistic	_		Begin=314.880|End=315.410
351-0	SPK1117	Continuing	351	екі	екі	linguistic	_		Begin=315.420
351-1	SPK1117	Continuing	351	күн	күн	linguistic	_		End=315.990
352-0	SPK1117	Continuing	352	ой	ой	linguistic	_		Begin=316.000|End=316.270
353-0	SPK1117	Interrupted	353	екі	екі	linguistic	_		Begin=316.280
353-1	SPK1117	Interrupted	353	күн-	күн	linguistic	_	Interrupted=Yes	End=316.670
354-0	SPK1117	Continuing	354	үш	үш	linguistic	_		Begin=316.670
354-1	SPK1117	Continuing	354	күн	күн	linguistic	_		
354-2	SPK1117	Continuing	354	математика	математика	linguistic	_		End=317.210
355-0	SPK1117	Falling	355	екі	екі	linguistic	_		Begin=317.220
355-1	SPK1117	Falling	355	күн	күн	linguistic	_		
355-2	SPK1117	Falling	355	физика	физика	linguistic	_		
355-3	SPK1117	Falling	355	өтесің	өтесің	linguistic	_		
355-4	SPK1117	Falling	355	деген	деген	linguistic	_		
355-5	SPK1117	Falling	355	сияқты	сияқты	linguistic	_		
355-6	SPK1117	Falling	355	ғой	ғой	linguistic	_		End=318.430
356-0	SPK1118	Rising	356	Бір	Бір	linguistic	_		Begin=318.260
356-1	SPK1118	Rising	356	сағаттан	сағаттан	linguistic	_		
356-2	SPK1118	Rising	356	өтесің	өтесің	linguistic	_		
356-3	SPK1118	Rising	356	иә	иә	linguistic	_		End=319.526
357-0	SPK1117	Continuing	357	Бір	Бір	linguistic	_		Begin=319.820
357-1	SPK1117	Continuing	357	сағат	сағат	linguistic	_		End=320.210
358-0	SPK1117	undefined	358	кейбіреулері	кейбіреулері	linguistic	_		Begin=320.210|End=320.610
359-0	SPK1117	Falling	359	бір	бір	linguistic	_		Begin=320.620
359-1	SPK1117	Falling	359	жарым	жарым	linguistic	_		
359-2	SPK1117	Falling	359	сағат	сағат	linguistic	_		End=321.290
360-0	SPK1118	Falling	360	Ммм	Ммм	linguistic	_		Begin=321.350|End=322.030
361-0	SPK1117	Falling	361	Сондай	Сондай	linguistic	_		Begin=323.040
361-1	SPK1117	Falling	361	екен	екен	linguistic	_		
361-2	SPK1117	Falling	361	да	да	linguistic	_		End=323.900
362-0	SPK1117	undefined	362	Сөйтіп	Сөйтіп	linguistic	_		Begin=324.320|End=324.590
363-0	SPK1117	undefined	363	ыыы	ыыы	linguistic	_		Begin=324.590|End=324.885
364-0	SPK1117	Falling	364	деп	деп	linguistic	_		Begin=324.885
364-1	SPK1117	Falling	364	қалдым	қалдым	linguistic	_		End=325.550
365-0	SPK1117	Falling	365	білмеймін	білмеймін	linguistic	_		Begin=325.550
365-1	SPK1117	Falling	365	а	а	linguistic	_		
365-2	SPK1117	Falling	365	так	так	linguistic	_		End=326.160
366-0	SPK1117	Continuing	366	Маған	Маған	linguistic	_		Begin=326.890
366-1	SPK1117	Continuing	366	физика	физика	linguistic	_		
366-2	SPK1117	Continuing	366	өте	өте	linguistic	_		
366-3	SPK1117	Continuing	366	аласыз	аласыз	linguistic	_		
366-4	SPK1117	Continuing	366	ба	ба	linguistic	_		
366-5	SPK1117	Continuing	366	деді	деді	linguistic	_		End=327.990
367-0	SPK1117	undefined	367	жоқ	жоқ	linguistic	_		Begin=328.120
367-1	SPK1117	undefined	367	дедім.@@	дедім.@@	linguistic	_		End=329.380
368-0	SPK1117	undefined	368	Общим	Общим	linguistic	_		Begin=329.380|End=329.600
369-0	SPK1117	Falling	369	өткім	өткім	linguistic	_		Begin=329.610
369-1	SPK1117	Falling	369	келіп	келіп	linguistic	_		
369-2	SPK1117	Falling	369	тұрған	тұрған	linguistic	_		
369-3	SPK1117	Falling	369	жоқ	жоқ	linguistic	_		End=330.480
370-0	SPK1118	Rising	370	Жоқ	Жоқ	linguistic	_		Begin=331.220
370-1	SPK1118	Rising	370	басында	басында	linguistic	_		
370-2	SPK1118	Rising	370	нормально	нормально	linguistic	_		
370-3	SPK1118	Rising	370	ғой	ғой	linguistic	_		
370-4	SPK1118	Rising	370	өте	өте	linguistic	_		
370-5	SPK1118	Rising	370	бермейсің	бермейсің	linguistic	_		
370-6	SPK1118	Rising	370	ба	ба	linguistic	_		End=332.590
371-0	SPK1118	Continuing	371	жеті	жеті	linguistic	_		Begin=332.590
371-1	SPK1118	Continuing	371	болса	болса	linguistic	_		End=333.380
372-0	SPK1118	Falling	372	үйге	үйге	linguistic	_		Begin=334.200
372-1	SPK1118	Falling	372	келесің	келесің	linguistic	_		
372-2	SPK1118	Falling	372	да	да	linguistic	_		
372-3	SPK1118	Falling	372	қайталап	қайталап	linguistic	_		
372-4	SPK1118	Falling	372	қайталап	қайталап	linguistic	_		
372-5	SPK1118	Falling	372	аласың	аласың	linguistic	_		End=335.600
373-0	SPK1117	undefined	373	@@	@@	linguistic	_		Begin=335.840|End=336.440
374-0	SPK1117	Interrupted	374	Ол-	Ол	linguistic	_	Interrupted=Yes	Begin=336.440|End=336.970
375-0	SPK1117	undefined	375	жетіге:	жетіге	linguistic	_	Prolongation=5	Begin=336.970|End=337.600
376-0	SPK1117	Continuing	376	білмеймін	білмеймін	linguistic	_		Begin=337.600|End=337.970
377-0	SPK1117	Continuing	377	жетіге	жетіге	linguistic	_		Begin=337.980
377-1	SPK1117	Continuing	377	өткен	өткен	linguistic	_		
377-2	SPK1117	Continuing	377	балалар	балалар	linguistic	_		
377-3	SPK1117	Continuing	377	бар	бар	linguistic	_		
377-4	SPK1117	Continuing	377	негізі	негізі	linguistic	_		End=339.730
378-0	SPK1117	Falling	378	бір	бір	linguistic	_		Begin=339.900
378-1	SPK1117	Falling	378	ақ	ақ	linguistic	_		
378-2	SPK1117	Falling	378	бала	бала	linguistic	_		
378-3	SPK1117	Falling	378	бар	бар	linguistic	_		End=340.730
379-0	SPK1118	Falling	379	Мм	Мм	linguistic	_		Begin=340.900|End=341.490
380-0	SPK1117	Continuing	380	Өтуге	Өтуге	linguistic	_		Begin=341.720
380-1	SPK1117	Continuing	380	болады	болады	linguistic	_		End=342.350
381-0	SPK1117	Continuing	381	бірақ	бірақ	linguistic	_		Begin=342.350|End=343.190
382-0	SPK1117	Falling	382	математиканың	математиканың	linguistic	_		Begin=343.190
382-1	SPK1117	Falling	382	өзін	өзін	linguistic	_		
382-2	SPK1117	Falling	382	жақсылап	жақсылап	linguistic	_		
382-3	SPK1117	Falling	382	не	не	linguistic	_		
382-4	SPK1117	Falling	382	қылып	қылып	linguistic	_		
382-5	SPK1117	Falling	382	алған	алған	linguistic	_		
382-6	SPK1117	Falling	382	дұрыс	дұрыс	linguistic	_		
382-7	SPK1117	Falling	382	шығар	шығар	linguistic	_		End=345.170
383-0	SPK1118	Falling	383	Көр	Көр	linguistic	_		Begin=346.630
383-1	SPK1118	Falling	383	енді	енді	linguistic	_		End=347.180
384-0	SPK1117	Falling	384	(TSK)	(TSK)	_	_		Begin=346.640
384-1	SPK1117	Falling	384	Иә	Иә	linguistic	_		
384-2	SPK1117	Falling	384	бірінші	бірінші	linguistic	_		
384-3	SPK1117	Falling	384	расписаниені	расписаниені	linguistic	_		
384-4	SPK1117	Falling	384	құрып	құрып	linguistic	_		
384-5	SPK1117	Falling	384	алайын	алайын	linguistic	_		
384-6	SPK1117	Falling	384	деп	деп	linguistic	_		
384-7	SPK1117	Falling	384	жатырмын	жатырмын	linguistic	_		End=348.990
385-0	SPK1117	Falling	385	Құрып	Құрып	linguistic	_		Begin=348.990
385-1	SPK1117	Falling	385	алсын	алсын	linguistic	_		
385-2	SPK1117	Falling	385	деп	деп	linguistic	_		
385-3	SPK1117	Falling	385	жатырмын	жатырмын	linguistic	_		End=350.137
386-0	SPK1118	Falling	386	Мхм	Мхм	linguistic	_		Begin=349.014|End=349.640
387-0	SPK1117	undefined	387	Сол	Сол	linguistic	_		Begin=350.430
387-1	SPK1117	undefined	387	келесі	келесі	linguistic	_		
387-2	SPK1117	undefined	387	апта	апта	linguistic	_		
387-3	SPK1117	undefined	387	ана	ана	linguistic	_		End=351.390
388-0	SPK1117	undefined	388	апайдың	апайдың	linguistic	_		Begin=351.740
388-1	SPK1117	undefined	388	өзі	өзі	linguistic	_		
388-2	SPK1117	undefined	388	құратын	құратын	linguistic	_		
388-3	SPK1117	undefined	388	шығар	шығар	linguistic	_		
388-4	SPK1117	undefined	388	деп	деп	linguistic	_		
388-5	SPK1117	undefined	388	жатыр	жатыр	linguistic	_		End=353.420
389-0	SPK1117	Continuing	389	келіпші	келіпші	linguistic	_		Begin=353.420|End=354.190
390-0	SPK1117	Falling	390	оқушылар	оқушылар	linguistic	_		Begin=355.190
390-1	SPK1117	Falling	390	аз	аз	linguistic	_		
390-2	SPK1117	Falling	390	ғой	ғой	linguistic	_		
390-3	SPK1117	Falling	390	ещё	ещё	linguistic	_		End=356.254
391-0	SPK1118	Falling	391	Мхм	Мхм	linguistic	_		Begin=356.230|End=356.880
392-0	SPK1117	Continuing	392	Мен	Мен	linguistic	_		Begin=356.630
392-1	SPK1117	Continuing	392	айттым	айттым	linguistic	_		
392-2	SPK1117	Continuing	392	да	да	linguistic	_		End=357.250
393-0	SPK1117	undefined	393	сынып	сынып	linguistic	_		Begin=357.250
393-1	SPK1117	undefined	393	сынып	сынып	linguistic	_		
393-2	SPK1117	undefined	393	бойынша	бойынша	linguistic	_		
393-3	SPK1117	undefined	393	бөлген	бөлген	linguistic	_		
393-4	SPK1117	undefined	393	дұрыс	дұрыс	linguistic	_		End=358.500
394-0	SPK1117	Falling	394	емес	емес	linguistic	_		Begin=358.510
394-1	SPK1117	Falling	394	па	па	linguistic	_		
394-2	SPK1117	Falling	394	депші	депші	linguistic	_		End=359.440
395-0	SPK1117	Falling	395	Себебі	Себебі	linguistic	_		Begin=359.440
395-1	SPK1117	Falling	395	реально	реально	linguistic	_		
395-2	SPK1117	Falling	395	оқушылардың	оқушылардың	linguistic	_		
395-3	SPK1117	Falling	395	ойы	ойы	linguistic	_		
395-4	SPK1117	Falling	395	бөлінедіші	бөлінедіші	linguistic	_		End=361.420
396-0	SPK1117	undefined	396	Mысалы	Mысалы	linguistic	_		Begin=361.420
396-1	SPK1117	undefined	396	бүгін	бүгін	linguistic	_		End=362.060
397-0	SPK1117	Continuing	397	бір	бір	linguistic	_		Begin=362.060
397-1	SPK1117	Continuing	397	қыз	қыз	linguistic	_		
397-2	SPK1117	Continuing	397	отырды	отырды	linguistic	_		End=363.040
398-0	SPK1117	Continuing	398	мм	мм	linguistic	_		Begin=363.040
398-1	SPK1117	Continuing	398	и	и	linguistic	_		
398-2	SPK1117	Continuing	398	екі	екі	linguistic	_		
398-3	SPK1117	Continuing	398	бала	бала	linguistic	_		
398-4	SPK1117	Continuing	398	отырды	отырды	linguistic	_		
398-5	SPK1117	Continuing	398	да	да	linguistic	_		End=363.990
399-0	SPK1117	Continuing	399	екеуі	екеуі	linguistic	_		Begin=364.000
399-1	SPK1117	Continuing	399	бір	бір	linguistic	_		
399-2	SPK1117	Continuing	399	класс	класс	linguistic	_		End=364.570
400-0	SPK1117	undefined	400	ана	ана	linguistic	_		Begin=364.570
400-1	SPK1117	undefined	400	бір	бір	linguistic	_		
400-2	SPK1117	undefined	400	қыз	қыз	linguistic	_		End=364.955
401-0	SPK1117	Falling	401	басқа	басқа	linguistic	_		Begin=364.960
401-1	SPK1117	Falling	401	класс	класс	linguistic	_		End=365.575
402-0	SPK1117	Continuing	402	Қызға	Қызға	linguistic	_		Begin=365.575
402-1	SPK1117	Continuing	402	түсіндіріп	түсіндіріп	linguistic	_		
402-2	SPK1117	Continuing	402	жатсам	жатсам	linguistic	_		
402-3	SPK1117	Continuing	402	ана	ана	linguistic	_		
402-4	SPK1117	Continuing	402	екеуі	екеуі	linguistic	_		End=366.870
403-0	SPK1117	Continuing	403	маған	маған	linguistic	_		Begin=366.870
403-1	SPK1117	Continuing	403	қарап	қарап	linguistic	_		End=367.440
404-0	SPK1117	Rising	404	не	не	linguistic	_		Begin=367.440
404-1	SPK1117	Rising	404	қылып	қылып	linguistic	_		
404-2	SPK1117	Rising	404	тұр	тұр	linguistic	_		
404-3	SPK1117	Rising	404	да	да	linguistic	_		End=368.270
405-0	SPK1117	undefined	405	и	и	linguistic	_		Begin=368.270
405-1	SPK1117	undefined	405	шығар	шығар	linguistic	_		End=368.790
406-0	SPK1117	Continuing	406	деп	деп	linguistic	_		Begin=368.795
406-1	SPK1117	Continuing	406	қоямын	қоямын	linguistic	_		End=369.545
407-0	SPK1117	Falling	407	ойларын	ойларын	linguistic	_		Begin=370.300
407-1	SPK1117	Falling	407	бөліп	бөліп	linguistic	_		
407-2	SPK1117	Falling	407	кете	кете	linguistic	_		
407-3	SPK1117	Falling	407	береді	береді	linguistic	_		
407-4	SPK1117	Falling	407	да	да	linguistic	_		End=371.659
408-0	SPK1117	Continuing	408	Либо	Либо	linguistic	_		Begin=371.659
408-1	SPK1117	Continuing	408	тақтаға	тақтаға	linguistic	_		
408-2	SPK1117	Continuing	408	жазып	жазып	linguistic	_		
408-3	SPK1117	Continuing	408	түсіндіре	түсіндіре	linguistic	_		
408-4	SPK1117	Continuing	408	алмайсың	алмайсың	linguistic	_		
408-5	SPK1117	Continuing	408	да	да	linguistic	_		End=373.490
409-0	SPK1117	Continuing	409	ойы	ойы	linguistic	_		Begin=373.644
409-1	SPK1117	Continuing	409	бәрі	бәрі	linguistic	_		
409-2	SPK1117	Continuing	409	бөлініп	бөлініп	linguistic	_		
409-3	SPK1117	Continuing	409	кетеді	кетеді	linguistic	_		
409-4	SPK1117	Continuing	409	ғой	ғой	linguistic	_		
409-5	SPK1117	Continuing	409	баланың	баланың	linguistic	_		End=375.170
410-0	SPK1118	Falling	410	Ммм	Ммм	linguistic	_		Begin=375.230|End=375.710
411-0	SPK1117	Continuing	411	өзі	өзі	linguistic	_		Begin=375.290
411-1	SPK1117	Continuing	411	##	##	unknown	_		
411-2	SPK1117	Continuing	411	не	не	linguistic	_		
411-3	SPK1117	Continuing	411	қылып	қылып	linguistic	_		
411-4	SPK1117	Continuing	411	отырмайды	отырмайды	linguistic	_		
411-5	SPK1117	Continuing	411	ғой	ғой	linguistic	_		End=377.070
412-0	SPK1117	Interrupted	412	либо	либо	linguistic	_		Begin=377.230
412-1	SPK1117	Interrupted	412	екеу-	екеу	linguistic	_	Interrupted=Yes	End=377.780
413-0	SPK1117	Continuing	413	үлгере	үлгере	linguistic	_		Begin=377.780
413-1	SPK1117	Continuing	413	алмай	алмай	linguistic	_		
413-2	SPK1117	Continuing	413	кетесің	кетесің	linguistic	_		
413-3	SPK1117	Continuing	413	либошы	либошы	linguistic	_		
413-4	SPK1117	Continuing	413	мысалы	мысалы	linguistic	_		End=379.010
414-0	SPK1117	undefined	414	үш	үш	linguistic	_		Begin=379.010
414-1	SPK1117	undefined	414	түрлі	түрлі	linguistic	_		End=379.520
415-0	SPK1117	Continuing	415	төрт	төрт	linguistic	_		Begin=379.520
415-1	SPK1117	Continuing	415	түрлі	түрлі	linguistic	_		
415-2	SPK1117	Continuing	415	не	не	linguistic	_		
415-3	SPK1117	Continuing	415	болса	болса	linguistic	_		End=380.940
416-0	SPK1117	Continuing	416	әрқайсысының	әрқайсысының	linguistic	_		Begin=381.100
416-1	SPK1117	Continuing	416	есебін	есебін	linguistic	_		
416-2	SPK1117	Continuing	416	тексеріп	тексеріп	linguistic	_		End=382.000
417-0	SPK1117	undefined	417	әрқайсысы	әрқайсысы	linguistic	_		Begin=382.010|End=382.490
418-0	SPK1117	Continuing	418	апай	апай	linguistic	_		Begin=382.490
418-1	SPK1117	Continuing	418	мынаны	мынаны	linguistic	_		
418-2	SPK1117	Continuing	418	түсіндіріп	түсіндіріп	linguistic	_		
418-3	SPK1117	Continuing	418	жіберіңізші	жіберіңізші	linguistic	_		End=382.950
419-0	SPK1117	Continuing	419	апай	апай	linguistic	_		Begin=382.950
419-1	SPK1117	Continuing	419	мынаны	мынаны	linguistic	_		
419-2	SPK1117	Continuing	419	түсіндіріп	түсіндіріп	linguistic	_		
419-3	SPK1117	Continuing	419	жіберіңізші	жіберіңізші	linguistic	_		
419-4	SPK1117	Continuing	419	дейді	дейді	linguistic	_		End=384.010
420-0	SPK1117	Falling	420	сондағысы	сондағысы	linguistic	_		Begin=384.020
420-1	SPK1117	Falling	420	бір	бір	linguistic	_		
420-2	SPK1117	Falling	420	ақ	ақ	linguistic	_		
420-3	SPK1117	Falling	420	сағат	сағат	linguistic	_		End=385.180
421-0	SPK1117	Falling	421	Мысалышы	Мысалышы	linguistic	_		Begin=385.670|End=386.110
422-0	SPK1117	Continuing	422	Біртүрлі	Біртүрлі	linguistic	_		Begin=386.110
422-1	SPK1117	Continuing	422	ғой	ғой	linguistic	_		End=386.740
423-0	SPK1117	undefined	423	бәріне	бәріне	linguistic	_		Begin=386.960
423-1	SPK1117	undefined	423	бір	бір	linguistic	_		
423-2	SPK1117	undefined	423	тақырып	тақырып	linguistic	_		
423-3	SPK1117	undefined	423	болса	болса	linguistic	_		
423-4	SPK1117	undefined	423	мысалы	мысалы	linguistic	_		End=387.880
424-0	SPK1117	Continuing	424	тақтаға	тақтаға	linguistic	_		Begin=387.880
424-1	SPK1117	Continuing	424	шығарып	шығарып	linguistic	_		End=388.530
425-0	SPK1117	undefined	425	бүйтіп	бүйтіп	linguistic	_		Begin=388.530
425-1	SPK1117	undefined	425	шетінен	шетінен	linguistic	_		
425-2	SPK1117	undefined	425	бүйтіп	бүйтіп	linguistic	_		
425-3	SPK1117	undefined	425	орнынан	орнынан	linguistic	_		
425-4	SPK1117	undefined	425	тексеріп	тексеріп	linguistic	_		End=389.700
426-0	SPK1117	Falling	426	сөйтіп	сөйтіп	linguistic	_		Begin=389.710
426-1	SPK1117	Falling	426	сөйтіп	сөйтіп	linguistic	_		
426-2	SPK1117	Falling	426	істей	істей	linguistic	_		
426-3	SPK1117	Falling	426	беретін	беретін	linguistic	_		
426-4	SPK1117	Falling	426	едім	едім	linguistic	_		
426-5	SPK1117	Falling	426	да	да	linguistic	_		End=391.166
427-0	SPK1117	Falling	427	Сол	Сол	linguistic	_		Begin=392.380
427-1	SPK1117	Falling	427	жағы	жағы	linguistic	_		
427-2	SPK1117	Falling	427	кішкене	кішкене	linguistic	_		
427-3	SPK1117	Falling	427	қиын	қиын	linguistic	_		
427-4	SPK1117	Falling	427	болып	болып	linguistic	_		
427-5	SPK1117	Falling	427	жатыр	жатыр	linguistic	_		End=393.210
428-0	SPK1117	Falling	428	Тақта	Тақта	linguistic	_		Begin=393.420
428-1	SPK1117	Falling	428	түк	түк	linguistic	_		
428-2	SPK1117	Falling	428	те	те	linguistic	_		
428-3	SPK1117	Falling	428	пайдаланып	пайдаланып	linguistic	_		
428-4	SPK1117	Falling	428	жатқан	жатқан	linguistic	_		
428-5	SPK1117	Falling	428	жоқпын	жоқпын	linguistic	_		
428-6	SPK1117	Falling	428	содан	содан	linguistic	_		
428-7	SPK1117	Falling	428	кейін	кейін	linguistic	_		End=394.910
429-0	SPK1117	Falling	429	(H)	(H)	_	_		Begin=395.140
429-1	SPK1117	Falling	429	Жандарында	Жандарында	linguistic	_		
429-2	SPK1117	Falling	429	отырамын	отырамын	linguistic	_		End=396.660
430-0	SPK1118	undefined	430	Вообще	Вообще	linguistic	_		Begin=395.560|End=396.190
431-0	SPK1118	Falling	431	біртүрлі	біртүрлі	linguistic	_		Begin=396.190|End=396.770
432-0	SPK1117	Falling	432	Сол	Сол	linguistic	_		Begin=397.180
432-1	SPK1117	Falling	432	ғой	ғой	linguistic	_		
432-2	SPK1117	Falling	432	жандарында	жандарында	linguistic	_		
432-3	SPK1117	Falling	432	отырамын	отырамын	linguistic	_		End=398.240
433-0	SPK1118	Rising	433	Қай	Қай	linguistic	_		Begin=397.599
433-1	SPK1118	Rising	433	центр	центр	linguistic	_		End=398.448
434-0	SPK1117	Interrupted	434	Только-	Только	linguistic	_	Interrupted=Yes	Begin=398.240|End=398.920
435-0	SPK1118	Rising	435	Аты	Аты	linguistic	_		Begin=399.370
435-1	SPK1118	Rising	435	қандай	қандай	linguistic	_		End=400.411
436-0	SPK1117	Interrupted	436	Ыы	Ыы	linguistic	_		Begin=399.370
436-1	SPK1117	Interrupted	436	school-	school	linguistic	_	Interrupted=Yes	End=399.990
437-0	SPK1117	undefined	437	School	School	linguistic	_		Begin=399.990
437-1	SPK1117	undefined	437	of	of	linguistic	_		
437-2	SPK1117	undefined	437	¬Attain	Attain	linguistic	_	Anonymized=Yes	End=401.000
438-0	SPK1117	Falling	438	деген	деген	linguistic	_		Begin=401.000|End=401.600
439-0	SPK1117	Continuing	439	Жандарында	Жандарында	linguistic	_		Begin=402.360
439-1	SPK1117	Continuing	439	отырамын	отырамын	linguistic	_		End=403.410
440-0	SPK1117	Continuing	440	есеп	есеп	linguistic	_		Begin=403.410
440-1	SPK1117	Continuing	440	беремін	беремін	linguistic	_		
440-2	SPK1117	Continuing	440	дәптеріне	дәптеріне	linguistic	_		End=404.350
441-0	SPK1117	Continuing	441	есеп	есеп	linguistic	_		Begin=404.360
441-1	SPK1117	Continuing	441	шығарады	шығарады	linguistic	_		End=405.160
442-0	SPK1117	undefined	442	қараймын	қараймын	linguistic	_		Begin=405.160|End=405.560
443-0	SPK1117	Continuing	443	қайтып	қайтып	linguistic	_		Begin=405.560
443-1	SPK1117	Continuing	443	шығарғанын	шығарғанын	linguistic	_		End=406.110
444-0	SPK1117	undefined	444	қатесін	қатесін	linguistic	_		Begin=406.110
444-1	SPK1117	undefined	444	түсіндіріп	түсіндіріп	linguistic	_		
444-2	SPK1117	undefined	444	жіберемін	жіберемін	linguistic	_		End=406.980
445-0	SPK1117	Continuing	445	былай	былай	linguistic	_		Begin=406.980
445-1	SPK1117	Continuing	445	былай	былай	linguistic	_		
445-2	SPK1117	Continuing	445	деп	деп	linguistic	_		End=407.640
446-0	SPK1117	undefined	446	тақтаға	тақтаға	linguistic	_		Begin=408.520
446-1	SPK1117	undefined	446	бүйтіп	бүйтіп	linguistic	_		End=409.000
447-0	SPK1117	Falling	447	ештеңе	ештеңе	linguistic	_		Begin=409.010
447-1	SPK1117	Falling	447	істеп	істеп	linguistic	_		
447-2	SPK1117	Falling	447	жатқан	жатқан	linguistic	_		
447-3	SPK1117	Falling	447	жоқпын	жоқпын	linguistic	_		End=410.000
448-0	SPK1118	Falling	448	Мм	Мм	linguistic	_		Begin=410.190|End=411.120
449-0	SPK1117	undefined	449	Бірақ	Бірақ	linguistic	_		Begin=411.470
449-1	SPK1117	undefined	449	бір	бір	linguistic	_		
449-2	SPK1117	undefined	449	балаға:	балаға	linguistic	_	Prolongation=5	End=412.530
450-0	SPK1117	Continuing	450	мм	мм	linguistic	_		Begin=412.530|End=412.800
451-0	SPK1117	undefined	451	пропорцияны	пропорцияны	linguistic	_		Begin=412.801|End=413.498
452-0	SPK1117	Falling	452	түсіндірдім	түсіндірдім	linguistic	_		Begin=413.500|End=414.100
453-0	SPK1117	undefined	453	Пропорция	Пропорция	linguistic	_		Begin=414.100|End=414.960
454-0	SPK1117	Continuing	454	өтейін	өтейін	linguistic	_		Begin=414.960
454-1	SPK1117	Continuing	454	десем	десем	linguistic	_		End=415.991
455-0	SPK1117	Continuing	455	ыы	ыы	linguistic	_		Begin=415.991|End=416.500
456-0	SPK1117	undefined	456	кері	кері	linguistic	_		Begin=416.500
456-1	SPK1117	undefined	456	пропорция	пропорция	linguistic	_		End=417.110
457-0	SPK1117	Rising	457	тура	тура	linguistic	_		Begin=417.110
457-1	SPK1117	Rising	457	пропорция	пропорция	linguistic	_		
457-2	SPK1117	Rising	457	деп	деп	linguistic	_		
457-3	SPK1117	Rising	457	өте	өте	linguistic	_		
457-4	SPK1117	Rising	457	ма	ма	linguistic	_		
457-5	SPK1117	Rising	457	бұлар	бұлар	linguistic	_		End=418.480
458-0	SPK1118	Continuing	458	Аха	Аха	linguistic	_		Begin=418.630|End=418.960
459-0	SPK1118	Falling	459	а	а	linguistic	_		Begin=418.960
459-1	SPK1118	Falling	459	білмеймін	білмеймін	linguistic	_		End=419.870
460-0	SPK1117	Falling	460	Алтыншы	Алтыншы	linguistic	_		Begin=419.510
460-1	SPK1117	Falling	460	класс	класс	linguistic	_		
460-2	SPK1117	Falling	460	па	па	linguistic	_		
460-3	SPK1117	Falling	460	сондай	сондай	linguistic	_		End=420.540
461-0	SPK1118	Falling	461	Білмейді	Білмейді	linguistic	_		Begin=420.990
461-1	SPK1118	Falling	461	екенмін	екенмін	linguistic	_		End=422.090
462-0	SPK1117	Falling	462	Сол	Сол	linguistic	_		Begin=423.990
462-1	SPK1117	Falling	462	екен	екен	linguistic	_		End=424.910
463-0	SPK1117	undefined	463	Бір	Бір	linguistic	_		Begin=425.620
463-1	SPK1117	undefined	463	қыз:	қыз	linguistic	_	Prolongation=2	End=426.280
464-0	SPK1117	Continuing	464	сегізінші	сегізінші	linguistic	_		Begin=426.290
464-1	SPK1117	Continuing	464	класс	класс	linguistic	_		End=427.250
465-0	SPK1117	Continuing	465	бітірген	бітірген	linguistic	_		Begin=427.250
465-1	SPK1117	Continuing	465	екен	екен	linguistic	_		End=428.270
466-0	SPK1117	undefined	466	что-то	что-то	linguistic	_		Begin=429.410|End=429.850
467-0	SPK1117	undefined	467	нені	нені	linguistic	_		Begin=430.680|End=431.130
468-0	SPK1117	Falling	468	квадрат	квадрат	linguistic	_		Begin=431.130
468-1	SPK1117	Falling	468	теңдеуді	теңдеуді	linguistic	_		
468-2	SPK1117	Falling	468	онша	онша	linguistic	_		
468-3	SPK1117	Falling	468	түсінбей	түсінбей	linguistic	_		
468-4	SPK1117	Falling	468	қалған	қалған	linguistic	_		
468-5	SPK1117	Falling	468	екенші	екенші	linguistic	_		End=432.960
469-0	SPK1117	Falling	469	Cоны	Cоны	linguistic	_		Begin=434.660
469-1	SPK1117	Falling	469	шығарып	шығарып	linguistic	_		
469-2	SPK1117	Falling	469	жатырмыз	жатырмыз	linguistic	_		End=435.450
470-0	SPK1118	Falling	470	Ммм	Ммм	linguistic	_		Begin=436.070|End=436.670
471-0	SPK1117	Continuing	471	Бірақ	Бірақ	linguistic	_		Begin=436.130
471-1	SPK1117	Continuing	471	бір	бір	linguistic	_		
471-2	SPK1117	Continuing	471	несі	несі	linguistic	_		End=436.990
472-0	SPK1117	undefined	472	сол	сол	linguistic	_		Begin=436.990
472-1	SPK1117	undefined	472	кітаптан	кітаптан	linguistic	_		
472-2	SPK1117	undefined	472	қарап	қарап	linguistic	_		End=437.750
473-0	SPK1117	undefined	473	қай	қай	linguistic	_		Begin=437.750
473-1	SPK1117	undefined	473	тақырып	тақырып	linguistic	_		
473-2	SPK1117	undefined	473	қарап	қарап	linguistic	_		End=438.440
474-0	SPK1117	Falling	474	өте	өте	linguistic	_		Begin=438.450
474-1	SPK1117	Falling	474	береді	береді	linguistic	_		
474-2	SPK1117	Falling	474	екенсің	екенсің	linguistic	_		
474-3	SPK1117	Falling	474	да@	да@	linguistic	_		End=439.420
475-0	SPK1118	Falling	475	Мхм	Мхм	linguistic	_		Begin=439.470|End=439.876
476-0	SPK1117	Falling	476	Сол	Сол	linguistic	_		Begin=440.320
476-1	SPK1117	Falling	476	жағы	жағы	linguistic	_		
476-2	SPK1117	Falling	476	жақсы	жақсы	linguistic	_		
476-3	SPK1117	Falling	476	болып	болып	linguistic	_		
476-4	SPK1117	Falling	476	тұр	тұр	linguistic	_		
476-5	SPK1117	Falling	476	да	да	linguistic	_		End=441.480
477-0	SPK1117	undefined	477	Кітаппен:	Кітаппен	linguistic	_	Prolongation=7	Begin=441.620|End=441.990
478-0	SPK1117	Falling	478	есеп	есеп	linguistic	_		Begin=442.000
478-1	SPK1117	Falling	478	беріп	беріп	linguistic	_		
478-2	SPK1117	Falling	478	отыра	отыра	linguistic	_		
478-3	SPK1117	Falling	478	бересің	бересің	linguistic	_		
478-4	SPK1117	Falling	478	да	да	linguistic	_		End=443.010
479-0	SPK1118	Falling	479	Мхм	Мхм	linguistic	_		Begin=443.000|End=443.499
480-0	SPK1117	undefined	480	Прям	Прям	linguistic	_		Begin=444.220|End=444.440
481-0	SPK1117	undefined	481	битып	битып	linguistic	_		Begin=444.445
481-1	SPK1117	undefined	481	дайындалып	дайындалып	linguistic	_		
481-2	SPK1117	undefined	481	баратындай	баратындай	linguistic	_		End=445.155
482-0	SPK1117	Falling	482	ештеңе	ештеңе	linguistic	_		Begin=445.155
482-1	SPK1117	Falling	482	жоқ	жоқ	linguistic	_		
482-2	SPK1117	Falling	482	та	та	linguistic	_		End=445.975
483-0	SPK1117	Continuing	483	Cол	Cол	linguistic	_		Begin=446.390
483-1	SPK1117	Continuing	483	жағынан	жағынан	linguistic	_		
483-2	SPK1117	Continuing	483	кішкене	кішкене	linguistic	_		
483-3	SPK1117	Continuing	483	нормально	нормально	linguistic	_		
483-4	SPK1117	Continuing	483	болып	болып	linguistic	_		
483-5	SPK1117	Continuing	483	жатыр	жатыр	linguistic	_		
483-6	SPK1117	Continuing	483	маған	маған	linguistic	_		End=448.050
484-0	SPK1117	undefined	484	а	а	linguistic	_		Begin=448.060
484-1	SPK1117	undefined	484	то	то	linguistic	_		
484-2	SPK1117	undefined	484	мен	мен	linguistic	_		End=448.470
485-0	SPK1117	Rising	485	қорыққан	қорыққан	linguistic	_		Begin=448.480
485-1	SPK1117	Rising	485	едім	едім	linguistic	_		
485-2	SPK1117	Rising	485	бірінші	бірінші	linguistic	_		
485-3	SPK1117	Rising	485	күні	күні	linguistic	_		End=449.807
486-0	SPK1117	Continuing	486	Оқушыларыма	Оқушыларыма	linguistic	_		Begin=451.000
486-1	SPK1117	Continuing	486	айтамын	айтамын	linguistic	_		
486-2	SPK1117	Continuing	486	ғой	ғой	linguistic	_		End=451.620
487-0	SPK1117	Continuing	487	қане	қане	linguistic	_		Begin=451.630
487-1	SPK1117	Continuing	487	қандай	қандай	linguistic	_		
487-2	SPK1117	Continuing	487	есеп	есеп	linguistic	_		
487-3	SPK1117	Continuing	487	берді	берді	linguistic	_		
487-4	SPK1117	Continuing	487	депші	депші	linguistic	_		End=453.000
488-0	SPK1117	Falling	488	бірінші	бірінші	linguistic	_		Begin=453.000
488-1	SPK1117	Falling	488	күні	күні	linguistic	_		
488-2	SPK1117	Falling	488	барған	барған	linguistic	_		
488-3	SPK1117	Falling	488	кезде	кезде	linguistic	_		End=454.180
489-0	SPK1117	Continuing	489	Екі	Екі	linguistic	_		Begin=454.530
489-1	SPK1117	Continuing	489	қыз	қыз	linguistic	_		
489-2	SPK1117	Continuing	489	келді	келді	linguistic	_		End=455.110
490-0	SPK1117	Falling	490	кішкентай	кішкентай	linguistic	_		Begin=455.110|End=455.810
491-0	SPK1117	Falling	491	Төртті	Төртті	linguistic	_		Begin=456.330
491-1	SPK1117	Falling	491	бітірген	бітірген	linguistic	_		
491-2	SPK1117	Falling	491	ғой	ғой	linguistic	_		
491-3	SPK1117	Falling	491	деймін	деймін	linguistic	_		End=457.610
492-0	SPK1117	Rising	492	Апай	Апай	linguistic	_		Begin=458.050|End=458.480
493-0	SPK1117	Interrupted	493	ыы	ыы	linguistic	_		Begin=458.490
493-1	SPK1117	Interrupted	493	деді-	деді	linguistic	_	Interrupted=Yes	End=458.990
494-0	SPK1117	Interrupted	494	ыы	ыы	linguistic	_		Begin=458.990
494-1	SPK1117	Interrupted	494	сөйтіп-	сөйтіп	linguistic	_	Interrupted=Yes	End=459.650
495-0	SPK1117	undefined	495	мен	мен	linguistic	_		Begin=459.650
495-1	SPK1117	undefined	495	ана	ана	linguistic	_		
495-2	SPK1117	undefined	495	жақта	жақта	linguistic	_		
495-3	SPK1117	undefined	495	кітаптары	кітаптары	linguistic	_		End=460.460
496-0	SPK1117	Falling	496	тұр	тұр	linguistic	_		Begin=460.460
496-1	SPK1117	Falling	496	екен	екен	linguistic	_		End=461.180
497-0	SPK1117	Continuing	497	тақырыптарды	тақырыптарды	linguistic	_		Begin=461.400
497-1	SPK1117	Continuing	497	іздеп	іздеп	linguistic	_		
497-2	SPK1117	Continuing	497	жатырмын	жатырмын	linguistic	_		
497-3	SPK1117	Continuing	497	ғой	ғой	linguistic	_		End=462.529
498-0	SPK1118	undefined	498	Аха	Аха	linguistic	_		Begin=461.410
498-1	SPK1118	undefined	498	YELL	YELL	paraverbal	_		End=461.820
499-0	SPK1117	Continuing	499	сөйтсем	сөйтсем	linguistic	_		Begin=462.670|End=463.160
500-0	SPK1117	Continuing	500	(H)	(H)	_	_		Begin=463.160
500-1	SPK1117	Continuing	500	ыыы	ыыы	linguistic	_		End=463.850
501-0	SPK1117	undefined	501	ана	ана	linguistic	_		Begin=463.850
501-1	SPK1117	undefined	501	бір	бір	linguistic	_		
501-2	SPK1117	undefined	501	қыз	қыз	linguistic	_		
501-3	SPK1117	undefined	501	###	###	unknown	_		End=465.290
502-0	SPK1117	undefined	502	апай	апай	linguistic	_		Begin=465.400
502-1	SPK1117	undefined	502	мен	мен	linguistic	_		
502-2	SPK1117	undefined	502	өстіп	өстіп	linguistic	_		End=466.150
503-0	SPK1117	undefined	503	қай	қай	linguistic	_		Begin=466.150
503-1	SPK1117	undefined	503	кітаптан	кітаптан	linguistic	_		
503-2	SPK1117	undefined	503	бергенін	бергенін	linguistic	_		End=467.200
504-0	SPK1117	Continuing	504	біліп	біліп	linguistic	_		Begin=467.200
504-1	SPK1117	Continuing	504	тұрмын	тұрмын	linguistic	_		
504-2	SPK1117	Continuing	504	да	да	linguistic	_		End=468.227
505-0	SPK1117	undefined	505	көрсетіп	көрсетіп	linguistic	_		Begin=468.227
505-1	SPK1117	undefined	505	жіберейін	жіберейін	linguistic	_		
505-2	SPK1117	undefined	505	ба	ба	linguistic	_		End=468.885
506-0	SPK1117	undefined	506	дейді	дейді	linguistic	_		Begin=468.885
506-1	SPK1117	undefined	506	ғой.@@@	ғой.@@@	linguistic	_		End=469.945
507-0	SPK1118	Falling	507	Ммм	Ммм	linguistic	_		Begin=469.510|End=470.160
508-0	SPK1117	undefined	508	Жаным:	Жаным	linguistic	_	Prolongation=4	Begin=469.945|End=470.455
509-0	SPK1117	Falling	509	дедім	дедім	linguistic	_		Begin=470.455|End=470.620
510-0	SPK1117	undefined	510	Aна	Aна	linguistic	_		Begin=470.620
510-1	SPK1117	undefined	510	жерде	жерде	linguistic	_		
510-2	SPK1117	undefined	510	мен	мен	linguistic	_		End=471.300
511-0	SPK1117	undefined	511	ыңғайсыз	ыңғайсыз	linguistic	_		Begin=471.300
511-1	SPK1117	undefined	511	болып	болып	linguistic	_		
511-2	SPK1117	undefined	511	қалдым	қалдым	linguistic	_		
511-3	SPK1117	undefined	511	да	да	linguistic	_		End=472.080
512-0	SPK1117	Continuing	512	кәдімгідей	кәдімгідей	linguistic	_		Begin=472.090
512-1	SPK1117	Continuing	512	уже	уже	linguistic	_		
512-2	SPK1117	Continuing	512	уақыт	уақыт	linguistic	_		
512-3	SPK1117	Continuing	512	өтіп	өтіп	linguistic	_		
512-4	SPK1117	Continuing	512	жатыр	жатыр	linguistic	_		
512-5	SPK1117	Continuing	512	ғой	ғой	linguistic	_		End=473.130
513-0	SPK1118	Continuing	513	Аа	Аа	linguistic	_		Begin=472.960|End=473.680
514-0	SPK1117	Falling	514	кәдімгідей	кәдімгідей	linguistic	_		Begin=473.140
514-1	SPK1117	Falling	514	өтіп	өтіп	linguistic	_		
514-2	SPK1117	Falling	514	жатыр	жатыр	linguistic	_		End=474.200
515-0	SPK1118	Falling	515	иә	иә	linguistic	_		Begin=473.680|End=474.210
516-0	SPK1117	Continuing	516	Ыыы	Ыыы	linguistic	_		Begin=474.200|End=474.850
517-0	SPK1117	Continuing	517	не	не	linguistic	_		Begin=474.850
517-1	SPK1117	Continuing	517	өтемін	өтемін	linguistic	_		End=475.820
518-0	SPK1117	Continuing	518	не	не	linguistic	_		Begin=475.820
518-1	SPK1117	Continuing	518	болды	болды	linguistic	_		End=476.460
519-0	SPK1117	undefined	519	анау	анау	linguistic	_		Begin=476.460
519-1	SPK1117	undefined	519	мынау	мынау	linguistic	_		End=476.890
520-0	SPK1117	Continuing	520	қайдан	қайдан	linguistic	_		Begin=476.900
520-1	SPK1117	Continuing	520	беремін	беремін	linguistic	_		End=477.440
521-0	SPK1117	Continuing	521	түсінбей	түсінбей	linguistic	_		Begin=477.450
521-1	SPK1117	Continuing	521	жатырмын	жатырмын	linguistic	_		End=477.890
522-0	SPK1117	Falling	522	әшейін	әшейін	linguistic	_		Begin=477.900
522-1	SPK1117	Falling	522	кітап	кітап	linguistic	_		
522-2	SPK1117	Falling	522	та	та	linguistic	_		
522-3	SPK1117	Falling	522	табылмай	табылмай	linguistic	_		
522-4	SPK1117	Falling	522	кетті	кетті	linguistic	_		
522-5	SPK1117	Falling	522	ма	ма	linguistic	_		End=479.400
523-0	SPK1117	Continuing	523	Сөйтіп	Сөйтіп	linguistic	_		Begin=480.690|End=481.250
524-0	SPK1117	undefined	524	әйтеуір	әйтеуір	linguistic	_		Begin=481.330|End=481.740
525-0	SPK1117	undefined	525	көрсетті	көрсетті	linguistic	_		Begin=481.740
525-1	SPK1117	undefined	525	сонымен	сонымен	linguistic	_		
525-2	SPK1117	undefined	525	есепті	есепті	linguistic	_		
525-3	SPK1117	undefined	525	тексеріп	тексеріп	linguistic	_		End=483.180
526-0	SPK1117	Falling	526	сөйтіп	сөйтіп	linguistic	_		Begin=483.180|End=483.410
527-0	SPK1117	undefined	527	Ещё	Ещё	linguistic	_		Begin=483.410
527-1	SPK1117	undefined	527	үй	үй	linguistic	_		
527-2	SPK1117	undefined	527	тапсырмасын	тапсырмасын	linguistic	_		
527-3	SPK1117	undefined	527	тексеріп	тексеріп	linguistic	_		
527-4	SPK1117	undefined	527	қойғам:	қойғам	linguistic	_	Prolongation=5	End=484.670
528-0	SPK1117	Falling	528	ғой	ғой	linguistic	_		Begin=484.670|End=485.190
529-0	SPK1118	Falling	529	Ммм	Ммм	linguistic	_		Begin=485.290|End=485.870
530-0	SPK1117	undefined	530	Сөйтіп	Сөйтіп	linguistic	_		Begin=485.330|End=485.600
531-0	SPK1117	Continuing	531	кітапты	кітапты	linguistic	_		Begin=485.600
531-1	SPK1117	Continuing	531	көрсетті	көрсетті	linguistic	_		
531-2	SPK1117	Continuing	531	ғой	ғой	linguistic	_		End=486.650
532-0	SPK1117	undefined	532	бесінші	бесінші	linguistic	_		Begin=486.650
532-1	SPK1117	undefined	532	класстың	класстың	linguistic	_		
532-2	SPK1117	undefined	532	кітабы	кітабы	linguistic	_		
532-3	SPK1117	undefined	532	екен	екен	linguistic	_		End=487.710
533-0	SPK1117	Continuing	533	сөйтсем	сөйтсем	linguistic	_		Begin=487.710
533-1	SPK1117	Continuing	533	аха	аха	linguistic	_		
533-2	SPK1117	Continuing	533	деп	деп	linguistic	_		
533-3	SPK1117	Continuing	533	сөйтеді@	сөйтеді@	linguistic	_		End=488.680
534-0	SPK1117	undefined	534	(H)	(H)	_	_		Begin=488.690
534-1	SPK1117	undefined	534	содан	содан	linguistic	_		
534-2	SPK1117	undefined	534	ары	ары	linguistic	_		
534-3	SPK1117	undefined	534	қарай	қарай	linguistic	_		End=489.260
535-0	SPK1117	undefined	535	есеп	есеп	linguistic	_		Begin=489.260
535-1	SPK1117	undefined	535	беріп	беріп	linguistic	_		End=489.720
536-0	SPK1117	Falling	536	сөйтіп	сөйтіп	linguistic	_		Begin=489.720
536-1	SPK1117	Falling	536	кеттім	кеттім	linguistic	_		
536-2	SPK1117	Falling	536	ғой	ғой	linguistic	_		End=490.695
537-0	SPK1117	undefined	537	Сөйтіп	Сөйтіп	linguistic	_		Begin=490.988|End=491.202
538-0	SPK1117	Falling	538	күліп	күліп	linguistic	_		Begin=491.202
538-1	SPK1117	Falling	538	жатырмын	жатырмын	linguistic	_		
538-2	SPK1117	Falling	538	ғой	ғой	linguistic	_		End=492.110
539-0	SPK1117	Falling	539	Жарайды	Жарайды	linguistic	_		Begin=493.050
539-1	SPK1117	Falling	539	деп	деп	linguistic	_		End=493.720
540-0	SPK1117	Falling	540	Бір	Бір	linguistic	_		Begin=494.940
540-1	SPK1117	Falling	540	жағы	жағы	linguistic	_		
540-2	SPK1117	Falling	540	сол	сол	linguistic	_		
540-3	SPK1117	Falling	540	жағынан	жағынан	linguistic	_		
540-4	SPK1117	Falling	540	нормально	нормально	linguistic	_		
540-5	SPK1117	Falling	540	болып	болып	linguistic	_		
540-6	SPK1117	Falling	540	жатыр	жатыр	linguistic	_		End=496.310
541-0	SPK1117	undefined	541	Оқушылары	Оқушылары	linguistic	_		Begin=498.800
541-1	SPK1117	undefined	541	жақсы	жақсы	linguistic	_		
541-2	SPK1117	undefined	541	екен	екен	linguistic	_		End=499.413
542-0	SPK1117	Falling	542	бірақ	бірақ	linguistic	_		Begin=499.413|End=499.773
543-0	SPK1117	undefined	543	Aндай	Aндай	linguistic	_		Begin=500.440|End=500.750
544-0	SPK1117	Falling	544	тупой	тупой	linguistic	_		Begin=500.750
544-1	SPK1117	Falling	544	емесші	емесші	linguistic	_		End=501.840
545-0	SPK1118	undefined	545	@@@	@@@	linguistic	_		Begin=501.820|End=502.550
546-0	SPK1117	undefined	546	Тупой	Тупой	linguistic	_		Begin=502.510
546-1	SPK1117	undefined	546	болса	болса	linguistic	_		
546-2	SPK1117	undefined	546	точно	точно	linguistic	_		
546-3	SPK1117	undefined	546	нерв	нерв	linguistic	_		
546-4	SPK1117	undefined	546	етіп	етіп	linguistic	_		
546-5	SPK1117	undefined	546	кетемін	кетемін	linguistic	_		
546-6	SPK1117	undefined	546	мен	мен	linguistic	_		
546-7	SPK1117	undefined	546	ана	ана	linguistic	_		
546-8	SPK1117	undefined	546	жерде	жерде	linguistic	_		End=504.730
547-0	SPK1118	Falling	547	Иә	Иә	linguistic	_		Begin=503.850|End=504.470
548-0	SPK1117	Interrupted	548	ананың	ананың	linguistic	_		Begin=504.730
548-1	SPK1117	Interrupted	548	бәрінің	бәрінің	linguistic	_		
548-2	SPK1117	Interrupted	548	деңгейі	деңгейі	linguistic	_		
548-3	SPK1117	Interrupted	548	средний	средний	linguistic	_		
548-4	SPK1117	Interrupted	548	болып-	болып	linguistic	_	Interrupted=Yes	End=506.250
549-0	SPK1117	Continuing	549	средний	средний	linguistic	_		Begin=506.250
549-1	SPK1117	Continuing	549	емес	емес	linguistic	_		
549-2	SPK1117	Continuing	549	даже	даже	linguistic	_		End=506.890
550-0	SPK1117	Continuing	550	нормально	нормально	linguistic	_		Begin=506.900|End=507.330
551-0	SPK1117	Continuing	551	даже	даже	linguistic	_		Begin=507.330
551-1	SPK1117	Continuing	551	бір	бір	linguistic	_		
551-2	SPK1117	Continuing	551	бала	бала	linguistic	_		
551-3	SPK1117	Continuing	551	прям	прям	linguistic	_		End=508.330
552-0	SPK1117	undefined	552	мм	мм	linguistic	_		Begin=508.340|End=508.960
553-0	SPK1117	Continuing	553	бүкіл	бүкіл	linguistic	_		Begin=508.970
553-1	SPK1117	Continuing	553	есепті	есепті	linguistic	_		
553-2	SPK1117	Continuing	553	шығарып	шығарып	linguistic	_		
553-3	SPK1117	Continuing	553	тұр	тұр	linguistic	_		
553-4	SPK1117	Continuing	553	да	да	linguistic	_		End=509.760
554-0	SPK1117	undefined	554	шашып	шашып	linguistic	_		Begin=509.770
554-1	SPK1117	undefined	554	тастаған:	тастаған	linguistic	_	Prolongation=7	End=510.490
555-0	SPK1118	Falling	555	Мхм	Мхм	linguistic	_		Begin=510.130|End=510.770
556-0	SPK1117	Falling	556	деген	деген	linguistic	_		Begin=510.490
556-1	SPK1117	Falling	556	сияқты	сияқты	linguistic	_		
556-2	SPK1117	Falling	556	ғой	ғой	linguistic	_		End=511.244
557-0	SPK1117	Falling	557	(H)	(H)	_	_		Begin=511.260
557-1	SPK1117	Falling	557	Кәдімгідей	Кәдімгідей	linguistic	_		
557-2	SPK1117	Falling	557	жақсы	жақсы	linguistic	_		
557-3	SPK1117	Falling	557	шығарып	шығарып	linguistic	_		
557-4	SPK1117	Falling	557	жатыр	жатыр	linguistic	_		
557-5	SPK1117	Falling	557	да	да	linguistic	_		End=512.761
558-0	SPK1117	Rising	558	Cолар	Cолар	linguistic	_		Begin=513.080
558-1	SPK1117	Rising	558	жақсы	жақсы	linguistic	_		
558-2	SPK1117	Rising	558	шығарып	шығарып	linguistic	_		
558-3	SPK1117	Rising	558	жатқан	жатқан	linguistic	_		
558-4	SPK1117	Rising	558	арасына	арасына	linguistic	_		End=514.350
559-0	SPK1117	Continuing	559	ана	ана	linguistic	_		Begin=514.350
559-1	SPK1117	Continuing	559	жерде	жерде	linguistic	_		End=515.100
560-0	SPK1117	undefined	560	ыыы	ыыы	linguistic	_		Begin=515.100|End=515.750
561-0	SPK1117	Interrupted	561	ж-	ж	linguistic	_	Interrupted=Yes	Begin=515.760|End=516.100
562-0	SPK1117	undefined	562	білмейтін	білмейтін	linguistic	_		Begin=516.110
562-1	SPK1117	undefined	562	бала	бала	linguistic	_		
562-2	SPK1117	undefined	562	келіп	келіп	linguistic	_		
562-3	SPK1117	undefined	562	қалса	қалса	linguistic	_		End=516.940
563-0	SPK1117	Continuing	563	мысалы	мысалы	linguistic	_		Begin=516.940|End=517.380
564-0	SPK1117	undefined	564	қиналып	қиналып	linguistic	_		Begin=517.380
564-1	SPK1117	undefined	564	қаламын	қаламын	linguistic	_		
564-2	SPK1117	undefined	564	да	да	linguistic	_		End=518.000
565-0	SPK1117	undefined	565	мен	мен	linguistic	_		Begin=518.002
565-1	SPK1117	undefined	565	өзімші	өзімші	linguistic	_		End=518.561
566-0	SPK1118	Falling	566	Иә	Иә	linguistic	_		Begin=518.500|End=519.110
567-0	SPK1117	Rising	567	мысалы	мысалы	linguistic	_		Begin=518.561
567-1	SPK1117	Rising	567	иә	иә	linguistic	_		End=519.097
568-0	SPK1117	Continuing	568	анаған	анаған	linguistic	_		Begin=519.100
568-1	SPK1117	Continuing	568	барып	барып	linguistic	_		End=519.650
569-0	SPK1117	Falling	569	либо	либо	linguistic	_		Begin=519.650
569-1	SPK1117	Falling	569	анаған	анаған	linguistic	_		
569-2	SPK1117	Falling	569	барып	барып	linguistic	_		End=520.554
570-0	SPK1117	Continuing	570	Aнаған	Aнаған	linguistic	_		Begin=520.554
570-1	SPK1117	Continuing	570	##	##	unknown	_		
570-2	SPK1117	Continuing	570	мұжып	мұжып	linguistic	_		
570-3	SPK1117	Continuing	570	түсіндіріп	түсіндіріп	linguistic	_		
570-4	SPK1117	Continuing	570	жатқан	жатқан	linguistic	_		
570-5	SPK1117	Continuing	570	кезде	кезде	linguistic	_		End=522.020
571-0	SPK1117	Continuing	571	ананың	ананың	linguistic	_		Begin=522.020
571-1	SPK1117	Continuing	571	құлағы	құлағы	linguistic	_		
571-2	SPK1117	Continuing	571	жетіп	жетіп	linguistic	_		End=522.968
572-0	SPK1117	Continuing	572	ой	ой	linguistic	_		Begin=522.970
572-1	SPK1117	Continuing	572	мынандай	мынандай	linguistic	_		
572-2	SPK1117	Continuing	572	ғой	ғой	linguistic	_		
572-3	SPK1117	Continuing	572	деп	деп	linguistic	_		
572-4	SPK1117	Continuing	572	қалса	қалса	linguistic	_		End=524.080
573-0	SPK1117	Continuing	573	бітті	бітті	linguistic	_		Begin=524.080
573-1	SPK1117	Continuing	573	ғой	ғой	linguistic	_		End=524.410
574-0	SPK1117	Falling	574	ана	ана	linguistic	_		Begin=524.410
574-1	SPK1117	Falling	574	бала	бала	linguistic	_		
574-2	SPK1117	Falling	574	біртүрлі	біртүрлі	linguistic	_		
574-3	SPK1117	Falling	574	болып	болып	linguistic	_		
574-4	SPK1117	Falling	574	қалады	қалады	linguistic	_		
574-5	SPK1117	Falling	574	ғой	ғой	linguistic	_		End=525.971
575-0	SPK1118	Falling	575	Иә	Иә	linguistic	_		Begin=525.360|End=525.910
576-0	SPK1117	undefined	576	Соларды	Соларды	linguistic	_		Begin=526.630
576-1	SPK1117	undefined	576	ойлап	ойлап	linguistic	_		
576-2	SPK1117	undefined	576	ойлап	ойлап	linguistic	_		End=527.350
577-0	SPK1117	Falling	577	қойдым	қойдым	linguistic	_		Begin=527.350
577-1	SPK1117	Falling	577	мен	мен	linguistic	_		End=528.157
578-0	SPK1117	Falling	578	Оқушы	Оқушы	linguistic	_		Begin=528.370
578-1	SPK1117	Falling	578	енді	енді	linguistic	_		
578-2	SPK1117	Falling	578	көбейетін	көбейетін	linguistic	_		
578-3	SPK1117	Falling	578	шығар	шығар	linguistic	_		
578-4	SPK1117	Falling	578	может	может	linguistic	_		
578-5	SPK1117	Falling	578	деп	деп	linguistic	_		
578-6	SPK1117	Falling	578	қалдым	қалдым	linguistic	_		End=530.110
579-0	SPK1118	Falling	579	Иә	Иә	linguistic	_		Begin=530.210|End=530.790
580-0	SPK1117	undefined	580	Әлі	Әлі	linguistic	_		Begin=530.490|End=530.830
581-0	SPK1117	Falling	581	азғантай	азғантай	linguistic	_		Begin=530.830
581-1	SPK1117	Falling	581	ақ	ақ	linguistic	_		End=531.590
582-0	SPK1117	undefined	582	Жаңа	Жаңа	linguistic	_		Begin=532.010|End=532.280
583-0	SPK1117	Continuing	583	есептесем	есептесем	linguistic	_		Begin=532.280|End=533.080
584-0	SPK1117	undefined	584	сол	сол	linguistic	_		Begin=533.530
584-1	SPK1117	undefined	584	он	он	linguistic	_		
584-2	SPK1117	undefined	584	төрт	төрт	linguistic	_		
584-3	SPK1117	undefined	584	ақ	ақ	linguistic	_		
584-4	SPK1117	undefined	584	оқушы	оқушы	linguistic	_		
584-5	SPK1117	undefined	584	екен	екен	linguistic	_		End=534.260
585-0	SPK1117	Falling	585	общий	общий	linguistic	_		Begin=534.260|End=534.780
586-0	SPK1117	undefined	586	Oлардың	Oлардың	linguistic	_		Begin=535.620
586-1	SPK1117	undefined	586	кейбіреуі	кейбіреуі	linguistic	_		End=536.165
587-0	SPK1117	Continuing	587	күнде	күнде	linguistic	_		Begin=536.165
587-1	SPK1117	Continuing	587	келеді	келеді	linguistic	_		End=536.600
588-0	SPK1117	Continuing	588	кейбіреуі	кейбіреуі	linguistic	_		Begin=536.600|End=537.120
589-0	SPK1117	undefined	589	үш	үш	linguistic	_		Begin=537.120
589-1	SPK1117	undefined	589	мәрте	мәрте	linguistic	_		
589-2	SPK1117	undefined	589	келеді	келеді	linguistic	_		End=537.740
590-0	SPK1117	Falling	590	деген	деген	linguistic	_		Begin=537.740
590-1	SPK1117	Falling	590	сияқты	сияқты	linguistic	_		
590-2	SPK1117	Falling	590	ғой	ғой	linguistic	_		End=538.721
591-0	SPK1118	Falling	591	Ммм	Ммм	linguistic	_		Begin=538.180|End=538.730
592-0	SPK1118	Falling	592	Қиын	Қиын	linguistic	_		Begin=541.561|End=542.172
593-0	SPK1117	Continuing	593	Mm	Mm	linguistic	_		Begin=542.375|End=542.735
594-0	SPK1117	Falling	594	бірақ	бірақ	linguistic	_		Begin=542.735
594-1	SPK1117	Falling	594	мына	мына	linguistic	_		
594-2	SPK1117	Falling	594	¬Мектепте	Мектепте	linguistic	_	Anonymized=Yes	
594-3	SPK1117	Falling	594	оқушы	оқушы	linguistic	_		
594-4	SPK1117	Falling	594	нормально	нормально	linguistic	_		
594-5	SPK1117	Falling	594	ғой	ғой	linguistic	_		End=544.420
595-0	SPK1118	undefined	595	Спутникте	Спутникте	linguistic	_		Begin=545.410
595-1	SPK1118	undefined	595	бар	бар	linguistic	_		
595-2	SPK1118	undefined	595	дейсің	дейсің	linguistic	_		
595-3	SPK1118	undefined	595	ба	ба	linguistic	_		End=546.350
596-0	SPK1118	Rising	596	сонда	сонда	linguistic	_		Begin=546.350|End=547.000
597-0	SPK1117	Continuing	597	Мен	Мен	linguistic	_		Begin=547.840
597-1	SPK1117	Continuing	597	осы	осы	linguistic	_		
597-2	SPK1117	Continuing	597	жаққа	жаққа	linguistic	_		
597-3	SPK1117	Continuing	597	бардым	бардым	linguistic	_		
597-4	SPK1117	Continuing	597	ғой	ғой	linguistic	_		End=549.030
598-0	SPK1117	undefined	598	сөйтіп	сөйтіп	linguistic	_		Begin=549.770
598-1	SPK1117	undefined	598	маған	маған	linguistic	_		
598-2	SPK1117	undefined	598	айтты	айтты	linguistic	_		End=550.270
599-0	SPK1117	undefined	599	сізді	сізді	linguistic	_		Begin=550.270|End=550.520
600-0	SPK1117	undefined	600	сентябрьден	сентябрьден	linguistic	_		Begin=550.530
600-1	SPK1117	undefined	600	бастап	бастап	linguistic	_		
600-2	SPK1117	undefined	600	алайық	алайық	linguistic	_		End=551.370
601-0	SPK1117	Continuing	601	бұл	бұл	linguistic	_		Begin=551.370
601-1	SPK1117	Continuing	601	жаққа	жаққа	linguistic	_		
601-2	SPK1117	Continuing	601	деді	деді	linguistic	_		End=552.110
602-0	SPK1117	Continuing	602	августте	августте	linguistic	_		Begin=552.660
602-1	SPK1117	Continuing	602	жұмыс	жұмыс	linguistic	_		
602-2	SPK1117	Continuing	602	пока	пока	linguistic	_		
602-3	SPK1117	Continuing	602	болмай	болмай	linguistic	_		
602-4	SPK1117	Continuing	602	тұр	тұр	linguistic	_		
602-5	SPK1117	Continuing	602	деді	деді	linguistic	_		
602-6	SPK1117	Continuing	602	да	да	linguistic	_		End=554.260
603-0	SPK1117	Interrupted	603	оқ-	оқ	linguistic	_	Interrupted=Yes	Begin=554.380|End=554.525
604-0	SPK1117	Continuing	604	мұғалімдер	мұғалімдер	linguistic	_		Begin=554.525
604-1	SPK1117	Continuing	604	бар	бар	linguistic	_		
604-2	SPK1117	Continuing	604	деп	деп	linguistic	_		End=555.030
605-0	SPK1117	Falling	605	ар	ар	linguistic	_		Begin=555.040
605-1	SPK1117	Falling	605	жақта	жақта	linguistic	_		
605-2	SPK1117	Falling	605	да	да	linguistic	_		
605-3	SPK1117	Falling	605	бар	бар	linguistic	_		
605-4	SPK1117	Falling	605	еді	еді	linguistic	_		
605-5	SPK1117	Falling	605	ғой	ғой	linguistic	_		End=556.040
606-0	SPK1118	Falling	606	Мм	Мм	linguistic	_		Begin=556.040|End=556.530
607-0	SPK1117	Rising	607	Стажировкаға	Стажировкаға	linguistic	_		Begin=556.040
607-1	SPK1117	Rising	607	бір	бір	linguistic	_		
607-2	SPK1117	Rising	607	қыз	қыз	linguistic	_		
607-3	SPK1117	Rising	607	барды	барды	linguistic	_		End=557.670
608-0	SPK1117	undefined	608	если	если	linguistic	_		Begin=557.830
608-1	SPK1117	undefined	608	сол	сол	linguistic	_		End=558.290
609-0	SPK1117	undefined	609	сосын	сосын	linguistic	_		Begin=558.290
609-1	SPK1117	undefined	609	мен	мен	linguistic	_		
609-2	SPK1117	undefined	609	айттым	айттым	linguistic	_		End=558.825
610-0	SPK1117	undefined	610	ол	ол	linguistic	_		Begin=558.825
610-1	SPK1117	undefined	610	қыз	қыз	linguistic	_		
610-2	SPK1117	undefined	610	болмай	болмай	linguistic	_		
610-3	SPK1117	undefined	610	жатса	жатса	linguistic	_		End=559.395
611-0	SPK1117	Continuing	611	онда	онда	linguistic	_		Begin=559.395
611-1	SPK1117	Continuing	611	мені	мені	linguistic	_		
611-2	SPK1117	Continuing	611	шақырыңызшы	шақырыңызшы	linguistic	_		
611-3	SPK1117	Continuing	611	дедім	дедім	linguistic	_		
611-4	SPK1117	Continuing	611	да	да	linguistic	_		End=560.590
612-0	SPK1117	Continuing	612	жарайды	жарайды	linguistic	_		Begin=560.680
612-1	SPK1117	Continuing	612	деп	деп	linguistic	_		End=561.130
613-0	SPK1118	Falling	613	Мхм	Мхм	linguistic	_		Begin=560.740|End=561.230
614-0	SPK1117	Falling	614	сосын	сосын	linguistic	_		Begin=561.140
614-1	SPK1117	Falling	614	ғой	ғой	linguistic	_		
614-2	SPK1117	Falling	614	маған	маған	linguistic	_		
614-3	SPK1117	Falling	614	звондады	звондады	linguistic	_		End=562.130
615-0	SPK1118	Falling	615	Ммм	Ммм	linguistic	_		Begin=562.760|End=563.290
616-0	SPK1117	Falling	616	Сол	Сол	linguistic	_		Begin=562.770
616-1	SPK1117	Falling	616	жақтың	жақтың	linguistic	_		
616-2	SPK1117	Falling	616	админі	админі	linguistic	_		
616-3	SPK1117	Falling	616	звондады	звондады	linguistic	_		End=564.370
617-0	SPK1117	undefined	617	Ыы	Ыы	linguistic	_		Begin=564.370|End=564.645
618-0	SPK1117	Continuing	618	там	там	linguistic	_		Begin=564.645|End=564.977
619-0	SPK1117	undefined	619	сондай	сондай	linguistic	_		Begin=564.980|End=565.220
620-0	SPK1117	Continuing	620	сіздің	сіздің	linguistic	_		Begin=565.230
620-1	SPK1117	Continuing	620	нөмеріңізді	нөмеріңізді	linguistic	_		
620-2	SPK1117	Continuing	620	беріп	беріп	linguistic	_		
620-3	SPK1117	Continuing	620	еді	еді	linguistic	_		End=566.680
621-0	SPK1117	undefined	621	ыы	ыы	linguistic	_		Begin=567.600|End=567.890
622-0	SPK1117	undefined	622	келе	келе	linguistic	_		Begin=567.900
622-1	SPK1117	undefined	622	аласыз	аласыз	linguistic	_		
622-2	SPK1117	undefined	622	ба	ба	linguistic	_		
622-3	SPK1117	undefined	622	бізге	бізге	linguistic	_		End=568.730
623-0	SPK1117	Continuing	623	анау	анау	linguistic	_		Begin=568.730
623-1	SPK1117	Continuing	623	мынау	мынау	linguistic	_		
623-2	SPK1117	Continuing	623	депші	депші	linguistic	_		End=569.440
624-0	SPK1117	Continuing	624	понедельниктен	понедельниктен	linguistic	_		Begin=569.440
624-1	SPK1117	Continuing	624	бастап	бастап	linguistic	_		End=570.130
625-0	SPK1117	Falling	625	деп	деп	linguistic	_		Begin=570.140|End=570.640
626-0	SPK1117	Falling	626	Сөйтіп	Сөйтіп	linguistic	_		Begin=571.410
626-1	SPK1117	Falling	626	жарайды	жарайды	linguistic	_		
626-2	SPK1117	Falling	626	дедім	дедім	linguistic	_		End=572.212
627-0	SPK1117	undefined	627	Сөйтіп	Сөйтіп	linguistic	_		Begin=573.790|End=574.210
628-0	SPK1117	undefined	628	###	###	unknown	_		Begin=574.210|End=575.152
629-0	SPK1117	undefined	629	Бірақ	Бірақ	linguistic	_		Begin=575.152|End=575.510
630-0	SPK1117	undefined	630	бұның	бұның	linguistic	_		Begin=575.510
630-1	SPK1117	undefined	630	да	да	linguistic	_		End=575.870
631-0	SPK1117	Falling	631	жап-жақын	жап-жақын	linguistic	_		Begin=575.880
631-1	SPK1117	Falling	631	екен	екен	linguistic	_		End=576.680
632-0	SPK1118	undefined	632	¬Мектепке	Мектепке	linguistic	_	Anonymized=Yes	Begin=577.660|End=578.090
633-0	SPK1118	undefined	633	барып	барып	linguistic	_		Begin=578.090
633-1	SPK1118	undefined	633	алсаң	алсаң	linguistic	_		End=578.500
634-0	SPK1118	Falling	634	күшті	күшті	linguistic	_		Begin=578.500
634-1	SPK1118	Falling	634	ғой	ғой	linguistic	_		End=579.100
635-0	SPK1117	Continuing	635	Иә	Иә	linguistic	_		Begin=579.240|End=579.920
636-0	SPK1117	Continuing	636	сентябрьде	сентябрьде	linguistic	_		Begin=580.000|End=580.990
637-0	SPK1117	Continuing	637	может	может	linguistic	_		Begin=581.130
637-1	SPK1117	Continuing	637	істей	істей	linguistic	_		
637-2	SPK1117	Continuing	637	берсем	берсем	linguistic	_		End=581.800
638-0	SPK1117	Falling	638	құдай	құдай	linguistic	_		Begin=581.810
638-1	SPK1117	Falling	638	қаласа	қаласа	linguistic	_		End=582.580
639-0	SPK1117	Falling	639	Oсы	Oсы	linguistic	_		Begin=582.590
639-1	SPK1117	Falling	639	жерге	жерге	linguistic	_		
639-2	SPK1117	Falling	639	ауысып	ауысып	linguistic	_		
639-3	SPK1117	Falling	639	алатын	алатын	linguistic	_		
639-4	SPK1117	Falling	639	шығармын	шығармын	linguistic	_		End=583.800
640-0	SPK1117	undefined	640	Андай	Андай	linguistic	_		Begin=584.430|End=585.050
641-0	SPK1117	undefined	641	оқуға	оқуға	linguistic	_		Begin=585.090
641-1	SPK1117	undefined	641	барып	барып	linguistic	_		
641-2	SPK1117	undefined	641	келетін	келетін	linguistic	_		
641-3	SPK1117	undefined	641	болсам	болсам	linguistic	_		
641-4	SPK1117	undefined	641	да	да	linguistic	_		End=586.050
642-0	SPK1117	undefined	642	үлгермей	үлгермей	linguistic	_		Begin=586.050
642-1	SPK1117	undefined	642	жатсам	жатсам	linguistic	_		End=586.600
643-0	SPK1117	undefined	643	жүгіріп	жүгіріп	linguistic	_		Begin=586.600
643-1	SPK1117	undefined	643	бара	бара	linguistic	_		
643-2	SPK1117	undefined	643	саласың	саласың	linguistic	_		
643-3	SPK1117	undefined	643	@	@	linguistic	_		End=587.780
644-0	SPK1118	Continuing	644	Иә	Иә	linguistic	_		Begin=587.180|End=587.950
645-0	SPK1118	Falling	645	он	он	linguistic	_		Begin=588.520
645-1	SPK1118	Falling	645	бес	бес	linguistic	_		
645-2	SPK1118	Falling	645	минутта	минутта	linguistic	_		
645-3	SPK1118	Falling	645	жаяу	жаяу	linguistic	_		
645-4	SPK1118	Falling	645	бара	бара	linguistic	_		
645-5	SPK1118	Falling	645	саласың	саласың	linguistic	_		End=589.860
646-0	SPK1117	Continuing	646	Иә	Иә	linguistic	_		Begin=590.230|End=590.550
647-0	SPK1117	Rising	647	даже	даже	linguistic	_		Begin=590.550
647-1	SPK1117	Rising	647	он	он	linguistic	_		
647-2	SPK1117	Rising	647	минутта	минутта	linguistic	_		
647-3	SPK1117	Rising	647	ма	ма	linguistic	_		End=591.390
648-0	SPK1117	undefined	648	Мына	Мына	linguistic	_		Begin=591.390|End=591.800
649-0	SPK1117	Continuing	649	¬үш	үш	linguistic	_	Anonymized=Yes	Begin=591.800
649-1	SPK1117	Continuing	649	жүз	жүз	linguistic	_		
649-2	SPK1117	Continuing	649	екі	екі	linguistic	_		
649-3	SPK1117	Continuing	649	мектептің	мектептің	linguistic	_		
649-4	SPK1117	Continuing	649	арғы	арғы	linguistic	_		
649-5	SPK1117	Continuing	649	жағында	жағында	linguistic	_		End=593.340
650-0	SPK1117	Interrupted	650	бір	бір	linguistic	_		Begin=593.570
650-1	SPK1117	Interrupted	650	екі	екі	linguistic	_		
650-2	SPK1117	Interrupted	650	дом-	дом	linguistic	_	Interrupted=Yes	End=593.920
651-0	SPK1117	Continuing	651	садик	садик	linguistic	_		Begin=593.930|End=594.660
652-0	SPK1117	Interrupted	652	екі	екі	linguistic	_		Begin=594.850
652-1	SPK1117	Interrupted	652	жүз-	жүз	linguistic	_	Interrupted=Yes	End=595.140
653-0	SPK1118	undefined	653	А	А	linguistic	_		Begin=594.910|End=595.300
654-0	SPK1118	Rising	654	сен	сен	linguistic	_		Begin=595.300
654-1	SPK1118	Rising	654	домдардың	домдардың	linguistic	_		
654-2	SPK1118	Rising	654	арасымен	арасымен	linguistic	_		
654-3	SPK1118	Rising	654	барасың	барасың	linguistic	_		
654-4	SPK1118	Rising	654	иә	иә	linguistic	_		End=596.820
655-0	SPK1117	Rising	655	мектеп	мектеп	linguistic	_		Begin=595.310
655-1	SPK1117	Rising	655	екен	екен	linguistic	_		End=595.830
656-0	SPK1117	undefined	656	Иә	Иә	linguistic	_		Begin=596.525|End=596.795
657-0	SPK1117	Continuing	657	¬Үш	Үш	linguistic	_	Anonymized=Yes	Begin=596.795
657-1	SPK1117	Continuing	657	жүз	жүз	linguistic	_		
657-2	SPK1117	Continuing	657	екінші	екінші	linguistic	_		
657-3	SPK1117	Continuing	657	мектеп	мектеп	linguistic	_		
657-4	SPK1117	Continuing	657	екен	екен	linguistic	_		End=597.690
658-0	SPK1117	Continuing	658	садик	садик	linguistic	_		Begin=597.700
658-1	SPK1117	Continuing	658	екен	екен	linguistic	_		End=598.250
659-0	SPK1117	undefined	659	садиктан	садиктан	linguistic	_		Begin=598.250
659-1	SPK1117	undefined	659	кейін	кейін	linguistic	_		
659-2	SPK1117	undefined	659	бір	бір	linguistic	_		End=599.110
660-0	SPK1117	Interrupted	660	бір	бір	linguistic	_		Begin=599.120
660-1	SPK1117	Interrupted	660	екі-	екі	linguistic	_	Interrupted=Yes	End=599.490
661-0	SPK1117	undefined	661	бір	бір	linguistic	_		Begin=599.490|End=599.770
662-0	SPK1117	Continuing	662	дом	дом	linguistic	_		Begin=599.780
662-1	SPK1117	Continuing	662	бар	бар	linguistic	_		End=600.380
663-0	SPK1117	Falling	663	тура	тура	linguistic	_		Begin=600.580
663-1	SPK1117	Falling	663	сол	сол	linguistic	_		
663-2	SPK1117	Falling	663	домның	домның	linguistic	_		
663-3	SPK1117	Falling	663	жаны	жаны	linguistic	_		End=601.750
664-0	SPK1118	Falling	664	Ммм	Ммм	linguistic	_		Begin=601.950|End=602.520
665-0	SPK1118	Falling	665	Бірақ	Бірақ	linguistic	_		Begin=604.250
665-1	SPK1118	Falling	665	мен	мен	linguistic	_		
665-2	SPK1118	Falling	665	домдардың	домдардың	linguistic	_		
665-3	SPK1118	Falling	665	арасымен	арасымен	linguistic	_		
665-4	SPK1118	Falling	665	жүруге	жүруге	linguistic	_		
665-5	SPK1118	Falling	665	қорқамын	қорқамын	linguistic	_		End=605.930
666-0	SPK1117	undefined	666	Жоқ	Жоқ	linguistic	_		Begin=606.140
666-1	SPK1117	undefined	666	андай:	андай	linguistic	_	Prolongation=4	End=606.660
667-0	SPK1117	Continuing	667	жүретін	жүретін	linguistic	_		Begin=606.660
667-1	SPK1117	Continuing	667	емес	емес	linguistic	_		End=607.590
668-0	SPK1118	Rising	668	Кәдімгі	Кәдімгі	linguistic	_		Begin=608.320
668-1	SPK1118	Rising	668	жолдар	жолдар	linguistic	_		
668-2	SPK1118	Rising	668	ғой	ғой	linguistic	_		End=609.130
669-0	SPK1117	Interrupted	669	Әшейін-	Әшейін	linguistic	_	Interrupted=Yes	Begin=608.390|End=608.780
670-0	SPK1118	Continuing	670	білемін	білемін	linguistic	_		Begin=609.130|End=609.510
671-0	SPK1118	Falling	671	иә	иә	linguistic	_		Begin=609.510|End=610.000
672-0	SPK1117	Falling	672	Мм	Мм	linguistic	_		Begin=609.934|End=610.310
673-0	SPK1118	undefined	673	Бірақ	Бірақ	linguistic	_		Begin=610.280
673-1	SPK1118	undefined	673	бәрі-бір	бәрі-бір	linguistic	_		
673-2	SPK1118	undefined	673	андай	андай	linguistic	_		End=610.900
674-0	SPK1118	Continuing	674	мен	мен	linguistic	_		Begin=610.900
674-1	SPK1118	Continuing	674	өз	өз	linguistic	_		
674-2	SPK1118	Continuing	674	басым	басым	linguistic	_		
674-3	SPK1118	Continuing	674	былай	былай	linguistic	_		
674-4	SPK1118	Continuing	674	жүруге	жүруге	linguistic	_		
674-5	SPK1118	Continuing	674	қорқамын	қорқамын	linguistic	_		
674-6	SPK1118	Continuing	674	да	да	linguistic	_		End=612.420
675-0	SPK1117	Falling	675	Aaa	Aaa	linguistic	_		Begin=611.285|End=611.785
676-0	SPK1118	Continuing	676	күндіз	күндіз	linguistic	_		Begin=612.420
676-1	SPK1118	Continuing	676	болса	болса	linguistic	_		
676-2	SPK1118	Continuing	676	да	да	linguistic	_		End=613.250
677-0	SPK1118	Falling	677	білмеймін	білмеймін	linguistic	_		Begin=613.250
677-1	SPK1118	Falling	677	неғып	неғып	linguistic	_		
677-2	SPK1118	Falling	677	қорқамын	қорқамын	linguistic	_		End=614.310
678-0	SPK1117	Rising	678	Бірақ	Бірақ	linguistic	_		Begin=614.600
678-1	SPK1117	Rising	678	мына	мына	linguistic	_		
678-2	SPK1117	Rising	678	жердің	жердің	linguistic	_		
678-3	SPK1117	Rising	678	өзі	өзі	linguistic	_		
678-4	SPK1117	Rising	678	біртүрлі	біртүрлі	linguistic	_		
678-5	SPK1117	Rising	678	сияқты	сияқты	linguistic	_		
678-6	SPK1117	Rising	678	иә	иә	linguistic	_		End=615.740
679-0	SPK1117	Rising	679	мусордан	мусордан	linguistic	_		Begin=615.750
679-1	SPK1117	Rising	679	өткеннен	өткеннен	linguistic	_		
679-2	SPK1117	Rising	679	кейін	кейін	linguistic	_		
679-3	SPK1117	Rising	679	иә	иә	linguistic	_		End=617.120
680-0	SPK1118	undefined	680	Білмеймін	Білмеймін	linguistic	_		Begin=617.050|End=617.320
681-0	SPK1118	undefined	681	таңертең	таңертең	linguistic	_		Begin=617.330|End=617.810
682-0	SPK1117	undefined	682	жан-жақта	жан-жақта	linguistic	_		Begin=617.787|End=618.090
683-0	SPK1118	undefined	683	зытып	зытып	linguistic	_		Begin=617.810
683-1	SPK1118	undefined	683	өтемін	өтемін	linguistic	_		
683-2	SPK1118	undefined	683	ғой	ғой	linguistic	_		End=618.620
684-0	SPK1117	undefined	684	жан-жақ	жан-жақ	linguistic	_		Begin=618.090|End=618.502
685-0	SPK1117	Interrupted	685	жан-жақ-	жан-жақ	linguistic	_	Interrupted=Yes	Begin=618.502|End=618.680
686-0	SPK1118	undefined	686	тык	тык	linguistic	_		Begin=618.620
686-1	SPK1118	undefined	686	тык	тык	linguistic	_		
686-2	SPK1118	undefined	686	тык	тык	linguistic	_		
686-3	SPK1118	undefined	686	##	##	unknown	_		End=619.890
687-0	SPK1117	Falling	687	жан-жағының	жан-жағының	linguistic	_		Begin=618.680
687-1	SPK1117	Falling	687	бәрі	бәрі	linguistic	_		
687-2	SPK1117	Falling	687	жабық	жабық	linguistic	_		
687-3	SPK1117	Falling	687	қой	қой	linguistic	_		End=619.960
688-0	SPK1118	Continuing	688	Иә	Иә	linguistic	_		Begin=620.170|End=620.430
689-0	SPK1118	undefined	689	##	##	unknown	_		Begin=620.430|End=621.180
690-0	SPK1118	undefined	690	біреу	біреу	linguistic	_		Begin=621.730
690-1	SPK1118	undefined	690	қарап	қарап	linguistic	_		End=622.075
691-0	SPK1118	undefined	691	тұрған	тұрған	linguistic	_		Begin=622.080
691-1	SPK1118	undefined	691	сияқты	сияқты	linguistic	_		
691-2	SPK1118	undefined	691	болып	болып	linguistic	_		
691-3	SPK1118	undefined	691	көрінеді	көрінеді	linguistic	_		End=622.860
692-0	SPK1118	Falling	692	маған	маған	linguistic	_		Begin=622.860|End=623.480
693-0	SPK1117	Interrupted	693	Әйтеуір-	Әйтеуір	linguistic	_	Interrupted=Yes	Begin=624.750|End=625.430
694-0	SPK1117	undefined	694	әйтеуір	әйтеуір	linguistic	_		Begin=625.440|End=625.705
695-0	SPK1117	undefined	695	осы	осы	linguistic	_		Begin=625.705
695-1	SPK1117	undefined	695	жақта	жақта	linguistic	_		End=626.100
696-0	SPK1117	Falling	696	оқушы	оқушы	linguistic	_		Begin=626.100
696-1	SPK1117	Falling	696	көп-ау	көп-ау	linguistic	_		
696-2	SPK1117	Falling	696	дегендей	дегендей	linguistic	_		
696-3	SPK1117	Falling	696	қылды	қылды	linguistic	_		End=627.450
697-0	SPK1117	Interrupted	697	Алдында	Алдында	linguistic	_		Begin=627.690
697-1	SPK1117	Interrupted	697	орыс-	орыс	linguistic	_	Interrupted=Yes	End=628.240
698-0	SPK1117	undefined	698	орыс	орыс	linguistic	_		Begin=628.240
698-1	SPK1117	undefined	698	бала	бала	linguistic	_		
698-2	SPK1117	undefined	698	келді	келді	linguistic	_		
698-3	SPK1117	undefined	698	ғой	ғой	linguistic	_		End=628.980
699-0	SPK1117	undefined	699	орысша	орысша	linguistic	_		Begin=628.980|End=629.490
700-0	SPK1117	Continuing	700	өте	өте	linguistic	_		Begin=629.490
700-1	SPK1117	Continuing	700	аласыз	аласыз	linguistic	_		
700-2	SPK1117	Continuing	700	ба	ба	linguistic	_		
700-3	SPK1117	Continuing	700	деп	деп	linguistic	_		
700-4	SPK1117	Continuing	700	айтты	айтты	linguistic	_		
700-5	SPK1117	Continuing	700	дедім	дедім	linguistic	_		
700-6	SPK1117	Continuing	700	ғой	ғой	linguistic	_		End=630.980
701-0	SPK1118	Falling	701	@	@	linguistic	_		Begin=630.120
701-1	SPK1118	Falling	701	Аха	Аха	linguistic	_		End=631.020
702-0	SPK1117	undefined	702	сол	сол	linguistic	_		Begin=631.030|End=631.455
703-0	SPK1117	undefined	703	оқушыны	оқушыны	linguistic	_		Begin=631.455|End=631.815
704-0	SPK1117	Continuing	704	¬Мектепке	Мектепке	linguistic	_	Anonymized=Yes	Begin=631.820
704-1	SPK1117	Continuing	704	жіберіп	жіберіп	linguistic	_		
704-2	SPK1117	Continuing	704	жіберіпті	жіберіпті	linguistic	_		
704-3	SPK1117	Continuing	704	ғой	ғой	linguistic	_		End=632.860
705-0	SPK1117	Falling	705	Сол	Сол	linguistic	_		Begin=632.860
705-1	SPK1117	Falling	705	жаққа	жаққа	linguistic	_		
705-2	SPK1117	Falling	705	барыңызшы	барыңызшы	linguistic	_		
705-3	SPK1117	Falling	705	деп	деп	linguistic	_		End=633.940
706-0	SPK1118	Falling	706	Ммм	Ммм	linguistic	_		Begin=632.940|End=633.973
707-0	SPK1117	Continuing	707	Бұларға	Бұларға	linguistic	_		Begin=634.740|End=635.330
708-0	SPK1117	Continuing	708	походу	походу	linguistic	_		Begin=635.330|End=635.820
709-0	SPK1117	Continuing	709	андай	андай	linguistic	_		Begin=635.830|End=636.410
710-0	SPK1117	Continuing	710	мұғалім	мұғалім	linguistic	_		Begin=636.410
710-1	SPK1117	Continuing	710	керек	керек	linguistic	_		End=636.900
711-0	SPK1117	Continuing	711	типа	типа	linguistic	_		Begin=636.900|End=637.380
712-0	SPK1117	Continuing	712	орысша	орысша	linguistic	_		Begin=637.820
712-1	SPK1117	Continuing	712	қазақша	қазақша	linguistic	_		
712-2	SPK1117	Continuing	712	білетін	білетін	linguistic	_		End=639.190
713-0	SPK1118	Falling	713	Мхм	Мхм	linguistic	_		Begin=639.240|End=639.850
714-0	SPK1117	Continuing	714	и	и	linguistic	_		Begin=639.270
714-1	SPK1117	Continuing	714	екі	екі	linguistic	_		
714-2	SPK1117	Continuing	714	тілде	тілде	linguistic	_		
714-3	SPK1117	Continuing	714	де	де	linguistic	_		
714-4	SPK1117	Continuing	714	бере	бере	linguistic	_		
714-5	SPK1117	Continuing	714	алатын	алатын	linguistic	_		End=641.090
715-0	SPK1117	undefined	715	физиканы	физиканы	linguistic	_		Begin=641.290
715-1	SPK1117	undefined	715	да	да	linguistic	_		End=641.690
716-0	SPK1117	Continuing	716	былай	былай	linguistic	_		Begin=641.690
716-1	SPK1117	Continuing	716	бере	бере	linguistic	_		
716-2	SPK1117	Continuing	716	алатын	алатын	linguistic	_		End=642.440
717-0	SPK1117	undefined	717	общим	общим	linguistic	_		Begin=642.450|End=642.820
718-0	SPK1117	Falling	718	сондай	сондай	linguistic	_		Begin=642.820
718-1	SPK1117	Falling	718	адам	адам	linguistic	_		
718-2	SPK1117	Falling	718	керек-ау	керек-ау	linguistic	_		
718-3	SPK1117	Falling	718	дедім	дедім	linguistic	_		End=644.530
719-0	SPK1118	Falling	719	Ммм	Ммм	linguistic	_		Begin=644.100|End=644.740
720-0	SPK1117	Continuing	720	Өстіп	Өстіп	linguistic	_		Begin=644.580
720-1	SPK1117	Continuing	720	сол	сол	linguistic	_		
720-2	SPK1117	Continuing	720	бір	бір	linguistic	_		
720-3	SPK1117	Continuing	720	адамды	адамды	linguistic	_		
720-4	SPK1117	Continuing	720	алып	алып	linguistic	_		
720-5	SPK1117	Continuing	720	қояды	қояды	linguistic	_		End=645.550
721-0	SPK1117	undefined	721	и	и	linguistic	_		Begin=645.560
721-1	SPK1117	undefined	721	сол	сол	linguistic	_		
721-2	SPK1117	undefined	721	бір	бір	linguistic	_		
721-3	SPK1117	undefined	721	адам	адам	linguistic	_		End=646.410
722-0	SPK1117	Continuing	722	бере	бере	linguistic	_		Begin=646.410
722-1	SPK1117	Continuing	722	береді	береді	linguistic	_		
722-2	SPK1117	Continuing	722	да	да	linguistic	_		End=647.240
723-0	SPK1118	Continuing	723	Ааа	Ааа	linguistic	_		Begin=647.210|End=647.580
724-0	SPK1117	Falling	724	оқушыларға	оқушыларға	linguistic	_		Begin=647.240|End=648.250
725-0	SPK1118	Falling	725	иә	иә	linguistic	_		Begin=647.580
725-1	SPK1118	Falling	725	иә	иә	linguistic	_		End=648.320
726-0	SPK1117	Falling	726	Сондай	Сондай	linguistic	_		Begin=648.470
726-1	SPK1117	Falling	726	сияқты	сияқты	linguistic	_		End=649.190
727-0	SPK1117	Continuing	727	Өзіңнің	Өзіңнің	linguistic	_		Begin=650.560
727-1	SPK1117	Continuing	727	жеке	жеке	linguistic	_		
727-2	SPK1117	Continuing	727	кабинетің	кабинетің	linguistic	_		
727-3	SPK1117	Continuing	727	бар	бар	linguistic	_		End=651.550
728-0	SPK1117	undefined	728	рахат	рахат	linguistic	_		Begin=651.550|End=651.840
729-0	SPK1117	undefined	729	отырасың	отырасың	linguistic	_		Begin=651.840
729-1	SPK1117	undefined	729	@@@	@@@	linguistic	_		End=653.210
730-0	SPK1117	undefined	730	Мұғалім	Мұғалім	linguistic	_		Begin=653.276|End=653.850
731-0	SPK1117	undefined	731	яғни	яғни	linguistic	_		Begin=653.850
731-1	SPK1117	undefined	731	оқушылар	оқушылар	linguistic	_		
731-2	SPK1117	undefined	731	жоқ	жоқ	linguistic	_		
731-3	SPK1117	undefined	731	болса	болса	linguistic	_		
731-4	SPK1117	undefined	731	есікті	есікті	linguistic	_		
731-5	SPK1117	undefined	731	жауып	жауып	linguistic	_		
731-6	SPK1117	undefined	731	аламын	аламын	linguistic	_		
731-7	SPK1117	undefined	731	дағы	дағы	linguistic	_		
731-8	SPK1117	undefined	731	жаңағы	жаңағы	linguistic	_		End=655.930
732-0	SPK1117	Continuing	732	отырамын:	отырамын	linguistic	_	Prolongation=7	Begin=655.930|End=656.600
733-0	SPK1117	Continuing	733	білгенімді	білгенімді	linguistic	_		Begin=656.600
733-1	SPK1117	Continuing	733	істеп:	істеп	linguistic	_	Prolongation=4	End=657.940
734-0	SPK1117	Continuing	734	оқушылар	оқушылар	linguistic	_		Begin=658.760
734-1	SPK1117	Continuing	734	келеді	келеді	linguistic	_		End=659.690
735-0	SPK1117	Continuing	735	өздері	өздері	linguistic	_		Begin=659.690|End=660.320
736-0	SPK1117	Continuing	736	сол	сол	linguistic	_		Begin=660.320
736-1	SPK1117	Continuing	736	кезде	кезде	linguistic	_		End=660.760
737-0	SPK1117	Falling	737	сабақ	сабақ	linguistic	_		Begin=660.770
737-1	SPK1117	Falling	737	өтемін	өтемін	linguistic	_		End=661.550
738-0	SPK1117	undefined	738	Көбінесе	Көбінесе	linguistic	_		Begin=662.190|End=662.590
739-0	SPK1117	undefined	739	бос	бос	linguistic	_		Begin=662.600
739-1	SPK1117	undefined	739	отырып	отырып	linguistic	_		
739-2	SPK1117	undefined	739	қалып	қалып	linguistic	_		End=663.420
740-0	SPK1117	Falling	740	жатырмын	жатырмын	linguistic	_		Begin=663.430
740-1	SPK1117	Falling	740	ғой	ғой	linguistic	_		End=664.230
741-0	SPK1118	Falling	741	Ммм	Ммм	linguistic	_		Begin=664.420|End=665.070
742-0	SPK1117	Continuing	742	Көбінесе	Көбінесе	linguistic	_		Begin=665.130
742-1	SPK1117	Continuing	742	емес	емес	linguistic	_		End=665.740
743-0	SPK1117	undefined	743	бір	бір	linguistic	_		Begin=666.040
743-1	SPK1117	undefined	743	екі	екі	linguistic	_		
743-2	SPK1117	undefined	743	үш	үш	linguistic	_		End=666.370
744-0	SPK1117	undefined	744	екі	екі	linguistic	_		Begin=666.370
744-1	SPK1117	undefined	744	үш	үш	linguistic	_		End=666.670
745-0	SPK1117	Falling	745	сағат	сағат	linguistic	_		Begin=666.680|End=667.130
746-0	SPK1117	Falling	746	Ішім	Ішім	linguistic	_		Begin=668.270
746-1	SPK1117	Falling	746	пысып	пысып	linguistic	_		
746-2	SPK1117	Falling	746	кетеді	кетеді	linguistic	_		End=668.990
747-0	SPK1117	Continuing	747	Ұйықтап	Ұйықтап	linguistic	_		Begin=668.990
747-1	SPK1117	Continuing	747	алайын	алайын	linguistic	_		
747-2	SPK1117	Continuing	747	десең	десең	linguistic	_		End=669.850
748-0	SPK1117	Continuing	748	ыңғайсыз	ыңғайсыз	linguistic	_		Begin=669.860|End=670.230
749-0	SPK1117	undefined	749	ұйықтай	ұйықтай	linguistic	_		Begin=670.240
749-1	SPK1117	undefined	749	алмайсыңшы	алмайсыңшы	linguistic	_		End=670.920
750-0	SPK1117	Falling	750	бәрі-бір	бәрі-бір	linguistic	_		Begin=670.920|End=671.370
751-0	SPK1118	Falling	751	Мхм	Мхм	linguistic	_		Begin=671.440|End=671.880
752-0	SPK1117	Falling	752	Сол	Сол	linguistic	_		Begin=673.020
752-1	SPK1117	Falling	752	жағы	жағы	linguistic	_		
752-2	SPK1117	Falling	752	ыңғайсыз	ыңғайсыз	linguistic	_		End=673.830
753-0	SPK1117	undefined	753	Обедті:	Обедті	linguistic	_	Prolongation=5	Begin=674.270|End=674.980
754-0	SPK1117	Falling	754	бір	бір	linguistic	_		Begin=674.980
754-1	SPK1117	Falling	754	бәле	бәле	linguistic	_		
754-2	SPK1117	Falling	754	қылу	қылу	linguistic	_		
754-3	SPK1117	Falling	754	керек	керек	linguistic	_		
754-4	SPK1117	Falling	754	еді	еді	linguistic	_		
754-5	SPK1117	Falling	754	маған	маған	linguistic	_		End=676.180
755-0	SPK1117	Falling	755	Үйден	Үйден	linguistic	_		Begin=676.510
755-1	SPK1117	Falling	755	тамақ	тамақ	linguistic	_		
755-2	SPK1117	Falling	755	алып	алып	linguistic	_		
755-3	SPK1117	Falling	755	кетемін	кетемін	linguistic	_		
755-4	SPK1117	Falling	755	ғой	ғой	linguistic	_		
755-5	SPK1117	Falling	755	деймін	деймін	linguistic	_		
755-6	SPK1117	Falling	755	енді	енді	linguistic	_		End=678.250
756-0	SPK1118	Falling	756	Салып	Салып	linguistic	_		Begin=678.257
756-1	SPK1118	Falling	756	алып	алып	linguistic	_		
756-2	SPK1118	Falling	756	кетсей	кетсей	linguistic	_		End=679.050
757-0	SPK1117	Continuing	757	Иә	Иә	linguistic	_		Begin=679.510|End=679.730
758-0	SPK1118	Falling	758	контейнерге	контейнерге	linguistic	_		Begin=679.540|End=680.350
759-0	SPK1117	Continuing	759	сол	сол	linguistic	_		Begin=679.730|End=680.310
760-0	SPK1117	Continuing	760	сөйту	сөйту	linguistic	_		Begin=680.310
760-1	SPK1117	Continuing	760	керек	керек	linguistic	_		
760-2	SPK1117	Continuing	760	сияқты	сияқты	linguistic	_		End=680.860
761-0	SPK1117	Continuing	761	а	а	linguistic	_		Begin=680.870
761-1	SPK1117	Continuing	761	то	то	linguistic	_		End=681.520
762-0	SPK1117	undefined	762	магазинге	магазинге	linguistic	_		Begin=681.691|End=682.270
763-0	SPK1117	undefined	763	ар	ар	linguistic	_		Begin=682.270
763-1	SPK1117	undefined	763	жаққа	жаққа	linguistic	_		
763-2	SPK1117	undefined	763	өтесің	өтесің	linguistic	_		End=683.140
764-0	SPK1117	Continuing	764	ещё	ещё	linguistic	_		Begin=683.145|End=683.665
765-0	SPK1118	undefined	765	Ақша	Ақша	linguistic	_		Begin=684.270|End=684.700
766-0	SPK1117	Continuing	766	қымбат	қымбат	linguistic	_		Begin=684.330
766-1	SPK1117	Continuing	766	та	та	linguistic	_		
766-2	SPK1117	Continuing	766	екен	екен	linguistic	_		End=684.860
767-0	SPK1118	Falling	767	ещё	ещё	linguistic	_		Begin=684.700|End=685.160
768-0	SPK1117	undefined	768	ыыы	ыыы	linguistic	_		Begin=684.860|End=685.450
769-0	SPK1117	undefined	769	уже	уже	linguistic	_		Begin=685.460|End=685.788
770-0	SPK1117	Rising	770	екі	екі	linguistic	_		Begin=685.788
770-1	SPK1117	Rising	770	күн	күн	linguistic	_		
770-2	SPK1117	Rising	770	бардым	бардым	linguistic	_		
770-3	SPK1117	Rising	770	ба	ба	linguistic	_		End=686.708
771-0	SPK1117	Falling	771	екі	екі	linguistic	_		Begin=686.710
771-1	SPK1117	Falling	771	мың	мың	linguistic	_		
771-2	SPK1117	Falling	771	теңгем	теңгем	linguistic	_		
771-3	SPK1117	Falling	771	кетіп	кетіп	linguistic	_		
771-4	SPK1117	Falling	771	қалдышы	қалдышы	linguistic	_		
771-5	SPK1117	Falling	771	уже	уже	linguistic	_		End=688.499
772-0	SPK1118	undefined	772	Мә:	Мә	linguistic	_	Prolongation=1	Begin=687.770|End=688.560
773-0	SPK1117	Continuing	773	Қымбат	Қымбат	linguistic	_		Begin=688.810|End=689.350
774-0	SPK1117	Falling	774	екі	екі	linguistic	_		Begin=690.740
774-1	SPK1117	Falling	774	мың	мың	linguistic	_		
774-2	SPK1117	Falling	774	теңгем	теңгем	linguistic	_		
774-3	SPK1117	Falling	774	кетіп	кетіп	linguistic	_		
774-4	SPK1117	Falling	774	қалды	қалды	linguistic	_		End=691.720
775-0	SPK1117	Falling	775	Мә	Мә	linguistic	_		Begin=691.720
775-1	SPK1117	Falling	775	деп	деп	linguistic	_		
775-2	SPK1117	Falling	775	жыным	жыным	linguistic	_		
775-3	SPK1117	Falling	775	келді	келді	linguistic	_		End=692.770
776-0	SPK1117	undefined	776	Сөйтсем	Сөйтсем	linguistic	_		Begin=692.940|End=693.100
777-0	SPK1117	undefined	777	микроволновка	микроволновка	linguistic	_		Begin=693.100|End=693.970
778-0	SPK1117	undefined	778	к-	к	linguistic	_	Interrupted=Yes	Begin=693.970
778-1	SPK1117	undefined	778	несі	несі	linguistic	_		End=694.690
779-0	SPK1117	undefined	779	тефаль	тефаль	linguistic	_		Begin=694.690|End=695.040
780-0	SPK1117	Continuing	780	бәрі	бәрі	linguistic	_		Begin=695.040
780-1	SPK1117	Continuing	780	бар	бар	linguistic	_		
780-2	SPK1117	Continuing	780	екен	екен	linguistic	_		
780-3	SPK1117	Continuing	780	да	да	linguistic	_		End=695.920
781-0	SPK1117	Continuing	781	үйден	үйден	linguistic	_		Begin=697.170
781-1	SPK1117	Continuing	781	тамақ	тамақ	linguistic	_		
781-2	SPK1117	Continuing	781	алып	алып	linguistic	_		
781-3	SPK1117	Continuing	781	барып	барып	linguistic	_		End=698.060
782-0	SPK1117	undefined	782	чай	чай	linguistic	_		Begin=698.060
782-1	SPK1117	undefined	782	ішіп:	ішіп	linguistic	_	Prolongation=3	End=698.600
783-0	SPK1117	Falling	783	отырсам	отырсам	linguistic	_		Begin=698.600
783-1	SPK1117	Falling	783	болады	болады	linguistic	_		
783-2	SPK1117	Falling	783	екен	екен	linguistic	_		
783-3	SPK1117	Falling	783	ғой	ғой	linguistic	_		
783-4	SPK1117	Falling	783	дедім	дедім	linguistic	_		End=699.770
784-0	SPK1118	Falling	784	Иә	Иә	linguistic	_		Begin=699.590|End=700.090
785-0	SPK1117	undefined	785	Tем	Tем	linguistic	_		Begin=700.040
785-1	SPK1117	undefined	785	более	более	linguistic	_		
785-2	SPK1117	undefined	785	бірден	бірден	linguistic	_		
785-3	SPK1117	undefined	785	екіге	екіге	linguistic	_		
785-4	SPK1117	undefined	785	дейін	дейін	linguistic	_		
785-5	SPK1117	undefined	785	обед	обед	linguistic	_		
785-6	SPK1117	undefined	785	деп	деп	linguistic	_		
785-7	SPK1117	undefined	785	қойған	қойған	linguistic	_		
785-8	SPK1117	undefined	785	ғой	ғой	linguistic	_		End=701.450
786-0	SPK1117	Continuing	786	күшті	күшті	linguistic	_		Begin=701.450
786-1	SPK1117	Continuing	786	екен	екен	linguistic	_		End=701.800
787-0	SPK1117	Falling	787	сонысы	сонысы	linguistic	_		Begin=701.810
787-1	SPK1117	Falling	787	ұнап	ұнап	linguistic	_		
787-2	SPK1117	Falling	787	қалды	қалды	linguistic	_		
787-3	SPK1117	Falling	787	маған	маған	linguistic	_		End=702.720
788-0	SPK1118	undefined	788	Мм	Мм	linguistic	_		Begin=703.970|End=704.380
789-0	SPK1118	Falling	789	күшті	күшті	linguistic	_		Begin=704.380|End=705.050
790-0	SPK1118	undefined	790	еее:	еее	linguistic	_	Prolongation=2	Begin=708.880|End=709.280
791-0	SPK1118	Falling	791	бопты	бопты	linguistic	_		Begin=709.280|End=709.880
792-0	SPK1117	Falling	792	Пока	Пока	linguistic	_		Begin=710.060
792-1	SPK1117	Falling	792	нормально	нормально	linguistic	_		End=710.830
793-0	SPK1117	Rising	793	Соған	Соған	linguistic	_		Begin=711.130
793-1	SPK1117	Rising	793	осы	осы	linguistic	_		
793-2	SPK1117	Rising	793	ғой	ғой	linguistic	_		End=711.910
794-0	SPK1117	undefined	794	мұндай	мұндай	linguistic	_		Begin=711.910
794-1	SPK1117	undefined	794	нормально	нормально	linguistic	_		
794-2	SPK1117	undefined	794	болып	болып	linguistic	_		
794-3	SPK1117	undefined	794	жатқанға	жатқанға	linguistic	_		End=712.900
795-0	SPK1117	undefined	795	ана	ана	linguistic	_		Begin=712.900
795-1	SPK1117	undefined	795	мектеп	мектеп	linguistic	_		End=713.470
796-0	SPK1117	undefined	796	ана	ана	linguistic	_		Begin=713.470|End=713.790
797-0	SPK1117	undefined	797	вообще	вообще	linguistic	_		Begin=713.790|End=714.000
798-0	SPK1117	Continuing	798	қолмен	қолмен	linguistic	_		Begin=714.000
798-1	SPK1117	Continuing	798	көрмей	көрмей	linguistic	_		
798-2	SPK1117	Continuing	798	ақ	ақ	linguistic	_		
798-3	SPK1117	Continuing	798	қояйын	қояйын	linguistic	_		
798-4	SPK1117	Continuing	798	ба	ба	linguistic	_		
798-5	SPK1117	Continuing	798	деп	деп	linguistic	_		
798-6	SPK1117	Continuing	798	жатқанымшы	жатқанымшы	linguistic	_		End=715.620
799-0	SPK1118	Rising	799	Бұның	Бұның	linguistic	_		Begin=716.910
799-1	SPK1118	Rising	799	зарплатасын	зарплатасын	linguistic	_		
799-2	SPK1118	Rising	799	айтты	айтты	linguistic	_		
799-3	SPK1118	Rising	799	ма	ма	linguistic	_		End=717.750
800-0	SPK1118	Rising	800	саған	саған	linguistic	_		Begin=717.750|End=718.590
801-0	SPK1117	Interrupted	801	Айтпа-	Айтпа	linguistic	_	Interrupted=Yes	Begin=718.000|End=718.220
802-0	SPK1117	Continuing	802	айтпадым	айтпадым	linguistic	_		Begin=718.230
802-1	SPK1117	Continuing	802	ғой	ғой	linguistic	_		End=718.710
803-0	SPK1118	Rising	803	айтпады	айтпады	linguistic	_		Begin=718.590
803-1	SPK1118	Rising	803	ма	ма	linguistic	_		End=719.592
804-0	SPK1117	Falling	804	айтпады	айтпады	linguistic	_		Begin=718.710
804-1	SPK1117	Falling	804	деп	деп	linguistic	_		End=719.533
805-0	SPK1117	Rising	805	Қайсысы	Қайсысы	linguistic	_		Begin=720.250|End=720.710
806-0	SPK1118	undefined	806	ой	ой	linguistic	_		Begin=720.340
806-1	SPK1118	undefined	806	біліп	біліп	linguistic	_		
806-2	SPK1118	undefined	806	алсайшы	алсайшы	linguistic	_		End=721.300
807-0	SPK1118	Falling	807	мынаны	мынаны	linguistic	_		Begin=721.300|End=721.950
808-0	SPK1117	Rising	808	Zoom-ға	Zoom-ға	linguistic	_		Begin=722.070
808-1	SPK1117	Rising	808	өтейін	өтейін	linguistic	_		
808-2	SPK1117	Rising	808	деп	деп	linguistic	_		
808-3	SPK1117	Rising	808	жатқан	жатқан	linguistic	_		
808-4	SPK1117	Rising	808	ба	ба	linguistic	_		End=723.080
809-0	SPK1118	Continuing	809	Жоқ	Жоқ	linguistic	_		Begin=723.010|End=723.280
810-0	SPK1118	Falling	810	мынау	мынау	linguistic	_		Begin=723.280|End=723.790
811-0	SPK1117	Rising	811	Айтты	Айтты	linguistic	_		Begin=723.880
811-1	SPK1117	Rising	811	ғой	ғой	linguistic	_		End=724.520
812-0	SPK1118	Rising	812	Қанша	Қанша	linguistic	_		Begin=724.540
812-1	SPK1118	Rising	812	деді	деді	linguistic	_		End=725.020
813-0	SPK1118	undefined	813	А	А	linguistic	_		Begin=725.020|End=725.370
814-0	SPK1118	Continuing	814	иә	иә	linguistic	_		Begin=725.380|End=725.732
815-0	SPK1118	undefined	815	жүз	жүз	linguistic	_		Begin=725.740
815-1	SPK1118	undefined	815	елу	елу	linguistic	_		End=726.200
816-0	SPK1118	Rising	816	оклад	оклад	linguistic	_		Begin=726.200
816-1	SPK1118	Rising	816	береді	береді	linguistic	_		
816-2	SPK1118	Rising	816	дедің	дедің	linguistic	_		
816-3	SPK1118	Rising	816	иә	иә	linguistic	_		End=727.189
817-0	SPK1117	undefined	817	Ол	Ол	linguistic	_		Begin=727.220|End=727.610
818-0	SPK1117	undefined	818	ыыы	ыыы	linguistic	_		Begin=727.610|End=728.610
819-0	SPK1117	undefined	819	өзінің	өзінің	linguistic	_		Begin=728.610|End=729.035
820-0	SPK1117	undefined	820	админімен	админімен	linguistic	_		Begin=729.035|End=729.495
821-0	SPK1117	Continuing	821	сөйлескен	сөйлескен	linguistic	_		Begin=729.495
821-1	SPK1117	Continuing	821	кезімде	кезімде	linguistic	_		End=730.315
822-0	SPK1117	undefined	822	то	то	linguistic	_		Begin=730.320
822-1	SPK1117	undefined	822	есть	есть	linguistic	_		End=730.550
823-0	SPK1117	Falling	823	сол	сол	linguistic	_		Begin=730.550
823-1	SPK1117	Falling	823	жақтың	жақтың	linguistic	_		End=731.350
824-0	SPK1117	Continuing	824	алдында	алдында	linguistic	_		Begin=731.350
824-1	SPK1117	Continuing	824	телефон	телефон	linguistic	_		
824-2	SPK1117	Continuing	824	айттым	айттым	linguistic	_		
824-3	SPK1117	Continuing	824	ғой	ғой	linguistic	_		
824-4	SPK1117	Continuing	824	мен	мен	linguistic	_		End=732.840
825-0	SPK1117	undefined	825	сұрадым	сұрадым	linguistic	_		Begin=732.840|End=733.230
826-0	SPK1118	undefined	826	Мм	Мм	linguistic	_		Begin=732.900|End=733.550
827-0	SPK1117	Continuing	827	сөйткен	сөйткен	linguistic	_		Begin=733.230
827-1	SPK1117	Continuing	827	едім	едім	linguistic	_		End=733.880
828-0	SPK1117	undefined	828	(H)	(H)	_	_		Begin=733.880
828-1	SPK1117	undefined	828	ыы	ыы	linguistic	_		End=734.410
829-0	SPK1117	undefined	829	бұл	бұл	linguistic	_		Begin=734.410
829-1	SPK1117	undefined	829	айға	айға	linguistic	_		
829-2	SPK1117	undefined	829	жүз	жүз	linguistic	_		
829-3	SPK1117	undefined	829	елу	елу	linguistic	_		
829-4	SPK1117	undefined	829	беретін	беретін	linguistic	_		
829-5	SPK1117	undefined	829	шығармыз	шығармыз	linguistic	_		End=735.680
830-0	SPK1117	Falling	830	сізге	сізге	linguistic	_		Begin=735.680
830-1	SPK1117	Falling	830	деді	деді	linguistic	_		End=736.315
831-0	SPK1118	Falling	831	Ммм	Ммм	linguistic	_		Begin=736.620|End=737.280
832-0	SPK1118	Falling	832	Иә	Иә	linguistic	_		Begin=737.430
832-1	SPK1118	Falling	832	иә	иә	linguistic	_		End=738.020
833-0	SPK1117	undefined	833	Сөйтіп	Сөйтіп	linguistic	_		Begin=737.430|End=737.920
834-0	SPK1117	Continuing	834	ана	ана	linguistic	_		Begin=737.920
834-1	SPK1117	Continuing	834	админмен	админмен	linguistic	_		
834-2	SPK1117	Continuing	834	сөйлескен	сөйлескен	linguistic	_		
834-3	SPK1117	Continuing	834	едім	едім	linguistic	_		End=738.840
835-0	SPK1117	Continuing	835	маған	маған	linguistic	_		Begin=738.840
835-1	SPK1117	Continuing	835	дұрыс	дұрыс	linguistic	_		
835-2	SPK1117	Continuing	835	айтқан	айтқан	linguistic	_		
835-3	SPK1117	Continuing	835	жоқ	жоқ	linguistic	_		End=739.670
836-0	SPK1117	Continuing	836	айта	айта	linguistic	_		Begin=739.670
836-1	SPK1117	Continuing	836	аласыз	аласыз	linguistic	_		
836-2	SPK1117	Continuing	836	ба	ба	linguistic	_		End=740.230
837-0	SPK1117	Rising	837	анау	анау	linguistic	_		Begin=740.230
837-1	SPK1117	Rising	837	мынау	мынау	linguistic	_		
837-2	SPK1117	Rising	837	дедім	дедім	linguistic	_		
837-3	SPK1117	Rising	837	да	да	linguistic	_		End=741.080
838-0	SPK1117	undefined	838	(H)	(H)	_	_		Begin=741.090
838-1	SPK1117	undefined	838	сөйткен	сөйткен	linguistic	_		
838-2	SPK1117	undefined	838	едім	едім	linguistic	_		End=741.780
839-0	SPK1118	undefined	839	Мхм	Мхм	linguistic	_		Begin=741.120|End=741.692
840-0	SPK1117	Continuing	840	ол	ол	linguistic	_		Begin=741.780
840-1	SPK1117	Continuing	840	айтты	айтты	linguistic	_		End=742.250
841-0	SPK1117	Continuing	841	негізі	негізі	linguistic	_		Begin=742.250
841-1	SPK1117	Continuing	841	сондай	сондай	linguistic	_		
841-2	SPK1117	Continuing	841	сондай	сондай	linguistic	_		
841-3	SPK1117	Continuing	841	деп	деп	linguistic	_		
841-4	SPK1117	Continuing	841	айтты	айтты	linguistic	_		End=743.660
842-0	SPK1117	undefined	842	бірінші	бірінші	linguistic	_		Begin=743.930
842-1	SPK1117	undefined	842	ай	ай	linguistic	_		End=744.220
843-0	SPK1117	undefined	843	жүз	жүз	linguistic	_		Begin=744.230|End=744.530
844-0	SPK1117	undefined	844	жүз	жүз	linguistic	_		Begin=744.530|End=744.752
845-0	SPK1117	Continuing	845	жүз	жүз	linguistic	_		Begin=744.752
845-1	SPK1117	Continuing	845	елу	елу	linguistic	_		
845-2	SPK1117	Continuing	845	береді	береді	linguistic	_		End=745.640
846-0	SPK1117	undefined	846	(H)	(H)	_	_		Begin=745.640
846-1	SPK1117	undefined	846	одан	одан	linguistic	_		
846-2	SPK1117	undefined	846	кейін	кейін	linguistic	_		End=746.090
847-0	SPK1117	undefined	847	сондай	сондай	linguistic	_		Begin=746.090
847-1	SPK1117	undefined	847	сондай	сондай	linguistic	_		
847-2	SPK1117	undefined	847	қосылады	қосылады	linguistic	_		End=747.050
848-0	SPK1117	Falling	848	деген	деген	linguistic	_		Begin=747.050
848-1	SPK1117	Falling	848	сияқты	сияқты	linguistic	_		
848-2	SPK1117	Falling	848	қылып	қылып	linguistic	_		
848-3	SPK1117	Falling	848	сөйтіп	сөйтіп	linguistic	_		
848-4	SPK1117	Falling	848	айтты	айтты	linguistic	_		
848-5	SPK1117	Falling	848	сосын	сосын	linguistic	_		End=748.180
849-0	SPK1118	undefined	849	Ммм	Ммм	linguistic	_		Begin=748.170|End=749.010
850-0	SPK1117	undefined	850	Бірақ	Бірақ	linguistic	_		Begin=749.600
850-1	SPK1117	undefined	850	жүз	жүз	linguistic	_		
850-2	SPK1117	undefined	850	елу	елу	linguistic	_		
850-3	SPK1117	undefined	850	болатын	болатын	linguistic	_		End=750.620
851-0	SPK1117	Continuing	851	білмеймін	білмеймін	linguistic	_		Begin=750.930|End=751.580
852-0	SPK1117	undefined	852	мысалы	мысалы	linguistic	_		Begin=751.960|End=752.270
853-0	SPK1117	undefined	853	тоғыз	тоғыз	linguistic	_		Begin=752.270
853-1	SPK1117	undefined	853	сағат	сағат	linguistic	_		
853-2	SPK1117	undefined	853	бойы	бойы	linguistic	_		
853-3	SPK1117	undefined	853	ма	ма	linguistic	_		End=753.020
854-0	SPK1117	Falling	854	сегіз	сегіз	linguistic	_		Begin=753.020
854-1	SPK1117	Falling	854	сағат	сағат	linguistic	_		
854-2	SPK1117	Falling	854	бойы	бойы	linguistic	_		
854-3	SPK1117	Falling	854	отырасың	отырасың	linguistic	_		
854-4	SPK1117	Falling	854	ғой	ғой	linguistic	_		
854-5	SPK1117	Falling	854	мысалы	мысалы	linguistic	_		End=754.530
855-0	SPK1117	undefined	855	Қазір	Қазір	linguistic	_		Begin=755.490
855-1	SPK1117	undefined	855	енді	енді	linguistic	_		End=755.800
856-0	SPK1117	Continuing	856	оқушы	оқушы	linguistic	_		Begin=755.800
856-1	SPK1117	Continuing	856	болмай	болмай	linguistic	_		End=756.370
857-0	SPK1117	undefined	857	кетіп	кетіп	linguistic	_		Begin=756.370
857-1	SPK1117	undefined	857	қалып	қалып	linguistic	_		
857-2	SPK1117	undefined	857	жатырмыз	жатырмыз	linguistic	_		
857-3	SPK1117	undefined	857	ғой	ғой	linguistic	_		End=756.890
858-0	SPK1117	Falling	858	арасында	арасында	linguistic	_		Begin=756.910|End=757.420
859-0	SPK1117	Falling	859	Бір-екі	Бір-екі	linguistic	_		Begin=757.710
859-1	SPK1117	Falling	859	сағат	сағат	linguistic	_		
859-2	SPK1117	Falling	859	бұрын	бұрын	linguistic	_		End=758.430
860-0	SPK1118	Continuing	860	Сентябрьда	Сентябрьда	linguistic	_		Begin=758.280|End=758.650
861-0	SPK1118	Continuing	861	толтырып	толтырып	linguistic	_		Begin=758.660
861-1	SPK1118	Continuing	861	беретін	беретін	linguistic	_		
861-2	SPK1118	Continuing	861	шығар	шығар	linguistic	_		End=759.490
862-0	SPK1118	Falling	862	расписаниеңды	расписаниеңды	linguistic	_		Begin=759.490|End=760.290
863-0	SPK1117	Continuing	863	Иә	Иә	linguistic	_		Begin=760.790|End=761.290
864-0	SPK1117	Continuing	864	бірақ	бірақ	linguistic	_		Begin=761.290
864-1	SPK1117	Continuing	864	мен	мен	linguistic	_		
864-2	SPK1117	Continuing	864	ол	ол	linguistic	_		
864-3	SPK1117	Continuing	864	кезде	кезде	linguistic	_		
864-4	SPK1117	Continuing	864	полный	полный	linguistic	_		
864-5	SPK1117	Continuing	864	день	день	linguistic	_		
864-6	SPK1117	Continuing	864	істей	істей	linguistic	_		
864-7	SPK1117	Continuing	864	алмай	алмай	linguistic	_		
864-8	SPK1117	Continuing	864	қаламын	қаламын	linguistic	_		End=763.090
865-0	SPK1117	Falling	865	зарплатам	зарплатам	linguistic	_		Begin=763.450
865-1	SPK1117	Falling	865	сол	сол	linguistic	_		
865-2	SPK1117	Falling	865	кезде	кезде	linguistic	_		
865-3	SPK1117	Falling	865	аз	аз	linguistic	_		
865-4	SPK1117	Falling	865	болып	болып	linguistic	_		
865-5	SPK1117	Falling	865	қала	қала	linguistic	_		
865-6	SPK1117	Falling	865	ма	ма	linguistic	_		
865-7	SPK1117	Falling	865	деп	деп	linguistic	_		
865-8	SPK1117	Falling	865	жатырмын	жатырмын	linguistic	_		End=764.990
866-0	SPK1118	undefined	866	Жоқ	Жоқ	linguistic	_		Begin=765.730
866-1	SPK1118	undefined	866	андай	андай	linguistic	_		
866-2	SPK1118	undefined	866	қылып	қылып	linguistic	_		
866-3	SPK1118	undefined	866	істеуге	істеуге	linguistic	_		
866-4	SPK1118	undefined	866	болады	болады	linguistic	_		
866-5	SPK1118	undefined	866	ғой	ғой	linguistic	_		End=766.630
867-0	SPK1118	Continuing	867	мысалы	мысалы	linguistic	_		Begin=766.630|End=767.030
868-0	SPK1118	undefined	868	мына	мына	linguistic	_		Begin=767.030
868-1	SPK1118	undefined	868	мына	мына	linguistic	_		
868-2	SPK1118	undefined	868	күндері	күндері	linguistic	_		End=767.710
869-0	SPK1118	undefined	869	полный	полный	linguistic	_		Begin=767.710
869-1	SPK1118	undefined	869	день	день	linguistic	_		End=768.150
870-0	SPK1118	Falling	870	шығып	шығып	linguistic	_		Begin=768.155
870-1	SPK1118	Falling	870	бере	бере	linguistic	_		
870-2	SPK1118	Falling	870	аламын	аламын	linguistic	_		
870-3	SPK1118	Falling	870	дейтінші	дейтінші	linguistic	_		End=769.355
871-0	SPK1117	undefined	871	Бізде	Бізде	linguistic	_		Begin=770.180
871-1	SPK1117	undefined	871	оқу	оқу	linguistic	_		End=770.500
872-0	SPK1117	Rising	872	күнде	күнде	linguistic	_		Begin=770.500
872-1	SPK1117	Rising	872	болмай	болмай	linguistic	_		
872-2	SPK1117	Rising	872	ма	ма	linguistic	_		End=771.370
873-0	SPK1117	undefined	873	Просто	Просто	linguistic	_		Begin=773.950|End=774.240
874-0	SPK1117	undefined	874	Умидың	Умидың	linguistic	_		Begin=774.250|End=774.610
875-0	SPK1117	undefined	875	лекциясы	лекциясы	linguistic	_		Begin=774.620|End=775.150
876-0	SPK1117	undefined	876	онлайн	онлайн	linguistic	_		Begin=775.150
876-1	SPK1117	undefined	876	болып	болып	linguistic	_		End=775.670
877-0	SPK1117	undefined	877	кішкене	кішкене	linguistic	_		Begin=775.670|End=776.080
878-0	SPK1117	Interrupted	878	онша-	онша	linguistic	_	Interrupted=Yes	Begin=776.090|End=776.350
879-0	SPK1117	Continuing	879	үйде	үйде	linguistic	_		Begin=776.360
879-1	SPK1117	Continuing	879	болып	болып	linguistic	_		
879-2	SPK1117	Continuing	879	жүрді	жүрді	linguistic	_		
879-3	SPK1117	Continuing	879	ғой	ғой	linguistic	_		End=777.390
880-0	SPK1117	Falling	880	мысалы	мысалы	linguistic	_		Begin=777.500|End=778.030
881-0	SPK1118	Falling	881	Мм	Мм	linguistic	_		Begin=777.560|End=778.110
882-0	SPK1117	undefined	882	Бізде	Бізде	linguistic	_		Begin=778.510|End=778.760
883-0	SPK1117	undefined	883	лекция	лекция	linguistic	_		Begin=778.760|End=779.210
884-0	SPK1117	Falling	884	оффлайн	оффлайн	linguistic	_		Begin=779.210
884-1	SPK1117	Falling	884	болатын	болатын	linguistic	_		
884-2	SPK1117	Falling	884	болып	болып	linguistic	_		
884-3	SPK1117	Falling	884	қалсашы	қалсашы	linguistic	_		
884-4	SPK1117	Falling	884	дегенім	дегенім	linguistic	_		
884-5	SPK1117	Falling	884	ғой	ғой	linguistic	_		End=780.750
885-0	SPK1118	undefined	885	Негізі	Негізі	linguistic	_		Begin=782.330|End=782.650
886-0	SPK1118	Falling	886	түстен	түстен	linguistic	_		Begin=782.650
886-1	SPK1118	Falling	886	кейін	кейін	linguistic	_		
886-2	SPK1118	Falling	886	болатын	болатын	linguistic	_		
886-3	SPK1118	Falling	886	шығар	шығар	linguistic	_		End=783.620
887-0	SPK1117	Continuing	887	Білмеймін	Білмеймін	linguistic	_		Begin=783.530|End=783.840
888-0	SPK1117	Continuing	888	сол	сол	linguistic	_		Begin=783.840
888-1	SPK1117	Continuing	888	расписаниeны	расписаниeны	linguistic	_		
888-2	SPK1117	Continuing	888	күтіп	күтіп	linguistic	_		
888-3	SPK1117	Continuing	888	жүр	жүр	linguistic	_		
888-4	SPK1117	Continuing	888	ғой	ғой	linguistic	_		End=785.100
889-0	SPK1117	Falling	889	пока	пока	linguistic	_		Begin=785.100|End=785.750
890-0	SPK1118	Falling	890	Мм	Мм	linguistic	_		Begin=785.800|End=786.410
891-0	SPK1117	undefined	891	Мына	Мына	linguistic	_		Begin=786.490
891-1	SPK1117	undefined	891	жақта	жақта	linguistic	_		
891-2	SPK1117	undefined	891	сол	сол	linguistic	_		End=786.940
892-0	SPK1117	undefined	892	жарты	жарты	linguistic	_		Begin=786.940
892-1	SPK1117	undefined	892	ставкада	ставкада	linguistic	_		
892-2	SPK1117	undefined	892	істейтін	істейтін	linguistic	_		
892-3	SPK1117	undefined	892	мұғалім	мұғалім	linguistic	_		
892-4	SPK1117	undefined	892	бар	бар	linguistic	_		
892-5	SPK1117	undefined	892	екен	екен	linguistic	_		
892-6	SPK1117	undefined	892	да	да	linguistic	_		End=788.470
893-0	SPK1117	Continuing	893	¬Мектепте	Мектепте	linguistic	_	Anonymized=Yes	Begin=788.470|End=788.990
894-0	SPK1118	Falling	894	Мхм	Мхм	linguistic	_		Begin=789.200|End=789.790
895-0	SPK1117	Continuing	895	соған	соған	linguistic	_		Begin=789.860
895-1	SPK1117	Continuing	895	туралап	туралап	linguistic	_		End=790.580
896-0	SPK1117	Continuing	896	біреуіңіз	біреуіңіз	linguistic	_		Begin=790.710|End=791.400
897-0	SPK1117	Continuing	897	до	до	linguistic	_		Begin=791.504
897-1	SPK1117	Continuing	897	обеда	обеда	linguistic	_		End=791.910
898-0	SPK1117	undefined	898	біреуіңіз	біреуіңіз	linguistic	_		Begin=791.910
898-1	SPK1117	undefined	898	после	после	linguistic	_		
898-2	SPK1117	undefined	898	обеда	обеда	linguistic	_		
898-3	SPK1117	undefined	898	қылып	қылып	linguistic	_		End=792.805
899-0	SPK1117	undefined	899	сөйтесіздер	сөйтесіздер	linguistic	_		Begin=792.805
899-1	SPK1117	undefined	899	да	да	linguistic	_		End=793.525
900-0	SPK1117	Falling	900	деп	деп	linguistic	_		Begin=793.530
900-1	SPK1117	Falling	900	сөйтіп	сөйтіп	linguistic	_		
900-2	SPK1117	Falling	900	айтқан	айтқан	linguistic	_		End=794.100
901-0	SPK1117	Falling	901	Білмеймін	Білмеймін	linguistic	_		Begin=795.590|End=796.120
902-0	SPK1117	Continuing	902	Соған	Соған	linguistic	_		Begin=796.770
902-1	SPK1117	Continuing	902	да	да	linguistic	_		End=797.570
903-0	SPK1117	Continuing	903	пока	пока	linguistic	_		Begin=797.790|End=798.226
904-0	SPK1117	undefined	904	мм	мм	linguistic	_		Begin=798.226
904-1	SPK1117	undefined	904	мынадан	мынадан	linguistic	_		End=798.990
905-0	SPK1117	undefined	905	онда	онда	linguistic	_		Begin=799.000|End=799.260
906-0	SPK1117	Falling	906	өтіп	өтіп	linguistic	_		Begin=799.260
906-1	SPK1117	Falling	906	көре	көре	linguistic	_		
906-2	SPK1117	Falling	906	берейін	берейін	linguistic	_		
906-3	SPK1117	Falling	906	ба	ба	linguistic	_		
906-4	SPK1117	Falling	906	деп	деп	linguistic	_		
906-5	SPK1117	Falling	906	жатқаным	жатқаным	linguistic	_		
906-6	SPK1117	Falling	906	сол	сол	linguistic	_		
906-7	SPK1117	Falling	906	ғой	ғой	linguistic	_		End=800.675
907-0	SPK1118	Falling	907	Мм	Мм	linguistic	_		Begin=801.150|End=801.680
908-0	SPK1117	undefined	908	(TSK)	(TSK)	_	_		Begin=801.220|End=801.660
909-0	SPK1117	Falling	909	Zoom	Zoom	linguistic	_		Begin=801.660
909-1	SPK1117	Falling	909	арқылышы	арқылышы	linguistic	_		End=803.030
910-0	SPK1117	Falling	910	Может	Может	linguistic	_		Begin=804.410
910-1	SPK1117	Falling	910	бұлардың	бұлардың	linguistic	_		
910-2	SPK1117	Falling	910	ақшасы	ақшасы	linguistic	_		
910-3	SPK1117	Falling	910	нормально	нормально	linguistic	_		
910-4	SPK1117	Falling	910	депші	депші	linguistic	_		End=806.030
911-0	SPK1117	Continuing	911	Если	Если	linguistic	_		Begin=806.190|End=806.844
912-0	SPK1118	Falling	912	Мхм	Мхм	linguistic	_		Begin=806.230|End=806.900
913-0	SPK1117	undefined	913	бірақ	бірақ	linguistic	_		Begin=807.270|End=807.560
914-0	SPK1117	Continuing	914	білмеймін	білмеймін	linguistic	_		Begin=807.560
914-1	SPK1117	Continuing	914	бұлар	бұлар	linguistic	_		End=808.180
915-0	SPK1117	Continuing	915	бұларға	бұларға	linguistic	_		Begin=808.640
915-1	SPK1117	Continuing	915	қазір	қазір	linguistic	_		
915-2	SPK1117	Continuing	915	бара	бара	linguistic	_		
915-3	SPK1117	Continuing	915	алмайтын	алмайтын	linguistic	_		
915-4	SPK1117	Continuing	915	сияқтымын	сияқтымын	linguistic	_		End=809.690
916-0	SPK1117	Continuing	916	осы	осы	linguistic	_		Begin=809.690
916-1	SPK1117	Continuing	916	жерді	жерді	linguistic	_		End=810.290
917-0	SPK1117	Falling	917	істеп	істеп	linguistic	_		Begin=810.290
917-1	SPK1117	Falling	917	бітіре	бітіре	linguistic	_		
917-2	SPK1117	Falling	917	салған	салған	linguistic	_		
917-3	SPK1117	Falling	917	дұрыс	дұрыс	linguistic	_		
917-4	SPK1117	Falling	917	сияқты	сияқты	linguistic	_		End=811.810
918-0	SPK1118	Falling	918	YAWN	YAWN	paraverbal	_		Begin=812.690
918-1	SPK1118	Falling	918	Ол	Ол	linguistic	_		
918-2	SPK1118	Falling	918	да	да	linguistic	_		
918-3	SPK1118	Falling	918	дұрыс	дұрыс	linguistic	_		
918-4	SPK1118	Falling	918	шығар	шығар	linguistic	_		End=813.520
919-0	SPK1117	Continuing	919	А	А	linguistic	_		Begin=813.420
919-1	SPK1117	Continuing	919	то	то	linguistic	_		End=813.960
920-0	SPK1117	Rising	920	ары	ары	linguistic	_		Begin=814.650
920-1	SPK1117	Rising	920	бері	бері	linguistic	_		
920-2	SPK1117	Rising	920	шауып	шауып	linguistic	_		
920-3	SPK1117	Rising	920	жүре	жүре	linguistic	_		
920-4	SPK1117	Rising	920	беремін	беремін	linguistic	_		
920-5	SPK1117	Rising	920	ба	ба	linguistic	_		End=816.060
921-0	SPK1118	undefined	921	Мхм	Мхм	linguistic	_		Begin=816.440
921-1	SPK1118	undefined	921	SNIFF	SNIFF	paraverbal	_		End=817.340
922-0	SPK1117	Continuing	922	Мысалы	Мысалы	linguistic	_		Begin=816.990
922-1	SPK1117	Continuing	922	мына	мына	linguistic	_		
922-2	SPK1117	Continuing	922	жақта	жақта	linguistic	_		
922-3	SPK1117	Continuing	922	бір	бір	linguistic	_		
922-4	SPK1117	Continuing	922	апта	апта	linguistic	_		
922-5	SPK1117	Continuing	922	істеп	істеп	linguistic	_		End=818.160
923-0	SPK1117	Rising	923	оның	оның	linguistic	_		Begin=818.160
923-1	SPK1117	Rising	923	ақшасы	ақшасы	linguistic	_		
923-2	SPK1117	Rising	923	қалай	қалай	linguistic	_		
923-3	SPK1117	Rising	923	болады	болады	linguistic	_		End=819.150
924-0	SPK1117	Falling	924	мысалы	мысалы	linguistic	_		Begin=819.160
924-1	SPK1117	Falling	924	деген	деген	linguistic	_		
924-2	SPK1117	Falling	924	сияқты	сияқты	linguistic	_		
924-3	SPK1117	Falling	924	ғой	ғой	linguistic	_		End=819.910
925-0	SPK1117	Falling	925	Одан	Одан	linguistic	_		Begin=820.350
925-1	SPK1117	Falling	925	кейін	кейін	linguistic	_		
925-2	SPK1117	Falling	925	ана	ана	linguistic	_		
925-3	SPK1117	Falling	925	жаққа	жаққа	linguistic	_		
925-4	SPK1117	Falling	925	көшіп	көшіп	linguistic	_		End=821.430
926-0	SPK1117	undefined	926	Главное	Главное	linguistic	_		Begin=822.670|End=822.910
927-0	SPK1117	undefined	927	шынымен	шынымен	linguistic	_		Begin=822.910|End=823.140
928-0	SPK1117	Falling	928	мына	мына	linguistic	_		Begin=823.140
928-1	SPK1117	Falling	928	жаққа	жаққа	linguistic	_		
928-2	SPK1117	Falling	928	договорға	договорға	linguistic	_		
928-3	SPK1117	Falling	928	отыра	отыра	linguistic	_		
928-4	SPK1117	Falling	928	салу	салу	linguistic	_		
928-5	SPK1117	Falling	928	керек	керек	linguistic	_		End=824.460
929-0	SPK1117	undefined	929	Вообще	Вообще	linguistic	_		Begin=827.880
929-1	SPK1117	undefined	929	мектептерді	мектептерді	linguistic	_		
929-2	SPK1117	undefined	929	көру	көру	linguistic	_		
929-3	SPK1117	undefined	929	керек	керек	linguistic	_		
929-4	SPK1117	undefined	929	еді	еді	linguistic	_		End=828.890
930-0	SPK1117	undefined	930	ма:	ма	linguistic	_	Prolongation=1	Begin=828.890|End=829.404
931-0	SPK1117	Falling	931	андай	андай	linguistic	_		Begin=830.880
931-1	SPK1117	Falling	931	опыт	опыт	linguistic	_		
931-2	SPK1117	Falling	931	работы	работы	linguistic	_		
931-3	SPK1117	Falling	931	жазылатыншы	жазылатыншы	linguistic	_		End=832.250
932-0	SPK1118	Falling	932	Иә	Иә	linguistic	_		Begin=832.440|End=833.020
933-0	SPK1117	Rising	933	Сендерде	Сендерде	linguistic	_		Begin=833.310
933-1	SPK1117	Rising	933	опыт	опыт	linguistic	_		
933-2	SPK1117	Rising	933	работы	работы	linguistic	_		
933-3	SPK1117	Rising	933	жазылмайды	жазылмайды	linguistic	_		
933-4	SPK1117	Rising	933	иә	иә	linguistic	_		End=834.490
934-0	SPK1118	undefined	934	(TSK)	(TSK)	_	_		Begin=834.260|End=835.055
935-0	SPK1117	Rising	935	Сонысы	Сонысы	linguistic	_		Begin=834.490
935-1	SPK1117	Rising	935	жаман	жаман	linguistic	_		
935-2	SPK1117	Rising	935	екен	екен	linguistic	_		
935-3	SPK1117	Rising	935	иә	иә	linguistic	_		End=835.510
936-0	SPK1117	undefined	936	Болмаса	Болмаса	linguistic	_		Begin=835.510
936-1	SPK1117	undefined	936	үлкен:	үлкен	linguistic	_	Prolongation=4	End=836.310
937-0	SPK1117	undefined	937	кәдімгідей	кәдімгідей	linguistic	_		Begin=836.310
937-1	SPK1117	undefined	937	атақты	атақты	linguistic	_		End=836.860
938-0	SPK1117	Rising	938	не	не	linguistic	_		Begin=836.865
938-1	SPK1117	Rising	938	ғой	ғой	linguistic	_		End=837.455
939-0	SPK1118	Continuing	939	Пенсионка	Пенсионка	linguistic	_		Begin=838.040
939-1	SPK1118	Continuing	939	да	да	linguistic	_		
939-2	SPK1118	Continuing	939	бермейді	бермейді	linguistic	_		End=838.740
940-0	SPK1118	Falling	940	ештеңе	ештеңе	linguistic	_		Begin=838.740
940-1	SPK1118	Falling	940	жібермейді	жібермейді	linguistic	_		End=839.810
941-0	SPK1118	Falling	941	Только	Только	linguistic	_		Begin=842.880
941-1	SPK1118	Falling	941	зарплата	зарплата	linguistic	_		End=843.570
942-0	SPK1117	undefined	942	Осы	Осы	linguistic	_		Begin=844.130
942-1	SPK1117	undefined	942	суббота	суббота	linguistic	_		End=844.730
943-0	SPK1117	undefined	943	резюмені	резюмені	linguistic	_		Begin=844.740|End=845.430
944-0	SPK1117	Continuing	944	ұстап	ұстап	linguistic	_		Begin=845.430
944-1	SPK1117	Continuing	944	алып	алып	linguistic	_		End=845.980
945-0	SPK1117	undefined	945	аралау	аралау	linguistic	_		Begin=845.980
945-1	SPK1117	undefined	945	керек	керек	linguistic	_		End=846.610
946-0	SPK1117	Falling	946	сияқты	сияқты	linguistic	_		Begin=846.610|End=847.040
947-0	SPK1117	undefined	947	Мектептерді	Мектептерді	linguistic	_		Begin=848.440|End=848.950
948-0	SPK1118	Falling	948	WHISPER	WHISPER	paraverbal	_		Begin=848.980
948-1	SPK1118	Falling	948	Мектептер	Мектептер	linguistic	_		End=849.620
949-0	SPK1117	undefined	949	Типа	Типа	linguistic	_		Begin=850.430|End=850.740
950-0	SPK1117	Continuing	950	¬Жадыра	Жадыра	linguistic	_	Anonymized=Yes	Begin=850.750
950-1	SPK1117	Continuing	950	да	да	linguistic	_		
950-2	SPK1117	Continuing	950	айтады	айтады	linguistic	_		End=851.440
951-0	SPK1117	Interrupted	951	¬Жадыра-	Жадыра	linguistic	_	Interrupted=Yes|Anonymized=Yes	Begin=851.440|End=851.840
952-0	SPK1117	undefined	952	әдейі	әдейі	linguistic	_		Begin=851.840|End=852.220
953-0	SPK1117	Continuing	953	ол	ол	linguistic	_		Begin=852.220
953-1	SPK1117	Continuing	953	Enbek.kz-тен	Enbek.kz-тен	linguistic	_		
953-2	SPK1117	Continuing	953	алмайтын	алмайтын	linguistic	_		
953-3	SPK1117	Continuing	953	сияқты	сияқты	linguistic	_		End=853.690
954-0	SPK1117	undefined	954	лучший	лучший	linguistic	_		Begin=853.690|End=854.110
955-0	SPK1117	Continuing	955	Enbek.kz-тен	Enbek.kz-тен	linguistic	_		Begin=854.400
955-1	SPK1117	Continuing	955	көріп	көріп	linguistic	_		End=855.110
956-0	SPK1117	undefined	956	қай	қай	linguistic	_		Begin=855.110
956-1	SPK1117	undefined	956	мектептерге	мектептерге	linguistic	_		
956-2	SPK1117	undefined	956	вакансия	вакансия	linguistic	_		
956-3	SPK1117	undefined	956	керек	керек	linguistic	_		End=856.215
957-0	SPK1117	Continuing	957	сол	сол	linguistic	_		Begin=856.220
957-1	SPK1117	Continuing	957	мектептерге	мектептерге	linguistic	_		
957-2	SPK1117	Continuing	957	барып	барып	linguistic	_		End=857.225
958-0	SPK1117	Continuing	958	сізге	сізге	linguistic	_		Begin=857.225
958-1	SPK1117	Continuing	958	отклик	отклик	linguistic	_		
958-2	SPK1117	Continuing	958	тастадым	тастадым	linguistic	_		End=858.060
959-0	SPK1117	Continuing	959	резюмемді	резюмемді	linguistic	_		Begin=858.060
959-1	SPK1117	Continuing	959	қалдырып	қалдырып	linguistic	_		
959-2	SPK1117	Continuing	959	кетейін	кетейін	linguistic	_		
959-3	SPK1117	Continuing	959	деген	деген	linguistic	_		
959-4	SPK1117	Continuing	959	едім	едім	linguistic	_		End=859.330
960-0	SPK1117	undefined	960	конкурсқа	конкурсқа	linguistic	_		Begin=859.330
960-1	SPK1117	undefined	960	қатыссам	қатыссам	linguistic	_		
960-2	SPK1117	undefined	960	бола	бола	linguistic	_		
960-3	SPK1117	undefined	960	ма	ма	linguistic	_		
960-4	SPK1117	undefined	960	деп	деп	linguistic	_		End=860.230
961-0	SPK1117	undefined	961	бір	бір	linguistic	_		Begin=860.230
961-1	SPK1117	undefined	961	ауыз	ауыз	linguistic	_		
961-2	SPK1117	undefined	961	айтып	айтып	linguistic	_		End=860.710
962-0	SPK1117	Falling	962	тастап	тастап	linguistic	_		Begin=860.710
962-1	SPK1117	Falling	962	кете	кете	linguistic	_		
962-2	SPK1117	Falling	962	берген	берген	linguistic	_		
962-3	SPK1117	Falling	962	дұрыс	дұрыс	linguistic	_		
962-4	SPK1117	Falling	962	сияқты	сияқты	linguistic	_		End=861.710
963-0	SPK1118	Rising	963	¬Жадыра	Жадыра	linguistic	_	Anonymized=Yes	Begin=862.231
963-1	SPK1118	Rising	963	не	не	linguistic	_		
963-2	SPK1118	Rising	963	болыпты	болыпты	linguistic	_		End=863.276
964-0	SPK1117	Falling	964	Ответ	Ответ	linguistic	_		Begin=864.070
964-1	SPK1117	Falling	964	қайтармапты	қайтармапты	linguistic	_		
964-2	SPK1117	Falling	964	сол	сол	linguistic	_		
964-3	SPK1117	Falling	964	күйі	күйі	linguistic	_		End=864.980
965-0	SPK1117	Falling	965	Ештеңе	Ештеңе	linguistic	_		Begin=865.690
965-1	SPK1117	Falling	965	демепті	демепті	linguistic	_		End=866.270
966-0	SPK1118	Falling	966	Мммм	Мммм	linguistic	_		Begin=866.980|End=867.800
967-0	SPK1117	undefined	967	Сөйтіп	Сөйтіп	linguistic	_		Begin=869.480|End=869.880
968-0	SPK1117	Continuing	968	ол	ол	linguistic	_		Begin=869.880
968-1	SPK1117	Continuing	968	да	да	linguistic	_		
968-2	SPK1117	Continuing	968	солай	солай	linguistic	_		
968-3	SPK1117	Continuing	968	болып	болып	linguistic	_		
968-4	SPK1117	Continuing	968	жатыр	жатыр	linguistic	_		End=870.910
969-0	SPK1117	Falling	969	таппай	таппай	linguistic	_		Begin=871.070
969-1	SPK1117	Falling	969	жатыр	жатыр	linguistic	_		End=871.690
970-0	SPK1117	undefined	970	Ешкім	Ешкім	linguistic	_		Begin=872.170|End=872.440
971-0	SPK1117	undefined	971	алмайтын	алмайтын	linguistic	_		Begin=872.440
971-1	SPK1117	undefined	971	да	да	linguistic	_		
971-2	SPK1117	undefined	971	сияқты	сияқты	linguistic	_		End=873.060
972-0	SPK1117	Continuing	972	мне	мне	linguistic	_		Begin=873.060
972-1	SPK1117	Continuing	972	кажется	кажется	linguistic	_		
972-2	SPK1117	Continuing	972	бар	бар	linguistic	_		
972-3	SPK1117	Continuing	972	ғой	ғой	linguistic	_		End=874.010
973-0	SPK1117	Falling	973	бізді	бізді	linguistic	_		Begin=874.020|End=874.630
974-0	SPK1117	undefined	974	Бірақ	Бірақ	linguistic	_		Begin=876.440|End=876.750
975-0	SPK1117	undefined	975	кейбір	кейбір	linguistic	_		Begin=876.760
975-1	SPK1117	undefined	975	мектептер	мектептер	linguistic	_		End=877.420
976-0	SPK1117	Continuing	976	типа	типа	linguistic	_		Begin=877.420
976-1	SPK1117	Continuing	976	толтырады	толтырады	linguistic	_		
976-2	SPK1117	Continuing	976	депті	депті	linguistic	_		
976-3	SPK1117	Continuing	976	ғой	ғой	linguistic	_		End=878.430
977-0	SPK1117	Continuing	977	жас	жас	linguistic	_		Begin=878.430
977-1	SPK1117	Continuing	977	маман	маман	linguistic	_		End=879.390
978-0	SPK1117	undefined	978	енді	енді	linguistic	_		Begin=879.710
978-1	SPK1117	undefined	978	не	не	linguistic	_		
978-2	SPK1117	undefined	978	қылған	қылған	linguistic	_		
978-3	SPK1117	undefined	978	маман	маман	linguistic	_		End=880.400
979-0	SPK1117	Continuing	979	деп	деп	linguistic	_		Begin=880.400
979-1	SPK1117	Continuing	979	отчет	отчет	linguistic	_		
979-2	SPK1117	Continuing	979	толтырады	толтырады	linguistic	_		
979-3	SPK1117	Continuing	979	екен	екен	linguistic	_		
979-4	SPK1117	Continuing	979	ғой	ғой	linguistic	_		
979-5	SPK1117	Continuing	979	депші	депші	linguistic	_		End=881.940
980-0	SPK1118	Falling	980	Ммм	Ммм	linguistic	_		Begin=881.940|End=882.810
981-0	SPK1117	Falling	981	cол	cол	linguistic	_		Begin=881.940
981-1	SPK1117	Falling	981	үшін	үшін	linguistic	_		
981-2	SPK1117	Falling	981	алатындар	алатындар	linguistic	_		
981-3	SPK1117	Falling	981	да	да	linguistic	_		
981-4	SPK1117	Falling	981	бар	бар	linguistic	_		
981-5	SPK1117	Falling	981	ғой	ғой	linguistic	_		
981-6	SPK1117	Falling	981	деп	деп	linguistic	_		End=883.290
982-0	SPK1118	Continuing	982	Иә	Иә	linguistic	_		Begin=884.470|End=884.880
983-0	SPK1118	Falling	983	бірақ	бірақ	linguistic	_		Begin=884.880
983-1	SPK1118	Falling	983	ол	ол	linguistic	_		
983-2	SPK1118	Falling	983	да	да	linguistic	_		
983-3	SPK1118	Falling	983	дұрыс	дұрыс	linguistic	_		
983-4	SPK1118	Falling	983	қой	қой	linguistic	_		End=885.790
984-0	SPK1117	undefined	984	Мен	Мен	linguistic	_		Begin=885.800
984-1	SPK1117	undefined	984	ағам	ағам	linguistic	_		
984-2	SPK1117	undefined	984	айтқан	айтқан	linguistic	_		
984-3	SPK1117	undefined	984	ғой	ғой	linguistic	_		End=886.480
985-0	SPK1117	Continuing	985	бір	бір	linguistic	_		Begin=886.480
985-1	SPK1117	Continuing	985	мектепті	мектепті	linguistic	_		End=887.330
986-0	SPK1117	Continuing	986	өзі	өзі	linguistic	_		Begin=887.820
986-1	SPK1117	Continuing	986	бұрын	бұрын	linguistic	_		
986-2	SPK1117	Continuing	986	сол	сол	linguistic	_		
986-3	SPK1117	Continuing	986	мектепте	мектепте	linguistic	_		
986-4	SPK1117	Continuing	986	істеген	істеген	linguistic	_		
986-5	SPK1117	Continuing	986	екен	екен	linguistic	_		
986-6	SPK1117	Continuing	986	да	да	linguistic	_		End=889.310
987-0	SPK1118	Falling	987	Мхм	Мхм	linguistic	_		Begin=889.310|End=889.710
988-0	SPK1117	Falling	988	сол	сол	linguistic	_		Begin=889.410
988-1	SPK1117	Falling	988	жақты	жақты	linguistic	_		
988-2	SPK1117	Falling	988	көрсей	көрсей	linguistic	_		
988-3	SPK1117	Falling	988	деп	деп	linguistic	_		End=890.350
989-0	SPK1117	undefined	989	Сөйтіп	Сөйтіп	linguistic	_		Begin=890.940|End=891.250
990-0	SPK1117	undefined	990	көрсем	көрсем	linguistic	_		Begin=891.690|End=891.940
991-0	SPK1117	undefined	991	Kundelik.kz	Kundelik.kz	linguistic	_		Begin=891.940|End=892.395
992-0	SPK1117	undefined	992	ой	ой	linguistic	_		Begin=892.395|End=892.755
993-0	SPK1117	Continuing	993	Enbek.kz	Enbek.kz	linguistic	_		Begin=892.755
993-1	SPK1117	Continuing	993	қарасам	қарасам	linguistic	_		End=893.770
994-0	SPK1117	Continuing	994	сол	сол	linguistic	_		Begin=894.430
994-1	SPK1117	Continuing	994	сол	сол	linguistic	_		
994-2	SPK1117	Continuing	994	мектеп	мектеп	linguistic	_		
994-3	SPK1117	Continuing	994	тұр	тұр	linguistic	_		
994-4	SPK1117	Continuing	994	екен	екен	linguistic	_		End=895.260
995-0	SPK1117	Falling	995	мен	мен	linguistic	_		Begin=895.260
995-1	SPK1117	Falling	995	отклик	отклик	linguistic	_		
995-2	SPK1117	Falling	995	тастап	тастап	linguistic	_		
995-3	SPK1117	Falling	995	қойған	қойған	linguistic	_		
995-4	SPK1117	Falling	995	екенмін	екенмін	linguistic	_		End=896.570
996-0	SPK1118	Rising	996	Нөмері	Нөмері	linguistic	_		Begin=895.310
996-1	SPK1118	Rising	996	қандай	қандай	linguistic	_		End=896.140
997-0	SPK1117	Falling	997	¬Жүз	Жүз	linguistic	_	Anonymized=Yes	Begin=896.570
997-1	SPK1117	Falling	997	алпыс	алпыс	linguistic	_		
997-2	SPK1117	Falling	997	қой	қой	linguistic	_		
997-3	SPK1117	Falling	997	деймін	деймін	linguistic	_		End=897.680
998-0	SPK1118	Falling	998	Ммм	Ммм	linguistic	_		Begin=897.950|End=898.400
999-0	SPK1118	Rising	999	Жүз	Жүз	linguistic	_		Begin=898.400
999-1	SPK1118	Rising	999	¬алпыс	алпыс	linguistic	_	Anonymized=Yes	
999-2	SPK1118	Rising	999	төрт	төрт	linguistic	_		
999-3	SPK1118	Rising	999	емес	емес	linguistic	_		
999-4	SPK1118	Rising	999	па	па	linguistic	_		End=899.610
1000-0	SPK1117	Falling	1000	Жүз	Жүз	linguistic	_		Begin=899.550
1000-1	SPK1117	Falling	1000	қырық-ау	қырық-ау	linguistic	_		
1000-2	SPK1117	Falling	1000	деймін	деймін	linguistic	_		End=900.250
1001-0	SPK1117	undefined	1001	отклик	отклик	linguistic	_		Begin=901.150
1001-1	SPK1117	undefined	1001	тастап	тастап	linguistic	_		
1001-2	SPK1117	undefined	1001	қойған	қойған	linguistic	_		
1001-3	SPK1117	undefined	1001	екенмін	екенмін	linguistic	_		End=902.060
1002-0	SPK1117	Falling	1002	оказывается	оказывается	linguistic	_		Begin=902.060|End=902.720
1003-0	SPK1118	undefined	1003	Ай	Ай	linguistic	_		Begin=903.410|End=903.700
1004-0	SPK1118	undefined	1004	жүз	жүз	linguistic	_		Begin=903.700
1004-1	SPK1118	undefined	1004	¬алпыс	алпыс	linguistic	_	Anonymized=Yes	End=904.240
1005-0	SPK1118	Falling	1005	төртінші	төртінші	linguistic	_		Begin=904.240
1005-1	SPK1118	Falling	1005	мектеп	мектеп	linguistic	_		End=905.127
1006-0	SPK1118	Falling	1006	Бостандықский	Бостандықский	linguistic	_		Begin=905.980
1006-1	SPK1118	Falling	1006	район	район	linguistic	_		End=907.070
1007-0	SPK1117	undefined	1007	Жүз	Жүз	linguistic	_		Begin=908.000
1007-1	SPK1117	undefined	1007	¬алпыс	алпыс	linguistic	_	Anonymized=Yes	
1007-2	SPK1117	undefined	1007	төрт	төрт	linguistic	_		End=908.460
1008-0	SPK1117	Falling	1008	ещё	ещё	linguistic	_		Begin=908.460
1008-1	SPK1117	Falling	1008	жүз	жүз	linguistic	_		
1008-2	SPK1117	Falling	1008	¬алпыс	алпыс	linguistic	_	Anonymized=Yes	
1008-3	SPK1117	Falling	1008	та	та	linguistic	_		
1008-4	SPK1117	Falling	1008	бар	бар	linguistic	_		
1008-5	SPK1117	Falling	1008	ғой	ғой	linguistic	_		End=909.640
1009-0	SPK1118	undefined	1009	Ааа	Ааа	linguistic	_		Begin=909.460|End=910.110
1010-0	SPK1117	Falling	1010	Мне	Мне	linguistic	_		Begin=909.650
1010-1	SPK1117	Falling	1010	кажется	кажется	linguistic	_		End=910.300
1011-0	SPK1117	undefined	1011	Сөйтіп	Сөйтіп	linguistic	_		Begin=910.830|End=911.220
1012-0	SPK1117	Falling	1012	барып	барып	linguistic	_		Begin=911.540
1012-1	SPK1117	Falling	1012	көрсей	көрсей	linguistic	_		
1012-2	SPK1117	Falling	1012	деді	деді	linguistic	_		
1012-3	SPK1117	Falling	1012	маған	маған	linguistic	_		End=912.480
1013-0	SPK1118	Falling	1013	Ммм	Ммм	linguistic	_		Begin=913.570|End=914.240
1014-0	SPK1117	undefined	1014	Что-то	Что-то	linguistic	_		Begin=914.245|End=914.435
1015-0	SPK1117	Falling	1015	бәрі	бәрі	linguistic	_		Begin=914.435
1015-1	SPK1117	Falling	1015	барып	барып	linguistic	_		
1015-2	SPK1117	Falling	1015	көрсей	көрсей	linguistic	_		
1015-3	SPK1117	Falling	1015	деп	деп	linguistic	_		
1015-4	SPK1117	Falling	1015	жатыршы	жатыршы	linguistic	_		End=915.430
1016-0	SPK1117	Falling	1016	Әшейін	Әшейін	linguistic	_		Begin=916.430
1016-1	SPK1117	Falling	1016	тастап	тастап	linguistic	_		
1016-2	SPK1117	Falling	1016	отырмай	отырмай	linguistic	_		End=917.640
1017-0	SPK1117	Falling	1017	Олар	Олар	linguistic	_		Begin=917.810
1017-1	SPK1117	Falling	1017	қарамайтын	қарамайтын	linguistic	_		
1017-2	SPK1117	Falling	1017	да	да	linguistic	_		
1017-3	SPK1117	Falling	1017	сияқты	сияқты	linguistic	_		
1017-4	SPK1117	Falling	1017	ол	ол	linguistic	_		
1017-5	SPK1117	Falling	1017	жақты	жақты	linguistic	_		End=919.010
1018-0	SPK1117	Interrupted	1018	Бірақ	Бірақ	linguistic	_		Begin=921.130
1018-1	SPK1117	Interrupted	1018	хотя	хотя	linguistic	_		
1018-2	SPK1117	Interrupted	1018	бы	бы	linguistic	_		
1018-3	SPK1117	Interrupted	1018	от-	от	linguistic	_	Interrupted=Yes	End=921.790
1019-0	SPK1117	Rising	1019	не	не	linguistic	_		Begin=921.790
1019-1	SPK1117	Rising	1019	жіберу	жіберу	linguistic	_		
1019-2	SPK1117	Rising	1019	керек	керек	linguistic	_		
1019-3	SPK1117	Rising	1019	қой	қой	linguistic	_		
1019-4	SPK1117	Rising	1019	иә	иә	linguistic	_		End=922.690
1020-0	SPK1117	Rising	1020	Отмена	Отмена	linguistic	_		Begin=922.690
1020-1	SPK1117	Rising	1020	жіберу	жіберу	linguistic	_		
1020-2	SPK1117	Rising	1020	керек	керек	linguistic	_		
1020-3	SPK1117	Rising	1020	қой	қой	linguistic	_		
1020-4	SPK1117	Rising	1020	иә	иә	linguistic	_		End=923.790
1021-0	SPK1118	Falling	1021	Қарамайтын	Қарамайтын	linguistic	_		Begin=924.760
1021-1	SPK1118	Falling	1021	да	да	linguistic	_		
1021-2	SPK1118	Falling	1021	шығар	шығар	linguistic	_		End=925.770
1022-0	SPK1118	undefined	1022	Мынау	Мынау	linguistic	_		Begin=926.900
1022-1	SPK1118	undefined	1022	кім	кім	linguistic	_		
1022-2	SPK1118	undefined	1022	дейді	дейді	linguistic	_		
1022-3	SPK1118	undefined	1022	да	да	linguistic	_		End=927.671
1023-0	SPK1118	Falling	1023	WHISPER	WHISPER	paraverbal	_		Begin=927.671
1023-1	SPK1118	Falling	1023	болды	болды	linguistic	_		End=928.159
1024-0	SPK1117	undefined	1024	Н	Н	paraverbal	_		Begin=928.990|End=929.410
1025-0	SPK1117	Falling	1025	Әй	Әй	linguistic	_		Begin=929.410
1025-1	SPK1117	Falling	1025	кетсінші	кетсінші	linguistic	_		
1025-2	SPK1117	Falling	1025	деп	деп	linguistic	_		
1025-3	SPK1117	Falling	1025	па	па	linguistic	_		
1025-4	SPK1117	Falling	1025	@@	@@	linguistic	_		End=930.630
1026-0	SPK1118	Falling	1026	Кет	Кет	linguistic	_		Begin=930.290
1026-1	SPK1118	Falling	1026	бар	бар	linguistic	_		End=930.730
1027-0	SPK1117	Continuing	1027	Нет	Нет	linguistic	_		Begin=930.630
1027-1	SPK1117	Continuing	1027	опыт	опыт	linguistic	_		
1027-2	SPK1117	Continuing	1027	екен	екен	linguistic	_		
1027-3	SPK1117	Continuing	1027	ғой	ғой	linguistic	_		End=931.530
1028-0	SPK1117	Continuing	1028	құры	құры	linguistic	_		Begin=931.540
1028-1	SPK1117	Continuing	1028	бар	бар	linguistic	_		
1028-2	SPK1117	Continuing	1028	деп	деп	linguistic	_		End=932.090
1029-0	SPK1117	Falling	1029	енді	енді	linguistic	_		Begin=932.090
1029-1	SPK1117	Falling	1029	бітіріпті	бітіріпті	linguistic	_		
1029-2	SPK1117	Falling	1029	ғой	ғой	linguistic	_		
1029-3	SPK1117	Falling	1029	деп	деп	linguistic	_		End=933.110
1030-0	SPK1118	Falling	1030	Иә	Иә	linguistic	_		Begin=932.110|End=932.740
1031-0	SPK1118	undefined	1031	Сөйтіп	Сөйтіп	linguistic	_		Begin=933.580
1031-1	SPK1118	undefined	1031	өйтіп	өйтіп	linguistic	_		End=934.030
1032-0	SPK1117	undefined	1032	@@@@	@@@@	linguistic	_		Begin=933.610|End=936.350
1033-0	SPK1118	Falling	1033	не	не	linguistic	_		Begin=934.030
1033-1	SPK1118	Falling	1033	бір	бір	linguistic	_		
1033-2	SPK1118	Falling	1033	жетіскен	жетіскен	linguistic	_		
1033-3	SPK1118	Falling	1033	біледі	біледі	linguistic	_		
1033-4	SPK1118	Falling	1033	дейсің	дейсің	linguistic	_		
1033-5	SPK1118	Falling	1033	мынау	мынау	linguistic	_		
1033-6	SPK1118	Falling	1033	деп	деп	linguistic	_		End=935.630
1034-0	SPK1117	Falling	1034	Точно	Точно	linguistic	_		Begin=936.350|End=937.290
1035-0	SPK1117	undefined	1035	@@@	@@@	linguistic	_		Begin=937.310|End=938.130
1036-0	SPK1117	undefined	1036	Даже	Даже	linguistic	_		Begin=938.130
1036-1	SPK1117	undefined	1036	ішін	ішін	linguistic	_		
1036-2	SPK1117	undefined	1036	бізге:	бізге	linguistic	_	Prolongation=4	End=939.110
1037-0	SPK1117	Continuing	1037	ішіне	ішіне	linguistic	_		Begin=939.110
1037-1	SPK1117	Continuing	1037	кіріп	кіріп	linguistic	_		
1037-2	SPK1117	Continuing	1037	те	те	linguistic	_		
1037-3	SPK1117	Continuing	1037	қарамайтын	қарамайтын	linguistic	_		
1037-4	SPK1117	Continuing	1037	шығар	шығар	linguistic	_		End=940.450
1038-0	SPK1117	Continuing	1038	нені	нені	linguistic	_		Begin=940.450
1038-1	SPK1117	Continuing	1038	бітірдің	бітірдің	linguistic	_		End=941.080
1039-0	SPK1117	Falling	1039	опыт	опыт	linguistic	_		Begin=941.090
1039-1	SPK1117	Falling	1039	работыңды	работыңды	linguistic	_		
1039-2	SPK1117	Falling	1039	да	да	linguistic	_		
1039-3	SPK1117	Falling	1039	қарамайтын	қарамайтын	linguistic	_		
1039-4	SPK1117	Falling	1039	сияқты	сияқты	linguistic	_		
1039-5	SPK1117	Falling	1039	ғой	ғой	linguistic	_		End=942.350
1040-0	SPK1117	Continuing	1040	То	То	linguistic	_		Begin=942.350
1040-1	SPK1117	Continuing	1040	есть	есть	linguistic	_		End=942.989
1041-0	SPK1117	undefined	1041	(TSK)	(TSK)	_	_		Begin=942.989|End=943.390
1042-0	SPK1117	undefined	1042	мысалы	мысалы	linguistic	_		Begin=943.390|End=943.660
1043-0	SPK1117	undefined	1043	біздікі	біздікі	linguistic	_		Begin=943.660|End=944.020
1044-0	SPK1117	Continuing	1044	опыт	опыт	linguistic	_		Begin=944.030
1044-1	SPK1117	Continuing	1044	работы	работы	linguistic	_		
1044-2	SPK1117	Continuing	1044	нет	нет	linguistic	_		
1044-3	SPK1117	Continuing	1044	деп	деп	linguistic	_		
1044-4	SPK1117	Continuing	1044	тұрады	тұрады	linguistic	_		
1044-5	SPK1117	Continuing	1044	ғой	ғой	linguistic	_		End=945.220
1045-0	SPK1117	undefined	1045	бірақ	бірақ	linguistic	_		Begin=945.230
1045-1	SPK1117	undefined	1045	ішінде	ішінде	linguistic	_		
1045-2	SPK1117	undefined	1045	тұрады	тұрады	linguistic	_		
1045-3	SPK1117	undefined	1045	ғой	ғой	linguistic	_		
1045-4	SPK1117	undefined	1045	мысалы	мысалы	linguistic	_		End=946.250
1046-0	SPK1118	Falling	1046	Иә	Иә	linguistic	_		Begin=945.270|End=945.860
1047-0	SPK1117	Falling	1047	тест	тест	linguistic	_		Begin=946.250
1047-1	SPK1117	Falling	1047	анау	анау	linguistic	_		
1047-2	SPK1117	Falling	1047	мынау	мынау	linguistic	_		
1047-3	SPK1117	Falling	1047	деген	деген	linguistic	_		
1047-4	SPK1117	Falling	1047	сияқты	сияқты	linguistic	_		
1047-5	SPK1117	Falling	1047	нәрселерімізші	нәрселерімізші	linguistic	_		End=948.080
1048-0	SPK1117	Continuing	1048	Соған	Соған	linguistic	_		Begin=948.840|End=949.470
1049-0	SPK1117	undefined	1049	төбесін	төбесін	linguistic	_		Begin=949.470
1049-1	SPK1117	undefined	1049	нет	нет	linguistic	_		
1049-2	SPK1117	undefined	1049	опытная	опытная	linguistic	_		
1049-3	SPK1117	undefined	1049	екен	екен	linguistic	_		
1049-4	SPK1117	undefined	1049	ғой	ғой	linguistic	_		
1049-5	SPK1117	undefined	1049	деп	деп	linguistic	_		End=950.890
1050-0	SPK1117	Falling	1050	ашпайтын	ашпайтын	linguistic	_		Begin=950.890
1050-1	SPK1117	Falling	1050	да	да	linguistic	_		
1050-2	SPK1117	Falling	1050	шығар	шығар	linguistic	_		
1050-3	SPK1117	Falling	1050	ішін	ішін	linguistic	_		End=951.930
1051-0	SPK1117	Falling	1051	Құдай-ау	Құдай-ау	linguistic	_		Begin=952.310|End=952.820
1052-0	SPK1117	Falling	1052	Прикол	Прикол	linguistic	_		Begin=956.030|End=956.654
1053-0	SPK1117	Continuing	1053	Резюмемді	Резюмемді	linguistic	_		Begin=958.510
1053-1	SPK1117	Continuing	1053	жасап	жасап	linguistic	_		
1053-2	SPK1117	Continuing	1053	қойдым	қойдым	linguistic	_		End=959.598
1054-0	SPK1117	Continuing	1054	қай	қай	linguistic	_		Begin=959.780
1054-1	SPK1117	Continuing	1054	жақтан	жақтан	linguistic	_		
1054-2	SPK1117	Continuing	1054	шығартып	шығартып	linguistic	_		
1054-3	SPK1117	Continuing	1054	аламын	аламын	linguistic	_		
1054-4	SPK1117	Continuing	1054	деп	деп	linguistic	_		End=960.642
1055-0	SPK1117	undefined	1055	жұмыстан	жұмыстан	linguistic	_		Begin=960.920
1055-1	SPK1117	undefined	1055	шығарып	шығарып	linguistic	_		
1055-2	SPK1117	undefined	1055	алайын	алайын	linguistic	_		
1055-3	SPK1117	undefined	1055	ба	ба	linguistic	_		
1055-4	SPK1117	undefined	1055	десем	десем	linguistic	_		
1055-5	SPK1117	undefined	1055	ана:	ана	linguistic	_	Prolongation=2	End=962.110
1056-0	SPK1117	Continuing	1056	админ	админ	linguistic	_		Begin=962.110
1056-1	SPK1117	Continuing	1056	отырады	отырады	linguistic	_		
1056-2	SPK1117	Continuing	1056	да	да	linguistic	_		End=962.830
1057-0	SPK1117	Falling	1057	ыңғайсыз	ыңғайсыз	linguistic	_		Begin=962.830
1057-1	SPK1117	Falling	1057	ғой	ғой	linguistic	_		
1057-2	SPK1117	Falling	1057	резюмеңді	резюмеңді	linguistic	_		
1057-3	SPK1117	Falling	1057	шығарып	шығарып	linguistic	_		
1057-4	SPK1117	Falling	1057	тұрсаң	тұрсаң	linguistic	_		End=964.100
1058-0	SPK1118	Falling	1058	Аха	Аха	linguistic	_		Begin=964.290|End=964.950
1059-0	SPK1117	Falling	1059	Өзің	Өзің	linguistic	_		Begin=964.490
1059-1	SPK1117	Falling	1059	сол	сол	linguistic	_		
1059-2	SPK1117	Falling	1059	жаққа	жаққа	linguistic	_		
1059-3	SPK1117	Falling	1059	жұмысқа	жұмысқа	linguistic	_		
1059-4	SPK1117	Falling	1059	кіріп	кіріп	linguistic	_		
1059-5	SPK1117	Falling	1059	алып	алып	linguistic	_		
1059-6	SPK1117	Falling	1059	@@	@@	linguistic	_		End=965.920
1060-0	SPK1117	undefined	1060	Мен	Мен	linguistic	_		Begin=966.310
1060-1	SPK1117	undefined	1060	соны	соны	linguistic	_		End=966.740
1061-0	SPK1117	undefined	1061	қой	қой	linguistic	_		Begin=966.740
1061-1	SPK1117	undefined	1061	деп	деп	linguistic	_		
1061-2	SPK1117	undefined	1061	отырмын	отырмын	linguistic	_		End=967.360
1062-0	SPK1117	Falling	1062	пока	пока	linguistic	_		Begin=967.360|End=967.850
1063-0	SPK1117	undefined	1063	Жақын	Жақын	linguistic	_		Begin=968.440
1063-1	SPK1117	undefined	1063	жерлерден	жерлерден	linguistic	_		
1063-2	SPK1117	undefined	1063	іздеп	іздеп	linguistic	_		
1063-3	SPK1117	undefined	1063	көріп	көріп	linguistic	_		End=969.500
1064-0	SPK1117	Falling	1064	шығартып	шығартып	linguistic	_		Begin=969.500
1064-1	SPK1117	Falling	1064	ала	ала	linguistic	_		
1064-2	SPK1117	Falling	1064	салу	салу	linguistic	_		
1064-3	SPK1117	Falling	1064	керек	керек	linguistic	_		End=970.620
1065-0	SPK1117	Rising	1065	Бірақ	Бірақ	linguistic	_		Begin=971.650
1065-1	SPK1117	Rising	1065	суббота	суббота	linguistic	_		
1065-2	SPK1117	Rising	1065	мектептер	мектептер	linguistic	_		
1065-3	SPK1117	Rising	1065	түске	түске	linguistic	_		
1065-4	SPK1117	Rising	1065	дейін	дейін	linguistic	_		
1065-5	SPK1117	Rising	1065	ғана	ғана	linguistic	_		
1065-6	SPK1117	Rising	1065	істейді	істейді	linguistic	_		
1065-7	SPK1117	Rising	1065	иә	иә	linguistic	_		End=973.300
1066-0	SPK1118	Falling	1066	Білмеймін	Білмеймін	linguistic	_		Begin=973.730|End=974.410
1067-0	SPK1118	Rising	1067	Бүгін	Бүгін	linguistic	_		Begin=974.656
1067-1	SPK1118	Rising	1067	қаншасы	қаншасы	linguistic	_		End=975.270
1068-0	SPK1118	undefined	1068	Енді	Енді	linguistic	_		Begin=975.310
1068-1	SPK1118	undefined	1068	енді	енді	linguistic	_		
1068-2	SPK1118	undefined	1068	шығатын	шығатын	linguistic	_		
1068-3	SPK1118	undefined	1068	шығар	шығар	linguistic	_		
1068-4	SPK1118	undefined	1068	жұмысқа	жұмысқа	linguistic	_		End=976.590
1069-0	SPK1118	Falling	1069	иә	иә	linguistic	_		Begin=976.590|End=977.200
1070-0	SPK1117	Rising	1070	Мәә	Мәә	linguistic	_		Begin=978.000
1070-1	SPK1117	Rising	1070	ертең	ертең	linguistic	_		
1070-2	SPK1117	Rising	1070	грант	грант	linguistic	_		
1070-3	SPK1117	Rising	1070	қандай	қандай	linguistic	_		
1070-4	SPK1117	Rising	1070	уақытта	уақытта	linguistic	_		
1070-5	SPK1117	Rising	1070	шығады	шығады	linguistic	_		
1070-6	SPK1117	Rising	1070	екен	екен	linguistic	_		End=979.370
1071-0	SPK1118	Falling	1071	Ааа	Ааа	linguistic	_		Begin=979.900|End=980.575
1072-0	SPK1117	Interrupted	1072	Сестренкам-	Сестренкам	linguistic	_	Interrupted=Yes	Begin=980.660|End=981.250
1073-0	SPK1118	undefined	1073	Ааа	Ааа	linguistic	_		Begin=981.050|End=981.370
1074-0	SPK1117	undefined	1074	сестренкам	сестренкам	linguistic	_		Begin=981.250
1074-1	SPK1117	undefined	1074	түсіп	түсіп	linguistic	_		
1074-2	SPK1117	undefined	1074	кетсе	кетсе	linguistic	_		
1074-3	SPK1117	undefined	1074	екен:	екен	linguistic	_	Prolongation=3	End=982.550
1075-0	SPK1118	undefined	1075	сестренкаң	сестренкаң	linguistic	_		Begin=981.370|End=982.270
1076-0	SPK1118	Falling	1076	түсіп	түсіп	linguistic	_		Begin=982.270
1076-1	SPK1118	Falling	1076	кетсін	кетсін	linguistic	_		
1076-2	SPK1118	Falling	1076	әумин	әумин	linguistic	_		End=983.280
1077-0	SPK1118	Falling	1077	Бұйырса	Бұйырса	linguistic	_		Begin=983.280|End=983.836
1078-0	SPK1117	Falling	1078	Әумин	Әумин	linguistic	_		Begin=983.910|End=984.450
1079-0	SPK1118	Continuing	1079	Бағана	Бағана	linguistic	_		Begin=984.670|End=985.150
1080-0	SPK1118	undefined	1080	интаграмнан	интаграмнан	linguistic	_		Begin=985.150
1080-1	SPK1118	undefined	1080	көргенмін	көргенмін	linguistic	_		End=985.830
1081-0	SPK1118	Falling	1081	айтпақшы	айтпақшы	linguistic	_		Begin=985.830|End=986.360
1082-0	SPK1117	Falling	1082	Иә	Иә	linguistic	_		Begin=986.370|End=986.630
1083-0	SPK1117	Interrupted	1083	Біздікі-	Біздікі	linguistic	_	Interrupted=Yes	Begin=986.640|End=987.000
1084-0	SPK1117	Rising	1084	Біз	Біз	linguistic	_		Begin=987.000
1084-1	SPK1117	Rising	1084	он	он	linguistic	_		
1084-2	SPK1117	Rising	1084	бірінен	бірінен	linguistic	_		
1084-3	SPK1117	Rising	1084	бастап	бастап	linguistic	_		
1084-4	SPK1117	Rising	1084	жазады	жазады	linguistic	_		
1084-5	SPK1117	Rising	1084	екенбіз	екенбіз	linguistic	_		
1084-6	SPK1117	Rising	1084	ғой	ғой	linguistic	_		
1084-7	SPK1117	Rising	1084	иә	иә	linguistic	_		End=988.650
1085-0	SPK1118	Rising	1085	Аа	Аа	linguistic	_		Begin=988.980
1085-1	SPK1118	Rising	1085	он	он	linguistic	_		
1085-2	SPK1118	Rising	1085	бірінен	бірінен	linguistic	_		End=989.822
1086-0	SPK1117	Falling	1086	Кажется	Кажется	linguistic	_		Begin=989.830|End=990.560
1087-0	SPK1117	Falling	1087	Иә	Иә	linguistic	_		Begin=990.560|End=991.390
1088-0	SPK1117	Falling	1088	Жазайық	Жазайық	linguistic	_		Begin=992.610|End=993.110
1089-0	SPK1117	Falling	1089	Ертерек	Ертерек	linguistic	_		Begin=993.110|End=993.770
1090-0	SPK1118	Falling	1090	Мхм	Мхм	linguistic	_		Begin=994.360|End=994.960
1091-0	SPK1118	undefined	1091	Пятница	Пятница	linguistic	_		Begin=996.950
1091-1	SPK1118	undefined	1091	күні	күні	linguistic	_		
1091-2	SPK1118	undefined	1091	барайық	барайық	linguistic	_		
1091-3	SPK1118	undefined	1091	та	та	linguistic	_		End=997.630
1092-0	SPK1118	Falling	1092	құдай	құдай	linguistic	_		Begin=997.630
1092-1	SPK1118	Falling	1092	бұйыртса	бұйыртса	linguistic	_		End=998.270
1093-0	SPK1117	undefined	1093	Пятница	Пятница	linguistic	_		Begin=999.520|End=999.980
1094-0	SPK1117	Rising	1094	неше	неше	linguistic	_		Begin=999.980|End=1000.520
1095-0	SPK1118	Falling	1095	Он	Он	linguistic	_		Begin=1001.420
1095-1	SPK1118	Falling	1095	үші	үші	linguistic	_		End=1002.020
1096-0	SPK1118	Continuing	1096	Ой	Ой	linguistic	_		Begin=1002.720|End=1003.190
1097-0	SPK1118	Rising	1097	бүгін	бүгін	linguistic	_		Begin=1003.680
1097-1	SPK1118	Rising	1097	қаншасы	қаншасы	linguistic	_		End=1004.370
1098-0	SPK1117	Falling	1098	Тоғызы	Тоғызы	linguistic	_		Begin=1005.550|End=1006.190
1099-0	SPK1118	Continuing	1099	Тоғыз	Тоғыз	linguistic	_		Begin=1006.220|End=1006.480
1100-0	SPK1118	Continuing	1100	он	он	linguistic	_		Begin=1006.480|End=1006.750
1101-0	SPK1118	Continuing	1101	он	он	linguistic	_		Begin=1006.750
1101-1	SPK1118	Continuing	1101	бір	бір	linguistic	_		End=1007.020
1102-0	SPK1118	Falling	1102	он	он	linguistic	_		Begin=1007.020
1102-1	SPK1118	Falling	1102	екісі	екісі	linguistic	_		End=1007.590
1103-0	SPK1117	Rising	1103	Он	Он	linguistic	_		Begin=1007.840
1103-1	SPK1117	Rising	1103	екісі	екісі	linguistic	_		End=1008.540
1104-0	SPK1118	Falling	1104	Иә	Иә	linguistic	_		Begin=1008.620|End=1009.070
1105-0	SPK1117	Continuing	1105	Ммм	Ммм	linguistic	_		Begin=1009.270|End=1009.680
1106-0	SPK1117	undefined	1106	пятница	пятница	linguistic	_		Begin=1009.680
1106-1	SPK1117	undefined	1106	менде	менде	linguistic	_		End=1010.260
1107-0	SPK1117	Falling	1107	жұмысшы	жұмысшы	linguistic	_		Begin=1010.260|End=1011.060
1108-0	SPK1118	Falling	1108	Мм	Мм	linguistic	_		Begin=1011.910|End=1012.330
1109-0	SPK1117	Falling	1109	Бәрін	Бәрін	linguistic	_		Begin=1012.160
1109-1	SPK1117	Falling	1109	субботаға	субботаға	linguistic	_		
1109-2	SPK1117	Falling	1109	тақап	тақап	linguistic	_		
1109-3	SPK1117	Falling	1109	жатырмын	жатырмын	linguistic	_		
1109-4	SPK1117	Falling	1109	ғой	ғой	linguistic	_		
1109-5	SPK1117	Falling	1109	сол	сол	linguistic	_		End=1013.730
1110-0	SPK1118	Falling	1110	Мен	Мен	linguistic	_		Begin=1014.720
1110-1	SPK1118	Falling	1110	суббота	суббота	linguistic	_		
1110-2	SPK1118	Falling	1110	бара	бара	linguistic	_		
1110-3	SPK1118	Falling	1110	алмаймын	алмаймын	linguistic	_		End=1015.760
1111-0	SPK1117	Rising	1111	Сенде	Сенде	linguistic	_		Begin=1017.140
1111-1	SPK1117	Rising	1111	жұмыс	жұмыс	linguistic	_		
1111-2	SPK1117	Rising	1111	па	па	linguistic	_		End=1017.780
1112-0	SPK1118	Falling	1112	Иә	Иә	linguistic	_		Begin=1017.880|End=1018.340
1113-0	SPK1117	Falling	1113	Пятница	Пятница	linguistic	_		Begin=1019.840
1113-1	SPK1117	Falling	1113	менде	менде	linguistic	_		
1113-2	SPK1117	Falling	1113	жұмыс	жұмыс	linguistic	_		
1113-3	SPK1117	Falling	1113	сол	сол	linguistic	_		End=1021.150
1114-0	SPK1117	undefined	1114	(TSK)	(TSK)	_	_		Begin=1025.200|End=1025.510
1115-0	SPK1117	Falling	1115	Білмеймін	Білмеймін	linguistic	_		Begin=1025.510|End=1026.140
1116-0	SPK1117	Falling	1116	Сұранған	Сұранған	linguistic	_		Begin=1027.700
1116-1	SPK1117	Falling	1116	да	да	linguistic	_		
1116-2	SPK1117	Falling	1116	біртүрлі	біртүрлі	linguistic	_		
1116-3	SPK1117	Falling	1116	ғой	ғой	linguistic	_		End=1028.850
1117-0	SPK1117	Falling	1117	Сосын	Сосын	linguistic	_		Begin=1030.130|End=1030.670
1118-0	SPK1117	undefined	1118	Онлайн	Онлайн	linguistic	_		Begin=1031.840
1118-1	SPK1117	undefined	1118	беруге	беруге	linguistic	_		End=1032.420
1119-0	SPK1117	Continuing	1119	не	не	linguistic	_		Begin=1032.420
1119-1	SPK1117	Continuing	1119	қылып	қылып	linguistic	_		
1119-2	SPK1117	Continuing	1119	тұрмыншы	тұрмыншы	linguistic	_		End=1032.970
1120-0	SPK1117	Falling	1120	біртүрлі	біртүрлі	linguistic	_		Begin=1033.340
1120-1	SPK1117	Falling	1120	шығар	шығар	linguistic	_		End=1033.950
1121-0	SPK1117	undefined	1121	Онлайн	Онлайн	linguistic	_		Begin=1034.120
1121-1	SPK1117	undefined	1121	беру	беру	linguistic	_		End=1034.500
1122-0	SPK1117	Rising	1122	қорқынышты	қорқынышты	linguistic	_		Begin=1034.500
1122-1	SPK1117	Rising	1122	иә	иә	linguistic	_		End=1035.200
1123-0	SPK1118	undefined	1123	Онлайн	Онлайн	linguistic	_		Begin=1035.969
1123-1	SPK1118	undefined	1123	бергенде	бергенде	linguistic	_		End=1036.460
1124-0	SPK1118	Falling	1124	менің	менің	linguistic	_		Begin=1036.460
1124-1	SPK1118	Falling	1124	ішім	ішім	linguistic	_		
1124-2	SPK1118	Falling	1124	пысып	пысып	linguistic	_		
1124-3	SPK1118	Falling	1124	кетеді	кетеді	linguistic	_		End=1037.520
1125-0	SPK1118	undefined	1125	Мен	Мен	linguistic	_		Begin=1037.520|End=1037.850
1126-0	SPK1118	Falling	1126	ішім	ішім	linguistic	_		Begin=1037.850
1126-1	SPK1118	Falling	1126	пысып	пысып	linguistic	_		
1126-2	SPK1118	Falling	1126	кетеді	кетеді	linguistic	_		
1126-3	SPK1118	Falling	1126	прям	прям	linguistic	_		End=1039.070
1127-0	SPK1118	undefined	1127	(H)	(H)	_	_		Begin=1039.290
1127-1	SPK1118	undefined	1127	Анау	Анау	linguistic	_		End=1039.860
1128-0	SPK1118	undefined	1128	ар	ар	linguistic	_		Begin=1040.740
1128-1	SPK1118	undefined	1128	жағында	жағында	linguistic	_		
1128-2	SPK1118	undefined	1128	отырған	отырған	linguistic	_		End=1041.470
1129-0	SPK1118	undefined	1129	тупой	тупой	linguistic	_		Begin=1041.470
1129-1	SPK1118	undefined	1129	болып	болып	linguistic	_		
1129-2	SPK1118	undefined	1129	кете	кете	linguistic	_		
1129-3	SPK1118	undefined	1129	ма	ма	linguistic	_		End=1042.380
1130-0	SPK1118	Falling	1130	бірдеңе	бірдеңе	linguistic	_		Begin=1042.380|End=1042.770
1131-0	SPK1118	Falling	1131	Ответ	Ответ	linguistic	_		Begin=1042.770
1131-1	SPK1118	Falling	1131	қайтармайды	қайтармайды	linguistic	_		End=1043.925
1132-0	SPK1117	Falling	1132	Мммм	Мммм	linguistic	_		Begin=1043.890|End=1044.420
1133-0	SPK1118	Rising	1133	Солай	Солай	linguistic	_		Begin=1044.170
1133-1	SPK1118	Rising	1133	ма	ма	linguistic	_		End=1044.690
1134-0	SPK1118	Continuing	1134	десең	десең	linguistic	_		Begin=1044.690|End=1045.130
1135-0	SPK1118	Falling	1135	үндемейді	үндемейді	linguistic	_		Begin=1045.130
1135-1	SPK1118	Falling	1135	ешкім	ешкім	linguistic	_		End=1046.230
1136-0	SPK1118	undefined	1136	(TSK)	(TSK)	_	_		Begin=1047.587|End=1048.018
1137-0	SPK1118	Falling	1137	Нервым	Нервым	linguistic	_		Begin=1048.210
1137-1	SPK1118	Falling	1137	ауырып	ауырып	linguistic	_		
1137-2	SPK1118	Falling	1137	кетеді	кетеді	linguistic	_		
1137-3	SPK1118	Falling	1137	сосын	сосын	linguistic	_		End=1049.250
1138-0	SPK1117	Falling	1138	Онда	Онда	linguistic	_		Begin=1050.400
1138-1	SPK1117	Falling	1138	бару	бару	linguistic	_		
1138-2	SPK1117	Falling	1138	керек	керек	linguistic	_		End=1051.200
1139-0	SPK1117	Continuing	1139	Бірақ	Бірақ	linguistic	_		Begin=1051.200
1139-1	SPK1117	Continuing	1139	субббота	субббота	linguistic	_		End=1051.770
1140-0	SPK1117	undefined	1140	түске	түске	linguistic	_		Begin=1051.770
1140-1	SPK1117	undefined	1140	дейін	дейін	linguistic	_		
1140-2	SPK1117	undefined	1140	ғана	ғана	linguistic	_		End=1052.450
1141-0	SPK1117	Falling	1141	істейтін	істейтін	linguistic	_		Begin=1052.450
1141-1	SPK1117	Falling	1141	шығар	шығар	linguistic	_		End=1053.020
1142-0	SPK1117	Falling	1142	Құдай	Құдай	linguistic	_		Begin=1053.020
1142-1	SPK1117	Falling	1142	біледі	біледі	linguistic	_		End=1053.740
1143-0	SPK1118	Falling	1143	Білмеймін	Білмеймін	linguistic	_		Begin=1054.510|End=1055.210
1144-0	SPK1117	undefined	1144	Мен	Мен	linguistic	_		Begin=1057.220
1144-1	SPK1117	undefined	1144	жұмысым	жұмысым	linguistic	_		
1144-2	SPK1117	undefined	1144	бәрін	бәрін	linguistic	_		End=1057.770
1145-0	SPK1117	Falling	1145	сол	сол	linguistic	_		Begin=1057.770
1145-1	SPK1117	Falling	1145	субботаға	субботаға	linguistic	_		
1145-2	SPK1117	Falling	1145	тақап	тақап	linguistic	_		
1145-3	SPK1117	Falling	1145	жатырмыншы	жатырмыншы	linguistic	_		End=1059.335
1146-0	SPK1117	Falling	1146	Әпкеме	Әпкеме	linguistic	_		Begin=1061.780
1146-1	SPK1117	Falling	1146	де	де	linguistic	_		
1146-2	SPK1117	Falling	1146	барып	барып	linguistic	_		
1146-3	SPK1117	Falling	1146	қайтамын	қайтамын	linguistic	_		
1146-4	SPK1117	Falling	1146	деп	деп	linguistic	_		
1146-5	SPK1117	Falling	1146	қойған	қойған	linguistic	_		
1146-6	SPK1117	Falling	1146	едім	едім	linguistic	_		End=1062.910
1147-0	SPK1117	undefined	1147	@@	@@	linguistic	_		Begin=1062.910|End=1063.460
1148-0	SPK1117	Falling	1148	Воскресенье	Воскресенье	linguistic	_		Begin=1064.350
1148-1	SPK1117	Falling	1148	бара	бара	linguistic	_		
1148-2	SPK1117	Falling	1148	салатын	салатын	linguistic	_		
1148-3	SPK1117	Falling	1148	шығармын	шығармын	linguistic	_		End=1065.450
1149-0	SPK1117	Continuing	1149	Прописка	Прописка	linguistic	_		Begin=1067.370
1149-1	SPK1117	Continuing	1149	тұрып	тұрып	linguistic	_		
1149-2	SPK1117	Continuing	1149	қоя	қоя	linguistic	_		
1149-3	SPK1117	Continuing	1149	салайыншы	салайыншы	linguistic	_		
1149-4	SPK1117	Continuing	1149	дегем	дегем	linguistic	_		
1149-5	SPK1117	Continuing	1149	ғой	ғой	linguistic	_		End=1069.360
1150-0	SPK1118	Falling	1150	Мм	Мм	linguistic	_		Begin=1069.340|End=1069.830
1151-0	SPK1117	undefined	1151	Бізде	Бізде	linguistic	_		Begin=1069.360
1151-1	SPK1117	undefined	1151	анау	анау	linguistic	_		End=1070.310
1152-0	SPK1117	undefined	1152	неге	неге	linguistic	_		Begin=1070.470
1152-1	SPK1117	undefined	1152	мысалы	мысалы	linguistic	_		End=1071.250
1153-0	SPK1117	undefined	1153	жас	жас	linguistic	_		Begin=1071.400
1153-1	SPK1117	undefined	1153	маман	маман	linguistic	_		End=1071.900
1154-0	SPK1117	Continuing	1154	депші	депші	linguistic	_		Begin=1071.900|End=1072.580
1155-0	SPK1117	undefined	1155	үйге	үйге	linguistic	_		Begin=1073.440|End=1073.760
1156-0	SPK1117	undefined	1156	очередьке	очередьке	linguistic	_		Begin=1073.760|End=1074.110
1157-0	SPK1117	Rising	1157	тұра	тұра	linguistic	_		Begin=1074.110
1157-1	SPK1117	Rising	1157	аламыз	аламыз	linguistic	_		
1157-2	SPK1117	Rising	1157	ба	ба	linguistic	_		End=1074.910
1158-0	SPK1117	undefined	1158	Мен	Мен	linguistic	_		Begin=1076.420|End=1076.650
1159-0	SPK1117	undefined	1159	типа	типа	linguistic	_		Begin=1076.650
1159-1	SPK1117	undefined	1159	оқыдым	оқыдым	linguistic	_		End=1077.180
1160-0	SPK1117	undefined	1160	бір	бір	linguistic	_		Begin=1077.180
1160-1	SPK1117	undefined	1160	жыл	жыл	linguistic	_		End=1077.610
1161-0	SPK1117	Continuing	1161	мемлекеттік	мемлекеттік	linguistic	_		Begin=1077.610
1161-1	SPK1117	Continuing	1161	жұмыс	жұмыс	linguistic	_		
1161-2	SPK1117	Continuing	1161	істеген	істеген	linguistic	_		
1161-3	SPK1117	Continuing	1161	болуың	болуың	linguistic	_		
1161-4	SPK1117	Continuing	1161	керек	керек	linguistic	_		End=1079.410
1162-0	SPK1117	undefined	1162	бір	бір	linguistic	_		Begin=1079.770
1162-1	SPK1117	undefined	1162	жыл	жыл	linguistic	_		End=1080.090
1163-0	SPK1117	undefined	1163	ммм	ммм	linguistic	_		Begin=1080.090|End=1080.520
1164-0	SPK1117	Rising	1164	пропискаң	пропискаң	linguistic	_		Begin=1080.520
1164-1	SPK1117	Rising	1164	болу	болу	linguistic	_		
1164-2	SPK1117	Rising	1164	керек	керек	linguistic	_		
1164-3	SPK1117	Rising	1164	деп	деп	linguistic	_		
1164-4	SPK1117	Rising	1164	оқыдым	оқыдым	linguistic	_		
1164-5	SPK1117	Rising	1164	да	да	linguistic	_		End=1082.160
1165-0	SPK1118	Rising	1165	Қай	Қай	linguistic	_		Begin=1082.080
1165-1	SPK1118	Rising	1165	жақтан	жақтан	linguistic	_		End=1082.520
1166-0	SPK1117	Continuing	1166	Бірақ	Бірақ	linguistic	_		Begin=1082.790|End=1083.150
1167-0	SPK1117	undefined	1167	мысалы	мысалы	linguistic	_		Begin=1083.150|End=1083.540
1168-0	SPK1117	Continuing	1168	счётың	счётың	linguistic	_		Begin=1083.540
1168-1	SPK1117	Continuing	1168	болмай	болмай	linguistic	_		End=1084.430
1169-0	SPK1117	Rising	1169	тұра	тұра	linguistic	_		Begin=1084.430
1169-1	SPK1117	Rising	1169	беруге	беруге	linguistic	_		
1169-2	SPK1117	Rising	1169	бола	бола	linguistic	_		
1169-3	SPK1117	Rising	1169	ма	ма	linguistic	_		End=1085.350
1170-0	SPK1117	undefined	1170	Мысалы	Мысалы	linguistic	_		Begin=1086.190
1170-1	SPK1117	undefined	1170	менде	менде	linguistic	_		End=1086.930
1171-0	SPK1117	undefined	1171	отбасы	отбасы	linguistic	_		Begin=1086.930|End=1087.450
1172-0	SPK1117	undefined	1172	мысалы	мысалы	linguistic	_		Begin=1087.450|End=1087.780
1173-0	SPK1117	undefined	1173	не	не	linguistic	_		Begin=1087.780
1173-1	SPK1117	undefined	1173	деген	деген	linguistic	_		
1173-2	SPK1117	undefined	1173	сияқты	сияқты	linguistic	_		End=1088.260
1174-0	SPK1117	Falling	1174	жоқ	жоқ	linguistic	_		Begin=1088.260
1174-1	SPK1117	Falling	1174	қой	қой	linguistic	_		End=1088.880
1175-0	SPK1118	Rising	1175	Счёт	Счёт	linguistic	_		Begin=1089.310
1175-1	SPK1118	Rising	1175	жоқ	жоқ	linguistic	_		
1175-2	SPK1118	Rising	1175	па	па	linguistic	_		End=1090.020
1176-0	SPK1117	Falling	1176	Счёт	Счёт	linguistic	_		Begin=1089.750
1176-1	SPK1117	Falling	1176	жоқ	жоқ	linguistic	_		End=1090.220
1177-0	SPK1117	Falling	1177	Ашпағанмын	Ашпағанмын	linguistic	_		Begin=1090.230
1177-1	SPK1117	Falling	1177	вообще	вообще	linguistic	_		End=1091.090
1178-0	SPK1117	undefined	1178	Бұйырса	Бұйырса	linguistic	_		Begin=1091.570|End=1092.110
1179-0	SPK1117	Falling	1179	күзде	күзде	linguistic	_		Begin=1092.110
1179-1	SPK1117	Falling	1179	ашу	ашу	linguistic	_		
1179-2	SPK1117	Falling	1179	керек	керек	linguistic	_		End=1092.930
1180-0	SPK1117	undefined	1180	#####	#####	unknown	_		Begin=1093.770|End=1094.730
1181-0	SPK1118	Falling	1181	Мхм	Мхм	linguistic	_		Begin=1094.980|End=1095.570
1182-0	SPK1117	Falling	1182	Қолымызға	Қолымызға	linguistic	_		Begin=1097.590
1182-1	SPK1117	Falling	1182	стипендияны	стипендияны	linguistic	_		
1182-2	SPK1117	Falling	1182	алғаннан	алғаннан	linguistic	_		
1182-3	SPK1117	Falling	1182	кейін	кейін	linguistic	_		End=1098.780
1183-0	SPK1117	Falling	1183	Құдай	Құдай	linguistic	_		Begin=1098.780
1183-1	SPK1117	Falling	1183	қаласа	қаласа	linguistic	_		End=1099.760
1184-0	SPK1118	Falling	1184	Құдай	Құдай	linguistic	_		Begin=1099.320
1184-1	SPK1118	Falling	1184	бұйыртса	бұйыртса	linguistic	_		End=1099.980
1185-0	SPK1118	Falling	1185	Әумин	Әумин	linguistic	_		Begin=1099.980|End=1100.518
1186-0	SPK1117	undefined	1186	Содан	Содан	linguistic	_		Begin=1100.460
1186-1	SPK1117	undefined	1186	кейін	кейін	linguistic	_		End=1100.780
1187-0	SPK1117	Falling	1187	сол	сол	linguistic	_		Begin=1100.780
1187-1	SPK1117	Falling	1187	стипендиям	стипендиям	linguistic	_		
1187-2	SPK1117	Falling	1187	бір	бір	linguistic	_		
1187-3	SPK1117	Falling	1187	бөлігін	бөлігін	linguistic	_		
1187-4	SPK1117	Falling	1187	салып	салып	linguistic	_		
1187-5	SPK1117	Falling	1187	тұрсам	тұрсам	linguistic	_		
1187-6	SPK1117	Falling	1187	ба	ба	linguistic	_		
1187-7	SPK1117	Falling	1187	деп	деп	linguistic	_		
1187-8	SPK1117	Falling	1187	отырмыншы	отырмыншы	linguistic	_		End=1102.790
1188-0	SPK1117	undefined	1188	Сөйтіп	Сөйтіп	linguistic	_		Begin=1104.960|End=1105.230
1189-0	SPK1117	Falling	1189	очередьке	очередьке	linguistic	_		Begin=1105.230
1189-1	SPK1117	Falling	1189	тұрып	тұрып	linguistic	_		
1189-2	SPK1117	Falling	1189	қоя	қоя	linguistic	_		
1189-3	SPK1117	Falling	1189	салу	салу	linguistic	_		
1189-4	SPK1117	Falling	1189	керек	керек	linguistic	_		
1189-5	SPK1117	Falling	1189	еді	еді	linguistic	_		End=1106.410
1190-0	SPK1117	Continuing	1190	(H)	(H)	_	_		Begin=1106.410
1190-1	SPK1117	Continuing	1190	Папам	Папам	linguistic	_		
1190-2	SPK1117	Continuing	1190	айтады	айтады	linguistic	_		
1190-3	SPK1117	Continuing	1190	да	да	linguistic	_		
1190-4	SPK1117	Continuing	1190	просто	просто	linguistic	_		End=1107.590
1191-0	SPK1117	undefined	1191	ыыы	ыыы	linguistic	_		Begin=1107.590|End=1107.970
1192-0	SPK1117	undefined	1192	сол	сол	linguistic	_		Begin=1107.970
1192-1	SPK1117	undefined	1192	бір	бір	linguistic	_		End=1108.330
1193-0	SPK1117	undefined	1193	достары	достары	linguistic	_		Begin=1108.330
1193-1	SPK1117	undefined	1193	сөйтіп	сөйтіп	linguistic	_		End=1108.870
1194-0	SPK1117	Continuing	1194	тұрған	тұрған	linguistic	_		Begin=1108.870
1194-1	SPK1117	Continuing	1194	екен	екен	linguistic	_		
1194-2	SPK1117	Continuing	1194	да	да	linguistic	_		
1194-3	SPK1117	Continuing	1194	бұрын	бұрын	linguistic	_		End=1110.047
1195-0	SPK1117	Falling	1195	сөйтіп	сөйтіп	linguistic	_		Begin=1110.047
1195-1	SPK1117	Falling	1195	алған	алған	linguistic	_		
1195-2	SPK1117	Falling	1195	екен	екен	linguistic	_		End=1110.850
1196-0	SPK1117	Falling	1196	Алған	Алған	linguistic	_		Begin=1110.850
1196-1	SPK1117	Falling	1196	екенші	екенші	linguistic	_		End=1111.860
1197-0	SPK1118	Falling	1197	Ммм	Ммм	linguistic	_		Begin=1112.240|End=1112.650
1198-0	SPK1117	Continuing	1198	Сол	Сол	linguistic	_		Begin=1112.660
1198-1	SPK1117	Continuing	1198	сондай	сондай	linguistic	_		
1198-2	SPK1117	Continuing	1198	әйтеуір	әйтеуір	linguistic	_		
1198-3	SPK1117	Continuing	1198	бір	бір	linguistic	_		
1198-4	SPK1117	Continuing	1198	уақытта	уақытта	linguistic	_		
1198-5	SPK1117	Continuing	1198	аласың	аласың	linguistic	_		
1198-6	SPK1117	Continuing	1198	ғой	ғой	linguistic	_		
1198-7	SPK1117	Continuing	1198	дейді	дейді	linguistic	_		
1198-8	SPK1117	Continuing	1198	да	да	linguistic	_		End=1114.150
1199-0	SPK1117	Continuing	1199	отызға	отызға	linguistic	_		Begin=1114.150
1199-1	SPK1117	Continuing	1199	келсең	келсең	linguistic	_		
1199-2	SPK1117	Continuing	1199	де	де	linguistic	_		End=1114.730
1200-0	SPK1117	undefined	1200	бір	бір	linguistic	_		Begin=1114.730
1200-1	SPK1117	undefined	1200	бәлеге	бәлеге	linguistic	_		
1200-2	SPK1117	undefined	1200	келсең	келсең	linguistic	_		
1200-3	SPK1117	undefined	1200	де	де	linguistic	_		End=1115.500
1201-0	SPK1117	Falling	1201	дейді	дейді	linguistic	_		Begin=1115.500
1201-1	SPK1117	Falling	1201	да	да	linguistic	_		End=1115.990
1202-0	SPK1118	undefined	1202	Түбі	Түбі	linguistic	_		Begin=1116.340
1202-1	SPK1118	undefined	1202	аласың	аласың	linguistic	_		
1202-2	SPK1118	undefined	1202	дей	дей	linguistic	_		
1202-3	SPK1118	undefined	1202	ма	ма	linguistic	_		End=1116.950
1203-0	SPK1118	Falling	1203	типа	типа	linguistic	_		Begin=1116.950|End=1117.418
1204-0	SPK1117	Falling	1204	Иә	Иә	linguistic	_		Begin=1117.260|End=1117.660
1205-0	SPK1117	undefined	1205	Сол	Сол	linguistic	_		Begin=1117.660|End=1118.050
1206-0	SPK1117	Falling	1206	тұрып	тұрып	linguistic	_		Begin=1118.540
1206-1	SPK1117	Falling	1206	қоя	қоя	linguistic	_		
1206-2	SPK1117	Falling	1206	салсай	салсай	linguistic	_		
1206-3	SPK1117	Falling	1206	деп	деп	linguistic	_		
1206-4	SPK1117	Falling	1206	жатыр	жатыр	linguistic	_		
1206-5	SPK1117	Falling	1206	да	да	linguistic	_		End=1119.750
1207-0	SPK1117	undefined	1207	Сол	Сол	linguistic	_		Begin=1120.160
1207-1	SPK1117	undefined	1207	прописка	прописка	linguistic	_		
1207-2	SPK1117	undefined	1207	маңызды-ау	маңызды-ау	linguistic	_		
1207-3	SPK1117	undefined	1207	деп	деп	linguistic	_		End=1121.240
1208-0	SPK1117	undefined	1208	соны	соны	linguistic	_		Begin=1121.240|End=1121.450
1209-0	SPK1117	Falling	1209	бірінші	бірінші	linguistic	_		Begin=1121.450
1209-1	SPK1117	Falling	1209	пропискаға	пропискаға	linguistic	_		
1209-2	SPK1117	Falling	1209	тұрып	тұрып	linguistic	_		
1209-3	SPK1117	Falling	1209	алайыншы	алайыншы	linguistic	_		
1209-4	SPK1117	Falling	1209	деп	деп	linguistic	_		
1209-5	SPK1117	Falling	1209	жатырмын	жатырмын	linguistic	_		End=1123.020
1210-0	SPK1117	Falling	1210	Тем	Тем	linguistic	_		Begin=1123.590
1210-1	SPK1117	Falling	1210	более	более	linguistic	_		
1210-2	SPK1117	Falling	1210	мемлекеттік	мемлекеттік	linguistic	_		
1210-3	SPK1117	Falling	1210	жұмыс	жұмыс	linguistic	_		
1210-4	SPK1117	Falling	1210	сұрайтын	сұрайтын	linguistic	_		
1210-5	SPK1117	Falling	1210	болса	болса	linguistic	_		End=1124.830
1211-0	SPK1117	Continuing	1211	Андай	Андай	linguistic	_		Begin=1125.280
1211-1	SPK1117	Continuing	1211	жас	жас	linguistic	_		
1211-2	SPK1117	Continuing	1211	маман	маман	linguistic	_		
1211-3	SPK1117	Continuing	1211	деп	деп	linguistic	_		End=1126.170
1212-0	SPK1117	undefined	1212	сондайға	сондайға	linguistic	_		Begin=1126.390
1212-1	SPK1117	undefined	1212	көп	көп	linguistic	_		End=1126.620
1213-0	SPK1117	Falling	1213	көңіл	көңіл	linguistic	_		Begin=1126.620
1213-1	SPK1117	Falling	1213	бөледі	бөледі	linguistic	_		
1213-2	SPK1117	Falling	1213	ғой	ғой	linguistic	_		
1213-3	SPK1117	Falling	1213	негізі	негізі	linguistic	_		
1213-4	SPK1117	Falling	1213	қатты	қатты	linguistic	_		End=1128.050
1214-0	SPK1117	undefined	1214	Мен	Мен	linguistic	_		Begin=1129.268
1214-1	SPK1117	undefined	1214	ағам	ағам	linguistic	_		
1214-2	SPK1117	undefined	1214	да	да	linguistic	_		End=1129.790
1215-0	SPK1117	undefined	1215	жас	жас	linguistic	_		Begin=1129.790
1215-1	SPK1117	undefined	1215	маман	маман	linguistic	_		
1215-2	SPK1117	undefined	1215	болып	болып	linguistic	_		End=1130.440
1216-0	SPK1117	Falling	1216	алып	алып	linguistic	_		Begin=1130.440
1216-1	SPK1117	Falling	1216	алған	алған	linguistic	_		End=1131.100
1217-0	SPK1117	Interrupted	1217	Жас	Жас	linguistic	_		Begin=1131.240
1217-1	SPK1117	Interrupted	1217	маман-	маман	linguistic	_	Interrupted=Yes	End=1131.580
1218-0	SPK1118	Rising	1218	Үй	Үй	linguistic	_		Begin=1131.510
1218-1	SPK1118	Rising	1218	ма	ма	linguistic	_		End=1132.180
1219-0	SPK1117	Continuing	1219	Жас	Жас	linguistic	_		Begin=1131.580
1219-1	SPK1117	Continuing	1219	маман	маман	linguistic	_		End=1132.010
1220-0	SPK1117	Interrupted	1220	ещё	ещё	linguistic	_		Begin=1132.020
1220-1	SPK1117	Interrupted	1220	жа-	жа	linguistic	_	Interrupted=Yes	End=1132.530
1221-0	SPK1117	Falling	1221	жас	жас	linguistic	_		Begin=1132.700
1221-1	SPK1117	Falling	1221	отбасы	отбасы	linguistic	_		
1221-2	SPK1117	Falling	1221	болып	болып	linguistic	_		End=1133.490
1222-0	SPK1118	undefined	1222	Ма:	Ма	linguistic	_	Prolongation=1	Begin=1133.770|End=1134.260
1223-0	SPK1118	Falling	1223	күшті	күшті	linguistic	_		Begin=1134.260|End=1134.890
1224-0	SPK1117	Continuing	1224	Иә	Иә	linguistic	_		Begin=1134.870|End=1135.240
1225-0	SPK1117	Falling	1225	андай	андай	linguistic	_		Begin=1135.240
1225-1	SPK1117	Falling	1225	аз	аз	linguistic	_		
1225-2	SPK1117	Falling	1225	процентпенші	процентпенші	linguistic	_		End=1136.270
1226-0	SPK1118	Falling	1226	Ааа	Ааа	linguistic	_		Begin=1136.490|End=1137.070
1227-0	SPK1117	Falling	1227	Сөйтіп	Сөйтіп	linguistic	_		Begin=1137.710
1227-1	SPK1117	Falling	1227	алды	алды	linguistic	_		End=1138.410
1228-0	SPK1117	undefined	1228	Тегін	Тегін	linguistic	_		Begin=1138.960|End=1139.410
1229-0	SPK1117	Falling	1229	битып	битып	linguistic	_		Begin=1139.410
1229-1	SPK1117	Falling	1229	алды	алды	linguistic	_		End=1139.870
1230-0	SPK1117	undefined	1230	Тегін	Тегін	linguistic	_		Begin=1139.870
1230-1	SPK1117	undefined	1230	#	#	unknown	_		End=1140.260
1231-0	SPK1117	Falling	1231	битып	битып	linguistic	_		Begin=1140.260
1231-1	SPK1117	Falling	1231	алған	алған	linguistic	_		
1231-2	SPK1117	Falling	1231	жоқ	жоқ	linguistic	_		End=1140.930
1232-0	SPK1117	Rising	1232	Ешкім	Ешкім	linguistic	_		Begin=1141.070
1232-1	SPK1117	Rising	1232	тегін	тегін	linguistic	_		
1232-2	SPK1117	Rising	1232	бермейді	бермейді	linguistic	_		
1232-3	SPK1117	Rising	1232	ғой	ғой	linguistic	_		
1232-4	SPK1117	Rising	1232	бірақ	бірақ	linguistic	_		
1232-5	SPK1117	Rising	1232	иә	иә	linguistic	_		End=1142.220
1233-0	SPK1118	Rising	1233	Иә	Иә	linguistic	_		Begin=1142.150|End=1142.710
1234-0	SPK1117	undefined	1234	Әшейін	Әшейін	linguistic	_		Begin=1142.540|End=1142.850
1235-0	SPK1117	Rising	1235	шашып	шашып	linguistic	_		Begin=1142.850
1235-1	SPK1117	Rising	1235	береді	береді	linguistic	_		
1235-2	SPK1117	Rising	1235	иә	иә	linguistic	_		End=1143.770
1236-0	SPK1118	undefined	1236	Процентін	Процентін	linguistic	_		Begin=1144.800|End=1145.160
1237-0	SPK1118	undefined	1237	кішкене	кішкене	linguistic	_		Begin=1145.165|End=1145.480
1238-0	SPK1118	Falling	1238	төмендетіп	төмендетіп	linguistic	_		Begin=1145.480
1238-1	SPK1118	Falling	1238	беретін	беретін	linguistic	_		
1238-2	SPK1118	Falling	1238	шығар	шығар	linguistic	_		End=1146.315
1239-0	SPK1117	Falling	1239	Ммм	Ммм	linguistic	_		Begin=1145.670|End=1146.110
1240-0	SPK1118	Falling	1240	Оны	Оны	linguistic	_		Begin=1147.940
1240-1	SPK1118	Falling	1240	да	да	linguistic	_		
1240-2	SPK1118	Falling	1240	жақсы	жақсы	linguistic	_		
1240-3	SPK1118	Falling	1240	ғой	ғой	linguistic	_		End=1148.690
1241-0	SPK1118	Continuing	1241	Өз	Өз	linguistic	_		Begin=1148.690
1241-1	SPK1118	Continuing	1241	үйің	үйің	linguistic	_		
1241-2	SPK1118	Continuing	1241	болады	болады	linguistic	_		End=1149.480
1242-0	SPK1118	undefined	1242	өз	өз	linguistic	_		Begin=1149.480
1242-1	SPK1118	undefined	1242	үйіңе	үйіңе	linguistic	_		
1242-2	SPK1118	undefined	1242	құясың	құясың	linguistic	_		
1242-3	SPK1118	undefined	1242	енді	енді	linguistic	_		End=1150.330
1243-0	SPK1118	Falling	1243	ақшаны	ақшаны	linguistic	_		Begin=1150.330|End=1151.000
1244-0	SPK1118	Falling	1244	Айдалаға	Айдалаға	linguistic	_		Begin=1151.540
1244-1	SPK1118	Falling	1244	құйғанша	құйғанша	linguistic	_		End=1152.460
1245-0	SPK1117	Interrupted	1245	Сөйтіп-	Сөйтіп	linguistic	_	Interrupted=Yes	Begin=1151.790|End=1152.450
1246-0	SPK1118	Falling	1246	Ой	Ой	linguistic	_		Begin=1154.830
1246-1	SPK1118	Falling	1246	Алла	Алла	linguistic	_		End=1155.550
1247-0	SPK1118	Falling	1247	¬Жадырамен	Жадырамен	linguistic	_	Anonymized=Yes	Begin=1159.270
1247-1	SPK1118	Falling	1247	сөйлесу	сөйлесу	linguistic	_		
1247-2	SPK1118	Falling	1247	керек	керек	linguistic	_		
1247-3	SPK1118	Falling	1247	еді-ей	еді-ей	linguistic	_		End=1160.660
1248-0	SPK1117	Falling	1248	Звондашы	Звондашы	linguistic	_		Begin=1161.040|End=1161.720
1249-0	SPK1118	undefined	1249	Қазір	Қазір	linguistic	_		Begin=1162.470
1249-1	SPK1118	undefined	1249	мынау	мынау	linguistic	_		End=1162.890
1250-0	SPK1118	Rising	1250	неше	неше	linguistic	_		Begin=1162.890
1250-1	SPK1118	Rising	1250	болды	болды	linguistic	_		End=1163.330
1251-0	SPK1118	Rising	1251	Телефон	Телефон	linguistic	_		Begin=1163.340
1251-1	SPK1118	Rising	1251	қайда	қайда	linguistic	_		End=1163.980
1252-0	SPK1117	Falling	1252	Мен	Мен	linguistic	_		Begin=1164.200
1252-1	SPK1117	Falling	1252	телефоным	телефоным	linguistic	_		
1252-2	SPK1117	Falling	1252	ар	ар	linguistic	_		
1252-3	SPK1117	Falling	1252	жақта	жақта	linguistic	_		End=1165.040
1253-0	SPK1117	undefined	1253	###	###	unknown	_		Begin=1165.040|End=1165.890
1254-0	SPK1117	Falling	1254	Зарядта	Зарядта	linguistic	_		Begin=1166.090
1254-1	SPK1117	Falling	1254	менікі	менікі	linguistic	_		End=1166.850
1255-0	SPK1117	Rising	1255	Сағат	Сағат	linguistic	_		Begin=1167.180
1255-1	SPK1117	Rising	1255	неше	неше	linguistic	_		
1255-2	SPK1117	Rising	1255	болды	болды	linguistic	_		End=1168.045
1256-0	SPK1118	Continuing	1256	Звондасам	Звондасам	linguistic	_		Begin=1167.320|End=1168.050
1257-0	SPK1118	undefined	1257	мммм	мммм	linguistic	_		Begin=1168.850|End=1169.667
1258-0	SPK1118	Falling	1258	ой	ой	linguistic	_		Begin=1172.890
1258-1	SPK1118	Falling	1258	Жансая	Жансая	linguistic	_		
1258-2	SPK1118	Falling	1258	жазыпты	жазыпты	linguistic	_		
1258-3	SPK1118	Falling	1258	ғой	ғой	linguistic	_		End=1174.070
1259-0	SPK1117	Rising	1259	Не	Не	linguistic	_		Begin=1174.220
1259-1	SPK1117	Rising	1259	дейді	дейді	linguistic	_		End=1174.820
1260-0	SPK1118	Falling	1260	Қазір	Қазір	linguistic	_		Begin=1175.770
1260-1	SPK1118	Falling	1260	көрейік	көрейік	linguistic	_		End=1176.450
1261-0	SPK1118	Falling	1261	Ыыыы	Ыыыы	linguistic	_		Begin=1178.257|End=1179.053
1262-0	SPK1118	Continuing	1262	Сағат	Сағат	linguistic	_		Begin=1182.120
1262-1	SPK1118	Continuing	1262	деген	деген	linguistic	_		End=1182.970
1263-0	SPK1118	Falling	1263	тоғыз	тоғыз	linguistic	_		Begin=1183.880|End=1184.730
1264-0	SPK1117	undefined	1264	Мына	Мына	linguistic	_		Begin=1184.650
1264-1	SPK1117	undefined	1264	нан	нан	linguistic	_		End=1185.000
1265-0	SPK1117	Falling	1265	күшті	күшті	linguistic	_		Begin=1185.000
1265-1	SPK1117	Falling	1265	екен	екен	linguistic	_		End=1185.340
1266-0	SPK1117	Falling	1266	Жұмсақ	Жұмсақ	linguistic	_		Begin=1185.350|End=1186.030
1267-0	SPK1117	Rising	1267	Қай	Қай	linguistic	_		Begin=1187.330
1267-1	SPK1117	Rising	1267	жерден	жерден	linguistic	_		
1267-2	SPK1117	Rising	1267	алдыңдар	алдыңдар	linguistic	_		End=1187.950
1268-0	SPK1118	Falling	1268	Жүз	Жүз	linguistic	_		Begin=1187.370
1268-1	SPK1118	Falling	1268	елу	елу	linguistic	_		End=1187.910
1269-0	SPK1118	undefined	1269	Жүз	Жүз	linguistic	_		Begin=1187.910
1269-1	SPK1118	undefined	1269	елу	елу	linguistic	_		End=1188.470
1270-0	SPK1118	Falling	1270	теңге	теңге	linguistic	_		Begin=1188.470
1270-1	SPK1118	Falling	1270	дейді	дейді	linguistic	_		
1270-2	SPK1118	Falling	1270	ғой	ғой	linguistic	_		End=1189.620
1271-0	SPK1117	Rising	1271	Жүз	Жүз	linguistic	_		Begin=1190.370
1271-1	SPK1117	Rising	1271	елу	елу	linguistic	_		
1271-2	SPK1117	Rising	1271	ма	ма	linguistic	_		End=1191.390
1272-0	SPK1118	Falling	1272	Бірдеңе	Бірдеңе	linguistic	_		Begin=1191.640
1272-1	SPK1118	Falling	1272	нан	нан	linguistic	_		
1272-2	SPK1118	Falling	1272	деді	деді	linguistic	_		
1272-3	SPK1118	Falling	1272	әйтеуір	әйтеуір	linguistic	_		End=1192.860
1273-0	SPK1117	Rising	1273	Қай	Қай	linguistic	_		Begin=1193.420
1273-1	SPK1117	Rising	1273	жерде	жерде	linguistic	_		End=1193.870
1274-0	SPK1117	Rising	1274	Қай	Қай	linguistic	_		Begin=1193.870
1274-1	SPK1117	Rising	1274	жерден	жерден	linguistic	_		
1274-2	SPK1117	Rising	1274	алдыңдар	алдыңдар	linguistic	_		End=1194.630
