token_id	speaker	iu_type	tu_id	span	form	type	modality	features	align
0-0	SPK2001	Rising	0	Что	Что	linguistic			Begin=2.270
0-1	SPK2001	Rising	0	¬Гүлайша	Гүлайша	linguistic		Anonymized=Yes	
0-2	SPK2001	Rising	0	бүгін	бүгін	linguistic			
0-3	SPK2001	Rising	0	РДЦға	РДЦға	linguistic			
0-4	SPK2001	Rising	0	бардың	бардың	linguistic			
0-5	SPK2001	Rising	0	ба?	ба	linguistic			End=3.950
1-0	SPK2002	Falling	1	Да.	Да	linguistic			Begin=4.855|End=5.543
2-0	SPK2001	Interrupted	2	Нешеге-	Нешеге	linguistic		Interrupted=Yes	Begin=6.161|End=6.570
3-0	SPK2001	Rising	3	нешеде	нешеде	linguistic			Begin=6.570
3-1	SPK2001	Rising	3	тұрдың	тұрдың	linguistic			
3-2	SPK2001	Rising	3	сонда?	сонда	linguistic			End=7.550
4-0	SPK2001	Falling	4	РДЦға	РДЦға	linguistic			Begin=7.595
4-1	SPK2001	Falling	4	бару	бару	linguistic			
4-2	SPK2001	Falling	4	үшін.	үшін	linguistic			End=8.594
5-0	SPK2002	Falling	5	Ой.	Ой	linguistic			Begin=9.333|End=9.831
6-0	SPK2002	Continuing	6	Сегізде,	Сегізде	linguistic			Begin=10.923|End=11.570
7-0	SPK2002	Continuing	7	қырық	қырық	linguistic			Begin=11.570
7-1	SPK2002	Continuing	7	бесте,	бесте	linguistic			End=12.360
8-0	SPK2002	Falling	8	тұрдым.	тұрдым	linguistic			Begin=12.360|End=13.101
9-0	SPK2002	Falling	9	Тоғызда	Тоғызда	linguistic			Begin=13.523
9-1	SPK2002	Falling	9	онда	онда	linguistic			
9-2	SPK2002	Falling	9	сосын	сосын	linguistic			
9-3	SPK2002	Falling	9	шықтым.	шықтым	linguistic			End=15.520
10-0	SPK2002	Continuing	10	Сосын	Сосын	linguistic			Begin=16.220
10-1	SPK2002	Continuing	10	тоғыз	тоғыз	linguistic			
10-2	SPK2002	Continuing	10	жарымда,	жарымда	linguistic			End=17.580
11-0	SPK2002	Falling	11	РДЦда	РДЦда	linguistic			Begin=18.072
11-1	SPK2002	Falling	11	болдым.	болдым	linguistic			End=19.310
12-0	SPK2002	Falling	12	##.	##	unknown			Begin=19.310|End=20.011
13-0	SPK2001	Rising	13	А	А	linguistic			Begin=19.362
13-1	SPK2001	Rising	13	что	что	linguistic			
13-2	SPK2001	Rising	13	мусор	мусор	linguistic			
13-3	SPK2001	Rising	13	төккен	төккен	linguistic			
13-4	SPK2001	Rising	13	жоқсын?	жоқсын	linguistic			End=20.470
14-0	SPK2002	undefined	14	(TSK)	(TSK)	_			Begin=20.663|End=21.146
15-0	SPK2002	undefined	15	@@@@@@	@@@@@@	linguistic			Begin=21.980|End=23.610
16-0	SPK2001	undefined	16	@@	@@	linguistic			Begin=22.820|End=23.995
17-0	SPK2002	Falling	17	Ну	Ну	linguistic			Begin=24.913
17-1	SPK2002	Falling	17	менің	менің	linguistic			
17-2	SPK2002	Falling	17	кезегім	кезегім	linguistic			
17-3	SPK2002	Falling	17	емес	емес	linguistic			
17-4	SPK2002	Falling	17	деген	деген	linguistic			
17-5	SPK2002	Falling	17	дейсің	дейсің	linguistic			
17-6	SPK2002	Falling	17	ғой.	ғой	linguistic			End=26.520
18-0	SPK2001	undefined	18	@@	@@	linguistic			Begin=26.274|End=27.008
19-0	SPK2002	undefined	19	@@@@	@@@@	linguistic			Begin=26.520|End=28.060
20-0	SPK2001	Rising	20	Разве?	Разве	linguistic			Begin=27.424|End=28.070
21-0	SPK2002	Falling	21	Ну	Ну	linguistic			Begin=28.060
21-1	SPK2002	Falling	21	да.	да	linguistic			End=28.620
22-0	SPK2001	Falling	22	Мен	Мен	linguistic			Begin=28.070
22-1	SPK2001	Falling	22	кеше	кеше	linguistic			
22-2	SPK2001	Falling	22	мусор	мусор	linguistic			
22-3	SPK2001	Falling	22	төктім	төктім	linguistic			
22-4	SPK2001	Falling	22	вообще-то.	вообще-то	linguistic			End=30.049
23-0	SPK2002	Falling	23	Вообще-то	Вообще-то	linguistic			Begin=30.340
23-1	SPK2002	Falling	23	мен	мен	linguistic			
23-2	SPK2002	Falling	23	екі	екі	linguistic			
23-3	SPK2002	Falling	23	рет	рет	linguistic			
23-4	SPK2002	Falling	23	төктім.	төктім	linguistic			End=31.780
24-0	SPK2001	Rising	24	Қашан?	Қашан	linguistic			Begin=31.780|End=32.350
25-0	SPK2002	Falling	25	Үйде	Үйде	linguistic			Begin=32.547
25-1	SPK2002	Falling	25	болғанда.	болғанда	linguistic			End=33.355
26-0	SPK2001	Falling	26	Өтірік	Өтірік	linguistic			Begin=33.800
26-1	SPK2001	Falling	26	соқпашы.	соқпашы	linguistic			End=34.327
27-0	SPK2002	Interrupted	27	Соқ-	Соқ	linguistic		Interrupted=Yes	Begin=34.350|End=34.660
28-0	SPK2002	Falling	28	соқпайм	соқпайм	linguistic			Begin=34.660
28-1	SPK2002	Falling	28	мен.	мен	linguistic			End=36.543
29-0	SPK2001	undefined	29	@@@@	@@@@	linguistic			Begin=35.577|End=37.121
30-0	SPK2001	Continuing	30	И	И	linguistic			Begin=38.426
30-1	SPK2001	Continuing	30	что,	что	linguistic			End=38.810
31-0	SPK2001	Rising	31	автобуспен	автобуспен	linguistic			Begin=38.810
31-1	SPK2001	Rising	31	бардың	бардың	linguistic			
31-2	SPK2001	Rising	31	ба?	ба	linguistic			End=39.975
32-0	SPK2002	Interrupted	32	Айт-	Айт	linguistic		Interrupted=Yes	Begin=40.589|End=40.870
33-0	SPK2002	undefined	33	@@	@@	linguistic			Begin=40.870|End=41.170
34-0	SPK2002	Falling	34	Айттым	Айттым	linguistic			Begin=41.170
34-1	SPK2002	Falling	34	ғой	ғой	linguistic			
34-2	SPK2002	Falling	34	автобуспен	автобуспен	linguistic			
34-3	SPK2002	Falling	34	бардым	бардым	linguistic			
34-4	SPK2002	Falling	34	деп.	деп	linguistic			End=42.410
35-0	SPK2001	Continuing	35	А,	А	linguistic			Begin=42.430|End=42.690
36-0	SPK2002	undefined	36	@@	@@	linguistic			Begin=42.640|End=43.310
37-0	SPK2001	Rising	37	да?	да	linguistic			Begin=42.690|End=43.044
38-0	SPK2001	undefined	38	Не	Не	linguistic			Begin=43.370
38-1	SPK2001	undefined	38	знаю	знаю	linguistic			
38-2	SPK2001	undefined	38	менің	менің	linguistic			
38-3	SPK2001	undefined	38	просто	просто	linguistic			
38-4	SPK2001	undefined	38	ойымда	ойымда	linguistic			
38-5	SPK2001	undefined	38	мусор	мусор	linguistic			
38-6	SPK2001	undefined	38	төгу	төгу	linguistic			
38-7	SPK2001	undefined	38	болды	болды	linguistic			
38-8	SPK2001	undefined	38	@@@	@@@	linguistic			End=45.898
39-0	SPK2001	Continuing	39	И	И	linguistic			Begin=48.868
39-1	SPK2001	Continuing	39	что	что	linguistic			
39-2	SPK2001	Continuing	39	анда	анда	linguistic			
39-3	SPK2001	Continuing	39	барсаң,	барсаң	linguistic			End=49.580
40-0	SPK2001	Rising	40	очередь	очередь	linguistic			Begin=49.580
40-1	SPK2001	Rising	40	па?	па	linguistic			End=50.342
41-0	SPK2002	Falling	41	Жоқ.	Жоқ	linguistic			Begin=50.835|End=51.427
42-0	SPK2002	Continuing	42	УЗИге	УЗИге	linguistic			Begin=51.890
42-1	SPK2002	Continuing	42	вообще,	вообще	linguistic			End=52.820
43-0	SPK2002	Falling	43	очередь	очередь	linguistic			Begin=52.820
43-1	SPK2002	Falling	43	жоқ.	жоқ	linguistic			End=53.820
44-0	SPK2002	Continuing	44	Поэтому	Поэтому	linguistic			Begin=56.855
44-1	SPK2002	Continuing	44	мен	мен	linguistic			
44-2	SPK2002	Continuing	44	сағат,	сағат	linguistic			End=57.770
45-0	SPK2002	Falling	45	тоғызда	тоғызда	linguistic			Begin=57.770
45-1	SPK2002	Falling	45	онда	онда	linguistic			
45-2	SPK2002	Falling	45	сразу	сразу	linguistic			
45-3	SPK2002	Falling	45	кірдім.	кірдім	linguistic			End=59.530
46-0	SPK2001	Rising	46	Хотя	Хотя	linguistic			Begin=60.786
46-1	SPK2001	Rising	46	запись	запись	linguistic			
46-2	SPK2001	Rising	46	сенде	сенде	linguistic			
46-3	SPK2001	Rising	46	онда	онда	linguistic			
46-4	SPK2001	Rising	46	болды	болды	linguistic			
46-5	SPK2001	Rising	46	иә?	иә	linguistic			End=62.531
47-0	SPK2002	Falling	47	Да.	Да	linguistic			Begin=62.800|End=63.290
48-0	SPK2001	Falling	48	Везет.	Везет	linguistic			Begin=63.770|End=64.450
49-0	SPK2002	Falling	49	Тс.	Тс	linguistic			Begin=65.243|End=65.897
50-0	SPK2001	Falling	50	Осы	Осы	linguistic			Begin=66.444
50-1	SPK2001	Falling	50	мен	мен	linguistic			
50-2	SPK2001	Falling	50	РДЦға	РДЦға	linguistic			
50-3	SPK2001	Falling	50	барсам	барсам	linguistic			
50-4	SPK2001	Falling	50	бәленбай	бәленбай	linguistic			
50-5	SPK2001	Falling	50	очередьта	очередьта	linguistic			
50-6	SPK2001	Falling	50	тұрамын.	тұрамын	linguistic			End=69.092
51-0	SPK2002	undefined	51	@@	@@	linguistic			Begin=69.196|End=69.833
52-0	SPK2001	Falling	52	Күтемін	Күтемін	linguistic			Begin=70.453
52-1	SPK2001	Falling	52	еще	еще	linguistic			
52-2	SPK2001	Falling	52	пока	пока	linguistic			
52-3	SPK2001	Falling	52	мен	мен	linguistic			
52-4	SPK2001	Falling	52	анда.	анда	linguistic			End=72.030
53-0	SPK2001	Interrupted	53	Күт-	Күт	linguistic		Interrupted=Yes	Begin=72.530|End=72.820
54-0	SPK2001	Continuing	54	не,	не	linguistic			Begin=72.820|End=73.220
55-0	SPK2001	Interrupted	55	пока	пока	linguistic			Begin=73.726
55-1	SPK2001	Interrupted	55	п-	п	linguistic		Interrupted=Yes	End=74.100
56-0	SPK2001	Falling	56	не	не	linguistic			Begin=74.100
56-1	SPK2001	Falling	56	позовут.	позовут	linguistic			End=74.780
57-0	SPK2002	Falling	57	Хм.	Хм	linguistic			Begin=75.240|End=75.660
58-0	SPK2002	Falling	58	М.	М	linguistic			Begin=75.810|End=76.090
59-0	SPK2001	Falling	59	Лох.	Лох	linguistic			Begin=76.760|End=77.180
60-0	SPK2002	Falling	60	Лох.	Лох	linguistic			Begin=78.911|End=79.447
61-0	SPK2001	undefined	61	@@@@@@@	@@@@@@@	linguistic			Begin=79.470|End=81.166
62-0	SPK2002	undefined	62	@@	@@	linguistic			Begin=79.500|End=79.990
63-0	SPK2001	Continuing	63	И	И	linguistic			Begin=81.901
63-1	SPK2001	Continuing	63	что	что	linguistic			
63-2	SPK2001	Continuing	63	сен	сен	linguistic			
63-3	SPK2001	Continuing	63	УЗИге	УЗИге	linguistic			
63-4	SPK2001	Continuing	63	бардың,	бардың	linguistic			End=83.263
64-0	SPK2001	Falling	64	УЗИда	УЗИда	linguistic			Begin=83.263
64-1	SPK2001	Falling	64	не	не	linguistic			
64-2	SPK2001	Falling	64	деді.	деді	linguistic			End=84.146
65-0	SPK2002	Continuing	65	А,	А	linguistic			Begin=85.513|End=85.800
66-0	SPK2002	Continuing	66	что	что	linguistic			Begin=85.800
66-1	SPK2002	Continuing	66	у	у	linguistic			
66-2	SPK2002	Continuing	66	меня	меня	linguistic			
66-3	SPK2002	Continuing	66	там,	там	linguistic			End=86.490
67-0	SPK2002	undefined	67	COUGHS	COUGHS	paraverbal	_		Begin=86.490|End=87.144
68-0	SPK2002	Continuing	68	деформация,	деформация	linguistic			Begin=87.423|End=88.517
69-0	SPK2002	Continuing	69	поджелудочной,	поджелудочной	linguistic			Begin=89.880|End=90.908
70-0	SPK2002	Rising	70	железы	железы	linguistic			Begin=91.225
70-1	SPK2002	Rising	70	что-ли?	что-ли	linguistic			End=92.091
71-0	SPK2002	Falling	71	Короче	Короче	linguistic			Begin=93.902
71-1	SPK2002	Falling	71	еще	еще	linguistic			
71-2	SPK2002	Falling	71	застой	застой	linguistic			
71-3	SPK2002	Falling	71	желчи.	желчи	linguistic			End=95.698
72-0	SPK2002	Falling	72	Менде	Менде	linguistic			Begin=95.746
72-1	SPK2002	Falling	72	бар.	бар	linguistic			End=96.470
73-0	SPK2001	undefined	73	COUGHS	COUGHS	paraverbal	_		Begin=96.100|End=96.470
74-0	SPK2001	Rising	74	Әйтеуір	Әйтеуір	linguistic			Begin=98.020
74-1	SPK2001	Rising	74	менің	менің	linguistic			
74-2	SPK2001	Rising	74	айтқаным	айтқаным	linguistic			
74-3	SPK2001	Rising	74	келді	келді	linguistic			
74-4	SPK2001	Rising	74	ме?	ме	linguistic			End=99.470
75-0	SPK2001	undefined	75	####	####	unknown			Begin=99.470|End=100.530
76-0	SPK2002	Falling	76	Ну.	Ну	linguistic			Begin=100.540|End=101.131
77-0	SPK2002	Continuing	77	Содан	Содан	linguistic			Begin=102.170
77-1	SPK2002	Continuing	77	ғой	ғой	linguistic			
77-2	SPK2002	Continuing	77	мен,	мен	linguistic			End=102.988
78-0	SPK2002	Continuing	78	часто	часто	linguistic			Begin=104.341
78-1	SPK2002	Continuing	78	тошнить,	тошнить	linguistic			End=105.320
79-0	SPK2002	Falling	79	етіп	етіп	linguistic			Begin=105.320
79-1	SPK2002	Falling	79	тұрған.	тұрған	linguistic			End=106.247
80-0	SPK2001	Falling	80	М.	М	linguistic			Begin=107.178|End=107.698
81-0	SPK2002	Falling	81	Каждый	Каждый	linguistic			Begin=107.726
81-1	SPK2002	Falling	81	день.	день	linguistic			End=108.421
82-0	SPK2001	Interrupted	82	Сен	Сен	linguistic			Begin=109.932
82-1	SPK2001	Interrupted	82	сосын	сосын	linguistic			
82-2	SPK2001	Interrupted	82	қа-	қа	linguistic		Interrupted=Yes	End=110.510
83-0	SPK2001	Rising	83	сразу	сразу	linguistic			Begin=110.510
83-1	SPK2001	Rising	83	үйге	үйге	linguistic			
83-2	SPK2001	Rising	83	қайттың?	қайттың	linguistic			End=111.430
84-0	SPK2002	Falling	84	Жоқ.	Жоқ	linguistic			Begin=111.831|End=112.650
85-0	SPK2002	Continuing	85	Натощак	Натощак	linguistic			Begin=113.596
85-1	SPK2002	Continuing	85	барғаннан	барғаннан	linguistic			
85-2	SPK2002	Continuing	85	кейін	кейін	linguistic			
85-3	SPK2002	Continuing	85	#,	#	unknown			End=115.490
86-0	SPK2002	Falling	86	қарным	қарным	linguistic			Begin=115.490
86-1	SPK2002	Falling	86	ашты	ашты	linguistic			
86-2	SPK2002	Falling	86	cосын	cосын	linguistic			
86-3	SPK2002	Falling	86	одан	одан	linguistic			
86-4	SPK2002	Falling	86	кейін.	кейін	linguistic			End=117.131
87-0	SPK2002	Continuing	87	Столовыйға	Столовыйға	linguistic			Begin=118.010
87-1	SPK2002	Continuing	87	барып,	барып	linguistic			End=119.000
88-0	SPK2002	Falling	88	тамақ	тамақ	linguistic			Begin=119.000
88-1	SPK2002	Falling	88	іштім.	іштім	linguistic			End=119.896
89-0	SPK2002	Falling	89	Анда	Анда	linguistic			Begin=120.846
89-1	SPK2002	Falling	89	оказывается	оказывается	linguistic			
89-2	SPK2002	Falling	89	завтрактар	завтрактар	linguistic			
89-3	SPK2002	Falling	89	алты	алты	linguistic			
89-4	SPK2002	Falling	89	жүз	жүз	linguistic			
89-5	SPK2002	Falling	89	тенгеден.	тенгеден	linguistic			End=123.024
90-0	SPK2001	Continuing	90	Да	Да	linguistic			Begin=123.492
90-1	SPK2001	Continuing	90	ладно,	ладно	linguistic			End=124.200
91-0	SPK2002	Falling	91	Да	Да	linguistic			Begin=123.697
91-1	SPK2002	Falling	91	цены	цены	linguistic			
91-2	SPK2002	Falling	91	такие.	такие	linguistic			End=124.570
92-0	SPK2001	Rising	92	арзан	арзан	linguistic			Begin=124.200
92-1	SPK2001	Rising	92	ғой?	ғой	linguistic			End=125.080
93-0	SPK2002	Falling	93	Ну.	Ну	linguistic			Begin=125.080|End=125.803
94-0	SPK2001	Falling	94	Вообще.	Вообще	linguistic			Begin=126.085|End=126.834
95-0	SPK2002	Continuing	95	Екі	Екі	linguistic			Begin=126.889
95-1	SPK2002	Continuing	95	жарым	жарым	linguistic			
95-2	SPK2002	Continuing	95	жұмыртқа,	жұмыртқа	linguistic			End=128.170
96-0	SPK2002	Continuing	96	бір	бір	linguistic			Begin=128.170
96-1	SPK2002	Continuing	96	сосиска,	сосиска	linguistic			End=129.460
97-0	SPK2002	Continuing	97	салат,	салат	linguistic			Begin=129.915|End=130.574
98-0	SPK2002	Continuing	98	сосын	сосын	linguistic			Begin=130.845
98-1	SPK2002	Continuing	98	екі,	екі	linguistic			End=131.828
99-0	SPK2002	Falling	99	нан.	нан	linguistic			Begin=132.020|End=132.370
100-0	SPK2002	Falling	100	Тост.	Тост	linguistic			Begin=132.429|End=132.913
101-0	SPK2002	Falling	101	Жариттелген.	Жариттелген	linguistic			Begin=133.530|End=134.340
102-0	SPK2002	Continuing	102	Сосын	Сосын	linguistic			Begin=134.660
102-1	SPK2002	Continuing	102	май	май	linguistic			
102-2	SPK2002	Continuing	102	мен,	мен	linguistic			End=135.710
103-0	SPK2002	Falling	103	кофе.	кофе	linguistic			Begin=136.218|End=136.843
104-0	SPK2002	Continuing	104	Соның	Соның	linguistic			Begin=136.900
104-1	SPK2002	Continuing	104	бәрі	бәрі	linguistic			
104-2	SPK2002	Continuing	104	ғана	ғана	linguistic			
104-3	SPK2002	Continuing	104	алты	алты	linguistic			
104-4	SPK2002	Continuing	104	жүз-ақ	жүз-ақ	linguistic			
104-5	SPK2002	Continuing	104	теңге	теңге	linguistic			
104-6	SPK2002	Continuing	104	ғана	ғана	linguistic			
104-7	SPK2002	Continuing	104	төлейсің,	төлейсің	linguistic			End=138.850
105-0	SPK2002	Falling	105	вообще	вообще	linguistic			Begin=138.850
105-1	SPK2002	Falling	105	күшті.	күшті	linguistic			End=139.581
106-0	SPK2001	Continuing	106	Блин,	Блин	linguistic			Begin=139.380|End=139.830
107-0	SPK2001	Falling	107	күшті.	күшті	linguistic			Begin=139.830|End=140.606
108-0	SPK2002	Falling	108	Ну.	Ну	linguistic			Begin=141.055|End=141.511
109-0	SPK2002	Falling	109	Вкусно.	Вкусно	linguistic			Begin=142.319|End=143.020
110-0	SPK2001	Continuing	110	Поэтому	Поэтому	linguistic			Begin=142.560
110-1	SPK2001	Continuing	110	мен,	мен	linguistic			End=143.220
111-0	SPK2001	Continuing	111	всегда	всегда	linguistic			Begin=143.220
111-1	SPK2001	Continuing	111	РДЦға	РДЦға	linguistic			
111-2	SPK2001	Continuing	111	барған	барған	linguistic			
111-3	SPK2001	Continuing	111	кезде,	кезде	linguistic			End=144.570
112-0	SPK2001	Falling	112	всегда	всегда	linguistic			Begin=144.570
112-1	SPK2001	Falling	112	солай	солай	linguistic			
112-2	SPK2001	Falling	112	анда	анда	linguistic			
112-3	SPK2001	Falling	112	тамақ	тамақ	linguistic			
112-4	SPK2001	Falling	112	ішемін.	ішемін	linguistic			End=146.060
113-0	SPK2001	Falling	113	Там	Там	linguistic			Begin=146.084
113-1	SPK2001	Falling	113	вкусно.	вкусно	linguistic			End=146.760
114-0	SPK2002	Falling	114	Ну	Ну	linguistic			Begin=147.210
114-1	SPK2002	Falling	114	мен	мен	linguistic			
114-2	SPK2002	Falling	114	бүгін	бүгін	linguistic			
114-3	SPK2002	Falling	114	анда	анда	linguistic			
114-4	SPK2002	Falling	114	бірінші	бірінші	linguistic			
114-5	SPK2002	Falling	114	рет	рет	linguistic			
114-6	SPK2002	Falling	114	тамақ	тамақ	linguistic			
114-7	SPK2002	Falling	114	іштім.	іштім	linguistic			End=149.010
115-0	SPK2001	Rising	115	Да	Да	linguistic			Begin=149.170
115-1	SPK2001	Rising	115	ну?	ну	linguistic			End=149.720
116-0	SPK2002	Falling	116	Да.	Да	linguistic			Begin=150.032|End=150.500
117-0	SPK2001	Continuing	117	Ну	Ну	linguistic			Begin=151.240
117-1	SPK2001	Continuing	117	мен	мен	linguistic			
117-2	SPK2001	Continuing	117	саған,	саған	linguistic			End=151.840
118-0	SPK2001	Continuing	118	бұрын	бұрын	linguistic			Begin=151.840
118-1	SPK2001	Continuing	118	оның	оның	linguistic			
118-2	SPK2001	Continuing	118	алдында,	алдында	linguistic			End=153.050
119-0	SPK2001	Continuing	119	ну	ну	linguistic			Begin=153.050
119-1	SPK2001	Continuing	119	этот,	этот	linguistic			End=153.480
120-0	SPK2001	Rising	120	на	на	linguistic			Begin=153.480
120-1	SPK2001	Rising	120	вынос	вынос	linguistic			
120-2	SPK2001	Rising	120	әкеліп	әкеліп	linguistic			
120-3	SPK2001	Rising	120	жүрдім	жүрдім	linguistic			
120-4	SPK2001	Rising	120	ғой?	ғой	linguistic			End=154.730
121-0	SPK2002	Continuing	121	Жоқ,	Жоқ	linguistic			Begin=155.476|End=155.910
122-0	SPK2001	Rising	122	Не	Не	linguistic			Begin=155.723
122-1	SPK2001	Rising	122	помнишь?	помнишь	linguistic			End=156.314
123-0	SPK2002	Falling	123	оның	оның	linguistic			Begin=155.910
123-1	SPK2002	Falling	123	ішінде.	ішінде	linguistic			End=156.884
124-0	SPK2002	Falling	124	Столоваядың	Столоваядың	linguistic			Begin=157.120
124-1	SPK2002	Falling	124	ішінде.	ішінде	linguistic			End=158.270
125-0	SPK2001	Falling	125	М.	М	linguistic			Begin=157.377|End=158.040
126-0	SPK2001	Rising	126	Солайда	Солайда	linguistic			Begin=159.430
126-1	SPK2001	Rising	126	кісі	кісі	linguistic			
126-2	SPK2001	Rising	126	көп	көп	linguistic			
126-3	SPK2001	Rising	126	болды	болды	linguistic			
126-4	SPK2001	Rising	126	ма?	ма	linguistic			End=160.550
127-0	SPK2002	Falling	127	Да.	Да	linguistic			Begin=159.474|End=160.030
128-0	SPK2002	Continuing	128	Да,	Да	linguistic			Begin=160.550|End=160.840
129-0	SPK2002	Falling	129	вообще	вообще	linguistic			Begin=160.840
129-1	SPK2002	Falling	129	кісі	кісі	linguistic			
129-2	SPK2002	Falling	129	көп.	көп	linguistic			End=161.546
130-0	SPK2002	Continuing	130	Менің	Менің	linguistic			Begin=161.595
130-1	SPK2002	Continuing	130	столигіма,	столигіма	linguistic			End=162.650
131-0	SPK2002	Continuing	131	сосын,	сосын	linguistic			Begin=162.650|End=163.121
132-0	SPK2002	Continuing	132	бір	бір	linguistic			Begin=163.290
132-1	SPK2002	Continuing	132	әйел,	әйел	linguistic			End=163.860
133-0	SPK2002	Continuing	133	отырды	отырды	linguistic			Begin=163.860
133-1	SPK2002	Continuing	133	ғой,	ғой	linguistic			End=164.440
134-0	SPK2002	Falling	134	өзінің	өзінің	linguistic			Begin=164.440
134-1	SPK2002	Falling	134	бітти	бітти	linguistic			
134-2	SPK2002	Falling	134	баласымен.	баласымен	linguistic			End=165.510
135-0	SPK2001	Rising	135	Да?	Да	linguistic			Begin=165.650|End=166.020
136-0	SPK2002	Continuing	136	Потому	Потому	linguistic			Begin=166.039
136-1	SPK2002	Continuing	136	что,	что	linguistic			End=166.510
137-0	SPK2002	Falling	137	везде	везде	linguistic			Begin=166.510
137-1	SPK2002	Falling	137	было	было	linguistic			
137-2	SPK2002	Falling	137	занято.	занято	linguistic			End=167.722
138-0	SPK2001	Falling	138	Да.	Да	linguistic			Begin=168.388|End=168.690
139-0	SPK2002	Continuing	139	Анда	Анда	linguistic			Begin=168.680
139-1	SPK2002	Continuing	139	еще	еще	linguistic			
139-2	SPK2002	Continuing	139	врачтар	врачтар	linguistic			
139-3	SPK2002	Continuing	139	мен	мен	linguistic			
139-4	SPK2002	Continuing	139	медсестрылар,	медсестрылар	linguistic			End=170.750
140-0	SPK2002	Falling	140	тамақ	тамақ	linguistic			Begin=171.736
140-1	SPK2002	Falling	140	ішеді.	ішеді	linguistic			End=172.455
141-0	SPK2001	Continuing	141	Что	Что	linguistic			Begin=173.450
141-1	SPK2001	Continuing	141	еще	еще	linguistic			
141-2	SPK2001	Continuing	141	врачи	врачи	linguistic			
141-3	SPK2001	Continuing	141	этот,	этот	linguistic			End=174.530
142-0	SPK2001	Rising	142	в	в	linguistic			Begin=174.530
142-1	SPK2001	Rising	142	кроксах	кроксах	linguistic			
142-2	SPK2001	Rising	142	ходят	ходят	linguistic			
142-3	SPK2001	Rising	142	да?	да	linguistic			End=175.640
143-0	SPK2002	Continuing	143	Ну,	Ну	linguistic			Begin=175.580|End=175.900
144-0	SPK2002	Falling	144	сериалдағыдай.	сериалдағыдай	linguistic			Begin=175.900|End=176.808
145-0	SPK2001	Rising	145	Ана	Ана	linguistic			Begin=176.920
145-1	SPK2001	Rising	145	мудрая	мудрая	linguistic			
145-2	SPK2001	Rising	145	жизнь	жизнь	linguistic			
145-3	SPK2001	Rising	145	больницадағыдай?	больницадағыдай	linguistic			End=178.593
146-0	SPK2002	Continuing	146	Ақ,	Ақ	linguistic			Begin=178.930|End=179.280
147-0	SPK2002	Interrupted	147	қ-	қ	linguistic		Interrupted=Yes	Begin=179.280|End=179.430
148-0	SPK2002	Continuing	148	кроксы	кроксы	linguistic			Begin=179.430
148-1	SPK2002	Continuing	148	киеді,	киеді	linguistic			End=180.340
149-0	SPK2002	Falling	149	аяқтарына.	аяқтарына	linguistic			Begin=180.340|End=181.039
150-0	SPK2001	Continuing	150	Сосын	Сосын	linguistic			Begin=181.446
150-1	SPK2001	Continuing	150	не	не	linguistic			
150-2	SPK2001	Continuing	150	айтады,	айтады	linguistic			End=182.120
151-0	SPK2001	Interrupted	151	больни-	больни	linguistic		Interrupted=Yes	Begin=182.120|End=182.420
152-0	SPK2001	Continuing	152	ну	ну	linguistic			Begin=182.420
152-1	SPK2001	Continuing	152	этот,	этот	linguistic			End=182.960
153-0	SPK2001	Continuing	153	поликлиника,	поликлиника	linguistic			Begin=182.960|End=183.610
154-0	SPK2001	Continuing	154	больница,	больница	linguistic			Begin=183.610|End=184.350
155-0	SPK2001	Continuing	155	напоминает	напоминает	linguistic			Begin=184.350
155-1	SPK2001	Continuing	155	#	#	unknown			
155-2	SPK2001	Continuing	155	мудрый	мудрый	linguistic			
155-3	SPK2001	Continuing	155	жизнь	жизнь	linguistic			
155-4	SPK2001	Continuing	155	больницадағы,	больницадағы	linguistic			End=186.400
156-0	SPK2001	Continuing	156	ол	ол	linguistic			Begin=186.400
156-1	SPK2001	Continuing	156	жерде,	жерде	linguistic			End=187.050
157-0	SPK2001	Falling	157	клиника.	клиника	linguistic			Begin=187.050|End=187.715
158-0	SPK2002	Falling	158	Да.	Да	linguistic			Begin=187.950|End=188.564
159-0	SPK2001	Falling	159	Да.	Да	linguistic			Begin=188.024|End=188.274
160-0	SPK2001	Falling	160	Еще	Еще	linguistic			Begin=188.930
160-1	SPK2001	Falling	160	үлкен.	үлкен	linguistic			End=189.670
161-0	SPK2002	Falling	161	М.	М	linguistic			Begin=190.749|End=191.297
162-0	SPK2002	Falling	162	Не	Не	linguistic			Begin=191.300
162-1	SPK2002	Falling	162	знаю.	знаю	linguistic			End=191.820
163-0	SPK2002	Interrupted	163	Мен	Мен	linguistic			Begin=191.820
163-1	SPK2002	Interrupted	163	анда	анда	linguistic			
163-2	SPK2002	Interrupted	163	тек	тек	linguistic			
163-3	SPK2002	Interrupted	163	қана	қана	linguistic			
163-4	SPK2002	Interrupted	163	бірінші	бірінші	linguistic			
163-5	SPK2002	Interrupted	163	екі-	екі	linguistic		Interrupted=Yes	End=193.500
164-0	SPK2002	Continuing	164	бірінші	бірінші	linguistic			Begin=193.500
164-1	SPK2002	Continuing	164	мен,	мен	linguistic			End=194.510
165-0	SPK2002	Continuing	165	нулевой,	нулевой	linguistic			Begin=194.510|End=195.120
166-0	SPK2002	Falling	166	этажда	этажда	linguistic			Begin=195.120
166-1	SPK2002	Falling	166	болдым.	болдым	linguistic			End=195.930
167-0	SPK2002	Falling	167	Бітті.	Бітті	linguistic			Begin=196.170|End=196.818
168-0	SPK2002	Continuing	168	Ой,	Ой	linguistic			Begin=197.268|End=197.670
169-0	SPK2002	Continuing	169	екінші	екінші	linguistic			Begin=197.670
169-1	SPK2002	Continuing	169	этажда	этажда	linguistic			
169-2	SPK2002	Continuing	169	тоже,	тоже	linguistic			End=198.570
170-0	SPK2002	Falling	170	Д	Д	linguistic			Begin=198.570
170-1	SPK2002	Falling	170	блогында	блогында	linguistic			
170-2	SPK2002	Falling	170	ғана.	ғана	linguistic			End=199.665
171-0	SPK2001	undefined	171	(TSK)	(TSK)	_			Begin=199.922|End=200.200
172-0	SPK2001	Continuing	172	Ну	Ну	linguistic			Begin=200.200
172-1	SPK2001	Continuing	172	там	там	linguistic			
172-2	SPK2001	Continuing	172	күшті	күшті	linguistic			
172-3	SPK2001	Continuing	172	то	то	linguistic			
172-4	SPK2001	Continuing	172	что,	что	linguistic			End=201.220
173-0	SPK2001	Continuing	173	мысалы,	мысалы	linguistic			Begin=201.490|End=201.880
174-0	SPK2001	Interrupted	174	педиатрияның	педиатрияның	linguistic			Begin=201.880
174-1	SPK2001	Interrupted	174	өзі	өзі	linguistic			
174-2	SPK2001	Interrupted	174	б-	б	linguistic		Interrupted=Yes	End=203.180
175-0	SPK2001	Continuing	175	ну,	ну	linguistic			Begin=203.180|End=203.720
176-0	SPK2001	Falling	176	блогы	блогы	linguistic			Begin=203.720
176-1	SPK2001	Falling	176	бар.	бар	linguistic			End=204.490
177-0	SPK2001	Falling	177	Там.	Там	linguistic			Begin=204.830|End=205.270
178-0	SPK2001	Interrupted	178	ра-	ра	linguistic		Interrupted=Yes	Begin=205.491|End=205.650
179-0	SPK2001	Continuing	179	не	не	linguistic			Begin=205.650
179-1	SPK2001	Continuing	179	#	#	unknown			
179-2	SPK2001	Continuing	179	##,	##	unknown			End=206.474
180-0	SPK2001	Continuing	180	э,	э	linguistic			Begin=207.292|End=207.744
181-0	SPK2001	Interrupted	181	типа	типа	linguistic			Begin=207.744
181-1	SPK2001	Interrupted	181	рад-	рад	linguistic		Interrupted=Yes	End=208.210
182-0	SPK2001	Interrupted	182	рад-	рад	linguistic		Interrupted=Yes	Begin=208.210|End=208.570
183-0	SPK2001	Rising	183	как	как	linguistic			Begin=208.570
183-1	SPK2001	Rising	183	это	это	linguistic			
183-2	SPK2001	Rising	183	называется?	называется	linguistic			End=209.600
184-0	SPK2002	Rising	184	Радиология?	Радиология	linguistic			Begin=209.621|End=210.461
185-0	SPK2001	Continuing	185	Да,	Да	linguistic			Begin=210.509|End=210.790
186-0	SPK2001	Continuing	186	радиологияның	радиологияның	linguistic			Begin=210.790
186-1	SPK2001	Continuing	186	өзінің	өзінің	linguistic			
186-2	SPK2001	Continuing	186	блогы,	блогы	linguistic			End=212.984
187-0	SPK2001	Falling	187	там.	там	linguistic			Begin=213.288|End=213.690
188-0	SPK2001	Continuing	188	Гинекология,	Гинекология	linguistic			Begin=213.851|End=215.472
189-0	SPK2001	Interrupted	189	офтальмоло-	офтальмоло	linguistic		Interrupted=Yes	Begin=215.485|End=216.190
190-0	SPK2001	Falling	190	вот	вот	linguistic			Begin=216.190
190-1	SPK2001	Falling	190	там	там	linguistic			
190-2	SPK2001	Falling	190	маған	маған	linguistic			
190-3	SPK2001	Falling	190	офтальмологияның	офтальмологияның	linguistic			
190-4	SPK2001	Falling	190	блогы	блогы	linguistic			
190-5	SPK2001	Falling	190	ұнады.	ұнады	linguistic			End=218.525
191-0	SPK2001	Falling	191	Өте	Өте	linguistic			Begin=218.559
191-1	SPK2001	Falling	191	күшті.	күшті	linguistic			End=219.350
192-0	SPK2002	Continuing	192	А,	А	linguistic			Begin=218.601|End=218.980
193-0	SPK2002	Continuing	193	офтальмологияның	офтальмологияның	linguistic			Begin=218.980
193-1	SPK2002	Continuing	193	блогы,	блогы	linguistic			End=220.720
194-0	SPK2002	Falling	194	екінші	екінші	linguistic			Begin=220.720
194-1	SPK2002	Falling	194	этажда.	этажда	linguistic			End=221.985
195-0	SPK2001	undefined	195	COUGHS_TWO_TIMES	COUGHS_TWO_TIMES	paraverbal	_		Begin=221.250|End=222.250
196-0	SPK2002	Falling	196	Тоже.	Тоже	linguistic			Begin=222.053|End=222.693
197-0	SPK2002	Falling	197	Солға	Солға	linguistic			Begin=223.776
197-1	SPK2002	Falling	197	бұрыласың.	бұрыласың	linguistic			End=224.800
198-0	SPK2002	Falling	198	Лестницадан	Лестницадан	linguistic			Begin=226.125
198-1	SPK2002	Falling	198	кейін.	кейін	linguistic			End=227.366
199-0	SPK2001	Falling	199	Да.	Да	linguistic			Begin=227.986|End=228.350
200-0	SPK2001	Falling	200	Да.	Да	linguistic			Begin=228.350|End=228.720
201-0	SPK2001	Continuing	201	Н-	Н	linguistic		Interrupted=Yes	Begin=229.250
201-1	SPK2001	Continuing	201	нет,	нет	linguistic			End=229.720
202-0	SPK2002	Falling	202	Сосын.	Сосын	linguistic			Begin=229.335|End=230.007
203-0	SPK2001	Falling	203	подожди.	подожди	linguistic			Begin=229.720|End=230.190
204-0	SPK2002	undefined	204	Да!	Да!	linguistic			Begin=230.211|End=230.740
205-0	SPK2002	Continuing	205	Офтальмологиядан	Офтальмологиядан	linguistic			Begin=231.226
205-1	SPK2002	Continuing	205	сосын	сосын	linguistic			
205-2	SPK2002	Continuing	205	әрі	әрі	linguistic			
205-3	SPK2002	Continuing	205	қарай	қарай	linguistic			
205-4	SPK2002	Continuing	205	барсаң,	барсаң	linguistic			End=233.570
206-0	SPK2002	Continuing	206	коридормен,	коридормен	linguistic			Begin=233.570|End=234.554
207-0	SPK2002	Continuing	207	онда	онда	linguistic			Begin=234.962
207-1	SPK2002	Continuing	207	анда,	анда	linguistic			End=236.311
208-0	SPK2002	Continuing	208	не,	не	linguistic			Begin=236.311|End=236.745
209-0	SPK2002	undefined	209	(TSK)	(TSK)	_			Begin=237.053|End=237.457
210-0	SPK2002	Continuing	210	ой,	ой	linguistic			Begin=238.151|End=238.760
211-0	SPK2002	Continuing	211	немене,	немене	linguistic			Begin=238.937|End=239.576
212-0	SPK2002	Continuing	212	УЗИ,	УЗИ	linguistic			Begin=239.675|End=241.170
213-0	SPK2002	Rising	213	түсіретін	түсіретін	linguistic			Begin=241.192
213-1	SPK2002	Rising	213	жер	жер	linguistic			
213-2	SPK2002	Rising	213	ме?	ме	linguistic			End=242.250
214-0	SPK2001	Continuing	214	А	А	linguistic			Begin=242.670
214-1	SPK2001	Continuing	214	там,	там	linguistic			End=243.120
215-0	SPK2001	Continuing	215	УЗИ	УЗИ	linguistic			Begin=243.120
215-1	SPK2001	Continuing	215	түсіретін,	түсіретін	linguistic			End=243.890
216-0	SPK2001	Continuing	216	жер,	жер	linguistic			Begin=243.890|End=244.330
217-0	SPK2001	Continuing	217	сосын,	сосын	linguistic			Begin=244.330|End=244.810
218-0	SPK2001	Continuing	218	аллерголог	аллерголог	linguistic			Begin=244.810
218-1	SPK2001	Continuing	218	бар,	бар	linguistic			End=246.290
219-0	SPK2001	Continuing	219	ну,	ну	linguistic			Begin=246.290|End=246.630
220-0	SPK2001	Rising	220	олар	олар	linguistic			Begin=246.630
220-1	SPK2001	Rising	220	бір	бір	linguistic			
220-2	SPK2001	Rising	220	жерде	жерде	linguistic			
220-3	SPK2001	Rising	220	да	да	linguistic			
220-4	SPK2001	Rising	220	как?	как	linguistic			End=248.406
221-0	SPK2002	Falling	221	Иә.	Иә	linguistic			Begin=249.110|End=249.430
222-0	SPK2001	Falling	222	Да.	Да	linguistic			Begin=250.100|End=250.470
223-0	SPK2001	Falling	223	Ну	Ну	linguistic			Begin=251.190
223-1	SPK2001	Falling	223	вот.	вот	linguistic			End=251.629
224-0	SPK2001	Continuing	224	Ну	Ну	linguistic			Begin=251.938
224-1	SPK2001	Continuing	224	маған	маған	linguistic			
224-2	SPK2001	Continuing	224	короче	короче	linguistic			
224-3	SPK2001	Continuing	224	сол	сол	linguistic			
224-4	SPK2001	Continuing	224	ұнайды	ұнайды	linguistic			
224-5	SPK2001	Continuing	224	то	то	linguistic			
224-6	SPK2001	Continuing	224	что,	что	linguistic			End=253.360
225-0	SPK2001	Continuing	225	анда,	анда	linguistic			Begin=253.360|End=253.749
226-0	SPK2001	Continuing	226	блок	блок	linguistic			Begin=254.058
226-1	SPK2001	Continuing	226	блоктармен,	блоктармен	linguistic			End=255.240
227-0	SPK2001	Continuing	227	и	и	linguistic			Begin=255.409
227-1	SPK2001	Continuing	227	мысалы,	мысалы	linguistic			End=255.954
228-0	SPK2001	Continuing	228	ана,	ана	linguistic			Begin=256.521|End=256.876
229-0	SPK2001	Continuing	229	бірінші	бірінші	linguistic			Begin=257.270
229-1	SPK2001	Continuing	229	этаждан,	этаждан	linguistic			End=258.050
230-0	SPK2001	Continuing	230	екінші	екінші	linguistic			Begin=258.050
230-1	SPK2001	Continuing	230	этажға	этажға	linguistic			
230-2	SPK2001	Continuing	230	эти,	эти	linguistic			End=259.300
231-0	SPK2001	Continuing	231	бір,	бір	linguistic			Begin=259.400|End=259.745
232-0	SPK2001	Continuing	232	блоктан,	блоктан	linguistic			Begin=260.339|End=260.700
233-0	SPK2001	Continuing	233	екінші	екінші	linguistic			Begin=260.700
233-1	SPK2001	Continuing	233	блокқа,	блокқа	linguistic			End=261.527
234-0	SPK2001	Continuing	234	біздің,	біздің	linguistic			Begin=261.671|End=262.132
235-0	SPK2001	Continuing	235	Көкшетаудағыдай,	Көкшетаудағыдай	linguistic			Begin=262.840|End=263.490
236-0	SPK2001	Continuing	236	ну,	ну	linguistic			Begin=263.490|End=263.850
237-0	SPK2001	Falling	237	жүгіріп	жүгіріп	linguistic			Begin=263.850
237-1	SPK2001	Falling	237	жүрмейсің.	жүрмейсің	linguistic			End=264.830
238-0	SPK2001	Falling	238	Классно.	Классно	linguistic			Begin=265.689|End=266.150
239-0	SPK2002	Falling	239	Ну.	Ну	linguistic			Begin=267.295|End=267.730
240-0	SPK2002	Continuing	240	Еще	Еще	linguistic			Begin=268.200
240-1	SPK2002	Continuing	240	этот,	этот	linguistic			End=269.010
241-0	SPK2002	Falling	241	бүгін	бүгін	linguistic			Begin=270.350
241-1	SPK2002	Falling	241	бірінші	бірінші	linguistic			
241-2	SPK2002	Falling	241	июнь	июнь	linguistic			
241-3	SPK2002	Falling	241	ғой.	ғой	linguistic			End=271.560
242-0	SPK2002	Falling	242	День	День	linguistic			Begin=273.620
242-1	SPK2002	Falling	242	детей.	детей	linguistic			End=274.290
243-0	SPK2001	Falling	243	Мхм.	Мхм	linguistic			Begin=274.539|End=275.030
244-0	SPK2002	Continuing	244	И	И	linguistic			Begin=275.920
244-1	SPK2002	Continuing	244	мен	мен	linguistic			
244-2	SPK2002	Continuing	244	бүгін,	бүгін	linguistic			End=276.710
245-0	SPK2002	Continuing	245	отдел	отдел	linguistic			Begin=277.530
245-1	SPK2002	Continuing	245	педиатрияға	педиатрияға	linguistic			
245-2	SPK2002	Continuing	245	бардым,	бардым	linguistic			End=279.110
246-0	SPK2002	Falling	246	жай.	жай	linguistic			Begin=279.110|End=279.480
247-0	SPK2002	undefined	247	По	По	linguistic			Begin=279.740
247-1	SPK2002	undefined	247	приколу	приколу	linguistic			
247-2	SPK2002	undefined	247	@@	@@	linguistic			End=281.148
248-0	SPK2002	Continuing	248	И	И	linguistic			Begin=281.273
248-1	SPK2002	Continuing	248	анда	анда	linguistic			
248-2	SPK2002	Continuing	248	оказывается	оказывается	linguistic			
248-3	SPK2002	Continuing	248	аниматорлар,	аниматорлар	linguistic			End=283.145
249-0	SPK2002	Continuing	249	ну,	ну	linguistic			Begin=283.229|End=284.480
250-0	SPK2002	Continuing	250	балалармен,	балалармен	linguistic			Begin=284.760|End=285.767
251-0	SPK2002	Falling	251	ойнап	ойнап	linguistic			Begin=286.520
251-1	SPK2002	Falling	251	жатты.	жатты	linguistic			End=287.410
252-0	SPK2001	Rising	252	Балалар	Балалар	linguistic			Begin=287.880
252-1	SPK2001	Rising	252	көп	көп	linguistic			
252-2	SPK2001	Rising	252	болды	болды	linguistic			
252-3	SPK2001	Rising	252	ма?	ма	linguistic			End=288.920
253-0	SPK2002	Continuing	253	Иә	Иә	linguistic			Begin=288.961
253-1	SPK2002	Continuing	253	балалар,	балалар	linguistic			End=289.620
254-0	SPK2002	Falling	254	масқара	масқара	linguistic			Begin=289.620
254-1	SPK2002	Falling	254	көп.	көп	linguistic			End=290.608
255-0	SPK2002	Continuing	255	Шулап,	Шулап	linguistic			Begin=290.920|End=291.720
256-0	SPK2002	Falling	256	біреулері	біреулері	linguistic			Begin=291.720
256-1	SPK2002	Falling	256	жылап.	жылап	linguistic			End=293.190
257-0	SPK2001	undefined	257	@	@	linguistic			Begin=293.235|End=293.701
258-0	SPK2002	Continuing	258	Еще	Еще	linguistic			Begin=294.713
258-1	SPK2002	Continuing	258	андай	андай	linguistic			
258-2	SPK2002	Continuing	258	немене,	немене	linguistic			End=295.667
259-0	SPK2002	Continuing	259	м,	м	linguistic			Begin=295.889|End=296.497
260-0	SPK2002	Continuing	260	(TSK)	(TSK)	_			Begin=299.020
260-1	SPK2002	Continuing	260	а,	а	linguistic			End=299.590
261-0	SPK2002	Continuing	261	немене,	немене	linguistic			Begin=299.700|End=300.290
262-0	SPK2002	Continuing	262	э,	э	linguistic			Begin=300.671|End=301.520
263-0	SPK2002	Continuing	263	нелер	нелер	linguistic			Begin=301.970
263-1	SPK2002	Continuing	263	сатты,	сатты	linguistic			End=302.910
264-0	SPK2002	Falling	264	сол	сол	linguistic			Begin=303.770
264-1	SPK2002	Falling	264	отделдың	отделдың	linguistic			
264-2	SPK2002	Falling	264	ішінде.	ішінде	linguistic			End=305.120
265-0	SPK2002	undefined	265	(TSK)	(TSK)	_			Begin=305.650|End=306.067
266-0	SPK2002	Falling	266	Конфеты.	Конфеты	linguistic			Begin=307.430|End=308.100
267-0	SPK2002	Interrupted	267	Конфеты--	Конфеты-	linguistic		Interrupted=Yes	Begin=308.249|End=309.118
268-0	SPK2001	Rising	268	Сатты?	Сатты	linguistic			Begin=309.070|End=309.895
269-0	SPK2002	Falling	269	там	там	linguistic			Begin=309.118
269-1	SPK2002	Falling	269	##.	##	unknown			End=309.730
270-0	SPK2002	Falling	270	Да.	Да	linguistic			Begin=309.730|End=310.300
271-0	SPK2001	Rising	271	Ақша?	Ақша	linguistic			Begin=311.200|End=311.730
272-0	SPK2001	undefined	272	@@	@@	linguistic			Begin=311.749|End=312.208
273-0	SPK2002	Falling	273	Ну	Ну	linguistic			Begin=312.085
273-1	SPK2002	Falling	273	да.	да	linguistic			End=312.769
274-0	SPK2001	undefined	274	А	А	linguistic			Begin=313.030
274-1	SPK2001	undefined	274	что	что	linguistic			
274-2	SPK2001	undefined	274	бесплатно	бесплатно	linguistic			
274-3	SPK2001	undefined	274	бермейді	бермейді	linguistic			
274-4	SPK2001	undefined	274	@@	@@	linguistic			End=314.840
275-0	SPK2002	Continuing	275	Вроде	Вроде	linguistic			Begin=315.055
275-1	SPK2002	Continuing	275	сатты,	сатты	linguistic			End=315.780
276-0	SPK2002	Falling	276	білмеймін.	білмеймін	linguistic			Begin=315.780|End=316.260
277-0	SPK2001	Rising	277	Да?	Да	linguistic			Begin=317.109|End=317.489
278-0	SPK2002	Falling	278	Ну	Ну	linguistic			Begin=318.054
278-1	SPK2002	Falling	278	там	там	linguistic			
278-2	SPK2002	Falling	278	короче	короче	linguistic			
278-3	SPK2002	Falling	278	вроде	вроде	linguistic			
278-4	SPK2002	Falling	278	сондай	сондай	linguistic			
278-5	SPK2002	Falling	278	болды.	болды	linguistic			End=319.604
279-0	SPK2002	undefined	279	@	@	linguistic			Begin=320.410|End=320.680
280-0	SPK2002	undefined	280	@	@	linguistic			Begin=321.005|End=321.550
281-0	SPK2001	Falling	281	Күшті.	Күшті	linguistic			Begin=323.010|End=324.021
282-0	SPK2002	Continuing	282	И	И	linguistic			Begin=324.040
282-1	SPK2002	Continuing	282	все	все	linguistic			
282-2	SPK2002	Continuing	282	этот,	этот	linguistic			End=324.842
283-0	SPK2002	Continuing	283	прямо	прямо	linguistic			Begin=325.000
283-1	SPK2002	Continuing	283	РДЦның	РДЦның	linguistic			
283-2	SPK2002	Continuing	283	ішіне	ішіне	linguistic			
283-3	SPK2002	Continuing	283	кіргенде,	кіргенде	linguistic			End=326.810
284-0	SPK2002	Continuing	284	прямо,	прямо	linguistic			Begin=326.810|End=327.090
285-0	SPK2002	Interrupted	285	##-	##	unknown		Interrupted=Yes	Begin=327.090|End=327.540
286-0	SPK2002	Continuing	286	ну,	ну	linguistic			Begin=327.540|End=327.780
287-0	SPK2002	Continuing	287	бірінші	бірінші	linguistic			Begin=327.780
287-1	SPK2002	Continuing	287	этажда,	этажда	linguistic			End=328.673
288-0	SPK2002	Continuing	288	бүкіл,	бүкіл	linguistic			Begin=329.456|End=329.850
289-0	SPK2002	Continuing	289	жерде,	жерде	linguistic			Begin=329.850|End=330.310
290-0	SPK2002	Falling	290	гелевый	гелевый	linguistic			Begin=330.310
290-1	SPK2002	Falling	290	шариктар.	шариктар	linguistic			End=331.441
291-0	SPK2002	Falling	291	Потолокта	Потолокта	linguistic			Begin=331.716
291-1	SPK2002	Falling	291	тұр.	тұр	linguistic			End=332.540
292-0	SPK2001	Falling	292	М.	М	linguistic			Begin=332.880|End=334.051
293-0	SPK2002	Falling	293	День	День	linguistic			Begin=334.000
293-1	SPK2002	Falling	293	детейге	детейге	linguistic			
293-2	SPK2002	Falling	293	арнап	арнап	linguistic			
293-3	SPK2002	Falling	293	істеген.	істеген	linguistic			End=335.550
294-0	SPK2001	Falling	294	Күшті	Күшті	linguistic			Begin=336.750
294-1	SPK2001	Falling	294	күшті.	күшті	linguistic			End=337.690
295-0	SPK2002	Falling	295	Ну.	Ну	linguistic			Begin=339.410|End=339.748
296-0	SPK2002	undefined	296	(TSK)	(TSK)	_			Begin=339.891|End=340.290
297-0	SPK2001	undefined	297	@@	@@	linguistic			Begin=340.304|End=340.844
298-0	SPK2001	Continuing	298	А	А	linguistic			Begin=346.176
298-1	SPK2001	Continuing	298	сен	сен	linguistic			
298-2	SPK2001	Continuing	298	сосын,	сосын	linguistic			End=347.040
299-0	SPK2001	Continuing	299	ертең,	ертең	linguistic			Begin=347.759|End=348.320
300-0	SPK2001	Continuing	300	немесе,	немесе	linguistic			Begin=348.320|End=348.740
301-0	SPK2001	Continuing	301	арғы	арғы	linguistic			Begin=348.740
301-1	SPK2001	Continuing	301	күні	күні	linguistic			
301-2	SPK2001	Continuing	301	бір	бір	linguistic			
301-3	SPK2001	Continuing	301	тағы,	тағы	linguistic			End=349.740
302-0	SPK2001	Rising	302	анализ	анализ	linguistic			Begin=349.740
302-1	SPK2001	Rising	302	беруге	беруге	linguistic			
302-2	SPK2001	Rising	302	барасың	барасың	linguistic			
302-3	SPK2001	Rising	302	ба?	ба	linguistic			End=351.096
303-0	SPK2002	Continuing	303	Маған	Маған	linguistic			Begin=351.977
303-1	SPK2002	Continuing	303	ертең,	ертең	linguistic			End=352.700
304-0	SPK2002	Continuing	304	қан	қан	linguistic			Begin=352.700
304-1	SPK2002	Continuing	304	тапсыру	тапсыру	linguistic			
304-2	SPK2002	Continuing	304	керек,	керек	linguistic			End=353.650
305-0	SPK2002	Continuing	305	бірақ	бірақ	linguistic			Begin=353.650
305-1	SPK2002	Continuing	305	осында,	осында	linguistic			End=354.530
306-0	SPK2002	Falling	306	UHC-да.	UHC-да	linguistic			Begin=354.530|End=355.365
307-0	SPK2002	Continuing	307	Сосын	Сосын	linguistic			Begin=356.385
307-1	SPK2002	Continuing	307	алтысы,	алтысы	linguistic			End=357.230
308-0	SPK2002	Continuing	308	күні,	күні	linguistic			Begin=357.230|End=357.810
309-0	SPK2002	Falling	309	аллергологқа	аллергологқа	linguistic			Begin=357.810
309-1	SPK2002	Falling	309	барамын.	барамын	linguistic			End=359.289
310-0	SPK2001	Continuing	310	О,	О	linguistic			Begin=359.520|End=359.770
311-0	SPK2001	Interrupted	311	мен	мен	linguistic			Begin=359.770
311-1	SPK2001	Interrupted	311	аллер--	аллер-	linguistic		Interrupted=Yes	End=360.820
312-0	SPK2002	Continuing	312	Одан	Одан	linguistic			Begin=360.050
312-1	SPK2002	Continuing	312	кейін,	кейін	linguistic			End=360.860
313-0	SPK2002	Continuing	313	жиырма	жиырма	linguistic			Begin=361.568
313-1	SPK2002	Continuing	313	бірі	бірі	linguistic			
313-2	SPK2002	Continuing	313	күні,	күні	linguistic			End=362.340
314-0	SPK2002	Falling	314	ФГДС.	ФГДС	linguistic			Begin=362.340|End=363.250
315-0	SPK2002	Continuing	315	Жиырма	Жиырма	linguistic			Begin=363.870
315-1	SPK2002	Continuing	315	екісі	екісі	linguistic			
315-2	SPK2002	Continuing	315	күні,	күні	linguistic			End=365.290
316-0	SPK2002	Falling	316	гастроэнтерологқа	гастроэнтерологқа	linguistic			Begin=365.290
316-1	SPK2002	Falling	316	баруым	баруым	linguistic			
316-2	SPK2002	Falling	316	керек.	керек	linguistic			End=367.479
317-0	SPK2001	Rising	317	ФГДС	ФГДС	linguistic			Begin=366.430
317-1	SPK2001	Rising	317	это	это	linguistic			
317-2	SPK2001	Rising	317	РДЦда	РДЦда	linguistic			
317-3	SPK2001	Rising	317	ма?	ма	linguistic			End=367.870
318-0	SPK2002	Falling	318	Иә.	Иә	linguistic			Begin=367.910|End=368.330
319-0	SPK2002	Falling	319	Жоқ.	Жоқ	linguistic			Begin=368.330|End=368.870
320-0	SPK2001	Falling	320	Енді.	Енді	linguistic			Begin=368.870|End=369.480
321-0	SPK2002	Continuing	321	Материнства,	Материнства	linguistic			Begin=370.270|End=371.712
322-0	SPK2001	Continuing	322	А,	А	linguistic			Begin=372.096|End=372.400
323-0	SPK2001	Rising	323	центр	центр	linguistic			Begin=372.400
323-1	SPK2001	Rising	323	материнства?	материнства	linguistic			End=373.560
324-0	SPK2002	Continuing	324	Иә,	Иә	linguistic			Begin=373.020|End=373.210
325-0	SPK2002	Falling	325	центр	центр	linguistic			Begin=373.210
325-1	SPK2002	Falling	325	материнства.	материнства	linguistic			End=374.550
326-0	SPK2001	Falling	326	И	И	linguistic			Begin=374.725
326-1	SPK2001	Falling	326	бірдеңе.	бірдеңе	linguistic			End=375.450
327-0	SPK2002	Rising	327	И	И	linguistic			Begin=375.402
327-1	SPK2002	Rising	327	ребенка	ребенка	linguistic			
327-2	SPK2002	Rising	327	что-ли?	что-ли	linguistic			End=376.430
328-0	SPK2001	Interrupted	328	С-	С	linguistic		Interrupted=Yes	Begin=376.470|End=376.840
329-0	SPK2001	Falling	329	иә.	иә	linguistic			Begin=376.840|End=377.220
330-0	SPK2001	Continuing	330	Ну	Ну	linguistic			Begin=377.470
330-1	SPK2001	Continuing	330	олар,	олар	linguistic			End=377.920
331-0	SPK2001	Continuing	331	барлығы,	барлығы	linguistic			Begin=377.920|End=378.400
332-0	SPK2001	Falling	332	бір	бір	linguistic			Begin=378.400
332-1	SPK2001	Falling	332	жерде	жерде	linguistic			
332-2	SPK2001	Falling	332	по	по	linguistic			
332-3	SPK2001	Falling	332	идее.	идее	linguistic			End=379.432
333-0	SPK2001	Falling	333	Там	Там	linguistic			Begin=379.950
333-1	SPK2001	Falling	333	пешком	пешком	linguistic			
333-2	SPK2001	Falling	333	пройтись.	пройтись	linguistic			End=380.968
334-0	SPK2002	Continuing	334	Ну,	Ну	linguistic			Begin=380.447|End=380.962
335-0	SPK2002	Continuing	335	а,	а	linguistic			Begin=380.997|End=381.200
336-0	SPK2002	Rising	336	да?	да	linguistic			Begin=381.200|End=381.690
337-0	SPK2001	Continuing	337	Не,	Не	linguistic			Begin=382.240|End=382.460
338-0	SPK2001	Continuing	338	там,	там	linguistic			Begin=382.460|End=382.720
339-0	SPK2001	Falling	339	олардың	олардың	linguistic			Begin=382.720
339-1	SPK2001	Falling	339	арасы	арасы	linguistic			
339-2	SPK2001	Falling	339	бір	бір	linguistic			
339-3	SPK2001	Falling	339	остановка	остановка	linguistic			
339-4	SPK2001	Falling	339	кажется.	кажется	linguistic			End=384.569
340-0	SPK2002	Rising	340	А	А	linguistic			Begin=385.221
340-1	SPK2002	Rising	340	да?	да	linguistic			End=385.640
341-0	SPK2001	Falling	341	Сондай	Сондай	linguistic			Begin=385.660
341-1	SPK2001	Falling	341	остановка	остановка	linguistic			
341-2	SPK2001	Falling	341	бар	бар	linguistic			
341-3	SPK2001	Falling	341	екен.	екен	linguistic			End=387.223
342-0	SPK2002	Falling	342	М.	М	linguistic			Begin=388.070|End=388.842
343-0	SPK2001	Continuing	343	Мен	Мен	linguistic			Begin=389.010
343-1	SPK2001	Continuing	343	де	де	linguistic			
343-2	SPK2001	Continuing	343	бір,	бір	linguistic			End=389.720
344-0	SPK2001	Continuing	344	ну,	ну	linguistic			Begin=389.720|End=390.040
345-0	SPK2001	Falling	345	ни	ни	linguistic			Begin=390.040
345-1	SPK2001	Falling	345	разу	разу	linguistic			
345-2	SPK2001	Falling	345	болып	болып	linguistic			
345-3	SPK2001	Falling	345	көрген	көрген	linguistic			
345-4	SPK2001	Falling	345	жоқпын.	жоқпын	linguistic			End=391.322
346-0	SPK2002	Falling	346	Ну.	Ну	linguistic			Begin=392.670|End=393.360
347-0	SPK2001	Falling	347	Прикольно.	Прикольно	linguistic			Begin=392.830|End=393.557
348-0	SPK2002	Continuing	348	Еще	Еще	linguistic			Begin=394.250
348-1	SPK2002	Continuing	348	ондай	ондай	linguistic			
348-2	SPK2002	Continuing	348	менде	менде	linguistic			
348-3	SPK2002	Continuing	348	нешеде,	нешеде	linguistic			End=395.800
349-0	SPK2002	Continuing	349	төрт,	төрт	linguistic			Begin=397.090|End=397.570
350-0	SPK2002	Continuing	350	ой,	ой	linguistic			Begin=397.850|End=398.322
351-0	SPK2002	Rising	351	он	он	linguistic			Begin=399.697
351-1	SPK2002	Rising	351	екіде	екіде	linguistic			
351-2	SPK2002	Rising	351	ма?	ма	linguistic			End=400.420
352-0	SPK2002	Falling	352	Или	Или	linguistic			Begin=400.420
352-1	SPK2002	Falling	352	ол	ол	linguistic			
352-2	SPK2002	Falling	352	екіде	екіде	linguistic			
352-3	SPK2002	Falling	352	ма	ма	linguistic			
352-4	SPK2002	Falling	352	запись.	запись	linguistic			End=402.140
353-0	SPK2002	Continuing	353	Оған	Оған	linguistic			Begin=402.720
353-1	SPK2002	Continuing	353	дейін,	дейін	linguistic			End=403.350
354-0	SPK2002	Falling	354	тамақ	тамақ	linguistic			Begin=403.350
354-1	SPK2002	Falling	354	ішпей	ішпей	linguistic			
354-2	SPK2002	Falling	354	баруым	баруым	linguistic			
354-3	SPK2002	Falling	354	керек.	керек	linguistic			End=404.710
355-0	SPK2002	Falling	355	Короче.	Короче	linguistic			Begin=404.710|End=405.270
356-0	SPK2001	Falling	356	Саған	Саған	linguistic			Begin=405.270
356-1	SPK2001	Falling	356	еще	еще	linguistic			
356-2	SPK2001	Falling	356	су	су	linguistic			
356-3	SPK2001	Falling	356	ішпе	ішпе	linguistic			
356-4	SPK2001	Falling	356	деді	деді	linguistic			
356-5	SPK2001	Falling	356	ғой.	ғой	linguistic			End=406.530
357-0	SPK2002	Rising	357	А	А	linguistic			Begin=406.568
357-1	SPK2002	Rising	357	иә?	иә	linguistic			End=407.030
358-0	SPK2001	Continuing	358	Иә,	Иә	linguistic			Begin=407.030|End=407.410
359-0	SPK2001	Interrupted	359	они	они	linguistic			Begin=407.410
359-1	SPK2001	Interrupted	359	ска-	ска	linguistic		Interrupted=Yes	End=407.990
360-0	SPK2002	undefined	360	(TSK)	(TSK)	_			Begin=407.820|End=408.280
361-0	SPK2001	Continuing	361	этот,	этот	linguistic			Begin=408.000|End=408.280
362-0	SPK2001	Falling	362	оны	оны	linguistic			Begin=408.280
362-1	SPK2001	Falling	362	айтты	айтты	linguistic			
362-2	SPK2001	Falling	362	ғой.	ғой	linguistic			End=408.930
363-0	SPK2001	Continuing	363	Этот,	Этот	linguistic			Begin=408.930|End=409.250
364-0	SPK2001	Continuing	364	тамақ	тамақ	linguistic			Begin=409.250
364-1	SPK2001	Continuing	364	ішпей	ішпей	linguistic			
364-2	SPK2001	Continuing	364	су	су	linguistic			
364-3	SPK2001	Continuing	364	ішпей,	ішпей	linguistic			End=410.220
365-0	SPK2001	Continuing	365	келе	келе	linguistic			Begin=410.220
365-1	SPK2001	Continuing	365	аласыз	аласыз	linguistic			
365-2	SPK2001	Continuing	365	ба,	ба	linguistic			End=411.090
366-0	SPK2001	Continuing	366	деп	деп	linguistic			Begin=411.090
366-1	SPK2001	Continuing	366	сұрады	сұрады	linguistic			
366-2	SPK2001	Continuing	366	ғой,	ғой	linguistic			End=411.610
367-0	SPK2001	Falling	367	сен	сен	linguistic			Begin=411.610
367-1	SPK2001	Falling	367	иә	иә	linguistic			
367-2	SPK2001	Falling	367	дедің	дедің	linguistic			
367-3	SPK2001	Falling	367	ғой.	ғой	linguistic			End=412.746
368-0	SPK2002	Falling	368	Ах.	Ах	linguistic			Begin=411.677|End=412.746
369-0	SPK2002	Falling	369	Капец.	Капец	linguistic			Begin=414.060|End=414.710
370-0	SPK2001	Continuing	370	Иә,	Иә	linguistic			Begin=415.140|End=415.430
371-0	SPK2002	Falling	371	Ема.	Ема	linguistic			Begin=415.300|End=416.110
372-0	SPK2001	Continuing	372	егер	егер	linguistic			Begin=415.430
372-1	SPK2001	Continuing	372	обедке	обедке	linguistic			
372-2	SPK2001	Continuing	372	дейін	дейін	linguistic			
372-3	SPK2001	Continuing	372	болса,	болса	linguistic			End=416.210
373-0	SPK2001	undefined	373	не	не	linguistic			Begin=416.210
373-1	SPK2001	undefined	373	нужно	нужно	linguistic			
373-2	SPK2001	undefined	373	будет	будет	linguistic			
373-3	SPK2001	undefined	373	@@	@@	linguistic			End=417.450
374-0	SPK2002	Falling	374	Ну.	Ну	linguistic			Begin=417.300|End=417.840
375-0	SPK2001	Falling	375	Волноваться.	Волноваться	linguistic			Begin=417.450|End=418.560
376-0	SPK2002	Continuing	376	Онда	Онда	linguistic			Begin=418.022
376-1	SPK2002	Continuing	376	ол	ол	linguistic			
376-2	SPK2002	Continuing	376	күні	күні	linguistic			
376-3	SPK2002	Continuing	376	обедке	обедке	linguistic			
376-4	SPK2002	Continuing	376	дейін	дейін	linguistic			
376-5	SPK2002	Continuing	376	ұйықтау	ұйықтау	linguistic			
376-6	SPK2002	Continuing	376	керек,	керек	linguistic			End=419.370
377-0	SPK2002	Continuing	377	ах,	ах	linguistic			Begin=419.370|End=419.910
378-0	SPK2002	Falling	378	жоқ	жоқ	linguistic			Begin=419.910
378-1	SPK2002	Falling	378	мен	мен	linguistic			
378-2	SPK2002	Falling	378	обедке	обедке	linguistic			
378-3	SPK2002	Falling	378	дейін	дейін	linguistic			
378-4	SPK2002	Falling	378	ұйықтай	ұйықтай	linguistic			
378-5	SPK2002	Falling	378	алмаймын	алмаймын	linguistic			
378-6	SPK2002	Falling	378	ғой.	ғой	linguistic			End=421.750
379-0	SPK2001	Rising	379	Неге?	Неге	linguistic			Begin=421.770|End=422.340
380-0	SPK2002	Continuing	380	Менде	Менде	linguistic			Begin=422.470
380-1	SPK2002	Continuing	380	сабақ	сабақ	linguistic			
380-2	SPK2002	Continuing	380	қой,	қой	linguistic			End=423.240
381-0	SPK2002	Falling	381	физика.	физика	linguistic			Begin=423.240|End=423.910
382-0	SPK2001	Rising	382	Ол	Ол	linguistic			Begin=424.310
382-1	SPK2001	Rising	382	қай	қай	linguistic			
382-2	SPK2001	Rising	382	күні	күні	linguistic			
382-3	SPK2001	Rising	382	болады?	болады	linguistic			End=425.448
383-0	SPK2002	Continuing	383	Сол	Сол	linguistic			Begin=425.860
383-1	SPK2002	Continuing	383	физика	физика	linguistic			
383-2	SPK2002	Continuing	383	болатын	болатын	linguistic			
383-3	SPK2002	Continuing	383	күні,	күні	linguistic			End=427.350
384-0	SPK2002	Falling	384	менде	менде	linguistic			Begin=427.350
384-1	SPK2002	Falling	384	каждый	каждый	linguistic			
384-2	SPK2002	Falling	384	день	день	linguistic			
384-3	SPK2002	Falling	384	физика.	физика	linguistic			End=428.875
385-0	SPK2001	Falling	385	А.	А	linguistic			Begin=429.101|End=430.130
386-0	SPK2002	Falling	386	@	@	linguistic			Begin=430.196
386-1	SPK2002	Falling	386	Иә	Иә	linguistic			
386-2	SPK2002	Falling	386	окей.	окей	linguistic			End=431.198
387-0	SPK2001	Rising	387	Физика	Физика	linguistic			Begin=432.020
387-1	SPK2001	Rising	387	оффлайн?	оффлайн	linguistic			End=432.920
388-0	SPK2002	Continuing	388	Ну	Ну	linguistic			Begin=433.258
388-1	SPK2002	Continuing	388	да,	да	linguistic			End=433.770
389-0	SPK2002	Falling	389	оффлайн.	оффлайн	linguistic			Begin=433.770|End=434.550
390-0	SPK2001	Rising	390	А	А	linguistic			Begin=435.090
390-1	SPK2001	Rising	390	там	там	linguistic			
390-2	SPK2001	Rising	390	attendance	attendance	linguistic			
390-3	SPK2001	Rising	390	тексереді	тексереді	linguistic			
390-4	SPK2001	Rising	390	ма?	ма	linguistic			End=436.280
391-0	SPK2001	Rising	391	Силлабуста	Силлабуста	linguistic			Begin=436.280
391-1	SPK2001	Rising	391	қараған	қараған	linguistic			
391-2	SPK2001	Rising	391	жоқсың	жоқсың	linguistic			
391-3	SPK2001	Rising	391	ба?	ба	linguistic			End=437.480
392-0	SPK2002	Continuing	392	Жоқ,	Жоқ	linguistic			Begin=437.812|End=438.150
393-0	SPK2002	Falling	393	қараған	қараған	linguistic			Begin=438.150
393-1	SPK2002	Falling	393	жоқпын.	жоқпын	linguistic			End=439.097
394-0	SPK2002	Continuing	394	Ну	Ну	linguistic			Begin=440.198
394-1	SPK2002	Continuing	394	білмеймін	білмеймін	linguistic			
394-2	SPK2002	Continuing	394	оффлайн,	оффлайн	linguistic			End=441.030
395-0	SPK2002	Falling	395	қалай	қалай	linguistic			Begin=441.030
395-1	SPK2002	Falling	395	болады	болады	linguistic			
395-2	SPK2002	Falling	395	екен.	екен	linguistic			End=442.072
396-0	SPK2001	undefined	396	Қиын	Қиын	linguistic			Begin=443.010
396-1	SPK2001	undefined	396	ғой	ғой	linguistic			End=443.410
397-0	SPK2001	Falling	397	физика.	физика	linguistic			Begin=443.410|End=443.969
398-0	SPK2002	Continuing	398	Ну,	Ну	linguistic			Begin=444.114|End=444.280
399-0	SPK2002	Falling	399	вообще	вообще	linguistic			Begin=444.280
399-1	SPK2002	Falling	399	қиын.	қиын	linguistic			End=445.285
400-0	SPK2001	undefined	400	Қайтып	Қайтып	linguistic			Begin=445.460
400-1	SPK2001	undefined	400	сосын	сосын	linguistic			
400-2	SPK2001	undefined	400	##	##	unknown			
400-3	SPK2001	undefined	400	@@@	@@@	linguistic			End=446.900
401-0	SPK2002	Falling	401	Эх.	Эх	linguistic			Begin=446.750|End=447.380
402-0	SPK2002	Falling	402	Бір	Бір	linguistic			Begin=448.255
402-1	SPK2002	Falling	402	нәрсе	нәрсе	linguistic			
402-2	SPK2002	Falling	402	қылып	қылып	linguistic			
402-3	SPK2002	Falling	402	тапсыру	тапсыру	linguistic			
402-4	SPK2002	Falling	402	керек.	керек	linguistic			End=449.739
403-0	SPK2001	Falling	403	Да.	Да	linguistic			Begin=450.290|End=450.979
404-0	SPK2001	Falling	404	Сабақ	Сабақ	linguistic			Begin=451.400
404-1	SPK2001	Falling	404	оқу	оқу	linguistic			
404-2	SPK2001	Falling	404	керек.	керек	linguistic			End=452.592
405-0	SPK2002	Continuing	405	А,	А	linguistic			Begin=453.355|End=453.650
406-0	SPK2002	Falling	406	мен	мен	linguistic			Begin=453.650
406-1	SPK2002	Falling	406	сабақ	сабақ	linguistic			
406-2	SPK2002	Falling	406	оқығым	оқығым	linguistic			
406-3	SPK2002	Falling	406	келмейді.	келмейді	linguistic			End=455.918
407-0	SPK2001	Continuing	407	А	А	linguistic			Begin=458.530
407-1	SPK2001	Continuing	407	ну	ну	linguistic			
407-2	SPK2001	Continuing	407	вот	вот	linguistic			
407-3	SPK2001	Continuing	407	короче,	короче	linguistic			End=459.390
408-0	SPK2001	Rising	408	айтып	айтып	linguistic			Begin=459.390
408-1	SPK2001	Rising	408	берейін	берейін	linguistic			
408-2	SPK2001	Rising	408	ба?	ба	linguistic			End=459.962
409-0	SPK2001	Falling	409	Мен	Мен	linguistic			Begin=460.214
409-1	SPK2001	Falling	409	аллергологта	аллергологта	linguistic			
409-2	SPK2001	Falling	409	болдым	болдым	linguistic			
409-3	SPK2001	Falling	409	ғой.	ғой	linguistic			End=461.650
410-0	SPK2001	Rising	410	Где-то	Где-то	linguistic			Begin=461.830
410-1	SPK2001	Rising	410	вот	вот	linguistic			
410-2	SPK2001	Rising	410	қашан?	қашан	linguistic			End=462.863
411-0	SPK2001	Rising	411	Ноябрьде	Ноябрьде	linguistic			Begin=463.260
411-1	SPK2001	Rising	411	ма?	ма	linguistic			End=464.749
412-0	SPK2001	Interrupted	412	Ок-	Ок	linguistic		Interrupted=Yes	Begin=465.070|End=465.260
413-0	SPK2001	Continuing	413	не,	не	linguistic			Begin=465.260|End=465.450
414-0	SPK2001	Falling	414	мне	мне	linguistic			Begin=465.450
414-1	SPK2001	Falling	414	кажется	кажется	linguistic			
414-2	SPK2001	Falling	414	октябрьде	октябрьде	linguistic			
414-3	SPK2001	Falling	414	болдым	болдым	linguistic			
414-4	SPK2001	Falling	414	вообще.	вообще	linguistic			End=467.080
415-0	SPK2001	Interrupted	415	Ноя-	Ноя	linguistic		Interrupted=Yes	Begin=467.300|End=467.740
416-0	SPK2001	Falling	416	бірінші	бірінші	linguistic			Begin=467.740
416-1	SPK2001	Falling	416	октябрьда	октябрьда	linguistic			
416-2	SPK2001	Falling	416	болу	болу	linguistic			
416-3	SPK2001	Falling	416	керек.	керек	linguistic			End=469.250
417-0	SPK2001	Continuing	417	Анда	Анда	linguistic			Begin=469.750
417-1	SPK2001	Continuing	417	барасың	барасың	linguistic			
417-2	SPK2001	Continuing	417	короче,	короче	linguistic			End=470.820
418-0	SPK2001	Continuing	418	И	И	linguistic			Begin=472.477
418-1	SPK2001	Continuing	418	этот,	этот	linguistic			End=473.135
419-0	SPK2001	Continuing	419	аллерголог	аллерголог	linguistic			Begin=473.266
419-1	SPK2001	Continuing	419	саған	саған	linguistic			
419-2	SPK2001	Continuing	419	даже,	даже	linguistic			End=474.380
420-0	SPK2001	Continuing	420	түк	түк	linguistic			Begin=474.380
420-1	SPK2001	Continuing	420	те	те	linguistic			
420-2	SPK2001	Continuing	420	айтпайды	айтпайды	linguistic			
420-3	SPK2001	Continuing	420	короче,	короче	linguistic			End=475.690
421-0	SPK2001	Continuing	421	молча	молча	linguistic			Begin=475.690
421-1	SPK2001	Continuing	421	там	там	linguistic			
421-2	SPK2001	Continuing	421	сидишь,	сидишь	linguistic			End=476.890
422-0	SPK2001	Continuing	422	сначала	сначала	linguistic			Begin=477.010
422-1	SPK2001	Continuing	422	өкпемді	өкпемді	linguistic			
422-2	SPK2001	Continuing	422	тыңдайды,	тыңдайды	linguistic			End=478.210
423-0	SPK2001	Falling	423	жүрегімді	жүрегімді	linguistic			Begin=478.210
423-1	SPK2001	Falling	423	тыңдайды.	тыңдайды	linguistic			End=479.726
424-0	SPK2001	Continuing	424	сосын	сосын	linguistic			Begin=479.835
424-1	SPK2001	Continuing	424	этот,	этот	linguistic			End=480.841
425-0	SPK2001	Interrupted	425	все-	все	linguistic		Interrupted=Yes	Begin=480.974|End=481.170
426-0	SPK2001	Continuing	426	все	все	linguistic			Begin=481.170
426-1	SPK2001	Continuing	426	эти	эти	linguistic			
426-2	SPK2001	Continuing	426	қағаздар	қағаздар	linguistic			
426-3	SPK2001	Continuing	426	толтырады,	толтырады	linguistic			End=482.380
427-0	SPK2001	Continuing	427	толтырады,	толтырады	linguistic			Begin=482.380|End=482.760
428-0	SPK2001	Continuing	428	толтырады,	толтырады	linguistic			Begin=482.760|End=483.060
429-0	SPK2001	Continuing	429	сосын	сосын	linguistic			Begin=483.060
429-1	SPK2001	Continuing	429	саған,	саған	linguistic			End=483.849
430-0	SPK2001	Continuing	430	сосын	сосын	linguistic			Begin=483.867
430-1	SPK2001	Continuing	430	сен,	сен	linguistic			End=484.530
431-0	SPK2001	Interrupted	431	саған	саған	linguistic			Begin=484.530
431-1	SPK2001	Interrupted	431	бір-	бір	linguistic		Interrupted=Yes	End=485.010
432-0	SPK2001	Continuing	432	бір-екі	бір-екі	linguistic			Begin=485.010
432-1	SPK2001	Continuing	432	қағаз	қағаз	linguistic			
432-2	SPK2001	Continuing	432	береді,	береді	linguistic			End=486.230
433-0	SPK2001	Continuing	433	И	И	linguistic			Begin=486.905
433-1	SPK2001	Continuing	433	алдын	алдын	linguistic			
433-2	SPK2001	Continuing	433	ала,	ала	linguistic			End=487.520
434-0	SPK2001	Falling	434	анализ.	анализ	linguistic			Begin=487.520|End=488.148
435-0	SPK2001	Falling	435	Кожный	Кожный	linguistic			Begin=488.430
435-1	SPK2001	Falling	435	анализ.	анализ	linguistic			End=489.463
436-0	SPK2001	Continuing	436	Сосын	Сосын	linguistic			Begin=489.860
436-1	SPK2001	Continuing	436	айтады,	айтады	linguistic			
436-2	SPK2001	Continuing	436	мына	мына	linguistic			
436-3	SPK2001	Continuing	436	кабинетке	кабинетке	linguistic			
436-4	SPK2001	Continuing	436	бар,	бар	linguistic			
436-5	SPK2001	Continuing	436	соседний,	соседний	linguistic			End=490.450
437-0	SPK2001	Continuing	437	мына	мына	linguistic			Begin=490.450
437-1	SPK2001	Continuing	437	кабинетке	кабинетке	linguistic			
437-2	SPK2001	Continuing	437	бар,	бар	linguistic			End=491.930
438-0	SPK2001	Continuing	438	соседний,	соседний	linguistic			Begin=491.930|End=492.630
439-0	SPK2001	Continuing	439	и	и	linguistic			Begin=492.666
439-1	SPK2001	Continuing	439	сол	сол	linguistic			
439-2	SPK2001	Continuing	439	кабинеттің	кабинеттің	linguistic			
439-3	SPK2001	Continuing	439	ішінде,	ішінде	linguistic			End=493.760
440-0	SPK2001	Falling	440	анализ	анализ	linguistic			Begin=493.760
440-1	SPK2001	Falling	440	тапсырасың	тапсырасың	linguistic			
440-2	SPK2001	Falling	440	ғой.	ғой	linguistic			End=494.766
441-0	SPK2001	Continuing	441	А	А	linguistic			Begin=495.347
441-1	SPK2001	Continuing	441	мен	мен	linguistic			
441-2	SPK2001	Continuing	441	сол	сол	linguistic			
441-3	SPK2001	Continuing	441	анализ	анализ	linguistic			
441-4	SPK2001	Continuing	441	тапсыруға	тапсыруға	linguistic			
441-5	SPK2001	Continuing	441	барғанда,	барғанда	linguistic			End=497.010
442-0	SPK2001	Continuing	442	ол	ол	linguistic			Begin=497.010
442-1	SPK2001	Continuing	442	кабинет,	кабинет	linguistic			End=497.650
443-0	SPK2001	Falling	443	обедке	обедке	linguistic			Begin=497.650
443-1	SPK2001	Falling	443	жабып	жабып	linguistic			
443-2	SPK2001	Falling	443	қалды.	қалды	linguistic			End=498.950
444-0	SPK2001	Continuing	444	И	И	linguistic			Begin=498.950
444-1	SPK2001	Continuing	444	мне	мне	linguistic			
444-2	SPK2001	Continuing	444	пришлось	пришлось	linguistic			
444-3	SPK2001	Continuing	444	вот,	вот	linguistic			End=499.730
445-0	SPK2001	Continuing	445	сол,	сол	linguistic			Begin=499.730|End=500.180
446-0	SPK2001	Interrupted	446	бүкіл	бүкіл	linguistic			Begin=500.180
446-1	SPK2001	Interrupted	446	обед-	обед	linguistic		Interrupted=Yes	End=500.900
447-0	SPK2001	Continuing	447	обедтің	обедтің	linguistic			Begin=500.900
447-1	SPK2001	Continuing	447	уақытын,	уақытын	linguistic			End=502.243
448-0	SPK2001	Continuing	448	бүкіл,	бүкіл	linguistic			Begin=502.292|End=502.950
449-0	SPK2001	Continuing	449	тосып	тосып	linguistic			Begin=503.100
449-1	SPK2001	Continuing	449	отыруға,	отыруға	linguistic			End=504.280
450-0	SPK2001	undefined	450	A	A	linguistic			Begin=504.749|End=505.000
451-0	SPK2001	Continuing	451	обед,	обед	linguistic			Begin=505.000|End=505.310
452-0	SPK2001	Falling	452	ну	ну	linguistic			Begin=505.310
452-1	SPK2001	Falling	452	мен	мен	linguistic			
452-2	SPK2001	Falling	452	еще	еще	linguistic			
452-3	SPK2001	Falling	452	ол	ол	linguistic			
452-4	SPK2001	Falling	452	кезде	кезде	linguistic			
452-5	SPK2001	Falling	452	обед	обед	linguistic			
452-6	SPK2001	Falling	452	РДЦның	РДЦның	linguistic			
452-7	SPK2001	Falling	452	асханада	асханада	linguistic			
452-8	SPK2001	Falling	452	іштім.	іштім	linguistic			End=508.103
453-0	SPK2001	Continuing	453	(TSK)	(TSK)	_			Begin=508.540
453-1	SPK2001	Continuing	453	енді	енді	linguistic			
453-2	SPK2001	Continuing	453	қайтадан	қайтадан	linguistic			
453-3	SPK2001	Continuing	453	келсем,	келсем	linguistic			End=509.840
454-0	SPK2001	Continuing	454	там	там	linguistic			Begin=509.840
454-1	SPK2001	Continuing	454	куча	куча	linguistic			
454-2	SPK2001	Continuing	454	просто,	просто	linguistic			End=511.430
455-0	SPK2001	Continuing	455	очередь,	очередь	linguistic			Begin=511.430|End=512.260
456-0	SPK2001	Continuing	456	бабушки,	бабушки	linguistic			Begin=512.736|End=513.350
457-0	SPK2001	Continuing	457	тетеньки	тетеньки	linguistic			Begin=513.350
457-1	SPK2001	Continuing	457	там,	там	linguistic			End=514.130
458-0	SPK2001	Interrupted	458	ст-	ст	linguistic		Interrupted=Yes	Begin=514.325|End=514.550
459-0	SPK2001	Continuing	459	ну,	ну	linguistic			Begin=514.550|End=514.820
460-0	SPK2001	Falling	460	стояли.	стояли	linguistic			Begin=514.820|End=515.600
461-0	SPK2001	Falling	461	Там	Там	linguistic			Begin=515.600
461-1	SPK2001	Falling	461	даже	даже	linguistic			
461-2	SPK2001	Falling	461	негде	негде	linguistic			
461-3	SPK2001	Falling	461	сидеть	сидеть	linguistic			
461-4	SPK2001	Falling	461	было.	было	linguistic			End=517.003
462-0	SPK2001	Continuing	462	И	И	linguistic			Begin=517.819
462-1	SPK2001	Continuing	462	мен	мен	linguistic			
462-2	SPK2001	Continuing	462	сол	сол	linguistic			
462-3	SPK2001	Continuing	462	очередьтің	очередьтің	linguistic			
462-4	SPK2001	Continuing	462	ең,	ең	linguistic			End=519.460
463-0	SPK2001	Continuing	463	сонында,	сонында	linguistic			Begin=519.460|End=520.020
464-0	SPK2001	Falling	464	тұрдым.	тұрдым	linguistic			Begin=520.020|End=520.561
465-0	SPK2001	Continuing	465	Бәлен,	Бәлен	linguistic			Begin=521.114|End=522.100
466-0	SPK2001	Falling	466	сағат.	сағат	linguistic			Begin=522.100|End=522.610
467-0	SPK2001	Falling	467	Күттім.	Күттім	linguistic			Begin=522.690|End=523.326
468-0	SPK2001	Falling	468	Сол.	Сол	linguistic			Begin=523.337|End=523.790
469-0	SPK2001	Continuing	469	Кожный,	Кожный	linguistic			Begin=523.886|End=524.760
470-0	SPK2001	Continuing	470	э,	э	linguistic			Begin=524.970|End=525.340
471-0	SPK2001	Falling	471	анализді.	анализді	linguistic			Begin=525.340|End=525.860
472-0	SPK2001	Continuing	472	А	А	linguistic			Begin=525.860
472-1	SPK2001	Continuing	472	неге,	неге	linguistic			End=526.210
473-0	SPK2001	Continuing	473	ну	ну	linguistic			Begin=526.210
473-1	SPK2001	Continuing	473	неге	неге	linguistic			
473-2	SPK2001	Continuing	473	ол	ол	linguistic			
473-3	SPK2001	Continuing	473	этот,	этот	linguistic			End=527.360
474-0	SPK2001	Continuing	474	больницада	больницада	linguistic			Begin=527.360
474-1	SPK2001	Continuing	474	күтті,	күтті	linguistic			End=528.090
475-0	SPK2001	Continuing	475	так	так	linguistic			Begin=528.090
475-1	SPK2001	Continuing	475	потому	потому	linguistic			
475-2	SPK2001	Continuing	475	что,	что	linguistic			End=528.780
476-0	SPK2001	Continuing	476	бір	бір	linguistic			Begin=528.940
476-1	SPK2001	Continuing	476	адам,	адам	linguistic			End=529.570
477-0	SPK2001	Continuing	477	сол	сол	linguistic			Begin=529.570
477-1	SPK2001	Continuing	477	кожный,	кожный	linguistic			End=530.288
478-0	SPK2001	Continuing	478	ну,	ну	linguistic			Begin=530.804|End=531.030
479-0	SPK2001	Continuing	479	анализді,	анализді	linguistic			Begin=531.030|End=531.660
480-0	SPK2001	Continuing	480	бір,	бір	linguistic			Begin=531.660|End=531.990
481-0	SPK2001	Continuing	481	он	он	linguistic			Begin=531.990
481-1	SPK2001	Continuing	481	жиырма	жиырма	linguistic			
481-2	SPK2001	Continuing	481	минут,	минут	linguistic			End=532.950
482-0	SPK2001	Falling	482	тапсырады.	тапсырады	linguistic			Begin=532.950|End=533.619
483-0	SPK2001	Continuing	483	Сен	Сен	linguistic			Begin=534.701
483-1	SPK2001	Continuing	483	анда,	анда	linguistic			End=535.410
484-0	SPK2001	Continuing	484	этот,	этот	linguistic			Begin=535.410|End=535.730
485-0	SPK2001	Continuing	485	саған	саған	linguistic			Begin=535.730
485-1	SPK2001	Continuing	485	короче	короче	linguistic			
485-2	SPK2001	Continuing	485	этот,	этот	linguistic			End=536.520
486-0	SPK2001	Continuing	486	қолыңа,	қолыңа	linguistic			Begin=536.520|End=537.090
487-0	SPK2001	Continuing	487	кәдімгі	кәдімгі	linguistic			Begin=537.090
487-1	SPK2001	Continuing	487	қалам	қалам	linguistic			
487-2	SPK2001	Continuing	487	алып	алып	linguistic			
487-3	SPK2001	Continuing	487	қолыңа,	қолыңа	linguistic			End=538.710
488-0	SPK2001	Falling	488	сандарды	сандарды	linguistic			Begin=538.710
488-1	SPK2001	Falling	488	жазады.	жазады	linguistic			End=539.980
489-0	SPK2001	Continuing	489	Бір	Бір	linguistic			Begin=539.980
489-1	SPK2001	Continuing	489	екі	екі	linguistic			
489-2	SPK2001	Continuing	489	үш	үш	linguistic			
489-3	SPK2001	Continuing	489	төрт	төрт	linguistic			
489-4	SPK2001	Continuing	489	бес	бес	linguistic			
489-5	SPK2001	Continuing	489	деп	деп	linguistic			
489-6	SPK2001	Continuing	489	короче,	короче	linguistic			End=541.340
490-0	SPK2001	Continuing	490	егер	егер	linguistic			Begin=541.340
490-1	SPK2001	Continuing	490	сен	сен	linguistic			
490-2	SPK2001	Continuing	490	он	он	linguistic			
490-3	SPK2001	Continuing	490	екі	екі	linguistic			
490-4	SPK2001	Continuing	490	аллергенге	аллергенге	linguistic			
490-5	SPK2001	Continuing	490	анализ	анализ	linguistic			
490-6	SPK2001	Continuing	490	тапсырсаң,	тапсырсаң	linguistic			End=543.720
491-0	SPK2001	Continuing	491	мысалы	мысалы	linguistic			Begin=543.720
491-1	SPK2001	Continuing	491	он	он	linguistic			
491-2	SPK2001	Continuing	491	екі,	екі	linguistic			End=544.780
492-0	SPK2001	Continuing	492	он	он	linguistic			Begin=545.078
492-1	SPK2001	Continuing	492	екіге,	екіге	linguistic			End=545.710
493-0	SPK2001	Continuing	493	санға,	санға	linguistic			Begin=545.710|End=546.250
494-0	SPK2001	Continuing	494	он	он	linguistic			Begin=546.250
494-1	SPK2001	Continuing	494	екі	екі	linguistic			
494-2	SPK2001	Continuing	494	сан,	сан	linguistic			End=546.800
495-0	SPK2001	Continuing	495	жазып,	жазып	linguistic			Begin=546.800|End=547.210
496-0	SPK2001	Falling	496	жазып	жазып	linguistic			Begin=547.210
496-1	SPK2001	Falling	496	береді.	береді	linguistic			End=547.860
497-0	SPK2001	Continuing	497	Бірден	Бірден	linguistic			Begin=548.053
497-1	SPK2001	Continuing	497	он	он	linguistic			
497-2	SPK2001	Continuing	497	екіге	екіге	linguistic			
497-3	SPK2001	Continuing	497	дейін,	дейін	linguistic			End=549.060
498-0	SPK2002	Falling	498	Мхм.	Мхм	linguistic			Begin=548.072|End=548.412
499-0	SPK2001	Falling	499	он	он	linguistic			Begin=549.060
499-1	SPK2001	Falling	499	екіге	екіге	linguistic			
499-2	SPK2001	Falling	499	дейін.	дейін	linguistic			End=550.050
500-0	SPK2001	Continuing	500	И	И	linguistic			Begin=550.166
500-1	SPK2001	Continuing	500	каждый	каждый	linguistic			
500-2	SPK2001	Continuing	500	санның	санның	linguistic			
500-3	SPK2001	Continuing	500	қасына,	қасына	linguistic			End=551.620
501-0	SPK2001	Falling	501	надрез	надрез	linguistic			Begin=551.783
501-1	SPK2001	Falling	501	жасайды.	жасайды	linguistic			End=552.770
502-0	SPK2002	Falling	502	Тс.	Тс	linguistic			Begin=553.685|End=554.294
503-0	SPK2001	Continuing	503	Вообще,	Вообще	linguistic			Begin=554.666|End=555.130
504-0	SPK2001	Continuing	504	и	и	linguistic			Begin=555.140
504-1	SPK2001	Continuing	504	сен	сен	linguistic			
504-2	SPK2001	Continuing	504	онда	онда	linguistic			
504-3	SPK2001	Continuing	504	отырасың,	отырасың	linguistic			End=556.200
505-0	SPK2001	Continuing	505	и	и	linguistic			Begin=556.200
505-1	SPK2001	Continuing	505	все,	все	linguistic			End=556.530
506-0	SPK2001	Continuing	506	а	а	linguistic			Begin=556.530
506-1	SPK2001	Continuing	506	еще	еще	linguistic			
506-2	SPK2001	Continuing	506	саған	саған	linguistic			
506-3	SPK2001	Continuing	506	сол,	сол	linguistic			End=557.440
507-0	SPK2001	Continuing	507	каждый	каждый	linguistic			Begin=557.440
507-1	SPK2001	Continuing	507	надрезге,	надрезге	linguistic			End=558.320
508-0	SPK2001	Falling	508	саған	саған	linguistic			Begin=558.320
508-1	SPK2001	Falling	508	капли	капли	linguistic			
508-2	SPK2001	Falling	508	там	там	linguistic			
508-3	SPK2001	Falling	508	тамызады.	тамызады	linguistic			End=559.640
509-0	SPK2001	Continuing	509	Әр	Әр	linguistic			Begin=559.640
509-1	SPK2001	Continuing	509	түрлі,	түрлі	linguistic			End=560.360
510-0	SPK2001	Continuing	510	аллергендің,	аллергендің	linguistic			Begin=560.470|End=561.140
511-0	SPK2001	Continuing	511	мысалы,	мысалы	linguistic			Begin=561.360|End=561.860
512-0	SPK2001	Continuing	512	там	там	linguistic			Begin=562.090
512-1	SPK2001	Continuing	512	медтің,	медтің	linguistic			End=562.980
513-0	SPK2001	Continuing	513	да	да	linguistic			Begin=563.050
513-1	SPK2001	Continuing	513	там,	там	linguistic			End=563.660
514-0	SPK2001	Continuing	514	мысықтың,	мысықтың	linguistic			Begin=563.660|End=565.090
515-0	SPK2001	Interrupted	515	ше-	ше	linguistic		Interrupted=Yes	Begin=565.155|End=565.480
516-0	SPK2001	undefined	516	ну	ну	linguistic			Begin=565.480
516-1	SPK2001	undefined	516	шерсть	шерсть	linguistic			
516-2	SPK2001	undefined	516	там	там	linguistic			
516-3	SPK2001	undefined	516	мысықтың	мысықтың	linguistic			End=566.800
517-0	SPK2001	Continuing	517	там	там	linguistic			Begin=566.800
517-1	SPK2001	Continuing	517	иттің,	иттің	linguistic			End=567.660
518-0	SPK2001	Continuing	518	жылқының,	жылқының	linguistic			Begin=567.660|End=568.530
519-0	SPK2001	Continuing	519	қойдың	қойдың	linguistic			Begin=568.530
519-1	SPK2001	Continuing	519	там,	там	linguistic			End=569.120
520-0	SPK2001	undefined	520	этот	этот	linguistic			Begin=569.120|End=569.960
521-0	SPK2001	Continuing	521	тауықтың	тауықтың	linguistic			Begin=570.124
521-1	SPK2001	Continuing	521	еті,	еті	linguistic			End=571.532
522-0	SPK2001	Continuing	522	жүгері,	жүгері	linguistic			Begin=571.631|End=572.440
523-0	SPK2001	Continuing	523	там,	там	linguistic			Begin=572.493|End=572.777
524-0	SPK2001	Continuing	524	э,	э	linguistic			Begin=573.021|End=573.900
525-0	SPK2001	Continuing	525	желток,	желток	linguistic			Begin=574.944|End=575.540
526-0	SPK2001	Continuing	526	или	или	linguistic			Begin=575.540
526-1	SPK2001	Continuing	526	белок,	белок	linguistic			End=576.390
527-0	SPK2001	Continuing	527	яйца,	яйца	linguistic			Begin=576.510|End=577.020
528-0	SPK2001	Interrupted	528	там	там	linguistic			Begin=577.020
528-1	SPK2001	Interrupted	528	сондай	сондай	linguistic			
528-2	SPK2001	Interrupted	528	мындай	мындай	linguistic			
528-3	SPK2001	Interrupted	528	коро-	коро	linguistic		Interrupted=Yes	End=578.090
529-0	SPK2001	Falling	529	короче.	короче	linguistic			Begin=578.090|End=578.572
530-0	SPK2001	Interrupted	530	Солардың	Солардың	linguistic			Begin=579.215
530-1	SPK2001	Interrupted	530	бү-	бү	linguistic		Interrupted=Yes	End=579.800
531-0	SPK2001	Continuing	531	ну	ну	linguistic			Begin=579.800
531-1	SPK2001	Continuing	531	осы	осы	linguistic			
531-2	SPK2001	Continuing	531	списокты,	списокты	linguistic			End=580.770
532-0	SPK2001	Falling	532	саған	саған	linguistic			Begin=580.770
532-1	SPK2001	Falling	532	аллерголог	аллерголог	linguistic			
532-2	SPK2001	Falling	532	анықтайды.	анықтайды	linguistic			End=582.134
533-0	SPK2001	Interrupted	533	и	и	linguistic			Begin=582.835
533-1	SPK2001	Interrupted	533	и	и	linguistic			
533-2	SPK2001	Interrupted	533	ка-	ка	linguistic		Interrupted=Yes	End=583.650
534-0	SPK2002	undefined	534	##	##	unknown			Begin=582.855|End=583.460
535-0	SPK2001	Continuing	535	и	и	linguistic			Begin=583.650
535-1	SPK2001	Continuing	535	сен,	сен	linguistic			End=584.040
536-0	SPK2001	Continuing	536	этот	этот	linguistic			Begin=584.040
536-1	SPK2001	Continuing	536	тапсырып	тапсырып	linguistic			
536-2	SPK2001	Continuing	536	ой	ой	linguistic			
536-3	SPK2001	Continuing	536	этот,	этот	linguistic			End=585.410
537-0	SPK2001	Continuing	537	тамызып	тамызып	linguistic			Begin=585.410
537-1	SPK2001	Continuing	537	болғаннан	болғаннан	linguistic			
537-2	SPK2001	Continuing	537	кейін,	кейін	linguistic			End=586.725
538-0	SPK2001	Continuing	538	сен	сен	linguistic			Begin=586.758
538-1	SPK2001	Continuing	538	анда	анда	linguistic			
538-2	SPK2001	Continuing	538	бір	бір	linguistic			
538-3	SPK2001	Continuing	538	жиырма	жиырма	linguistic			
538-4	SPK2001	Continuing	538	минут	минут	linguistic			
538-5	SPK2001	Continuing	538	күтесің,	күтесің	linguistic			End=588.071
539-0	SPK2001	undefined	539	И	И	linguistic			Begin=588.315|End=588.730
540-0	SPK2001	Continuing	540	осы,	осы	linguistic			Begin=588.814|End=589.130
541-0	SPK2001	Continuing	541	не,	не	linguistic			Begin=589.130|End=589.460
542-0	SPK2001	Continuing	542	сондағы	сондағы	linguistic			Begin=589.460
542-1	SPK2001	Continuing	542	медсестра	медсестра	linguistic			
542-2	SPK2001	Continuing	542	айтады,	айтады	linguistic			End=590.569
543-0	SPK2001	Continuing	543	хоть	хоть	linguistic			Begin=591.007
543-1	SPK2001	Continuing	543	сколько,	сколько	linguistic			End=591.710
544-0	SPK2001	Continuing	544	қышыса,	қышыса	linguistic			Begin=591.710|End=592.339
545-0	SPK2001	Falling	545	қышыма.	қышыма	linguistic			Begin=592.403|End=593.060
546-0	SPK2001	undefined	546	@@	@@	linguistic			Begin=593.070|End=593.680
547-0	SPK2002	Falling	547	Аха.	Аха	linguistic			Begin=593.533|End=594.075
548-0	SPK2001	undefined	548	Вообще	Вообще	linguistic			Begin=593.759
548-1	SPK2001	undefined	548	не	не	linguistic			
548-2	SPK2001	undefined	548	двигайся	двигайся	linguistic			
548-3	SPK2001	undefined	548	деді	деді	linguistic			
548-4	SPK2001	undefined	548	@@@	@@@	linguistic			End=595.401
549-0	SPK2001	Continuing	549	И	И	linguistic			Begin=595.450
549-1	SPK2001	Continuing	549	ты	ты	linguistic			
549-2	SPK2001	Continuing	549	там	там	linguistic			
549-3	SPK2001	Continuing	549	не,	не	linguistic			End=596.200
550-0	SPK2002	undefined	550	(TSK)	(TSK)	_			Begin=595.610|End=596.119
551-0	SPK2001	Continuing	551	вообще,	вообще	linguistic			Begin=596.200|End=596.650
552-0	SPK2001	undefined	552	не	не	linguistic			Begin=596.650
552-1	SPK2001	undefined	552	должен	должен	linguistic			
552-2	SPK2001	undefined	552	двигаться	двигаться	linguistic			
552-3	SPK2001	undefined	552	потому	потому	linguistic			
552-4	SPK2001	undefined	552	что	что	linguistic			End=597.810
553-0	SPK2001	Continuing	553	мына,	мына	linguistic			Begin=598.030|End=598.450
554-0	SPK2001	Falling	554	капелькар	капелькар	linguistic			Begin=598.450
554-1	SPK2001	Falling	554	олар	олар	linguistic			
554-2	SPK2001	Falling	554	бір-бірімен	бір-бірімен	linguistic			
554-3	SPK2001	Falling	554	араласпау	араласпау	linguistic			
554-4	SPK2001	Falling	554	керек	керек	linguistic			
554-5	SPK2001	Falling	554	короче.	короче	linguistic			End=601.200
555-0	SPK2002	Falling	555	А.	А	linguistic			Begin=601.190|End=601.710
556-0	SPK2001	Falling	556	Вообще	Вообще	linguistic			Begin=601.740
556-1	SPK2001	Falling	556	араласпау	араласпау	linguistic			
556-2	SPK2001	Falling	556	керек.	керек	linguistic			End=602.710
557-0	SPK2001	Continuing	557	И,	И	linguistic			Begin=602.851|End=603.168
558-0	SPK2001	Continuing	558	сен	сен	linguistic			Begin=603.168
558-1	SPK2001	Continuing	558	онда,	онда	linguistic			End=603.790
559-0	SPK2001	Continuing	559	#	#	unknown			Begin=604.289
559-1	SPK2001	Continuing	559	##	##	unknown			
559-2	SPK2001	Continuing	559	#,	#	unknown			End=605.190
560-0	SPK2001	Continuing	560	###,	###	unknown			Begin=605.190|End=605.620
561-0	SPK2001	Continuing	561	###	###	unknown			Begin=605.620
561-1	SPK2001	Continuing	561	дегенде,	дегенде	linguistic			End=606.810
562-0	SPK2001	undefined	562	мұрынын	мұрынын	linguistic			Begin=606.810
562-1	SPK2001	undefined	562	қышиды	қышиды	linguistic			
562-2	SPK2001	undefined	562	@@@	@@@	linguistic			End=608.620
563-0	SPK2002	undefined	563	@@	@@	linguistic			Begin=607.710|End=608.140
564-0	SPK2001	Falling	564	Ол.	Ол	linguistic			Begin=608.687|End=609.137
565-0	SPK2001	Continuing	565	То	То	linguistic			Begin=609.137
565-1	SPK2001	Continuing	565	спина	спина	linguistic			
565-2	SPK2001	Continuing	565	чешется,	чешется	linguistic			End=610.260
566-0	SPK2001	Falling	566	то	то	linguistic			Begin=610.260
566-1	SPK2001	Falling	566	нос	нос	linguistic			
566-2	SPK2001	Falling	566	чешется.	чешется	linguistic			End=611.400
567-0	SPK2001	Continuing	567	То	То	linguistic			Begin=611.572
567-1	SPK2001	Continuing	567	еще	еще	linguistic			
567-2	SPK2001	Continuing	567	что-то	что-то	linguistic			
567-3	SPK2001	Continuing	567	там,	там	linguistic			End=612.580
568-0	SPK2001	Falling	568	чешется.	чешется	linguistic			Begin=612.580|End=613.130
569-0	SPK2001	Continuing	569	А	А	linguistic			Begin=613.570
569-1	SPK2001	Continuing	569	ты	ты	linguistic			
569-2	SPK2001	Continuing	569	еще	еще	linguistic			
569-3	SPK2001	Continuing	569	так,	так	linguistic			End=614.170
570-0	SPK2001	Continuing	570	сен	сен	linguistic			Begin=614.170
570-1	SPK2001	Continuing	570	еще	еще	linguistic			
570-2	SPK2001	Continuing	570	ол,	ол	linguistic			End=614.870
571-0	SPK2001	Interrupted	571	бо-	бо	linguistic		Interrupted=Yes	Begin=614.870|End=615.030
572-0	SPK2001	Continuing	572	жиырма	жиырма	linguistic			Begin=615.030
572-1	SPK2001	Continuing	572	минут	минут	linguistic			
572-2	SPK2001	Continuing	572	бойы	бойы	linguistic			
572-3	SPK2001	Continuing	572	сол,	сол	linguistic			End=616.150
573-0	SPK2001	Continuing	573	этот,	этот	linguistic			Begin=616.150|End=616.490
574-0	SPK2001	Falling	574	қозғалмай	қозғалмай	linguistic			Begin=616.490
574-1	SPK2001	Falling	574	отыруың	отыруың	linguistic			
574-2	SPK2001	Falling	574	керек	керек	linguistic			
574-3	SPK2001	Falling	574	солай.	солай	linguistic			End=618.026
575-0	SPK2001	Falling	575	Еще	Еще	linguistic			Begin=619.490
575-1	SPK2001	Falling	575	менің	менің	linguistic			
575-2	SPK2001	Falling	575	қасымда	қасымда	linguistic			
575-3	SPK2001	Falling	575	бір	бір	linguistic			
575-4	SPK2001	Falling	575	әйел	әйел	linguistic			
575-5	SPK2001	Falling	575	болды.	болды	linguistic			End=621.130
576-0	SPK2001	Continuing	576	Этот,	Этот	linguistic			Begin=621.399|End=621.759
577-0	SPK2001	Continuing	577	м,	м	linguistic			Begin=622.375|End=622.820
578-0	SPK2001	Continuing	578	ол	ол	linguistic			Begin=622.820
578-1	SPK2001	Continuing	578	вообще	вообще	linguistic			
578-2	SPK2001	Continuing	578	бірінші	бірінші	linguistic			
578-3	SPK2001	Continuing	578	кірді,	кірді	linguistic			End=623.950
579-0	SPK2001	Falling	579	менен.	менен	linguistic			Begin=623.950|End=624.530
580-0	SPK2001	Continuing	580	Ол,	Ол	linguistic			Begin=624.588|End=624.850
581-0	SPK2001	Continuing	581	мен	мен	linguistic			Begin=624.850
581-1	SPK2001	Continuing	581	одан	одан	linguistic			
581-2	SPK2001	Continuing	581	кейін,	кейін	linguistic			End=625.760
582-0	SPK2001	Continuing	582	кіруім	кіруім	linguistic			Begin=625.760
582-1	SPK2001	Continuing	582	керек,	керек	linguistic			End=626.560
583-0	SPK2001	Falling	583	еді.	еді	linguistic			Begin=626.560|End=627.210
584-0	SPK2001	Continuing	584	Бірақ,	Бірақ	linguistic			Begin=627.670|End=628.258
585-0	SPK2001	Continuing	585	мен	мен	linguistic			Begin=628.258
585-1	SPK2001	Continuing	585	анда,	анда	linguistic			End=628.870
586-0	SPK2001	Continuing	586	кірсем,	кірсем	linguistic			Begin=628.870|End=629.572
587-0	SPK2001	Falling	587	ол	ол	linguistic			Begin=629.606
587-1	SPK2001	Falling	587	әйелге	әйелге	linguistic			
587-2	SPK2001	Falling	587	әлі	әлі	linguistic			
587-3	SPK2001	Falling	587	түк	түк	linguistic			
587-4	SPK2001	Falling	587	істемепті.	істемепті	linguistic			End=630.960
588-0	SPK2001	Falling	588	Ана	Ана	linguistic			Begin=631.160
588-1	SPK2001	Falling	588	ол	ол	linguistic			
588-2	SPK2001	Falling	588	жай	жай	linguistic			
588-3	SPK2001	Falling	588	отырды.	отырды	linguistic			End=632.220
589-0	SPK2002	Rising	589	Неге?	Неге	linguistic			Begin=632.340|End=633.007
590-0	SPK2001	Continuing	590	И	И	linguistic			Begin=633.069
590-1	SPK2001	Continuing	590	мен	мен	linguistic			
590-2	SPK2001	Continuing	590	кіргеннен	кіргеннен	linguistic			
590-3	SPK2001	Continuing	590	кейін,	кейін	linguistic			End=634.195
591-0	SPK2001	Continuing	591	этот,	этот	linguistic			Begin=634.270|End=634.720
592-0	SPK2001	Continuing	592	сол	сол	linguistic			Begin=634.767
592-1	SPK2001	Continuing	592	медсестра,	медсестра	linguistic			End=635.360
593-0	SPK2001	Continuing	593	маған	маған	linguistic			Begin=635.360
593-1	SPK2001	Continuing	593	бірінші,	бірінші	linguistic			End=636.300
594-0	SPK2001	Continuing	594	этот,	этот	linguistic			Begin=636.300|End=636.660
595-0	SPK2001	Falling	595	істеп	істеп	linguistic			Begin=636.660
595-1	SPK2001	Falling	595	жатты	жатты	linguistic			
595-2	SPK2001	Falling	595	надрездарды.	надрездарды	linguistic			End=638.160
596-0	SPK2001	Continuing	596	И	И	linguistic			Begin=638.440
596-1	SPK2001	Continuing	596	сол	сол	linguistic			
596-2	SPK2001	Continuing	596	она,	она	linguistic			End=639.020
597-0	SPK2001	Continuing	597	этот	этот	linguistic			Begin=639.020
597-1	SPK2001	Continuing	597	кісі	кісі	linguistic			
597-2	SPK2001	Continuing	597	начала	начала	linguistic			
597-3	SPK2001	Continuing	597	типа	типа	linguistic			
597-4	SPK2001	Continuing	597	жаловаться	жаловаться	linguistic			
597-5	SPK2001	Continuing	597	типа,	типа	linguistic			End=640.870
598-0	SPK2001	Continuing	598	а	а	linguistic			Begin=640.870
598-1	SPK2001	Continuing	598	что	что	linguistic			
598-2	SPK2001	Continuing	598	эта	эта	linguistic			
598-3	SPK2001	Continuing	598	девочка,	девочка	linguistic			End=641.870
599-0	SPK2001	Continuing	599	после	после	linguistic			Begin=641.870
599-1	SPK2001	Continuing	599	меня	меня	linguistic			
599-2	SPK2001	Continuing	599	пришла,	пришла	linguistic			End=642.920
600-0	SPK2001	Continuing	600	а	а	linguistic			Begin=642.920
600-1	SPK2001	Continuing	600	вы	вы	linguistic			
600-2	SPK2001	Continuing	600	ее	ее	linguistic			
600-3	SPK2001	Continuing	600	первой,	первой	linguistic			End=644.210
601-0	SPK2001	Continuing	601	ну	ну	linguistic			Begin=644.210
601-1	SPK2001	Continuing	601	типа,	типа	linguistic			End=644.690
602-0	SPK2001	Interrupted	602	об-	об	linguistic		Interrupted=Yes	Begin=644.690|End=644.850
603-0	SPK2001	Continuing	603	ну,	ну	linguistic			Begin=644.850|End=645.130
604-0	SPK2001	Falling	604	обслуживаете	обслуживаете	linguistic			Begin=645.130
604-1	SPK2001	Falling	604	дегендей.	дегендей	linguistic			End=646.490
605-0	SPK2002	Falling	605	Мхм.	Мхм	linguistic			Begin=646.490|End=647.050
606-0	SPK2001	Continuing	606	М,	М	linguistic			Begin=647.170|End=647.880
607-0	SPK2001	undefined	607	этот	этот	linguistic			Begin=647.880
607-1	SPK2001	undefined	607	CLAPS	CLAPS	paraverbal	_		End=648.700
608-0	SPK2001	Continuing	608	ну	ну	linguistic			Begin=648.786
608-1	SPK2001	Continuing	608	а,	а	linguistic			End=649.540
609-0	SPK2001	Continuing	609	на	на	linguistic			Begin=649.540
609-1	SPK2001	Continuing	609	что,	что	linguistic			End=649.950
610-0	SPK2001	Interrupted	610	со-	со	linguistic		Interrupted=Yes	Begin=649.950|End=650.250
611-0	SPK2001	Continuing	611	соған	соған	linguistic			Begin=650.250
611-1	SPK2001	Continuing	611	ана	ана	linguistic			
611-2	SPK2001	Continuing	611	медсестра	медсестра	linguistic			
611-3	SPK2001	Continuing	611	айтады,	айтады	linguistic			End=651.580
612-0	SPK2001	Continuing	612	ну	ну	linguistic			Begin=651.580
612-1	SPK2001	Continuing	612	енді,	енді	linguistic			End=651.980
613-0	SPK2001	Continuing	613	күте	күте	linguistic			Begin=651.980
613-1	SPK2001	Continuing	613	түріңіз	түріңіз	linguistic			
613-2	SPK2001	Continuing	613	енді	енді	linguistic			
613-3	SPK2001	Continuing	613	кішкене,	кішкене	linguistic			End=653.290
614-0	SPK2001	Continuing	614	қазір	қазір	linguistic			Begin=653.290
614-1	SPK2001	Continuing	614	болады	болады	linguistic			
614-2	SPK2001	Continuing	614	типа,	типа	linguistic			End=654.270
615-0	SPK2001	Falling	615	типа	типа	linguistic			Begin=654.270
615-1	SPK2001	Falling	615	осылай.	осылай	linguistic			End=655.104
616-0	SPK2001	Continuing	616	А,	А	linguistic			Begin=655.166|End=655.460
617-0	SPK2001	Rising	617	знаешь	знаешь	linguistic			Begin=655.460
617-1	SPK2001	Rising	617	почему	почему	linguistic			
617-2	SPK2001	Rising	617	ол	ол	linguistic			
617-3	SPK2001	Rising	617	медсестра	медсестра	linguistic			
617-4	SPK2001	Rising	617	солай	солай	linguistic			
617-5	SPK2001	Rising	617	істеді?	істеді	linguistic			End=657.203
618-0	SPK2002	Rising	618	Неге?	Неге	linguistic			Begin=657.129|End=657.480
619-0	SPK2001	Continuing	619	Потому	Потому	linguistic			Begin=657.296
619-1	SPK2001	Continuing	619	что,	что	linguistic			End=657.832
620-0	SPK2001	Continuing	620	ол	ол	linguistic			Begin=658.109
620-1	SPK2001	Continuing	620	кісі,	кісі	linguistic			End=658.820
621-0	SPK2001	Falling	621	она	она	linguistic			Begin=658.820
621-1	SPK2001	Falling	621	после	после	linguistic			
621-2	SPK2001	Falling	621	обеда	обеда	linguistic			
621-3	SPK2001	Falling	621	же	же	linguistic			
621-4	SPK2001	Falling	621	подошла.	подошла	linguistic			End=660.178
622-0	SPK2001	Continuing	622	А	А	linguistic			Begin=660.470
622-1	SPK2001	Continuing	622	мен	мен	linguistic			
622-2	SPK2001	Continuing	622	то,	то	linguistic			End=660.960
623-0	SPK2001	Continuing	623	сол,	сол	linguistic			Begin=660.960|End=661.520
624-0	SPK2001	Continuing	624	этот,	этот	linguistic			Begin=661.520|End=661.760
625-0	SPK2001	Continuing	625	лабораторияға,	лабораторияға	linguistic			Begin=661.760|End=662.490
626-0	SPK2001	Falling	626	до	до	linguistic			Begin=662.490
626-1	SPK2001	Falling	626	обеда	обеда	linguistic			
626-2	SPK2001	Falling	626	же	же	linguistic			
626-3	SPK2001	Falling	626	пришла.	пришла	linguistic			End=663.619
627-0	SPK2001	Falling	627	Я	Я	linguistic			Begin=663.647
627-1	SPK2001	Falling	627	же	же	linguistic			
627-2	SPK2001	Falling	627	получается	получается	linguistic			
627-3	SPK2001	Falling	627	раньше	раньше	linguistic			
627-4	SPK2001	Falling	627	всех	всех	linguistic			
627-5	SPK2001	Falling	627	же	же	linguistic			
627-6	SPK2001	Falling	627	пришла.	пришла	linguistic			End=665.017
628-0	SPK2002	Falling	628	Ну.	Ну	linguistic			Begin=665.017|End=665.520
629-0	SPK2001	Falling	629	Ну.	Ну	linguistic			Begin=665.551|End=666.007
630-0	SPK2001	Continuing	630	Просто,	Просто	linguistic			Begin=666.007|End=666.498
631-0	SPK2001	Continuing	631	этот,	этот	linguistic			Begin=666.560|End=667.047
632-0	SPK2001	Continuing	632	мен,	мен	linguistic			Begin=667.265|End=667.490
633-0	SPK2001	Continuing	633	этот,	этот	linguistic			Begin=667.490|End=667.780
634-0	SPK2001	Continuing	634	солай,	солай	linguistic			Begin=667.780|End=668.070
635-0	SPK2001	undefined	635	уақытты	уақытты	linguistic			Begin=668.070|End=668.680
636-0	SPK2001	Continuing	636	келіп	келіп	linguistic			Begin=668.680
636-1	SPK2001	Continuing	636	қалды	қалды	linguistic			
636-2	SPK2001	Continuing	636	то	то	linguistic			
636-3	SPK2001	Continuing	636	что,	что	linguistic			
636-4	SPK2001	Continuing	636	обед,	обед	linguistic			End=670.220
637-0	SPK2001	Falling	637	үзіліс	үзіліс	linguistic			Begin=670.220
637-1	SPK2001	Falling	637	болды.	болды	linguistic			End=671.150
638-0	SPK2002	Falling	638	Ну.	Ну	linguistic			Begin=671.160|End=671.537
639-0	SPK2001	Continuing	639	А	А	linguistic			Begin=671.243
639-1	SPK2001	Continuing	639	там,	там	linguistic			End=671.560
640-0	SPK2001	Continuing	640	двадцать	двадцать	linguistic			Begin=671.560
640-1	SPK2001	Continuing	640	минут	минут	linguistic			
640-2	SPK2001	Continuing	640	если	если	linguistic			
640-3	SPK2001	Continuing	640	ждать,	ждать	linguistic			End=672.670
641-0	SPK2001	Continuing	641	то,	то	linguistic			Begin=672.670|End=673.010
642-0	SPK2001	Continuing	642	ну,	ну	linguistic			Begin=673.010|End=673.450
643-0	SPK2001	Continuing	643	м,	м	linguistic			Begin=673.450|End=673.810
644-0	SPK2001	Continuing	644	бүкіл	бүкіл	linguistic			Begin=673.851
644-1	SPK2001	Continuing	644	обедте	обедте	linguistic			
644-2	SPK2001	Continuing	644	болады,	болады	linguistic			End=674.980
645-0	SPK2001	Continuing	645	и,	и	linguistic			Begin=674.980|End=675.230
646-0	SPK2001	Rising	646	я	я	linguistic			Begin=675.230
646-1	SPK2001	Rising	646	же	же	linguistic			
646-2	SPK2001	Rising	646	не	не	linguistic			
646-3	SPK2001	Rising	646	могу	могу	linguistic			
646-4	SPK2001	Rising	646	же	же	linguistic			
646-5	SPK2001	Rising	646	там	там	linguistic			
646-6	SPK2001	Rising	646	час	час	linguistic			
646-7	SPK2001	Rising	646	ждать?	ждать	linguistic			End=676.760
647-0	SPK2001	Continuing	647	Солай,	Солай	linguistic			Begin=676.780|End=677.120
648-0	SPK2001	Falling	648	не	не	linguistic			Begin=677.120
648-1	SPK2001	Falling	648	аллергендермен	аллергендермен	linguistic			
648-2	SPK2001	Falling	648	да	да	linguistic			
648-3	SPK2001	Falling	648	допустим.	допустим	linguistic			End=678.660
649-0	SPK2002	Falling	649	Ну.	Ну	linguistic			Begin=678.610|End=679.032
650-0	SPK2001	Continuing	650	И	И	linguistic			Begin=679.261
650-1	SPK2001	Continuing	650	поэтому	поэтому	linguistic			
650-2	SPK2001	Continuing	650	ана,	ана	linguistic			End=680.120
651-0	SPK2001	Continuing	651	этот	этот	linguistic			Begin=680.120
651-1	SPK2001	Continuing	651	медсестра,	медсестра	linguistic			End=680.930
652-0	SPK2001	Continuing	652	мені	мені	linguistic			Begin=680.930
652-1	SPK2001	Continuing	652	сразу	сразу	linguistic			
652-2	SPK2001	Continuing	652	таныды,	таныды	linguistic			End=682.386
653-0	SPK2001	Falling	653	э,	э	linguistic			Begin=682.390
653-1	SPK2001	Falling	653	типа	типа	linguistic			
653-2	SPK2001	Falling	653	то	то	linguistic			
653-3	SPK2001	Falling	653	что	что	linguistic			
653-4	SPK2001	Falling	653	мен	мен	linguistic			
653-5	SPK2001	Falling	653	оған,	оған	linguistic			
653-6	SPK2001	Falling	653	до	до	linguistic			
653-7	SPK2001	Falling	653	обеда	обеда	linguistic			
653-8	SPK2001	Falling	653	еще	еще	linguistic			
653-9	SPK2001	Falling	653	пришла.	пришла	linguistic			End=682.620
654-0	SPK2001	Continuing	654	типа	типа	linguistic			Begin=682.620
654-1	SPK2001	Continuing	654	то	то	linguistic			
654-2	SPK2001	Continuing	654	что	что	linguistic			
654-3	SPK2001	Continuing	654	мен	мен	linguistic			
654-4	SPK2001	Continuing	654	оған,	оған	linguistic			End=683.600
655-0	SPK2001	Falling	655	до	до	linguistic			Begin=683.600
655-1	SPK2001	Falling	655	обеда	обеда	linguistic			
655-2	SPK2001	Falling	655	еще	еще	linguistic			
655-3	SPK2001	Falling	655	пришла.	пришла	linguistic			End=684.706
656-0	SPK2001	Continuing	656	И	И	linguistic			Begin=684.993
656-1	SPK2001	Continuing	656	этот,	этот	linguistic			End=685.460
657-0	SPK2001	Falling	657	поэтому	поэтому	linguistic			Begin=685.460
657-1	SPK2001	Falling	657	мне	мне	linguistic			
657-2	SPK2001	Falling	657	кажется	кажется	linguistic			
657-3	SPK2001	Falling	657	ол	ол	linguistic			
657-4	SPK2001	Falling	657	маған	маған	linguistic			
657-5	SPK2001	Falling	657	бірінші	бірінші	linguistic			
657-6	SPK2001	Falling	657	істеді.	істеді	linguistic			End=687.440
658-0	SPK2001	Continuing	658	Ну	Ну	linguistic			Begin=687.898
658-1	SPK2001	Continuing	658	ана	ана	linguistic			
658-2	SPK2001	Continuing	658	кісі,	кісі	linguistic			End=688.610
659-0	SPK2001	Falling	659	она	она	linguistic			Begin=688.610
659-1	SPK2001	Falling	659	была	была	linguistic			
659-2	SPK2001	Falling	659	немножко	немножко	linguistic			
659-3	SPK2001	Falling	659	возмущена.	возмущена	linguistic			End=690.024
660-0	SPK2002	undefined	660	Айтпады	Айтпады	linguistic			Begin=691.000
660-1	SPK2002	undefined	660	оған	оған	linguistic			End=691.870
661-0	SPK2002	undefined	661	медсестра	медсестра	linguistic			Begin=692.060
661-1	SPK2002	undefined	661	мына	мына	linguistic			
661-2	SPK2002	undefined	661	кісі	кісі	linguistic			
661-3	SPK2002	undefined	661	бірінші	бірінші	linguistic			
661-4	SPK2002	undefined	661	келді	келді	linguistic			
661-5	SPK2002	undefined	661	деп	деп	linguistic			End=693.650
662-0	SPK2001	Continuing	662	Жоқ,	Жоқ	linguistic			Begin=693.650|End=694.030
663-0	SPK2001	Falling	663	ол	ол	linguistic			Begin=694.030
663-1	SPK2001	Falling	663	айтқан	айтқан	linguistic			
663-2	SPK2001	Falling	663	жоқ.	жоқ	linguistic			End=694.640
664-0	SPK2001	Continuing	664	Ол	Ол	linguistic			Begin=694.640
664-1	SPK2001	Continuing	664	просто	просто	linguistic			
664-2	SPK2001	Continuing	664	айтты,	айтты	linguistic			End=695.240
665-0	SPK2001	Continuing	665	ну	ну	linguistic			Begin=695.240
665-1	SPK2001	Continuing	665	вы	вы	linguistic			
665-2	SPK2001	Continuing	665	подождите	подождите	linguistic			
665-3	SPK2001	Continuing	665	немножко,	немножко	linguistic			End=696.340
666-0	SPK2001	undefined	666	сейчас	сейчас	linguistic			Begin=696.340
666-1	SPK2001	undefined	666	я	я	linguistic			
666-2	SPK2001	undefined	666	вам	вам	linguistic			
666-3	SPK2001	undefined	666	все	все	linguistic			
666-4	SPK2001	undefined	666	сделаю	сделаю	linguistic			
666-5	SPK2001	undefined	666	типа	типа	linguistic			
666-6	SPK2001	undefined	666	@@	@@	linguistic			End=698.097
667-0	SPK2001	Continuing	667	Ну	Ну	linguistic			Begin=699.210
667-1	SPK2001	Continuing	667	ты	ты	linguistic			
667-2	SPK2001	Continuing	667	же	же	linguistic			
667-3	SPK2001	Continuing	667	знаешь,	знаешь	linguistic			End=699.820
668-0	SPK2001	Continuing	668	люди	люди	linguistic			Begin=700.020
668-1	SPK2001	Continuing	668	там	там	linguistic			
668-2	SPK2001	Continuing	668	всякие	всякие	linguistic			
668-3	SPK2001	Continuing	668	начинают,	начинают	linguistic			End=701.200
669-0	SPK2001	Falling	669	бірдеңе	бірдеңе	linguistic			Begin=701.200
669-1	SPK2001	Falling	669	біреу	біреу	linguistic			
669-2	SPK2001	Falling	669	алса	алса	linguistic			
669-3	SPK2001	Falling	669	сразу	сразу	linguistic			
669-4	SPK2001	Falling	669	ворчать.	ворчать	linguistic			End=702.809
670-0	SPK2002	Falling	670	Ну.	Ну	linguistic			Begin=703.090|End=703.540
671-0	SPK2001	undefined	671	(TSK)	(TSK)	_			Begin=705.478|End=705.810
672-0	SPK2001	Falling	672	Ну	Ну	linguistic			Begin=705.810
672-1	SPK2001	Falling	672	вот.	вот	linguistic			End=706.599
673-0	SPK2001	Continuing	673	Вот	Вот	linguistic			Begin=706.813
673-1	SPK2001	Continuing	673	этот	этот	linguistic			
673-2	SPK2001	Continuing	673	было,	было	linguistic			End=707.450
674-0	SPK2001	Falling	674	по	по	linguistic			Begin=707.450
674-1	SPK2001	Falling	674	идее	идее	linguistic			
674-2	SPK2001	Falling	674	прикольно	прикольно	linguistic			
674-3	SPK2001	Falling	674	мне	мне	linguistic			
674-4	SPK2001	Falling	674	еще	еще	linguistic			
674-5	SPK2001	Falling	674	ни	ни	linguistic			
674-6	SPK2001	Falling	674	разу	разу	linguistic			
674-7	SPK2001	Falling	674	такой	такой	linguistic			
674-8	SPK2001	Falling	674	анализ	анализ	linguistic			
674-9	SPK2001	Falling	674	не	не	linguistic			
674-10	SPK2001	Falling	674	делали.	делали	linguistic			End=709.785
675-0	SPK2001	Continuing	675	Еще	Еще	linguistic			Begin=709.785
675-1	SPK2001	Continuing	675	этот,	этот	linguistic			End=710.280
676-0	SPK2001	Falling	676	түк	түк	linguistic			Begin=710.460
676-1	SPK2001	Falling	676	білмей	білмей	linguistic			
676-2	SPK2001	Falling	676	барасың	барасың	linguistic			
676-3	SPK2001	Falling	676	ғой.	ғой	linguistic			End=711.684
677-0	SPK2002	Falling	677	Мхм.	Мхм	linguistic			Begin=711.737|End=712.124
678-0	SPK2001	undefined	678	В	В	linguistic			Begin=711.970
678-1	SPK2001	undefined	678	шоке	шоке	linguistic			
678-2	SPK2001	undefined	678	боласың	боласың	linguistic			
678-3	SPK2001	undefined	678	ғой	ғой	linguistic			
678-4	SPK2001	undefined	678	сидишь	сидишь	linguistic			
678-5	SPK2001	undefined	678	@@	@@	linguistic			End=713.780
679-0	SPK2002	undefined	679	@@	@@	linguistic			Begin=713.450|End=713.860
680-0	SPK2001	Continuing	680	Де,	Де	linguistic			Begin=713.820|End=714.200
681-0	SPK2001	Falling	681	Ну	Ну	linguistic			Begin=714.200
681-1	SPK2001	Falling	681	тебе	тебе	linguistic			
681-2	SPK2001	Falling	681	конечно	конечно	linguistic			
681-3	SPK2001	Falling	681	там	там	linguistic			
681-4	SPK2001	Falling	681	все	все	linguistic			
681-5	SPK2001	Falling	681	объясняют.	объясняют	linguistic			End=715.610
682-0	SPK2001	Falling	682	Анау	Анау	linguistic			Begin=715.919
682-1	SPK2001	Falling	682	мынау.	мынау	linguistic			End=716.455
683-0	SPK2001	Continuing	683	Ну,	Ну	linguistic			Begin=716.788|End=717.030
684-0	SPK2001	undefined	684	ну	ну	linguistic			Begin=717.030
684-1	SPK2001	undefined	684	все	все	linguistic			
684-2	SPK2001	undefined	684	равно	равно	linguistic			
684-3	SPK2001	undefined	684	@@	@@	linguistic			End=718.060
685-0	SPK2001	Falling	685	я	я	linguistic			Begin=718.060
685-1	SPK2001	Falling	685	вообще	вообще	linguistic			
685-2	SPK2001	Falling	685	не	не	linguistic			
685-3	SPK2001	Falling	685	знала	знала	linguistic			
685-4	SPK2001	Falling	685	то	то	linguistic			
685-5	SPK2001	Falling	685	что	что	linguistic			
685-6	SPK2001	Falling	685	осындай	осындай	linguistic			
685-7	SPK2001	Falling	685	анализ	анализ	linguistic			
685-8	SPK2001	Falling	685	существует.	существует	linguistic			End=720.090
686-0	SPK2001	Continuing	686	Потом,	Потом	linguistic			Begin=720.646|End=721.160
687-0	SPK2001	Continuing	687	только	только	linguistic			Begin=721.160
687-1	SPK2001	Continuing	687	до	до	linguistic			
687-2	SPK2001	Continuing	687	меня	меня	linguistic			
687-3	SPK2001	Continuing	687	доперло	доперло	linguistic			
687-4	SPK2001	Continuing	687	то	то	linguistic			
687-5	SPK2001	Continuing	687	что,	что	linguistic			End=722.290
688-0	SPK2001	Continuing	688	ана,	ана	linguistic			Begin=722.290|End=722.959
689-0	SPK2001	Continuing	689	этот,	этот	linguistic			Begin=722.968|End=723.290
690-0	SPK2001	Continuing	690	¬Жандос	Жандос	linguistic		Anonymized=Yes	Begin=723.290
690-1	SPK2001	Continuing	690	когда,	когда	linguistic			End=723.940
691-0	SPK2001	Interrupted	691	этот	этот	linguistic			Begin=723.940
691-1	SPK2001	Interrupted	691	а-	а	linguistic		Interrupted=Yes	End=724.430
692-0	SPK2001	Continuing	692	астмамен,	астмамен	linguistic			Begin=724.430|End=725.110
693-0	SPK2001	Continuing	693	больницада,	больницада	linguistic			Begin=725.110|End=725.740
694-0	SPK2001	Continuing	694	жатты	жатты	linguistic			Begin=725.740
694-1	SPK2001	Continuing	694	ғой	ғой	linguistic			
694-2	SPK2001	Continuing	694	менімен	менімен	linguistic			
694-3	SPK2001	Continuing	694	бірге,	бірге	linguistic			End=727.050
695-0	SPK2002	Falling	695	Мхм.	Мхм	linguistic			Begin=727.073|End=727.530
696-0	SPK2001	Continuing	696	(TSK	(TSK	linguistic			Begin=727.320
696-1	SPK2001	Continuing	696	)	)	linguistic			
696-2	SPK2001	Continuing	696	Он	Он	linguistic			
696-3	SPK2001	Continuing	696	же	же	linguistic			
696-4	SPK2001	Continuing	696	оказывается,	оказывается	linguistic			End=728.270
697-0	SPK2001	Continuing	697	он	он	linguistic			Begin=728.270
697-1	SPK2001	Continuing	697	же,	же	linguistic			End=728.600
698-0	SPK2001	Continuing	698	помнишь,	помнишь	linguistic			Begin=728.600|End=728.970
699-0	SPK2001	Continuing	699	он	он	linguistic			Begin=728.970
699-1	SPK2001	Continuing	699	говорил	говорил	linguistic			
699-2	SPK2001	Continuing	699	то	то	linguistic			
699-3	SPK2001	Continuing	699	что	что	linguistic			
699-4	SPK2001	Continuing	699	этот,	этот	linguistic			End=729.790
700-0	SPK2001	Falling	700	Астанаға	Астанаға	linguistic			Begin=729.790
700-1	SPK2001	Falling	700	барды	барды	linguistic			
700-2	SPK2001	Falling	700	типа.	типа	linguistic			End=730.875
701-0	SPK2001	Falling	701	Анализ	Анализ	linguistic			Begin=730.892
701-1	SPK2001	Falling	701	беру	беру	linguistic			
701-2	SPK2001	Falling	701	үшін.	үшін	linguistic			End=731.590
702-0	SPK2002	Falling	702	Мхм.	Мхм	linguistic			Begin=730.900|End=731.355
703-0	SPK2002	Falling	703	Иә.	Иә	linguistic			Begin=731.606|End=731.950
704-0	SPK2001	Continuing	704	И	И	linguistic			Begin=731.960
704-1	SPK2001	Continuing	704	ол	ол	linguistic			
704-2	SPK2001	Continuing	704	айтты	айтты	linguistic			
704-3	SPK2001	Continuing	704	то	то	linguistic			
704-4	SPK2001	Continuing	704	что	что	linguistic			
704-5	SPK2001	Continuing	704	ол,	ол	linguistic			End=732.840
705-0	SPK2001	Continuing	705	вообще	вообще	linguistic			Begin=732.840
705-1	SPK2001	Continuing	705	қымбат	қымбат	linguistic			
705-2	SPK2001	Continuing	705	анализ,	анализ	linguistic			End=733.900
706-0	SPK2001	Continuing	706	этот	этот	linguistic			Begin=734.210
706-1	SPK2001	Continuing	706	э,	э	linguistic			End=734.960
707-0	SPK2001	Interrupted	707	аллергический-	аллергический	linguistic		Interrupted=Yes	Begin=734.960|End=735.570
708-0	SPK2001	Continuing	708	ну	ну	linguistic			Begin=735.570
708-1	SPK2001	Continuing	708	аллергическая	аллергическая	linguistic			
708-2	SPK2001	Continuing	708	астма	астма	linguistic			
708-3	SPK2001	Continuing	708	болғандықтан,	болғандықтан	linguistic			End=736.970
709-0	SPK2001	Continuing	709	аллергендерді,	аллергендерді	linguistic			Begin=736.970|End=737.930
710-0	SPK2001	Falling	710	тексертті.	тексертті	linguistic			Begin=737.940|End=738.601
711-0	SPK2001	Continuing	711	И	И	linguistic			Begin=738.680
711-1	SPK2001	Continuing	711	ода	ода	linguistic			
711-2	SPK2001	Continuing	711	там	там	linguistic			
711-3	SPK2001	Continuing	711	манная	манная	linguistic			
711-4	SPK2001	Continuing	711	каша,	каша	linguistic			End=739.790
712-0	SPK2001	Continuing	712	бананға,	бананға	linguistic			Begin=739.790|End=740.270
713-0	SPK2001	Falling	713	анау	анау	linguistic			Begin=740.270
713-1	SPK2001	Falling	713	мынаған	мынаған	linguistic			
713-2	SPK2001	Falling	713	аллергия	аллергия	linguistic			
713-3	SPK2001	Falling	713	болды	болды	linguistic			
713-4	SPK2001	Falling	713	ғой.	ғой	linguistic			End=741.679
714-0	SPK2002	Falling	714	Мхм.	Мхм	linguistic			Begin=741.807|End=742.344
715-0	SPK2001	Interrupted	715	Вот	Вот	linguistic			Begin=742.220
715-1	SPK2001	Interrupted	715	он	он	linguistic			
715-2	SPK2001	Interrupted	715	оказывается	оказывается	linguistic			
715-3	SPK2001	Interrupted	715	ос-	ос	linguistic		Interrupted=Yes	End=742.860
716-0	SPK2001	Continuing	716	осы,	осы	linguistic			Begin=742.860|End=743.220
717-0	SPK2001	Falling	717	анализ	анализ	linguistic			Begin=743.220
717-1	SPK2001	Falling	717	істеді.	істеді	linguistic			End=744.000
718-0	SPK2002	Falling	718	А.	А	linguistic			Begin=744.110|End=744.440
719-0	SPK2001	Falling	719	Бәленбай	Бәленбай	linguistic			Begin=744.160
719-1	SPK2001	Falling	719	ақшаға.	ақшаға	linguistic			End=744.920
720-0	SPK2002	Rising	720	Серьезно	Серьезно	linguistic			Begin=745.376
720-1	SPK2002	Rising	720	что-ли?	что-ли	linguistic			End=746.237
721-0	SPK2001	Falling	721	Ну.	Ну	linguistic			Begin=745.972|End=746.422
722-0	SPK2001	Continuing	722	А	А	linguistic			Begin=746.454
722-1	SPK2001	Continuing	722	мен,	мен	linguistic			End=746.800
723-0	SPK2001	Continuing	723	осы	осы	linguistic			Begin=746.800
723-1	SPK2001	Continuing	723	анализдер,	анализдер	linguistic			End=747.680
724-0	SPK2001	Continuing	724	ну,	ну	linguistic			Begin=747.680|End=747.890
725-0	SPK2001	Falling	725	бесплатно	бесплатно	linguistic			Begin=747.890
725-1	SPK2001	Falling	725	РДЦда	РДЦда	linguistic			
725-2	SPK2001	Falling	725	по	по	linguistic			
725-3	SPK2001	Falling	725	направлению	направлению	linguistic			
725-4	SPK2001	Falling	725	істеді.	істеді	linguistic			End=749.610
726-0	SPK2002	Continuing	726	Маған	Маған	linguistic			Begin=750.589
726-1	SPK2002	Continuing	726	да,	да	linguistic			End=751.190
727-0	SPK2002	Continuing	727	этот,	этот	linguistic			Begin=751.190|End=751.530
728-0	SPK2002	Continuing	728	ана	ана	linguistic			Begin=751.530
728-1	SPK2002	Continuing	728	жолы	жолы	linguistic			
728-2	SPK2002	Continuing	728	мен,	мен	linguistic			End=752.319
729-0	SPK2002	Rising	729	помнишь?	помнишь	linguistic			Begin=752.870|End=753.280
730-0	SPK2002	Continuing	730	Ауырып,	Ауырып	linguistic			Begin=753.280|End=753.800
731-0	SPK2002	Continuing	731	мектепте,	мектепте	linguistic			Begin=753.990|End=754.580
732-0	SPK2002	Continuing	732	үйге	үйге	linguistic			Begin=754.580
732-1	SPK2002	Continuing	732	кетіп	кетіп	linguistic			
732-2	SPK2002	Continuing	732	қалдым	қалдым	linguistic			
732-3	SPK2002	Continuing	732	ғой	ғой	linguistic			
732-4	SPK2002	Continuing	732	еще	еще	linguistic			
732-5	SPK2002	Continuing	732	бүкіл	бүкіл	linguistic			
732-6	SPK2002	Continuing	732	бетім,	бетім	linguistic			End=756.600
733-0	SPK2001	Falling	733	Мхм.	Мхм	linguistic			Begin=755.600|End=756.000
734-0	SPK2002	Continuing	734	қызарып,	қызарып	linguistic			Begin=757.320|End=757.968
735-0	SPK2002	Continuing	735	Не	Не	linguistic			Begin=759.003
735-1	SPK2002	Continuing	735	болды	болды	linguistic			
735-2	SPK2002	Continuing	735	ғой,	ғой	linguistic			End=759.630
736-0	SPK2002	Falling	736	сыпь.	сыпь	linguistic			Begin=759.630|End=760.098
737-0	SPK2002	Falling	737	Бетімде.	Бетімде	linguistic			Begin=760.220|End=760.783
738-0	SPK2001	Falling	738	Иә.	Иә	linguistic			Begin=760.928|End=761.318
739-0	SPK2002	Continuing	739	Еще	Еще	linguistic			Begin=761.584
739-1	SPK2002	Continuing	739	бүкіл	бүкіл	linguistic			
739-2	SPK2002	Continuing	739	бетім,	бетім	linguistic			End=762.430
740-0	SPK2002	Falling	740	ісіп	ісіп	linguistic			Begin=762.430
740-1	SPK2002	Falling	740	кетті	кетті	linguistic			
740-2	SPK2002	Falling	740	ғой.	ғой	linguistic			End=763.138
741-0	SPK2001	Interrupted	741	Қ-	Қ	linguistic		Interrupted=Yes	Begin=764.197|End=764.340
742-0	SPK2001	Rising	742	нешінші	нешінші	linguistic			Begin=764.340
742-1	SPK2001	Rising	742	сыныпта	сыныпта	linguistic			
742-2	SPK2001	Rising	742	болды	болды	linguistic			
742-3	SPK2001	Rising	742	ғой?	ғой	linguistic			End=765.542
743-0	SPK2002	Continuing	743	Он	Он	linguistic			Begin=765.682
743-1	SPK2002	Continuing	743	бір	бір	linguistic			
743-2	SPK2002	Continuing	743	ма,	ма	linguistic			End=766.140
744-0	SPK2002	Rising	744	он	он	linguistic			Begin=766.140
744-1	SPK2002	Rising	744	екі	екі	linguistic			
744-2	SPK2002	Rising	744	ма?	ма	linguistic			End=766.790
745-0	SPK2002	Falling	745	Вот	Вот	linguistic			Begin=766.790
745-1	SPK2002	Falling	745	недавно.	недавно	linguistic			End=767.600
746-0	SPK2001	Falling	746	Вряд	Вряд	linguistic			Begin=767.840
746-1	SPK2001	Falling	746	ли	ли	linguistic			
746-2	SPK2001	Falling	746	он	он	linguistic			
746-3	SPK2001	Falling	746	екі.	екі	linguistic			End=768.550
747-0	SPK2002	Rising	747	Да?	Да	linguistic			Begin=768.890|End=769.220
748-0	SPK2002	Falling	748	Он	Он	linguistic			Begin=769.220
748-1	SPK2002	Falling	748	бір	бір	linguistic			
748-2	SPK2002	Falling	748	наверное.	наверное	linguistic			End=770.103
749-0	SPK2001	Falling	749	Наверное.	Наверное	linguistic			Begin=770.920|End=771.397
750-0	SPK2002	Continuing	750	Или	Или	linguistic			Begin=772.006
750-1	SPK2002	Continuing	750	он	он	linguistic			
750-2	SPK2002	Continuing	750	ба	ба	linguistic			
750-3	SPK2002	Continuing	750	вообще,	вообще	linguistic			End=772.970
751-0	SPK2002	Falling	751	не	не	linguistic			Begin=772.970
751-1	SPK2002	Falling	751	помню.	помню	linguistic			End=773.573
752-0	SPK2002	Continuing	752	Сонда	Сонда	linguistic			Begin=774.463
752-1	SPK2002	Continuing	752	мен	мен	linguistic			
752-2	SPK2002	Continuing	752	Олимпқа,	Олимпқа	linguistic			End=775.400
753-0	SPK2002	Continuing	753	платныйға	платныйға	linguistic			Begin=775.400
753-1	SPK2002	Continuing	753	еще	еще	linguistic			
753-2	SPK2002	Continuing	753	бардым	бардым	linguistic			
753-3	SPK2002	Continuing	753	ана	ана	linguistic			
753-4	SPK2002	Continuing	753	аллергологқа,	аллергологқа	linguistic			End=777.630
754-0	SPK2002	Continuing	754	и	и	linguistic			Begin=777.630
754-1	SPK2002	Continuing	754	сол	сол	linguistic			
754-2	SPK2002	Continuing	754	маған	маған	linguistic			
754-3	SPK2002	Continuing	754	айтты	айтты	linguistic			
754-4	SPK2002	Continuing	754	ғой	ғой	linguistic			
754-5	SPK2002	Continuing	754	вот	вот	linguistic			
754-6	SPK2002	Continuing	754	Астанада	Астанада	linguistic			
754-7	SPK2002	Continuing	754	осылай,	осылай	linguistic			End=779.623
755-0	SPK2002	Continuing	755	не	не	linguistic			Begin=780.029
755-1	SPK2002	Continuing	755	істейді	істейді	linguistic			
755-2	SPK2002	Continuing	755	деп,	деп	linguistic			End=781.010
756-0	SPK2002	Continuing	756	э,	э	linguistic			Begin=781.623|End=782.040
757-0	SPK2002	Falling	757	тест.	тест	linguistic			Begin=782.190|End=782.590
758-0	SPK2002	Interrupted	758	Алле-	Алле	linguistic		Interrupted=Yes	Begin=782.933|End=783.250
759-0	SPK2002	Falling	759	аллергендерге.	аллергендерге	linguistic			Begin=783.250|End=784.300
760-0	SPK2001	Continuing	760	М,	М	linguistic			Begin=783.680|End=784.120
761-0	SPK2001	Falling	761	мхм.	мхм	linguistic			Begin=784.120|End=784.580
762-0	SPK2002	Continuing	762	Бірақ	Бірақ	linguistic			Begin=784.642
762-1	SPK2002	Continuing	762	ол	ол	linguistic			
762-2	SPK2002	Continuing	762	қымбат	қымбат	linguistic			
762-3	SPK2002	Continuing	762	тұрады,	тұрады	linguistic			End=785.520
763-0	SPK2002	Interrupted	763	сосын--	сосын-	linguistic		Interrupted=Yes	Begin=785.520|End=786.120
764-0	SPK2001	Falling	764	Ну.	Ну	linguistic			Begin=785.713|End=786.220
765-0	SPK2002	Continuing	765	барған	барған	linguistic			Begin=786.520
765-1	SPK2002	Continuing	765	жоқпыз	жоқпыз	linguistic			
765-2	SPK2002	Continuing	765	ғой,	ғой	linguistic			End=787.570
766-0	SPK2002	Falling	766	қымбат	қымбат	linguistic			Begin=787.570
766-1	SPK2002	Falling	766	деді.	деді	linguistic			End=788.463
767-0	SPK2001	Continuing	767	Да,	Да	linguistic			Begin=788.884|End=789.250
768-0	SPK2001	Continuing	768	а,	а	linguistic			Begin=789.250|End=789.590
769-0	SPK2001	Continuing	769	вот	вот	linguistic			Begin=789.590
769-1	SPK2001	Continuing	769	еще,	еще	linguistic			End=790.250
770-0	SPK2001	Continuing	770	оказывается,	оказывается	linguistic			Begin=790.250|End=790.825
771-0	SPK2001	Continuing	771	вот,	вот	linguistic			Begin=791.219|End=791.579
772-0	SPK2001	Continuing	772	я	я	linguistic			Begin=791.579
772-1	SPK2001	Continuing	772	думала	думала	linguistic			
772-2	SPK2001	Continuing	772	то	то	linguistic			
772-3	SPK2001	Continuing	772	что	что	linguistic			
772-4	SPK2001	Continuing	772	ана,	ана	linguistic			End=792.530
773-0	SPK2001	Continuing	773	бүкіл,	бүкіл	linguistic			Begin=792.530|End=793.240
774-0	SPK2001	Continuing	774	бесплатно	бесплатно	linguistic			Begin=793.240
774-1	SPK2001	Continuing	774	істейді	істейді	linguistic			
774-2	SPK2001	Continuing	774	екен,	екен	linguistic			End=794.383
775-0	SPK2001	Falling	775	істейді	істейді	linguistic			Begin=794.635
775-1	SPK2001	Falling	775	деп.	деп	linguistic			End=795.316
776-0	SPK2001	Continuing	776	Бірақ	Бірақ	linguistic			Begin=795.762
776-1	SPK2001	Continuing	776	менің	менің	linguistic			
776-2	SPK2001	Continuing	776	қасымда	қасымда	linguistic			
776-3	SPK2001	Continuing	776	отырған	отырған	linguistic			
776-4	SPK2001	Continuing	776	әйелдер,	әйелдер	linguistic			End=797.420
777-0	SPK2001	Falling	777	они	они	linguistic			Begin=797.420
777-1	SPK2001	Falling	777	оказывается	оказывается	linguistic			
777-2	SPK2001	Falling	777	платно	платно	linguistic			
777-3	SPK2001	Falling	777	это	это	linguistic			
777-4	SPK2001	Falling	777	делали.	делали	linguistic			End=798.714
778-0	SPK2002	Rising	778	Да?	Да	linguistic			Begin=798.788|End=799.291
779-0	SPK2001	Continuing	779	Да,	Да	linguistic			Begin=799.510|End=799.710
780-0	SPK2001	Continuing	780	они	они	linguistic			Begin=799.710
780-1	SPK2001	Continuing	780	еще	еще	linguistic			
780-2	SPK2001	Continuing	780	этот,	этот	linguistic			End=800.240
781-0	SPK2001	Continuing	781	сол,	сол	linguistic			Begin=800.480|End=800.780
782-0	SPK2001	Continuing	782	кабинеттен	кабинеттен	linguistic			Begin=800.780
782-1	SPK2001	Continuing	782	шыққаннан	шыққаннан	linguistic			
782-2	SPK2001	Continuing	782	кейін,	кейін	linguistic			End=801.870
783-0	SPK2001	Continuing	783	они	они	linguistic			Begin=801.870
783-1	SPK2001	Continuing	783	спрашивали,	спрашивали	linguistic			End=802.860
784-0	SPK2001	Continuing	784	а	а	linguistic			Begin=802.860
784-1	SPK2001	Continuing	784	где	где	linguistic			
784-2	SPK2001	Continuing	784	касса,	касса	linguistic			End=803.720
785-0	SPK2001	Falling	785	куда	куда	linguistic			Begin=803.720
785-1	SPK2001	Falling	785	платить.	платить	linguistic			End=804.578
786-0	SPK2002	Rising	786	И	И	linguistic			Begin=805.150
786-1	SPK2002	Rising	786	сколько	сколько	linguistic			
786-2	SPK2002	Rising	786	платили?	платили	linguistic			End=806.244
787-0	SPK2001	Falling	787	Ой	Ой	linguistic			Begin=806.333
787-1	SPK2001	Falling	787	не	не	linguistic			
787-2	SPK2001	Falling	787	знаю.	знаю	linguistic			End=806.978
788-0	SPK2001	Continuing	788	Это	Это	linguistic			Begin=808.091
788-1	SPK2001	Continuing	788	кажется	кажется	linguistic			
788-2	SPK2001	Continuing	788	зависит	зависит	linguistic			
788-3	SPK2001	Continuing	788	от,	от	linguistic			End=809.130
789-0	SPK2001	Falling	789	количества	количества	linguistic			Begin=809.130
789-1	SPK2001	Falling	789	аллергенов.	аллергенов	linguistic			End=810.140
790-0	SPK2001	Interrupted	790	Мысалы	Мысалы	linguistic			Begin=810.820
790-1	SPK2001	Interrupted	790	егер	егер	linguistic			
790-2	SPK2001	Interrupted	790	сен-	сен	linguistic		Interrupted=Yes	End=811.470
791-0	SPK2001	Interrupted	791	сен	сен	linguistic			Begin=811.470
791-1	SPK2001	Interrupted	791	коли-	коли	linguistic		Interrupted=Yes	End=812.040
792-0	SPK2001	Continuing	792	аллергеннің	аллергеннің	linguistic			Begin=812.040
792-1	SPK2001	Continuing	792	мысалы	мысалы	linguistic			
792-2	SPK2001	Continuing	792	сен,	сен	linguistic			End=813.190
793-0	SPK2001	Continuing	793	он	он	linguistic			Begin=813.190
793-1	SPK2001	Continuing	793	бес	бес	linguistic			
793-2	SPK2001	Continuing	793	жиырма	жиырма	linguistic			
793-3	SPK2001	Continuing	793	аллергенге	аллергенге	linguistic			
793-4	SPK2001	Continuing	793	істесең,	істесең	linguistic			End=814.560
794-0	SPK2001	Falling	794	онда	онда	linguistic			Begin=814.560
794-1	SPK2001	Falling	794	қымбат	қымбат	linguistic			
794-2	SPK2001	Falling	794	болады	болады	linguistic			
794-3	SPK2001	Falling	794	конечно.	конечно	linguistic			End=815.801
795-0	SPK2001	Continuing	795	А	А	linguistic			Begin=815.990
795-1	SPK2001	Continuing	795	егер	егер	linguistic			
795-2	SPK2001	Continuing	795	сен	сен	linguistic			
795-3	SPK2001	Continuing	795	мысалы	мысалы	linguistic			
795-4	SPK2001	Continuing	795	бес	бес	linguistic			
795-5	SPK2001	Continuing	795	алтыға	алтыға	linguistic			
795-6	SPK2001	Continuing	795	істесең,	істесең	linguistic			End=817.449
796-0	SPK2001	Continuing	796	онда	онда	linguistic			Begin=817.449
796-1	SPK2001	Continuing	796	кішкене	кішкене	linguistic			
796-2	SPK2001	Continuing	796	арзанырақ,	арзанырақ	linguistic			End=818.370
797-0	SPK2001	Falling	797	мне	мне	linguistic			Begin=818.370
797-1	SPK2001	Falling	797	кажется.	кажется	linguistic			End=819.020
798-0	SPK2001	Continuing	798	Мен	Мен	linguistic			Begin=819.940
798-1	SPK2001	Continuing	798	толығын	толығын	linguistic			
798-2	SPK2001	Continuing	798	ан-,	ан	linguistic		Interrupted=Yes	End=820.560
799-0	SPK2001	Falling	799	анықтұғын	анықтұғын	linguistic			Begin=820.560
799-1	SPK2001	Falling	799	білмеймін.	білмеймін	linguistic			End=821.658
800-0	SPK2001	Continuing	800	Ну	Ну	linguistic			Begin=822.468
800-1	SPK2001	Continuing	800	мне,	мне	linguistic			End=822.950
801-0	SPK2001	Falling	801	так	так	linguistic			Begin=822.950
801-1	SPK2001	Falling	801	кажется.	кажется	linguistic			End=823.390
802-0	SPK2002	Continuing	802	А,	А	linguistic			Begin=824.764|End=825.180
803-0	SPK2002	Continuing	803	сол	сол	linguistic			Begin=825.180
803-1	SPK2002	Continuing	803	аллерголог,	аллерголог	linguistic			End=825.988
804-0	SPK2002	Continuing	804	мысалы,	мысалы	linguistic			Begin=826.210|End=826.690
805-0	SPK2002	Continuing	805	не,	не	linguistic			Begin=826.908|End=827.283
806-0	SPK2002	Continuing	806	тест	тест	linguistic			Begin=827.907
806-1	SPK2002	Continuing	806	істеп	істеп	linguistic			
806-2	SPK2002	Continuing	806	болғаннан	болғаннан	linguistic			
806-3	SPK2002	Continuing	806	кейін,	кейін	linguistic			End=829.250
807-0	SPK2002	Continuing	807	вот,	вот	linguistic			Begin=829.250|End=829.528
808-0	SPK2002	Continuing	808	результатын	результатын	linguistic			Begin=830.300
808-1	SPK2002	Continuing	808	алып	алып	linguistic			
808-2	SPK2002	Continuing	808	болғаннан	болғаннан	linguistic			
808-3	SPK2002	Continuing	808	кейін	кейін	linguistic			
808-4	SPK2002	Continuing	808	ол	ол	linguistic			
808-5	SPK2002	Continuing	808	саған,	саған	linguistic			End=831.553
809-0	SPK2002	Continuing	809	результатын	результатын	linguistic			Begin=831.553
809-1	SPK2002	Continuing	809	алып	алып	linguistic			
809-2	SPK2002	Continuing	809	болғаннан	болғаннан	linguistic			
809-3	SPK2002	Continuing	809	кейін	кейін	linguistic			
809-4	SPK2002	Continuing	809	ол	ол	linguistic			
809-5	SPK2002	Continuing	809	саған,	саған	linguistic			End=832.060
810-0	SPK2002	Rising	810	лечение	лечение	linguistic			Begin=832.060
810-1	SPK2002	Rising	810	жазып	жазып	linguistic			
810-2	SPK2002	Rising	810	бере	бере	linguistic			
810-3	SPK2002	Rising	810	ма?	ма	linguistic			End=833.480
811-0	SPK2001	Continuing	811	Нет,	Нет	linguistic			Begin=835.151|End=835.590
812-0	SPK2001	Continuing	812	маған	маған	linguistic			Begin=835.590
812-1	SPK2001	Continuing	812	этот	этот	linguistic			
812-2	SPK2001	Continuing	812	аллерголог	аллерголог	linguistic			
812-3	SPK2001	Continuing	812	просто	просто	linguistic			
812-4	SPK2001	Continuing	812	сказал,	сказал	linguistic			End=837.070
813-0	SPK2001	Continuing	813	этот,	этот	linguistic			Begin=837.400|End=837.740
814-0	SPK2001	Continuing	814	кукурузаны	кукурузаны	linguistic			Begin=837.740
814-1	SPK2001	Continuing	814	жеме,	жеме	linguistic			End=839.060
815-0	SPK2001	Continuing	815	этот	этот	linguistic			Begin=839.230
815-1	SPK2001	Continuing	815	там,	там	linguistic			End=839.880
816-0	SPK2001	Falling	816	тауықты	тауықты	linguistic			Begin=839.880
816-1	SPK2001	Falling	816	жеме.	жеме	linguistic			End=840.985
817-0	SPK2001	Continuing	817	Этот,	Этот	linguistic			Begin=841.208|End=841.650
818-0	SPK2001	Rising	818	немене	немене	linguistic			Begin=841.961
818-1	SPK2001	Rising	818	деді	деді	linguistic			
818-2	SPK2001	Rising	818	сосын?	сосын	linguistic			End=842.720
819-0	SPK2001	Continuing	819	а,	а	linguistic			Begin=843.260|End=843.560
820-0	SPK2001	Continuing	820	этот,	этот	linguistic			Begin=843.560|End=843.770
821-0	SPK2001	Rising	821	всегда	всегда	linguistic			Begin=843.770
821-1	SPK2001	Rising	821	убирайся	убирайся	linguistic			
821-2	SPK2001	Rising	821	дома?	дома	linguistic			End=845.000
822-0	SPK2001	Continuing	822	чтобы	чтобы	linguistic			Begin=845.000
822-1	SPK2001	Continuing	822	пыльно	пыльно	linguistic			
822-2	SPK2001	Continuing	822	не	не	linguistic			
822-3	SPK2001	Continuing	822	было	было	linguistic			
822-4	SPK2001	Continuing	822	деп,	деп	linguistic			End=846.274
823-0	SPK2001	Continuing	823	и,	и	linguistic			Begin=846.420|End=846.660
824-0	SPK2001	Falling	824	латексные	латексные	linguistic			Begin=846.660
824-1	SPK2001	Falling	824	перчатки	перчатки	linguistic			
824-2	SPK2001	Falling	824	қолданба	қолданба	linguistic			
824-3	SPK2001	Falling	824	деді.	деді	linguistic			End=848.240
825-0	SPK2001	Falling	825	И	И	linguistic			Begin=848.468
825-1	SPK2001	Falling	825	все.	все	linguistic			End=848.860
826-0	SPK2002	undefined	826	Ну	Ну	linguistic			Begin=849.730
826-1	SPK2002	undefined	826	ты	ты	linguistic			
826-2	SPK2002	undefined	826	же	же	linguistic			
826-3	SPK2002	undefined	826	не	не	linguistic			
826-4	SPK2002	undefined	826	убираешься	убираешься	linguistic			
826-5	SPK2002	undefined	826	@@	@@	linguistic			End=851.304
827-0	SPK2001	undefined	827	@@	@@	linguistic			Begin=851.056|End=851.736
828-0	SPK2001	undefined	828	Убираюсь	Убираюсь	linguistic			Begin=851.752
828-1	SPK2001	undefined	828	я	я	linguistic			
828-2	SPK2001	undefined	828	@@	@@	linguistic			End=853.100
829-0	SPK2001	Continuing	829	Короче,	Короче	linguistic			Begin=853.893|End=854.450
830-0	SPK2001	Continuing	830	ну	ну	linguistic			Begin=854.450
830-1	SPK2001	Continuing	830	не	не	linguistic			
830-2	SPK2001	Continuing	830	знаю,	знаю	linguistic			End=855.010
831-0	SPK2001	Continuing	831	біздің	біздің	linguistic			Begin=855.020
831-1	SPK2001	Continuing	831	врач,	врач	linguistic			End=855.740
832-0	SPK2001	Falling	832	мне	мне	linguistic			Begin=855.740
832-1	SPK2001	Falling	832	не	не	linguistic			
832-2	SPK2001	Falling	832	особо	особо	linguistic			
832-3	SPK2001	Falling	832	понравился	понравился	linguistic			
832-4	SPK2001	Falling	832	если	если	linguistic			
832-5	SPK2001	Falling	832	честно.	честно	linguistic			End=856.910
833-0	SPK2002	Rising	833	Да?	Да	linguistic			Begin=857.170|End=857.552
834-0	SPK2001	Continuing	834	Ну	Ну	linguistic			Begin=857.693
834-1	SPK2001	Continuing	834	вот,	вот	linguistic			End=858.170
835-0	SPK2001	Continuing	835	только	только	linguistic			Begin=858.170
835-1	SPK2001	Continuing	835	как	как	linguistic			
835-2	SPK2001	Continuing	835	они	они	linguistic			
835-3	SPK2001	Continuing	835	этот,	этот	linguistic			End=859.010
836-0	SPK2001	Interrupted	836	ну	ну	linguistic			Begin=859.010
836-1	SPK2001	Interrupted	836	лабо-	лабо	linguistic		Interrupted=Yes	
836-2	SPK2001	Interrupted	836	ла-	ла	linguistic		Interrupted=Yes	End=859.800
837-0	SPK2001	Continuing	837	лабка	лабка	linguistic			Begin=859.800
837-1	SPK2001	Continuing	837	у	у	linguistic			
837-2	SPK2001	Continuing	837	них	них	linguistic			
837-3	SPK2001	Continuing	837	мне,	мне	linguistic			End=860.680
838-0	SPK2001	Continuing	838	ну,	ну	linguistic			Begin=860.680|End=860.990
839-0	SPK2001	Falling	839	күшті	күшті	linguistic			Begin=860.990
839-1	SPK2001	Falling	839	маған	маған	linguistic			
839-2	SPK2001	Falling	839	ұнады.	ұнады	linguistic			End=861.830
840-0	SPK2001	Continuing	840	Медсестрасы	Медсестрасы	linguistic			Begin=862.139
840-1	SPK2001	Continuing	840	тоже	тоже	linguistic			
840-2	SPK2001	Continuing	840	жақсы	жақсы	linguistic			
840-3	SPK2001	Continuing	840	болды,	болды	linguistic			End=863.433
841-0	SPK2001	Continuing	841	бірақ,	бірақ	linguistic			Begin=863.433|End=863.740
842-0	SPK2001	Continuing	842	ана	ана	linguistic			Begin=863.740
842-1	SPK2001	Continuing	842	аллерголог	аллерголог	linguistic			
842-2	SPK2001	Continuing	842	кісі	кісі	linguistic			
842-3	SPK2001	Continuing	842	что-то,	что-то	linguistic			End=865.470
843-0	SPK2001	Falling	843	ну	ну	linguistic			Begin=865.470
843-1	SPK2001	Falling	843	такое.	такое	linguistic			End=866.286
844-0	SPK2002	Rising	844	А	А	linguistic			Begin=867.150
844-1	SPK2002	Rising	844	что?	что	linguistic			End=867.589
845-0	SPK2001	Continuing	845	Ол	Ол	linguistic			Begin=867.327
845-1	SPK2001	Continuing	845	маған	маған	linguistic			
845-2	SPK2001	Continuing	845	просто	просто	linguistic			
845-3	SPK2001	Continuing	845	айтты,	айтты	linguistic			End=868.200
846-0	SPK2001	Continuing	846	мына	мына	linguistic			Begin=868.200
846-1	SPK2001	Continuing	846	мынаны	мынаны	linguistic			
846-2	SPK2001	Continuing	846	жеме,	жеме	linguistic			End=869.270
847-0	SPK2001	Falling	847	диетаны	диетаны	linguistic			Begin=869.410
847-1	SPK2001	Falling	847	ұста.	ұста	linguistic			End=870.440
848-0	SPK2001	Falling	848	И	И	linguistic			Begin=870.637
848-1	SPK2001	Falling	848	все.	все	linguistic			End=871.112
849-0	SPK2002	Falling	849	Ну.	Ну	linguistic			Begin=871.470|End=871.876
850-0	SPK2001	undefined	850	А	А	linguistic			Begin=871.690
850-1	SPK2001	undefined	850	еще	еще	linguistic			
850-2	SPK2001	undefined	850	маған	маған	linguistic			End=872.350
851-0	SPK2001	Continuing	851	оның	оның	linguistic			Begin=872.350
851-1	SPK2001	Continuing	851	алдында,	алдында	linguistic			End=873.110
852-0	SPK2001	Continuing	852	пульмонолог	пульмонолог	linguistic			Begin=873.110
852-1	SPK2001	Continuing	852	жазып	жазып	linguistic			
852-2	SPK2001	Continuing	852	берген	берген	linguistic			
852-3	SPK2001	Continuing	852	дәрілерді,	дәрілерді	linguistic			End=874.600
853-0	SPK2001	Continuing	853	просто,	просто	linguistic			Begin=874.600|End=875.099
854-0	SPK2001	Continuing	854	CTRL+C	CTRL+C	linguistic			Begin=875.335
854-1	SPK2001	Continuing	854	CTRL+Vмен	CTRL+Vмен	linguistic			
854-2	SPK2001	Continuing	854	копировать	копировать	linguistic			
854-3	SPK2001	Continuing	854	етіп,	етіп	linguistic			End=876.930
855-0	SPK2001	Continuing	855	қойды,	қойды	linguistic			Begin=876.930|End=877.480
856-0	SPK2001	Falling	856	бітті.	бітті	linguistic			Begin=877.480|End=877.870
857-0	SPK2002	Falling	857	Не	Не	linguistic			Begin=878.740
857-1	SPK2002	Falling	857	очень.	очень	linguistic			End=879.460
858-0	SPK2002	undefined	858	(TSK)	(TSK)	_			Begin=879.618|End=879.950
859-0	SPK2002	Continuing	859	А	А	linguistic			Begin=881.370
859-1	SPK2002	Continuing	859	что	что	linguistic			
859-2	SPK2002	Continuing	859	он,	он	linguistic			End=881.780
860-0	SPK2002	Rising	860	молодой	молодой	linguistic			Begin=881.780
860-1	SPK2002	Rising	860	что-ли?	что-ли	linguistic			End=882.581
861-0	SPK2001	Falling	861	Жоқ.	Жоқ	linguistic			Begin=882.658|End=883.202
862-0	SPK2001	Continuing	862	Бір	Бір	linguistic			Begin=883.460
862-1	SPK2001	Continuing	862	какой-то,	какой-то	linguistic			End=884.100
863-0	SPK2001	Continuing	863	елуден	елуден	linguistic			Begin=884.100
863-1	SPK2001	Continuing	863	асқан,	асқан	linguistic			End=885.010
864-0	SPK2001	Continuing	864	бір	бір	linguistic			Begin=885.010
864-1	SPK2001	Continuing	864	какой-то,	какой-то	linguistic			End=885.653
865-0	SPK2001	Continuing	865	кісі,	кісі	linguistic			Begin=885.895|End=886.280
866-0	SPK2001	Falling	866	полненький	полненький	linguistic			Begin=886.280
866-1	SPK2001	Falling	866	такой.	такой	linguistic			End=887.010
867-0	SPK2002	Rising	867	Да?	Да	linguistic			Begin=887.500|End=887.890
868-0	SPK2002	Rising	868	Аты?	Аты	linguistic			Begin=887.890|End=888.438
869-0	SPK2001	Falling	869	Да.	Да	linguistic			Begin=888.048|End=888.443
870-0	SPK2001	undefined	870	(TSK)	(TSK)	_			Begin=888.803|End=889.070
871-0	SPK2001	Continuing	871	Ой	Ой	linguistic			Begin=889.070
871-1	SPK2001	Continuing	871	аты	аты	linguistic			
871-2	SPK2001	Continuing	871	не	не	linguistic			
871-3	SPK2001	Continuing	871	знаю,	знаю	linguistic			End=890.110
872-0	SPK2001	Falling	872	не	не	linguistic			Begin=890.110
872-1	SPK2001	Falling	872	помню.	помню	linguistic			End=890.809
873-0	SPK2002	Falling	873	##.	##	unknown			Begin=893.230|End=893.830
874-0	SPK2001	Continuing	874	А	А	linguistic			Begin=893.300
874-1	SPK2001	Continuing	874	еще	еще	linguistic			
874-2	SPK2001	Continuing	874	мен,	мен	linguistic			End=893.950
875-0	SPK2001	Continuing	875	сол	сол	linguistic			Begin=893.950
875-1	SPK2001	Continuing	875	аллергологтың	аллергологтың	linguistic			
875-2	SPK2001	Continuing	875	ішінде	ішінде	linguistic			
875-3	SPK2001	Continuing	875	болған	болған	linguistic			
875-4	SPK2001	Continuing	875	кезде,	кезде	linguistic			End=895.520
876-0	SPK2001	Continuing	876	мен	мен	linguistic			Begin=895.520
876-1	SPK2001	Continuing	876	тұрмын	тұрмын	linguistic			
876-2	SPK2001	Continuing	876	ғой,	ғой	linguistic			End=896.130
877-0	SPK2001	Falling	877	кабинеттің	кабинеттің	linguistic			Begin=896.130
877-1	SPK2001	Falling	877	ішінде.	ішінде	linguistic			End=896.890
878-0	SPK2001	Continuing	878	Сосын	Сосын	linguistic			Begin=897.087
878-1	SPK2001	Continuing	878	бір	бір	linguistic			
878-2	SPK2001	Continuing	878	какой-то,	какой-то	linguistic			End=897.908
879-0	SPK2001	Interrupted	879	кі-	кі	linguistic		Interrupted=Yes	Begin=897.946|End=898.100
880-0	SPK2001	Continuing	880	ну,	ну	linguistic			Begin=898.100|End=898.390
881-0	SPK2001	Continuing	881	бір	бір	linguistic			Begin=898.390
881-1	SPK2001	Continuing	881	какой-то,	какой-то	linguistic			End=899.125
882-0	SPK2001	Continuing	882	әйел,	әйел	linguistic			Begin=899.406|End=899.830
883-0	SPK2001	Continuing	883	адам,	адам	linguistic			Begin=900.036|End=900.410
884-0	SPK2001	Continuing	884	ішіне	ішіне	linguistic			Begin=900.410
884-1	SPK2001	Continuing	884	кірді,	кірді	linguistic			End=901.260
885-0	SPK2001	Falling	885	даже	даже	linguistic			Begin=901.747
885-1	SPK2001	Falling	885	не	не	linguistic			
885-2	SPK2001	Falling	885	постучался	постучался	linguistic			
885-3	SPK2001	Falling	885	что-ли.	что-ли	linguistic			End=902.731
886-0	SPK2001	Continuing	886	Не	Не	linguistic			Begin=902.947
886-1	SPK2001	Continuing	886	знаю	знаю	linguistic			
886-2	SPK2001	Continuing	886	короче,	короче	linguistic			End=903.510
887-0	SPK2001	Continuing	887	бір	бір	linguistic			Begin=903.510
887-1	SPK2001	Continuing	887	әйел	әйел	linguistic			
887-2	SPK2001	Continuing	887	адам	адам	linguistic			
887-3	SPK2001	Continuing	887	кірді,	кірді	linguistic			End=904.750
888-0	SPK2001	Continuing	888	и	и	linguistic			Begin=904.972
888-1	SPK2001	Continuing	888	этот,	этот	linguistic			End=905.412
889-0	SPK2001	Continuing	889	ана,	ана	linguistic			Begin=905.685|End=906.080
890-0	SPK2001	Continuing	890	сол,	сол	linguistic			Begin=906.080|End=906.370
891-0	SPK2001	Interrupted	891	аллерголог	аллерголог	linguistic			Begin=906.370
891-1	SPK2001	Interrupted	891	кісі-	кісі	linguistic		Interrupted=Yes	End=907.190
892-0	SPK2001	Continuing	892	ну,	ну	linguistic			Begin=907.190|End=907.390
893-0	SPK2001	Continuing	893	ер	ер	linguistic			Begin=907.390
893-1	SPK2001	Continuing	893	адамға,	адамға	linguistic			End=908.040
894-0	SPK2001	Continuing	894	говорит	говорит	linguistic			Begin=908.040
894-1	SPK2001	Continuing	894	типа,	типа	linguistic			End=908.716
895-0	SPK2001	Continuing	895	вот,	вот	linguistic			Begin=908.858|End=909.150
896-0	SPK2001	Continuing	896	здравствуйте	здравствуйте	linguistic			Begin=909.150
896-1	SPK2001	Continuing	896	этот,	этот	linguistic			End=910.484
897-0	SPK2001	Continuing	897	(TSK)	(TSK)	_			Begin=911.003
897-1	SPK2001	Continuing	897	мы	мы	linguistic			
897-2	SPK2001	Continuing	897	бы	бы	linguistic			
897-3	SPK2001	Continuing	897	хотели	хотели	linguistic			
897-4	SPK2001	Continuing	897	пригласить	пригласить	linguistic			
897-5	SPK2001	Continuing	897	вас,	вас	linguistic			End=912.780
898-0	SPK2001	Continuing	898	чтобы	чтобы	linguistic			Begin=912.780
898-1	SPK2001	Continuing	898	вы	вы	linguistic			
898-2	SPK2001	Continuing	898	провели	провели	linguistic			
898-3	SPK2001	Continuing	898	лекцию,	лекцию	linguistic			End=914.410
899-0	SPK2001	Continuing	899	там,	там	linguistic			Begin=914.410|End=914.800
900-0	SPK2001	Continuing	900	здесь-то	здесь-то	linguistic			Begin=914.800
900-1	SPK2001	Continuing	900	здесь-то,	здесь-то	linguistic			End=916.010
901-0	SPK2001	undefined	901	там	там	linguistic			Begin=916.010|End=916.310
902-0	SPK2001	Continuing	902	в	в	linguistic			Begin=916.310
902-1	SPK2001	Continuing	902	честь	честь	linguistic			
902-2	SPK2001	Continuing	902	чего-то	чего-то	linguistic			
902-3	SPK2001	Continuing	902	там	там	linguistic			
902-4	SPK2001	Continuing	902	там,	там	linguistic			End=917.450
903-0	SPK2001	Falling	903	анау	анау	linguistic			Begin=917.450
903-1	SPK2001	Falling	903	мынау	мынау	linguistic			
903-2	SPK2001	Falling	903	деді	деді	linguistic			
903-3	SPK2001	Falling	903	короче.	короче	linguistic			End=918.620
904-0	SPK2002	undefined	904	@@	@@	linguistic			Begin=918.661|End=919.267
905-0	SPK2001	Continuing	905	Вот	Вот	linguistic			Begin=919.175
905-1	SPK2001	Continuing	905	вы,	вы	linguistic			End=919.580
906-0	SPK2001	Interrupted	906	на	на	linguistic			Begin=919.580
906-1	SPK2001	Interrupted	906	этот-	этот	linguistic		Interrupted=Yes	End=919.900
907-0	SPK2001	Interrupted	907	на	на	linguistic			Begin=919.900
907-1	SPK2001	Interrupted	907	позвони-	позвони	linguistic		Interrupted=Yes	End=920.660
908-0	SPK2001	Continuing	908	ой,	ой	linguistic			Begin=920.660|End=921.100
909-0	SPK2001	Continuing	909	позвоните	позвоните	linguistic			Begin=921.560
909-1	SPK2001	Continuing	909	на	на	linguistic			
909-2	SPK2001	Continuing	909	этот	этот	linguistic			
909-3	SPK2001	Continuing	909	номер,	номер	linguistic			End=922.740
910-0	SPK2001	Continuing	910	ну,	ну	linguistic			Begin=922.740|End=922.970
911-0	SPK2001	Continuing	911	короче,	короче	linguistic			Begin=922.970|End=923.390
912-0	SPK2001	Continuing	912	номерін	номерін	linguistic			Begin=923.640
912-1	SPK2001	Continuing	912	берді,	берді	linguistic			End=924.650
913-0	SPK2001	Continuing	913	какой-то	какой-то	linguistic			Begin=924.650
913-1	SPK2001	Continuing	913	карточкалар	карточкалар	linguistic			
913-2	SPK2001	Continuing	913	берді,	берді	linguistic			End=925.710
914-0	SPK2001	Continuing	914	короче	короче	linguistic			Begin=925.710
914-1	SPK2001	Continuing	914	анау	анау	linguistic			
914-2	SPK2001	Continuing	914	мынау	мынау	linguistic			
914-3	SPK2001	Continuing	914	мынау,	мынау	linguistic			End=926.640
915-0	SPK2001	Continuing	915	и	и	linguistic			Begin=926.830
915-1	SPK2001	Continuing	915	этот,	этот	linguistic			End=927.210
916-0	SPK2001	Continuing	916	и	и	linguistic			Begin=927.210
916-1	SPK2001	Continuing	916	ана,	ана	linguistic			End=927.790
917-0	SPK2001	Continuing	917	сол,	сол	linguistic			Begin=928.100|End=928.480
918-0	SPK2001	Continuing	918	врач,	врач	linguistic			Begin=928.480|End=928.950
919-0	SPK2001	undefined	919	хорошо	хорошо	linguistic			Begin=929.150
919-1	SPK2001	undefined	919	деді	деді	linguistic			
919-2	SPK2001	undefined	919	@@	@@	linguistic			End=930.470
920-0	SPK2001	Interrupted	920	П-	П	linguistic		Interrupted=Yes	Begin=930.500|End=930.760
921-0	SPK2001	Continuing	921	хорошо,	хорошо	linguistic			Begin=930.760|End=931.280
922-0	SPK2001	Continuing	922	типа,	типа	linguistic			Begin=931.280|End=931.600
923-0	SPK2001	Continuing	923	ладно	ладно	linguistic			Begin=931.860
923-1	SPK2001	Continuing	923	деп,	деп	linguistic			End=932.600
924-0	SPK2001	Continuing	924	сосын	сосын	linguistic			Begin=932.600
924-1	SPK2001	Continuing	924	этот,	этот	linguistic			End=933.130
925-0	SPK2001	Continuing	925	бүкіл	бүкіл	linguistic			Begin=933.400
925-1	SPK2001	Continuing	925	принял,	принял	linguistic			End=934.490
926-0	SPK2001	Continuing	926	и	и	linguistic			Begin=934.620
926-1	SPK2001	Continuing	926	она	она	linguistic			
926-2	SPK2001	Continuing	926	әйел	әйел	linguistic			
926-3	SPK2001	Continuing	926	адам,	адам	linguistic			End=935.380
927-0	SPK2001	Falling	927	ушла.	ушла	linguistic			Begin=935.380|End=935.800
928-0	SPK2002	undefined	928	@@@	@@@	linguistic			Begin=936.660|End=937.171
929-0	SPK2001	Continuing	929	Видимо	Видимо	linguistic			Begin=937.216
929-1	SPK2001	Continuing	929	ол	ол	linguistic			
929-2	SPK2001	Continuing	929	этот,	этот	linguistic			End=938.190
930-0	SPK2001	Continuing	930	бір	бір	linguistic			Begin=938.190
930-1	SPK2001	Continuing	930	жерде	жерде	linguistic			
930-2	SPK2001	Continuing	930	не	не	linguistic			
930-3	SPK2001	Continuing	930	знаю,	знаю	linguistic			End=938.920
931-0	SPK2001	Continuing	931	лекции	лекции	linguistic			Begin=938.920
931-1	SPK2001	Continuing	931	читает	читает	linguistic			
931-2	SPK2001	Continuing	931	что-ли,	что-ли	linguistic			End=939.830
932-0	SPK2001	Falling	932	можешь	можешь	linguistic			Begin=939.830
932-1	SPK2001	Falling	932	профессор	профессор	linguistic			
932-2	SPK2001	Falling	932	даже	даже	linguistic			
932-3	SPK2001	Falling	932	не	не	linguistic			
932-4	SPK2001	Falling	932	знаю.	знаю	linguistic			End=941.190
933-0	SPK2002	Falling	933	Мда.	Мда	linguistic			Begin=941.611|End=942.420
934-0	SPK2001	Continuing	934	М	М	linguistic			Begin=942.520
934-1	SPK2001	Continuing	934	этот	этот	linguistic			
934-2	SPK2001	Continuing	934	как,	как	linguistic			End=943.290
935-0	SPK2001	Falling	935	Мудрая	Мудрая	linguistic			Begin=943.290
935-1	SPK2001	Falling	935	Жизнь	Жизнь	linguistic			
935-2	SPK2001	Falling	935	Больница	Больница	linguistic			
935-3	SPK2001	Falling	935	секілді.	секілді	linguistic			End=944.760
936-0	SPK2001	Continuing	936	Ну,	Ну	linguistic			Begin=948.304|End=948.716
937-0	SPK2001	Continuing	937	еще	еще	linguistic			Begin=949.454
937-1	SPK2001	Continuing	937	оның	оның	linguistic			
937-2	SPK2001	Continuing	937	медсестрасы	медсестрасы	linguistic			
937-3	SPK2001	Continuing	937	тоже,	тоже	linguistic			End=951.120
938-0	SPK2001	Continuing	938	я	я	linguistic			Begin=951.370
938-1	SPK2001	Continuing	938	там	там	linguistic			
938-2	SPK2001	Continuing	938	в	в	linguistic			
938-3	SPK2001	Continuing	938	коридоре	коридоре	linguistic			
938-4	SPK2001	Continuing	938	столько	столько	linguistic			
938-5	SPK2001	Continuing	938	ждала,	ждала	linguistic			End=953.040
939-0	SPK2001	Continuing	939	ждала,	ждала	linguistic			Begin=953.040|End=953.470
940-0	SPK2001	Continuing	940	а	а	linguistic			Begin=953.650
940-1	SPK2001	Continuing	940	потом	потом	linguistic			
940-2	SPK2001	Continuing	940	ішіне	ішіне	linguistic			
940-3	SPK2001	Continuing	940	кірген	кірген	linguistic			
940-4	SPK2001	Continuing	940	кезде	кезде	linguistic			
940-5	SPK2001	Continuing	940	медсестра	медсестра	linguistic			
940-6	SPK2001	Continuing	940	менен	менен	linguistic			
940-7	SPK2001	Continuing	940	сұрайды	сұрайды	linguistic			
940-8	SPK2001	Continuing	940	ғой,	ғой	linguistic			End=955.810
941-0	SPK2001	undefined	941	сен	сен	linguistic			Begin=955.810
941-1	SPK2001	undefined	941	неге	неге	linguistic			
941-2	SPK2001	undefined	941	бұрын	бұрын	linguistic			
941-3	SPK2001	undefined	941	кірмедің	кірмедің	linguistic			
941-4	SPK2001	undefined	941	деп?	деп	linguistic			
941-5	SPK2001	undefined	941	(TSK)	(TSK)	_			End=957.290
942-0	SPK2001	undefined	942	И	И	linguistic			Begin=957.290
942-1	SPK2001	undefined	942	я	я	linguistic			
942-2	SPK2001	undefined	942	такой	такой	linguistic			End=957.900
943-0	SPK2001	Falling	943	ну	ну	linguistic			Begin=957.900
943-1	SPK2001	Falling	943	потому	потому	linguistic			
943-2	SPK2001	Falling	943	что	что	linguistic			
943-3	SPK2001	Falling	943	я	я	linguistic			
943-4	SPK2001	Falling	943	ждала	ждала	linguistic			
943-5	SPK2001	Falling	943	вас	вас	linguistic			
943-6	SPK2001	Falling	943	деп.	деп	linguistic			End=959.726
944-0	SPK2001	undefined	944	(TSK)	(TSK)	_			Begin=959.940|End=960.300
945-0	SPK2001	Falling	945	Вообще.	Вообще	linguistic			Begin=960.320|End=960.680
946-0	SPK2001	Continuing	946	Ну	Ну	linguistic			Begin=961.570
946-1	SPK2001	Continuing	946	короче,	короче	linguistic			End=962.160
947-0	SPK2001	Continuing	947	это	это	linguistic			Begin=962.160
947-1	SPK2001	Continuing	947	этот,	этот	linguistic			End=962.700
948-0	SPK2001	Falling	948	ну	ну	linguistic			Begin=962.930
948-1	SPK2001	Falling	948	fifty-fifty.	fifty-fifty	linguistic			End=963.760
949-0	SPK2001	Falling	949	М	М	linguistic			Begin=963.919
949-1	SPK2001	Falling	949	отношения.	отношения	linguistic			End=964.980
950-0	SPK2002	Falling	950	Тс.	Тс	linguistic			Begin=965.425|End=965.934
951-0	SPK2002	Falling	951	Fifty-fifty.	Fifty-fifty	linguistic			Begin=965.951|End=966.934
952-0	SPK2001	Continuing	952	Ну	Ну	linguistic			Begin=967.020
952-1	SPK2001	Continuing	952	типа,	типа	linguistic			End=967.530
953-0	SPK2001	Continuing	953	кейбіреулері	кейбіреулері	linguistic			Begin=967.530
953-1	SPK2001	Continuing	953	саған	саған	linguistic			
953-2	SPK2001	Continuing	953	да	да	linguistic			
953-3	SPK2001	Continuing	953	күшті,	күшті	linguistic			End=968.860
954-0	SPK2001	Continuing	954	андай	андай	linguistic			Begin=968.860
954-1	SPK2001	Continuing	954	нормально,	нормально	linguistic			End=969.700
955-0	SPK2001	Continuing	955	этот,	этот	linguistic			Begin=969.700|End=970.130
956-0	SPK2001	Falling	956	м	м	linguistic			Begin=970.340
956-1	SPK2001	Falling	956	жақсы	жақсы	linguistic			
956-2	SPK2001	Falling	956	қарайды	қарайды	linguistic			
956-3	SPK2001	Falling	956	да.	да	linguistic			End=971.370
957-0	SPK2001	Continuing	957	A	A	linguistic			Begin=971.370
957-1	SPK2001	Continuing	957	кейбіреулері	кейбіреулері	linguistic			
957-2	SPK2001	Continuing	957	типа,	типа	linguistic			End=972.300
958-0	SPK2001	undefined	958	ей	ей	linguistic			Begin=972.300
958-1	SPK2001	undefined	958	мына	мына	linguistic			
958-2	SPK2001	undefined	958	бала	бала	linguistic			
958-3	SPK2001	undefined	958	ғой	ғой	linguistic			
958-4	SPK2001	undefined	958	деп	деп	linguistic			End=973.240
959-0	SPK2001	Continuing	959	вообще,	вообще	linguistic			Begin=973.240|End=973.600
960-0	SPK2001	Falling	960	түк	түк	linguistic			Begin=973.600
960-1	SPK2001	Falling	960	қарамайды.	қарамайды	linguistic			End=974.370
961-0	SPK2002	Rising	961	Да?	Да	linguistic			Begin=974.401|End=974.848
962-0	SPK2002	undefined	962	(TSK)	(TSK)	_			Begin=975.151|End=975.549
963-0	SPK2001	Continuing	963	Ну	Ну	linguistic			Begin=975.886
963-1	SPK2001	Continuing	963	это	это	linguistic			
963-2	SPK2001	Continuing	963	типа	типа	linguistic			
963-3	SPK2001	Continuing	963	от	от	linguistic			
963-4	SPK2001	Continuing	963	людей	людей	linguistic			
963-5	SPK2001	Continuing	963	зависит	зависит	linguistic			
963-6	SPK2001	Continuing	963	а	а	linguistic			
963-7	SPK2001	Continuing	963	не,	не	linguistic			End=977.320
964-0	SPK2001	Falling	964	от	от	linguistic			Begin=977.320
964-1	SPK2001	Falling	964	больницы	больницы	linguistic			
964-2	SPK2001	Falling	964	типа.	типа	linguistic			End=978.174
965-0	SPK2001	Falling	965	Сама	Сама	linguistic			Begin=978.925
965-1	SPK2001	Falling	965	больница	больница	linguistic			
965-2	SPK2001	Falling	965	классная.	классная	linguistic			End=979.865
966-0	SPK2001	Falling	966	Мне	Мне	linguistic			Begin=980.630
966-1	SPK2001	Falling	966	нравится.	нравится	linguistic			End=981.100
967-0	SPK2002	Interrupted	967	Ну	Ну	linguistic			Begin=981.499
967-1	SPK2002	Interrupted	967	оказывается	оказывается	linguistic			
967-2	SPK2002	Interrupted	967	мен-	мен	linguistic		Interrupted=Yes	End=982.470
968-0	SPK2002	Continuing	968	мен,	мен	linguistic			Begin=982.470|End=982.910
969-0	SPK2002	Continuing	969	бұрын,	бұрын	linguistic			Begin=982.910|End=983.318
970-0	SPK2002	Continuing	970	не	не	linguistic			Begin=983.715
970-1	SPK2002	Continuing	970	замечала,	замечала	linguistic			End=984.513
971-0	SPK2002	Continuing	971	этот,	этот	linguistic			Begin=984.910|End=985.300
972-0	SPK2002	Continuing	972	дәл	дәл	linguistic			Begin=985.590
972-1	SPK2002	Continuing	972	входтың	входтың	linguistic			
972-2	SPK2002	Continuing	972	алдында,	алдында	linguistic			End=986.945
973-0	SPK2002	Continuing	973	оң,	оң	linguistic			Begin=988.160|End=989.230
974-0	SPK2002	Continuing	974	жоқ,	жоқ	linguistic			Begin=989.230|End=989.540
975-0	SPK2002	Continuing	975	кіргенде,	кіргенде	linguistic			Begin=989.540|End=990.460
976-0	SPK2002	Continuing	976	сол	сол	linguistic			Begin=990.460
976-1	SPK2002	Continuing	976	жақта,	жақта	linguistic			End=991.350
977-0	SPK2002	Continuing	977	оказывается,	оказывается	linguistic			Begin=991.350|End=991.806
978-0	SPK2002	Continuing	978	бесплатно	бесплатно	linguistic			Begin=992.223
978-1	SPK2002	Continuing	978	сол,	сол	linguistic			End=993.040
979-0	SPK2002	Continuing	979	РДЦның	РДЦның	linguistic			Begin=993.040
979-1	SPK2002	Continuing	979	ішінде,	ішінде	linguistic			End=994.280
980-0	SPK2002	Continuing	980	коляскалар,	коляскалар	linguistic			Begin=994.280|End=995.310
981-0	SPK2002	Continuing	981	балаларға,	балаларға	linguistic			Begin=995.644|End=996.357
982-0	SPK2002	Falling	982	кәдімгі	кәдімгі	linguistic			Begin=996.717
982-1	SPK2002	Falling	982	детские	детские	linguistic			
982-2	SPK2002	Falling	982	коляска	коляска	linguistic			
982-3	SPK2002	Falling	982	бар	бар	linguistic			
982-4	SPK2002	Falling	982	ғой.	ғой	linguistic			End=998.077
983-0	SPK2001	Falling	983	Мхм.	Мхм	linguistic			Begin=998.070|End=998.440
984-0	SPK2002	Continuing	984	Солар	Солар	linguistic			Begin=998.471
984-1	SPK2002	Continuing	984	тұр	тұр	linguistic			
984-2	SPK2002	Continuing	984	екен,	екен	linguistic			End=999.220
985-0	SPK2002	Falling	985	бірнешеу.	бірнешеу	linguistic			Begin=999.220|End=999.910
986-0	SPK2002	Continuing	986	И	И	linguistic			Begin=1000.472
986-1	SPK2002	Continuing	986	инвалидные	инвалидные	linguistic			
986-2	SPK2002	Continuing	986	коляскалар	коляскалар	linguistic			
986-3	SPK2002	Continuing	986	тұр	тұр	linguistic			
986-4	SPK2002	Continuing	986	екен	екен	linguistic			
986-5	SPK2002	Continuing	986	бірнеше	бірнеше	linguistic			
986-6	SPK2002	Continuing	986	ол,	ол	linguistic			End=1002.990
987-0	SPK2002	Continuing	987	и	и	linguistic			Begin=1002.990
987-1	SPK2002	Continuing	987	олардың	олардың	linguistic			
987-2	SPK2002	Continuing	987	барлығы	барлығы	linguistic			
987-3	SPK2002	Continuing	987	ондай,	ондай	linguistic			End=1004.145
988-0	SPK2002	Falling	988	РДЦ	РДЦ	linguistic			Begin=1004.145
988-1	SPK2002	Falling	988	деп	деп	linguistic			
988-2	SPK2002	Falling	988	жазылып	жазылып	linguistic			
988-3	SPK2002	Falling	988	тұр.	тұр	linguistic			End=1005.558
989-0	SPK2001	Continuing	989	Ну	Ну	linguistic			Begin=1005.865
989-1	SPK2001	Continuing	989	да,	да	linguistic			End=1006.300
990-0	SPK2001	Continuing	990	мен	мен	linguistic			Begin=1006.300
990-1	SPK2001	Continuing	990	андай	андай	linguistic			
990-2	SPK2001	Continuing	990	инвалидные	инвалидные	linguistic			
990-3	SPK2001	Continuing	990	коляскаларды	коляскаларды	linguistic			
990-4	SPK2001	Continuing	990	көрдім	көрдім	linguistic			
990-5	SPK2001	Continuing	990	бірақ,	бірақ	linguistic			End=1008.080
991-0	SPK2001	Falling	991	детская	детская	linguistic			Begin=1008.080
991-1	SPK2001	Falling	991	коляскаларды	коляскаларды	linguistic			
991-2	SPK2001	Falling	991	көрген	көрген	linguistic			
991-3	SPK2001	Falling	991	жоқпын.	жоқпын	linguistic			End=1009.500
992-0	SPK2002	Falling	992	Мен	Мен	linguistic			Begin=1009.410
992-1	SPK2002	Falling	992	бүгін	бүгін	linguistic			
992-2	SPK2002	Falling	992	детский	детский	linguistic			
992-3	SPK2002	Falling	992	коляскаларды	коляскаларды	linguistic			
992-4	SPK2002	Falling	992	көрдім.	көрдім	linguistic			End=1011.302
993-0	SPK2001	Falling	993	Мегада	Мегада	linguistic			Begin=1011.220
993-1	SPK2001	Falling	993	да	да	linguistic			
993-2	SPK2001	Falling	993	ондайлар	ондайлар	linguistic			
993-3	SPK2001	Falling	993	бар.	бар	linguistic			End=1012.377
994-0	SPK2002	Rising	994	А	А	linguistic			Begin=1012.580
994-1	SPK2002	Rising	994	да?	да	linguistic			End=1013.092
995-0	SPK2001	Falling	995	Да.	Да	linguistic			Begin=1013.238|End=1013.545
996-0	SPK2001	Continuing	996	Мен	Мен	linguistic			Begin=1013.774
996-1	SPK2001	Continuing	996	когда,	когда	linguistic			End=1014.170
997-0	SPK2001	Continuing	997	этот,	этот	linguistic			Begin=1014.170|End=1014.530
998-0	SPK2001	Continuing	998	біз,	біз	linguistic			Begin=1014.530|End=1014.930
999-0	SPK2001	Continuing	999	біз	біз	linguistic			Begin=1014.930
999-1	SPK2001	Continuing	999	жақтан	жақтан	linguistic			
999-2	SPK2001	Continuing	999	келіп	келіп	linguistic			
999-3	SPK2001	Continuing	999	кіргенде,	кіргенде	linguistic			End=1016.333
1000-0	SPK2001	Interrupted	1000	Э	Э	linguistic			Begin=1016.920
1000-1	SPK2001	Interrupted	1000	##--	##-	linguistic		Interrupted=Yes	End=1017.520
1001-0	SPK2002	Rising	1001	Бесплатно?	Бесплатно	linguistic			Begin=1017.176|End=1017.865
1002-0	SPK2001	Continuing	1002	екі	екі	linguistic			Begin=1017.520
1002-1	SPK2001	Continuing	1002	эскалатор	эскалатор	linguistic			
1002-2	SPK2001	Continuing	1002	бар	бар	linguistic			
1002-3	SPK2001	Continuing	1002	ғой,	ғой	linguistic			End=1018.860
1003-0	SPK2001	Interrupted	1003	соның	соның	linguistic			Begin=1018.860
1003-1	SPK2001	Interrupted	1003	о-	о	linguistic		Interrupted=Yes	End=1019.280
1004-0	SPK2001	Continuing	1004	біреуінің	біреуінің	linguistic			Begin=1019.280
1004-1	SPK2001	Continuing	1004	астында,	астында	linguistic			End=1020.371
1005-0	SPK2001	Continuing	1005	Я	Я	linguistic			Begin=1020.653
1005-1	SPK2001	Continuing	1005	не	не	linguistic			
1005-2	SPK2001	Continuing	1005	знаю	знаю	linguistic			
1005-3	SPK2001	Continuing	1005	бесплатно	бесплатно	linguistic			
1005-4	SPK2001	Continuing	1005	или	или	linguistic			
1005-5	SPK2001	Continuing	1005	нет,	нет	linguistic			End=1021.620
1006-0	SPK2001	Falling	1006	но	но	linguistic			Begin=1021.790
1006-1	SPK2001	Falling	1006	там	там	linguistic			
1006-2	SPK2001	Falling	1006	коляски	коляски	linguistic			
1006-3	SPK2001	Falling	1006	стояли.	стояли	linguistic			End=1022.762
1007-0	SPK2002	Falling	1007	Ну	Ну	linguistic			Begin=1022.860
1007-1	SPK2002	Falling	1007	в	в	linguistic			
1007-2	SPK2002	Falling	1007	РДЦ	РДЦ	linguistic			
1007-3	SPK2002	Falling	1007	бесплатно	бесплатно	linguistic			
1007-4	SPK2002	Falling	1007	видишь.	видишь	linguistic			End=1024.291
1008-0	SPK2001	Continuing	1008	И,	И	linguistic			Begin=1022.971|End=1023.324
1009-0	SPK2001	Continuing	1009	коляска	коляска	linguistic			Begin=1024.201
1009-1	SPK2001	Continuing	1009	ма,	ма	linguistic			End=1025.760
1010-0	SPK2001	Falling	1010	тұрды	тұрды	linguistic			Begin=1026.344
1010-1	SPK2001	Falling	1010	ма	ма	linguistic			
1010-2	SPK2001	Falling	1010	тұрған	тұрған	linguistic			
1010-3	SPK2001	Falling	1010	жоқ	жоқ	linguistic			
1010-4	SPK2001	Falling	1010	па	па	linguistic			
1010-5	SPK2001	Falling	1010	не	не	linguistic			
1010-6	SPK2001	Falling	1010	помню.	помню	linguistic			End=1027.458
1011-0	SPK2001	Falling	1011	Ну	Ну	linguistic			Begin=1027.898
1011-1	SPK2001	Falling	1011	там	там	linguistic			
1011-2	SPK2001	Falling	1011	коляски	коляски	linguistic			
1011-3	SPK2001	Falling	1011	точно	точно	linguistic			
1011-4	SPK2001	Falling	1011	стояли.	стояли	linguistic			End=1029.058
1012-0	SPK2002	Falling	1012	Ну	Ну	linguistic			Begin=1030.970
1012-1	SPK2002	Falling	1012	я	я	linguistic			
1012-2	SPK2002	Falling	1012	удивилась.	удивилась	linguistic			End=1031.870
1013-0	SPK2001	Falling	1013	М.	М	linguistic			Begin=1033.154|End=1033.760
1014-0	SPK2002	Falling	1014	Соңғы	Соңғы	linguistic			Begin=1033.160
1014-1	SPK2002	Falling	1014	рет.	рет	linguistic			End=1034.230
1015-0	SPK2001	Continuing	1015	А	А	linguistic			Begin=1035.499
1015-1	SPK2001	Continuing	1015	сен	сен	linguistic			
1015-2	SPK2001	Continuing	1015	получается,	получается	linguistic			End=1036.230
1016-0	SPK2001	Continuing	1016	этот,	этот	linguistic			Begin=1036.230|End=1036.490
1017-0	SPK2001	Interrupted	1017	регистратурад-	регистратурад	linguistic		Interrupted=Yes	Begin=1036.490|End=1037.280
1018-0	SPK2001	Continuing	1018	ну,	ну	linguistic			Begin=1037.280|End=1037.520
1019-0	SPK2001	Continuing	1019	ана,	ана	linguistic			Begin=1037.520|End=1037.800
1020-0	SPK2001	Continuing	1020	справочная	справочная	linguistic			Begin=1037.800
1020-1	SPK2001	Continuing	1020	сұрамай	сұрамай	linguistic			
1020-2	SPK2001	Continuing	1020	сразу,	сразу	linguistic			End=1039.170
1021-0	SPK2001	Rising	1021	екінші	екінші	linguistic			Begin=1039.170
1021-1	SPK2001	Rising	1021	этажға	этажға	linguistic			
1021-2	SPK2001	Rising	1021	көтерілдің	көтерілдің	linguistic			
1021-3	SPK2001	Rising	1021	да?	да	linguistic			End=1040.510
1022-0	SPK2002	Falling	1022	Ну	Ну	linguistic			Begin=1040.535
1022-1	SPK2002	Falling	1022	да.	да	linguistic			End=1040.980
1023-0	SPK2001	undefined	1023	(Hx)	(Hx)	_			Begin=1041.535|End=1041.996
1024-0	SPK2001	Falling	1024	М.	М	linguistic			Begin=1042.160|End=1042.550
1025-0	SPK2001	Continuing	1025	Мен	Мен	linguistic			Begin=1045.392
1025-1	SPK2001	Continuing	1025	просто	просто	linguistic			
1025-2	SPK2001	Continuing	1025	онда,	онда	linguistic			End=1045.970
1026-0	SPK2001	Continuing	1026	РДЦға	РДЦға	linguistic			Begin=1045.970
1026-1	SPK2001	Continuing	1026	бірінші	бірінші	linguistic			
1026-2	SPK2001	Continuing	1026	рет	рет	linguistic			
1026-3	SPK2001	Continuing	1026	барғанда	барғанда	linguistic			
1026-4	SPK2001	Continuing	1026	вообще,	вообще	linguistic			End=1047.300
1027-0	SPK2001	Continuing	1027	білмедім,	білмедім	linguistic			Begin=1047.300|End=1047.720
1028-0	SPK2001	Falling	1028	қайда	қайда	linguistic			Begin=1047.720
1028-1	SPK2001	Falling	1028	бару	бару	linguistic			
1028-2	SPK2001	Falling	1028	керек	керек	linguistic			
1028-3	SPK2001	Falling	1028	еді.	еді	linguistic			End=1048.594
1029-0	SPK2001	Continuing	1029	Мен	Мен	linguistic			Begin=1049.999
1029-1	SPK2001	Continuing	1029	вообще,	вообще	linguistic			End=1050.410
1030-0	SPK2001	Rising	1030	бірінші	бірінші	linguistic			Begin=1050.410
1030-1	SPK2001	Rising	1030	рет	рет	linguistic			
1030-2	SPK2001	Rising	1030	неменеге	неменеге	linguistic			
1030-3	SPK2001	Rising	1030	бардым	бардым	linguistic			
1030-4	SPK2001	Rising	1030	онда?	онда	linguistic			End=1051.870
1031-0	SPK2001	Continuing	1031	Точно,	Точно	linguistic			Begin=1056.822|End=1057.160
1032-0	SPK2001	Continuing	1032	а,	а	linguistic			Begin=1057.160|End=1057.540
1033-0	SPK2001	Continuing	1033	не,	не	linguistic			Begin=1057.540|End=1057.830
1034-0	SPK2001	Continuing	1034	а	а	linguistic			Begin=1058.180
1034-1	SPK2001	Continuing	1034	или	или	linguistic			
1034-2	SPK2001	Continuing	1034	нет,	нет	linguistic			End=1058.790
1035-0	SPK2001	Rising	1035	вакцина	вакцина	linguistic			Begin=1058.983
1035-1	SPK2001	Rising	1035	алуға?	алуға	linguistic			End=1060.059
1036-0	SPK2001	Falling	1036	Нет.	Нет	linguistic			Begin=1060.232|End=1060.650
1037-0	SPK2002	Continuing	1037	Мен	Мен	linguistic			Begin=1061.160
1037-1	SPK2002	Continuing	1037	РДЦға	РДЦға	linguistic			
1037-2	SPK2002	Continuing	1037	бірінші	бірінші	linguistic			
1037-3	SPK2002	Continuing	1037	рет	рет	linguistic			
1037-4	SPK2002	Continuing	1037	сенімен,	сенімен	linguistic			End=1062.600
1038-0	SPK2002	Continuing	1038	бірге,	бірге	linguistic			Begin=1062.600|End=1063.130
1039-0	SPK2002	Falling	1039	бардым	бардым	linguistic			Begin=1063.130
1039-1	SPK2002	Falling	1039	ғой	ғой	linguistic			
1039-2	SPK2002	Falling	1039	жай.	жай	linguistic			End=1063.860
1040-0	SPK2001	Rising	1040	Қашан?	Қашан	linguistic			Begin=1063.895|End=1064.600
1041-0	SPK2002	undefined	1041	Сопровождение	Сопровождение	linguistic			Begin=1064.055
1041-1	SPK2002	undefined	1041	@@	@@	linguistic			End=1065.158
1042-0	SPK2001	Rising	1042	Неменеге?	Неменеге	linguistic			Begin=1065.210|End=1065.670
1043-0	SPK2002	Continuing	1043	Сен,	Сен	linguistic			Begin=1065.984|End=1066.270
1044-0	SPK2002	Falling	1044	вакцина	вакцина	linguistic			Begin=1066.270
1044-1	SPK2002	Falling	1044	алғанда.	алғанда	linguistic			End=1067.190
1045-0	SPK2001	Continuing	1045	А,	А	linguistic			Begin=1067.450|End=1067.830
1046-0	SPK2001	Falling	1046	точно.	точно	linguistic			Begin=1067.830|End=1068.248
1047-0	SPK2002	Continuing	1047	Сосын	Сосын	linguistic			Begin=1070.163
1047-1	SPK2002	Continuing	1047	одан	одан	linguistic			
1047-2	SPK2002	Continuing	1047	кейін,	кейін	linguistic			End=1070.960
1048-0	SPK2002	Continuing	1048	мен,	мен	linguistic			Begin=1070.960|End=1071.760
1049-0	SPK2002	Falling	1049	рентгенға	рентгенға	linguistic			Begin=1071.760
1049-1	SPK2002	Falling	1049	ғана	ғана	linguistic			
1049-2	SPK2002	Falling	1049	түстім	түстім	linguistic			
1049-3	SPK2002	Falling	1049	бітті.	бітті	linguistic			End=1073.585
1050-0	SPK2001	Falling	1050	М.	М	linguistic			Begin=1074.700|End=1075.530
1051-0	SPK2002	Continuing	1051	И	И	linguistic			Begin=1075.110
1051-1	SPK2002	Continuing	1051	бүгін	бүгін	linguistic			
1051-2	SPK2002	Continuing	1051	мен	мен	linguistic			
1051-3	SPK2002	Continuing	1051	екінші	екінші	linguistic			
1051-4	SPK2002	Continuing	1051	рет	рет	linguistic			
1051-5	SPK2002	Continuing	1051	бардым,	бардым	linguistic			End=1076.570
1052-0	SPK2002	Falling	1052	по-моему.	по-моему	linguistic			Begin=1076.570|End=1077.080
1053-0	SPK2002	undefined	1053	Прикинь	Прикинь	linguistic			Begin=1078.256
1053-1	SPK2002	undefined	1053	@@	@@	linguistic			End=1078.973
1054-0	SPK2001	undefined	1054	@@	@@	linguistic			Begin=1079.029|End=1079.704
1055-0	SPK2001	Falling	1055	Ай.	Ай	linguistic			Begin=1087.846|End=1088.320
1056-0	SPK2001	Continuing	1056	Маған	Маған	linguistic			Begin=1091.717
1056-1	SPK2001	Continuing	1056	сол,	сол	linguistic			End=1092.300
1057-0	SPK2001	Continuing	1057	дерматологқа,	дерматологқа	linguistic			Begin=1092.300|End=1093.690
1058-0	SPK2001	Continuing	1058	там	там	linguistic			Begin=1093.690
1058-1	SPK2001	Continuing	1058	гастроэнтерологқа,	гастроэнтерологқа	linguistic			End=1095.012
1059-0	SPK2001	Falling	1059	бару	бару	linguistic			Begin=1095.012
1059-1	SPK2001	Falling	1059	керек	керек	linguistic			
1059-2	SPK2001	Falling	1059	еді.	еді	linguistic			End=1095.997
1060-0	SPK2001	Falling	1060	Чета	Чета	linguistic			Begin=1096.107
1060-1	SPK2001	Falling	1060	барған	барған	linguistic			
1060-2	SPK2001	Falling	1060	жоқпын.	жоқпын	linguistic			End=1096.933
1061-0	SPK2002	Rising	1061	А	А	linguistic			Begin=1096.941
1061-1	SPK2002	Rising	1061	что	что	linguistic			
1061-2	SPK2002	Rising	1061	сен	сен	linguistic			
1061-3	SPK2002	Rising	1061	де	де	linguistic			
1061-4	SPK2002	Rising	1061	жазылған	жазылған	linguistic			
1061-5	SPK2002	Rising	1061	жоқсың?	жоқсың	linguistic			End=1098.090
1062-0	SPK2002	Falling	1062	Гастроэнтерологқа.	Гастроэнтерологқа	linguistic			Begin=1098.090|End=1099.141
1063-0	SPK2001	undefined	1063	@@	@@	linguistic			Begin=1100.771|End=1101.279
1064-0	SPK2001	Continuing	1064	Кхм,	Кхм	linguistic			Begin=1101.431|End=1101.660
1065-0	SPK2001	Continuing	1065	ну,	ну	linguistic			Begin=1101.660|End=1101.980
1066-0	SPK2001	Continuing	1066	потому	потому	linguistic			Begin=1101.980
1066-1	SPK2001	Continuing	1066	что	что	linguistic			
1066-2	SPK2001	Continuing	1066	менде,	менде	linguistic			End=1102.780
1067-0	SPK2001	Continuing	1067	менде	менде	linguistic			Begin=1102.780
1067-1	SPK2001	Continuing	1067	ана	ана	linguistic			
1067-2	SPK2001	Continuing	1067	гастроэнтерологқа	гастроэнтерологқа	linguistic			
1067-3	SPK2001	Continuing	1067	направление	направление	linguistic			
1067-4	SPK2001	Continuing	1067	бар,	бар	linguistic			End=1104.835
1068-0	SPK2001	Continuing	1068	бірақ,	бірақ	linguistic			Begin=1105.083|End=1105.484
1069-0	SPK2001	Continuing	1069	эм,	эм	linguistic			Begin=1105.552|End=1105.838
1070-0	SPK2001	Continuing	1070	сен	сен	linguistic			Begin=1106.022
1070-1	SPK2001	Continuing	1070	айтқанда	айтқанда	linguistic			
1070-2	SPK2001	Continuing	1070	ана,	ана	linguistic			End=1106.890
1071-0	SPK2001	Interrupted	1071	ФГ-	ФГ	linguistic		Interrupted=Yes	Begin=1107.037|End=1107.430
1072-0	SPK2001	Rising	1072	немене	немене	linguistic			Begin=1107.430
1072-1	SPK2001	Rising	1072	еді	еді	linguistic			
1072-2	SPK2001	Rising	1072	әлгі?	әлгі	linguistic			End=1108.248
1073-0	SPK2002	Falling	1073	ФГДС.	ФГДС	linguistic			Begin=1108.360|End=1108.915
1074-0	SPK2001	Continuing	1074	ФГДС,	ФГДС	linguistic			Begin=1108.953|End=1109.858
1075-0	SPK2001	Continuing	1075	ол	ол	linguistic			Begin=1109.879
1075-1	SPK2001	Continuing	1075	этот,	этот	linguistic			End=1110.600
1076-0	SPK2001	Continuing	1076	э,	э	linguistic			Begin=1110.641|End=1111.010
1077-0	SPK2001	Falling	1077	УЗИға	УЗИға	linguistic			Begin=1111.010
1077-1	SPK2001	Falling	1077	менде	менде	linguistic			
1077-2	SPK2001	Falling	1077	направление	направление	linguistic			
1077-3	SPK2001	Falling	1077	жоқ.	жоқ	linguistic			End=1112.653
1078-0	SPK2001	Falling	1078	Я	Я	linguistic			Begin=1112.910
1078-1	SPK2001	Falling	1078	не	не	linguistic			
1078-2	SPK2001	Falling	1078	знаю	знаю	linguistic			
1078-3	SPK2001	Falling	1078	почему	почему	linguistic			
1078-4	SPK2001	Falling	1078	мне	мне	linguistic			
1078-5	SPK2001	Falling	1078	¬Иван	Иван	linguistic		Anonymized=Yes	
1078-6	SPK2001	Falling	1078	Иванович	Иванович	linguistic			
1078-7	SPK2001	Falling	1078	направление	направление	linguistic			
1078-8	SPK2001	Falling	1078	не	не	linguistic			
1078-9	SPK2001	Falling	1078	дал.	дал	linguistic			End=1114.990
1079-0	SPK2002	Continuing	1079	А	А	linguistic			Begin=1115.132
1079-1	SPK2002	Continuing	1079	зачем	зачем	linguistic			
1079-2	SPK2002	Continuing	1079	ол	ол	linguistic			
1079-3	SPK2002	Continuing	1079	саған	саған	linguistic			
1079-4	SPK2002	Continuing	1079	вообще,	вообще	linguistic			End=1116.130
1080-0	SPK2002	Falling	1080	гастроэнтерологқа	гастроэнтерологқа	linguistic			Begin=1116.130
1080-1	SPK2002	Falling	1080	направление	направление	linguistic			
1080-2	SPK2002	Falling	1080	береді.	береді	linguistic			End=1117.690
1081-0	SPK2001	Continuing	1081	Вот	Вот	linguistic			Begin=1117.580
1081-1	SPK2001	Continuing	1081	я	я	linguistic			
1081-2	SPK2001	Continuing	1081	не	не	linguistic			
1081-3	SPK2001	Continuing	1081	помню,	помню	linguistic			End=1118.390
1082-0	SPK2001	Falling	1082	почему	почему	linguistic			Begin=1118.390
1082-1	SPK2001	Falling	1082	я	я	linguistic			
1082-2	SPK2001	Falling	1082	у	у	linguistic			
1082-3	SPK2001	Falling	1082	него	него	linguistic			
1082-4	SPK2001	Falling	1082	просила	просила	linguistic			
1082-5	SPK2001	Falling	1082	#	#	unknown			
1082-6	SPK2001	Falling	1082	направление	направление	linguistic			
1082-7	SPK2001	Falling	1082	к	к	linguistic			
1082-8	SPK2001	Falling	1082	гастроэнтерологу.	гастроэнтерологу	linguistic			End=1121.172
1083-0	SPK2001	Continuing	1083	Менде	Менде	linguistic			Begin=1121.780
1083-1	SPK2001	Continuing	1083	кажется	кажется	linguistic			
1083-2	SPK2001	Continuing	1083	этот,	этот	linguistic			End=1122.680
1084-0	SPK2001	undefined	1084	ішім	ішім	linguistic			Begin=1122.680
1084-1	SPK2001	undefined	1084	ауырды	ауырды	linguistic			
1084-2	SPK2001	undefined	1084	ол	ол	linguistic			
1084-3	SPK2001	undefined	1084	кезде	кезде	linguistic			
1084-4	SPK2001	undefined	1084	@@	@@	linguistic			End=1124.008
1085-0	SPK2002	Continuing	1085	У	У	linguistic			Begin=1124.059
1085-1	SPK2002	Continuing	1085	тебя	тебя	linguistic			
1085-2	SPK2002	Continuing	1085	запоры	запоры	linguistic			
1085-3	SPK2002	Continuing	1085	были,	были	linguistic			End=1125.080
1086-0	SPK2002	Rising	1086	да?	да	linguistic			Begin=1125.080|End=1125.470
1087-0	SPK2001	undefined	1087	@@@@@	@@@@@	linguistic			Begin=1125.338|End=1127.114
1088-0	SPK2001	Interrupted	1088	Вот	Вот	linguistic			Begin=1127.534
1088-1	SPK2001	Interrupted	1088	не	не	linguistic			
1088-2	SPK2001	Interrupted	1088	п-	п	linguistic		Interrupted=Yes	End=1128.200
1089-0	SPK2001	Continuing	1089	нет,	нет	linguistic			Begin=1128.200|End=1128.660
1090-0	SPK2001	Continuing	1090	не	не	linguistic			Begin=1128.660
1090-1	SPK2001	Continuing	1090	знаю	знаю	linguistic			
1090-2	SPK2001	Continuing	1090	короче,	короче	linguistic			End=1129.350
1091-0	SPK2002	undefined	1091	@@	@@	linguistic			Begin=1129.313|End=1129.881
1092-0	SPK2001	Falling	1092	у	у	linguistic			Begin=1129.350
1092-1	SPK2001	Falling	1092	меня	меня	linguistic			
1092-2	SPK2001	Falling	1092	живот	живот	linguistic			
1092-3	SPK2001	Falling	1092	болел	болел	linguistic			
1092-4	SPK2001	Falling	1092	тогда	тогда	linguistic			
1092-5	SPK2001	Falling	1092	в	в	linguistic			
1092-6	SPK2001	Falling	1092	то	то	linguistic			
1092-7	SPK2001	Falling	1092	время.	время	linguistic			End=1131.045
1093-0	SPK2001	Continuing	1093	И	И	linguistic			Begin=1131.386
1093-1	SPK2001	Continuing	1093	наверное	наверное	linguistic			
1093-2	SPK2001	Continuing	1093	поэтому	поэтому	linguistic			
1093-3	SPK2001	Continuing	1093	я	я	linguistic			
1093-4	SPK2001	Continuing	1093	у	у	linguistic			
1093-5	SPK2001	Continuing	1093	него	него	linguistic			
1093-6	SPK2001	Continuing	1093	взяла	взяла	linguistic			
1093-7	SPK2001	Continuing	1093	направление,	направление	linguistic			End=1133.273
1094-0	SPK2001	Falling	1094	так	так	linguistic			Begin=1133.273
1094-1	SPK2001	Falling	1094	и	и	linguistic			
1094-2	SPK2001	Falling	1094	не	не	linguistic			
1094-3	SPK2001	Falling	1094	ходила	ходила	linguistic			
1094-4	SPK2001	Falling	1094	ни	ни	linguistic			
1094-5	SPK2001	Falling	1094	к	к	linguistic			
1094-6	SPK2001	Falling	1094	кому.	кому	linguistic			End=1134.375
1095-0	SPK2001	Interrupted	1095	А-	А	linguistic		Interrupted=Yes	Begin=1135.390|End=1135.660
1096-0	SPK2001	Continuing	1096	а	а	linguistic			Begin=1135.660
1096-1	SPK2001	Continuing	1096	мен,	мен	linguistic			End=1136.110
1097-0	SPK2001	Interrupted	1097	дерматовенеро-	дерматовенеро	linguistic		Interrupted=Yes	Begin=1136.110|End=1137.350
1098-0	SPK2001	Continuing	1098	дерматологқа,	дерматологқа	linguistic			Begin=1137.610|End=1138.841
1099-0	SPK2001	Continuing	1099	(TSK)	(TSK)	_			Begin=1139.332
1099-1	SPK2001	Continuing	1099	а,	а	linguistic			End=1139.790
1100-0	SPK2001	Continuing	1100	дерматологқа	дерматологқа	linguistic			Begin=1139.790
1100-1	SPK2001	Continuing	1100	мынау	мынау	linguistic			
1100-2	SPK2001	Continuing	1100	үшін,	үшін	linguistic			End=1140.910
1101-0	SPK2001	Interrupted	1101	ап-	ап	linguistic		Interrupted=Yes	Begin=1141.694|End=1142.000
1102-0	SPK2001	Falling	1102	ну	ну	linguistic			Begin=1142.000
1102-1	SPK2001	Falling	1102	бардым.	бардым	linguistic			End=1142.840
1103-0	SPK2002	Rising	1103	И	И	linguistic			Begin=1143.179
1103-1	SPK2002	Rising	1103	что?	что	linguistic			End=1143.760
1104-0	SPK2002	Rising	1104	немене	немене	linguistic			Begin=1143.781
1104-1	SPK2002	Rising	1104	деді?	деді	linguistic			End=1144.360
1105-0	SPK2002	Continuing	1105	А,	А	linguistic			Begin=1145.189|End=1145.330
1106-0	SPK2002	Continuing	1106	сен	сен	linguistic			Begin=1145.330
1106-1	SPK2002	Continuing	1106	бардың	бардың	linguistic			
1106-2	SPK2002	Continuing	1106	ба,	ба	linguistic			End=1145.980
1107-0	SPK2002	Rising	1107	дерматологқа?	дерматологқа	linguistic			Begin=1145.980|End=1146.690
1108-0	SPK2001	Continuing	1108	Ой,	Ой	linguistic			Begin=1146.200|End=1146.500
1109-0	SPK2001	Continuing	1109	этот,	этот	linguistic			Begin=1146.500|End=1146.850
1110-0	SPK2001	Continuing	1110	алдым,	алдым	linguistic			Begin=1146.850|End=1147.300
1111-0	SPK2001	Continuing	1111	направлениены,	направлениены	linguistic			Begin=1147.300|End=1147.980
1112-0	SPK2001	Continuing	1112	бірақ,	бірақ	linguistic			Begin=1147.980|End=1148.200
1113-0	SPK2001	Falling	1113	дерматологқа	дерматологқа	linguistic			Begin=1148.200
1113-1	SPK2001	Falling	1113	так	так	linguistic			
1113-2	SPK2001	Falling	1113	и	и	linguistic			
1113-3	SPK2001	Falling	1113	барған	барған	linguistic			
1113-4	SPK2001	Falling	1113	жоқпын.	жоқпын	linguistic			End=1149.680
1114-0	SPK2001	Falling	1114	Вот	Вот	linguistic			Begin=1150.452
1114-1	SPK2001	Falling	1114	не	не	linguistic			
1114-2	SPK2001	Falling	1114	знаю	знаю	linguistic			
1114-3	SPK2001	Falling	1114	почему.	почему	linguistic			End=1151.554
1115-0	SPK2002	undefined	1115	YAWNS	YAWNS	paraverbal	_		Begin=1151.922|End=1152.462
1116-0	SPK2001	Continuing	1116	Не	Не	linguistic			Begin=1152.214
1116-1	SPK2001	Continuing	1116	знаю,	знаю	linguistic			End=1152.560
1117-0	SPK2001	Continuing	1117	просто	просто	linguistic			Begin=1152.560
1117-1	SPK2001	Continuing	1117	мен,	мен	linguistic			End=1153.020
1118-0	SPK2001	Continuing	1118	этот,	этот	linguistic			Begin=1153.220|End=1153.620
1119-0	SPK2001	Continuing	1119	Fallда,	Fallда	linguistic			Begin=1153.620|End=1154.160
1120-0	SPK2001	Continuing	1120	Fallдағы	Fallдағы	linguistic			Begin=1154.160
1120-1	SPK2001	Continuing	1120	семестрда,	семестрда	linguistic			End=1155.220
1121-0	SPK2001	Continuing	1121	я,	я	linguistic			Begin=1155.560|End=1155.810
1122-0	SPK2001	Interrupted	1122	столько	столько	linguistic			Begin=1156.090
1122-1	SPK2001	Interrupted	1122	раз-	раз	linguistic		Interrupted=Yes	End=1157.080
1123-0	SPK2001	Continuing	1123	я,	я	linguistic			Begin=1157.080|End=1157.310
1124-0	SPK2001	Continuing	1124	столько,	столько	linguistic			Begin=1157.310|End=1158.010
1125-0	SPK2001	Interrupted	1125	времени	времени	linguistic			Begin=1158.010
1125-1	SPK2001	Interrupted	1125	прово-	прово	linguistic		Interrupted=Yes	End=1158.880
1126-0	SPK2001	Continuing	1126	провела,	провела	linguistic			Begin=1158.880|End=1159.470
1127-0	SPK2001	Falling	1127	в	в	linguistic			Begin=1159.470
1127-1	SPK2001	Falling	1127	РДЦ.	РДЦ	linguistic			End=1160.244
1128-0	SPK2001	Falling	1128	Что	Что	linguistic			Begin=1160.839
1128-1	SPK2001	Falling	1128	такое	такое	linguistic			
1128-2	SPK2001	Falling	1128	чувство	чувство	linguistic			
1128-3	SPK2001	Falling	1128	будто	будто	linguistic			
1128-4	SPK2001	Falling	1128	я	я	linguistic			
1128-5	SPK2001	Falling	1128	в	в	linguistic			
1128-6	SPK2001	Falling	1128	РДЦ	РДЦ	linguistic			
1128-7	SPK2001	Falling	1128	была	была	linguistic			
1128-8	SPK2001	Falling	1128	больше	больше	linguistic			
1128-9	SPK2001	Falling	1128	чем	чем	linguistic			
1128-10	SPK2001	Falling	1128	в	в	linguistic			
1128-11	SPK2001	Falling	1128	самом	самом	linguistic			
1128-12	SPK2001	Falling	1128	универе.	универе	linguistic			End=1163.587
1129-0	SPK2001	Rising	1129	Понимаешь?	Понимаешь	linguistic			Begin=1164.240|End=1164.910
1130-0	SPK2002	Falling	1130	Ну.	Ну	linguistic			Begin=1165.138|End=1165.721
1131-0	SPK2002	undefined	1131	CLAPS	CLAPS	paraverbal	_		Begin=1166.370|End=1166.684
1132-0	SPK2001	Continuing	1132	Я	Я	linguistic			Begin=1166.591
1132-1	SPK2001	Continuing	1132	прямо	прямо	linguistic			
1132-2	SPK2001	Continuing	1132	буквально,	буквально	linguistic			End=1167.560
1133-0	SPK2001	Falling	1133	в	в	linguistic			Begin=1167.560
1133-1	SPK2001	Falling	1133	больнице	больнице	linguistic			
1133-2	SPK2001	Falling	1133	жила.	жила	linguistic			End=1168.625
1134-0	SPK2001	Continuing	1134	И	И	linguistic			Begin=1169.537
1134-1	SPK2001	Continuing	1134	мне	мне	linguistic			
1134-2	SPK2001	Continuing	1134	кажется,	кажется	linguistic			End=1170.230
1135-0	SPK2001	Continuing	1135	I	I	linguistic			Begin=1170.230
1135-1	SPK2001	Continuing	1135	was,	was	linguistic			End=1171.000
1136-0	SPK2001	Falling	1136	so	so	linguistic			Begin=1171.000
1136-1	SPK2001	Falling	1136	sick	sick	linguistic			
1136-2	SPK2001	Falling	1136	of	of	linguistic			
1136-3	SPK2001	Falling	1136	it.	it	linguistic			End=1171.810
1137-0	SPK2001	Continuing	1137	То	То	linguistic			Begin=1172.180
1137-1	SPK2001	Continuing	1137	что	что	linguistic			
1137-2	SPK2001	Continuing	1137	я	я	linguistic			
1137-3	SPK2001	Continuing	1137	больше,	больше	linguistic			End=1173.036
1138-0	SPK2001	Continuing	1138	ну,	ну	linguistic			Begin=1173.060|End=1173.340
1139-0	SPK2001	Continuing	1139	ну,	ну	linguistic			Begin=1173.629|End=1173.962
1140-0	SPK2001	Continuing	1140	не	не	linguistic			Begin=1174.145
1140-1	SPK2001	Continuing	1140	хотела	хотела	linguistic			
1140-2	SPK2001	Continuing	1140	вообще,	вообще	linguistic			End=1174.850
1141-0	SPK2001	Interrupted	1141	ни-	ни	linguistic		Interrupted=Yes	Begin=1174.850|End=1175.390
1142-0	SPK2001	Interrupted	1142	ни	ни	linguistic			Begin=1175.390
1142-1	SPK2001	Interrupted	1142	с	с	linguistic			
1142-2	SPK2001	Interrupted	1142	чем	чем	linguistic			
1142-3	SPK2001	Interrupted	1142	медицинским	медицинским	linguistic			
1142-4	SPK2001	Interrupted	1142	име-	име	linguistic		Interrupted=Yes	End=1176.320
1143-0	SPK2001	Falling	1143	иметь	иметь	linguistic			Begin=1176.320
1143-1	SPK2001	Falling	1143	дело.	дело	linguistic			End=1177.053
1144-0	SPK2002	Falling	1144	Тс.	Тс	linguistic			Begin=1177.331|End=1177.850
1145-0	SPK2001	Continuing	1145	Мен	Мен	linguistic			Begin=1178.270
1145-1	SPK2001	Continuing	1145	даже	даже	linguistic			
1145-2	SPK2001	Continuing	1145	UHCға	UHCға	linguistic			
1145-3	SPK2001	Continuing	1145	да,	да	linguistic			End=1179.450
1146-0	SPK2001	Continuing	1146	ну,	ну	linguistic			Begin=1179.450|End=1179.750
1147-0	SPK2001	Falling	1147	одан	одан	linguistic			Begin=1179.750
1147-1	SPK2001	Falling	1147	кейін	кейін	linguistic			
1147-2	SPK2001	Falling	1147	редко	редко	linguistic			
1147-3	SPK2001	Falling	1147	барамын.	барамын	linguistic			End=1180.942
1148-0	SPK2002	undefined	1148	(TSK)	(TSK)	_			Begin=1181.895|End=1182.170
1149-0	SPK2002	Continuing	1149	Ну	Ну	linguistic			Begin=1182.170
1149-1	SPK2002	Continuing	1149	мен	мен	linguistic			
1149-2	SPK2002	Continuing	1149	Spring	Spring	linguistic			
1149-3	SPK2002	Continuing	1149	семестрде	семестрде	linguistic			
1149-4	SPK2002	Continuing	1149	вообще,	вообще	linguistic			End=1183.647
1150-0	SPK2002	Continuing	1150	больницаларға	больницаларға	linguistic			Begin=1183.851
1150-1	SPK2002	Continuing	1150	жоқпын,	жоқпын	linguistic			End=1184.650
1151-0	SPK2002	Falling	1151	Даже	Даже	linguistic			Begin=1184.650
1151-1	SPK2002	Falling	1151	в	в	linguistic			
1151-2	SPK2002	Falling	1151	UHC	UHC	linguistic			
1151-3	SPK2002	Falling	1151	не	не	linguistic			
1151-4	SPK2002	Falling	1151	ходила.	ходила	linguistic			End=1185.986
1152-0	SPK2001	Falling	1152	Ну.	Ну	linguistic			Begin=1186.270|End=1186.634
1153-0	SPK2001	Continuing	1153	Мен	Мен	linguistic			Begin=1187.675
1153-1	SPK2001	Continuing	1153	кажется	кажется	linguistic			
1153-2	SPK2001	Continuing	1153	этот,	этот	linguistic			End=1188.380
1154-0	SPK2001	Continuing	1154	Spring	Spring	linguistic			Begin=1188.380
1154-1	SPK2001	Continuing	1154	семестрде,	семестрде	linguistic			End=1189.340
1155-0	SPK2001	Continuing	1155	этот,	этот	linguistic			Begin=1189.340|End=1190.053
1156-0	SPK2001	Continuing	1156	эм,	эм	linguistic			Begin=1190.053|End=1190.408
1157-0	SPK2001	Continuing	1157	¬Иван	Иван	linguistic		Anonymized=Yes	Begin=1190.868
1157-1	SPK2001	Continuing	1157	Ивановичта	Ивановичта	linguistic			
1157-2	SPK2001	Continuing	1157	бір-ақ	бір-ақ	linguistic			
1157-3	SPK2001	Continuing	1157	рет	рет	linguistic			
1157-4	SPK2001	Continuing	1157	болдым,	болдым	linguistic			End=1192.180
1158-0	SPK2001	Continuing	1158	басында	басында	linguistic			Begin=1192.180
1158-1	SPK2001	Continuing	1158	только,	только	linguistic			End=1192.840
1159-0	SPK2001	Falling	1159	и	и	linguistic			Begin=1192.840
1159-1	SPK2001	Falling	1159	все.	все	linguistic			End=1193.370
1160-0	SPK2002	undefined	1160	@@	@@	linguistic			Begin=1193.390
1160-1	SPK2002	undefined	1160	Мен	Мен	linguistic			
1160-2	SPK2002	undefined	1160	онда	онда	linguistic			
1160-3	SPK2002	undefined	1160	вообще	вообще	linguistic			
1160-4	SPK2002	undefined	1160	болған	болған	linguistic			
1160-5	SPK2002	undefined	1160	жоқпын	жоқпын	linguistic			
1160-6	SPK2002	undefined	1160	@@	@@	linguistic			End=1195.350
1161-0	SPK2001	undefined	1161	Не	Не	linguistic			Begin=1194.915|End=1195.180
1162-0	SPK2001	Rising	1162	болдың	болдың	linguistic			Begin=1195.180
1162-1	SPK2001	Rising	1162	ғой?	ғой	linguistic			End=1195.800
1163-0	SPK2001	Rising	1163	Мына	Мына	linguistic			Begin=1195.800
1163-1	SPK2001	Rising	1163	направление	направление	linguistic			
1163-2	SPK2001	Rising	1163	алдың	алдың	linguistic			
1163-3	SPK2001	Rising	1163	ғой?	ғой	linguistic			End=1197.081
1164-0	SPK2002	Falling	1164	Это	Это	linguistic			Begin=1197.280
1164-1	SPK2002	Falling	1164	же	же	linguistic			
1164-2	SPK2002	Falling	1164	летний	летний	linguistic			
1164-3	SPK2002	Falling	1164	семестр.	семестр	linguistic			End=1198.364
1165-0	SPK2002	undefined	1165	@@@	@@@	linguistic			Begin=1199.859|End=1200.201
