token_id	speaker	iu_type	tu_id	span	form	type	modality	features	align
0-0	SPK4003	undefined	0	SNIFF	SNIFF	paraverbal	_		Begin=1.290|End=1.536
1-0	SPK4003	Falling	1	Баклажан	Баклажан	linguistic			Begin=1.740
1-1	SPK4003	Falling	1	жасап	жасап	linguistic			
1-2	SPK4003	Falling	1	қойдым	қойдым	linguistic			
1-3	SPK4003	Falling	1	міне.	міне	linguistic			End=3.016
2-0	SPK4003	Rising	2	Жейсің	Жейсің	linguistic			Begin=3.820
2-1	SPK4003	Rising	2	ба	ба	linguistic			
2-2	SPK4003	Rising	2	нанмен?	нанмен	linguistic			End=4.559
3-0	SPK4004	Continuing	3	Жеймін,	Жеймін	linguistic			Begin=5.740|End=6.070
4-0	SPK4004	Falling	4	конечно.	конечно	linguistic			Begin=6.300|End=6.800
5-0	SPK4003	Rising	5	Неме	Неме	linguistic			Begin=7.659
5-1	SPK4003	Rising	5	тамақ	тамақ	linguistic			
5-2	SPK4003	Rising	5	ішесің	ішесің	linguistic			
5-3	SPK4003	Rising	5	басқа?	басқа	linguistic			End=9.060
6-0	SPK4003	Rising	6	Суп	Суп	linguistic			Begin=9.672
6-1	SPK4003	Rising	6	ішесің	ішесің	linguistic			
6-2	SPK4003	Rising	6	ба?	ба	linguistic			End=10.123
7-0	SPK4004	Falling	7	Суп	Суп	linguistic			Begin=10.002
7-1	SPK4004	Falling	7	ішемін.	ішемін	linguistic			End=10.505
8-0	SPK4003	Rising	8	Ысытайын	Ысытайын	linguistic			Begin=11.145
8-1	SPK4003	Rising	8	ба	ба	linguistic			
8-2	SPK4003	Rising	8	супты?	супты	linguistic			End=12.001
9-0	SPK4003	Continuing	9	Гороховый	Гороховый	linguistic			Begin=18.585
9-1	SPK4003	Continuing	9	суп	суп	linguistic			
9-2	SPK4003	Continuing	9	бар,	бар	linguistic			End=19.270
10-0	SPK4003	Continuing	10	рисовый	рисовый	linguistic			Begin=19.340
10-1	SPK4003	Continuing	10	суп	суп	linguistic			
10-2	SPK4003	Continuing	10	бар,	бар	linguistic			End=20.220
11-0	SPK4003	undefined	11	###	###	unknown			Begin=20.250|End=20.580
12-0	SPK4004	Falling	12	Рисовый	Рисовый	linguistic			Begin=20.408
12-1	SPK4004	Falling	12	суп	суп	linguistic			
12-2	SPK4004	Falling	12	ішем.	ішем	linguistic			End=21.373
13-0	SPK4003	undefined	13	Ugh	Ugh	linguistic			Begin=23.096|End=23.380
14-0	SPK4003	Continuing	14	Рисовый	Рисовый	linguistic			Begin=23.380
14-1	SPK4003	Continuing	14	суп,	суп	linguistic			End=23.930
15-0	SPK4003	Continuing	15	кеше	кеше	linguistic			Begin=23.950
15-1	SPK4003	Continuing	15	мынаған	мынаған	linguistic			
15-2	SPK4003	Continuing	15	құйып	құйып	linguistic			
15-3	SPK4003	Continuing	15	қойып	қойып	linguistic			
15-4	SPK4003	Continuing	15	едім,	едім	linguistic			End=25.080
16-0	SPK4003	Falling	16	өзімше.	өзімше	linguistic			Begin=25.080|End=25.660
17-0	SPK4003	Rising	17	Сағат	Сағат	linguistic			Begin=35.020
17-1	SPK4003	Rising	17	неше	неше	linguistic			
17-2	SPK4003	Rising	17	болды?	болды	linguistic			End=36.010
18-0	SPK4004	Falling	18	Уже	Уже	linguistic			Begin=39.253
18-1	SPK4004	Falling	18	енді	енді	linguistic			
18-2	SPK4004	Falling	18	болып	болып	linguistic			
18-3	SPK4004	Falling	18	қалды.	қалды	linguistic			End=40.217
19-0	SPK4003	Rising	19	Тоғыз	Тоғыз	linguistic			Begin=41.971
19-1	SPK4003	Rising	19	енді	енді	linguistic			
19-2	SPK4003	Rising	19	болып	болып	linguistic			
19-3	SPK4003	Rising	19	қалды	қалды	linguistic			
19-4	SPK4003	Rising	19	ма?	ма	linguistic			End=42.843
20-0	SPK4004	Falling	20	Тоғызға	Тоғызға	linguistic			Begin=43.280
20-1	SPK4004	Falling	20	он	он	linguistic			
20-2	SPK4004	Falling	20	бес	бес	linguistic			
20-3	SPK4004	Falling	20	минут	минут	linguistic			
20-4	SPK4004	Falling	20	қалды.	қалды	linguistic			End=44.290
21-0	SPK4004	Falling	21	Он	Он	linguistic			Begin=44.472
21-1	SPK4004	Falling	21	минут	минут	linguistic			
21-2	SPK4004	Falling	21	қалды.	қалды	linguistic			End=45.199
22-0	SPK4003	undefined	22	А	А	linguistic			Begin=45.342|End=45.640
23-0	SPK4003	Continuing	23	тоғыздан	тоғыздан	linguistic			Begin=45.640
23-1	SPK4003	Continuing	23	он	он	linguistic			
23-2	SPK4003	Continuing	23	бес	бес	linguistic			
23-3	SPK4003	Continuing	23	кеткен	кеткен	linguistic			
23-4	SPK4003	Continuing	23	кезде,	кезде	linguistic			End=46.910
24-0	SPK4003	Falling	24	шығамын	шығамын	linguistic			Begin=46.920
24-1	SPK4003	Falling	24	қазір.	қазір	linguistic			End=47.764
25-0	SPK4004	Continuing	25	Сен	Сен	linguistic			Begin=53.300
25-1	SPK4004	Continuing	25	ол	ол	linguistic			
25-2	SPK4004	Continuing	25	кезде,	кезде	linguistic			End=54.070
26-0	SPK4004	Continuing	26	неше,	неше	linguistic			Begin=54.522|End=54.874
27-0	SPK4004	Continuing	27	неше	неше	linguistic			Begin=54.900
27-1	SPK4004	Continuing	27	уақыт	уақыт	linguistic			
27-2	SPK4004	Continuing	27	боласың,	боласың	linguistic			End=55.600
28-0	SPK4004	Rising	28	ол	ол	linguistic			Begin=55.600
28-1	SPK4004	Rising	28	жақта?	жақта	linguistic			End=55.950
29-0	SPK4003	Continuing	29	Білмеймін,	Білмеймін	linguistic			Begin=61.880|End=62.240
30-0	SPK4003	Continuing	30	¬Гүлжан,	Гүлжан	linguistic		Anonymized=Yes	Begin=62.240|End=62.599
31-0	SPK4003	Falling	31	екі	екі	linguistic			Begin=64.391
31-1	SPK4003	Falling	31	сағаттай	сағаттай	linguistic			
31-2	SPK4003	Falling	31	боласың	боласың	linguistic			
31-3	SPK4003	Falling	31	деп	деп	linguistic			
31-4	SPK4003	Falling	31	тұр.	тұр	linguistic			End=65.780
32-0	SPK4004	Rising	32	Онда	Онда	linguistic			Begin=67.284
32-1	SPK4004	Rising	32	мен	мен	linguistic			
32-2	SPK4004	Rising	32	сені	сені	linguistic			
32-3	SPK4004	Rising	32	үйде	үйде	linguistic			
32-4	SPK4004	Rising	32	тосам	тосам	linguistic			
32-5	SPK4004	Rising	32	ба?	ба	linguistic			End=68.592
33-0	SPK4005	Continuing	33	Бір	Бір	linguistic			Begin=67.409
33-1	SPK4005	Continuing	33	сағаттай,	сағаттай	linguistic			End=68.166
34-0	SPK4005	Falling	34	бір	бір	linguistic			Begin=68.210
34-1	SPK4005	Falling	34	жарым	жарым	linguistic			
34-2	SPK4005	Falling	34	сағаттай	сағаттай	linguistic			
34-3	SPK4005	Falling	34	болатын	болатын	linguistic			
34-4	SPK4005	Falling	34	шығар.	шығар	linguistic			End=69.710
35-0	SPK4003	Falling	35	Бір	Бір	linguistic			Begin=69.721
35-1	SPK4003	Falling	35	жарым	жарым	linguistic			
35-2	SPK4003	Falling	35	сағаттай	сағаттай	linguistic			
35-3	SPK4003	Falling	35	боласың	боласың	linguistic			
35-4	SPK4003	Falling	35	дейді.	дейді	linguistic			End=71.138
36-0	SPK4004	Continuing	36	Мен	Мен	linguistic			Begin=73.299
36-1	SPK4004	Continuing	36	үйде	үйде	linguistic			
36-2	SPK4004	Continuing	36	тосайын	тосайын	linguistic			
36-3	SPK4004	Continuing	36	ба,	ба	linguistic			End=74.060
37-0	SPK4004	Rising	37	сені?	сені	linguistic			Begin=74.060|End=74.387
38-0	SPK4003	Rising	38	Қайда	Қайда	linguistic			Begin=75.023
38-1	SPK4003	Rising	38	барамыз?	барамыз	linguistic			End=75.809
39-0	SPK4004	Continuing	39	Мен,	Мен	linguistic			Begin=76.695|End=77.046
40-0	SPK4004	Falling	40	шалбарыма	шалбарыма	linguistic			Begin=77.583
40-1	SPK4004	Falling	40	барамын.	барамын	linguistic			End=78.440
41-0	SPK4004	Continuing	41	Содан,	Содан	linguistic			Begin=78.440|End=78.800
42-0	SPK4004	undefined	42	дәріге	дәріге	linguistic			Begin=78.800
42-1	SPK4004	undefined	42	барам	барам	linguistic			End=79.640
43-0	SPK4003	undefined	43	COUGHS	COUGHS	paraverbal	_		Begin=79.167|End=80.290
44-0	SPK4003	Falling	44	Шалбарыңа	Шалбарыңа	linguistic			Begin=81.130
44-1	SPK4003	Falling	44	бара	бара	linguistic			
44-2	SPK4003	Falling	44	берсеңші.	берсеңші	linguistic			End=82.233
45-0	SPK4003	Falling	45	Ана	Ана	linguistic			Begin=83.230
45-1	SPK4003	Falling	45	дәрі	дәрі	linguistic			
45-2	SPK4003	Falling	45	керек	керек	linguistic			
45-3	SPK4003	Falling	45	жоқ	жоқ	linguistic			
45-4	SPK4003	Falling	45	екен.	екен	linguistic			End=84.420
46-0	SPK4004	undefined	46	#	#	unknown			Begin=83.261|End=83.820
47-0	SPK4004	Falling	47	Жарайды.	Жарайды	linguistic			Begin=84.930|End=85.500
48-0	SPK4003	Falling	48	Бір	Бір	linguistic			Begin=85.795
48-1	SPK4003	Falling	48	жылдың	жылдың	linguistic			
48-2	SPK4003	Falling	48	дәрісі	дәрісі	linguistic			
48-3	SPK4003	Falling	48	тұр	тұр	linguistic			
48-4	SPK4003	Falling	48	екен.	екен	linguistic			End=86.811
49-0	SPK4003	Continuing	49	Инсулин	Инсулин	linguistic			Begin=87.052
49-1	SPK4003	Continuing	49	бар	бар	linguistic			
49-2	SPK4003	Continuing	49	екен,	екен	linguistic			End=87.896
50-0	SPK4003	Falling	50	бірақ	бірақ	linguistic			Begin=88.096
50-1	SPK4003	Falling	50	дәрі	дәрі	linguistic			
50-2	SPK4003	Falling	50	алу	алу	linguistic			
50-3	SPK4003	Falling	50	керек.	керек	linguistic			End=89.051
51-0	SPK4004	Continuing	51	Жоқ,	Жоқ	linguistic			Begin=89.857|End=90.140
52-0	SPK4004	undefined	52	дәріні	дәріні	linguistic			Begin=90.140|End=90.390
53-0	SPK4004	undefined	53	бәрін	бәрін	linguistic			Begin=90.390|End=90.900
54-0	SPK4004	undefined	54	###	###	unknown			Begin=90.900|End=91.910
55-0	SPK4003	Rising	55	¬Гүлжан	Гүлжан	linguistic		Anonymized=Yes	Begin=96.321
55-1	SPK4003	Rising	55	сен	сен	linguistic			
55-2	SPK4003	Rising	55	неме	неме	linguistic			
55-3	SPK4003	Rising	55	дейсің?	дейсің	linguistic			End=97.391
56-0	SPK4005	Falling	56	Түкте.	Түкте	linguistic			Begin=98.771|End=99.145
57-0	SPK4005	Falling	57	Кешке	Кешке	linguistic			Begin=99.502
57-1	SPK4005	Falling	57	қауын	қауын	linguistic			
57-2	SPK4005	Falling	57	әкеліп	әкеліп	linguistic			
57-3	SPK4005	Falling	57	қойыңдаршы.	қойыңдаршы	linguistic			End=101.090
58-0	SPK4003	Rising	58	Қауын?	Қауын	linguistic			Begin=101.080|End=101.780
59-0	SPK4005	Continuing	59	Қауын	Қауын	linguistic			Begin=101.907
59-1	SPK4005	Continuing	59	жеп	жеп	linguistic			
59-2	SPK4005	Continuing	59	жатамын,	жатамын	linguistic			End=103.060
60-0	SPK4005	Continuing	60	а	а	linguistic			Begin=103.132
60-1	SPK4005	Continuing	60	то,	то	linguistic			End=103.518
61-0	SPK4005	Continuing	61	тамақ	тамақ	linguistic			Begin=103.518
61-1	SPK4005	Continuing	61	жесем,	жесем	linguistic			End=104.460
62-0	SPK4005	Falling	62	ауырады	ауырады	linguistic			Begin=104.460
62-1	SPK4005	Falling	62	өтім.	өтім	linguistic			End=105.660
63-0	SPK4003	Continuing	63	¬Гүлжан	Гүлжан	linguistic		Anonymized=Yes	Begin=106.040
63-1	SPK4003	Continuing	63	енді	енді	linguistic			
63-2	SPK4003	Continuing	63	сен,	сен	linguistic			End=106.690
64-0	SPK4003	Continuing	64	күні	күні	linguistic			Begin=106.690
64-1	SPK4003	Continuing	64	бойы	бойы	linguistic			
64-2	SPK4003	Continuing	64	түкте	түкте	linguistic			
64-3	SPK4003	Continuing	64	тамақ	тамақ	linguistic			
64-4	SPK4003	Continuing	64	жеп	жеп	linguistic			
64-5	SPK4003	Continuing	64	жүрген	жүрген	linguistic			
64-6	SPK4003	Continuing	64	жоқсың	жоқсың	linguistic			
64-7	SPK4003	Continuing	64	ғой,	ғой	linguistic			End=108.210
65-0	SPK4003	Continuing	65	көп,	көп	linguistic			Begin=108.210|End=108.750
66-0	SPK4003	Falling	66	аса.	аса	linguistic			Begin=108.750|End=109.200
67-0	SPK4005	Continuing	67	Енді	Енді	linguistic			Begin=109.290
67-1	SPK4005	Continuing	67	сол	сол	linguistic			
67-2	SPK4005	Continuing	67	келем,	келем	linguistic			End=110.040
68-0	SPK4005	Continuing	68	тамақ	тамақ	linguistic			Begin=110.060
68-1	SPK4005	Continuing	68	ішемін,	ішемін	linguistic			End=110.490
69-0	SPK4005	Continuing	69	жатып	жатып	linguistic			Begin=110.490
69-1	SPK4005	Continuing	69	қаламын	қаламын	linguistic			
69-2	SPK4005	Continuing	69	ғой,	ғой	linguistic			End=111.020
70-0	SPK4005	Continuing	70	таңертең	таңертең	linguistic			Begin=111.020
70-1	SPK4005	Continuing	70	тұрсам,	тұрсам	linguistic			End=111.670
71-0	SPK4005	Continuing	71	өтім	өтім	linguistic			Begin=111.670
71-1	SPK4005	Continuing	71	ауырып,	ауырып	linguistic			End=112.250
72-0	SPK4005	Continuing	72	изжога	изжога	linguistic			Begin=112.250
72-1	SPK4005	Continuing	72	болмайды	болмайды	linguistic			
72-2	SPK4005	Continuing	72	ма,	ма	linguistic			End=113.080
73-0	SPK4005	Falling	73	сразу.	сразу	linguistic			Begin=113.080|End=113.720
74-0	SPK4005	undefined	74	Жеңіл	Жеңіл	linguistic			Begin=113.720
74-1	SPK4005	undefined	74	#	#	unknown			End=114.940
75-0	SPK4004	Continuing	75	Жарайды,	Жарайды	linguistic			Begin=114.981|End=115.320
76-0	SPK4004	Falling	76	бұйырса	бұйырса	linguistic			Begin=115.320
76-1	SPK4004	Falling	76	алып	алып	linguistic			
76-2	SPK4004	Falling	76	береміз.	береміз	linguistic			End=116.390
77-0	SPK4003	Continuing	77	Тамақ	Тамақ	linguistic			Begin=117.620
77-1	SPK4003	Continuing	77	ішпей,	ішпей	linguistic			End=118.190
78-0	SPK4005	Continuing	78	Көже,	Көже	linguistic			Begin=118.057|End=118.700
79-0	SPK4003	Continuing	79	қауын	қауын	linguistic			Begin=118.190
79-1	SPK4003	Continuing	79	жей	жей	linguistic			
79-2	SPK4003	Continuing	79	салып,	салып	linguistic			End=118.930
80-0	SPK4005	Falling	80	қауын.	қауын	linguistic			Begin=118.700|End=119.865
81-0	SPK4003	Continuing	81	жатқаның	жатқаның	linguistic			Begin=118.930
81-1	SPK4003	Continuing	81	дұрыс	дұрыс	linguistic			
81-2	SPK4003	Continuing	81	емес	емес	linguistic			
81-3	SPK4003	Continuing	81	қой,	қой	linguistic			End=120.080
82-0	SPK4003	Rising	82	ау?	ау	linguistic			Begin=120.080|End=120.260
83-0	SPK4005	Falling	83	көже	көже	linguistic			Begin=120.650
83-1	SPK4005	Falling	83	или	или	linguistic			
83-2	SPK4005	Falling	83	қауын.	қауын	linguistic			End=121.780
84-0	SPK4005	Continuing	84	Сондай	Сондай	linguistic			Begin=121.780
84-1	SPK4005	Continuing	84	бірдеңе,	бірдеңе	linguistic			End=122.460
85-0	SPK4005	Falling	85	жемесем	жемесем	linguistic			Begin=122.460
85-1	SPK4005	Falling	85	деймін.	деймін	linguistic			End=123.360
86-0	SPK4003	Falling	86	Болды	Болды	linguistic			Begin=127.850
86-1	SPK4003	Falling	86	әне	әне	linguistic			
86-2	SPK4003	Falling	86	нан	нан	linguistic			
86-3	SPK4003	Falling	86	тұр.	тұр	linguistic			End=128.590
87-0	SPK4003	Falling	87	Пышақ	Пышақ	linguistic			Begin=130.390
87-1	SPK4003	Falling	87	ала	ала	linguistic			
87-2	SPK4003	Falling	87	салшы.	салшы	linguistic			End=131.077
88-0	SPK4005	Continuing	88	Сен	Сен	linguistic			Begin=133.789
88-1	SPK4005	Continuing	88	ана,	ана	linguistic			End=134.190
89-0	SPK4005	undefined	89	ugh	ugh	linguistic			Begin=134.190|End=134.760
90-0	SPK4005	Continuing	90	кешегі	кешегі	linguistic			Begin=134.760
90-1	SPK4005	Continuing	90	жіберген	жіберген	linguistic			
90-2	SPK4005	Continuing	90	фотоны	фотоны	linguistic			
90-3	SPK4005	Continuing	90	көрсет,	көрсет	linguistic			End=135.780
91-0	SPK4005	Continuing	91	иә,	иә	linguistic			Begin=135.780|End=136.190
92-0	SPK4005	Falling	92	обязательно.	обязательно	linguistic			Begin=136.190|End=136.500
93-0	SPK4005	undefined	93	Маған	Маған	linguistic			Begin=136.500
93-1	SPK4005	undefined	93	осылай	осылай	linguistic			End=137.030
94-0	SPK4005	Falling	94	сделайте	сделайте	linguistic			Begin=137.030
94-1	SPK4005	Falling	94	деп	деп	linguistic			
94-2	SPK4005	Falling	94	айт.	айт	linguistic			End=137.820
95-0	SPK4003	Continuing	95	Соның	Соның	linguistic			Begin=137.955
95-1	SPK4003	Continuing	95	қайсысын	қайсысын	linguistic			
95-2	SPK4003	Continuing	95	жасайын,	жасайын	linguistic			End=138.960
96-0	SPK4003	Continuing	96	екіншісін	екіншісін	linguistic			Begin=138.960
96-1	SPK4003	Continuing	96	ба,	ба	linguistic			End=139.620
97-0	SPK4003	Rising	97	біріншісін	біріншісін	linguistic			Begin=139.620
97-1	SPK4003	Rising	97	ба?	ба	linguistic			End=140.352
98-0	SPK4005	Falling	98	Екіншісі	Екіншісі	linguistic			Begin=140.822
98-1	SPK4005	Falling	98	болды	болды	linguistic			
98-2	SPK4005	Falling	98	ғой.	ғой	linguistic			End=141.570
99-0	SPK4005	Falling	99	Кішкене	Кішкене	linguistic			Begin=141.570
99-1	SPK4005	Falling	99	розовыйлау.	розовыйлау	linguistic			End=142.540
100-0	SPK4003	Rising	100	Екіншісі?	Екіншісі	linguistic			Begin=143.243|End=143.865
101-0	SPK4003	Continuing	101	Соны	Соны	linguistic			Begin=144.313
101-1	SPK4003	Continuing	101	жасатқызайын	жасатқызайын	linguistic			
101-2	SPK4003	Continuing	101	ба,	ба	linguistic			End=144.890
102-0	SPK4003	Rising	102	екіншісін?	екіншісін	linguistic			Begin=144.890|End=145.567
103-0	SPK4005	undefined	103	Мхм	Мхм	linguistic			Begin=145.287|End=145.751
104-0	SPK4005	Continuing	104	Сосын	Сосын	linguistic			Begin=146.260
104-1	SPK4005	Continuing	104	обязательно,	обязательно	linguistic			End=147.360
105-0	SPK4005	undefined	105	обязательно	обязательно	linguistic			Begin=147.380
105-1	SPK4005	undefined	105	айт	айт	linguistic			End=147.950
106-0	SPK4005	Continuing	106	линию	линию	linguistic			Begin=147.950
106-1	SPK4005	Continuing	106	френча	френча	linguistic			
106-2	SPK4005	Continuing	106	сделайте,	сделайте	linguistic			End=149.370
107-0	SPK4005	Continuing	107	не	не	linguistic			Begin=149.615
107-1	SPK4005	Continuing	107	толстым,	толстым	linguistic			End=150.159
108-0	SPK4003	undefined	108	тонкий	тонкий	linguistic			Begin=149.770|End=150.320
109-0	SPK4005	Falling	109	тонким	тонким	linguistic			Begin=150.220
109-1	SPK4005	Falling	109	де.	де	linguistic			End=151.040
110-0	SPK4003	undefined	110	Мхм	Мхм	linguistic			Begin=150.710|End=151.010
111-0	SPK4003	Falling	111	окей.	окей	linguistic			Begin=151.010|End=151.575
112-0	SPK4004	Continuing	112	Мен	Мен	linguistic			Begin=157.280
112-1	SPK4004	Continuing	112	сол	сол	linguistic			
112-2	SPK4004	Continuing	112	сенің	сенің	linguistic			
112-3	SPK4004	Continuing	112	дәріңе	дәріңе	linguistic			
112-4	SPK4004	Continuing	112	барамын,	барамын	linguistic			End=158.520
113-0	SPK4004	Continuing	113	шалбарыңды	шалбарыңды	linguistic			Begin=158.550
113-1	SPK4004	Continuing	113	әкелем,	әкелем	linguistic			End=159.200
114-0	SPK4004	Falling	114	басқа	басқа	linguistic			Begin=159.220
114-1	SPK4004	Falling	114	жұмысым	жұмысым	linguistic			
114-2	SPK4004	Falling	114	жоқ	жоқ	linguistic			
114-3	SPK4004	Falling	114	менің.	менің	linguistic			End=160.400
115-0	SPK4003	Continuing	115	Жоқ,	Жоқ	linguistic			Begin=162.373|End=162.620
116-0	SPK4003	Continuing	116	үйге,	үйге	linguistic			Begin=162.620|End=163.100
117-0	SPK4003	Continuing	117	немене	немене	linguistic			Begin=163.100
117-1	SPK4003	Continuing	117	алу	алу	linguistic			
117-2	SPK4003	Continuing	117	керекпіз	керекпіз	linguistic			
117-3	SPK4003	Continuing	117	ғой,	ғой	linguistic			End=164.040
118-0	SPK4003	Falling	118	продукты	продукты	linguistic			Begin=164.040
118-1	SPK4003	Falling	118	алу	алу	linguistic			
118-2	SPK4003	Falling	118	керекпіз	керекпіз	linguistic			
118-3	SPK4003	Falling	118	ғой.	ғой	linguistic			End=165.230
119-0	SPK4005	Continuing	119	Продукты	Продукты	linguistic			Begin=164.890
119-1	SPK4005	Continuing	119	алмай-ақ	алмай-ақ	linguistic			
119-2	SPK4005	Continuing	119	қойыңдар,	қойыңдар	linguistic			End=165.780
120-0	SPK4005	Falling	120	өзіміз	өзіміз	linguistic			Begin=165.800
120-1	SPK4005	Falling	120	аламыз.	аламыз	linguistic			End=166.610
121-0	SPK4003	Continuing	121	Айтпақшы	Айтпақшы	linguistic			Begin=166.939
121-1	SPK4003	Continuing	121	нені,	нені	linguistic			End=167.710
122-0	SPK4005	undefined	122	###	###	unknown			Begin=167.002|End=168.220
123-0	SPK4003	Continuing	123	айтайыншы,	айтайыншы	linguistic			Begin=167.710|End=168.450
124-0	SPK4003	Continuing	124	әлгі,	әлгі	linguistic			Begin=168.450|End=168.909
125-0	SPK4003	Continuing	125	Каспи	Каспи	linguistic			Begin=170.330
125-1	SPK4003	Continuing	125	ред,	ред	linguistic			End=171.040
126-0	SPK4003	Rising	126	сол	сол	linguistic			Begin=171.040
126-1	SPK4003	Rising	126	неме	неме	linguistic			
126-2	SPK4003	Rising	126	болды?	болды	linguistic			End=171.850
127-0	SPK4005	Falling	127	Өзім	Өзім	linguistic			Begin=171.509
127-1	SPK4005	Falling	127	төлеймін	төлеймін	linguistic			
127-2	SPK4005	Falling	127	оны.	оны	linguistic			End=172.239
128-0	SPK4003	Rising	128	Уже	Уже	linguistic			Begin=173.277
128-1	SPK4003	Rising	128	келіп	келіп	linguistic			
128-2	SPK4003	Rising	128	тұр	тұр	linguistic			
128-3	SPK4003	Rising	128	ма?	ма	linguistic			End=174.007
129-0	SPK4005	Falling	129	Жоқ	Жоқ	linguistic			Begin=175.580
129-1	SPK4005	Falling	129	әлі.	әлі	linguistic			End=176.180
130-0	SPK4005	Falling	130	Он	Он	linguistic			Begin=176.242
130-1	SPK4005	Falling	130	алтысынан	алтысынан	linguistic			
130-2	SPK4005	Falling	130	дейін	дейін	linguistic			
130-3	SPK4005	Falling	130	бар	бар	linguistic			
130-4	SPK4005	Falling	130	уақыт.	уақыт	linguistic			End=177.622
131-0	SPK4003	Continuing	131	Бә,	Бә	linguistic			Begin=178.630|End=179.120
132-0	SPK4003	Continuing	132	біз	біз	linguistic			Begin=179.120
132-1	SPK4003	Continuing	132	енді,	енді	linguistic			End=179.610
133-0	SPK4003	Falling	133	сатып	сатып	linguistic			Begin=179.610
133-1	SPK4003	Falling	133	сатып	сатып	linguistic			
133-2	SPK4003	Falling	133	алу	алу	linguistic			
133-3	SPK4003	Falling	133	керекпіз	керекпіз	linguistic			
133-4	SPK4003	Falling	133	ғой.	ғой	linguistic			End=181.381
134-0	SPK4005	Rising	134	Неме	Неме	linguistic			Begin=181.640
134-1	SPK4005	Rising	134	сатып	сатып	linguistic			
134-2	SPK4005	Rising	134	алу?	алу	linguistic			End=182.290
135-0	SPK4003	Continuing	135	Шай,	Шай	linguistic			Begin=182.758|End=183.000
136-0	SPK4003	Falling	136	сондай	сондай	linguistic			Begin=183.000
136-1	SPK4003	Falling	136	бірдеңе	бірдеңе	linguistic			
136-2	SPK4003	Falling	136	алайыншы	алайыншы	linguistic			
136-3	SPK4003	Falling	136	дегенмін.	дегенмін	linguistic			End=184.245
137-0	SPK4005	Rising	137	Сенде	Сенде	linguistic			Begin=184.500
137-1	SPK4005	Rising	137	пойыз	пойыз	linguistic			
137-2	SPK4005	Rising	137	нешеде?	нешеде	linguistic			End=185.321
138-0	SPK4004	Falling	138	Ертеңде.	Ертеңде	linguistic			Begin=185.681|End=186.444
139-0	SPK4003	Continuing	139	Таңғы	Таңғы	linguistic			Begin=186.200
139-1	SPK4003	Continuing	139	сағат,	сағат	linguistic			End=186.710
140-0	SPK4003	Continuing	140	төрт,	төрт	linguistic			Begin=186.730|End=186.960
141-0	SPK4004	Continuing	141	Төртте	Төртте	linguistic			Begin=187.426
141-1	SPK4004	Continuing	141	ма,	ма	linguistic			End=187.850
142-0	SPK4003	Continuing	142	төртте	төртте	linguistic			Begin=187.486
142-1	SPK4003	Continuing	142	кетіп,	кетіп	linguistic			End=187.950
143-0	SPK4004	undefined	143	бесте	бесте	linguistic			Begin=187.850
143-1	SPK4004	undefined	143	ма	ма	linguistic			End=188.370
144-0	SPK4003	Falling	144	шығып	шығып	linguistic			Begin=187.950
144-1	SPK4003	Falling	144	кетеміз	кетеміз	linguistic			
144-2	SPK4003	Falling	144	уже.	уже	linguistic			End=188.971
145-0	SPK4005	Rising	145	Ертең	Ертең	linguistic			Begin=189.240
145-1	SPK4005	Rising	145	ол	ол	linguistic			
145-2	SPK4005	Rising	145	қай	қай	linguistic			
145-3	SPK4005	Rising	145	күн?	күн	linguistic			End=190.187
146-0	SPK4005	undefined	146	###	###	unknown			Begin=190.993|End=192.260
147-0	SPK4005	Interrupted	147	Он	Он	linguistic			Begin=192.260
147-1	SPK4005	Interrupted	147	алтысы	алтысы	linguistic			
147-2	SPK4005	Interrupted	147	келіп--	келіп-	linguistic		Interrupted=Yes	End=192.910
148-0	SPK4003	Continuing	148	Қарасаңшы	Қарасаңшы	linguistic			Begin=192.737
148-1	SPK4003	Continuing	148	енді,	енді	linguistic			End=193.480
149-0	SPK4003	Falling	149	біз	біз	linguistic			Begin=193.480
149-1	SPK4003	Falling	149	кеттік.	кеттік	linguistic			End=194.030
150-0	SPK4004	Continuing	150	Сен	Сен	linguistic			Begin=194.370
150-1	SPK4004	Continuing	150	келіп	келіп	linguistic			
150-2	SPK4004	Continuing	150	тұр	тұр	linguistic			
150-3	SPK4004	Continuing	150	ма	ма	linguistic			
150-4	SPK4004	Continuing	150	екен,	екен	linguistic			End=195.060
151-0	SPK4004	Falling	151	қара.	қара	linguistic			Begin=195.060|End=195.481
152-0	SPK4005	Falling	152	Он	Он	linguistic			Begin=196.040
152-1	SPK4005	Falling	152	алтысы	алтысы	linguistic			
152-2	SPK4005	Falling	152	келеді.	келеді	linguistic			End=196.972
153-0	SPK4004	Continuing	153	Мамаң,	Мамаң	linguistic			Begin=196.042|End=196.428
154-0	SPK4004	Continuing	154	мамаң	мамаң	linguistic			Begin=196.825
154-1	SPK4004	Continuing	154	төлей	төлей	linguistic			
154-2	SPK4004	Continuing	154	салсын,	салсын	linguistic			End=198.080
155-0	SPK4004	Continuing	155	сол,	сол	linguistic			Begin=198.633|End=198.860
156-0	SPK4004	Continuing	156	Каспи	Каспи	linguistic			Begin=198.860
156-1	SPK4004	Continuing	156	редтың	редтың	linguistic			
156-2	SPK4004	Continuing	156	ақшасын,	ақшасын	linguistic			End=199.620
157-0	SPK4004	Falling	157	мамаға	мамаға	linguistic			Begin=199.620
157-1	SPK4004	Falling	157	бере	бере	linguistic			
157-2	SPK4004	Falling	157	саласың.	саласың	linguistic			End=200.360
158-0	SPK4003	Continuing	158	Жоға	Жоға	linguistic			Begin=201.969
158-1	SPK4003	Continuing	158	да,	да	linguistic			End=202.360
159-0	SPK4003	Continuing	159	бермей-ақ	бермей-ақ	linguistic			Begin=202.360
159-1	SPK4003	Continuing	159	қойсын,	қойсын	linguistic			End=203.030
160-0	SPK4003	Falling	160	өзім	өзім	linguistic			Begin=203.030
160-1	SPK4003	Falling	160	төлеймін.	төлеймін	linguistic			End=203.667
161-0	SPK4003	Falling	161	Оның	Оның	linguistic			Begin=204.350
161-1	SPK4003	Falling	161	несі	несі	linguistic			
161-2	SPK4003	Falling	161	бар.	бар	linguistic			End=204.930
162-0	SPK4004	Falling	162	Алшы	Алшы	linguistic			Begin=205.951
162-1	SPK4004	Falling	162	на.	на	linguistic			End=206.446
163-0	SPK4003	Rising	163	Ыстық	Ыстық	linguistic			Begin=207.110
163-1	SPK4003	Rising	163	болып	болып	linguistic			
163-2	SPK4003	Rising	163	кетті	кетті	linguistic			
163-3	SPK4003	Rising	163	ма?	ма	linguistic			End=207.770
164-0	SPK4005	undefined	164	Ол	Ол	linguistic			Begin=207.410
164-1	SPK4005	undefined	164	келсе	келсе	linguistic			End=207.960
165-0	SPK4004	undefined	165	#	#	unknown			Begin=207.720|End=208.400
166-0	SPK4005	Falling	166	түнгі	түнгі	linguistic			Begin=207.960
166-1	SPK4005	Falling	166	он	он	linguistic			
166-2	SPK4005	Falling	166	екіден	екіден	linguistic			
166-3	SPK4005	Falling	166	кейін	кейін	linguistic			
166-4	SPK4005	Falling	166	келеді.	келеді	linguistic			End=209.040
167-0	SPK4005	Falling	167	Он	Он	linguistic			Begin=209.067
167-1	SPK4005	Falling	167	алтысы	алтысы	linguistic			
167-2	SPK4005	Falling	167	Алматыдан	Алматыдан	linguistic			
167-3	SPK4005	Falling	167	келеді	келеді	linguistic			
167-4	SPK4005	Falling	167	ғой.	ғой	linguistic			End=210.388
168-0	SPK4003	Falling	168	Біз	Біз	linguistic			Begin=211.630
168-1	SPK4003	Falling	168	бүгін	бүгін	linguistic			
168-2	SPK4003	Falling	168	таңғы	таңғы	linguistic			
168-3	SPK4003	Falling	168	төртте	төртте	linguistic			
168-4	SPK4003	Falling	168	шығып	шығып	linguistic			
168-5	SPK4003	Falling	168	кетеміз	кетеміз	linguistic			
168-6	SPK4003	Falling	168	уже.	уже	linguistic			End=213.650
169-0	SPK4005	Falling	169	Енді	Енді	linguistic			Begin=214.119
169-1	SPK4005	Falling	169	мама	мама	linguistic			
169-2	SPK4005	Falling	169	мен	мен	linguistic			
169-3	SPK4005	Falling	169	саған	саған	linguistic			
169-4	SPK4005	Falling	169	айтып	айтып	linguistic			
169-5	SPK4005	Falling	169	тұрмын	тұрмын	linguistic			
169-6	SPK4005	Falling	169	ғой.	ғой	linguistic			End=215.670
170-0	SPK4005	Falling	170	Он	Он	linguistic			Begin=215.873
170-1	SPK4005	Falling	170	алтысы	алтысы	linguistic			
170-2	SPK4005	Falling	170	келеді.	келеді	linguistic			End=217.499
171-0	SPK4003	Falling	171	Жарайды	Жарайды	linguistic			Begin=217.083
171-1	SPK4003	Falling	171	енді.	енді	linguistic			End=217.553
172-0	SPK4004	undefined	172	Все	Все	linguistic			Begin=217.650
172-1	SPK4004	undefined	172	все	все	linguistic			End=217.990
173-0	SPK4003	Falling	173	Не	Не	linguistic			Begin=217.722
173-1	SPK4003	Falling	173	жағаласып	жағаласып	linguistic			
173-2	SPK4003	Falling	173	тұрсың.	тұрсың	linguistic			End=218.683
174-0	SPK4004	Continuing	174	Ұқтық,	Ұқтық	linguistic			Begin=217.990|End=218.320
175-0	SPK4004	Falling	175	иә.	иә	linguistic			Begin=218.320|End=218.719
176-0	SPK4003	Continuing	176	Үлкен	Үлкен	linguistic			Begin=224.630
176-1	SPK4003	Continuing	176	қасық	қасық	linguistic			
176-2	SPK4003	Continuing	176	берейін,	берейін	linguistic			End=225.590
177-0	SPK4003	Falling	177	қазір.	қазір	linguistic			Begin=225.590|End=225.820
178-0	SPK4004	Falling	178	Міне	Міне	linguistic			Begin=225.708
178-1	SPK4004	Falling	178	қасық	қасық	linguistic			
178-2	SPK4004	Falling	178	бар.	бар	linguistic			End=226.493
179-0	SPK4003	undefined	179	#	#	unknown			Begin=227.034|End=227.451
180-0	SPK4005	Continuing	180	Қазір	Қазір	linguistic			Begin=240.694
180-1	SPK4005	Continuing	180	сұраймын,	сұраймын	linguistic			End=241.300
181-0	SPK4005	Continuing	181	ертерек	ертерек	linguistic			Begin=241.300
181-1	SPK4005	Continuing	181	#,	#	unknown			End=242.120
182-0	SPK4005	Continuing	182	болады	болады	linguistic			Begin=242.120
182-1	SPK4005	Continuing	182	ма	ма	linguistic			
182-2	SPK4005	Continuing	182	екен	екен	linguistic			
182-3	SPK4005	Continuing	182	деп,	деп	linguistic			End=242.700
183-0	SPK4005	Falling	183	звандап.	звандап	linguistic			Begin=242.700|End=243.270
184-0	SPK4005	Continuing	184	Мама,	Мама	linguistic			Begin=247.213|End=247.570
185-0	SPK4005	Continuing	185	тоғыздан,	тоғыздан	linguistic			Begin=247.590|End=248.030
186-0	SPK4005	Falling	186	оннан	оннан	linguistic			Begin=248.030
186-1	SPK4005	Falling	186	қалмай	қалмай	linguistic			
186-2	SPK4005	Falling	186	бар.	бар	linguistic			End=248.830
187-0	SPK4005	Continuing	187	Олар,	Олар	linguistic			Begin=248.866|End=249.406
188-0	SPK4005	Continuing	188	бес	бес	linguistic			Begin=249.827
188-1	SPK4005	Continuing	188	он	он	linguistic			
188-2	SPK4005	Continuing	188	минутқа	минутқа	linguistic			
188-3	SPK4005	Continuing	188	кешіктің	кешіктің	linguistic			
188-4	SPK4005	Continuing	188	ба,	ба	linguistic			End=251.070
189-0	SPK4005	Falling	189	отменить	отменить	linguistic			Begin=251.070
189-1	SPK4005	Falling	189	етіп	етіп	linguistic			
189-2	SPK4005	Falling	189	тастайды.	тастайды	linguistic			End=252.230
190-0	SPK4003	Falling	190	¬Гүлжан	Гүлжан	linguistic		Anonymized=Yes	Begin=252.016
190-1	SPK4003	Falling	190	сен	сен	linguistic			
190-2	SPK4003	Falling	190	уже	уже	linguistic			
190-3	SPK4003	Falling	190	айттың	айттың	linguistic			
190-4	SPK4003	Falling	190	ғой.	ғой	linguistic			End=253.010
191-0	SPK4003	Continuing	191	Сағат	Сағат	linguistic			Begin=253.010
191-1	SPK4003	Continuing	191	тоғыздан	тоғыздан	linguistic			
191-2	SPK4003	Continuing	191	он	он	linguistic			
191-3	SPK4003	Continuing	191	бес	бес	linguistic			
191-4	SPK4003	Continuing	191	кеткенде,	кеткенде	linguistic			End=254.190
192-0	SPK4003	Falling	192	шық	шық	linguistic			Begin=254.190
192-1	SPK4003	Falling	192	деп.	деп	linguistic			End=254.780
193-0	SPK4005	Continuing	193	Мастерде,	Мастерде	linguistic			Begin=254.220|End=254.620
194-0	SPK4005	Continuing	194	басқа	басқа	linguistic			Begin=254.620
194-1	SPK4005	Continuing	194	клиенттер,	клиенттер	linguistic			End=255.350
195-0	SPK4005	Continuing	195	болады	болады	linguistic			Begin=255.350
195-1	SPK4005	Continuing	195	да	да	linguistic			
195-2	SPK4005	Continuing	195	олар,	олар	linguistic			End=256.262
196-0	SPK4005	Continuing	196	уже,	уже	linguistic			Begin=257.190|End=257.570
197-0	SPK4005	Falling	197	үлгермей	үлгермей	linguistic			Begin=257.713
197-1	SPK4005	Falling	197	қалады.	қалады	linguistic			End=258.310
198-0	SPK4004	Rising	198	Сен	Сен	linguistic			Begin=266.689
198-1	SPK4004	Rising	198	қай	қай	linguistic			
198-2	SPK4004	Rising	198	жаққа	жаққа	linguistic			
198-3	SPK4004	Rising	198	барасың?	барасың	linguistic			End=267.315
199-0	SPK4003	Rising	199	Бизнес	Бизнес	linguistic			Begin=271.361
199-1	SPK4003	Rising	199	центр	центр	linguistic			
199-2	SPK4003	Rising	199	капитал	капитал	linguistic			
199-3	SPK4003	Rising	199	дедің	дедің	linguistic			
199-4	SPK4003	Rising	199	ба?	ба	linguistic			End=272.810
200-0	SPK4003	Continuing	200	Мына	Мына	linguistic			Begin=274.832
200-1	SPK4003	Continuing	200	жерде,	жерде	linguistic			End=275.383
201-0	SPK4003	Continuing	201	кетіп	кетіп	linguistic			Begin=275.742
201-1	SPK4003	Continuing	201	бара	бара	linguistic			
201-2	SPK4003	Continuing	201	жатқан	жатқан	linguistic			
201-3	SPK4003	Continuing	201	кезде,	кезде	linguistic			End=276.499
202-0	SPK4003	Continuing	202	Редисонның	Редисонның	linguistic			Begin=277.580
202-1	SPK4003	Continuing	202	бер	бер	linguistic			
202-2	SPK4003	Continuing	202	жағында,	жағында	linguistic			End=278.671
203-0	SPK4003	Continuing	203	тұр	тұр	linguistic			Begin=279.157
203-1	SPK4003	Continuing	203	ғой,	ғой	linguistic			End=279.340
204-0	SPK4003	Continuing	204	үй,	үй	linguistic			Begin=279.340|End=279.480
205-0	SPK4003	Falling	205	бизнес	бизнес	linguistic			Begin=279.480
205-1	SPK4003	Falling	205	центр.	центр	linguistic			End=280.030
206-0	SPK4003	Continuing	206	¬Гүлжан,	Гүлжан	linguistic		Anonymized=Yes	Begin=280.320|End=280.580
207-0	SPK4003	Continuing	207	тоғызыншы	тоғызыншы	linguistic			Begin=280.580
207-1	SPK4003	Continuing	207	этаж	этаж	linguistic			
207-2	SPK4003	Continuing	207	деп,	деп	linguistic			End=281.300
208-0	SPK4003	Falling	208	жазылып	жазылып	linguistic			Begin=281.300
208-1	SPK4003	Falling	208	тұр	тұр	linguistic			
208-2	SPK4003	Falling	208	анда.	анда	linguistic			End=282.026
209-0	SPK4005	Falling	209	Иә	Иә	linguistic			Begin=282.190
209-1	SPK4005	Falling	209	иә.	иә	linguistic			End=282.500
210-0	SPK4004	Falling	210	Сен	Сен	linguistic			Begin=284.641
210-1	SPK4004	Falling	210	онда	онда	linguistic			
210-2	SPK4004	Falling	210	менің	менің	linguistic			
210-3	SPK4004	Falling	210	шалбарымды	шалбарымды	linguistic			
210-4	SPK4004	Falling	210	ала	ала	linguistic			
210-5	SPK4004	Falling	210	келсеңші.	келсеңші	linguistic			End=285.979
211-0	SPK4003	Rising	211	Дұрыс	Дұрыс	linguistic			Begin=284.800
211-1	SPK4003	Rising	211	па?	па	linguistic			End=285.100
212-0	SPK4004	Continuing	212	Бәрібір	Бәрібір	linguistic			Begin=286.607
212-1	SPK4004	Continuing	212	автобустан	автобустан	linguistic			
212-2	SPK4004	Continuing	212	түсесің	түсесің	linguistic			
212-3	SPK4004	Continuing	212	ғой,	ғой	linguistic			End=287.390
213-0	SPK4004	Falling	213	сол	сол	linguistic			Begin=287.390
213-1	SPK4004	Falling	213	жерден.	жерден	linguistic			End=288.138
214-0	SPK4003	Rising	214	Қай	Қай	linguistic			Begin=288.050
214-1	SPK4003	Rising	214	жерден	жерден	linguistic			
214-2	SPK4003	Rising	214	аламын?	аламын	linguistic			End=288.650
215-0	SPK4004	Continuing	215	Мына	Мына	linguistic			Begin=289.810
215-1	SPK4004	Continuing	215	светофордан	светофордан	linguistic			
215-2	SPK4004	Continuing	215	ары	ары	linguistic			
215-3	SPK4004	Continuing	215	өткенде,	өткенде	linguistic			End=291.120
216-0	SPK4004	Continuing	216	бір	бір	linguistic			Begin=291.745
216-1	SPK4004	Continuing	216	етсе,	етсе	linguistic			End=292.070
217-0	SPK4004	Continuing	217	бір	бір	linguistic			Begin=292.070
217-1	SPK4004	Continuing	217	шалбар	шалбар	linguistic			
217-2	SPK4004	Continuing	217	қысқартты	қысқартты	linguistic			
217-3	SPK4004	Continuing	217	ма,	ма	linguistic			End=292.910
218-0	SPK4004	Falling	218	бір	бір	linguistic			Begin=292.960
218-1	SPK4004	Falling	218	немеге	немеге	linguistic			
218-2	SPK4004	Falling	218	бардым.	бардым	linguistic			End=293.780
219-0	SPK4003	Continuing	219	Астына,	Астына	linguistic			Begin=293.950|End=294.160
220-0	SPK4003	Continuing	220	подвал	подвал	linguistic			Begin=294.160
220-1	SPK4003	Continuing	220	жағына	жағына	linguistic			
220-2	SPK4003	Continuing	220	қарай,	қарай	linguistic			End=294.940
221-0	SPK4004	Falling	221	Иә.	Иә	linguistic			Begin=294.841|End=295.160
222-0	SPK4003	Rising	222	барамын	барамын	linguistic			Begin=294.940
222-1	SPK4003	Rising	222	ба?	ба	linguistic			End=295.500
223-0	SPK4004	Falling	223	Подвал	Подвал	linguistic			Begin=295.160
223-1	SPK4004	Falling	223	жағы.	жағы	linguistic			End=295.770
224-0	SPK4003	Falling	224	Жарайды.	Жарайды	linguistic			Begin=297.546|End=297.964
225-0	SPK4003	Continuing	225	Сонан	Сонан	linguistic			Begin=300.630
225-1	SPK4003	Continuing	225	кейін	кейін	linguistic			
225-2	SPK4003	Continuing	225	ойлағанмын,	ойлағанмын	linguistic			End=301.170
226-0	SPK4003	Continuing	226	фарш,	фарш	linguistic			Begin=301.170|End=301.410
227-0	SPK4003	Continuing	227	бірдеңке	бірдеңке	linguistic			Begin=301.410
227-1	SPK4003	Continuing	227	алып	алып	linguistic			
227-2	SPK4003	Continuing	227	кеп	кеп	linguistic			
227-3	SPK4003	Continuing	227	қояйық,	қояйық	linguistic			End=302.360
228-0	SPK4003	Falling	228	үйге	үйге	linguistic			Begin=302.360
228-1	SPK4003	Falling	228	манты	манты	linguistic			
228-2	SPK4003	Falling	228	жасағанға	жасағанға	linguistic			
228-3	SPK4003	Falling	228	деп.	деп	linguistic			End=303.505
229-0	SPK4005	Continuing	229	Тамақтарыңды	Тамақтарыңды	linguistic			Begin=304.841
229-1	SPK4005	Continuing	229	жасап,	жасап	linguistic			End=305.510
230-0	SPK4005	Falling	230	дайындап	дайындап	linguistic			Begin=305.510
230-1	SPK4005	Falling	230	қойыңдар.	қойыңдар	linguistic			End=306.258
231-0	SPK4005	undefined	231	Алатын	Алатын	linguistic			Begin=307.904
231-1	SPK4005	undefined	231	заттарың	заттарың	linguistic			
231-2	SPK4005	undefined	231	###	###	unknown			End=309.520
232-0	SPK4004	Continuing	232	Фарштан	Фарштан	linguistic			Begin=308.248
232-1	SPK4004	Continuing	232	бөлек,	бөлек	linguistic			End=309.053
233-0	SPK4004	Continuing	233	тағы	тағы	linguistic			Begin=309.070
233-1	SPK4004	Continuing	233	нәрселер,	нәрселер	linguistic			End=309.580
234-0	SPK4004	Falling	234	алу	алу	linguistic			Begin=309.580
234-1	SPK4004	Falling	234	керек	керек	linguistic			
234-2	SPK4004	Falling	234	қой.	қой	linguistic			End=310.350
235-0	SPK4005	undefined	235	Тауық	Тауық	linguistic			Begin=309.790
235-1	SPK4005	undefined	235	#	#	unknown			End=310.280
236-0	SPK4005	Continuing	236	прикинь,	прикинь	linguistic			Begin=310.280|End=310.760
237-0	SPK4005	undefined	237	#	#	unknown			Begin=310.760|End=311.170
238-0	SPK4005	undefined	238	#	#	unknown			Begin=311.170|End=311.530
239-0	SPK4005	Continuing	239	ой,	ой	linguistic			Begin=311.530|End=311.910
240-0	SPK4005	Rising	240	мама?	мама	linguistic			Begin=311.910|End=312.420
241-0	SPK4003	Rising	241	Ау?	Ау	linguistic			Begin=312.370|End=312.670
242-0	SPK4005	Continuing	242	Пирожки	Пирожки	linguistic			Begin=313.310
242-1	SPK4005	Continuing	242	сондай	сондай	linguistic			
242-2	SPK4005	Continuing	242	ала	ала	linguistic			
242-3	SPK4005	Continuing	242	келейін	келейін	linguistic			
242-4	SPK4005	Continuing	242	ба,	ба	linguistic			End=314.450
243-0	SPK4005	Rising	243	Галмарттан?	Галмарттан	linguistic			Begin=314.450|End=315.040
244-0	SPK4003	undefined	244	COUGHS	COUGHS	paraverbal	_		Begin=317.099|End=317.724
245-0	SPK4003	Falling	245	Ала	Ала	linguistic			Begin=317.810
245-1	SPK4003	Falling	245	кел.	кел	linguistic			End=318.170
246-0	SPK4003	Falling	246	Иә.	Иә	linguistic			Begin=318.190|End=318.395
247-0	SPK4003	Continuing	247	Менің	Менің	linguistic			Begin=320.358
247-1	SPK4003	Continuing	247	тапочкамды	тапочкамды	linguistic			
247-2	SPK4003	Continuing	247	алып	алып	linguistic			
247-3	SPK4003	Continuing	247	кел,	кел	linguistic			End=321.365
248-0	SPK4003	Rising	248	иә?	иә	linguistic			Begin=321.365|End=321.605
249-0	SPK4005	Falling	249	Жазып	Жазып	linguistic			Begin=321.780
249-1	SPK4005	Falling	249	қойшы.	қойшы	linguistic			End=322.540
250-0	SPK4005	undefined	250	Мен	Мен	linguistic			Begin=322.540
250-1	SPK4005	undefined	250	ұмытып	ұмытып	linguistic			
250-2	SPK4005	undefined	250	кетемін	кетемін	linguistic			End=323.318
251-0	SPK4003	undefined	251	COUGHS	COUGHS	paraverbal	_		Begin=322.933|End=328.899
252-0	SPK4003	Continuing	252	Туф,	Туф	linguistic			Begin=328.900|End=329.580
253-0	SPK4003	Falling	253	жөтел	жөтел	linguistic			Begin=329.590
253-1	SPK4003	Falling	253	пәле	пәле	linguistic			
253-2	SPK4003	Falling	253	болды.	болды	linguistic			End=330.822
254-0	SPK4003	Continuing	254	Шай	Шай	linguistic			Begin=342.451
254-1	SPK4003	Continuing	254	құяйын	құяйын	linguistic			
254-2	SPK4003	Continuing	254	ба,	ба	linguistic			End=342.920
255-0	SPK4003	Rising	255	саған?	саған	linguistic			Begin=342.920|End=343.150
256-0	SPK4004	Continuing	256	Қара	Қара	linguistic			Begin=351.645
256-1	SPK4004	Continuing	256	жолы,	жолы	linguistic			End=352.210
257-0	SPK4004	Falling	257	без	без	linguistic			Begin=352.210
257-1	SPK4004	Falling	257	мол.	мол	linguistic			End=352.985
258-0	SPK4003	undefined	258	COUGHS	COUGHS	paraverbal	_		Begin=356.042|End=357.109
259-0	SPK4003	Continuing	259	Так	Так	linguistic			Begin=358.639
259-1	SPK4003	Continuing	259	жөтелім	жөтелім	linguistic			
259-2	SPK4003	Continuing	259	басылып	басылып	linguistic			
259-3	SPK4003	Continuing	259	еді,	еді	linguistic			End=360.160
260-0	SPK4003	Falling	260	қайтадан.	қайтадан	linguistic			Begin=360.160|End=360.610
261-0	SPK4003	Continuing	261	Жалаң	Жалаң	linguistic			Begin=363.320
261-1	SPK4003	Continuing	261	аяқ	аяқ	linguistic			
261-2	SPK4003	Continuing	261	жүремін,	жүремін	linguistic			End=364.043
262-0	SPK4003	Continuing	262	әйтем	әйтем	linguistic			Begin=364.050
262-1	SPK4003	Continuing	262	бүйтем,	бүйтем	linguistic			End=364.670
263-0	SPK4003	Falling	263	қайтадан	қайтадан	linguistic			Begin=364.670
263-1	SPK4003	Falling	263	айтып	айтып	linguistic			
263-2	SPK4003	Falling	263	жатырмын.	жатырмын	linguistic			End=365.380
264-0	SPK4003	Continuing	264	Ана	Ана	linguistic			Begin=365.460
264-1	SPK4003	Continuing	264	кірлер	кірлер	linguistic			
264-2	SPK4003	Continuing	264	кебі	кебі	linguistic			
264-3	SPK4003	Continuing	264	керек	керек	linguistic			
264-4	SPK4003	Continuing	264	бізге,	бізге	linguistic			End=366.700
265-0	SPK4003	Falling	265	бүгін.	бүгін	linguistic			Begin=366.710|End=367.230
266-0	SPK4003	Continuing	266	Алып	Алып	linguistic			Begin=367.678
266-1	SPK4003	Continuing	266	кететін,	кететін	linguistic			End=368.280
267-0	SPK4003	Continuing	267	киімдер	киімдер	linguistic			Begin=368.280
267-1	SPK4003	Continuing	267	бар,	бар	linguistic			End=368.770
268-0	SPK4003	Falling	268	арасында.	арасында	linguistic			Begin=368.770|End=369.314
269-0	SPK4004	undefined	269	SNIFFS	SNIFFS	paraverbal	_		Begin=379.478|End=380.395
270-0	SPK4003	Rising	270	Жұмысың	Жұмысың	linguistic			Begin=382.447
270-1	SPK4003	Rising	270	не	не	linguistic			
270-2	SPK4003	Rising	270	болды?	болды	linguistic			End=383.136
271-0	SPK4003	Continuing	271	Қалдырдың	Қалдырдың	linguistic			Begin=384.274
271-1	SPK4003	Continuing	271	ба,	ба	linguistic			End=384.810
272-0	SPK4003	Continuing	272	орнына,	орнына	linguistic			Begin=384.810|End=385.200
273-0	SPK4003	Rising	273	кісі	кісі	linguistic			Begin=385.200
273-1	SPK4003	Rising	273	қалды	қалды	linguistic			
273-2	SPK4003	Rising	273	ма?	ма	linguistic			End=386.140
274-0	SPK4004	Falling	274	Иә.	Иә	linguistic			Begin=386.055|End=386.402
275-0	SPK4004	Continuing	275	Ана	Ана	linguistic			Begin=389.243
275-1	SPK4004	Continuing	275	жолы	жолы	linguistic			
275-2	SPK4004	Continuing	275	бір	бір	linguistic			
275-3	SPK4004	Continuing	275	жігіт,	жігіт	linguistic			End=389.750
276-0	SPK4004	Interrupted	276	отпуск--	отпуск-	linguistic		Interrupted=Yes	Begin=389.750|End=390.280
277-0	SPK4004	Continuing	277	неме,	неме	linguistic			Begin=390.330|End=390.540
278-0	SPK4004	Continuing	278	демалысқа	демалысқа	linguistic			Begin=390.540
278-1	SPK4004	Continuing	278	кеткенде,	кеткенде	linguistic			End=391.330
279-0	SPK4004	Continuing	279	мен	мен	linguistic			Begin=392.310
279-1	SPK4004	Continuing	279	жүрдім	жүрдім	linguistic			
279-2	SPK4004	Continuing	279	ғой,	ғой	linguistic			End=392.780
280-0	SPK4004	Falling	280	орнында.	орнында	linguistic			Begin=392.780|End=393.290
281-0	SPK4004	Falling	281	Через	Через	linguistic			Begin=395.527
281-1	SPK4004	Falling	281	день.	день	linguistic			End=395.940
282-0	SPK4004	Falling	282	Күнде	Күнде	linguistic			Begin=396.610
282-1	SPK4004	Falling	282	күнде.	күнде	linguistic			End=397.200
283-0	SPK4004	Falling	283	Долго	Долго	linguistic			Begin=397.902
283-1	SPK4004	Falling	283	сөйтіп	сөйтіп	linguistic			
283-2	SPK4004	Falling	283	жүреді.	жүреді	linguistic			End=398.878
284-0	SPK4004	Continuing	284	Олар	Олар	linguistic			Begin=402.522
284-1	SPK4004	Continuing	284	менің	менің	linguistic			
284-2	SPK4004	Continuing	284	кеткеніме,	кеткеніме	linguistic			End=403.540
285-0	SPK4004	Continuing	285	қуанбаса,	қуанбаса	linguistic			Begin=405.092|End=405.570
286-0	SPK4004	Falling	286	ренжімейді	ренжімейді	linguistic			Begin=405.570
286-1	SPK4004	Falling	286	ғой.	ғой	linguistic			End=406.280
287-0	SPK4003	Rising	287	Неге?	Неге	linguistic			Begin=406.545|End=406.927
288-0	SPK4004	Continuing	288	Өздерінде	Өздерінде	linguistic			Begin=408.360
288-1	SPK4004	Continuing	288	смена	смена	linguistic			
288-2	SPK4004	Continuing	288	болады,	болады	linguistic			End=409.300
289-0	SPK4004	Falling	289	ақша	ақша	linguistic			Begin=409.342
289-1	SPK4004	Falling	289	болады	болады	linguistic			
289-2	SPK4004	Falling	289	ғой.	ғой	linguistic			End=410.057
290-0	SPK4003	undefined	290	ААА	ААА	linguistic			Begin=410.028|End=410.419
291-0	SPK4003	Continuing	291	¬Гүлжан	Гүлжан	linguistic		Anonymized=Yes	Begin=426.134
291-1	SPK4003	Continuing	291	мені	мені	linguistic			
291-2	SPK4003	Continuing	291	сағат,	сағат	linguistic			End=426.740
292-0	SPK4003	Falling	292	онға	онға	linguistic			Begin=426.740
292-1	SPK4003	Falling	292	жазып	жазып	linguistic			
292-2	SPK4003	Falling	292	қойыпты.	қойыпты	linguistic			End=427.801
293-0	SPK4003	Continuing	293	Мына	Мына	linguistic			Begin=429.250
293-1	SPK4003	Continuing	293	тоғыздан	тоғыздан	linguistic			
293-2	SPK4003	Continuing	293	он	он	linguistic			
293-3	SPK4003	Continuing	293	бес	бес	linguistic			
293-4	SPK4003	Continuing	293	кеткенде,	кеткенде	linguistic			End=430.360
294-0	SPK4003	Falling	294	шыға	шыға	linguistic			Begin=430.360
294-1	SPK4003	Falling	294	бер	бер	linguistic			
294-2	SPK4003	Falling	294	үйдеп	үйдеп	linguistic			
294-3	SPK4003	Falling	294	дейді.	дейді	linguistic			End=431.210
295-0	SPK4004	Rising	295	Бес	Бес	linguistic			Begin=433.998
295-1	SPK4004	Rising	295	жарым?	жарым	linguistic			End=434.447
296-0	SPK4003	Continuing	296	Остановкаға	Остановкаға	linguistic			Begin=434.006
296-1	SPK4003	Continuing	296	барасың,	барасың	linguistic			End=434.950
297-0	SPK4003	Continuing	297	әйтесің	әйтесің	linguistic			Begin=434.950
297-1	SPK4003	Continuing	297	бүйтесің,	бүйтесің	linguistic			End=435.850
298-0	SPK4003	Continuing	298	ана	ана	linguistic			Begin=435.850
298-1	SPK4003	Continuing	298	жақтан	жақтан	linguistic			
298-2	SPK4003	Continuing	298	түсіп,	түсіп	linguistic			End=436.700
299-0	SPK4003	Continuing	299	ары	ары	linguistic			Begin=437.690
299-1	SPK4003	Continuing	299	қарай	қарай	linguistic			
299-2	SPK4003	Continuing	299	жүресің,	жүресің	linguistic			End=438.410
300-0	SPK4003	Falling	300	сонымен.	сонымен	linguistic			Begin=438.429|End=438.894
301-0	SPK4004	Continuing	301	Сонымен	Сонымен	linguistic			Begin=439.584
301-1	SPK4004	Continuing	301	қылып,	қылып	linguistic			End=440.150
302-0	SPK4004	Falling	302	сол	сол	linguistic			Begin=440.150
302-1	SPK4004	Falling	302	уақыт	уақыт	linguistic			
302-2	SPK4004	Falling	302	болады.	болады	linguistic			End=440.950
303-0	SPK4003	undefined	303	Мен	Мен	linguistic			Begin=442.130
303-1	SPK4003	undefined	303	бер	бер	linguistic			
303-2	SPK4003	undefined	303	жақтағы	жақтағы	linguistic			End=442.740
304-0	SPK4003	Rising	304	Зердеден	Зердеден	linguistic			Begin=442.740
304-1	SPK4003	Rising	304	түсіп	түсіп	linguistic			
304-2	SPK4003	Rising	304	қалайын	қалайын	linguistic			
304-3	SPK4003	Rising	304	ба?	ба	linguistic			End=443.960
305-0	SPK4003	Continuing	305	Или	Или	linguistic			Begin=443.960
305-1	SPK4003	Continuing	305	Редисонның,	Редисонның	linguistic			End=444.800
306-0	SPK4003	Rising	306	остановкасынан	остановкасынан	linguistic			Begin=444.800
306-1	SPK4003	Rising	306	түсейін	түсейін	linguistic			
306-2	SPK4003	Rising	306	ба?	ба	linguistic			End=445.772
307-0	SPK4004	Falling	307	Зердеден	Зердеден	linguistic			Begin=453.858
307-1	SPK4004	Falling	307	түсіп	түсіп	linguistic			
307-2	SPK4004	Falling	307	қал.	қал	linguistic			End=454.798
308-0	SPK4004	Falling	308	Зато	Зато	linguistic			Begin=456.811
308-1	SPK4004	Falling	308	алдыға	алдыға	linguistic			
308-2	SPK4004	Falling	308	қарай	қарай	linguistic			
308-3	SPK4004	Falling	308	жүресің.	жүресің	linguistic			End=457.784
309-0	SPK4003	undefined	309	Мхм	Мхм	linguistic			Begin=460.510|End=460.950
310-0	SPK4004	Continuing	310	Ал,	Ал	linguistic			Begin=462.200|End=462.510
311-0	SPK4004	Interrupted	311	Ре--	Ре-	linguistic		Interrupted=Yes	Begin=463.072|End=463.460
312-0	SPK4004	Continuing	312	Редисонның	Редисонның	linguistic			Begin=463.460
312-1	SPK4004	Continuing	312	остановкасынан	остановкасынан	linguistic			
312-2	SPK4004	Continuing	312	түссең,	түссең	linguistic			End=465.040
313-0	SPK4004	Continuing	313	артқа	артқа	linguistic			Begin=465.530
313-1	SPK4004	Continuing	313	қайту	қайту	linguistic			
313-2	SPK4004	Continuing	313	керек,	керек	linguistic			End=466.270
314-0	SPK4004	Falling	314	қайта	қайта	linguistic			Begin=466.320
314-1	SPK4004	Falling	314	былай	былай	linguistic			
314-2	SPK4004	Falling	314	жүру	жүру	linguistic			
314-3	SPK4004	Falling	314	керексің.	керексің	linguistic			End=467.520
315-0	SPK4003	Continuing	315	¬Асқар	Асқар	linguistic		Anonymized=Yes	Begin=473.930
315-1	SPK4003	Continuing	315	келіп	келіп	linguistic			
315-2	SPK4003	Continuing	315	жатады,	жатады	linguistic			End=474.620
316-0	SPK4003	Falling	316	түнде	түнде	linguistic			Begin=474.820
316-1	SPK4003	Falling	316	деген.	деген	linguistic			End=475.360
317-0	SPK4004	Falling	317	Иә.	Иә	linguistic			Begin=475.960|End=476.310
318-0	SPK4003	Falling	318	Келмепті	Келмепті	linguistic			Begin=477.661
318-1	SPK4003	Falling	318	ғой.	ғой	linguistic			End=478.110
319-0	SPK4003	Continuing	319	¬Асқар	Асқар	linguistic		Anonymized=Yes	Begin=478.110
319-1	SPK4003	Continuing	319	отчислениеге,	отчислениеге	linguistic			End=479.140
320-0	SPK4003	Falling	320	кеткелі	кеткелі	linguistic			Begin=479.140
320-1	SPK4003	Falling	320	жатыр	жатыр	linguistic			
320-2	SPK4003	Falling	320	дейді.	дейді	linguistic			End=480.000
321-0	SPK4004	Rising	321	Неге?	Неге	linguistic			Begin=480.440|End=480.861
322-0	SPK4003	Continuing	322	Соны	Соны	linguistic			Begin=482.395
322-1	SPK4003	Continuing	322	біреу,	біреу	linguistic			End=482.820
323-0	SPK4003	Continuing	323	мұғалімнен	мұғалімнен	linguistic			Begin=482.820
323-1	SPK4003	Continuing	323	барып,	барып	linguistic			End=483.320
324-0	SPK4003	Continuing	324	сөйлесеміз,	сөйлесеміз	linguistic			Begin=483.340|End=483.870
325-0	SPK4003	Falling	325	дейді.	дейді	linguistic			Begin=483.870|End=484.070
326-0	SPK4003	Continuing	326	Летник	Летник	linguistic			Begin=485.000
326-1	SPK4003	Continuing	326	тапсырмаған,	тапсырмаған	linguistic			End=485.890
327-0	SPK4003	Falling	327	дейді.	дейді	linguistic			Begin=485.890|End=486.080
328-0	SPK4003	Continuing	328	Уже	Уже	linguistic			Begin=487.647
328-1	SPK4003	Continuing	328	сентябрь,	сентябрь	linguistic			End=488.170
329-0	SPK4003	Falling	329	сабақ	сабақ	linguistic			Begin=488.170
329-1	SPK4003	Falling	329	басталады	басталады	linguistic			
329-2	SPK4003	Falling	329	ғой.	ғой	linguistic			End=488.930
330-0	SPK4003	Falling	330	Летник	Летник	linguistic			Begin=488.940
330-1	SPK4003	Falling	330	тапсырмапты.	тапсырмапты	linguistic			End=489.790
331-0	SPK4004	Rising	331	Неге	Неге	linguistic			Begin=489.856
331-1	SPK4004	Rising	331	тапсырмаған	тапсырмаған	linguistic			
331-2	SPK4004	Rising	331	бұны?	бұны	linguistic			End=490.710
332-0	SPK4003	Continuing	332	Ну	Ну	linguistic			Begin=491.024
332-1	SPK4003	Continuing	332	тапсырмаған,	тапсырмаған	linguistic			End=491.690
333-0	SPK4003	Falling	333	қайдан	қайдан	linguistic			Begin=491.690
333-1	SPK4003	Falling	333	білемін.	білемін	linguistic			End=492.151
334-0	SPK4003	Falling	334	Жүрген.	Жүрген	linguistic			Begin=492.892|End=493.289
335-0	SPK4004	Rising	335	Әке-шешесі	Әке-шешесі	linguistic			Begin=495.789
335-1	SPK4004	Rising	335	біледі	біледі	linguistic			
335-2	SPK4004	Rising	335	ме	ме	linguistic			
335-3	SPK4004	Rising	335	екен?	екен	linguistic			End=496.750
336-0	SPK4003	Falling	336	Біледі	Біледі	linguistic			Begin=496.900
336-1	SPK4003	Falling	336	дейді.	дейді	linguistic			End=497.470
337-0	SPK4003	Falling	337	Шешесі	Шешесі	linguistic			Begin=499.572
337-1	SPK4003	Falling	337	ойлап	ойлап	linguistic			
337-2	SPK4003	Falling	337	отыр.	отыр	linguistic			End=500.400
338-0	SPK4003	Falling	338	Шешесіне	Шешесіне	linguistic			Begin=500.538
338-1	SPK4003	Falling	338	батады	батады	linguistic			
338-2	SPK4003	Falling	338	ғой.	ғой	linguistic			End=501.638
339-0	SPK4004	Continuing	339	Онысын,	Онысын	linguistic			Begin=511.122|End=511.445
340-0	SPK4004	Continuing	340	таниды	таниды	linguistic			Begin=511.450
340-1	SPK4004	Continuing	340	ма	ма	linguistic			
340-2	SPK4004	Continuing	340	екен,	екен	linguistic			End=512.210
341-0	SPK4004	Continuing	341	мынау,	мынау	linguistic			Begin=512.210|End=512.700
342-0	SPK4003	Continuing	342	Таниды,	Таниды	linguistic			Begin=512.669|End=513.040
343-0	SPK4004	Rising	343	біздің	біздің	linguistic			Begin=512.700
343-1	SPK4004	Rising	343	ұл?	ұл	linguistic			End=513.350
344-0	SPK4003	Interrupted	344	бірдеңке	бірдеңке	linguistic			Begin=513.110
344-1	SPK4003	Interrupted	344	де--	де-	linguistic		Interrupted=Yes	End=513.770
345-0	SPK4003	Continuing	345	біреу	біреу	linguistic			Begin=513.770
345-1	SPK4003	Continuing	345	деген	деген	linguistic			
345-2	SPK4003	Continuing	345	аға,	аға	linguistic			End=514.400
346-0	SPK4003	Falling	346	деп	деп	linguistic			Begin=514.400
346-1	SPK4003	Falling	346	айтып	айтып	linguistic			
346-2	SPK4003	Falling	346	отырған.	отырған	linguistic			End=515.020
347-0	SPK4003	Continuing	347	Соған	Соған	linguistic			Begin=517.993
347-1	SPK4003	Continuing	347	барып,	барып	linguistic			End=518.410
348-0	SPK4003	Falling	348	екеуміз	екеуміз	linguistic			Begin=518.410
348-1	SPK4003	Falling	348	сөйлесеміз.	сөйлесеміз	linguistic			End=519.250
349-0	SPK4004	Continuing	349	¬Асқар	Асқар	linguistic		Anonymized=Yes	Begin=526.598
349-1	SPK4004	Continuing	349	ақылы	ақылы	linguistic			
349-2	SPK4004	Continuing	349	түрде	түрде	linguistic			
349-3	SPK4004	Continuing	349	оқушы	оқушы	linguistic			
349-4	SPK4004	Continuing	349	ма	ма	linguistic			
349-5	SPK4004	Continuing	349	еді,	еді	linguistic			End=528.020
350-0	SPK4004	Continuing	350	или,	или	linguistic			Begin=528.020|End=528.490
351-0	SPK4004	Rising	351	грантта	грантта	linguistic			Begin=530.885
351-1	SPK4004	Rising	351	оқушы	оқушы	linguistic			
351-2	SPK4004	Rising	351	ма	ма	linguistic			
351-3	SPK4004	Rising	351	еді?	еді	linguistic			End=531.890
352-0	SPK4003	Falling	352	Грант.	Грант	linguistic			Begin=531.893|End=532.330
353-0	SPK4003	Falling	353	Грантқа	Грантқа	linguistic			Begin=532.469
353-1	SPK4003	Falling	353	түсті	түсті	linguistic			
353-2	SPK4003	Falling	353	ғой	ғой	linguistic			
353-3	SPK4003	Falling	353	ол.	ол	linguistic			End=533.327
354-0	SPK4004	Continuing	354	Енді	Енді	linguistic			Begin=534.397
354-1	SPK4004	Continuing	354	тапсыра	тапсыра	linguistic			
354-2	SPK4004	Continuing	354	алмаса,	алмаса	linguistic			End=535.110
355-0	SPK4004	Continuing	355	енді	енді	linguistic			Begin=535.110
355-1	SPK4004	Continuing	355	гранты	гранты	linguistic			
355-2	SPK4004	Continuing	355	бітті	бітті	linguistic			
355-3	SPK4004	Continuing	355	ғой,	ғой	linguistic			End=536.050
356-0	SPK4004	Falling	356	енді.	енді	linguistic			Begin=536.050|End=536.290
357-0	SPK4003	Falling	357	Қайдан	Қайдан	linguistic			Begin=537.189
357-1	SPK4003	Falling	357	білемін.	білемін	linguistic			End=537.643
358-0	SPK4004	Interrupted	358	Не--	Не-	linguistic		Interrupted=Yes	Begin=546.287|End=546.633
359-0	SPK4003	Continuing	359	Тапсыра	Тапсыра	linguistic			Begin=546.322
359-1	SPK4003	Continuing	359	алмаса,	алмаса	linguistic			End=546.895
360-0	SPK4003	undefined	360	PAUSE	PAUSE	linguistic			Begin=546.956|End=547.535
361-0	SPK4003	Continuing	361	бюджетке,	бюджетке	linguistic			Begin=547.600|End=547.970
362-0	SPK4003	Continuing	362	ауыстыратын	ауыстыратын	linguistic			Begin=547.970
362-1	SPK4003	Continuing	362	шығар,	шығар	linguistic			End=548.704
363-0	SPK4003	Falling	363	документтерін.	документтерін	linguistic			Begin=549.684|End=550.361
364-0	SPK4003	Falling	364	Білмеймін.	Білмеймін	linguistic			Begin=551.932|End=552.490
365-0	SPK4004	Continuing	365	Жұмыс	Жұмыс	linguistic			Begin=553.060
365-1	SPK4004	Continuing	365	жұмыс	жұмыс	linguistic			
365-2	SPK4004	Continuing	365	істегенше,	істегенше	linguistic			End=553.920
366-0	SPK4004	Falling	366	сонысын	сонысын	linguistic			Begin=553.925
366-1	SPK4004	Falling	366	тапсырмайды	тапсырмайды	linguistic			
366-2	SPK4004	Falling	366	ма.	ма	linguistic			End=555.034
367-0	SPK4003	Continuing	367	Жаз	Жаз	linguistic			Begin=557.974
367-1	SPK4003	Continuing	367	бойы	бойы	linguistic			
367-2	SPK4003	Continuing	367	жұмыс	жұмыс	linguistic			
367-3	SPK4003	Continuing	367	істеді,	істеді	linguistic			End=559.180
368-0	SPK4003	Continuing	368	айтты	айтты	linguistic			Begin=559.210
368-1	SPK4003	Continuing	368	бүйтті,	бүйтті	linguistic			End=560.090
369-0	SPK4003	Continuing	369	ары	ары	linguistic			Begin=560.090
369-1	SPK4003	Continuing	369	бері	бері	linguistic			
369-2	SPK4003	Continuing	369	қыдырды,	қыдырды	linguistic			End=560.810
370-0	SPK4003	Falling	370	сонымен.	сонымен	linguistic			Begin=560.810|End=561.327
371-0	SPK4003	Continuing	371	Мынаны	Мынаны	linguistic			Begin=564.391
371-1	SPK4003	Continuing	371	мен	мен	linguistic			
371-2	SPK4003	Continuing	371	алып	алып	linguistic			
371-3	SPK4003	Continuing	371	келейін	келейін	linguistic			
371-4	SPK4003	Continuing	371	иә,	иә	linguistic			End=565.270
372-0	SPK4003	Rising	372	қазір	қазір	linguistic			Begin=565.270
372-1	SPK4003	Rising	372	келген	келген	linguistic			
372-2	SPK4003	Rising	372	кезде?	кезде	linguistic			End=566.177
373-0	SPK4004	Falling	373	Келерде	Келерде	linguistic			Begin=566.360
373-1	SPK4004	Falling	373	алып	алып	linguistic			
373-2	SPK4004	Falling	373	келесің.	келесің	linguistic			End=567.342
374-0	SPK4004	Rising	374	Менің	Менің	linguistic			Begin=569.774
374-1	SPK4004	Rising	374	лезвиямды	лезвиямды	linguistic			
374-2	SPK4004	Rising	374	ала	ала	linguistic			
374-3	SPK4004	Rising	374	келесің	келесің	linguistic			
374-4	SPK4004	Rising	374	ба?	ба	linguistic			End=571.110
375-0	SPK4004	undefined	375	H	H	linguistic			Begin=571.860|End=572.480
376-0	SPK4003	Continuing	376	Наличка	Наличка	linguistic			Begin=572.488
376-1	SPK4003	Continuing	376	болмаса	болмаса	linguistic			
376-2	SPK4003	Continuing	376	ол,	ол	linguistic			End=573.500
377-0	SPK4003	Continuing	377	иә	иә	linguistic			Begin=574.650
377-1	SPK4003	Continuing	377	ала	ала	linguistic			
377-2	SPK4003	Continuing	377	келемін,	келемін	linguistic			End=575.350
378-0	SPK4004	undefined	378	H	H	linguistic			Begin=575.736|End=576.331
379-0	SPK4004	Continuing	379	Шалбарымды	Шалбарымды	linguistic			Begin=576.559
379-1	SPK4004	Continuing	379	ала	ала	linguistic			
379-2	SPK4004	Continuing	379	кел,	кел	linguistic			End=577.556
380-0	SPK4004	Falling	380	лезвиямды	лезвиямды	linguistic			Begin=578.130
380-1	SPK4004	Falling	380	ала	ала	linguistic			
380-2	SPK4004	Falling	380	кел.	кел	linguistic			End=579.080
381-0	SPK4004	Continuing	381	Маған	Маған	linguistic			Begin=583.677
381-1	SPK4004	Continuing	381	керегі,	керегі	linguistic			End=584.200
382-0	SPK4004	Falling	382	үлкен	үлкен	linguistic			Begin=584.200
382-1	SPK4004	Falling	382	белбеу	белбеу	linguistic			
382-2	SPK4004	Falling	382	ғана	ғана	linguistic			
382-3	SPK4004	Falling	382	қалды.	қалды	linguistic			End=584.970
383-0	SPK4003	Continuing	383	Заттардың	Заттардың	linguistic			Begin=601.850
383-1	SPK4003	Continuing	383	бәрін	бәрін	linguistic			
383-2	SPK4003	Continuing	383	чемоданға	чемоданға	linguistic			
383-3	SPK4003	Continuing	383	салып,	салып	linguistic			End=603.120
384-0	SPK4003	Continuing	384	тамақ	тамақ	linguistic			Begin=603.120
384-1	SPK4003	Continuing	384	андай,	андай	linguistic			End=603.690
385-0	SPK4003	Continuing	385	бір	бір	linguistic			Begin=603.690
385-1	SPK4003	Continuing	385	немізді,	немізді	linguistic			End=604.220
386-0	SPK4003	Falling	386	пысырып	пысырып	linguistic			Begin=604.220
386-1	SPK4003	Falling	386	алайық.	алайық	linguistic			End=604.831
387-0	SPK4003	Continuing	387	Мыналарға,	Мыналарға	linguistic			Begin=605.639|End=606.155
388-0	SPK4003	Continuing	388	фарш	фарш	linguistic			Begin=607.049
388-1	SPK4003	Continuing	388	алып	алып	linguistic			
388-2	SPK4003	Continuing	388	кеп,	кеп	linguistic			End=607.690
389-0	SPK4003	Continuing	389	фрикадельки,	фрикадельки	linguistic			Begin=607.690|End=608.330
390-0	SPK4003	Continuing	390	сондай	сондай	linguistic			Begin=608.330
390-1	SPK4003	Continuing	390	жасап,	жасап	linguistic			End=608.910
391-0	SPK4003	Falling	391	беріп	беріп	linguistic			Begin=608.910
391-1	SPK4003	Falling	391	кетейінші	кетейінші	linguistic			
391-2	SPK4003	Falling	391	дегенмін.	дегенмін	linguistic			End=609.580
392-0	SPK4003	Falling	392	Уақыттары	Уақыттары	linguistic			Begin=609.580
392-1	SPK4003	Falling	392	жоқ.	жоқ	linguistic			End=610.220
393-0	SPK4004	Continuing	393	Сен	Сен	linguistic			Begin=613.170
393-1	SPK4004	Continuing	393	соныңды,	соныңды	linguistic			End=614.070
394-0	SPK4004	Falling	394	жемейді	жемейді	linguistic			Begin=614.070
394-1	SPK4004	Falling	394	олар.	олар	linguistic			End=614.630
395-0	SPK4003	Falling	395	Фрикадельки	Фрикадельки	linguistic			Begin=615.530
395-1	SPK4003	Falling	395	жейді.	жейді	linguistic			End=616.440
396-0	SPK4003	Rising	396	Неге	Неге	linguistic			Begin=616.480
396-1	SPK4003	Rising	396	жемейді?	жемейді	linguistic			End=617.083
397-0	SPK4003	Continuing	397	Тамақ	Тамақ	linguistic			Begin=617.893
397-1	SPK4003	Continuing	397	пысырып	пысырып	linguistic			
397-2	SPK4003	Continuing	397	ішеді	ішеді	linguistic			
397-3	SPK4003	Continuing	397	ғой,	ғой	linguistic			End=618.620
398-0	SPK4003	undefined	398	еттің	еттің	linguistic			Begin=618.650
398-1	SPK4003	undefined	398	орнына	орнына	linguistic			End=619.260
399-0	SPK4003	Continuing	399	Ет	Ет	linguistic			Begin=620.031
399-1	SPK4003	Continuing	399	турап	турап	linguistic			
399-2	SPK4003	Continuing	399	жатпайды,	жатпайды	linguistic			End=620.641
400-0	SPK4003	Continuing	400	оның	оның	linguistic			Begin=620.660
400-1	SPK4003	Continuing	400	уақыты	уақыты	linguistic			
400-2	SPK4003	Continuing	400	жоқ,	жоқ	linguistic			End=621.470
401-0	SPK4003	Falling	401	¬Гүлжанның.	Гүлжанның	linguistic		Anonymized=Yes	Begin=621.470|End=621.810
402-0	SPK4004	Continuing	402	Фарш	Фарш	linguistic			Begin=622.195
402-1	SPK4004	Continuing	402	сатып,	сатып	linguistic			End=622.701
403-0	SPK4004	Continuing	403	бөліп	бөліп	linguistic			Begin=622.930
403-1	SPK4004	Continuing	403	бөліп,	бөліп	linguistic			End=623.380
404-0	SPK4004	Falling	404	сатып	сатып	linguistic			Begin=623.380
404-1	SPK4004	Falling	404	беріп	беріп	linguistic			
404-2	SPK4004	Falling	404	кетейік.	кетейік	linguistic			End=624.070
405-0	SPK4004	Continuing	405	Өздері	Өздері	linguistic			Begin=624.070
405-1	SPK4004	Continuing	405	соны,	соны	linguistic			End=624.580
406-0	SPK4004	Continuing	406	шетінен	шетінен	linguistic			Begin=624.580
406-1	SPK4004	Continuing	406	алып,	алып	linguistic			End=625.120
407-0	SPK4004	Falling	407	пысырады.	пысырады	linguistic			Begin=625.120|End=625.611
408-0	SPK4003	Continuing	408	Фрикадельки	Фрикадельки	linguistic			Begin=627.430
408-1	SPK4003	Continuing	408	жасау	жасау	linguistic			
408-2	SPK4003	Continuing	408	керек,	керек	linguistic			End=628.320
409-0	SPK4003	Falling	409	жұмыстан	жұмыстан	linguistic			Begin=628.320
409-1	SPK4003	Falling	409	келген	келген	linguistic			
409-2	SPK4003	Falling	409	кезде.	кезде	linguistic			End=629.300
410-0	SPK4003	Falling	410	Домалақ	Домалақ	linguistic			Begin=629.300
410-1	SPK4003	Falling	410	домалақ	домалақ	linguistic			
410-2	SPK4003	Falling	410	күйінде.	күйінде	linguistic			End=630.420
411-0	SPK4003	Falling	411	Тамаққа	Тамаққа	linguistic			Begin=631.117
411-1	SPK4003	Falling	411	қоса	қоса	linguistic			
411-2	SPK4003	Falling	411	салады.	салады	linguistic			End=631.981
412-0	SPK4004	Falling	412	Онда	Онда	linguistic			Begin=634.300
412-1	SPK4004	Falling	412	фарш	фарш	linguistic			
412-2	SPK4004	Falling	412	алайық.	алайық	linguistic			End=635.197
413-0	SPK4003	Continuing	413	Иә,	Иә	linguistic			Begin=635.824|End=636.110
414-0	SPK4003	Falling	414	соны	соны	linguistic			Begin=636.110
414-1	SPK4003	Falling	414	айтып	айтып	linguistic			
414-2	SPK4003	Falling	414	тұрмын	тұрмын	linguistic			
414-3	SPK4003	Falling	414	ғой.	ғой	linguistic			End=636.570
415-0	SPK4003	Continuing	415	Фарш	Фарш	linguistic			Begin=636.630
415-1	SPK4003	Continuing	415	алайық,	алайық	linguistic			End=637.280
416-0	SPK4003	Falling	416	манты	манты	linguistic			Begin=637.280
416-1	SPK4003	Falling	416	жасап	жасап	linguistic			
416-2	SPK4003	Falling	416	алайық.	алайық	linguistic			End=638.073
417-0	SPK4004	Continuing	417	Онда	Онда	linguistic			Begin=639.449
417-1	SPK4004	Continuing	417	сен	сен	linguistic			
417-2	SPK4004	Continuing	417	келе	келе	linguistic			
417-3	SPK4004	Continuing	417	жатқанда,	жатқанда	linguistic			End=640.260
418-0	SPK4004	Rising	418	маған	маған	linguistic			Begin=640.260
418-1	SPK4004	Rising	418	звандайсың	звандайсың	linguistic			
418-2	SPK4004	Rising	418	ба?	ба	linguistic			End=641.080
419-0	SPK4004	Continuing	419	Мен	Мен	linguistic			Begin=641.080
419-1	SPK4004	Continuing	419	шығып,	шығып	linguistic			End=641.490
420-0	SPK4004	Falling	420	ана	ана	linguistic			Begin=641.490
420-1	SPK4004	Falling	420	жерге	жерге	linguistic			
420-2	SPK4004	Falling	420	барайын.	барайын	linguistic			End=642.160
421-0	SPK4003	Falling	421	Иә.	Иә	linguistic			Begin=642.460|End=642.766
422-0	SPK4004	Falling	422	Магнумнан	Магнумнан	linguistic			Begin=644.480
422-1	SPK4004	Falling	422	бірнәрсе	бірнәрсе	linguistic			
422-2	SPK4004	Falling	422	ала	ала	linguistic			
422-3	SPK4004	Falling	422	келейік.	келейік	linguistic			End=645.816
423-0	SPK4003	Falling	423	Мен	Мен	linguistic			Begin=646.673
423-1	SPK4003	Falling	423	шай	шай	linguistic			
423-2	SPK4003	Falling	423	андай	андай	linguistic			
423-3	SPK4003	Falling	423	бұндай	бұндай	linguistic			
423-4	SPK4003	Falling	423	алам	алам	linguistic			
423-5	SPK4003	Falling	423	деп	деп	linguistic			
423-6	SPK4003	Falling	423	отырмын	отырмын	linguistic			
423-7	SPK4003	Falling	423	ғой.	ғой	linguistic			End=648.060
424-0	SPK4004	Falling	424	Ұнағаннан	Ұнағаннан	linguistic			Begin=648.175
424-1	SPK4004	Falling	424	әпер.	әпер	linguistic			End=649.030
425-0	SPK4003	Continuing	425	Конфет,	Конфет	linguistic			Begin=648.280|End=648.620
426-0	SPK4003	Falling	426	шай.	шай	linguistic			Begin=648.620|End=648.970
427-0	SPK4003	Falling	427	Иә.	Иә	linguistic			Begin=649.345|End=649.560
428-0	SPK4003	Continuing	428	Магнумнан	Магнумнан	linguistic			Begin=650.616
428-1	SPK4003	Continuing	428	ба,	ба	linguistic			End=651.330
429-0	SPK4003	Rising	429	смолдан	смолдан	linguistic			Begin=651.370
429-1	SPK4003	Rising	429	ба?	ба	linguistic			End=652.160
430-0	SPK4003	Rising	430	Қайсысына	Қайсысына	linguistic			Begin=655.658
430-1	SPK4003	Rising	430	арзан	арзан	linguistic			
430-2	SPK4003	Rising	430	болады?	болады	linguistic			End=656.510
431-0	SPK4003	Falling	431	Сонан	Сонан	linguistic			Begin=656.565
431-1	SPK4003	Falling	431	ала	ала	linguistic			
431-2	SPK4003	Falling	431	салайық.	салайық	linguistic			End=657.390
432-0	SPK4004	Continuing	432	Разница	Разница	linguistic			Begin=657.340
432-1	SPK4004	Continuing	432	жоқ	жоқ	linguistic			
432-2	SPK4004	Continuing	432	шығар,	шығар	linguistic			End=658.364
433-0	SPK4004	Falling	433	смол	смол	linguistic			Begin=659.353
433-1	SPK4004	Falling	433	жанында	жанында	linguistic			
433-2	SPK4004	Falling	433	дегенім	дегенім	linguistic			
433-3	SPK4004	Falling	433	ғой.	ғой	linguistic			End=660.453
434-0	SPK4003	undefined	434	МММ	МММ	linguistic			Begin=660.666|End=661.150
435-0	SPK4003	Falling	435	Жарайды.	Жарайды	linguistic			Begin=661.150|End=661.730
436-0	SPK4003	Falling	436	Мен	Мен	linguistic			Begin=662.850
436-1	SPK4003	Falling	436	мына	мына	linguistic			
436-2	SPK4003	Falling	436	суды	суды	linguistic			
436-3	SPK4003	Falling	436	ішіп	ішіп	linguistic			
436-4	SPK4003	Falling	436	аламын	аламын	linguistic			
436-5	SPK4003	Falling	436	ғой	ғой	linguistic			
436-6	SPK4003	Falling	436	деймін.	деймін	linguistic			End=664.197
437-0	SPK4004	Interrupted	437	Өзімізге--	Өзімізге-	linguistic		Interrupted=Yes	Begin=663.308|End=663.740
438-0	SPK4004	Falling	438	Ішіп	Ішіп	linguistic			Begin=664.570
438-1	SPK4004	Falling	438	ал.	ал	linguistic			End=665.090
439-0	SPK4004	Rising	439	Өзімізге	Өзімізге	linguistic			Begin=665.960
439-1	SPK4004	Rising	439	неме	неме	linguistic			
439-2	SPK4004	Rising	439	қалды?	қалды	linguistic			End=666.860
440-0	SPK4004	Continuing	440	Қоймаш,	Қоймаш	linguistic			Begin=667.090|End=667.330
441-0	SPK4004	Falling	441	столдың	столдың	linguistic			Begin=667.330
441-1	SPK4004	Falling	441	шетіне.	шетіне	linguistic			End=667.970
442-0	SPK4004	Continuing	442	Қолың	Қолың	linguistic			Begin=668.518
442-1	SPK4004	Continuing	442	тиіп,	тиіп	linguistic			End=669.160
443-0	SPK4004	Falling	443	кетеді.	кетеді	linguistic			Begin=669.160|End=669.739
444-0	SPK4003	Continuing	444	Тұра	Тұра	linguistic			Begin=671.930
444-1	SPK4003	Continuing	444	берсін,	берсін	linguistic			End=672.330
445-0	SPK4003	Falling	445	тұра	тұра	linguistic			Begin=672.330
445-1	SPK4003	Falling	445	берсін.	берсін	linguistic			End=672.780
446-0	SPK4004	Rising	446	Жолға	Жолға	linguistic			Begin=680.589
446-1	SPK4004	Rising	446	не	не	linguistic			
446-2	SPK4004	Rising	446	аламыз?	аламыз	linguistic			End=681.469
447-0	SPK4003	undefined	447	Магнум	Магнум	linguistic			Begin=682.410
447-1	SPK4003	undefined	447	және	және	linguistic			End=682.990
448-0	SPK4003	Continuing	448	пирожки	пирожки	linguistic			Begin=682.990
448-1	SPK4003	Continuing	448	сатып,	сатып	linguistic			End=683.610
449-0	SPK4003	Falling	449	бір	бір	linguistic			Begin=683.610
449-1	SPK4003	Falling	449	алып	алып	linguistic			
449-2	SPK4003	Falling	449	келуге	келуге	linguistic			
449-3	SPK4003	Falling	449	болады.	болады	linguistic			End=684.410
450-0	SPK4003	Falling	450	Манты	Манты	linguistic			Begin=684.410
450-1	SPK4003	Falling	450	пысырып	пысырып	linguistic			
450-2	SPK4003	Falling	450	алам.	алам	linguistic			End=685.240
451-0	SPK4003	Falling	451	Баклажан	Баклажан	linguistic			Begin=686.391
451-1	SPK4003	Falling	451	жасап	жасап	linguistic			
451-2	SPK4003	Falling	451	алайын.	алайын	linguistic			End=687.413
452-0	SPK4003	Falling	452	Жегенімізге.	Жегенімізге	linguistic			Begin=688.360|End=689.029
453-0	SPK4003	Continuing	453	Таңертеңге,	Таңертеңге	linguistic			Begin=689.454|End=690.274
454-0	SPK4003	Rising	454	рисовый	рисовый	linguistic			Begin=690.880
454-1	SPK4003	Rising	454	каша	каша	linguistic			
454-2	SPK4003	Rising	454	пысырып	пысырып	linguistic			
454-3	SPK4003	Rising	454	алайын	алайын	linguistic			
454-4	SPK4003	Rising	454	ба?	ба	linguistic			End=692.020
455-0	SPK4003	Continuing	455	Молочный,	Молочный	linguistic			Begin=692.020|End=692.744
456-0	SPK4003	Rising	456	жұмыртқамен?	жұмыртқамен	linguistic			Begin=692.919|End=693.580
457-0	SPK4004	Falling	457	Пысырып	Пысырып	linguistic			Begin=694.010
457-1	SPK4004	Falling	457	ал	ал	linguistic			
457-2	SPK4004	Falling	457	иә.	иә	linguistic			End=694.630
458-0	SPK4003	Continuing	458	Барып,	Барып	linguistic			Begin=694.846|End=695.310
459-0	SPK4003	Continuing	459	тамағымызды	тамағымызды	linguistic			Begin=695.310
459-1	SPK4003	Continuing	459	ішеміз	ішеміз	linguistic			
459-2	SPK4003	Continuing	459	де,	де	linguistic			End=696.250
460-0	SPK4003	Falling	460	сразу	сразу	linguistic			Begin=696.250
460-1	SPK4003	Falling	460	ұйықтаймыз.	ұйықтаймыз	linguistic			End=697.317
461-0	SPK4004	Continuing	461	Тамақ	Тамақ	linguistic			Begin=696.591
461-1	SPK4004	Continuing	461	ішпейміз,	ішпейміз	linguistic			End=697.517
462-0	SPK4004	Falling	462	сразу	сразу	linguistic			Begin=697.530
462-1	SPK4004	Falling	462	ұйықтайтын	ұйықтайтын	linguistic			
462-2	SPK4004	Falling	462	шығармыз.	шығармыз	linguistic			End=698.660
463-0	SPK4003	Falling	463	Или	Или	linguistic			Begin=698.490
463-1	SPK4003	Falling	463	үйден	үйден	linguistic			
463-2	SPK4003	Falling	463	тамақ	тамақ	linguistic			
463-3	SPK4003	Falling	463	ішіп	ішіп	linguistic			
463-4	SPK4003	Falling	463	алайық.	алайық	linguistic			End=699.595
464-0	SPK4004	Rising	464	Таңғы	Таңғы	linguistic			Begin=700.533
464-1	SPK4004	Rising	464	сағат	сағат	linguistic			
464-2	SPK4004	Rising	464	төртте	төртте	linguistic			
464-3	SPK4004	Rising	464	ма?	ма	linguistic			End=701.455
465-0	SPK4003	Continuing	465	Төрт	Төрт	linguistic			Begin=701.943
465-1	SPK4003	Continuing	465	емес,	емес	linguistic			End=702.359
466-0	SPK4003	Falling	466	біз	біз	linguistic			Begin=702.370
466-1	SPK4003	Falling	466	ұйықтамайтын	ұйықтамайтын	linguistic			
466-2	SPK4003	Falling	466	шығармыз.	шығармыз	linguistic			End=703.130
467-0	SPK4003	Continuing	467	Он	Он	linguistic			Begin=703.200
467-1	SPK4003	Continuing	467	екіден	екіден	linguistic			
467-2	SPK4003	Continuing	467	кейін,	кейін	linguistic			End=703.790
468-0	SPK4003	Falling	468	ар	ар	linguistic			Begin=703.790
468-1	SPK4003	Falling	468	жағында	жағында	linguistic			
468-2	SPK4003	Falling	468	бір	бір	linguistic			
468-3	SPK4003	Falling	468	екі-үш	екі-үш	linguistic			
468-4	SPK4003	Falling	468	сағат.	сағат	linguistic			End=704.720
469-0	SPK4003	Falling	469	Болды.	Болды	linguistic			Begin=704.720|End=704.940
470-0	SPK4004	Continuing	470	Мен	Мен	linguistic			Begin=706.530
470-1	SPK4004	Continuing	470	сияқты	сияқты	linguistic			
470-2	SPK4004	Continuing	470	ұйықтап,	ұйықтап	linguistic			End=707.490
471-0	SPK4004	undefined	471	қалып	қалып	linguistic			Begin=707.490
471-1	SPK4004	undefined	471	жүрмейік	жүрмейік	linguistic			End=708.111
472-0	SPK4003	undefined	472	Сен	Сен	linguistic			Begin=708.440
472-1	SPK4003	undefined	472	сияқты	сияқты	linguistic			
472-2	SPK4003	undefined	472	ұйықтап	ұйықтап	linguistic			
472-3	SPK4003	undefined	472	қаламыз	қаламыз	linguistic			
472-4	SPK4003	undefined	472	ау	ау	linguistic			End=709.830
473-0	SPK4003	Falling	473	деп	деп	linguistic			Begin=709.830
473-1	SPK4003	Falling	473	тұрғаным	тұрғаным	linguistic			
473-2	SPK4003	Falling	473	ғой.	ғой	linguistic			End=710.396
474-0	SPK4004	undefined	474	Завтракке	Завтракке	linguistic			Begin=717.775|End=718.596
475-0	SPK4004	undefined	475	рисовый	рисовый	linguistic			Begin=719.239
475-1	SPK4004	undefined	475	каша	каша	linguistic			
475-2	SPK4004	undefined	475	мен	мен	linguistic			End=720.187
476-0	SPK4004	Falling	476	жұмыртқа	жұмыртқа	linguistic			Begin=722.380
476-1	SPK4004	Falling	476	пысырып	пысырып	linguistic			
476-2	SPK4004	Falling	476	алайық.	алайық	linguistic			End=723.330
477-0	SPK4003	Falling	477	Или	Или	linguistic			Begin=723.560
477-1	SPK4003	Falling	477	овсянка	овсянка	linguistic			
477-2	SPK4003	Falling	477	бар.	бар	linguistic			End=724.370
478-0	SPK4004	Falling	478	Керек	Керек	linguistic			Begin=724.896
478-1	SPK4004	Falling	478	жоқ.	жоқ	linguistic			End=725.313
479-0	SPK4004	Falling	479	Рисовый	Рисовый	linguistic			Begin=726.480
479-1	SPK4004	Falling	479	каша.	каша	linguistic			End=727.216
480-0	SPK4003	Falling	480	Сүт	Сүт	linguistic			Begin=728.929
480-1	SPK4003	Falling	480	алып	алып	linguistic			
480-2	SPK4003	Falling	480	келу	келу	linguistic			
480-3	SPK4003	Falling	480	керек.	керек	linguistic			End=729.660
481-0	SPK4004	Interrupted	481	А--	А-	linguistic		Interrupted=Yes	Begin=729.140|End=729.380
482-0	SPK4003	Falling	482	Онда	Онда	linguistic			Begin=729.660
482-1	SPK4003	Falling	482	иә.	иә	linguistic			End=730.230
483-0	SPK4003	undefined	483	Үйде	Үйде	linguistic			Begin=730.240
483-1	SPK4003	undefined	483	сүт	сүт	linguistic			End=730.830
484-0	SPK4003	Falling	484	бітіп	бітіп	linguistic			Begin=730.830
484-1	SPK4003	Falling	484	қалды.	қалды	linguistic			End=731.175
485-0	SPK4003	Interrupted	485	Мен	Мен	linguistic			Begin=731.180
485-1	SPK4003	Interrupted	485	түнде	түнде	linguistic			
485-2	SPK4003	Interrupted	485	қал--	қал-	linguistic		Interrupted=Yes	End=731.810
486-0	SPK4003	Continuing	486	біраз	біраз	linguistic			Begin=731.810
486-1	SPK4003	Continuing	486	қалыпты,	қалыпты	linguistic			End=732.560
487-0	SPK4003	Falling	487	ішіп	ішіп	linguistic			Begin=732.560
487-1	SPK4003	Falling	487	қойдым.	қойдым	linguistic			End=733.060
488-0	SPK4004	Continuing	488	Обедте,	Обедте	linguistic			Begin=733.280|End=733.650
489-0	SPK4004	Rising	489	неме	неме	linguistic			Begin=733.650
489-1	SPK4004	Rising	489	жейміз?	жейміз	linguistic			End=734.230
490-0	SPK4003	Falling	490	Манты.	Манты	linguistic			Begin=734.875|End=735.381
491-0	SPK4004	Continuing	491	Обедте	Обедте	linguistic			Begin=736.099
491-1	SPK4004	Continuing	491	манты,	манты	linguistic			End=736.830
492-0	SPK4004	Continuing	492	ужинға,	ужинға	linguistic			Begin=736.830|End=737.400
493-0	SPK4004	Rising	493	лапша	лапша	linguistic			Begin=737.400
493-1	SPK4004	Rising	493	ала	ала	linguistic			
493-2	SPK4004	Rising	493	саламыз	саламыз	linguistic			
493-3	SPK4004	Rising	493	ба?	ба	linguistic			End=738.300
494-0	SPK4003	Continuing	494	Мен	Мен	linguistic			Begin=739.759
494-1	SPK4003	Continuing	494	лапша	лапша	linguistic			
494-2	SPK4003	Continuing	494	жемеймін	жемеймін	linguistic			
494-3	SPK4003	Continuing	494	ғой,	ғой	linguistic			End=740.688
495-0	SPK4004	Continuing	495	Мен	Мен	linguistic			Begin=740.700
495-1	SPK4004	Continuing	495	де	де	linguistic			
495-2	SPK4004	Continuing	495	жемеймін,	жемеймін	linguistic			End=741.380
496-0	SPK4004	Continuing	496	ана	ана	linguistic			Begin=741.380
496-1	SPK4004	Continuing	496	жолы,	жолы	linguistic			End=741.830
497-0	SPK4004	Falling	497	бір	бір	linguistic			Begin=741.830
497-1	SPK4004	Falling	497	күн	күн	linguistic			
497-2	SPK4004	Falling	497	изжога	изжога	linguistic			
497-3	SPK4004	Falling	497	болып	болып	linguistic			
497-4	SPK4004	Falling	497	жүрдім.	жүрдім	linguistic			End=743.208
498-0	SPK4003	Continuing	498	Білмеймін	Білмеймін	linguistic			Begin=745.214
498-1	SPK4003	Continuing	498	енді,	енді	linguistic			End=745.679
499-0	SPK4003	Continuing	499	пойыздың	пойыздың	linguistic			Begin=745.810
499-1	SPK4003	Continuing	499	ішінде	ішінде	linguistic			
499-2	SPK4003	Continuing	499	бұзылмайтын	бұзылмайтын	linguistic			
499-3	SPK4003	Continuing	499	тамақ,	тамақ	linguistic			End=747.100
500-0	SPK4003	Continuing	500	сол,	сол	linguistic			Begin=747.100|End=747.300
501-0	SPK4003	Continuing	501	лапша,	лапша	linguistic			Begin=747.300|End=747.890
502-0	SPK4003	Falling	502	қалғаны	қалғаны	linguistic			Begin=747.900
502-1	SPK4003	Falling	502	бұзылып	бұзылып	linguistic			
502-2	SPK4003	Falling	502	кетеді.	кетеді	linguistic			End=748.700
503-0	SPK4003	Continuing	503	Ыстық	Ыстық	linguistic			Begin=750.220
503-1	SPK4003	Continuing	503	шығар	шығар	linguistic			
503-2	SPK4003	Continuing	503	енді,	енді	linguistic			End=750.900
504-0	SPK4003	Falling	504	Әгі	Әгі	linguistic			Begin=750.900
504-1	SPK4003	Falling	504	ненің	ненің	linguistic			
504-2	SPK4003	Falling	504	іші.	іші	linguistic			End=751.860
505-0	SPK4003	Continuing	505	Қой	Қой	linguistic			Begin=752.697
505-1	SPK4003	Continuing	505	мен,	мен	linguistic			End=752.920
506-0	SPK4003	Continuing	506	тамағымды	тамағымды	linguistic			Begin=752.920
506-1	SPK4003	Continuing	506	ішіп	ішіп	linguistic			
506-2	SPK4003	Continuing	506	алып,	алып	linguistic			End=753.480
507-0	SPK4003	Falling	507	кетейін.	кетейін	linguistic			Begin=753.480|End=753.936
508-0	SPK4004	Continuing	508	Күндіз,	Күндіз	linguistic			Begin=757.704|End=758.397
509-0	SPK4004	Continuing	509	обед	обед	linguistic			Begin=759.197
509-1	SPK4004	Continuing	509	кезінде	кезінде	linguistic			
509-2	SPK4004	Continuing	509	ыстық	ыстық	linguistic			
509-3	SPK4004	Continuing	509	болса,	болса	linguistic			End=760.210
510-0	SPK4004	Falling	510	ыстық	ыстық	linguistic			Begin=760.210
510-1	SPK4004	Falling	510	болар	болар	linguistic			
510-2	SPK4004	Falling	510	еді.	еді	linguistic			End=760.830
511-0	SPK4004	Continuing	511	Сол	Сол	linguistic			Begin=761.898
511-1	SPK4004	Continuing	511	салқын	салқын	linguistic			
511-2	SPK4004	Continuing	511	болатын	болатын	linguistic			
511-3	SPK4004	Continuing	511	шығар,	шығар	linguistic			End=762.710
512-0	SPK4004	Falling	512	деп	деп	linguistic			Begin=762.710
512-1	SPK4004	Falling	512	тұрмын.	тұрмын	linguistic			End=763.038
513-0	SPK4003	Continuing	513	Кім	Кім	linguistic			Begin=762.892
513-1	SPK4003	Continuing	513	айтады,	айтады	linguistic			End=763.374
514-0	SPK4003	Continuing	514	таңертеңнен,	таңертеңнен	linguistic			Begin=763.710|End=764.540
515-0	SPK4003	Continuing	515	күн	күн	linguistic			Begin=764.700
515-1	SPK4003	Continuing	515	ыстық,	ыстық	linguistic			End=765.310
516-0	SPK4003	Falling	516	бізде	бізде	linguistic			Begin=765.310
516-1	SPK4003	Falling	516	дейді.	дейді	linguistic			End=765.800
517-0	SPK4003	Falling	517	Жанып	Жанып	linguistic			Begin=766.150
517-1	SPK4003	Falling	517	тұр	тұр	linguistic			
517-2	SPK4003	Falling	517	дейді.	дейді	linguistic			End=766.870
518-0	SPK4003	Falling	518	Күндіз	Күндіз	linguistic			Begin=766.956
518-1	SPK4003	Falling	518	дейді.	дейді	linguistic			End=767.500
519-0	SPK4004	undefined	519	Мхм	Мхм	linguistic			Begin=767.520|End=767.906
520-0	SPK4003	Continuing	520	Отыр	Отыр	linguistic			Begin=767.960
520-1	SPK4003	Continuing	520	бірдеңке	бірдеңке	linguistic			
520-2	SPK4003	Continuing	520	градус,	градус	linguistic			End=768.940
521-0	SPK4003	Falling	521	дейді.	дейді	linguistic			Begin=768.940|End=769.110
522-0	SPK4003	Continuing	522	Сағат	Сағат	linguistic			Begin=769.686
522-1	SPK4003	Continuing	522	жеті	жеті	linguistic			
522-2	SPK4003	Continuing	522	сегізден	сегізден	linguistic			
522-3	SPK4003	Continuing	522	кейін,	кейін	linguistic			End=770.610
523-0	SPK4003	Continuing	523	суытып	суытып	linguistic			Begin=770.610
523-1	SPK4003	Continuing	523	кетеді,	кетеді	linguistic			End=771.300
524-0	SPK4003	Falling	524	дейді.	дейді	linguistic			Begin=771.300|End=771.520
525-0	SPK4004	Continuing	525	Соны	Соны	linguistic			Begin=772.280
525-1	SPK4004	Continuing	525	айтам,	айтам	linguistic			End=772.880
526-0	SPK4004	Continuing	526	кешке	кешке	linguistic			Begin=772.987
526-1	SPK4004	Continuing	526	жақын,	жақын	linguistic			End=773.923
527-0	SPK4004	Continuing	527	пойызда	пойызда	linguistic			Begin=774.054
527-1	SPK4004	Continuing	527	да,	да	linguistic			End=774.430
528-0	SPK4004	Continuing	528	суып	суып	linguistic			Begin=774.430
528-1	SPK4004	Continuing	528	кететін	кететін	linguistic			
528-2	SPK4004	Continuing	528	шығар,	шығар	linguistic			End=775.220
529-0	SPK4004	Falling	529	деп	деп	linguistic			Begin=775.220
529-1	SPK4004	Falling	529	тұрмын	тұрмын	linguistic			
529-2	SPK4004	Falling	529	ғой.	ғой	linguistic			End=775.771
530-0	SPK4003	Continuing	530	Анау,	Анау	linguistic			Begin=781.110|End=781.600
531-0	SPK4003	Continuing	531	телефоным	телефоным	linguistic			Begin=781.781
531-1	SPK4003	Continuing	531	ғой	ғой	linguistic			
531-2	SPK4003	Continuing	531	деймін,	деймін	linguistic			End=782.345
532-0	SPK4003	Falling	532	звонок	звонок	linguistic			Begin=782.532
532-1	SPK4003	Falling	532	беріп	беріп	linguistic			
532-2	SPK4003	Falling	532	жатқан.	жатқан	linguistic			End=783.205
533-0	SPK4003	Continuing	533	Мен	Мен	linguistic			Begin=792.690
533-1	SPK4003	Continuing	533	дәрімді	дәрімді	linguistic			
533-2	SPK4003	Continuing	533	алу	алу	linguistic			
533-3	SPK4003	Continuing	533	керек,	керек	linguistic			End=793.592
534-0	SPK4003	Falling	534	аптекаға	аптекаға	linguistic			Begin=793.690
534-1	SPK4003	Falling	534	барып.	барып	linguistic			End=794.550
535-0	SPK4003	Continuing	535	Мен	Мен	linguistic			Begin=795.249
535-1	SPK4003	Continuing	535	оны	оны	linguistic			
535-2	SPK4003	Continuing	535	ана,	ана	linguistic			End=796.100
536-0	SPK4003	Continuing	536	нені,	нені	linguistic			Begin=796.100|End=796.579
537-0	SPK4003	Continuing	537	история	история	linguistic			Begin=797.220
537-1	SPK4003	Continuing	537	болезниді,	болезниді	linguistic			End=797.970
538-0	SPK4003	Continuing	538	қарау	қарау	linguistic			Begin=797.980
538-1	SPK4003	Continuing	538	керекпін,	керекпін	linguistic			End=798.650
539-0	SPK4003	Falling	539	тетрадьтан.	тетрадьтан	linguistic			Begin=798.650|End=799.314
540-0	SPK4004	undefined	540	Ahem	Ahem	linguistic			Begin=801.258|End=801.656
541-0	SPK4003	Continuing	541	Соның	Соның	linguistic			Begin=801.738
541-1	SPK4003	Continuing	541	ішіне,	ішіне	linguistic			End=802.170
542-0	SPK4003	Continuing	542	не	не	linguistic			Begin=802.170
542-1	SPK4003	Continuing	542	назначение	назначение	linguistic			
542-2	SPK4003	Continuing	542	берген	берген	linguistic			
542-3	SPK4003	Continuing	542	ғой,	ғой	linguistic			End=803.140
543-0	SPK4003	Falling	543	бұрын	бұрын	linguistic			Begin=803.140
543-1	SPK4003	Falling	543	врачтар.	врачтар	linguistic			End=803.830
544-0	SPK4003	Falling	544	Соны	Соны	linguistic			Begin=803.830
544-1	SPK4003	Falling	544	назначениемен	назначениемен	linguistic			
544-2	SPK4003	Falling	544	аламын.	аламын	linguistic			End=804.860
545-0	SPK4003	Continuing	545	Енді	Енді	linguistic			Begin=806.040
545-1	SPK4003	Continuing	545	білмеймін	білмеймін	linguistic			
545-2	SPK4003	Continuing	545	ғой	ғой	linguistic			
545-3	SPK4003	Continuing	545	мен,	мен	linguistic			End=806.740
546-0	SPK4003	Continuing	546	мен	мен	linguistic			Begin=806.740
546-1	SPK4003	Continuing	546	өзім,	өзім	linguistic			End=806.840
547-0	SPK4003	Continuing	547	не	не	linguistic			Begin=806.840
547-1	SPK4003	Continuing	547	сататынын,	сататынын	linguistic			End=807.390
548-0	SPK4003	Continuing	548	не	не	linguistic			Begin=807.720
548-1	SPK4003	Continuing	548	алатынымды,	алатынымды	linguistic			End=808.540
549-0	SPK4003	Falling	549	#.	#	unknown			Begin=808.540|End=809.080
550-0	SPK4004	Continuing	550	Сен	Сен	linguistic			Begin=809.950
550-1	SPK4004	Continuing	550	тетрадыңды,	тетрадыңды	linguistic			End=810.500
551-0	SPK4004	Continuing	551	алып	алып	linguistic			Begin=810.500
551-1	SPK4004	Continuing	551	кетпейсің	кетпейсің	linguistic			
551-2	SPK4004	Continuing	551	ба,	ба	linguistic			End=811.080
552-0	SPK4004	Falling	552	онда.	онда	linguistic			Begin=811.080|End=811.365
553-0	SPK4003	Continuing	553	Қойшы	Қойшы	linguistic			Begin=815.118
553-1	SPK4003	Continuing	553	үйден	үйден	linguistic			
553-2	SPK4003	Continuing	553	келіп	келіп	linguistic			
553-3	SPK4003	Continuing	553	аламын,	аламын	linguistic			End=815.830
554-0	SPK4003	Falling	554	қазір	қазір	linguistic			Begin=815.830
554-1	SPK4003	Falling	554	магнумға	магнумға	linguistic			
554-2	SPK4003	Falling	554	барар	барар	linguistic			
554-3	SPK4003	Falling	554	кезде.	кезде	linguistic			End=816.910
555-0	SPK4003	Rising	555	Оның	Оның	linguistic			Begin=819.313
555-1	SPK4003	Rising	555	қай	қай	linguistic			
555-2	SPK4003	Rising	555	жеріне	жеріне	linguistic			
555-3	SPK4003	Rising	555	қарап	қарап	linguistic			
555-4	SPK4003	Rising	555	отырамын?	отырамын	linguistic			End=820.210
556-0	SPK4003	Continuing	556	Мен	Мен	linguistic			Begin=820.230
556-1	SPK4003	Continuing	556	ішіп	ішіп	linguistic			
556-2	SPK4003	Continuing	556	қарау	қарау	linguistic			
556-3	SPK4003	Continuing	556	керекпін,	керекпін	linguistic			End=821.150
557-0	SPK4003	Falling	557	түнде	түнде	linguistic			Begin=821.160
557-1	SPK4003	Falling	557	уақытым	уақытым	linguistic			
557-2	SPK4003	Falling	557	болмады.	болмады	linguistic			End=821.860
558-0	SPK4003	Falling	558	Қарайын	Қарайын	linguistic			Begin=821.860
558-1	SPK4003	Falling	558	деп	деп	linguistic			
558-2	SPK4003	Falling	558	едім.	едім	linguistic			End=822.460
559-0	SPK4003	Continuing	559	Ваннаға	Ваннаға	linguistic			Begin=825.701
559-1	SPK4003	Continuing	559	түстім,	түстім	linguistic			End=826.430
560-0	SPK4003	Falling	560	¬Гүлжан	Гүлжан	linguistic		Anonymized=Yes	Begin=826.460
560-1	SPK4003	Falling	560	шашымды	шашымды	linguistic			
560-2	SPK4003	Falling	560	бояды.	бояды	linguistic			End=827.467
561-0	SPK4004	Falling	561	Көріп	Көріп	linguistic			Begin=828.062
561-1	SPK4004	Falling	561	тұрмын.	тұрмын	linguistic			End=828.580
562-0	SPK4004	undefined	562	ahem	ahem	linguistic			Begin=829.193|End=829.605
563-0	SPK4003	Continuing	563	Содан	Содан	linguistic			Begin=829.923
563-1	SPK4003	Continuing	563	кейін,	кейін	linguistic			End=830.300
564-0	SPK4003	Continuing	564	не,	не	linguistic			Begin=830.300|End=830.522
565-0	SPK4003	Continuing	565	кір	кір	linguistic			Begin=830.947
565-1	SPK4003	Continuing	565	жудым,	жудым	linguistic			End=831.520
566-0	SPK4003	Falling	566	сонымен	сонымен	linguistic			Begin=831.520
566-1	SPK4003	Falling	566	болды.	болды	linguistic			End=832.050
567-0	SPK4003	Continuing	567	Уақытым	Уақытым	linguistic			Begin=832.372
567-1	SPK4003	Continuing	567	бітті,	бітті	linguistic			End=832.890
568-0	SPK4003	Falling	568	сағат	сағат	linguistic			Begin=832.890
568-1	SPK4003	Falling	568	төртте	төртте	linguistic			
568-2	SPK4003	Falling	568	жаттым.	жаттым	linguistic			End=833.955
569-0	SPK4003	Falling	569	¬Гүлжан	Гүлжан	linguistic		Anonymized=Yes	Begin=838.658
569-1	SPK4003	Falling	569	сағат	сағат	linguistic			
569-2	SPK4003	Falling	569	он	он	linguistic			
569-3	SPK4003	Falling	569	екіде	екіде	linguistic			
569-4	SPK4003	Falling	569	келді.	келді	linguistic			End=839.785
570-0	SPK4003	Continuing	570	Содан	Содан	linguistic			Begin=839.992
570-1	SPK4003	Continuing	570	кейін	кейін	linguistic			
570-2	SPK4003	Continuing	570	бояды,	бояды	linguistic			End=840.700
571-0	SPK4003	Falling	571	шашымды.	шашымды	linguistic			Begin=840.700|End=841.296
572-0	SPK4004	Rising	572	Енді	Енді	linguistic			Begin=844.315
572-1	SPK4004	Rising	572	қайт	қайт	linguistic			
572-2	SPK4004	Rising	572	демедің	демедің	linguistic			
572-3	SPK4004	Rising	572	ба?	ба	linguistic			End=845.317
573-0	SPK4003	Continuing	573	Білмедім,	Білмедім	linguistic			Begin=844.693|End=845.000
574-0	SPK4003	Continuing	574	папама	папама	linguistic			Begin=845.000
574-1	SPK4003	Continuing	574	айтқансың,	айтқансың	linguistic			End=845.570
575-0	SPK4003	Rising	575	айтып	айтып	linguistic			Begin=845.570
575-1	SPK4003	Rising	575	қойғансың	қойғансың	linguistic			
575-2	SPK4003	Rising	575	ба?	ба	linguistic			End=846.320
576-0	SPK4003	Falling	576	Соны	Соны	linguistic			Begin=846.320
576-1	SPK4003	Falling	576	#дейді.	#дейді	linguistic			End=847.273
577-0	SPK4003	Continuing	577	Ұрысқанмын	Ұрысқанмын	linguistic			Begin=848.892
577-1	SPK4003	Continuing	577	ол	ол	linguistic			
577-2	SPK4003	Continuing	577	менімен,	менімен	linguistic			End=849.700
578-0	SPK4003	Falling	578	келмеймін	келмеймін	linguistic			Begin=849.733
578-1	SPK4003	Falling	578	деп.	деп	linguistic			End=850.202
579-0	SPK4003	undefined	579	Мен	Мен	linguistic			Begin=852.600
579-1	SPK4003	undefined	579	айтқанмын	айтқанмын	linguistic			End=852.970
580-0	SPK4003	Continuing	580	¬Гүлжан	Гүлжан	linguistic		Anonymized=Yes	Begin=852.970
580-1	SPK4003	Continuing	580	сен,	сен	linguistic			End=853.290
581-0	SPK4003	Continuing	581	сағат	сағат	linguistic			Begin=853.290
581-1	SPK4003	Continuing	581	бесте	бесте	linguistic			
581-2	SPK4003	Continuing	581	шықтың,	шықтың	linguistic			End=854.060
582-0	SPK4003	Falling	582	жұмыстан.	жұмыстан	linguistic			Begin=854.060|End=854.600
583-0	SPK4003	Continuing	583	Содан	Содан	linguistic			Begin=855.308
583-1	SPK4003	Continuing	583	бері,	бері	linguistic			End=855.570
584-0	SPK4003	Rising	584	не	не	linguistic			Begin=855.570
584-1	SPK4003	Rising	584	деген	деген	linguistic			
584-2	SPK4003	Rising	584	бітпейтін	бітпейтін	linguistic			
584-3	SPK4003	Rising	584	әңгіме	әңгіме	linguistic			
584-4	SPK4003	Rising	584	еді?	еді	linguistic			End=856.738
585-0	SPK4003	Continuing	585	Түңгі	Түңгі	linguistic			Begin=856.740
585-1	SPK4003	Continuing	585	сағат	сағат	linguistic			
585-2	SPK4003	Continuing	585	онға	онға	linguistic			
585-3	SPK4003	Continuing	585	дейін,	дейін	linguistic			End=857.580
586-0	SPK4003	Falling	586	қайтпайсың	қайтпайсың	linguistic			Begin=857.650
586-1	SPK4003	Falling	586	ба	ба	linguistic			
586-2	SPK4003	Falling	586	деп.	деп	linguistic			End=858.270
587-0	SPK4003	Falling	587	Онның	Онның	linguistic			Begin=858.300
587-1	SPK4003	Falling	587	кезінде	кезінде	linguistic			
587-2	SPK4003	Falling	587	звандағанмын.	звандағанмын	linguistic			End=859.454
588-0	SPK4003	Continuing	588	Бір	Бір	linguistic			Begin=860.375
588-1	SPK4003	Continuing	588	екі	екі	linguistic			
588-2	SPK4003	Continuing	588	сағаттан	сағаттан	linguistic			
588-3	SPK4003	Continuing	588	кейін,	кейін	linguistic			End=861.110
589-0	SPK4003	Falling	589	қайтамын	қайтамын	linguistic			Begin=861.110
589-1	SPK4003	Falling	589	деген.	деген	linguistic			End=861.727
590-0	SPK4003	Continuing	590	Сол,	Сол	linguistic			Begin=862.250|End=862.440
591-0	SPK4003	Continuing	591	он	он	linguistic			Begin=862.440
591-1	SPK4003	Continuing	591	екі	екі	linguistic			
591-2	SPK4003	Continuing	591	кезінде,	кезінде	linguistic			End=863.030
592-0	SPK4003	Falling	592	келді.	келді	linguistic			Begin=863.030|End=863.320
593-0	SPK4003	Continuing	593	Берші	Берші	linguistic			Begin=866.856
593-1	SPK4003	Continuing	593	андағы,	андағы	linguistic			End=867.208
594-0	SPK4003	Falling	594	ыдысты.	ыдысты	linguistic			Begin=867.220|End=867.720
595-0	SPK4004	Continuing	595	Вареньені,	Вареньені	linguistic			Begin=870.583|End=871.070
596-0	SPK4004	Rising	596	салмағансыңдар	салмағансыңдар	linguistic			Begin=871.070
596-1	SPK4004	Rising	596	ма?	ма	linguistic			End=871.850
597-0	SPK4003	Continuing	597	А	А	linguistic			Begin=871.988
597-1	SPK4003	Continuing	597	варенье,	варенье	linguistic			End=872.390
598-0	SPK4003	Falling	598	иә.	иә	linguistic			Begin=872.390|End=872.739
599-0	SPK4004	Rising	599	Қайда	Қайда	linguistic			Begin=874.130
599-1	SPK4004	Rising	599	тұр?	тұр	linguistic			End=874.529
600-0	SPK4003	Continuing	600	Посуда	Посуда	linguistic			Begin=875.199
600-1	SPK4003	Continuing	600	сол,	сол	linguistic			End=875.646
601-0	SPK4003	undefined	601	посудаларда	посудаларда	linguistic			Begin=875.660
601-1	SPK4003	undefined	601	сол	сол	linguistic			End=876.580
602-0	SPK4004	Rising	602	Алайын	Алайын	linguistic			Begin=876.870
602-1	SPK4004	Rising	602	ба	ба	linguistic			
602-2	SPK4004	Rising	602	біреу?	біреу	linguistic			End=877.480
603-0	SPK4003	Falling	603	Ала	Ала	linguistic			Begin=877.520
603-1	SPK4003	Falling	603	бер	бер	linguistic			
603-2	SPK4003	Falling	603	ала	ала	linguistic			
603-3	SPK4003	Falling	603	бер.	бер	linguistic			End=878.136
604-0	SPK4004	Continuing	604	Қара	Қара	linguistic			Begin=889.429
604-1	SPK4004	Continuing	604	вареньені	вареньені	linguistic			
604-2	SPK4004	Continuing	604	алайық,	алайық	linguistic			End=890.280
605-0	SPK4004	Rising	605	да?	да	linguistic			Begin=890.280|End=890.490
606-0	SPK4003	Falling	606	Ала	Ала	linguistic			Begin=890.870
606-1	SPK4003	Falling	606	бер.	бер	linguistic			End=891.440
607-0	SPK4003	Falling	607	Қайсысын	Қайсысын	linguistic			Begin=894.119
607-1	SPK4003	Falling	607	алсаң	алсаң	linguistic			
607-2	SPK4003	Falling	607	да.	да	linguistic			End=894.820
608-0	SPK4004	Continuing	608	Осы,	Осы	linguistic			Begin=896.220|End=896.520
609-0	SPK4004	Falling	609	қара	қара	linguistic			Begin=896.520
609-1	SPK4004	Falling	609	варенье	варенье	linguistic			
609-2	SPK4004	Falling	609	жақсы.	жақсы	linguistic			End=897.403
610-0	SPK4003	undefined	610	МММ	МММ	linguistic			Begin=902.073|End=902.615
611-0	SPK4003	Falling	611	Міне	Міне	linguistic			Begin=903.600
611-1	SPK4003	Falling	611	ыдысы	ыдысы	linguistic			
611-2	SPK4003	Falling	611	тұр	тұр	linguistic			
611-3	SPK4003	Falling	611	ғой.	ғой	linguistic			End=904.385
612-0	SPK4004	Continuing	612	Жоқ	Жоқ	linguistic			Begin=904.732
612-1	SPK4004	Continuing	612	ана,	ана	linguistic			End=905.120
613-0	SPK4004	Continuing	613	анандайға	анандайға	linguistic			Begin=905.120
613-1	SPK4004	Continuing	613	салайыншы	салайыншы	linguistic			
613-2	SPK4004	Continuing	613	дегенмін,	дегенмін	linguistic			End=905.870
614-0	SPK4003	Continuing	614	А	А	linguistic			Begin=905.907
614-1	SPK4003	Continuing	614	жарайды,	жарайды	linguistic			End=906.290
615-0	SPK4003	Falling	615	өзің	өзің	linguistic			Begin=906.290
615-1	SPK4003	Falling	615	біл.	біл	linguistic			End=906.720
616-0	SPK4004	Falling	616	вареньеның	вареньеның	linguistic			Begin=906.711
616-1	SPK4004	Falling	616	ыдысын.	ыдысын	linguistic			End=907.490
617-0	SPK4004	Continuing	617	Мында	Мында	linguistic			Begin=919.570
617-1	SPK4004	Continuing	617	күн,	күн	linguistic			End=919.910
618-0	SPK4004	Rising	618	салқын	салқын	linguistic			Begin=919.910
618-1	SPK4004	Rising	618	иә?	иә	linguistic			End=920.535
619-0	SPK4003	undefined	619	Немене	Немене	linguistic			Begin=922.730|End=923.320
620-0	SPK4003	Continuing	620	киіп	киіп	linguistic			Begin=923.320
620-1	SPK4003	Continuing	620	шықсам	шықсам	linguistic			
620-2	SPK4003	Continuing	620	болады,	болады	linguistic			End=924.060
621-0	SPK4003	Rising	621	үстіме?	үстіме	linguistic			Begin=924.060|End=924.855
622-0	SPK4004	Continuing	622	Жұқа	Жұқа	linguistic			Begin=927.233
622-1	SPK4004	Continuing	622	ветровка,	ветровка	linguistic			End=927.930
623-0	SPK4004	Falling	623	киіп	киіп	linguistic			Begin=927.930
623-1	SPK4004	Falling	623	алсаң	алсаң	linguistic			
623-2	SPK4004	Falling	623	болады.	болады	linguistic			End=928.733
624-0	SPK4004	Falling	624	Күн	Күн	linguistic			Begin=928.948
624-1	SPK4004	Falling	624	жылынып	жылынып	linguistic			
624-2	SPK4004	Falling	624	келе	келе	linguistic			
624-3	SPK4004	Falling	624	жатыр.	жатыр	linguistic			End=929.720
625-0	SPK4003	Continuing	625	Далаға	Далаға	linguistic			Begin=938.130
625-1	SPK4003	Continuing	625	шыға	шыға	linguistic			
625-2	SPK4003	Continuing	625	берейін	берейін	linguistic			
625-3	SPK4003	Continuing	625	десем,	десем	linguistic			End=939.125
626-0	SPK4003	Continuing	626	жөтеліп	жөтеліп	linguistic			Begin=939.370
626-1	SPK4003	Continuing	626	қалам	қалам	linguistic			
626-2	SPK4003	Continuing	626	ба	ба	linguistic			
626-3	SPK4003	Continuing	626	деп,	деп	linguistic			End=940.210
627-0	SPK4003	Falling	627	тұрғаным	тұрғаным	linguistic			Begin=940.210
627-1	SPK4003	Falling	627	ғой.	ғой	linguistic			End=941.111
628-0	SPK4004	undefined	628	Ммм	Ммм	linguistic			Begin=940.913|End=941.215
629-0	SPK4003	undefined	629	H	H	linguistic			Begin=941.367|End=941.628
630-0	SPK4003	Continuing	630	Қой	Қой	linguistic			Begin=943.693
630-1	SPK4003	Continuing	630	мен	мен	linguistic			
630-2	SPK4003	Continuing	630	кетемін,	кетемін	linguistic			End=944.183
631-0	SPK4003	Falling	631	киіне	киіне	linguistic			Begin=944.404
631-1	SPK4003	Falling	631	берейін.	берейін	linguistic			End=944.950
632-0	SPK4003	Falling	632	Кеттім.	Кеттім	linguistic			Begin=944.950|End=945.250
633-0	SPK4004	Falling	633	Киіне	Киіне	linguistic			Begin=946.070
633-1	SPK4004	Falling	633	бер.	бер	linguistic			End=946.670
634-0	SPK4004	Continuing	634	Тамағыңды	Тамағыңды	linguistic			Begin=946.970
634-1	SPK4004	Continuing	634	ішіп	ішіп	linguistic			
634-2	SPK4004	Continuing	634	ал,	ал	linguistic			End=947.740
635-0	SPK4003	Rising	635	Дәрімді	Дәрімді	linguistic			Begin=947.320
635-1	SPK4003	Rising	635	ішіп	ішіп	linguistic			
635-2	SPK4003	Rising	635	алайын	алайын	linguistic			
635-3	SPK4003	Rising	635	ба?	ба	linguistic			End=948.603
636-0	SPK4004	Falling	636	Бал	Бал	linguistic			Begin=953.885
636-1	SPK4004	Falling	636	сияқты	сияқты	linguistic			
636-2	SPK4004	Falling	636	болып	болып	linguistic			
636-3	SPK4004	Falling	636	кетіпті	кетіпті	linguistic			
636-4	SPK4004	Falling	636	ғой.	ғой	linguistic			End=954.975
637-0	SPK4004	Continuing	637	Қанты	Қанты	linguistic			Begin=959.152
637-1	SPK4004	Continuing	637	көп	көп	linguistic			
637-2	SPK4004	Continuing	637	емес	емес	linguistic			
637-3	SPK4004	Continuing	637	па,	па	linguistic			End=959.910
638-0	SPK4004	Rising	638	мыналарыңда?	мыналарыңда	linguistic			Begin=959.910|End=960.520
639-0	SPK4003	Continuing	639	Жоқ	Жоқ	linguistic			Begin=960.559
639-1	SPK4003	Continuing	639	андағы,	андағы	linguistic			End=961.037
640-0	SPK4003	Falling	640	араластырмаған	араластырмаған	linguistic			Begin=961.040
640-1	SPK4003	Falling	640	ғой.	ғой	linguistic			End=961.940
641-0	SPK4003	Continuing	641	Екі	Екі	linguistic			Begin=962.990
641-1	SPK4003	Continuing	641	варенье,	варенье	linguistic			End=963.809
642-0	SPK4003	Continuing	642	екі	екі	linguistic			Begin=965.152
642-1	SPK4003	Continuing	642	вареньеге,	вареньеге	linguistic			End=965.790
643-0	SPK4003	Continuing	643	қантты	қантты	linguistic			Begin=965.790
643-1	SPK4003	Continuing	643	бірдей	бірдей	linguistic			
643-2	SPK4003	Continuing	643	салдым,	салдым	linguistic			End=966.710
644-0	SPK4003	Falling	644	өлшеп.	өлшеп	linguistic			Begin=968.060|End=968.612
645-0	SPK4004	Continuing	645	Мыналар,	Мыналар	linguistic			Begin=977.919|End=978.200
646-0	SPK4004	Continuing	646	неме	неме	linguistic			Begin=978.200
646-1	SPK4004	Continuing	646	сияқты,	сияқты	linguistic			End=978.740
647-0	SPK4004	Falling	647	толып	толып	linguistic			Begin=978.740
647-1	SPK4004	Falling	647	қапты.	қапты	linguistic			End=979.286
648-0	SPK4003	Rising	648	Неме	Неме	linguistic			Begin=979.752
648-1	SPK4003	Rising	648	сияқты?	сияқты	linguistic			End=980.370
649-0	SPK4004	Continuing	649	Баяғыда	Баяғыда	linguistic			Begin=980.840
649-1	SPK4004	Continuing	649	бір,	бір	linguistic			End=981.190
650-0	SPK4004	Continuing	650	осындай,	осындай	linguistic			Begin=981.200|End=981.440
651-0	SPK4004	Continuing	651	қоңыр,	қоңыр	linguistic			Begin=981.440|End=981.920
652-0	SPK4004	Falling	652	мұз	мұз	linguistic			Begin=981.933
652-1	SPK4004	Falling	652	кәмпиттер.	кәмпиттер	linguistic			End=982.680
653-0	SPK4004	Rising	653	болушы	болушы	linguistic			Begin=982.680
653-1	SPK4004	Rising	653	еді	еді	linguistic			
653-2	SPK4004	Rising	653	ғой?	ғой	linguistic			End=983.080
654-0	SPK4004	Continuing	654	Сол	Сол	linguistic			Begin=983.080
654-1	SPK4004	Continuing	654	бір,	бір	linguistic			End=983.290
655-0	SPK4004	Continuing	655	сорып,	сорып	linguistic			Begin=983.290|End=983.750
656-0	SPK4004	Rising	656	отырушы	отырушы	linguistic			Begin=983.750
656-1	SPK4004	Rising	656	едік	едік	linguistic			
656-2	SPK4004	Rising	656	қой?	қой	linguistic			End=984.526
657-0	SPK4003	undefined	657	ААА	ААА	linguistic			Begin=984.544|End=984.959
658-0	SPK4004	Continuing	658	Күйген	Күйген	linguistic			Begin=985.382
658-1	SPK4004	Continuing	658	дәмі	дәмі	linguistic			
658-2	SPK4004	Continuing	658	бар,	бар	linguistic			End=986.200
659-0	SPK4004	Falling	659	кішкене.	кішкене	linguistic			Begin=986.200|End=986.736
660-0	SPK4004	Falling	660	Тура	Тура	linguistic			Begin=988.054
660-1	SPK4004	Falling	660	соның	соның	linguistic			
660-2	SPK4004	Falling	660	дәмі	дәмі	linguistic			
660-3	SPK4004	Falling	660	болды.	болды	linguistic			End=989.087
661-0	SPK4003	Continuing	661	#	#	unknown			Begin=1002.820
661-1	SPK4003	Continuing	661	осы	осы	linguistic			
661-2	SPK4003	Continuing	661	жерде,	жерде	linguistic			End=1003.700
662-0	SPK4003	Continuing	662	неме	неме	linguistic			Begin=1003.710
662-1	SPK4003	Continuing	662	апарасың	апарасың	linguistic			
662-2	SPK4003	Continuing	662	ба,	ба	linguistic			End=1004.490
663-0	SPK4003	Rising	663	магнумға?	магнумға	linguistic			Begin=1004.490|End=1005.020
664-0	SPK4004	Falling	664	Оны	Оны	linguistic			Begin=1005.064
664-1	SPK4004	Falling	664	ешкім	ешкім	linguistic			
664-2	SPK4004	Falling	664	де	де	linguistic			
664-3	SPK4004	Falling	664	жемейді	жемейді	linguistic			
664-4	SPK4004	Falling	664	үйде.	үйде	linguistic			End=1005.880
665-0	SPK4003	Continuing	665	Чемоданның,	Чемоданның	linguistic			Begin=1022.200|End=1022.630
666-0	SPK4003	Falling	666	ішіне	ішіне	linguistic			Begin=1022.630
666-1	SPK4003	Falling	666	саламыз.	саламыз	linguistic			End=1023.295
667-0	SPK4004	Falling	667	Кешке	Кешке	linguistic			Begin=1024.005
667-1	SPK4004	Falling	667	саламыз.	саламыз	linguistic			End=1024.510
668-0	SPK4003	Rising	668	Кешке?	Кешке	linguistic			Begin=1024.770|End=1025.280
669-0	SPK4004	Continuing	669	Сен	Сен	linguistic			Begin=1029.743
669-1	SPK4004	Continuing	669	қандай,	қандай	linguistic			End=1030.170
670-0	SPK4004	Interrupted	670	неме	неме	linguistic			Begin=1030.220
670-1	SPK4004	Interrupted	670	а--	а-	linguistic		Interrupted=Yes	End=1030.560
671-0	SPK4004	Rising	671	аяқ	аяқ	linguistic			Begin=1030.560
671-1	SPK4004	Rising	671	киімдер	киімдер	linguistic			
671-2	SPK4004	Rising	671	алушы	алушы	linguistic			
671-3	SPK4004	Rising	671	едің?	едің	linguistic			End=1031.650
672-0	SPK4003	Rising	672	Алло?	Алло	linguistic			Begin=1036.608|End=1037.007
673-0	SPK4003	Continuing	673	Жақсы,	Жақсы	linguistic			Begin=1040.253|End=1040.650
674-0	SPK4003	Falling	674	жақсы.	жақсы	linguistic			Begin=1040.650|End=1041.268
675-0	SPK4003	Continuing	675	Жоқ,	Жоқ	linguistic			Begin=1044.945|End=1045.170
676-0	SPK4003	Continuing	676	жоқ,	жоқ	linguistic			Begin=1045.170|End=1045.480
677-0	SPK4003	Falling	677	мен	мен	linguistic			Begin=1045.480
677-1	SPK4003	Falling	677	үйдемін.	үйдемін	linguistic			End=1045.990
678-0	SPK4003	Rising	678	Неге?	Неге	linguistic			Begin=1052.962|End=1053.596
679-0	SPK4003	undefined	679	ААА	ААА	linguistic			Begin=1062.630|End=1063.060
680-0	SPK4003	undefined	680	Маған	Маған	linguistic			Begin=1063.080
680-1	SPK4003	undefined	680	айтқан	айтқан	linguistic			
680-2	SPK4003	undefined	680	иә	иә	linguistic			End=1063.940
681-0	SPK4003	Continuing	681	жасы	жасы	linguistic			Begin=1063.940
681-1	SPK4003	Continuing	681	үлкен	үлкен	linguistic			
681-2	SPK4003	Continuing	681	екен,	екен	linguistic			End=1064.640
682-0	SPK4003	Falling	682	сіздің	сіздің	linguistic			Begin=1064.640
682-1	SPK4003	Falling	682	няняңыздың	няняңыздың	linguistic			
682-2	SPK4003	Falling	682	деп.	деп	linguistic			End=1065.590
683-0	SPK4003	Rising	683	Айтқан	Айтқан	linguistic			Begin=1072.682
683-1	SPK4003	Rising	683	жоқ	жоқ	linguistic			
683-2	SPK4003	Rising	683	па?	па	linguistic			End=1073.220
684-0	SPK4003	Continuing	684	Өзі	Өзі	linguistic			Begin=1073.220
684-1	SPK4003	Continuing	684	ештеңке	ештеңке	linguistic			
684-2	SPK4003	Continuing	684	деп,	деп	linguistic			End=1073.850
685-0	SPK4003	Rising	685	звандап?	звандап	linguistic			Begin=1073.850|End=1074.231
686-0	SPK4003	Continuing	686	Жоқ,	Жоқ	linguistic			Begin=1082.262|End=1082.480
687-0	SPK4003	Continuing	687	мамасы	мамасы	linguistic			Begin=1082.480
687-1	SPK4003	Continuing	687	кетем	кетем	linguistic			
687-2	SPK4003	Continuing	687	еді,	еді	linguistic			End=1083.280
688-0	SPK4003	Falling	688	Қарағандыға.	Қарағандыға	linguistic			Begin=1083.280|End=1083.920
689-0	SPK4003	undefined	689	ААА	ААА	linguistic			Begin=1093.936|End=1094.578
690-0	SPK4003	Continuing	690	Білмеймін,	Білмеймін	linguistic			Begin=1098.051|End=1098.410
691-0	SPK4003	Falling	691	олай	олай	linguistic			Begin=1098.410
691-1	SPK4003	Falling	691	ойламайтын	ойламайтын	linguistic			
691-2	SPK4003	Falling	691	шығар.	шығар	linguistic			End=1099.110
692-0	SPK4003	Falling	692	Үш-ақ	Үш-ақ	linguistic			Begin=1099.110
692-1	SPK4003	Falling	692	сағат	сағат	linguistic			
692-2	SPK4003	Falling	692	қой.	қой	linguistic			End=1099.830
693-0	SPK4003	Falling	693	Оның	Оның	linguistic			Begin=1099.830
693-1	SPK4003	Falling	693	мамасы	мамасы	linguistic			
693-2	SPK4003	Falling	693	сияқты.	сияқты	linguistic			End=1100.500
694-0	SPK4003	Continuing	694	күні	күні	linguistic			Begin=1100.500
694-1	SPK4003	Continuing	694	бойы	бойы	linguistic			
694-2	SPK4003	Continuing	694	болмайсыз	болмайсыз	linguistic			
694-3	SPK4003	Continuing	694	ғой,	ғой	linguistic			End=1101.390
695-0	SPK4003	Falling	695	сіз.	сіз	linguistic			Begin=1101.390|End=1101.690
696-0	SPK4003	undefined	696	ААА	ААА	linguistic			Begin=1110.225|End=1110.655
697-0	SPK4003	Continuing	697	Жарайды,	Жарайды	linguistic			Begin=1111.734|End=1112.080
698-0	SPK4003	Continuing	698	звандаса,	звандаса	linguistic			Begin=1112.080|End=1112.410
699-0	SPK4003	Continuing	699	маған	маған	linguistic			Begin=1112.410
699-1	SPK4003	Continuing	699	звандап	звандап	linguistic			
699-2	SPK4003	Continuing	699	отырса,	отырса	linguistic			End=1113.120
700-0	SPK4003	Falling	700	айтамын.	айтамын	linguistic			Begin=1113.120|End=1113.610
701-0	SPK4003	Continuing	701	Тағы	Тағы	linguistic			Begin=1116.911
701-1	SPK4003	Continuing	701	болса,	болса	linguistic			End=1117.400
702-0	SPK4003	Falling	702	айтамын	айтамын	linguistic			Begin=1117.400
702-1	SPK4003	Falling	702	ғой.	ғой	linguistic			End=1117.922
703-0	SPK4003	undefined	703	Мхм	Мхм	linguistic			Begin=1121.443|End=1122.040
704-0	SPK4003	Falling	704	Айтамын	Айтамын	linguistic			Begin=1122.843
704-1	SPK4003	Falling	704	иә.	иә	linguistic			End=1123.658
705-0	SPK4003	undefined	705	Аха	Аха	linguistic			Begin=1124.823|End=1125.348
706-0	SPK4003	Continuing	706	Кеше	Кеше	linguistic			Begin=1136.718
706-1	SPK4003	Continuing	706	орныма,	орныма	linguistic			End=1137.298
707-0	SPK4003	Continuing	707	бір	бір	linguistic			Begin=1137.340
707-1	SPK4003	Continuing	707	няняны,	няняны	linguistic			End=1137.900
708-0	SPK4003	Falling	708	сөйлесіп	сөйлесіп	linguistic			Begin=1138.265
708-1	SPK4003	Falling	708	едім.	едім	linguistic			End=1139.019
709-0	SPK4003	Continuing	709	Үлкен,	Үлкен	linguistic			Begin=1141.926|End=1142.456
710-0	SPK4003	Continuing	710	жасы	жасы	linguistic			Begin=1142.635
710-1	SPK4003	Continuing	710	үлкен	үлкен	linguistic			
710-2	SPK4003	Continuing	710	екен,	екен	linguistic			End=1143.470
711-0	SPK4003	Continuing	711	деп,	деп	linguistic			Begin=1143.500|End=1143.730
712-0	SPK4003	Continuing	712	сөй	сөй	linguistic			Begin=1143.730
712-1	SPK4003	Continuing	712	деді,	деді	linguistic			End=1144.110
713-0	SPK4003	Falling	713	неткен.	неткен	linguistic			Begin=1144.110|End=1144.798
714-0	SPK4003	Rising	714	Май?	Май	linguistic			Begin=1156.694|End=1157.051
715-0	SPK4004	Falling	715	Болдым.	Болдым	linguistic			Begin=1158.438|End=1158.881
716-0	SPK4003	Continuing	716	Мыналарға	Мыналарға	linguistic			Begin=1161.018
716-1	SPK4003	Continuing	716	май	май	linguistic			
716-2	SPK4003	Continuing	716	әкеліп,	әкеліп	linguistic			End=1161.760
717-0	SPK4003	Continuing	717	нетіп	нетіп	linguistic			Begin=1161.760
717-1	SPK4003	Continuing	717	кетейік	кетейік	linguistic			
717-2	SPK4003	Continuing	717	па,	па	linguistic			End=1162.350
718-0	SPK4003	Rising	718	не	не	linguistic			Begin=1162.350
718-1	SPK4003	Rising	718	істейін?	істейін	linguistic			End=1162.701
719-0	SPK4003	Continuing	719	Бірақ,	Бірақ	linguistic			Begin=1165.089|End=1165.440
720-0	SPK4003	Continuing	720	бәрін	бәрін	linguistic			Begin=1165.440
720-1	SPK4003	Continuing	720	алып	алып	linguistic			
720-2	SPK4003	Continuing	720	беріп,	беріп	linguistic			End=1165.860
721-0	SPK4003	Rising	721	беріп	беріп	linguistic			Begin=1165.860
721-1	SPK4003	Rising	721	кетейік	кетейік	linguistic			
721-2	SPK4003	Rising	721	па?	па	linguistic			End=1166.400
722-0	SPK4003	Continuing	722	Үлгермейді	Үлгермейді	linguistic			Begin=1166.410
722-1	SPK4003	Continuing	722	ғой,	ғой	linguistic			End=1167.040
723-0	SPK4003	Falling	723	¬Гүлжан.	Гүлжан	linguistic		Anonymized=Yes	Begin=1167.040|End=1167.603
724-0	SPK4003	Falling	724	Күнде	Күнде	linguistic			Begin=1167.896
724-1	SPK4003	Falling	724	жұмыста	жұмыста	linguistic			
724-2	SPK4003	Falling	724	жүр.	жүр	linguistic			End=1168.850
725-0	SPK4004	undefined	725	SNIFFS	SNIFFS	paraverbal	_		Begin=1173.879|End=1174.460
726-0	SPK4004	Rising	726	Ұл	Ұл	linguistic			Begin=1175.704
726-1	SPK4004	Rising	726	бар	бар	linguistic			
726-2	SPK4004	Rising	726	емес	емес	linguistic			
726-3	SPK4004	Rising	726	па?	па	linguistic			End=1176.427
727-0	SPK4003	Falling	727	Ұл	Ұл	linguistic			Begin=1177.760
727-1	SPK4003	Falling	727	да	да	linguistic			
727-2	SPK4003	Falling	727	жұмысқа	жұмысқа	linguistic			
727-3	SPK4003	Falling	727	кірем	кірем	linguistic			
727-4	SPK4003	Falling	727	деп	деп	linguistic			
727-5	SPK4003	Falling	727	отыр	отыр	linguistic			
727-6	SPK4003	Falling	727	ғой.	ғой	linguistic			End=1178.930
728-0	SPK4003	Continuing	728	Бүгін,	Бүгін	linguistic			Begin=1178.930|End=1179.410
729-0	SPK4003	Continuing	729	бағана,	бағана	linguistic			Begin=1179.637|End=1180.111
730-0	SPK4003	Continuing	730	әгі,	әгі	linguistic			Begin=1180.503|End=1180.769
731-0	SPK4003	Interrupted	731	тап--	тап-	linguistic		Interrupted=Yes	Begin=1180.800|End=1181.090
732-0	SPK4003	undefined	732	кісісіне	кісісіне	linguistic			Begin=1181.160|End=1181.530
733-0	SPK4003	Falling	733	кетемін	кетемін	linguistic			Begin=1181.530
733-1	SPK4003	Falling	733	деп	деп	linguistic			
733-2	SPK4003	Falling	733	отырған.	отырған	linguistic			End=1182.340
734-0	SPK4003	Continuing	734	Ойбай	Ойбай	linguistic			Begin=1184.470
734-1	SPK4003	Continuing	734	мен	мен	linguistic			
734-2	SPK4003	Continuing	734	не	не	linguistic			
734-3	SPK4003	Continuing	734	отырмын,	отырмын	linguistic			End=1185.365
735-0	SPK4003	Falling	735	кеттім.	кеттім	linguistic			Begin=1185.410|End=1185.940
736-0	SPK4004	Falling	736	Өзің	Өзің	linguistic			Begin=1186.713
736-1	SPK4004	Falling	736	кет.	кет	linguistic			End=1187.442
737-0	SPK4003	Continuing	737	Шай	Шай	linguistic			Begin=1188.598
737-1	SPK4003	Continuing	737	ішіп,	ішіп	linguistic			End=1189.008
738-0	SPK4003	Falling	738	отырмын	отырмын	linguistic			Begin=1189.060
738-1	SPK4003	Falling	738	ғой.	ғой	linguistic			End=1189.563
