token_id	speaker	iu_type	iu_id	tu_id	span	form	type	modality	features	align
0-0	SPK0030	Rising	0	0	Біз	Біз	linguistic	_	_	Begin=1.79
0-1	SPK0030	Rising	0	0	киноға	киноға	linguistic	_	_	_
0-2	SPK0030	Rising	0	0	қай	қай	linguistic	_	_	_
0-3	SPK0030	Rising	0	0	күні	күні	linguistic	_	_	_
0-4	SPK0030	Rising	0	0	бардық	бардық	linguistic	_	_	End=3.35
1-0	SPK0029	Falling	1	1	Алдыңғы	Алдыңғы	linguistic	_	_	Begin=3.521
1-1	SPK0029	Falling	1	1	күні	күні	linguistic	_	_	_
1-2	SPK0029	Falling	1	1	барғанбыз	барғанбыз	linguistic	_	_	End=4.714
2-0	SPK0030	Falling	2	2	Алдыңғы	Алдыңғы	linguistic	_	_	Begin=4.72
2-1	SPK0030	Falling	2	2	күні	күні	linguistic	_	_	_
2-2	SPK0030	Falling	2	2	ма	ма	linguistic	_	_	_
2-3	SPK0030	Falling	2	2	екі	екі	linguistic	_	_	_
2-4	SPK0030	Falling	2	2	күн	күн	linguistic	_	_	_
2-5	SPK0030	Falling	2	2	бұрын	бұрын	linguistic	_	_	_
2-6	SPK0030	Falling	2	2	бардық	бардық	linguistic	_	_	_
2-7	SPK0030	Falling	2	2	где-то	где-то	linguistic	_	_	_
2-8	SPK0030	Falling	2	2	так	так	linguistic	_	_	End=6.276
3-0	SPK0030	Continuing	3	3	Черная	Черная	linguistic	_	_	Begin=6.965
3-1	SPK0030	Continuing	3	3	Вдоваға	Вдоваға	linguistic	_	_	End=7.563
4-0	SPK0030	Continuing	4	3	сен	сен	linguistic	_	_	Begin=7.563
4-1	SPK0030	Continuing	4	3	бірінші	бірінші	linguistic	_	_	_
4-2	SPK0030	Continuing	4	3	рет	рет	linguistic	_	_	_
4-3	SPK0030	Continuing	4	3	бардың	бардың	linguistic	_	_	_
4-4	SPK0030	Continuing	4	3	ба	ба	linguistic	_	_	End=8.09
5-0	SPK0030	Rising	5	3	Марвелға	Марвелға	linguistic	_	_	Begin=8.09
5-1	SPK0030	Rising	5	3	или	или	linguistic	_	_	_
5-2	SPK0030	Rising	5	3	как	как	linguistic	_	_	End=9.757
6-0	SPK0029	Continuing	6	4	Жоқ	Жоқ	linguistic	_	_	Begin=10.066
6-1	SPK0029	Continuing	6	4	Марвелды	Марвелды	linguistic	_	_	End=10.58
7-0	SPK0029	Continuing	7	4	негізі	негізі	linguistic	_	_	Begin=10.58
7-1	SPK0029	Continuing	7	4	көремін	көремін	linguistic	_	_	_
7-2	SPK0029	Continuing	7	4	ғой	ғой	linguistic	_	_	End=11.795
8-0	SPK0029	Continuing	8	4	просто	просто	linguistic	_	_	Begin=12.046|End=12.577
9-0	SPK0029	undefined	9	4	Черная	Черная	linguistic	_	_	Begin=12.77
9-1	SPK0029	undefined	9	4	Вдова:	Вдова	linguistic	_	Prolongation=4	End=13.996
10-0	SPK0029	Falling	10	4	қатты	қатты	linguistic	_	_	Begin=14.223
10-1	SPK0029	Falling	10	4	қызықпадым	қызықпадым	linguistic	_	_	End=15.133
11-0	SPK0030	Falling	11	5	Қызыққан	Қызыққан	linguistic	_	_	Begin=15.69|End=16.281
12-0	SPK0030	Continuing	12	6	Негізі	Негізі	linguistic	_	_	Begin=16.281
12-1	SPK0030	Continuing	12	6	бар	бар	linguistic	_	_	_
12-2	SPK0030	Continuing	12	6	ғой,	ғой	linguistic	_	_	End=17.126
13-0	SPK0030	Continuing	13	6	Романов	Романов	linguistic	_	_	Begin=17.126
13-1	SPK0030	Continuing	13	6	бар	бар	linguistic	_	_	_
13-2	SPK0030	Continuing	13	6	ғой,	ғой	linguistic	_	_	End=18.225
14-0	SPK0030	Continuing	14	6	өліп	өліп	linguistic	_	_	Begin=19.0
14-1	SPK0030	Continuing	14	6	қалған	қалған	linguistic	_	_	_
14-2	SPK0030	Continuing	14	6	кезде	кезде	linguistic	_	_	End=20.59
15-0	SPK0030	Continuing	15	6	ол,	ол	linguistic	_	_	Begin=20.59|End=20.872
16-0	SPK0030	Continuing	16	6	уже,	уже	linguistic	_	_	Begin=20.9|End=21.39
17-0	SPK0030	Continuing	17	6	мен	мен	linguistic	_	_	Begin=21.84
17-1	SPK0030	Continuing	17	6	уже	уже	linguistic	_	_	_
17-2	SPK0030	Continuing	17	6	ұмытып	ұмытып	linguistic	_	_	_
17-3	SPK0030	Continuing	17	6	қалыппын	қалыппын	linguistic	_	_	_
17-4	SPK0030	Continuing	17	6	бар	бар	linguistic	_	_	_
17-5	SPK0030	Continuing	17	6	ғой	ғой	linguistic	_	_	_
17-6	SPK0030	Continuing	17	6	кинодан	кинодан	linguistic	_	_	End=23.27
18-0	SPK0030	Continuing	18	6	бірақ	бірақ	linguistic	_	_	Begin=23.27
18-1	SPK0030	Continuing	18	6	есіме	есіме	linguistic	_	_	_
18-2	SPK0030	Continuing	18	6	түсті	түсті	linguistic	_	_	_
18-3	SPK0030	Continuing	18	6	что	что	linguistic	_	_	End=24.07
19-0	SPK0030	Falling	19	6	ол	ол	linguistic	_	_	Begin=24.07
19-1	SPK0030	Falling	19	6	финалда	финалда	linguistic	_	_	_
19-2	SPK0030	Falling	19	6	өліп	өліп	linguistic	_	_	_
19-3	SPK0030	Falling	19	6	қалды	қалды	linguistic	_	_	End=25.638
20-0	SPK0029	Interrupted	20	7	Сен	Сен	linguistic	_	_	Begin=25.199
20-1	SPK0029	Interrupted	20	7	айттың	айттың	linguistic	_	_	_
20-2	SPK0029	Interrupted	20	7	ғой	ғой	linguistic	_	_	_
20-3	SPK0029	Interrupted	20	7	сол	сол	linguistic	_	_	_
20-4	SPK0029	Interrupted	20	7	кезде--	кезде--	linguistic	_	Interrupted=Yes	End=26.485
21-0	SPK0030	Falling	21	8	Иә	Иә	linguistic	_	_	Begin=26.309
21-1	SPK0030	Falling	21	8	мен	мен	linguistic	_	_	_
21-2	SPK0030	Falling	21	8	айттым	айттым	linguistic	_	_	End=27.188
22-0	SPK0030	Continuing	22	8	Саған	Саған	linguistic	_	_	Begin=27.466
22-1	SPK0030	Continuing	22	8	соны	соны	linguistic	_	_	_
22-2	SPK0030	Continuing	22	8	көру	көру	linguistic	_	_	_
22-3	SPK0030	Continuing	22	8	керек	керек	linguistic	_	_	End=28.112
23-0	SPK0030	Falling	23	8	Последний	Последний	linguistic	_	_	Begin=28.112
23-1	SPK0030	Falling	23	8	мститель	мститель	linguistic	_	_	_
23-2	SPK0030	Falling	23	8	первая	первая	linguistic	_	_	_
23-3	SPK0030	Falling	23	8	часть.	часть	linguistic	_	_	End=29.562
24-0	SPK0029	Continuing	24	9	Көргем	Көргем	linguistic	_	_	Begin=28.859
24-1	SPK0029	Continuing	24	9	оны	оны	linguistic	_	_	End=29.826
25-0	SPK0029	Falling	25	10	Көрдім	Көрдім	linguistic	_	_	Begin=30.0
25-1	SPK0029	Falling	25	10	ғой	ғой	linguistic	_	_	End=31.012
26-0	SPK0030	Continuing	26	11	Бесконечность	Бесконечность	linguistic	_	_	Begin=31.63
26-1	SPK0030	Continuing	26	11	пен	пен	linguistic	_	_	_
26-2	SPK0030	Continuing	26	11	Финалды	Финалды	linguistic	_	_	_
26-3	SPK0030	Continuing	26	11	ма	ма	linguistic	_	_	End=33.48
27-0	SPK0029	Continuing	27	12	Көрдім	Көрдім	linguistic	_	_	Begin=31.66|End=32.05
28-0	SPK0029	Falling	28	12	бірақ	бірақ	linguistic	_	_	Begin=32.05
28-1	SPK0029	Falling	28	12	мен	мен	linguistic	_	_	_
28-2	SPK0029	Falling	28	12	уже	уже	linguistic	_	_	_
28-3	SPK0029	Falling	28	12	ұмытып	ұмытып	linguistic	_	_	_
28-4	SPK0029	Falling	28	12	қалдым	қалдым	linguistic	_	_	_
28-5	SPK0029	Falling	28	12	просто	просто	linguistic	_	_	End=33.132
29-0	SPK0030	Rising	29	11	Таносы	Таносы	linguistic	_	_	Begin=33.48
29-1	SPK0030	Rising	29	11	бар	бар	linguistic	_	_	_
29-2	SPK0030	Rising	29	11	который	который	linguistic	_	_	End=33.943
30-0	SPK0029	Continuing	30	13	Иә	Иә	linguistic	_	_	Begin=34.084
30-1	SPK0029	Continuing	30	13	көрдім	көрдім	linguistic	_	_	End=34.45
31-0	SPK0029	Falling	31	13	Таносы	Таносы	linguistic	_	_	Begin=34.45
31-1	SPK0029	Falling	31	13	барды	барды	linguistic	_	_	End=35.315
32-0	SPK0030	Continuing	32	14	А,	А	linguistic	_	_	Begin=35.395|End=35.719
33-0	SPK0030	Continuing	33	14	¬Аружандар	Аружандар	linguistic	_	Anonymized=Yes	Begin=35.792
33-1	SPK0030	Continuing	33	14	бізбен	бізбен	linguistic	_	_	_
33-2	SPK0030	Continuing	33	14	барғанда	барғанда	linguistic	_	_	_
33-3	SPK0030	Continuing	33	14	ешқайсысын	ешқайсысын	linguistic	_	_	_
33-4	SPK0030	Continuing	33	14	көрмеген	көрмеген	linguistic	_	_	_
33-5	SPK0030	Continuing	33	14	ғой	ғой	linguistic	_	_	End=38.39
34-0	SPK0030	Interrupted	34	14	бірінші	бірінші	linguistic	_	_	Begin=38.43
34-1	SPK0030	Interrupted	34	14	рет	рет	linguistic	_	_	_
34-2	SPK0030	Interrupted	34	14	көрді	көрді	linguistic	_	_	_
34-3	SPK0030	Interrupted	34	14	кажется	кажется	linguistic	_	_	_
34-4	SPK0030	Interrupted	34	14	олар	олар	linguistic	_	_	_
34-5	SPK0030	Interrupted	34	14	Марвел--	Марвел--	linguistic	_	Interrupted=Yes	End=40.102
35-0	SPK0029	Continuing	35	15	¬Анель	Анель	linguistic	_	Anonymized=Yes	Begin=40.052
35-1	SPK0029	Continuing	35	15	көрген	көрген	linguistic	_	_	_
35-2	SPK0029	Continuing	35	15	жоқ	жоқ	linguistic	_	_	End=40.52
36-0	SPK0029	Falling	36	_	###.	###	unknown	_	_	Begin=40.52|End=41.627
37-0	SPK0030	Rising	37	16	¬Анель	Анель	linguistic	_	Anonymized=Yes	Begin=41.144
37-1	SPK0030	Rising	37	16	көрген	көрген	linguistic	_	_	_
37-2	SPK0030	Rising	37	16	жоқ	жоқ	linguistic	_	_	_
37-3	SPK0030	Rising	37	16	па	па	linguistic	_	_	End=42.109
38-0	SPK0030	Continuing	38	16	А,	А	linguistic	_	_	Begin=42.196|End=42.449
39-0	SPK0030	Continuing	39	17	ал	ал	linguistic	_	_	Begin=42.512
39-1	SPK0030	Continuing	39	17	қасында	қасында	linguistic	_	_	_
39-2	SPK0030	Continuing	39	17	¬Диана	Диана	linguistic	_	Anonymized=Yes	_
39-3	SPK0030	Continuing	39	17	сұрады	сұрады	linguistic	_	_	_
39-4	SPK0030	Continuing	39	17	ғой	ғой	linguistic	_	_	_
39-5	SPK0030	Continuing	39	17	бізден	бізден	linguistic	_	_	End=44.363
40-0	SPK0029	Falling	40	18	¬Диана	Диана	linguistic	_	Anonymized=Yes	Begin=44.507
40-1	SPK0029	Falling	40	18	бітіргенге	бітіргенге	linguistic	_	_	_
40-2	SPK0029	Falling	40	18	ұқсайды	ұқсайды	linguistic	_	_	End=45.732
41-0	SPK0030	Falling	41	17	Наверное.	Наверное	linguistic	_	_	Begin=45.993|End=46.535
42-0	SPK0030	undefined	42	17	(Н)	(Н)	linguistic	_	_	Begin=46.64|End=46.781
43-0	SPK0030	Continuing	43	19	Негізі	Негізі	linguistic	_	_	Begin=46.857
43-1	SPK0030	Continuing	43	19	бар	бар	linguistic	_	_	_
43-2	SPK0030	Continuing	43	19	ғой,	ғой	linguistic	_	_	End=47.535
44-0	SPK0030	Continuing	44	19	мм,	мм	disfluency	_	_	Begin=47.535|End=47.801
45-0	SPK0030	Continuing	45	20	ээ,	ээ	linguistic	_	_	Begin=49.28|End=49.492
46-0	SPK0030	Continuing	46	20	қалай	қалай	linguistic	_	_	Begin=49.649
46-1	SPK0030	Continuing	46	20	еді	еді	linguistic	_	_	_
46-2	SPK0030	Continuing	46	20	анау	анау	linguistic	_	_	End=50.544
47-0	SPK0030	Continuing	47	20	Романофф,	Романофф	linguistic	_	_	Begin=50.835|End=51.89
48-0	SPK0030	Continuing	48	20	ең	ең	linguistic	_	_	Begin=51.89
48-1	SPK0030	Continuing	48	20	аяғында	аяғында	linguistic	_	_	_
48-2	SPK0030	Continuing	48	20	айтты	айтты	linguistic	_	_	_
48-3	SPK0030	Continuing	48	20	ғой	ғой	linguistic	_	_	End=53.02
49-0	SPK0030	Continuing	49	20	сестрасы	сестрасы	linguistic	_	_	Begin=53.02
49-1	SPK0030	Continuing	49	20	типа	типа	linguistic	_	_	End=53.41
50-0	SPK0030	Continuing	50	20	Романоффты	Романоффты	linguistic	_	_	Begin=53.41
50-1	SPK0030	Continuing	50	20	осы	осы	linguistic	_	_	End=53.81
51-0	SPK0030	Continuing	51	20	өлтіріп	өлтіріп	linguistic	_	_	Begin=53.81
51-1	SPK0030	Continuing	51	20	тастады	тастады	linguistic	_	_	_
51-2	SPK0030	Continuing	51	20	деп	деп	linguistic	_	_	End=55.197
52-0	SPK0030	Continuing	52	20	Клинт,	Клинт	linguistic	_	_	Begin=55.619|End=56.507
53-0	SPK0030	Continuing	53	20	фотосын	фотосын	linguistic	_	_	Begin=56.831
53-1	SPK0030	Continuing	53	20	көрсетті	көрсетті	linguistic	_	_	_
53-2	SPK0030	Continuing	53	20	ғой	ғой	linguistic	_	_	_
53-3	SPK0030	Continuing	53	20	ең	ең	linguistic	_	_	_
53-4	SPK0030	Continuing	53	20	аяғында	аяғында	linguistic	_	_	End=57.48
54-0	SPK0030	Interrupted	54	20	екенін	екенін	linguistic	_	_	Begin=57.48
54-1	SPK0030	Interrupted	54	20	кажется--	кажется--	linguistic	_	Interrupted=Yes	End=58.507
55-0	SPK0029	Continuing	55	21	Иә	Иә	linguistic	_	_	Begin=58.05
55-1	SPK0029	Continuing	55	21	иә,	иә	linguistic	_	_	End=58.75
56-0	SPK0030	Continuing	56	20	тебе	тебе	linguistic	_	_	Begin=59.08
56-1	SPK0030	Continuing	56	20	задание	задание	linguistic	_	_	_
56-2	SPK0030	Continuing	56	20	осындай	осындай	linguistic	_	_	_
56-3	SPK0030	Continuing	56	20	осындай	осындай	linguistic	_	_	End=59.99
57-0	SPK0030	Continuing	57	20	өлтіру	өлтіру	linguistic	_	_	Begin=59.99
57-1	SPK0030	Continuing	57	20	керек	керек	linguistic	_	_	_
57-2	SPK0030	Continuing	57	20	деп	деп	linguistic	_	_	End=60.785
58-0	SPK0030	Continuing	58	22	сол	сол	linguistic	_	_	Begin=61.084
58-1	SPK0030	Continuing	58	22	кезде	кезде	linguistic	_	_	End=62.056
59-0	SPK0030	Continuing	59	22	эээ,	эээ	linguistic	_	_	Begin=62.493|End=63.253
60-0	SPK0030	Continuing	60	22	негізі,	негізі	linguistic	_	_	Begin=63.927|End=64.521
61-0	SPK0030	Falling	61	22	Клинт	Клинт	linguistic	_	_	Begin=64.521
61-1	SPK0030	Falling	61	22	өлтірген	өлтірген	linguistic	_	_	_
61-2	SPK0030	Falling	61	22	жоқ	жоқ	linguistic	_	_	_
61-3	SPK0030	Falling	61	22	қой	қой	linguistic	_	_	_
61-4	SPK0030	Falling	61	22	оны	оны	linguistic	_	_	End=65.65
62-0	SPK0029	Falling	62	23	Я	Я	linguistic	_	_	Begin=65.507
62-1	SPK0029	Falling	62	23	тоже	тоже	linguistic	_	_	_
62-2	SPK0029	Falling	62	23	не	не	linguistic	_	_	_
62-3	SPK0029	Falling	62	23	помню.	помню	linguistic	_	_	End=67.02
63-0	SPK0030	Continuing	63	24	Ол	Ол	linguistic	_	_	Begin=66.232
63-1	SPK0030	Continuing	63	24	скаладан	скаладан	linguistic	_	_	_
63-2	SPK0030	Continuing	63	24	өзі	өзі	linguistic	_	_	_
63-3	SPK0030	Continuing	63	24	секірді	секірді	linguistic	_	_	_
63-4	SPK0030	Continuing	63	24	ғой	ғой	linguistic	_	_	End=67.94
64-0	SPK0030	Continuing	64	24	ради	ради	linguistic	_	_	Begin=68.05
64-1	SPK0030	Continuing	64	24	этого,	этого	linguistic	_	_	End=69.284
65-0	SPK0030	Continuing	65	24	чтобы	чтобы	linguistic	_	_	Begin=69.478
65-1	SPK0030	Continuing	65	24	получить	получить	linguistic	_	_	_
65-2	SPK0030	Continuing	65	24	камни	камни	linguistic	_	_	_
65-3	SPK0030	Continuing	65	24	души,	души	linguistic	_	_	End=70.889
66-0	SPK0030	Continuing	66	25	сол	сол	linguistic	_	_	Begin=71.661
66-1	SPK0030	Continuing	66	25	короче,	короче	linguistic	_	_	End=72.771
67-0	SPK0030	Falling	67	25	өзі	өзі	linguistic	_	_	Begin=73.527
67-1	SPK0030	Falling	67	25	өлген	өлген	linguistic	_	_	End=73.907
68-0	SPK0030	Interrupted	68	26	Енді	Енді	linguistic	_	_	Begin=73.913
68-1	SPK0030	Interrupted	68	26	маған	маған	linguistic	_	_	_
68-2	SPK0030	Interrupted	68	26	ка-	ка-	linguistic	_	Interrupted=Yes	End=74.811
69-0	SPK0029	Interrupted	69	27	Ма-	Ма-	linguistic	_	Interrupted=Yes	Begin=74.887|End=75.126
70-0	SPK0030	Continuing	70	28	маған	маған	linguistic	_	_	Begin=75.178
70-1	SPK0030	Continuing	70	28	кажется	кажется	linguistic	_	_	End=76.0
71-0	SPK0030	Continuing	71	28	соның	соның	linguistic	_	_	Begin=76.0
71-1	SPK0030	Continuing	71	28	апайы	апайы	linguistic	_	_	_
71-2	SPK0030	Continuing	71	28	енді	енді	linguistic	_	_	_
71-3	SPK0030	Continuing	71	28	өлді	өлді	linguistic	_	_	_
71-4	SPK0030	Continuing	71	28	ғой	ғой	linguistic	_	_	End=77.34
72-0	SPK0030	Continuing	72	28	мстительдан	мстительдан	linguistic	_	_	Begin=77.34
72-1	SPK0030	Continuing	72	28	кетті	кетті	linguistic	_	_	_
72-2	SPK0030	Continuing	72	28	ғой	ғой	linguistic	_	_	End=78.16
73-0	SPK0030	Continuing	73	28	Наташаның	Наташаның	linguistic	_	_	Begin=78.16|End=79.08
74-0	SPK0029	Interrupted	74	29	Анау	Анау	linguistic	_	_	Begin=78.213
74-1	SPK0029	Interrupted	74	29	Мстительлар-	Мстительлар-	linguistic	_	Interrupted=Yes	End=79.025
75-0	SPK0030	Continuing	75	28	Оның	Оның	linguistic	_	_	Begin=79.1
75-1	SPK0030	Continuing	75	28	орнына	орнына	linguistic	_	_	_
75-2	SPK0030	Continuing	75	28	кіреді	кіреді	linguistic	_	_	End=80.04
76-0	SPK0029	Falling	76	30	Иә.	Иә	linguistic	_	_	Begin=79.63|End=80.15
77-0	SPK0030	Continuing	77	28	потому	потому	linguistic	_	_	Begin=80.18
77-1	SPK0030	Continuing	77	28	что	что	linguistic	_	_	End=80.718
78-0	SPK0030	Falling	78	28	жалғастыру	жалғастыру	linguistic	_	_	Begin=80.718
78-1	SPK0030	Falling	78	28	керек	керек	linguistic	_	_	_
78-2	SPK0030	Falling	78	28	қой	қой	linguistic	_	_	_
78-3	SPK0030	Falling	78	28	бірдеңке	бірдеңке	linguistic	_	_	_
78-4	SPK0030	Falling	78	28	етіп	етіп	linguistic	_	_	End=82.83
79-0	SPK0029	Interrupted	79	31	Басыңда	Басыңда	linguistic	_	_	Begin=84.01
79-1	SPK0029	Interrupted	79	31	типа	типа	linguistic	_	_	_
79-2	SPK0029	Interrupted	79	31	андай	андай	linguistic	_	_	_
79-3	SPK0029	Interrupted	79	31	болады--	болады--	linguistic	_	Interrupted=Yes	End=85.027
80-0	SPK0030	Interrupted	80	32	Иә	Иә	linguistic	_	_	Begin=84.15
80-1	SPK0030	Interrupted	80	32	иә	иә	linguistic	_	_	_
80-2	SPK0030	Interrupted	80	32	осылай	осылай	linguistic	_	_	_
80-3	SPK0030	Interrupted	80	32	ұрысады	ұрысады	linguistic	_	_	_
80-4	SPK0030	Interrupted	80	32	да--	да--	linguistic	_	Interrupted=Yes	End=84.79
81-0	SPK0029	Continuing	81	31	ұрысады	ұрысады	linguistic	_	_	Begin=85.44
81-1	SPK0029	Continuing	81	31	анау-мынау	анау-мынау	linguistic	_	_	End=86.882
82-0	SPK0030	Continuing	82	32	төбелеседі	төбелеседі	linguistic	_	_	Begin=85.754|End=86.65
83-0	SPK0030	Continuing	83	32	сен	сен	linguistic	_	_	Begin=86.9
83-1	SPK0030	Continuing	83	32	менікін	менікін	linguistic	_	_	_
83-2	SPK0030	Continuing	83	32	өлтірдің	өлтірдің	linguistic	_	_	End=87.75
84-0	SPK0030	Continuing	84	32	деген	деген	linguistic	_	_	Begin=87.86
84-1	SPK0030	Continuing	84	32	сияқты	сияқты	linguistic	_	_	End=88.54
85-0	SPK0030	Continuing	85	32	сосын	сосын	linguistic	_	_	Begin=88.6
85-1	SPK0030	Continuing	85	32	анау	анау	linguistic	_	_	_
85-2	SPK0030	Continuing	85	32	өзін	өзін	linguistic	_	_	End=89.25
86-0	SPK0030	Interrupted	86	32	виноватой	виноватой	linguistic	_	_	Begin=89.41
86-1	SPK0030	Interrupted	86	32	чувствовать	чувствовать	linguistic	_	_	_
86-2	SPK0030	Interrupted	86	32	етіп--	етіп--	linguistic	_	Interrupted=Yes	End=90.38
87-0	SPK0030	Continuing	87	32	Негізі,	Негізі	linguistic	_	_	Begin=91.17|End=91.46
88-0	SPK0030	Continuing	88	32	виноватой	виноватой	linguistic	_	_	Begin=91.46
88-1	SPK0030	Continuing	88	32	чувствовать	чувствовать	linguistic	_	_	_
88-2	SPK0030	Continuing	88	32	етті	етті	linguistic	_	_	_
88-3	SPK0030	Continuing	88	32	ғой	ғой	linguistic	_	_	End=92.56
89-0	SPK0030	Interrupted	89	32	жарыс--	жарыс--	linguistic	_	Interrupted=Yes	Begin=92.581|End=93.173
90-0	SPK0030	Continuing	90	32	екеуі	екеуі	linguistic	_	_	Begin=93.25
90-1	SPK0030	Continuing	90	32	кoроче	кoроче	linguistic	_	_	End=94.19
91-0	SPK0030	Continuing	91	32	кім	кім	linguistic	_	_	Begin=94.49
91-1	SPK0030	Continuing	91	32	өледі	өледі	linguistic	_	_	_
91-2	SPK0030	Continuing	91	32	кім	кім	linguistic	_	_	_
91-3	SPK0030	Continuing	91	32	өледі	өледі	linguistic	_	_	_
91-4	SPK0030	Continuing	91	32	деп	деп	linguistic	_	_	End=95.08
92-0	SPK0030	Continuing	92	32	жарысты	жарысты	linguistic	_	_	Begin=95.08
92-1	SPK0030	Continuing	92	32	ғой	ғой	linguistic	_	_	End=95.92
93-0	SPK0030	Continuing	93	32	шка-	шка-	linguistic	_	Interrupted=Yes	Begin=95.92
93-1	SPK0030	Continuing	93	32	ска-	ска-	linguistic	_	Interrupted=Yes	_
93-2	SPK0030	Continuing	93	32	скаладан	скаладан	linguistic	_	_	_
93-3	SPK0030	Continuing	93	32	секіргенде	секіргенде	linguistic	_	_	End=96.68
94-0	SPK0029	Falling	94	33	Иә	Иә	linguistic	_	_	Begin=96.78
94-1	SPK0029	Falling	94	33	иә.	иә	linguistic	_	_	End=97.15
95-0	SPK0030	Continuing	95	32	и	и	linguistic	_	_	Begin=97.352|End=98.33
96-0	SPK0030	Continuing	96	32	анау	анау	linguistic	_	_	Begin=98.41
96-1	SPK0030	Continuing	96	32	Клинттың	Клинттың	linguistic	_	_	_
96-2	SPK0030	Continuing	96	32	аяғын	аяғын	linguistic	_	_	_
96-3	SPK0030	Continuing	96	32	атып	атып	linguistic	_	_	_
96-4	SPK0030	Continuing	96	32	тастады	тастады	linguistic	_	_	_
96-5	SPK0030	Continuing	96	32	да	да	linguistic	_	_	End=99.47
97-0	SPK0030	Rising	97	32	өзі	өзі	linguistic	_	_	Begin=99.5
97-1	SPK0030	Rising	97	32	барып	барып	linguistic	_	_	_
97-2	SPK0030	Rising	97	32	секірмеспе	секірмеспе	linguistic	_	_	End=101.08
98-0	SPK0030	Interrupted	98	32	Соны--	Соны--	linguistic	_	Interrupted=Yes	Begin=101.18|End=101.42
99-0	SPK0030	Continuing	99	34	соны	соны	linguistic	_	_	Begin=101.42
99-1	SPK0030	Continuing	99	34	айтады	айтады	linguistic	_	_	_
99-2	SPK0030	Continuing	99	34	наверное	наверное	linguistic	_	_	End=102.79
100-0	SPK0030	Continuing	100	34	сөйтіп	сөйтіп	linguistic	_	_	Begin=102.81|End=103.32
101-0	SPK0030	Continuing	101	34	көрсететін	көрсететін	linguistic	_	_	Begin=103.67
101-1	SPK0030	Continuing	101	34	шығар	шығар	linguistic	_	_	_
101-2	SPK0030	Continuing	101	34	енді	енді	linguistic	_	_	End=104.74
102-0	SPK0030	Falling	102	34	біреулер	біреулер	linguistic	_	_	Begin=104.77|End=105.62
103-0	SPK0030	Continuing	103	35	Сосын,	Сосын	linguistic	_	_	Begin=105.67|End=106.23
104-0	SPK0030	Continuing	104	35	мстительдың	мстительдың	linguistic	_	_	Begin=106.26
104-1	SPK0030	Continuing	104	35	новый	новый	linguistic	_	_	End=107.25
105-0	SPK0030	Continuing	105	35	кім	кім	linguistic	_	_	Begin=107.25
105-1	SPK0030	Continuing	105	35	де	де	linguistic	_	_	_
105-2	SPK0030	Continuing	105	35	кетіп	кетіп	linguistic	_	_	_
105-3	SPK0030	Continuing	105	35	қалды	қалды	linguistic	_	_	_
105-4	SPK0030	Continuing	105	35	ғой	ғой	linguistic	_	_	End=107.77
106-0	SPK0030	Continuing	106	35	Капитан	Капитан	linguistic	_	_	Begin=107.77
106-1	SPK0030	Continuing	106	35	Америка	Америка	linguistic	_	_	_
106-2	SPK0030	Continuing	106	35	да,	да	linguistic	_	_	End=108.94
107-0	SPK0030	Falling	107	35	ішінен	ішінен	linguistic	_	_	Begin=109.464|End=110.3
108-0	SPK0029	Rising	108	36	Қашан?	Қашан	linguistic	_	_	Begin=110.62|End=111.11
109-0	SPK0030	Rising	109	37	Капитан	Капитан	linguistic	_	_	Begin=111.23
109-1	SPK0030	Rising	109	37	Америка	Америка	linguistic	_	_	_
109-2	SPK0030	Rising	109	37	кетіп	кетіп	linguistic	_	_	_
109-3	SPK0030	Rising	109	37	қалды	қалды	linguistic	_	_	_
109-4	SPK0030	Rising	109	37	ғой	ғой	linguistic	_	_	_
109-5	SPK0030	Rising	109	37	білмейсің	білмейсің	linguistic	_	_	_
109-6	SPK0030	Rising	109	37	ба	ба	linguistic	_	_	End=112.78
110-0	SPK0030	Continuing	110	38	Короче	Короче	linguistic	_	_	Begin=113.12
110-1	SPK0030	Continuing	110	38	ең	ең	linguistic	_	_	_
110-2	SPK0030	Continuing	110	38	ақырысында	ақырысында	linguistic	_	_	End=114.37
111-0	SPK0030	Continuing	111	38	мстительдың	мстительдың	linguistic	_	_	Begin=114.676
111-1	SPK0030	Continuing	111	38	финалдың	финалдың	linguistic	_	_	_
111-2	SPK0030	Continuing	111	38	екінші	екінші	linguistic	_	_	_
111-3	SPK0030	Continuing	111	38	частьында	частьында	linguistic	_	_	End=116.126
112-0	SPK0030	Continuing	112	38	эээ,	эээ	linguistic	_	_	Begin=116.968|End=117.389
113-0	SPK0030	Continuing	113	38	кім	кім	linguistic	_	_	Begin=118.45
113-1	SPK0030	Continuing	113	38	алды	алды	linguistic	_	_	_
113-2	SPK0030	Continuing	113	38	да	да	linguistic	_	_	End=119.23
114-0	SPK0030	Continuing	114	38	Капитан	Капитан	linguistic	_	_	Begin=119.23
114-1	SPK0030	Continuing	114	38	Америка,	Америка	linguistic	_	_	End=119.9
115-0	SPK0030	Continuing	115	38	прошлыйға	прошлыйға	linguistic	_	_	Begin=119.9
115-1	SPK0030	Continuing	115	38	кетіп	кетіп	linguistic	_	_	_
115-2	SPK0030	Continuing	115	38	қалды	қалды	linguistic	_	_	_
115-3	SPK0030	Continuing	115	38	ғой	ғой	linguistic	_	_	End=121.44
116-0	SPK0030	Interrupted	116	38	сол	сол	linguistic	_	_	Begin=122.09
116-1	SPK0030	Interrupted	116	38	прошлыйға	прошлыйға	linguistic	_	_	_
116-2	SPK0030	Interrupted	116	38	кетіп	кетіп	linguistic	_	_	_
116-3	SPK0030	Interrupted	116	38	қалды	қалды	linguistic	_	_	_
116-4	SPK0030	Interrupted	116	38	да--	да--	linguistic	_	Interrupted=Yes	End=122.94
117-0	SPK0029	Rising	117	36	Қашан	Қашан	linguistic	_	_	Begin=123.16
117-1	SPK0029	Rising	117	36	ол?	ол	linguistic	_	_	End=123.69
118-0	SPK0029	Falling	118	39	Мен	Мен	linguistic	_	_	Begin=123.69
118-1	SPK0029	Falling	118	39	оны	оны	linguistic	_	_	_
118-2	SPK0029	Falling	118	39	көрген	көрген	linguistic	_	_	_
118-3	SPK0029	Falling	118	39	жоқпын	жоқпын	linguistic	_	_	End=124.54
119-0	SPK0030	Rising	119	40	Онда	Онда	linguistic	_	_	Begin=124.53
119-1	SPK0030	Rising	119	40	неге	неге	linguistic	_	_	_
119-2	SPK0030	Rising	119	40	көрдім	көрдім	linguistic	_	_	_
119-3	SPK0030	Rising	119	40	деп	деп	linguistic	_	_	_
119-4	SPK0030	Rising	119	40	айттың	айттың	linguistic	_	_	End=126.07
120-0	SPK0029	Continuing	120	41	Мен	Мен	linguistic	_	_	Begin=125.895
120-1	SPK0029	Continuing	120	41	көрдім	көрдім	linguistic	_	_	_
120-2	SPK0029	Continuing	120	41	бірақ	бірақ	linguistic	_	_	End=126.51
121-0	SPK0029	Falling	121	41	но	но	linguistic	_	_	Begin=126.51
121-1	SPK0029	Falling	121	41	может	может	linguistic	_	_	_
121-2	SPK0029	Falling	121	41	не	не	linguistic	_	_	_
121-3	SPK0029	Falling	121	41	помню.	помню	linguistic	_	_	End=127.134
122-0	SPK0030	Continuing	122	42	Жоқ	Жоқ	linguistic	_	_	Begin=127.36
122-1	SPK0030	Continuing	122	42	сонда	сонда	linguistic	_	_	_
122-2	SPK0030	Continuing	122	42	кетіп	кетіп	linguistic	_	_	_
122-3	SPK0030	Continuing	122	42	қалды	қалды	linguistic	_	_	_
122-4	SPK0030	Continuing	122	42	короче	короче	linguistic	_	_	End=128.47
123-0	SPK0030	Continuing	123	42	прошлыйға	прошлыйға	linguistic	_	_	Begin=128.47
123-1	SPK0030	Continuing	123	42	вернуться	вернуться	linguistic	_	_	_
123-2	SPK0030	Continuing	123	42	етті	етті	linguistic	_	_	_
123-3	SPK0030	Continuing	123	42	да	да	linguistic	_	_	End=130.03
124-0	SPK0030	Continuing	124	42	и	и	linguistic	_	_	Begin=130.517
124-1	SPK0030	Continuing	124	42	потом	потом	linguistic	_	_	_
124-2	SPK0030	Continuing	124	42	не	не	linguistic	_	_	_
124-3	SPK0030	Continuing	124	42	істеді	істеді	linguistic	_	_	End=131.79
125-0	SPK0030	Continuing	125	42	қайттан	қайттан	linguistic	_	_	Begin=131.98
125-1	SPK0030	Continuing	125	42	қайтып	қайтып	linguistic	_	_	_
125-2	SPK0030	Continuing	125	42	келді	келді	linguistic	_	_	_
125-3	SPK0030	Continuing	125	42	будущийға	будущийға	linguistic	_	_	End=133.16
126-0	SPK0030	Falling	126	42	и	и	linguistic	_	_	Begin=133.48
126-1	SPK0030	Falling	126	42	кәрі	кәрі	linguistic	_	_	_
126-2	SPK0030	Falling	126	42	шал	шал	linguistic	_	_	_
126-3	SPK0030	Falling	126	42	болып	болып	linguistic	_	_	_
126-4	SPK0030	Falling	126	42	қайтып	қайтып	linguistic	_	_	_
126-5	SPK0030	Falling	126	42	келді	келді	linguistic	_	_	End=134.43
127-0	SPK0030	Interrupted	127	43	То	То	linguistic	_	_	Begin=136.51
127-1	SPK0030	Interrupted	127	43	есть	есть	linguistic	_	_	_
127-2	SPK0030	Interrupted	127	43	ол--	ол--	linguistic	_	Interrupted=Yes	End=137.42
128-0	SPK0029	Falling	128	44	Мен	Мен	linguistic	_	_	Begin=137.123
128-1	SPK0029	Falling	128	44	оның	оның	linguistic	_	_	_
128-2	SPK0029	Falling	128	44	ғана	ғана	linguistic	_	_	_
128-3	SPK0029	Falling	128	44	быт-шыты	быт-шыты	linguistic	_	_	_
128-4	SPK0029	Falling	128	44	шығып	шығып	linguistic	_	_	_
128-5	SPK0029	Falling	128	44	кеткенін	кеткенін	linguistic	_	_	_
128-6	SPK0029	Falling	128	44	помню	помню	linguistic	_	_	End=138.787
129-0	SPK0030	Interrupted	129	43	Ол--	Ол--	linguistic	_	Interrupted=Yes	Begin=137.873|End=138.521
130-0	SPK0030	Continuing	130	43	То	То	linguistic	_	_	Begin=139.029
130-1	SPK0030	Continuing	130	43	есть	есть	linguistic	_	_	_
130-2	SPK0030	Continuing	130	43	ол	ол	linguistic	_	_	_
130-3	SPK0030	Continuing	130	43	короче	короче	linguistic	_	_	End=139.541
131-0	SPK0030	Continuing	131	43	ең	ең	linguistic	_	_	Begin=139.845
131-1	SPK0030	Continuing	131	43	ақырында	ақырында	linguistic	_	_	End=140.58
132-0	SPK0030	Continuing	132	43	өзінің	өзінің	linguistic	_	_	Begin=141.046
132-1	SPK0030	Continuing	132	43	Капитан	Капитан	linguistic	_	_	_
132-2	SPK0030	Continuing	132	43	Америка	Америка	linguistic	_	_	End=142.62
133-0	SPK0030	Continuing	133	43	болмай	болмай	linguistic	_	_	Begin=142.62
133-1	SPK0030	Continuing	133	43	тұрып	тұрып	linguistic	_	_	End=142.88
134-0	SPK0030	Continuing	134	43	болған	болған	linguistic	_	_	Begin=143.014
134-1	SPK0030	Continuing	134	43	жерге	жерге	linguistic	_	_	End=144.309
135-0	SPK0030	Interrupted	135	43	вер--	вер--	linguistic	_	Interrupted=Yes	Begin=144.451|End=144.93
136-0	SPK0030	Continuing	136	43	вернулся,	вернулся	linguistic	_	_	Begin=144.93|End=145.21
137-0	SPK0030	Continuing	137	43	и,	и	linguistic	_	_	Begin=145.21|End=145.726
138-0	SPK0030	Continuing	138	43	сол	сол	linguistic	_	_	Begin=146.005
138-1	SPK0030	Continuing	138	43	жерде	жерде	linguistic	_	_	End=146.262
139-0	SPK0030	Continuing	139	43	помнишь	помнишь	linguistic	_	_	Begin=146.645
139-1	SPK0030	Continuing	139	43	бір,	бір	linguistic	_	_	End=147.26
140-0	SPK0030	Continuing	140	43	өзінің	өзінің	linguistic	_	_	Begin=147.315
140-1	SPK0030	Continuing	140	43	бір	бір	linguistic	_	_	_
140-2	SPK0030	Continuing	140	43	жақсы	жақсы	linguistic	_	_	_
140-3	SPK0030	Continuing	140	43	көретін	көретін	linguistic	_	_	End=148.46
141-0	SPK0030	Interrupted	141	43	офицер	офицер	linguistic	_	_	Begin=149.0
141-1	SPK0030	Interrupted	141	43	солдаты	солдаты	linguistic	_	_	_
141-2	SPK0030	Interrupted	141	43	ой--	ой--	linguistic	_	Interrupted=Yes	End=150.08
142-0	SPK0029	Falling	142	45	Иә	Иә	linguistic	_	_	Begin=149.332
142-1	SPK0029	Falling	142	45	иә.	иә	linguistic	_	_	End=149.89
143-0	SPK0030	Continuing	143	43	солдат	солдат	linguistic	_	_	Begin=150.08
143-1	SPK0030	Continuing	143	43	деппін	деппін	linguistic	_	_	_
143-2	SPK0030	Continuing	143	43	офицер	офицер	linguistic	_	_	_
143-3	SPK0030	Continuing	143	43	қызы	қызы	linguistic	_	_	_
143-4	SPK0030	Continuing	143	43	бар	бар	linguistic	_	_	_
143-5	SPK0030	Continuing	143	43	еді	еді	linguistic	_	_	_
143-6	SPK0030	Continuing	143	43	ғой	ғой	linguistic	_	_	End=151.96
144-0	SPK0030	Continuing	144	43	соған	соған	linguistic	_	_	Begin=152.287
144-1	SPK0030	Continuing	144	43	қайтып	қайтып	linguistic	_	_	_
144-2	SPK0030	Continuing	144	43	келді	келді	linguistic	_	_	End=153.08
145-0	SPK0030	Continuing	145	43	екеуі	екеуі	linguistic	_	_	Begin=153.08
145-1	SPK0030	Continuing	145	43	үйленіп	үйленіп	linguistic	_	_	_
145-2	SPK0030	Continuing	145	43	и	и	linguistic	_	_	End=154.94
146-0	SPK0030	Falling	146	43	будущийға	будущийға	linguistic	_	_	Begin=154.94
146-1	SPK0030	Falling	146	43	кәрі:	кәрі	linguistic	_	Prolongation=3	_
146-2	SPK0030	Falling	146	43	болып	болып	linguistic	_	_	_
146-3	SPK0030	Falling	146	43	келді	келді	linguistic	_	_	End=156.076
147-0	SPK0030	Continuing	147	46	Онда	Онда	linguistic	_	_	Begin=156.226
147-1	SPK0030	Continuing	147	46	алып	алып	linguistic	_	_	_
147-2	SPK0030	Continuing	147	46	тастады	тастады	linguistic	_	_	_
147-3	SPK0030	Continuing	147	46	ғой	ғой	linguistic	_	_	_
147-4	SPK0030	Continuing	147	46	немерені	немерені	linguistic	_	_	End=157.25
148-0	SPK0030	Falling	148	46	Марвелдар	Марвелдар	linguistic	_	_	Begin=157.394|End=158.169
149-0	SPK0030	Falling	149	46	Бітіп	Бітіп	linguistic	_	_	Begin=159.277
149-1	SPK0030	Falling	149	46	қалды	қалды	linguistic	_	_	End=159.967
150-0	SPK0029	Rising	150	47	Енді	Енді	linguistic	_	_	Begin=159.532
150-1	SPK0029	Rising	150	47	кім	кім	linguistic	_	_	_
150-2	SPK0029	Rising	150	47	қалды	қалды	linguistic	_	_	_
150-3	SPK0029	Rising	150	47	ішінде	ішінде	linguistic	_	_	End=160.522
151-0	SPK0030	Continuing	151	48	Енді	Енді	linguistic	_	_	Begin=160.473
151-1	SPK0030	Continuing	151	48	кoроче	кoроче	linguistic	_	_	_
151-2	SPK0030	Continuing	151	48	кетті	кетті	linguistic	_	_	End=161.215
152-0	SPK0030	Continuing	152	48	Капитан	Капитан	linguistic	_	_	Begin=161.403
152-1	SPK0030	Continuing	152	48	Америка	Америка	linguistic	_	_	_
152-2	SPK0030	Continuing	152	48	кетіп	кетіп	linguistic	_	_	_
152-3	SPK0030	Continuing	152	48	қалды	қалды	linguistic	_	_	End=162.642
153-0	SPK0030	Continuing	153	48	Романофф	Романофф	linguistic	_	_	Begin=162.852
153-1	SPK0030	Continuing	153	48	кетіп	кетіп	linguistic	_	_	_
153-2	SPK0030	Continuing	153	48	қалды	қалды	linguistic	_	_	End=163.929
154-0	SPK0030	Continuing	154	48	Тони	Тони	linguistic	_	_	Begin=164.33
154-1	SPK0030	Continuing	154	48	Старк	Старк	linguistic	_	_	_
154-2	SPK0030	Continuing	154	48	өлтіріп	өлтіріп	linguistic	_	_	_
154-3	SPK0030	Continuing	154	48	тастады	тастады	linguistic	_	_	End=165.549
155-0	SPK0030	Continuing	155	48	енді	енді	linguistic	_	_	Begin=165.633
155-1	SPK0030	Continuing	155	48	қалды	қалды	linguistic	_	_	_
155-2	SPK0030	Continuing	155	48	Тор	Тор	linguistic	_	_	_
155-3	SPK0030	Continuing	155	48	ғана	ғана	linguistic	_	_	End=166.676
156-0	SPK0030	Continuing	156	48	бұрынғы	бұрынғы	linguistic	_	_	Begin=166.676
156-1	SPK0030	Continuing	156	48	составынан	составынан	linguistic	_	_	End=167.85
157-0	SPK0030	Continuing	157	48	иии	иии	linguistic	_	_	Begin=167.95|End=168.161
158-0	SPK0030	Continuing	158	48	Человек-Паук	Человек-Паук	linguistic	_	_	Begin=168.24
158-1	SPK0030	Continuing	158	48	қалды	қалды	linguistic	_	_	End=170.0
159-0	SPK0030	Continuing	159	48	сосын	сосын	linguistic	_	_	Begin=170.549
159-1	SPK0030	Continuing	159	48	жаңа,	жаңа	linguistic	_	_	End=171.02
160-0	SPK0030	Continuing	160	48	Клинт,	Клинт	linguistic	_	_	Begin=171.02|End=171.5
161-0	SPK0030	Continuing	161	48	Сокол,	Сокол	linguistic	_	_	Begin=171.82|End=172.29
162-0	SPK0030	Continuing	162	48	и	и	linguistic	_	_	Begin=172.49
162-1	SPK0030	Continuing	162	48	Черный	Черный	linguistic	_	_	_
162-2	SPK0030	Continuing	162	48	Солдат,	Солдат	linguistic	_	_	End=173.27
163-0	SPK0030	Interrupted	163	48	который	который	linguistic	_	_	Begin=173.52
163-1	SPK0030	Interrupted	163	48	қолы--	қолы--	linguistic	_	Interrupted=Yes	End=174.31
164-0	SPK0029	Continuing	164	49	Кім	Кім	linguistic	_	_	Begin=173.894
164-1	SPK0029	Continuing	164	49	ше,	ше	linguistic	_	_	End=174.63
165-0	SPK0029	Rising	165	49	Железный	Железный	linguistic	_	_	Begin=174.63
165-1	SPK0029	Rising	165	49	человек?	человек	linguistic	_	_	End=175.272
166-0	SPK0030	Continuing	166	50	Железный	Железный	linguistic	_	_	Begin=175.314
166-1	SPK0030	Continuing	166	50	человек	человек	linguistic	_	_	_
166-2	SPK0030	Continuing	166	50	өліп	өліп	linguistic	_	_	_
166-3	SPK0030	Continuing	166	50	қалды	қалды	linguistic	_	_	_
166-4	SPK0030	Continuing	166	50	ғой	ғой	linguistic	_	_	End=176.3
167-0	SPK0029	Rising	167	51	Қашан?	Қашан	linguistic	_	_	Begin=176.498|End=177.031
168-0	SPK0030	Continuing	168	_	Тони	Тони	linguistic	_	_	Begin=176.564
168-1	SPK0030	Continuing	168	_	Старк,	Старк	linguistic	_	_	End=177.379
169-0	SPK0029	Continuing	169	52	Ол	Ол	linguistic	_	_	Begin=177.326
169-1	SPK0029	Continuing	169	52	келді	келді	linguistic	_	_	_
169-2	SPK0029	Continuing	169	52	ғой	ғой	linguistic	_	_	End=177.961
170-0	SPK0029	Falling	170	52	қайттан.	қайттан	linguistic	_	_	Begin=178.53|End=178.83
171-0	SPK0030	Falling	171	53	Келген	Келген	linguistic	_	_	Begin=179.343
171-1	SPK0030	Falling	171	53	жоқ	жоқ	linguistic	_	_	_
171-2	SPK0030	Falling	171	53	қой	қой	linguistic	_	_	_
171-3	SPK0030	Falling	171	53	ол	ол	linguistic	_	_	End=180.464
172-0	SPK0029	Continuing	172	54	Ааа,	Ааа	linguistic	_	_	Begin=179.858|End=180.562
173-0	SPK0029	Interrupted	173	54	мен	мен	linguistic	_	_	Begin=180.732
173-1	SPK0029	Interrupted	173	54	не	не	linguistic	_	_	_
173-2	SPK0029	Interrupted	173	54	көргем--	көргем--	linguistic	_	Interrupted=Yes	End=181.816
174-0	SPK0030	undefined	174	_	(TSK)	(TSK)	click	_	_	Begin=180.929|End=181.69
175-0	SPK0030	Continuing	175	55	Білмеймін	Білмеймін	linguistic	_	_	Begin=182.223
175-1	SPK0030	Continuing	175	55	не	не	linguistic	_	_	_
175-2	SPK0030	Continuing	175	55	көргеннің	көргеннің	linguistic	_	_	End=182.985
176-0	SPK0030	Falling	176	55	саған	саған	linguistic	_	_	Begin=182.985
176-1	SPK0030	Falling	176	55	қайттан	қайттан	linguistic	_	_	_
176-2	SPK0030	Falling	176	55	надо	надо	linguistic	_	_	_
176-3	SPK0030	Falling	176	55	освежить	освежить	linguistic	_	_	_
176-4	SPK0030	Falling	176	55	память	память	linguistic	_	_	_
176-5	SPK0030	Falling	176	55	көру	көру	linguistic	_	_	_
176-6	SPK0030	Falling	176	55	керек	керек	linguistic	_	_	End=185.199
177-0	SPK0029	Falling	177	56	Походу	Походу	linguistic	_	_	Begin=184.32
177-1	SPK0029	Falling	177	56	көру	көру	linguistic	_	_	_
177-2	SPK0029	Falling	177	56	керек	керек	linguistic	_	_	End=184.95
178-0	SPK0030	Continuing	178	57	Я	Я	linguistic	_	_	Begin=186.358
178-1	SPK0030	Continuing	178	57	говорю	говорю	linguistic	_	_	_
178-2	SPK0030	Continuing	178	57	сөйтесің	сөйтесің	linguistic	_	_	End=186.98
179-0	SPK0030	Continuing	179	57	потому	потому	linguistic	_	_	Begin=186.98
179-1	SPK0030	Continuing	179	57	что	что	linguistic	_	_	End=187.49
180-0	SPK0030	Falling	180	57	бәрі	бәрі	linguistic	_	_	Begin=187.49
180-1	SPK0030	Falling	180	57	осыдан	осыдан	linguistic	_	_	_
180-2	SPK0030	Falling	180	57	шығады	шығады	linguistic	_	_	End=189.069
181-0	SPK0030	Rising	181	58	Сен	Сен	linguistic	_	_	Begin=189.21
181-1	SPK0030	Rising	181	58	вообще	вообще	linguistic	_	_	_
181-2	SPK0030	Rising	181	58	Железный	Железный	linguistic	_	_	_
181-3	SPK0030	Rising	181	58	Человектің	Человектің	linguistic	_	_	_
181-4	SPK0030	Rising	181	58	бірінші	бірінші	linguistic	_	_	_
181-5	SPK0030	Rising	181	58	частьтын	частьтын	linguistic	_	_	_
181-6	SPK0030	Rising	181	58	көрдің	көрдің	linguistic	_	_	_
181-7	SPK0030	Rising	181	58	бе	бе	linguistic	_	_	End=190.859
182-0	SPK0029	Continuing	182	59	Жоқ,	Жоқ	linguistic	_	_	Begin=190.924|End=191.338
183-0	SPK0029	undefined	183	59	@@	@@	linguistic	_	_	Begin=191.338|End=191.845
184-0	SPK0029	Continuing	184	59	Мен	Мен	linguistic	_	_	Begin=191.971
184-1	SPK0029	Continuing	184	59	только	только	linguistic	_	_	_
184-2	SPK0029	Continuing	184	59	Мститель	Мститель	linguistic	_	_	_
184-3	SPK0029	Continuing	184	59	ғана	ғана	linguistic	_	_	_
184-4	SPK0029	Continuing	184	59	көрдім	көрдім	linguistic	_	_	End=193.0
185-0	SPK0029	Falling	185	59	Марвелдан	Марвелдан	linguistic	_	_	Begin=193.098|End=193.732
186-0	SPK0030	Continuing	186	60	Мстительдің	Мстительдің	linguistic	_	_	Begin=193.84|End=194.67
187-0	SPK0030	Continuing	187	60	үшінші	үшінші	linguistic	_	_	Begin=194.67
187-1	SPK0030	Continuing	187	60	немесінді	немесінді	linguistic	_	_	_
187-2	SPK0030	Continuing	187	60	ма	ма	linguistic	_	_	End=195.07
188-0	SPK0030	Continuing	188	60	Эээ,	Эээ	linguistic	_	_	Begin=195.07|End=196.29
189-0	SPK0030	Rising	189	60	Эра	Эра	linguistic	_	_	Begin=196.29
189-1	SPK0030	Rising	189	60	Альтрона:?	Альтрона	linguistic	_	Prolongation=7	End=197.036
190-0	SPK0029	Falling	190	61	Иә	Иә	linguistic	_	_	Begin=197.324
190-1	SPK0029	Falling	190	61	соны	соны	linguistic	_	_	_
190-2	SPK0029	Falling	190	61	көрдім	көрдім	linguistic	_	_	End=198.176
191-0	SPK0030	Continuing	191	_	Эээ,	Эээ	linguistic	_	_	Begin=198.72|End=199.11
192-0	SPK0030	Interrupted	192	_	Ффф--	Ффф--	linguistic	_	Interrupted=Yes	Begin=199.151|End=200.01
193-0	SPK0030	Continuing	193	62	Кажется	Кажется	linguistic	_	_	Begin=200.01
193-1	SPK0030	Continuing	193	62	про	про	linguistic	_	_	_
193-2	SPK0030	Continuing	193	62	Таноса	Таноса	linguistic	_	_	_
193-3	SPK0030	Continuing	193	62	сен,	сен	linguistic	_	_	End=201.1
194-0	SPK0030	Rising	194	62	толық	толық	linguistic	_	_	Begin=201.1
194-1	SPK0030	Rising	194	62	көрмегенсің	көрмегенсің	linguistic	_	_	End=202.355
195-0	SPK0029	Continuing	195	63	Про	Про	linguistic	_	_	Begin=202.366
195-1	SPK0029	Continuing	195	63	Таноса	Таноса	linguistic	_	_	_
195-2	SPK0029	Continuing	195	63	екі	екі	linguistic	_	_	_
195-3	SPK0029	Continuing	195	63	кино	кино	linguistic	_	_	_
195-4	SPK0029	Continuing	195	63	көрдім	көрдім	linguistic	_	_	End=203.394
196-0	SPK0029	Falling	196	63	екі	екі	linguistic	_	_	Begin=203.394
196-1	SPK0029	Falling	196	63	частьын	частьын	linguistic	_	_	_
196-2	SPK0029	Falling	196	63	көрдім	көрдім	linguistic	_	_	End=204.289
197-0	SPK0030	Continuing	197	64	Онда	Онда	linguistic	_	_	Begin=204.32|End=204.86
198-0	SPK0030	Rising	198	64	неге	неге	linguistic	_	_	Begin=204.86
198-1	SPK0030	Rising	198	64	айдан	айдан	linguistic	_	_	_
198-2	SPK0030	Rising	198	64	түскен	түскен	linguistic	_	_	_
198-3	SPK0030	Rising	198	64	не	не	linguistic	_	_	_
198-4	SPK0030	Rising	198	64	секілді	секілді	linguistic	_	_	_
198-5	SPK0030	Rising	198	64	болып	болып	linguistic	_	_	_
198-6	SPK0030	Rising	198	64	отырсың	отырсың	linguistic	_	_	End=206.16
199-0	SPK0030	undefined	199	_	@@@	@@@	linguistic	_	_	Begin=206.16|End=206.72
200-0	SPK0029	Continuing	200	_	Мхм,	Мхм	linguistic	_	_	Begin=206.94|End=207.49
201-0	SPK0029	Interrupted	201	65	просто--	просто--	linguistic	_	Interrupted=Yes	Begin=208.0|End=208.24
202-0	SPK0030	Continuing	202	66	Ал	Ал	linguistic	_	_	Begin=208.528
202-1	SPK0030	Continuing	202	66	нені	нені	linguistic	_	_	_
202-2	SPK0030	Continuing	202	66	көрдің	көрдің	linguistic	_	_	_
202-3	SPK0030	Continuing	202	66	ба	ба	linguistic	_	_	End=209.29
203-0	SPK0030	Rising	203	66	самый	самый	linguistic	_	_	Begin=209.29
203-1	SPK0030	Rising	203	66	бірінші	бірінші	linguistic	_	_	_
203-2	SPK0030	Rising	203	66	Мстительді	Мстительді	linguistic	_	_	End=210.618
204-0	SPK0029	Rising	204	67	Қайсысы?	Қайсысы	linguistic	_	_	Begin=211.83|End=212.02
205-0	SPK0029	Rising	205	67	Ішінде	Ішінде	linguistic	_	_	Begin=212.06
205-1	SPK0029	Rising	205	67	не	не	linguistic	_	_	_
205-2	SPK0029	Rising	205	67	бар	бар	linguistic	_	_	End=213.017
206-0	SPK0030	Continuing	206	68	Который	Который	linguistic	_	_	Begin=212.647
206-1	SPK0030	Continuing	206	68	ішінде	ішінде	linguistic	_	_	End=213.014
207-0	SPK0030	Interrupted	207	68	Локи	Локи	linguistic	_	_	Begin=213.014
207-1	SPK0030	Interrupted	207	68	келеді	келеді	linguistic	_	_	_
207-2	SPK0030	Interrupted	207	68	да--	да--	linguistic	_	Interrupted=Yes	End=214.112
208-0	SPK0029	Continuing	208	69	Иә,	Иә	linguistic	_	_	Begin=214.169|End=214.619
209-0	SPK0029	Continuing	209	69	көрдім	көрдім	linguistic	_	_	Begin=214.619|End=214.83
210-0	SPK0029	Falling	210	69	көрдім	көрдім	linguistic	_	_	Begin=214.915|End=215.154
211-0	SPK0030	Continuing	211	70	Халк	Халк	linguistic	_	_	Begin=215.698
211-1	SPK0030	Continuing	211	70	туралы	туралы	linguistic	_	_	_
211-2	SPK0030	Continuing	211	70	көрдің	көрдің	linguistic	_	_	_
211-3	SPK0030	Continuing	211	70	ба	ба	linguistic	_	_	End=216.55
212-0	SPK0030	Rising	212	70	бұрынғы:	бұрынғы	linguistic	_	Prolongation=6	Begin=216.55
212-1	SPK0030	Rising	212	70	фильм	фильм	linguistic	_	_	End=217.399
213-0	SPK0029	Falling	213	71	Жоқ,	Жоқ	linguistic	_	_	Begin=217.005
213-1	SPK0029	Falling	213	71	Халкты	Халкты	linguistic	_	_	_
213-2	SPK0029	Falling	213	71	көрген	көрген	linguistic	_	_	_
213-3	SPK0029	Falling	213	71	жоқпын	жоқпын	linguistic	_	_	End=218.1
214-0	SPK0030	Rising	214	72	Ал	Ал	linguistic	_	_	Begin=217.952
214-1	SPK0030	Rising	214	72	Тордың	Тордың	linguistic	_	_	_
214-2	SPK0030	Rising	214	72	үшінші	үшінші	linguistic	_	_	_
214-3	SPK0030	Rising	214	72	фильмді	фильмді	linguistic	_	_	_
214-4	SPK0030	Rising	214	72	көрдің	көрдің	linguistic	_	_	_
214-5	SPK0030	Rising	214	72	ба	ба	linguistic	_	_	End=219.263
215-0	SPK0029	Falling	215	73	Тордың	Тордың	linguistic	_	_	Begin=219.359
215-1	SPK0029	Falling	215	73	үшінші	үшінші	linguistic	_	_	_
215-2	SPK0029	Falling	215	73	фильмді	фильмді	linguistic	_	_	_
215-3	SPK0029	Falling	215	73	көрдім	көрдім	linguistic	_	_	End=219.877
216-0	SPK0030	Continuing	216	74	Тағы	Тағы	linguistic	_	_	Begin=220.464
216-1	SPK0030	Continuing	216	74	не	не	linguistic	_	_	_
216-2	SPK0030	Continuing	216	74	айтайын	айтайын	linguistic	_	_	End=221.448
217-0	SPK0030	Continuing	217	74	Тағы	Тағы	linguistic	_	_	Begin=222.239
217-1	SPK0030	Continuing	217	74	қайсысы	қайсысы	linguistic	_	_	_
217-2	SPK0030	Continuing	217	74	бар	бар	linguistic	_	_	_
217-3	SPK0030	Continuing	217	74	еді	еді	linguistic	_	_	End=223.35
218-0	SPK0030	undefined	218	74	(Н)	(Н)	linguistic	_	_	Begin=223.71|End=223.92
219-0	SPK0030	undefined	219	74	Звездны–	Звездны–	linguistic	_	_	Begin=224.11|End=224.43
220-0	SPK0030	undefined	220	74	Жоқ,	Жоқ	linguistic	_	_	Begin=224.43
220-1	SPK0030	undefined	220	74	Звездные	Звездные	linguistic	_	_	_
220-2	SPK0030	undefined	220	74	воины:	воины	linguistic	_	Prolongation=4	End=225.89
221-0	SPK0029	Continuing	221	75	Анау	Анау	linguistic	_	_	Begin=224.97
221-1	SPK0029	Continuing	221	75	новыйлар	новыйлар	linguistic	_	_	_
221-2	SPK0029	Continuing	221	75	шықты	шықты	linguistic	_	_	_
221-3	SPK0029	Continuing	221	75	ғой	ғой	linguistic	_	_	End=226.18
222-0	SPK0029	Continuing	222	75	мураве:й	муравей	linguistic	_	Prolongation=5	Begin=226.18|End=226.732
223-0	SPK0029	undefined	223	75	анау-мынау:	анау-мынау	linguistic	_	Prolongation=9	Begin=226.732|End=227.873
224-0	SPK0030	Continuing	224	76	А,	А	linguistic	_	_	Begin=227.54|End=227.859
225-0	SPK0030	Rising	225	76	Человек-Муравей	Человек-Муравей	linguistic	_	_	Begin=227.859
225-1	SPK0030	Rising	225	76	и	и	linguistic	_	_	_
225-2	SPK0030	Rising	225	76	Оса	Оса	linguistic	_	_	_
225-3	SPK0030	Rising	225	76	ма?	ма	linguistic	_	_	End=229.14
226-0	SPK0030	Falling	226	76	Мен	Мен	linguistic	_	_	Begin=229.14
226-1	SPK0030	Falling	226	76	оны	оны	linguistic	_	_	_
226-2	SPK0030	Falling	226	76	көрген	көрген	linguistic	_	_	_
226-3	SPK0030	Falling	226	76	жоқпын	жоқпын	linguistic	_	_	_
226-4	SPK0030	Falling	226	76	тоже	тоже	linguistic	_	_	End=230.203
227-0	SPK0029	Continuing	227	77	Мен	Мен	linguistic	_	_	Begin=230.03
227-1	SPK0029	Continuing	227	77	нені	нені	linguistic	_	_	End=230.54
228-0	SPK0029	Falling	228	77	Черная	Черная	linguistic	_	_	Begin=230.684
228-1	SPK0029	Falling	228	77	Пантера	Пантера	linguistic	_	_	_
228-2	SPK0029	Falling	228	77	көрдім	көрдім	linguistic	_	_	End=231.818
229-0	SPK0030	Continuing	229	78	А,	А	linguistic	_	_	Begin=232.0|End=232.55
230-0	SPK0030	Falling	230	78	оны	оны	linguistic	_	_	Begin=232.55
230-1	SPK0030	Falling	230	78	мен	мен	linguistic	_	_	_
230-2	SPK0030	Falling	230	78	де	де	linguistic	_	_	_
230-3	SPK0030	Falling	230	78	көрдім	көрдім	linguistic	_	_	End=233.36
231-0	SPK0030	Continuing	231	79	Черный	Черный	linguistic	_	_	Begin=233.36
231-1	SPK0030	Continuing	231	79	Пантераның	Пантераның	linguistic	_	_	_
231-2	SPK0030	Continuing	231	79	актері	актері	linguistic	_	_	_
231-3	SPK0030	Continuing	231	79	өліп	өліп	linguistic	_	_	_
231-4	SPK0030	Continuing	231	79	қалды	қалды	linguistic	_	_	End=234.69
232-0	SPK0030	Falling	232	79	ол	ол	linguistic	_	_	Begin=234.69
232-1	SPK0030	Falling	232	79	да	да	linguistic	_	_	_
232-2	SPK0030	Falling	232	79	кетті	кетті	linguistic	_	_	_
232-3	SPK0030	Falling	232	79	наверное	наверное	linguistic	_	_	End=235.756
233-0	SPK0030	Interrupted	233	80	Алып	Алып	linguistic	_	_	Begin=236.13
233-1	SPK0030	Interrupted	233	80	тастады	тастады	linguistic	_	_	_
233-2	SPK0030	Interrupted	233	80	ғой--	ғой--	linguistic	_	Interrupted=Yes	End=237.148
234-0	SPK0029	Continuing	234	81	Иә,	Иә	linguistic	_	_	Begin=236.557|End=236.973
235-0	SPK0029	Falling	235	81	####	####	unknown	_	_	Begin=237.555
235-1	SPK0029	Falling	235	81	точно.	точно	linguistic	_	_	End=237.807
236-0	SPK0030	Falling	236	82	иә.	иә	linguistic	_	_	Begin=237.873|End=238.133
237-0	SPK0029	undefined	237	_	@@	@@	linguistic	_	_	Begin=239.574|End=239.968
238-0	SPK0030	undefined	238	_	@@	@@	linguistic	_	_	Begin=239.601|End=240.155
239-0	SPK0030	Continuing	239	83	Не	Не	linguistic	_	_	Begin=240.957
239-1	SPK0030	Continuing	239	83	ғой,	ғой	linguistic	_	_	End=241.75
240-0	SPK0030	Continuing	240	83	не	не	linguistic	_	_	Begin=241.904
240-1	SPK0030	Continuing	240	83	айтайын	айтайын	linguistic	_	_	_
240-2	SPK0030	Continuing	240	83	деп	деп	linguistic	_	_	_
240-3	SPK0030	Continuing	240	83	едім	едім	linguistic	_	_	End=242.76
241-0	SPK0030	undefined	241	83	Звездные	Звездные	linguistic	_	_	Begin=243.02
241-1	SPK0030	undefined	241	83	Воиныға	Воиныға	linguistic	_	_	End=244.37
242-0	SPK0030	Continuing	242	83	ұқсайтын	ұқсайтын	linguistic	_	_	Begin=244.37
242-1	SPK0030	Continuing	242	83	аты	аты	linguistic	_	_	_
242-2	SPK0030	Continuing	242	83	қалай	қалай	linguistic	_	_	End=245.21
243-0	SPK0030	Falling	243	83	есіме	есіме	linguistic	_	_	Begin=245.35
243-1	SPK0030	Falling	243	83	түспей	түспей	linguistic	_	_	_
243-2	SPK0030	Falling	243	83	тұр	тұр	linguistic	_	_	End=246.13
244-0	SPK0029	Falling	244	84	Стражи	Стражи	linguistic	_	_	Begin=246.21
244-1	SPK0029	Falling	244	84	Галактики.	Галактики	linguistic	_	_	End=247.2
245-0	SPK0030	Continuing	245	85	А	А	linguistic	_	_	Begin=247.41
245-1	SPK0030	Continuing	245	85	да	да	linguistic	_	_	End=247.62
246-0	SPK0030	Rising	246	85	Стражи	Стражи	linguistic	_	_	Begin=247.62
246-1	SPK0030	Rising	246	85	Галактики	Галактики	linguistic	_	_	_
246-2	SPK0030	Rising	246	85	көрдің	көрдің	linguistic	_	_	_
246-3	SPK0030	Rising	246	85	ба	ба	linguistic	_	_	End=249.325
247-0	SPK0029	Falling	247	86	Біреуін	Біреуін	linguistic	_	_	Begin=248.83
247-1	SPK0029	Falling	247	86	ғана	ғана	linguistic	_	_	_
247-2	SPK0029	Falling	247	86	көрдім	көрдім	linguistic	_	_	End=249.812
248-0	SPK0030	Continuing	248	87	По	По	linguistic	_	_	Begin=250.393
248-1	SPK0030	Continuing	248	87	идее	идее	linguistic	_	_	End=250.95
249-0	SPK0030	Continuing	249	87	қатты	қатты	linguistic	_	_	Begin=250.95
249-1	SPK0030	Continuing	249	87	қызық	қызық	linguistic	_	_	_
249-2	SPK0030	Continuing	249	87	емес,	емес	linguistic	_	_	End=251.5
250-0	SPK0030	Continuing	250	87	просто,	просто	linguistic	_	_	Begin=251.5|End=252.03
251-0	SPK0030	Falling	251	87	для	для	linguistic	_	_	Begin=252.03
251-1	SPK0030	Falling	251	87	прикола	прикола	linguistic	_	_	_
251-2	SPK0030	Falling	251	87	түсірген	түсірген	linguistic	_	_	_
251-3	SPK0030	Falling	251	87	сияқты	сияқты	linguistic	_	_	End=253.015
252-0	SPK0029	Falling	252	88	Маған	Маған	linguistic	_	_	Begin=252.629
252-1	SPK0029	Falling	252	88	да	да	linguistic	_	_	_
252-2	SPK0029	Falling	252	88	ұнамай	ұнамай	linguistic	_	_	_
252-3	SPK0029	Falling	252	88	қалды	қалды	linguistic	_	_	_
252-4	SPK0029	Falling	252	88	особо	особо	linguistic	_	_	End=254.184
253-0	SPK0030	Continuing	253	89	Андай	Андай	linguistic	_	_	Begin=253.26
253-1	SPK0030	Continuing	253	89	ше	ше	linguistic	_	_	End=253.809
254-0	SPK0030	Interrupted	254	90	прикольчик--	прикольчик--	linguistic	_	Interrupted=Yes	Begin=254.057|End=254.784
255-0	SPK0029	Continuing	255	91	просто,	просто	linguistic	_	_	Begin=254.568|End=254.95
256-0	SPK0029	Interrupted	256	91	прикольчик--	прикольчик--	linguistic	_	Interrupted=Yes	Begin=254.95|End=255.592
257-0	SPK0030	Continuing	257	92	Иә,	Иә	linguistic	_	_	Begin=255.362|End=255.669
258-0	SPK0030	Falling	258	92	по	по	linguistic	_	_	Begin=255.971
258-1	SPK0030	Falling	258	92	приколу	приколу	linguistic	_	_	_
258-2	SPK0030	Falling	258	92	түсірген	түсірген	linguistic	_	_	_
258-3	SPK0030	Falling	258	92	ғой	ғой	linguistic	_	_	End=256.845
259-0	SPK0030	Falling	259	93	Со:л.	Сол	linguistic	_	Prolongation=1	Begin=257.577|End=258.3
260-0	SPK0030	Falling	260	93	дейді	дейді	linguistic	_	_	Begin=258.547
260-1	SPK0030	Falling	260	93	ғой	ғой	linguistic	_	_	End=259.096
261-0	SPK0030	Continuing	261	94	Не	Не	linguistic	_	_	Begin=259.41
261-1	SPK0030	Continuing	261	94	ғой,	ғой	linguistic	_	_	End=259.93
262-0	SPK0030	Continuing	262	94	біз,	біз	linguistic	_	_	Begin=259.93|End=260.426
263-0	SPK0030	Continuing	263	94	путевканы	путевканы	linguistic	_	_	Begin=260.693|End=261.35
264-0	SPK0030	Rising	264	94	он	он	linguistic	_	_	Begin=261.35
264-1	SPK0030	Rising	264	94	үші	үші	linguistic	_	_	_
264-2	SPK0030	Rising	264	94	күнге	күнге	linguistic	_	_	_
264-3	SPK0030	Rising	264	94	алдық	алдық	linguistic	_	_	_
264-4	SPK0030	Rising	264	94	па	па	linguistic	_	_	End=262.576
265-0	SPK0029	Rising	265	95	Қай	Қай	linguistic	_	_	Begin=262.676
265-1	SPK0029	Rising	265	95	путевка	путевка	linguistic	_	_	End=263.59
266-0	SPK0030	Continuing	266	96	Августта	Августта	linguistic	_	_	Begin=263.788|End=264.701
267-0	SPK0030	Continuing	267	96	анау	анау	linguistic	_	_	Begin=264.72|End=264.99
268-0	SPK0030	Continuing	268	96	немеге	немеге	linguistic	_	_	Begin=265.102
268-1	SPK0030	Continuing	268	96	баратындар	баратындар	linguistic	_	_	End=265.985
269-0	SPK0030	Rising	269	96	әже	әже	linguistic	_	_	Begin=265.985
269-1	SPK0030	Rising	269	96	нелермен	нелермен	linguistic	_	_	End=266.959
270-0	SPK0029	Continuing	270	97	Ааа,	Ааа	linguistic	_	_	Begin=267.154|End=268.074
271-0	SPK0029	Continuing	271	97	он	он	linguistic	_	_	Begin=268.732
271-1	SPK0029	Continuing	271	97	үші	үші	linguistic	_	_	End=269.45
272-0	SPK0029	Continuing	272	97	он	он	linguistic	_	_	Begin=269.45
272-1	SPK0029	Continuing	272	97	екісі	екісі	linguistic	_	_	End=269.95
273-0	SPK0029	Continuing	273	97	он	он	linguistic	_	_	Begin=269.95
273-1	SPK0029	Continuing	273	97	төрт-	төрт-	linguistic	_	Interrupted=Yes	_
273-2	SPK0029	Continuing	273	97	ой,	ой	linguistic	_	_	End=270.61
274-0	SPK0029	Continuing	274	97	он	он	linguistic	_	_	Begin=270.61
274-1	SPK0029	Continuing	274	97	үші	үші	linguistic	_	_	End=271.54
275-0	SPK0030	Continuing	275	98	он	он	linguistic	_	_	Begin=271.202
275-1	SPK0030	Continuing	275	98	үші	үші	linguistic	_	_	End=271.85
276-0	SPK0029	Continuing	276	97	он	он	linguistic	_	_	Begin=271.54
276-1	SPK0029	Continuing	276	97	бесіне	бесіне	linguistic	_	_	End=271.93
277-0	SPK0030	Continuing	277	98	он	он	linguistic	_	_	Begin=271.85
277-1	SPK0030	Continuing	277	98	төрті	төрті	linguistic	_	_	End=272.26
278-0	SPK0029	Interrupted	278	97	он	он	linguistic	_	_	Begin=271.93
278-1	SPK0029	Interrupted	278	97	төрті-	төрті-	linguistic	_	Interrupted=Yes	_
278-2	SPK0029	Interrupted	278	97	--	--	linguistic	_	Interrupted=Yes	End=272.816
279-0	SPK0030	Falling	279	98	он	он	linguistic	_	_	Begin=272.26
279-1	SPK0030	Falling	279	98	бесіне	бесіне	linguistic	_	_	_
279-2	SPK0030	Falling	279	98	алдық	алдық	linguistic	_	_	End=272.94
280-0	SPK0030	Interrupted	280	99	Мен	Мен	linguistic	_	_	Begin=273.179
280-1	SPK0030	Interrupted	280	99	наверное--	наверное--	linguistic	_	Interrupted=Yes	End=273.71
281-0	SPK0030	Interrupted	281	99	сендер--	сендер--	linguistic	_	Interrupted=Yes	Begin=273.71|End=274.03
282-0	SPK0030	Continuing	282	100	Маған	Маған	linguistic	_	_	Begin=274.53
282-1	SPK0030	Continuing	282	100	короче	короче	linguistic	_	_	_
282-2	SPK0030	Continuing	282	100	әже	әже	linguistic	_	_	_
282-3	SPK0030	Continuing	282	100	не	не	linguistic	_	_	_
282-4	SPK0030	Continuing	282	100	айтты	айтты	linguistic	_	_	End=275.73
283-0	SPK0030	Continuing	283	100	что	что	linguistic	_	_	Begin=275.73
283-1	SPK0030	Continuing	283	100	мен	мен	linguistic	_	_	_
283-2	SPK0030	Continuing	283	100	біз	біз	linguistic	_	_	_
283-3	SPK0030	Continuing	283	100	короче	короче	linguistic	_	_	End=276.37
284-0	SPK0030	Continuing	284	100	пятница	пятница	linguistic	_	_	Begin=276.37
284-1	SPK0030	Continuing	284	100	күні	күні	linguistic	_	_	_
284-2	SPK0030	Continuing	284	100	түсте	түсте	linguistic	_	_	_
284-3	SPK0030	Continuing	284	100	кетіп	кетіп	linguistic	_	_	_
284-4	SPK0030	Continuing	284	100	қаламыз	қаламыз	linguistic	_	_	_
284-5	SPK0030	Continuing	284	100	деп	деп	linguistic	_	_	End=277.64
285-0	SPK0030	Continuing	285	100	Ал	Ал	linguistic	_	_	Begin=277.73
285-1	SPK0030	Continuing	285	100	мен	мен	linguistic	_	_	_
285-2	SPK0030	Continuing	285	100	пятница,	пятница	linguistic	_	_	End=278.69
286-0	SPK0030	Continuing	286	100	на	на	linguistic	_	_	Begin=278.8
286-1	SPK0030	Continuing	286	100	работе,	работе	linguistic	_	_	End=279.35
287-0	SPK0030	undefined	287	100	и:	и	linguistic	_	Prolongation=0	Begin=279.57|End=280.21
288-0	SPK0030	Interrupted	288	100	кешке	кешке	linguistic	_	_	Begin=280.21
288-1	SPK0030	Interrupted	288	100	келемін--	келемін--	linguistic	_	Interrupted=Yes	End=281.134
289-0	SPK0029	Continuing	289	101	Біз	Біз	linguistic	_	_	Begin=280.83
289-1	SPK0029	Continuing	289	101	кетіп	кетіп	linguistic	_	_	_
289-2	SPK0029	Continuing	289	101	қаламыз	қаламыз	linguistic	_	_	End=281.47
290-0	SPK0029	Falling	290	101	сені	сені	linguistic	_	_	Begin=281.47
290-1	SPK0029	Falling	290	101	күтеді	күтеді	linguistic	_	_	_
290-2	SPK0029	Falling	290	101	әжелер	әжелер	linguistic	_	_	End=282.6
291-0	SPK0030	Rising	291	102	Күтеді	Күтеді	linguistic	_	_	Begin=282.67|End=283.25
292-0	SPK0029	Falling	292	103	Күтеді	Күтеді	linguistic	_	_	Begin=283.38|End=283.67
293-0	SPK0030	Rising	293	104	Ал	Ал	linguistic	_	_	Begin=283.925
293-1	SPK0030	Rising	293	104	сендер	сендер	linguistic	_	_	_
293-2	SPK0030	Rising	293	104	кіммен	кіммен	linguistic	_	_	_
293-3	SPK0030	Rising	293	104	кетесіңдер	кетесіңдер	linguistic	_	_	End=284.705
294-0	SPK0029	Continuing	294	103	¬Алмас	Алмас	linguistic	_	Anonymized=Yes	Begin=284.81
294-1	SPK0029	Continuing	294	103	аға,	аға	linguistic	_	_	End=285.45
295-0	SPK0029	Continuing	295	103	мен,	мен	linguistic	_	_	Begin=285.45|End=285.71
296-0	SPK0029	Continuing	296	103	¬Нұрхан,	Нұрхан	linguistic	_	Anonymized=Yes	Begin=285.71|End=286.49
297-0	SPK0029	Continuing	297	103	апа,	апа	linguistic	_	_	Begin=286.49|End=287.15
298-0	SPK0029	Continuing	298	103	төртеуіміз	төртеуіміз	linguistic	_	_	Begin=287.15
298-1	SPK0029	Continuing	298	103	кетіп	кетіп	linguistic	_	_	_
298-2	SPK0029	Continuing	298	103	қаламыз	қаламыз	linguistic	_	_	End=288.421
299-0	SPK0029	Interrupted	299	103	ал	ал	linguistic	_	_	Begin=288.51
299-1	SPK0029	Interrupted	299	103	сендер	сендер	linguistic	_	_	_
299-2	SPK0029	Interrupted	299	103	әжелермен	әжелермен	linguistic	_	_	_
299-3	SPK0029	Interrupted	299	103	кешке--	кешке--	linguistic	_	Interrupted=Yes	End=289.53
300-0	SPK0030	Continuing	300	105	Просто	Просто	linguistic	_	_	Begin=289.351
300-1	SPK0030	Continuing	300	105	папа	папа	linguistic	_	_	_
300-2	SPK0030	Continuing	300	105	маған	маған	linguistic	_	_	_
300-3	SPK0030	Continuing	300	105	айтқан	айтқан	linguistic	_	_	End=290.272
301-0	SPK0030	Continuing	301	105	мен	мен	linguistic	_	_	Begin=290.272
301-1	SPK0030	Continuing	301	105	сені	сені	linguistic	_	_	_
301-2	SPK0030	Continuing	301	105	таксист	таксист	linguistic	_	_	_
301-3	SPK0030	Continuing	301	105	ағаға	ағаға	linguistic	_	_	_
301-4	SPK0030	Continuing	301	105	салып	салып	linguistic	_	_	_
301-5	SPK0030	Continuing	301	105	жібере	жібере	linguistic	_	_	_
301-6	SPK0030	Continuing	301	105	аламыз	аламыз	linguistic	_	_	End=291.762
302-0	SPK0030	Interrupted	302	105	если	если	linguistic	_	_	Begin=291.762
302-1	SPK0030	Interrupted	302	105	кешке	кешке	linguistic	_	_	_
302-2	SPK0030	Interrupted	302	105	просто	просто	linguistic	_	_	_
302-3	SPK0030	Interrupted	302	105	шықсаңдар--	шықсаңдар--	linguistic	_	Interrupted=Yes	End=293.077
303-0	SPK0029	Continuing	303	106	Таксимен	Таксимен	linguistic	_	_	Begin=293.65
303-1	SPK0029	Continuing	303	106	ол	ол	linguistic	_	_	End=294.44
304-0	SPK0029	Continuing	304	106	қобалжиді	қобалжиді	linguistic	_	_	Begin=294.44
304-1	SPK0029	Continuing	304	106	ғой,	ғой	linguistic	_	_	End=295.45
305-0	SPK0030	Continuing	305	107	Жоқ	Жоқ	linguistic	_	_	Begin=294.89
305-1	SPK0030	Continuing	305	107	әжеге	әжеге	linguistic	_	_	_
305-2	SPK0030	Continuing	305	107	күтіседі	күтіседі	linguistic	_	_	End=295.89
306-0	SPK0029	Continuing	306	106	кімнің	кімнің	linguistic	_	_	Begin=295.45
306-1	SPK0029	Continuing	306	106	қай	қай	linguistic	_	_	_
306-2	SPK0029	Continuing	306	106	жерде	жерде	linguistic	_	_	_
306-3	SPK0029	Continuing	306	106	екенін	екенін	linguistic	_	_	_
306-4	SPK0029	Continuing	306	106	білмейді	білмейді	linguistic	_	_	_
306-5	SPK0029	Continuing	306	106	ғой	ғой	linguistic	_	_	End=296.562
307-0	SPK0030	Continuing	307	107	хорошо	хорошо	linguistic	_	_	Begin=295.89|End=296.475
308-0	SPK0030	Falling	308	107	бөтен	бөтен	linguistic	_	_	Begin=296.62
308-1	SPK0030	Falling	308	107	кісі	кісі	linguistic	_	_	_
308-2	SPK0030	Falling	308	107	емес	емес	linguistic	_	_	_
308-3	SPK0030	Falling	308	107	өзімізбен	өзімізбен	linguistic	_	_	_
308-4	SPK0030	Falling	308	107	барады	барады	linguistic	_	_	End=298.108
309-0	SPK0029	Rising	309	106	Мама	Мама	linguistic	_	_	Begin=296.76
309-1	SPK0029	Rising	309	106	өзі	өзі	linguistic	_	_	_
309-2	SPK0029	Rising	309	106	барады	барады	linguistic	_	_	_
309-3	SPK0029	Rising	309	106	ма	ма	linguistic	_	_	End=297.73
310-0	SPK0029	Interrupted	310	106	Мамасы--	Мамасы--	linguistic	_	Interrupted=Yes	Begin=298.32|End=299.08
311-0	SPK0030	Continuing	311	108	Жақсы	Жақсы	linguistic	_	_	Begin=298.55
311-1	SPK0030	Continuing	311	108	болды	болды	linguistic	_	_	_
311-2	SPK0030	Continuing	311	108	ғой	ғой	linguistic	_	_	End=299.41
312-0	SPK0030	Continuing	312	108	жұппен	жұппен	linguistic	_	_	Begin=299.41
312-1	SPK0030	Continuing	312	108	барамыз	барамыз	linguistic	_	_	_
312-2	SPK0030	Continuing	312	108	де:п	деп	linguistic	_	Prolongation=1	End=300.24
313-0	SPK0030	Continuing	313	108	қойсаң	қойсаң	linguistic	_	_	Begin=300.24
313-1	SPK0030	Continuing	313	108	иә	иә	linguistic	_	_	End=300.69
314-0	SPK0030	undefined	314	108	@@@	@@@	linguistic	_	_	Begin=300.69|End=302.04
315-0	SPK0029	Continuing	315	109	де:п	деп	linguistic	_	Prolongation=1	Begin=301.297|End=302.161
316-0	SPK0029	Falling	316	109	ойлап	ойлап	linguistic	_	_	Begin=302.482
316-1	SPK0029	Falling	316	109	отырғаның	отырғаның	linguistic	_	_	_
316-2	SPK0029	Falling	316	109	қарасайшы	қарасайшы	linguistic	_	_	End=303.647
317-0	SPK0030	Continuing	317	110	Мәә,	Мәә	linguistic	_	_	Begin=303.0|End=303.9
318-0	SPK0030	Continuing	318	110	жақсылап	жақсылап	linguistic	_	_	Begin=303.927
318-1	SPK0030	Continuing	318	110	суға	суға	linguistic	_	_	_
318-2	SPK0030	Continuing	318	110	түсу	түсу	linguistic	_	_	_
318-3	SPK0030	Continuing	318	110	керек	керек	linguistic	_	_	End=305.075
319-0	SPK0030	Continuing	319	110	а	а	linguistic	_	_	Begin=305.075
319-1	SPK0030	Continuing	319	110	оған	оған	linguistic	_	_	_
319-2	SPK0030	Continuing	319	110	дейін	дейін	linguistic	_	_	End=306.116
320-0	SPK0030	Rising	320	110	ешқандай	ешқандай	linguistic	_	_	Begin=306.116
320-1	SPK0030	Rising	320	110	ыстық	ыстық	linguistic	_	_	_
320-2	SPK0030	Rising	320	110	суға	суға	linguistic	_	_	_
320-3	SPK0030	Rising	320	110	бармаймыз	бармаймыз	linguistic	_	_	_
320-4	SPK0030	Rising	320	110	ба	ба	linguistic	_	_	End=307.366
321-0	SPK0030	Falling	321	111	Анау	Анау	linguistic	_	_	Begin=307.743
321-1	SPK0030	Falling	321	111	Самал	Самал	linguistic	_	_	_
321-2	SPK0030	Falling	321	111	жақта	жақта	linguistic	_	_	_
321-3	SPK0030	Falling	321	111	пляж	пляж	linguistic	_	_	_
321-4	SPK0030	Falling	321	111	бар	бар	linguistic	_	_	_
321-5	SPK0030	Falling	321	111	дейді	дейді	linguistic	_	_	_
321-6	SPK0030	Falling	321	111	ғой	ғой	linguistic	_	_	End=309.732
322-0	SPK0029	Falling	322	112	Бассейн.	Бассейн	linguistic	_	_	Begin=308.363|End=309.142
323-0	SPK0030	Rising	323	113	Что	Что	linguistic	_	_	Begin=310.0
323-1	SPK0030	Rising	323	113	за	за	linguistic	_	_	_
323-2	SPK0030	Rising	323	113	бассейн	бассейн	linguistic	_	_	End=310.901
324-0	SPK0029	Continuing	324	114	Самалға	Самалға	linguistic	_	_	Begin=310.29
324-1	SPK0029	Continuing	324	114	может	может	linguistic	_	_	_
324-2	SPK0029	Continuing	324	114	барамыз	барамыз	linguistic	_	_	End=311.61
325-0	SPK0029	Rising	325	114	¬Аружандармен?	Аружандармен	linguistic	_	Anonymized=Yes	Begin=311.61|End=312.276
326-0	SPK0030	Rising	326	115	Самалға	Самалға	linguistic	_	_	Begin=312.27
326-1	SPK0030	Rising	326	115	бір	бір	linguistic	_	_	_
326-2	SPK0030	Rising	326	115	рет	рет	linguistic	_	_	_
326-3	SPK0030	Rising	326	115	барайықшы	барайықшы	linguistic	_	_	End=313.4
327-0	SPK0029	Falling	327	116	Барайық	Барайық	linguistic	_	_	Begin=313.437|End=314.029
328-0	SPK0030	Continuing	328	117	А	А	linguistic	_	_	Begin=314.77
328-1	SPK0030	Continuing	328	117	потом	потом	linguistic	_	_	_
328-2	SPK0030	Continuing	328	117	енді,	енді	linguistic	_	_	End=315.375
329-0	SPK0030	Continuing	329	117	Күршімге	Күршімге	linguistic	_	_	Begin=315.375
329-1	SPK0030	Continuing	329	117	барамыз	барамыз	linguistic	_	_	_
329-2	SPK0030	Continuing	329	117	ғо:й	ғой	linguistic	_	Prolongation=1	End=317.116
330-0	SPK0030	Continuing	330	117	Күршімге	Күршімге	linguistic	_	_	Begin=317.116|End=318.181
331-0	SPK0030	Interrupted	331	117	Күршім--	Күршім--	linguistic	_	Interrupted=Yes	Begin=318.181|End=318.427
332-0	SPK0029	Rising	332	118	Күршімде	Күршімде	linguistic	_	_	Begin=318.308
332-1	SPK0029	Rising	332	118	суға	суға	linguistic	_	_	_
332-2	SPK0029	Rising	332	118	түсіп	түсіп	linguistic	_	_	_
332-3	SPK0029	Rising	332	118	үлгереміз	үлгереміз	linguistic	_	_	_
332-4	SPK0029	Rising	332	118	ба:	ба	linguistic	_	Prolongation=1	End=319.573
333-0	SPK0030	Continuing	333	119	Или	Или	linguistic	_	_	Begin=320.051
333-1	SPK0030	Continuing	333	119	хотя	хотя	linguistic	_	_	_
333-2	SPK0030	Continuing	333	119	бы	бы	linguistic	_	_	_
333-3	SPK0030	Continuing	333	119	окунуться	окунуться	linguistic	_	_	_
333-4	SPK0030	Continuing	333	119	бір	бір	linguistic	_	_	_
333-5	SPK0030	Continuing	333	119	рет,	рет	linguistic	_	_	End=321.766
334-0	SPK0030	Falling	334	119	болды	болды	linguistic	_	_	Begin=321.766|End=322.365
335-0	SPK0030	Falling	335	120	Күршімге	Күршімге	linguistic	_	_	Begin=323.352
335-1	SPK0030	Falling	335	120	барамыз	барамыз	linguistic	_	_	_
335-2	SPK0030	Falling	335	120	короче	короче	linguistic	_	_	End=324.389
336-0	SPK0030	Continuing	336	121	Біз	Біз	linguistic	_	_	Begin=324.389
336-1	SPK0030	Continuing	336	121	Күршімге	Күршімге	linguistic	_	_	_
336-2	SPK0030	Continuing	336	121	барғанда	барғанда	linguistic	_	_	End=325.61
337-0	SPK0030	Rising	337	121	Күршімнің	Күршімнің	linguistic	_	_	Begin=325.61
337-1	SPK0030	Rising	337	121	өзіне	өзіне	linguistic	_	_	_
337-2	SPK0030	Rising	337	121	барамыз	барамыз	linguistic	_	_	_
337-3	SPK0030	Rising	337	121	ба	ба	linguistic	_	_	_
337-4	SPK0030	Rising	337	121	или	или	linguistic	_	_	_
337-5	SPK0030	Rising	337	121	Қойғанға	Қойғанға	linguistic	_	_	_
337-6	SPK0030	Rising	337	121	барамыз	барамыз	linguistic	_	_	_
337-7	SPK0030	Rising	337	121	ба	ба	linguistic	_	_	End=327.324
338-0	SPK0029	Falling	338	122	Топтерекке	Топтерекке	linguistic	_	_	Begin=327.754|End=328.606
339-0	SPK0030	Interrupted	339	123	Ойбо:й--	Ойбой--	linguistic	_	Interrupted=Yes|Prolongation=3	Begin=328.636|End=329.558
340-0	SPK0029	Rising	340	124	Қалғанды	Қалғанды	linguistic	_	_	Begin=329.584
340-1	SPK0029	Rising	340	124	не	не	linguistic	_	_	_
340-2	SPK0029	Rising	340	124	іздеп	іздеп	linguistic	_	_	_
340-3	SPK0029	Rising	340	124	тұрсың	тұрсың	linguistic	_	_	End=330.948
341-0	SPK0030	Rising	341	125	Суға	Суға	linguistic	_	_	Begin=331.649
341-1	SPK0030	Rising	341	125	қай	қай	linguistic	_	_	_
341-2	SPK0030	Rising	341	125	жерге	жерге	linguistic	_	_	_
341-3	SPK0030	Rising	341	125	түсеміз	түсеміз	linguistic	_	_	_
341-4	SPK0030	Rising	341	125	онда	онда	linguistic	_	_	End=332.834
342-0	SPK0029	Falling	342	126	Бар	Бар	linguistic	_	_	Begin=333.444
342-1	SPK0029	Falling	342	126	ғой.	ғой	linguistic	_	_	End=334.121
343-0	SPK0030	Falling	343	127	Білмеймін	Білмеймін	linguistic	_	_	Begin=334.802|End=335.386
344-0	SPK0030	Continuing	344	128	Күршім	Күршім	linguistic	_	_	Begin=335.532
344-1	SPK0030	Continuing	344	128	су	су	linguistic	_	_	_
344-2	SPK0030	Continuing	344	128	ағынды	ағынды	linguistic	_	_	_
344-3	SPK0030	Continuing	344	128	ғой	ғой	linguistic	_	_	End=336.558
345-0	SPK0030	Continuing	345	128	мына	мына	linguistic	_	_	Begin=336.597
345-1	SPK0030	Continuing	345	128	жерге	жерге	linguistic	_	_	_
345-2	SPK0030	Continuing	345	128	түсе	түсе	linguistic	_	_	_
345-3	SPK0030	Continuing	345	128	алайық	алайық	linguistic	_	_	_
345-4	SPK0030	Continuing	345	128	құйған	құйған	linguistic	_	_	End=338.116
346-0	SPK0030	Falling	346	128	песоктан	песоктан	linguistic	_	_	Begin=338.116|End=338.409
347-0	SPK0029	Falling	347	129	Папа	Папа	linguistic	_	_	Begin=338.562
347-1	SPK0029	Falling	347	129	апарса	апарса	linguistic	_	_	_
347-2	SPK0029	Falling	347	129	бір	бір	linguistic	_	_	_
347-3	SPK0029	Falling	347	129	жерге	жерге	linguistic	_	_	_
347-4	SPK0029	Falling	347	129	барамыз	барамыз	linguistic	_	_	End=340.194
348-0	SPK0029	Falling	348	129	Папа	Папа	linguistic	_	_	Begin=340.194
348-1	SPK0029	Falling	348	129	біледі	біледі	linguistic	_	_	_
348-2	SPK0029	Falling	348	129	ғой	ғой	linguistic	_	_	_
348-3	SPK0029	Falling	348	129	оны	оны	linguistic	_	_	End=340.77
349-0	SPK0030	Continuing	349	130	Мен	Мен	linguistic	_	_	Begin=340.922
349-1	SPK0030	Continuing	349	130	вообще	вообще	linguistic	_	_	_
349-2	SPK0030	Continuing	349	130	түскен	түскен	linguistic	_	_	_
349-3	SPK0030	Continuing	349	130	жоқпын	жоқпын	linguistic	_	_	_
349-4	SPK0030	Continuing	349	130	осы	осы	linguistic	_	_	_
349-5	SPK0030	Continuing	349	130	жерде	жерде	linguistic	_	_	End=342.389
350-0	SPK0030	Continuing	350	130	маған	маған	linguistic	_	_	Begin=342.389
350-1	SPK0030	Continuing	350	130	после	после	linguistic	_	_	_
350-2	SPK0030	Continuing	350	130	операции,	операции	linguistic	_	_	End=344.155
351-0	SPK0030	Falling	351	130	еще	еще	linguistic	_	_	Begin=344.155
351-1	SPK0030	Falling	351	130	әлі	әлі	linguistic	_	_	_
351-2	SPK0030	Falling	351	130	болмайды	болмайды	linguistic	_	_	_
351-3	SPK0030	Falling	351	130	ғой	ғой	linguistic	_	_	_
351-4	SPK0030	Falling	351	130	көздерге	көздерге	linguistic	_	_	End=344.937
352-0	SPK0030	Continuing	352	131	После	После	linguistic	_	_	Begin=344.937
352-1	SPK0030	Continuing	352	131	операции	операции	linguistic	_	_	_
352-2	SPK0030	Continuing	352	131	нельзя	нельзя	linguistic	_	_	_
352-3	SPK0030	Continuing	352	131	деп	деп	linguistic	_	_	_
352-4	SPK0030	Continuing	352	131	мен	мен	linguistic	_	_	_
352-5	SPK0030	Continuing	352	131	Алматыда	Алматыда	linguistic	_	_	_
352-6	SPK0030	Continuing	352	131	суға	суға	linguistic	_	_	_
352-7	SPK0030	Continuing	352	131	түсіп	түсіп	linguistic	_	_	_
352-8	SPK0030	Continuing	352	131	алдым	алдым	linguistic	_	_	_
352-9	SPK0030	Continuing	352	131	ғой	ғой	linguistic	_	_	_
352-10	SPK0030	Continuing	352	131	бассейнға	бассейнға	linguistic	_	_	End=347.0
353-0	SPK0029	Rising	353	132	Қашан?	Қашан	linguistic	_	_	Begin=347.209|End=347.491
354-0	SPK0030	Continuing	354	133	Бірақ	Бірақ	linguistic	_	_	Begin=349.352
354-1	SPK0030	Continuing	354	133	мен	мен	linguistic	_	_	_
354-2	SPK0030	Continuing	354	133	сразу,	сразу	linguistic	_	_	End=350.521
355-0	SPK0029	Continuing	355	134	Бес,	Бес	linguistic	_	_	Begin=349.385|End=350.165
356-0	SPK0029	Falling	356	134	болған	болған	linguistic	_	_	Begin=350.165
356-1	SPK0029	Falling	356	134	жоқ	жоқ	linguistic	_	_	_
356-2	SPK0029	Falling	356	134	қой	қой	linguistic	_	_	End=351.205
357-0	SPK0030	Continuing	357	133	сразу	сразу	linguistic	_	_	Begin=350.647
357-1	SPK0030	Continuing	357	133	после	после	linguistic	_	_	_
357-2	SPK0030	Continuing	357	133	бассейна,	бассейна	linguistic	_	_	End=352.714
358-0	SPK0030	Continuing	358	133	ээ,	ээ	linguistic	_	_	Begin=352.714|End=353.103
359-0	SPK0030	Falling	359	133	капли	капли	linguistic	_	_	Begin=353.103
359-1	SPK0030	Falling	359	133	капать	капать	linguistic	_	_	_
359-2	SPK0030	Falling	359	133	еткем	еткем	linguistic	_	_	End=354.792
360-0	SPK0030	Continuing	360	135	Түк	Түк	linguistic	_	_	Begin=355.915
360-1	SPK0030	Continuing	360	135	болған	болған	linguistic	_	_	_
360-2	SPK0030	Continuing	360	135	жоқ	жоқ	linguistic	_	_	_
360-3	SPK0030	Continuing	360	135	вроде	вроде	linguistic	_	_	_
360-4	SPK0030	Continuing	360	135	бы	бы	linguistic	_	_	_
360-5	SPK0030	Continuing	360	135	нормально	нормально	linguistic	_	_	End=357.427
361-0	SPK0030	Continuing	361	135	бірақ	бірақ	linguistic	_	_	Begin=357.659
361-1	SPK0030	Continuing	361	135	по-моему	по-моему	linguistic	_	_	_
361-2	SPK0030	Continuing	361	135	көзімнің	көзімнің	linguistic	_	_	_
361-3	SPK0030	Continuing	361	135	зрение	зрение	linguistic	_	_	_
361-4	SPK0030	Continuing	361	135	сы	сы	linguistic	_	_	_
361-5	SPK0030	Continuing	361	135	әлі	әлі	linguistic	_	_	_
361-6	SPK0030	Continuing	361	135	восстанавливаться	восстанавливаться	linguistic	_	_	_
361-7	SPK0030	Continuing	361	135	еткен	еткен	linguistic	_	_	_
361-8	SPK0030	Continuing	361	135	жоқ	жоқ	linguistic	_	_	End=359.831
362-0	SPK0030	Continuing	362	_	после	после	linguistic	_	_	Begin=359.831
362-1	SPK0030	Continuing	362	_	операции,	операции	linguistic	_	_	End=360.649
363-0	SPK0030	Continuing	363	_	при	при	linguistic	_	_	Begin=360.724
363-1	SPK0030	Continuing	363	_	том	том	linguistic	_	_	_
363-2	SPK0030	Continuing	363	_	что,	что	linguistic	_	_	End=361.441
364-0	SPK0030	Continuing	364	_	если--	если--	linguistic	_	Interrupted=Yes	Begin=361.441
364-1	SPK0030	Continuing	364	_	окулист	окулист	linguistic	_	_	_
364-2	SPK0030	Continuing	364	_	қа	қа	linguistic	_	_	_
364-3	SPK0030	Continuing	364	_	бардым	бардым	linguistic	_	_	_
364-4	SPK0030	Continuing	364	_	ғой	ғой	linguistic	_	_	_
364-5	SPK0030	Continuing	364	_	медосмотрға	медосмотрға	linguistic	_	_	End=363.389
365-0	SPK0030	Continuing	365	_	айттым	айттым	linguistic	_	_	Begin=363.389
365-1	SPK0030	Continuing	365	_	типа	типа	linguistic	_	_	End=364.155
366-0	SPK0030	Continuing	366	_	я	я	linguistic	_	_	Begin=364.155
366-1	SPK0030	Continuing	366	_	после	после	linguistic	_	_	_
366-2	SPK0030	Continuing	366	_	лазерной	лазерной	linguistic	_	_	_
366-3	SPK0030	Continuing	366	_	коррекции	коррекции	linguistic	_	_	_
366-4	SPK0030	Continuing	366	_	деп	деп	linguistic	_	_	End=366.025
367-0	SPK0030	undefined	367	_	и:	и	linguistic	_	Prolongation=0	Begin=366.025|End=366.454
368-0	SPK0030	Continuing	368	_	ана	ана	linguistic	_	_	Begin=366.454
368-1	SPK0030	Continuing	368	_	немелер	немелер	linguistic	_	_	_
368-2	SPK0030	Continuing	368	_	бар	бар	linguistic	_	_	_
368-3	SPK0030	Continuing	368	_	ғой	ғой	linguistic	_	_	End=367.935
369-0	SPK0030	Continuing	369	_	алыста	алыста	linguistic	_	_	Begin=368.915
369-1	SPK0030	Continuing	369	_	тұратын	тұратын	linguistic	_	_	_
369-2	SPK0030	Continuing	369	_	буквалар	буквалар	linguistic	_	_	End=370.323
370-0	SPK0029	Falling	370	136	Әріптер	Әріптер	linguistic	_	_	Begin=370.096|End=370.52
371-0	SPK0030	Continuing	371	_	Иә,	Иә	linguistic	_	_	Begin=370.436|End=370.718
372-0	SPK0030	Continuing	372	_	соған	соған	linguistic	_	_	Begin=370.718
372-1	SPK0030	Continuing	372	_	қарағанда	қарағанда	linguistic	_	_	_
372-2	SPK0030	Continuing	372	_	короче	короче	linguistic	_	_	End=371.701
373-0	SPK0030	Falling	373	_	көзім	көзім	linguistic	_	_	Begin=371.714
373-1	SPK0030	Falling	373	_	бұлдырлап	бұлдырлап	linguistic	_	_	_
373-2	SPK0030	Falling	373	_	түк	түк	linguistic	_	_	_
373-3	SPK0030	Falling	373	_	көрмей	көрмей	linguistic	_	_	_
373-4	SPK0030	Falling	373	_	қалдым	қалдым	linguistic	_	_	End=373.258
374-0	SPK0029	Interrupted	374	137	Қуасың--	Қуасың--	linguistic	_	Interrupted=Yes	Begin=373.548|End=374.172
375-0	SPK0030	Continuing	375	138	Сосын	Сосын	linguistic	_	_	Begin=373.617
375-1	SPK0030	Continuing	375	138	айттым	айттым	linguistic	_	_	_
375-2	SPK0030	Continuing	375	138	иә	иә	linguistic	_	_	End=374.207
376-0	SPK0030	Continuing	376	138	мен	мен	linguistic	_	_	Begin=374.207
376-1	SPK0030	Continuing	376	138	еще	еще	linguistic	_	_	_
376-2	SPK0030	Continuing	376	138	не	не	linguistic	_	_	_
376-3	SPK0030	Continuing	376	138	восстановилась	восстановилась	linguistic	_	_	_
376-4	SPK0030	Continuing	376	138	деп	деп	linguistic	_	_	End=376.301
377-0	SPK0030	Continuing	377	138	сол	сол	linguistic	_	_	Begin=376.88
377-1	SPK0030	Continuing	377	138	короче	короче	linguistic	_	_	End=377.883
378-0	SPK0030	Falling	378	138	сөйтіп	сөйтіп	linguistic	_	_	Begin=377.883
378-1	SPK0030	Falling	378	138	айттым	айттым	linguistic	_	_	End=378.93
379-0	SPK0030	Continuing	379	138	Сосы:н,	Сосын	linguistic	_	Prolongation=3	Begin=380.673|End=381.285
380-0	SPK0030	Continuing	380	138	тағы	тағы	linguistic	_	_	Begin=381.285
380-1	SPK0030	Continuing	380	138	не	не	linguistic	_	_	_
380-2	SPK0030	Continuing	380	138	айтамыз	айтамыз	linguistic	_	_	End=382.676
381-0	SPK0029	Rising	381	139	Суға	Суға	linguistic	_	_	Begin=386.84
381-1	SPK0029	Rising	381	139	барғанда	барғанда	linguistic	_	_	_
381-2	SPK0029	Rising	381	139	не	не	linguistic	_	_	_
381-3	SPK0029	Rising	381	139	аласың	аласың	linguistic	_	_	End=388.388
382-0	SPK0030	Falling	382	138	короче	короче	linguistic	_	_	Begin=387.155
382-1	SPK0030	Falling	382	138	былай	былай	linguistic	_	_	_
382-2	SPK0030	Falling	382	138	да	да	linguistic	_	_	_
382-3	SPK0030	Falling	382	138	келді	келді	linguistic	_	_	_
382-4	SPK0030	Falling	382	138	ғой	ғой	linguistic	_	_	_
382-5	SPK0030	Falling	382	138	былай	былай	linguistic	_	_	_
382-6	SPK0030	Falling	382	138	да	да	linguistic	_	_	End=388.818
383-0	SPK0030	Falling	383	138	Купальник.	Купальник	linguistic	_	_	Begin=389.996|End=391.194
384-0	SPK0029	undefined	384	_	@@	@@	linguistic	_	_	Begin=390.635|End=390.934
385-0	SPK0030	undefined	385	138	@@	@@	linguistic	_	_	Begin=391.194|End=391.677
386-0	SPK0030	Continuing	386	138	Бізде	Бізде	linguistic	_	_	Begin=392.155
386-1	SPK0030	Continuing	386	138	по	по	linguistic	_	_	_
386-2	SPK0030	Continuing	386	138	идее	идее	linguistic	_	_	_
386-3	SPK0030	Continuing	386	138	немене	немене	linguistic	_	_	_
386-4	SPK0030	Continuing	386	138	жоқ	жоқ	linguistic	_	_	End=393.181
387-0	SPK0030	Rising	387	138	білесің	білесің	linguistic	_	_	Begin=393.181
387-1	SPK0030	Rising	387	138	ба	ба	linguistic	_	_	End=393.649
388-0	SPK0030	Continuing	388	138	Бізге	Бізге	linguistic	_	_	Begin=393.649
388-1	SPK0030	Continuing	388	138	тағы	тағы	linguistic	_	_	_
388-2	SPK0030	Continuing	388	138	бір	бір	linguistic	_	_	_
388-3	SPK0030	Continuing	388	138	рет	рет	linguistic	_	_	_
388-4	SPK0030	Continuing	388	138	базарға	базарға	linguistic	_	_	_
388-5	SPK0030	Continuing	388	138	барып	барып	linguistic	_	_	End=395.211
389-0	SPK0030	Continuing	389	138	саған	саған	linguistic	_	_	Begin=395.211
389-1	SPK0030	Continuing	389	138	шорты	шорты	linguistic	_	_	_
389-2	SPK0030	Continuing	389	138	алу	алу	linguistic	_	_	_
389-3	SPK0030	Continuing	389	138	керек	керек	linguistic	_	_	End=396.116
390-0	SPK0030	Continuing	390	138	маған,	маған	linguistic	_	_	Begin=396.116|End=396.48
391-0	SPK0030	Continuing	391	138	ээ,	ээ	linguistic	_	_	Begin=396.48|End=396.662
392-0	SPK0030	Continuing	392	138	не	не	linguistic	_	_	Begin=396.662
392-1	SPK0030	Continuing	392	138	еді	еді	linguistic	_	_	_
392-2	SPK0030	Continuing	392	138	анау	анау	linguistic	_	_	End=397.805
393-0	SPK0030	Rising	393	138	ұзын	ұзын	linguistic	_	_	Begin=397.805
393-1	SPK0030	Rising	393	138	штаныды	штаныды	linguistic	_	_	_
393-2	SPK0030	Rising	393	138	қалай	қалай	linguistic	_	_	_
393-3	SPK0030	Rising	393	138	айтушы	айтушы	linguistic	_	_	_
393-4	SPK0030	Rising	393	138	еді	еді	linguistic	_	_	End=399.912
394-0	SPK0029	Continuing	394	140	Палеро	Палеро	linguistic	_	_	Begin=400.031
394-1	SPK0029	Continuing	394	140	ма,	ма	linguistic	_	_	End=400.636
395-0	SPK0029	Rising	395	140	не	не	linguistic	_	_	Begin=400.636
395-1	SPK0029	Rising	395	140	еді	еді	linguistic	_	_	End=401.147
396-0	SPK0030	Interrupted	396	141	Па--	Па--	linguistic	_	Interrupted=Yes	Begin=401.393|End=402.818
397-0	SPK0030	Continuing	397	141	палантин,	палантин	linguistic	_	_	Begin=402.818|End=403.935
398-0	SPK0030	Falling	398	141	палантин.	палантин	linguistic	_	_	Begin=403.935|End=404.766
399-0	SPK0029	Continuing	399	142	Қумашы	Қумашы	linguistic	_	_	Begin=404.476|End=404.792
400-0	SPK0029	Falling	400	142	палантин	палантин	linguistic	_	_	Begin=404.792
400-1	SPK0029	Falling	400	142	емес.	емес	linguistic	_	_	End=405.211
401-0	SPK0030	undefined	401	_	@	@	linguistic	_	_	Begin=405.441|End=406.036
402-0	SPK0029	Continuing	402	143	Мен	Мен	linguistic	_	_	Begin=406.443
402-1	SPK0029	Continuing	402	143	де	де	linguistic	_	_	_
402-2	SPK0029	Continuing	402	143	ұмытып	ұмытып	linguistic	_	_	_
402-3	SPK0029	Continuing	402	143	қалдым	қалдым	linguistic	_	_	End=407.246
403-0	SPK0029	undefined	403	_	@	@	linguistic	_	_	Begin=407.246|End=407.701
404-0	SPK0030	Continuing	404	144	Қалай	Қалай	linguistic	_	_	Begin=407.545
404-1	SPK0030	Continuing	404	144	еді	еді	linguistic	_	_	_
404-2	SPK0030	Continuing	404	144	айтшы	айтшы	linguistic	_	_	End=408.298
405-0	SPK0030	Interrupted	405	144	Палестин--	Палестин--	linguistic	_	Interrupted=Yes	Begin=408.415|End=408.83
406-0	SPK0029	Continuing	406	145	Палестина,	Палестина	linguistic	_	_	Begin=408.987|End=409.454
407-0	SPK0029	undefined	407	_	@@@	@@@	linguistic	_	_	Begin=409.454|End=410.064
408-0	SPK0029	Falling	408	_	жо:қ.	жоқ	linguistic	_	Prolongation=1	Begin=410.064|End=410.324
409-0	SPK0030	undefined	409	_	@@	@@	linguistic	_	_	Begin=410.112|End=411.194
410-0	SPK0030	Falling	410	146	Палестина	Палестина	linguistic	_	_	Begin=411.194
410-1	SPK0030	Falling	410	146	емес.	емес	linguistic	_	_	End=412.317
411-0	SPK0030	Continuing	411	147	Ладно	Ладно	linguistic	_	_	Begin=412.506
411-1	SPK0030	Continuing	411	147	забей,	забей	linguistic	_	_	End=413.623
412-0	SPK0030	Continuing	412	147	короче	короче	linguistic	_	_	Begin=413.623|End=413.896
413-0	SPK0030	Continuing	413	147	ұш	ұш	linguistic	_	_	Begin=414.142
413-1	SPK0030	Continuing	413	147	барғанда	барғанда	linguistic	_	_	End=414.961
414-0	SPK0030	Continuing	414	147	саған	саған	linguistic	_	_	Begin=414.961
414-1	SPK0030	Continuing	414	147	шорты	шорты	linguistic	_	_	_
414-2	SPK0030	Continuing	414	147	қандай	қандай	linguistic	_	_	_
414-3	SPK0030	Continuing	414	147	аламыз	аламыз	linguistic	_	_	End=415.974
415-0	SPK0030	Continuing	415	147	ана	ана	linguistic	_	_	Begin=415.974
415-1	SPK0030	Continuing	415	147	футболкаға	футболкаға	linguistic	_	_	_
415-2	SPK0030	Continuing	415	147	келтіріп	келтіріп	linguistic	_	_	End=417.103
416-0	SPK0030	Interrupted	416	147	те--	те--	linguistic	_	Interrupted=Yes	Begin=417.212|End=417.597
417-0	SPK0030	Rising	417	147	темное	темное	linguistic	_	_	Begin=417.597|End=417.879
418-0	SPK0029	Interrupted	418	148	Мен	Мен	linguistic	_	_	Begin=417.938
418-1	SPK0029	Interrupted	418	148	со--	со--	linguistic	_	Interrupted=Yes	End=418.506
419-0	SPK0029	Continuing	419	148	сол	сол	linguistic	_	_	Begin=418.545
419-1	SPK0029	Continuing	419	148	футболканы	футболканы	linguistic	_	_	_
419-2	SPK0029	Continuing	419	148	киіп	киіп	linguistic	_	_	_
419-3	SPK0029	Continuing	419	148	барамын	барамын	linguistic	_	_	End=419.597
420-0	SPK0029	Falling	420	148	сосын	сосын	linguistic	_	_	Begin=419.597
420-1	SPK0029	Falling	420	148	көреміз	көреміз	linguistic	_	_	End=420.285
421-0	SPK0029	Continuing	421	148	Может	Может	linguistic	_	_	Begin=420.285
421-1	SPK0029	Continuing	421	148	ұзын,	ұзын	linguistic	_	_	End=421.038
422-0	SPK0029	Continuing	422	148	че-то	че-то	linguistic	_	_	Begin=421.038
422-1	SPK0029	Continuing	422	148	####,	####	unknown	_	_	End=422.493
423-0	SPK0029	Interrupted	423	148	не	не	linguistic	_	_	Begin=422.493
423-1	SPK0029	Interrupted	423	148	прям.	прям	linguistic	_	_	_
423-2	SPK0029	Interrupted	423	148	ұзын--	ұзын--	linguistic	_	Interrupted=Yes	End=423.441
424-0	SPK0030	Rising	424	149	Қазір	Қазір	linguistic	_	_	Begin=422.857
424-1	SPK0030	Rising	424	149	Арбатқа	Арбатқа	linguistic	_	_	_
424-2	SPK0030	Rising	424	149	барып	барып	linguistic	_	_	_
424-3	SPK0030	Rising	424	149	кофе	кофе	linguistic	_	_	_
424-4	SPK0030	Rising	424	149	ішесің	ішесің	linguistic	_	_	_
424-5	SPK0030	Rising	424	149	бе	бе	linguistic	_	_	_
424-6	SPK0030	Rising	424	149	сен	сен	linguistic	_	_	End=424.272
425-0	SPK0029	Interrupted	425	_	Ыффф--	Ыффф--	linguistic	_	Interrupted=Yes	Begin=424.363|End=425.04
426-0	SPK0029	Continuing	426	150	Кофе	Кофе	linguistic	_	_	Begin=425.05
426-1	SPK0029	Continuing	426	150	емес,	емес	linguistic	_	_	End=426.129
427-0	SPK0029	Falling	427	150	просто	просто	linguistic	_	_	Begin=426.129
427-1	SPK0029	Falling	427	150	чай.	чай	linguistic	_	_	End=427.168
428-0	SPK0029	Continuing	428	150	Чай,	Чай	linguistic	_	_	Begin=427.168|End=427.402
429-0	SPK0029	Continuing	429	150	холодный,	холодный	linguistic	_	_	Begin=427.402|End=428.519
430-0	SPK0029	Falling	430	150	с	с	linguistic	_	_	Begin=428.519
430-1	SPK0029	Falling	430	150	чем-то	чем-то	linguistic	_	_	_
430-2	SPK0029	Falling	430	150	там	там	linguistic	_	_	End=429.532
431-0	SPK0030	Falling	431	151	Мен	Мен	linguistic	_	_	Begin=430.103
431-1	SPK0030	Falling	431	151	мороженое	мороженое	linguistic	_	_	_
431-2	SPK0030	Falling	431	151	аламын	аламын	linguistic	_	_	End=431.545
432-0	SPK0029	Continuing	432	152	Мен	Мен	linguistic	_	_	Begin=431.935
432-1	SPK0029	Continuing	432	152	мороженое	мороженое	linguistic	_	_	_
432-2	SPK0029	Continuing	432	152	білмеймін	білмеймін	linguistic	_	_	End=433.752
433-0	SPK0029	Falling	433	153	мен	мен	linguistic	_	_	Begin=434.096
433-1	SPK0029	Falling	433	153	шөлдеп	шөлдеп	linguistic	_	_	_
433-2	SPK0029	Falling	433	153	тұрмын	тұрмын	linguistic	_	_	End=434.924
434-0	SPK0030	Rising	434	154	Қатты	Қатты	linguistic	_	_	Begin=435.229
434-1	SPK0030	Rising	434	154	шөлдеп	шөлдеп	linguistic	_	_	_
434-2	SPK0030	Rising	434	154	тұрсың	тұрсың	linguistic	_	_	_
434-3	SPK0030	Rising	434	154	ба	ба	linguistic	_	_	End=436.104
435-0	SPK0030	Continuing	435	155	Айттым	Айттым	linguistic	_	_	Begin=436.142
435-1	SPK0030	Continuing	435	155	саған	саған	linguistic	_	_	_
435-2	SPK0030	Continuing	435	155	жвачка	жвачка	linguistic	_	_	_
435-3	SPK0030	Continuing	435	155	шайнашы	шайнашы	linguistic	_	_	End=436.948
436-0	SPK0030	Continuing	436	155	жаңа,	жаңа	linguistic	_	_	Begin=436.948|End=437.272
437-0	SPK0030	Interrupted	437	155	хотя	хотя	linguistic	_	_	Begin=437.272
437-1	SPK0030	Interrupted	437	155	бы	бы	linguistic	_	_	_
437-2	SPK0030	Interrupted	437	155	ауызыңда	ауызыңда	linguistic	_	_	_
437-3	SPK0030	Interrupted	437	155	бір--	бір--	linguistic	_	Interrupted=Yes	End=438.617
438-0	SPK0029	Falling	438	156	Үш	Үш	linguistic	_	_	Begin=438.259
438-1	SPK0029	Falling	438	156	сағат	сағат	linguistic	_	_	_
438-2	SPK0029	Falling	438	156	болды	болды	linguistic	_	_	_
438-3	SPK0029	Falling	438	156	су	су	linguistic	_	_	_
438-4	SPK0029	Falling	438	156	ішпегелі	ішпегелі	linguistic	_	_	End=439.621
439-0	SPK0030	Continuing	439	157	Қазір	Қазір	linguistic	_	_	Begin=439.636
439-1	SPK0030	Continuing	439	157	барып	барып	linguistic	_	_	_
439-2	SPK0030	Continuing	439	157	аламыз	аламыз	linguistic	_	_	_
439-3	SPK0030	Continuing	439	157	саған	саған	linguistic	_	_	_
439-4	SPK0030	Continuing	439	157	су	су	linguistic	_	_	End=440.566
440-0	SPK0030	Continuing	440	158	мына	мына	linguistic	_	_	Begin=440.908
440-1	SPK0030	Continuing	440	158	жерде	жерде	linguistic	_	_	_
440-2	SPK0030	Continuing	440	158	айналасында	айналасында	linguistic	_	_	End=442.363
441-0	SPK0030	Continuing	441	158	бір	бір	linguistic	_	_	Begin=442.363
441-1	SPK0030	Continuing	441	158	да	да	linguistic	_	_	_
441-2	SPK0030	Continuing	441	158	бір	бір	linguistic	_	_	_
441-3	SPK0030	Continuing	441	158	магазин	магазин	linguistic	_	_	_
441-4	SPK0030	Continuing	441	158	жоқ	жоқ	linguistic	_	_	_
441-5	SPK0030	Continuing	441	158	қой,	қой	linguistic	_	_	End=443.585
442-0	SPK0030	Interrupted	442	158	площадьта--	площадьта--	linguistic	_	Interrupted=Yes	Begin=444.675|End=445.129
443-0	SPK0029	Continuing	443	159	Енді,	Енді	linguistic	_	_	Begin=445.205|End=445.571
444-0	SPK0029	Interrupted	444	159	площадьтың	площадьтың	linguistic	_	_	Begin=445.571
444-1	SPK0029	Interrupted	444	159	ортасына	ортасына	linguistic	_	_	_
444-2	SPK0029	Interrupted	444	159	әкеліп	әкеліп	linguistic	_	_	_
444-3	SPK0029	Interrupted	444	159	қойып	қойып	linguistic	_	_	_
444-4	SPK0029	Interrupted	444	159	қой--	қой--	linguistic	_	Interrupted=Yes	End=447.6
445-0	SPK0030	Continuing	445	160	Жоқ	Жоқ	linguistic	_	_	Begin=447.37
445-1	SPK0030	Continuing	445	160	можно	можно	linguistic	_	_	_
445-2	SPK0030	Continuing	445	160	же	же	linguistic	_	_	_
445-3	SPK0030	Continuing	445	160	киосктар	киосктар	linguistic	_	_	_
445-4	SPK0030	Continuing	445	160	сделать	сделать	linguistic	_	_	End=449.241
446-0	SPK0030	Interrupted	446	_	киоск	киоск	linguistic	_	_	Begin=449.241
446-1	SPK0030	Interrupted	446	_	тар	тар	linguistic	_	_	_
446-2	SPK0030	Interrupted	446	_	істеп	істеп	linguistic	_	_	_
446-3	SPK0030	Interrupted	446	_	қойсақ--	қойсақ--	linguistic	_	Interrupted=Yes	End=450.931
447-0	SPK0029	Continuing	447	161	Можно,	Можно	linguistic	_	_	Begin=450.309|End=450.974
448-0	SPK0029	Falling	448	161	но	но	linguistic	_	_	Begin=450.974
448-1	SPK0029	Falling	448	161	не	не	linguistic	_	_	_
448-2	SPK0029	Falling	448	161	сделали.	сделали	linguistic	_	_	End=451.935
449-0	SPK0030	Continuing	449	162	Жоқ,	Жоқ	linguistic	_	_	Begin=451.493|End=451.805
450-0	SPK0030	Continuing	450	162	почему	почему	linguistic	_	_	Begin=451.805
450-1	SPK0030	Continuing	450	162	так	так	linguistic	_	_	End=452.493
451-0	SPK0030	undefined	451	162	де:	де	linguistic	_	Prolongation=1	Begin=452.493|End=453.051
452-0	SPK0030	Falling	452	163	Очень	Очень	linguistic	_	_	Begin=453.937
452-1	SPK0030	Falling	452	163	неудобно.	неудобно	linguistic	_	_	End=454.755
453-0	SPK0030	Continuing	453	164	Еще	Еще	linguistic	_	_	Begin=454.889
453-1	SPK0030	Continuing	453	164	дәл	дәл	linguistic	_	_	_
453-2	SPK0030	Continuing	453	164	осы	осы	linguistic	_	_	_
453-3	SPK0030	Continuing	453	164	жерде	жерде	linguistic	_	_	End=455.974
454-0	SPK0030	Continuing	454	164	елка	елка	linguistic	_	_	Begin=455.974|End=456.389
455-0	SPK0030	Falling	455	164	маса	маса	linguistic	_	_	Begin=456.389
455-1	SPK0030	Falling	455	164	шығады	шығады	linguistic	_	_	End=457.259
456-0	SPK0029	Rising	456	165	Шынымен	Шынымен	linguistic	_	_	Begin=458.066
456-1	SPK0029	Rising	456	165	маса	маса	linguistic	_	_	_
456-2	SPK0029	Rising	456	165	көрдің	көрдің	linguistic	_	_	_
456-3	SPK0029	Rising	456	165	бе	бе	linguistic	_	_	End=459.148
457-0	SPK0030	Falling	457	166	Иә,	Иә	linguistic	_	_	Begin=459.282
457-1	SPK0030	Falling	457	166	маса	маса	linguistic	_	_	_
457-2	SPK0030	Falling	457	166	көрдім	көрдім	linguistic	_	_	_
457-3	SPK0030	Falling	457	166	осы	осы	linguistic	_	_	_
457-4	SPK0030	Falling	457	166	жақта	жақта	linguistic	_	_	End=460.286
458-0	SPK0029	Rising	458	167	Мына	Мына	linguistic	_	_	Begin=460.324
458-1	SPK0029	Rising	458	167	жақтан	жақтан	linguistic	_	_	_
458-2	SPK0029	Rising	458	167	келген	келген	linguistic	_	_	_
458-3	SPK0029	Rising	458	167	жоқ	жоқ	linguistic	_	_	_
458-4	SPK0029	Rising	458	167	қой	қой	linguistic	_	_	End=461.09
459-0	SPK0030	Interrupted	459	168	Қара	Қара	linguistic	_	_	Begin=461.166
459-1	SPK0030	Interrupted	459	168	велик--	велик--	linguistic	_	Interrupted=Yes	End=462.0
460-0	SPK0030	Rising	460	168	велик	велик	linguistic	_	_	Begin=462.0
460-1	SPK0030	Rising	460	168	тар	тар	linguistic	_	_	_
460-2	SPK0030	Rising	460	168	күшті	күшті	linguistic	_	_	_
460-3	SPK0030	Rising	460	168	ма	ма	linguistic	_	_	End=463.213
461-0	SPK0030	Rising	461	168	Осындай	Осындай	linguistic	_	_	Begin=463.52
461-1	SPK0030	Rising	461	168	великтар	великтар	linguistic	_	_	_
461-2	SPK0030	Rising	461	168	сатып	сатып	linguistic	_	_	_
461-3	SPK0030	Rising	461	168	алуға	алуға	linguistic	_	_	_
461-4	SPK0030	Rising	461	168	бола	бола	linguistic	_	_	_
461-5	SPK0030	Rising	461	168	ма	ма	linguistic	_	_	End=464.962
462-0	SPK0029	Rising	462	169	Сатып	Сатып	linguistic	_	_	Begin=466.719
462-1	SPK0029	Rising	462	169	алайын	алайын	linguistic	_	_	_
462-2	SPK0029	Rising	462	169	деп	деп	linguistic	_	_	_
462-3	SPK0029	Rising	462	169	отырсың	отырсың	linguistic	_	_	_
462-4	SPK0029	Rising	462	169	ба	ба	linguistic	_	_	End=468.246
463-0	SPK0029	Falling	463	170	Толып	Толып	linguistic	_	_	Begin=468.246
463-1	SPK0029	Falling	463	170	тұр	тұр	linguistic	_	_	_
463-2	SPK0029	Falling	463	170	ғой	ғой	linguistic	_	_	_
463-3	SPK0029	Falling	463	170	әне	әне	linguistic	_	_	End=469.228
464-0	SPK0030	Continuing	464	171	Жақсы,	Жақсы	linguistic	_	_	Begin=469.551|End=469.753
465-0	SPK0030	Falling	465	171	күшті	күшті	linguistic	_	_	Begin=469.753
465-1	SPK0030	Falling	465	171	трюктар	трюктар	linguistic	_	_	_
465-2	SPK0030	Falling	465	171	жасайды	жасайды	linguistic	_	_	_
465-3	SPK0030	Falling	465	171	ғой	ғой	linguistic	_	_	_
465-4	SPK0030	Falling	465	171	осылар	осылар	linguistic	_	_	End=471.103
466-0	SPK0029	undefined	466	_	SNEEZE	SNEEZE	linguistic	_	_	Begin=470.947|End=471.532
467-0	SPK0029	Interrupted	467	172	неде--	неде--	linguistic	_	Interrupted=Yes	Begin=471.532|End=472.493
468-0	SPK0030	Rising	468	173	Тоңып	Тоңып	linguistic	_	_	Begin=472.018
468-1	SPK0030	Rising	468	173	кеттің	кеттің	linguistic	_	_	_
468-2	SPK0030	Rising	468	173	ба	ба	linguistic	_	_	End=472.831
469-0	SPK0029	Continuing	469	174	жоқ,	жоқ	linguistic	_	_	Begin=472.493|End=473.311
470-0	SPK0029	Falling	470	175	спортта	спортта	linguistic	_	_	Begin=473.311
470-1	SPK0029	Falling	470	175	сатады	сатады	linguistic	_	_	End=474.61
471-0	SPK0029	Rising	471	176	Алғың	Алғың	linguistic	_	_	Begin=474.61
471-1	SPK0029	Rising	471	176	келіп	келіп	linguistic	_	_	_
471-2	SPK0029	Rising	471	176	жүр	жүр	linguistic	_	_	_
471-3	SPK0029	Rising	471	176	ме	ме	linguistic	_	_	End=476.235
472-0	SPK0030	Continuing	472	177	Жоқ	Жоқ	linguistic	_	_	Begin=476.077
472-1	SPK0030	Continuing	472	177	мен	мен	linguistic	_	_	_
472-2	SPK0030	Continuing	472	177	вообще	вообще	linguistic	_	_	_
472-3	SPK0030	Continuing	472	177	хочу,	хочу	linguistic	_	_	End=477.051
473-0	SPK0030	undefined	473	177	(H)	(H)	inhale	_	_	Begin=477.108|End=477.394
474-0	SPK0030	Continuing	474	177	не	не	linguistic	_	_	Begin=477.493
474-1	SPK0030	Continuing	474	177	велик,	велик	linguistic	_	_	End=478.233
475-0	SPK0030	Continuing	475	177	а,	а	linguistic	_	_	Begin=478.272|End=478.454
476-0	SPK0030	Continuing	476	177	типа	типа	linguistic	_	_	Begin=478.48
476-1	SPK0030	Continuing	476	177	велик	велик	linguistic	_	_	_
476-2	SPK0030	Continuing	476	177	болады	болады	linguistic	_	_	_
476-3	SPK0030	Continuing	476	177	ғой	ғой	linguistic	_	_	End=479.74
477-0	SPK0030	Rising	477	177	с	с	linguistic	_	_	Begin=479.74
477-1	SPK0030	Rising	477	177	мотором	мотором	linguistic	_	_	_
477-2	SPK0030	Rising	477	177	ба?	ба	linguistic	_	_	End=480.493
478-0	SPK0029	Interrupted	478	178	Типа	Типа	linguistic	_	_	Begin=480.441
478-1	SPK0029	Interrupted	478	178	велик--	велик--	linguistic	_	Interrupted=Yes	End=481.071
479-0	SPK0030	Continuing	479	177	қалай,	қалай	linguistic	_	_	Begin=480.493|End=480.987
480-0	SPK0030	Continuing	480	177	артында	артында	linguistic	_	_	Begin=480.987|End=481.532
481-0	SPK0030	Continuing	481	177	вжжж,	вжжж	linguistic	_	_	Begin=481.545|End=482.025
482-0	SPK0030	Falling	482	177	деп	деп	linguistic	_	_	Begin=482.025
482-1	SPK0030	Falling	482	177	өзі	өзі	linguistic	_	_	_
482-2	SPK0030	Falling	482	177	жүретін	жүретін	linguistic	_	_	End=482.545
483-0	SPK0029	Continuing	483	179	не	не	linguistic	_	_	Begin=482.48
483-1	SPK0029	Continuing	483	179	ғой,	ғой	linguistic	_	_	End=482.931
484-0	SPK0030	undefined	484	177	@@	@@	linguistic	_	_	Begin=482.545|End=482.805
485-0	SPK0029	Continuing	485	180	мопед,	мопед	linguistic	_	_	Begin=483.284|End=483.662
486-0	SPK0030	Continuing	486	181	Мопед	Мопед	linguistic	_	_	Begin=483.701
486-1	SPK0030	Continuing	486	181	иә,	иә	linguistic	_	_	End=484.311
487-0	SPK0030	Continuing	487	181	мопед	мопед	linguistic	_	_	Begin=484.311
487-1	SPK0030	Continuing	487	181	алғым	алғым	linguistic	_	_	_
487-2	SPK0030	Continuing	487	181	келеді	келеді	linguistic	_	_	_
487-3	SPK0030	Continuing	487	181	бірақ	бірақ	linguistic	_	_	_
487-4	SPK0030	Continuing	487	181	папа	папа	linguistic	_	_	_
487-5	SPK0030	Continuing	487	181	айтты	айтты	linguistic	_	_	End=486.0
488-0	SPK0030	Falling	488	181	алмайсың	алмайсың	linguistic	_	_	Begin=486.0
488-1	SPK0030	Falling	488	181	деді	деді	linguistic	_	_	_
488-2	SPK0030	Falling	488	181	ғой	ғой	linguistic	_	_	End=486.993
489-0	SPK0029	Continuing	489	182	Вечно	Вечно	linguistic	_	_	Begin=487.22
489-1	SPK0029	Continuing	489	182	папа	папа	linguistic	_	_	_
489-2	SPK0029	Continuing	489	182	айтады	айтады	linguistic	_	_	End=488.259
490-0	SPK0029	undefined	490	182	@@	@@	linguistic	_	_	Begin=488.259|End=488.472
491-0	SPK0030	undefined	491	183	Наверное	Наверное	linguistic	_	_	Begin=488.727
491-1	SPK0030	undefined	491	183	қорқайды	қорқайды	linguistic	_	_	_
491-2	SPK0030	undefined	491	183	сендерді–	сендерді–	linguistic	_	_	End=489.935
492-0	SPK0029	undefined	492	184	Папа	Папа	linguistic	_	_	Begin=488.94
492-1	SPK0029	undefined	492	184	қорқайды	қорқайды	linguistic	_	_	_
492-2	SPK0029	undefined	492	184	ондай–	ондай–	linguistic	_	_	End=489.712
493-0	SPK0030	Continuing	493	185	Жоқ	Жоқ	linguistic	_	_	Begin=489.935
493-1	SPK0030	Continuing	493	185	енді	енді	linguistic	_	_	_
493-2	SPK0030	Continuing	493	185	мен	мен	linguistic	_	_	_
493-3	SPK0030	Continuing	493	185	жаяу	жаяу	linguistic	_	_	_
493-4	SPK0030	Continuing	493	185	жүремін	жүремін	linguistic	_	_	_
493-5	SPK0030	Continuing	493	185	ба	ба	linguistic	_	_	End=491.743
494-0	SPK0030	Rising	494	185	біртүрлі?	біртүрлі	linguistic	_	_	Begin=491.78|End=492.364
495-0	SPK0029	Continuing	495	186	Жоқ,	Жоқ	linguistic	_	_	Begin=492.352|End=492.577
496-0	SPK0029	Falling	496	186	жүре	жүре	linguistic	_	_	Begin=492.577
496-1	SPK0029	Falling	496	186	бер	бер	linguistic	_	_	End=493.278
497-0	SPK0030	Falling	497	187	Қойшы	Қойшы	linguistic	_	_	Begin=493.584
497-1	SPK0030	Falling	497	187	жаяу	жаяу	linguistic	_	_	_
497-2	SPK0030	Falling	497	187	жүргім	жүргім	linguistic	_	_	_
497-3	SPK0030	Falling	497	187	келмейді	келмейді	linguistic	_	_	_
497-4	SPK0030	Falling	497	187	менің	менің	linguistic	_	_	End=494.87
498-0	SPK0029	Falling	498	188	Күнде	Күнде	linguistic	_	_	Begin=495.604
498-1	SPK0029	Falling	498	188	жүрсің	жүрсің	linguistic	_	_	_
498-2	SPK0029	Falling	498	188	ғой	ғой	linguistic	_	_	End=496.157
499-0	SPK0030	Rising	499	189	М?	М	linguistic	_	_	Begin=496.231|End=496.406
500-0	SPK0029	Falling	500	190	Күнде	Күнде	linguistic	_	_	Begin=496.674
500-1	SPK0029	Falling	500	190	жүрсің	жүрсің	linguistic	_	_	_
500-2	SPK0029	Falling	500	190	ғой	ғой	linguistic	_	_	End=497.272
501-0	SPK0030	Continuing	501	191	Жоқ	Жоқ	linguistic	_	_	Begin=497.455
501-1	SPK0030	Continuing	501	191	аяғым	аяғым	linguistic	_	_	_
501-2	SPK0030	Continuing	501	191	шаршады	шаршады	linguistic	_	_	_
501-3	SPK0030	Continuing	501	191	менің	менің	linguistic	_	_	_
501-4	SPK0030	Continuing	501	191	уже	уже	linguistic	_	_	End=498.478
502-0	SPK0030	Interrupted	502	191	к	к	linguistic	_	_	Begin=498.478
502-1	SPK0030	Interrupted	502	191	концу	концу	linguistic	_	_	_
502-2	SPK0030	Interrupted	502	191	дня	дня	linguistic	_	_	_
502-3	SPK0030	Interrupted	502	191	өкшем	өкшем	linguistic	_	_	_
502-4	SPK0030	Interrupted	502	191	ауырады	ауырады	linguistic	_	_	_
502-5	SPK0030	Interrupted	502	191	жүрсем--	жүрсем--	linguistic	_	Interrupted=Yes	End=500.363
503-0	SPK0029	Rising	503	192	Каждый	Каждый	linguistic	_	_	Begin=499.337
503-1	SPK0029	Rising	503	192	күнде	күнде	linguistic	_	_	_
503-2	SPK0029	Rising	503	192	ма	ма	linguistic	_	_	End=500.574
504-0	SPK0030	undefined	504	_	@@	@@	linguistic	_	_	Begin=500.436|End=501.126
505-0	SPK0030	Continuing	505	193	Мопед	Мопед	linguistic	_	_	Begin=501.545
505-1	SPK0030	Continuing	505	193	па,	па	linguistic	_	_	End=502.084
506-0	SPK0030	Continuing	506	193	бірдеңке,	бірдеңке	linguistic	_	_	Begin=502.084|End=502.647
507-0	SPK0030	Falling	507	193	машина	машина	linguistic	_	_	Begin=502.647
507-1	SPK0030	Falling	507	193	алып	алып	linguistic	_	_	_
507-2	SPK0030	Falling	507	193	берші	берші	linguistic	_	_	_
507-3	SPK0030	Falling	507	193	деп	деп	linguistic	_	_	_
507-4	SPK0030	Falling	507	193	айтамын	айтамын	linguistic	_	_	_
507-5	SPK0030	Falling	507	193	ғой	ғой	linguistic	_	_	_
507-6	SPK0030	Falling	507	193	мен	мен	linguistic	_	_	End=504.078
508-0	SPK0029	Falling	508	194	Оқып	Оқып	linguistic	_	_	Begin=505.638
508-1	SPK0029	Falling	508	194	алшы	алшы	linguistic	_	_	_
508-2	SPK0029	Falling	508	194	бірінші	бірінші	linguistic	_	_	End=506.358
509-0	SPK0030	Falling	509	195	Оқып	Оқып	linguistic	_	_	Begin=506.524
509-1	SPK0030	Falling	509	195	аламын	аламын	linguistic	_	_	End=506.898
510-0	SPK0030	Continuing	510	196	Маған	Маған	linguistic	_	_	Begin=507.299
510-1	SPK0030	Continuing	510	196	айтты	айтты	linguistic	_	_	_
510-2	SPK0030	Continuing	510	196	ғой	ғой	linguistic	_	_	_
510-3	SPK0030	Continuing	510	196	оқисың	оқисың	linguistic	_	_	_
510-4	SPK0030	Continuing	510	196	ба	ба	linguistic	_	_	_
510-5	SPK0030	Continuing	510	196	деп	деп	linguistic	_	_	End=508.436
511-0	SPK0030	Continuing	511	196	иә	иә	linguistic	_	_	Begin=508.436
511-1	SPK0030	Continuing	511	196	оқимын	оқимын	linguistic	_	_	_
511-2	SPK0030	Continuing	511	196	дедім	дедім	linguistic	_	_	End=509.211
512-0	SPK0030	Continuing	512	196	қыста	қыста	linguistic	_	_	Begin=509.211
512-1	SPK0030	Continuing	512	196	где-то	где-то	linguistic	_	_	_
512-2	SPK0030	Continuing	512	196	оқимын	оқимын	linguistic	_	_	End=510.112
513-0	SPK0030	Continuing	513	196	ээ,	ээ	linguistic	_	_	Begin=510.112|End=510.521
514-0	SPK0030	Continuing	514	196	бірінші	бірінші	linguistic	_	_	Begin=510.521
514-1	SPK0030	Continuing	514	196	жұмысқа	жұмысқа	linguistic	_	_	_
514-2	SPK0030	Continuing	514	196	тұрып	тұрып	linguistic	_	_	_
514-3	SPK0030	Continuing	514	196	алайын	алайын	linguistic	_	_	End=511.718
515-0	SPK0029	Falling	515	197	Оқы	Оқы	linguistic	_	_	Begin=510.799|End=511.048
516-0	SPK0030	Continuing	516	196	ішіне	ішіне	linguistic	_	_	Begin=511.718
516-1	SPK0030	Continuing	516	196	адаптироваться	адаптироваться	linguistic	_	_	_
516-2	SPK0030	Continuing	516	196	етіп	етіп	linguistic	_	_	_
516-3	SPK0030	Continuing	516	196	алайын	алайын	linguistic	_	_	End=513.225
517-0	SPK0030	Falling	517	196	содан	содан	linguistic	_	_	Begin=513.225
517-1	SPK0030	Falling	517	196	кейін	кейін	linguistic	_	_	_
517-2	SPK0030	Falling	517	196	барамын	барамын	linguistic	_	_	_
517-3	SPK0030	Falling	517	196	да	да	linguistic	_	_	_
517-4	SPK0030	Falling	517	196	оқимын	оқимын	linguistic	_	_	End=515.081
518-0	SPK0030	undefined	518	198	Оқиғанда	Оқиғанда	linguistic	_	_	Begin=516.669
518-1	SPK0030	undefined	518	198	мама	мама	linguistic	_	_	_
518-2	SPK0030	undefined	518	198	айтты–	айтты–	linguistic	_	_	End=517.745
519-0	SPK0029	Continuing	519	199	Сосын	Сосын	linguistic	_	_	Begin=516.727
519-1	SPK0029	Continuing	519	199	мені	мені	linguistic	_	_	_
519-2	SPK0029	Continuing	519	199	катать	катать	linguistic	_	_	_
519-3	SPK0029	Continuing	519	199	етесің	етесің	linguistic	_	_	_
519-4	SPK0029	Continuing	519	199	де	де	linguistic	_	_	End=518.584
520-0	SPK0029	undefined	520	199	@	@	linguistic	_	_	Begin=518.584|End=518.94
521-0	SPK0030	Falling	521	200	Мен	Мен	linguistic	_	_	Begin=519.118
521-1	SPK0030	Falling	521	200	машина	машина	linguistic	_	_	_
521-2	SPK0030	Falling	521	200	алып	алып	linguistic	_	_	_
521-3	SPK0030	Falling	521	200	берсеңдер	берсеңдер	linguistic	_	_	_
521-4	SPK0030	Falling	521	200	катать	катать	linguistic	_	_	_
521-5	SPK0030	Falling	521	200	етемін	етемін	linguistic	_	_	_
521-6	SPK0030	Falling	521	200	ғой	ғой	linguistic	_	_	End=520.544
522-0	SPK0029	Continuing	522	201	Алып	Алып	linguistic	_	_	Begin=521.231
522-1	SPK0029	Continuing	522	201	береді	береді	linguistic	_	_	_
522-2	SPK0029	Continuing	522	201	ғой	ғой	linguistic	_	_	End=521.636
523-0	SPK0029	Continuing	523	201	мен	мен	linguistic	_	_	Begin=521.636
523-1	SPK0029	Continuing	523	201	емес	емес	linguistic	_	_	_
523-2	SPK0029	Continuing	523	201	қой	қой	linguistic	_	_	_
523-3	SPK0029	Continuing	523	201	енді,	енді	linguistic	_	_	End=522.519
524-0	SPK0029	undefined	524	_	@@	@@	linguistic	_	_	Begin=522.519|End=523.063
525-0	SPK0030	Continuing	525	202	Мама	Мама	linguistic	_	_	Begin=523.086
525-1	SPK0030	Continuing	525	202	айтты	айтты	linguistic	_	_	_
525-2	SPK0030	Continuing	525	202	с–	с–	linguistic	_	_	End=523.605
526-0	SPK0030	Continuing	526	202	ээ,	ээ	linguistic	_	_	Begin=523.605|End=523.704
527-0	SPK0030	Continuing	527	202	не	не	linguistic	_	_	Begin=523.704
527-1	SPK0030	Continuing	527	202	істемейді	істемейді	linguistic	_	_	End=524.507
528-0	SPK0030	Falling	528	202	страховка	страховка	linguistic	_	_	Begin=524.507
528-1	SPK0030	Falling	528	202	деді	деді	linguistic	_	_	End=525.258
529-0	SPK0029	Falling	529	203	Ол	Ол	linguistic	_	_	Begin=525.467
529-1	SPK0029	Falling	529	203	дұрыс	дұрыс	linguistic	_	_	_
529-2	SPK0029	Falling	529	203	қой.	қой	linguistic	_	_	End=526.186
530-0	SPK0030	Continuing	530	204	Иә,	Иә	linguistic	_	_	Begin=526.524|End=526.732
531-0	SPK0030	Interrupted	531	204	а	а	linguistic	_	_	Begin=526.732
531-1	SPK0030	Interrupted	531	204	то	то	linguistic	_	_	_
531-2	SPK0030	Interrupted	531	204	сен	сен	linguistic	_	_	_
531-3	SPK0030	Interrupted	531	204	еще	еще	linguistic	_	_	_
531-4	SPK0030	Interrupted	531	204	невнимательный--	невнимательный--	linguistic	_	Interrupted=Yes	End=528.056
532-0	SPK0030	undefined	532	204	еще	еще	linguistic	_	_	Begin=528.056
532-1	SPK0030	undefined	532	204	көзім	көзім	linguistic	_	_	_
532-2	SPK0030	undefined	532	204	бұлдырлап–	бұлдырлап–	linguistic	_	_	End=529.278
533-0	SPK0029	undefined	533	205	Невнимательный	Невнимательный	linguistic	_	_	Begin=529.113
533-1	SPK0029	undefined	533	205	дейді	дейді	linguistic	_	_	_
533-2	SPK0029	undefined	533	205	ма	ма	linguistic	_	_	End=529.718
534-0	SPK0029	undefined	534	205	@	@	linguistic	_	_	Begin=529.718|End=530.1
535-0	SPK0030	Falling	535	206	Мен	Мен	linguistic	_	_	Begin=530.121
535-1	SPK0030	Falling	535	206	вообще	вообще	linguistic	_	_	_
535-2	SPK0030	Falling	535	206	невнимательныймын	невнимательныймын	linguistic	_	_	_
535-3	SPK0030	Falling	535	206	ғой	ғой	linguistic	_	_	End=531.187
536-0	SPK0029	Rising	536	207	Шын	Шын	linguistic	_	_	Begin=531.066
536-1	SPK0029	Rising	536	207	ба?	ба	linguistic	_	_	End=531.825
537-0	SPK0030	Continuing	537	208	Иә,	Иә	linguistic	_	_	Begin=531.788|End=532.088
538-0	SPK0030	Continuing	538	209	еще	еще	linguistic	_	_	Begin=532.925
538-1	SPK0030	Continuing	538	209	көзім	көзім	linguistic	_	_	_
538-2	SPK0030	Continuing	538	209	бұлдырлап	бұлдырлап	linguistic	_	_	_
538-3	SPK0030	Continuing	538	209	была:й	былай	linguistic	_	Prolongation=3	End=534.507
539-0	SPK0030	Continuing	539	209	бұрын	бұрын	linguistic	_	_	Begin=534.507
539-1	SPK0030	Continuing	539	209	очки	очки	linguistic	_	_	_
539-2	SPK0030	Continuing	539	209	кигенде	кигенде	linguistic	_	_	_
539-3	SPK0030	Continuing	539	209	немене	немене	linguistic	_	_	_
539-4	SPK0030	Continuing	539	209	қалып	қалып	linguistic	_	_	_
539-5	SPK0030	Continuing	539	209	қалған	қалған	linguistic	_	_	_
539-6	SPK0030	Continuing	539	209	ғой	ғой	linguistic	_	_	End=536.901
540-0	SPK0030	Continuing	540	209	привычка	привычка	linguistic	_	_	Begin=536.901|End=537.849
541-0	SPK0030	Continuing	541	209	былай,	былай	linguistic	_	_	Begin=538.066|End=538.672
542-0	SPK0030	Falling	542	209	көзімді	көзімді	linguistic	_	_	Begin=539.087
542-1	SPK0030	Falling	542	209	щурить	щурить	linguistic	_	_	_
542-2	SPK0030	Falling	542	209	етіп	етіп	linguistic	_	_	End=540.293
543-0	SPK0029	Continuing	543	210	Иә	Иә	linguistic	_	_	Begin=539.346
543-1	SPK0029	Continuing	543	210	сен	сен	linguistic	_	_	_
543-2	SPK0029	Continuing	543	210	сөйтіп	сөйтіп	linguistic	_	_	_
543-3	SPK0029	Continuing	543	210	тұрсың	тұрсың	linguistic	_	_	End=540.276
544-0	SPK0029	undefined	544	210	апа	апа	linguistic	_	_	Begin=540.587
544-1	SPK0029	undefined	544	210	да	да	linguistic	_	_	_
544-2	SPK0029	undefined	544	210	айтты	айтты	linguistic	_	_	_
544-3	SPK0029	undefined	544	210	ғой–	ғой–	linguistic	_	_	End=541.466
545-0	SPK0030	Continuing	545	209	Бағана	Бағана	linguistic	_	_	Begin=540.915
545-1	SPK0030	Continuing	545	209	апа	апа	linguistic	_	_	_
545-2	SPK0030	Continuing	545	209	да	да	linguistic	_	_	_
545-3	SPK0030	Continuing	545	209	айтты	айтты	linguistic	_	_	_
545-4	SPK0030	Continuing	545	209	иә	иә	linguistic	_	_	End=541.873
546-0	SPK0030	Continuing	546	209	маған	маған	linguistic	_	_	Begin=541.873
546-1	SPK0030	Continuing	546	209	бүгін	бүгін	linguistic	_	_	_
546-2	SPK0030	Continuing	546	209	айтты	айтты	linguistic	_	_	_
546-3	SPK0030	Continuing	546	209	ғой	ғой	linguistic	_	_	End=542.957
547-0	SPK0030	Continuing	547	209	почему	почему	linguistic	_	_	Begin=542.957
547-1	SPK0030	Continuing	547	209	ты,	ты	linguistic	_	_	End=543.732
548-0	SPK0030	Continuing	548	209	щуришься,	щуришься	linguistic	_	_	Begin=543.732|End=544.549
549-0	SPK0029	Continuing	549	211	Ана	Ана	linguistic	_	_	Begin=544.225
549-1	SPK0029	Continuing	549	211	шоу	шоу	linguistic	_	_	_
549-2	SPK0029	Continuing	549	211	деген	деген	linguistic	_	_	_
549-3	SPK0029	Continuing	549	211	маған	маған	linguistic	_	_	End=545.112
550-0	SPK0030	Continuing	550	209	щуришься,	щуришься	linguistic	_	_	Begin=544.549|End=545.662
551-0	SPK0029	Falling	551	211	екі	екі	linguistic	_	_	Begin=545.112
551-1	SPK0029	Falling	551	211	сағат	сағат	linguistic	_	_	_
551-2	SPK0029	Falling	551	211	бұрында	бұрында	linguistic	_	_	_
551-3	SPK0029	Falling	551	211	болды	болды	linguistic	_	_	End=546.75
552-0	SPK0030	Falling	552	209	щуришься.	щуришься	linguistic	_	_	Begin=545.662|End=546.704
553-0	SPK0030	Continuing	553	212	Мынау	Мынау	linguistic	_	_	Begin=547.619
553-1	SPK0030	Continuing	553	212	немене	немене	linguistic	_	_	End=548.197
554-0	SPK0030	Continuing	554	212	кө:п,	көп	linguistic	_	Prolongation=1	Begin=548.197|End=548.676
555-0	SPK0030	Continuing	555	212	немелер	немелер	linguistic	_	_	Begin=548.676|End=549.239
556-0	SPK0030	Rising	556	212	столбтар	столбтар	linguistic	_	_	Begin=549.239|End=550.248
557-0	SPK0029	Falling	557	213	Свет.	Свет	linguistic	_	_	Begin=550.515|End=551.464
558-0	SPK0030	Rising	558	214	Свет	Свет	linguistic	_	_	Begin=551.7|End=552.183
559-0	SPK0030	Continuing	559	214	Мен	Мен	linguistic	_	_	Begin=552.183
559-1	SPK0030	Continuing	559	214	вообще	вообще	linguistic	_	_	_
559-2	SPK0030	Continuing	559	214	фонтан	фонтан	linguistic	_	_	End=553.253
560-0	SPK0030	Continuing	560	214	деп	деп	linguistic	_	_	Begin=553.253
560-1	SPK0030	Continuing	560	214	күтіп	күтіп	linguistic	_	_	_
560-2	SPK0030	Continuing	560	214	отырмын	отырмын	linguistic	_	_	End=554.084
561-0	SPK0030	Falling	561	214	қашан	қашан	linguistic	_	_	Begin=554.084
561-1	SPK0030	Falling	561	214	жанады	жанады	linguistic	_	_	_
561-2	SPK0030	Falling	561	214	деп	деп	linguistic	_	_	End=555.269
562-0	SPK0029	Falling	562	215	Тоғызда	Тоғызда	linguistic	_	_	Begin=555.408|End=555.917
563-0	SPK0030	Rising	563	216	Сағат	Сағат	linguistic	_	_	Begin=556.076
563-1	SPK0030	Rising	563	216	неше	неше	linguistic	_	_	_
563-2	SPK0030	Rising	563	216	болды	болды	linguistic	_	_	End=556.753
564-0	SPK0029	Continuing	564	217	Сағат	Сағат	linguistic	_	_	Begin=556.085
564-1	SPK0029	Continuing	564	217	онда	онда	linguistic	_	_	_
564-2	SPK0029	Continuing	564	217	шығар	шығар	linguistic	_	_	End=556.704
565-0	SPK0029	Falling	565	217	қайдан	қайдан	linguistic	_	_	Begin=556.912
565-1	SPK0029	Falling	565	217	білейін	білейін	linguistic	_	_	End=557.546
566-0	SPK0030	undefined	566	218	(TSK)	(TSK)	click	_	_	Begin=557.919|End=558.098
567-0	SPK0030	Continuing	567	218	Сегіз	Сегіз	linguistic	_	_	Begin=558.098
567-1	SPK0030	Continuing	567	218	болды	болды	linguistic	_	_	End=558.281
568-0	SPK0030	Continuing	568	218	әлі	әлі	linguistic	_	_	Begin=558.281
568-1	SPK0030	Continuing	568	218	бір	бір	linguistic	_	_	_
568-2	SPK0030	Continuing	568	218	сағат,	сағат	linguistic	_	_	End=558.831
569-0	SPK0030	Continuing	569	218	қойшы	қойшы	linguistic	_	_	Begin=558.831
569-1	SPK0030	Continuing	569	218	бір	бір	linguistic	_	_	_
569-2	SPK0030	Continuing	569	218	сағат	сағат	linguistic	_	_	_
569-3	SPK0030	Continuing	569	218	күте	күте	linguistic	_	_	_
569-4	SPK0030	Continuing	569	218	алмаймын	алмаймын	linguistic	_	_	End=560.028
570-0	SPK0030	Continuing	570	218	Арбатқа	Арбатқа	linguistic	_	_	Begin=560.028
570-1	SPK0030	Continuing	570	218	барайықшы	барайықшы	linguistic	_	_	End=560.831
571-0	SPK0030	Rising	571	218	фонтан	фонтан	linguistic	_	_	Begin=560.831
571-1	SPK0030	Rising	571	218	көреміз	көреміз	linguistic	_	_	_
571-2	SPK0030	Rising	571	218	бе	бе	linguistic	_	_	End=562.014
572-0	SPK0029	Interrupted	572	219	Может	Может	linguistic	_	_	Begin=561.516
572-1	SPK0029	Interrupted	572	219	қайтып	қайтып	linguistic	_	_	_
572-2	SPK0029	Interrupted	572	219	келеміз	келеміз	linguistic	_	_	_
572-3	SPK0029	Interrupted	572	219	сосын	сосын	linguistic	_	_	_
572-4	SPK0029	Interrupted	572	219	деш--	деш--	linguistic	_	Interrupted=Yes	End=562.494
573-0	SPK0029	undefined	573	220	@@	@@	linguistic	_	_	Begin=562.699|End=563.051
574-0	SPK0029	undefined	574	220	Сен	Сен	linguistic	_	_	Begin=563.094
574-1	SPK0029	undefined	574	220	шаршайсың	шаршайсың	linguistic	_	_	_
574-2	SPK0029	undefined	574	220	иә–	иә–	linguistic	_	_	End=563.981
575-0	SPK0030	Continuing	575	221	Шаршаймыз	Шаршаймыз	linguistic	_	_	Begin=563.232|End=563.859
576-0	SPK0030	Falling	576	221	аяғым	аяғым	linguistic	_	_	Begin=563.859
576-1	SPK0030	Falling	576	221	шаршайды	шаршайды	linguistic	_	_	End=564.688
577-0	SPK0029	Falling	577	222	Мен	Мен	linguistic	_	_	Begin=564.802
577-1	SPK0029	Falling	577	222	аяқ	аяқ	linguistic	_	_	_
577-2	SPK0029	Falling	577	222	киімімді	киімімді	linguistic	_	_	_
577-3	SPK0029	Falling	577	222	киіп	киіп	linguistic	_	_	_
577-4	SPK0029	Falling	577	222	алдым	алдым	linguistic	_	_	_
577-5	SPK0029	Falling	577	222	уже	уже	linguistic	_	_	End=566.034
578-0	SPK0030	Continuing	578	223	Негізі,	Негізі	linguistic	_	_	Begin=565.718|End=565.971
579-0	SPK0030	Rising	579	223	трамвай	трамвай	linguistic	_	_	Begin=565.971
579-1	SPK0030	Rising	579	223	нешеге	нешеге	linguistic	_	_	_
579-2	SPK0030	Rising	579	223	дейін	дейін	linguistic	_	_	_
579-3	SPK0030	Rising	579	223	жүреді	жүреді	linguistic	_	_	_
579-4	SPK0030	Rising	579	223	екен	екен	linguistic	_	_	End=567.299
580-0	SPK0029	Continuing	580	224	Біз	Біз	linguistic	_	_	Begin=567.652
580-1	SPK0029	Continuing	580	224	трамваймен	трамваймен	linguistic	_	_	End=568.915
581-0	SPK0029	Rising	581	224	барамыз	барамыз	linguistic	_	_	Begin=568.915
581-1	SPK0029	Rising	581	224	ба	ба	linguistic	_	_	End=570.188
582-0	SPK0030	undefined	582	225	Сен	Сен	linguistic	_	_	Begin=570.521
582-1	SPK0030	undefined	582	225	такси–	такси–	linguistic	_	_	End=570.859
583-0	SPK0030	Rising	583	225	таксимен	таксимен	linguistic	_	_	Begin=570.859
583-1	SPK0030	Rising	583	225	барасың	барасың	linguistic	_	_	_
583-2	SPK0030	Rising	583	225	ба	ба	linguistic	_	_	End=572.0
584-0	SPK0029	Continuing	584	226	Барамын	Барамын	linguistic	_	_	Begin=571.867|End=572.591
585-0	SPK0030	Rising	585	227	Хочешь	Хочешь	linguistic	_	_	Begin=572.0
585-1	SPK0030	Rising	585	227	на	на	linguistic	_	_	_
585-2	SPK0030	Rising	585	227	такси?	такси	linguistic	_	_	End=573.034
586-0	SPK0029	Falling	586	228	хочу.	хочу	linguistic	_	_	Begin=572.591|End=573.307
587-0	SPK0030	Continuing	587	229	Пешком,	Пешком	linguistic	_	_	Begin=574.308|End=574.76
588-0	SPK0030	Rising	588	229	хочешь?	хочешь	linguistic	_	_	Begin=574.76|End=575.373
589-0	SPK0029	Falling	589	230	Не	Не	linguistic	_	_	Begin=575.593
589-1	SPK0029	Falling	589	230	хочу.	хочу	linguistic	_	_	End=576.225
590-0	SPK0029	undefined	590	230	@@	@@	linguistic	_	_	Begin=576.225|End=576.484
591-0	SPK0030	Continuing	591	231	Давай	Давай	linguistic	_	_	Begin=576.577
591-1	SPK0030	Continuing	591	231	на	на	linguistic	_	_	_
591-2	SPK0030	Continuing	591	231	трамвае,	трамвае	linguistic	_	_	End=577.154
592-0	SPK0030	Continuing	592	231	если	если	linguistic	_	_	Begin=577.154
592-1	SPK0030	Continuing	592	231	что	что	linguistic	_	_	End=577.774
593-0	SPK0030	Rising	593	231	жүріп	жүріп	linguistic	_	_	Begin=577.774
593-1	SPK0030	Rising	593	231	тұрса	тұрса	linguistic	_	_	End=578.276
594-0	SPK0029	Continuing	594	232	Ууу,	Ууу	linguistic	_	_	Begin=578.223|End=578.352
595-0	SPK0029	Falling	595	232	жарайды.	жарайды	linguistic	_	_	Begin=578.352|End=578.914
596-0	SPK0030	Continuing	596	233	Потому	Потому	linguistic	_	_	Begin=578.862
596-1	SPK0030	Continuing	596	233	что	что	linguistic	_	_	_
596-2	SPK0030	Continuing	596	233	такси	такси	linguistic	_	_	End=579.295
597-0	SPK0030	undefined	597	233	кө:п	көп	linguistic	_	Prolongation=1	Begin=579.295
597-1	SPK0030	undefined	597	233	ақша	ақша	linguistic	_	_	_
597-2	SPK0030	undefined	597	233	же–	же–	linguistic	_	_	End=580.431
598-0	SPK0029	Continuing	598	234	Не	Не	linguistic	_	_	Begin=579.676
598-1	SPK0029	Continuing	598	234	деген	деген	linguistic	_	_	End=580.14
599-0	SPK0029	Falling	599	234	экономныйсың	экономныйсың	linguistic	_	_	Begin=580.14
599-1	SPK0029	Falling	599	234	мынау	мынау	linguistic	_	_	End=581.66
600-0	SPK0030	Continuing	600	235	Қойшы	Қойшы	linguistic	_	_	Begin=581.202
600-1	SPK0030	Continuing	600	235	таксиге	таксиге	linguistic	_	_	_
600-2	SPK0030	Continuing	600	235	көп	көп	linguistic	_	_	_
600-3	SPK0030	Continuing	600	235	ақша	ақша	linguistic	_	_	_
600-4	SPK0030	Continuing	600	235	жұмсап	жұмсап	linguistic	_	_	_
600-5	SPK0030	Continuing	600	235	кеттім	кеттім	linguistic	_	_	End=582.605
601-0	SPK0030	Continuing	601	235	я	я	linguistic	_	_	Begin=582.605
601-1	SPK0030	Continuing	601	235	хочу	хочу	linguistic	_	_	_
601-2	SPK0030	Continuing	601	235	сэкономить,	сэкономить	linguistic	_	_	End=583.718
602-0	SPK0030	Falling	602	235	чуть-чуть.	чуть-чуть	linguistic	_	_	Begin=583.718|End=584.483
603-0	SPK0029	Continuing	603	236	Мен	Мен	linguistic	_	_	Begin=585.704
603-1	SPK0029	Continuing	603	236	төле	төле	linguistic	_	_	_
603-2	SPK0029	Continuing	603	236	салайыншы	салайыншы	linguistic	_	_	End=586.45
604-0	SPK0030	Continuing	604	237	Еще	Еще	linguistic	_	_	Begin=586.169
604-1	SPK0030	Continuing	604	237	таксилар	таксилар	linguistic	_	_	End=586.845
605-0	SPK0029	undefined	605	236	де:	де	linguistic	_	Prolongation=1	Begin=586.45|End=586.845
606-0	SPK0030	Continuing	606	237	бе:с	бес	linguistic	_	Prolongation=1	Begin=586.845
606-1	SPK0030	Continuing	606	237	сағат	сағат	linguistic	_	_	_
606-2	SPK0030	Continuing	606	237	кейін,	кейін	linguistic	_	_	End=587.76
607-0	SPK0029	undefined	607	_	@@@	@@@	linguistic	_	_	Begin=586.845|End=587.352
608-0	SPK0030	undefined	608	237	келген	келген	linguistic	_	_	Begin=587.76
608-1	SPK0030	undefined	608	237	жоқ–	жоқ–	linguistic	_	_	End=588.883
609-0	SPK0029	Continuing	609	238	Барғым	Барғым	linguistic	_	_	Begin=588.323
609-1	SPK0029	Continuing	609	238	келіп	келіп	linguistic	_	_	_
609-2	SPK0029	Continuing	609	238	тұр	тұр	linguistic	_	_	_
609-3	SPK0029	Continuing	609	238	таксимен	таксимен	linguistic	_	_	End=589.619
610-0	SPK0029	Interrupted	610	238	ммм--	ммм--	linguistic	_	Interrupted=Yes	Begin=589.619|End=589.888
611-0	SPK0029	undefined	611	_	@	@	linguistic	_	_	Begin=589.955|End=590.152
612-0	SPK0030	Continuing	612	_	Ммм,	Ммм	linguistic	_	_	Begin=590.435|End=590.549
613-0	SPK0030	Continuing	613	_	де,	де	linguistic	_	_	Begin=590.549|End=590.732
614-0	SPK0030	undefined	614	_	@@@	@@@	linguistic	_	_	Begin=590.732|End=591.368
615-0	SPK0030	Continuing	615	239	Ауызым	Ауызым	linguistic	_	_	Begin=592.402
615-1	SPK0030	Continuing	615	239	шаршап	шаршап	linguistic	_	_	_
615-2	SPK0030	Continuing	615	239	кетті	кетті	linguistic	_	_	_
615-3	SPK0030	Continuing	615	239	менің	менің	linguistic	_	_	End=593.527
616-0	SPK0029	undefined	616	_	@@	@@	linguistic	_	_	Begin=593.421|End=594.546
617-0	SPK0030	undefined	617	_	@@@	@@@	linguistic	_	_	Begin=593.737|End=594.64
618-0	SPK0030	Falling	618	240	Жвачка	Жвачка	linguistic	_	_	Begin=595.496
618-1	SPK0030	Falling	618	240	көп	көп	linguistic	_	_	_
618-2	SPK0030	Falling	618	240	шайнап	шайнап	linguistic	_	_	_
618-3	SPK0030	Falling	618	240	қойдым	қойдым	linguistic	_	_	End=596.609
619-0	SPK0030	Continuing	619	_	А,	А	linguistic	_	_	Begin=597.092|End=597.295
620-0	SPK0030	Continuing	620	243	кстати	кстати	linguistic	_	_	Begin=597.295|End=597.605
621-0	SPK0030	Falling	621	243	маған	маған	linguistic	_	_	Begin=597.605
621-1	SPK0030	Falling	621	243	стоматологқа	стоматологқа	linguistic	_	_	_
621-2	SPK0030	Falling	621	243	бару	бару	linguistic	_	_	_
621-3	SPK0030	Falling	621	243	керек	керек	linguistic	_	_	_
621-4	SPK0030	Falling	621	243	қой	қой	linguistic	_	_	End=598.896
622-0	SPK0029	undefined	622	244	Н	Н	linguistic	_	_	Begin=599.696|End=599.915
623-0	SPK0029	Falling	623	244	Менің	Менің	linguistic	_	_	Begin=599.915
623-1	SPK0029	Falling	623	244	де	де	linguistic	_	_	_
623-2	SPK0029	Falling	623	244	тісім	тісім	linguistic	_	_	_
623-3	SPK0029	Falling	623	244	ауырып	ауырып	linguistic	_	_	_
623-4	SPK0029	Falling	623	244	жүр	жүр	linguistic	_	_	End=600.973
