token_id	speaker	iu_type	tu_id	span	form	type	modality	features	align
0-0	SPK0026	Falling	0	Ойбай	Ойбай	linguistic			Begin=0.060
0-1	SPK0026	Falling	0	ей:.	ей	linguistic		Prolongation=1	End=1.325
1-0	SPK0026	Falling	1	Қаншық-ау	Қаншық-ау	linguistic			Begin=1.430
1-1	SPK0026	Falling	1	деп	деп	linguistic			
1-2	SPK0026	Falling	1	сөйтті.	сөйтті	linguistic			End=2.675
2-0	SPK0023	undefined	2	@@@@	@@@@	linguistic			Begin=2.650|End=3.829
3-0	SPK0025	undefined	3	@@@@	@@@@	linguistic			Begin=2.690|End=3.956
4-0	SPK0023	undefined	4	@@@	@@@	linguistic			Begin=4.050|End=5.384
5-0	SPK0026	Falling	5	Тәтем.	Тәтем	linguistic			Begin=4.140|End=4.706
6-0	SPK0026	Falling	6	¬Жекесенді	Жекесенді	linguistic		Anonymized=Yes	Begin=4.750
6-1	SPK0026	Falling	6	жақсы	жақсы	linguistic			
6-2	SPK0026	Falling	6	көреді	көреді	linguistic			
6-3	SPK0026	Falling	6	емес	емес	linguistic			
6-4	SPK0026	Falling	6	пе.	пе	linguistic			End=6.450
7-0	SPK0023	Falling	7	Мхм.	Мхм	linguistic			Begin=5.929|End=6.839
8-0	SPK0026	Continuing	8	Ойбу	Ойбу	linguistic			Begin=6.450
8-1	SPK0026	Continuing	8	қаншық,	қаншық	linguistic			End=8.059
9-0	SPK0026	Falling	9	қой.	қой	linguistic			Begin=8.059|End=8.410
10-0	SPK0026	Falling	10	Үйтпе.	Үйтпе	linguistic			Begin=8.410|End=9.193
11-0	SPK0026	Falling	11	###.	###	unknown			Begin=9.259|End=11.050
12-0	SPK0024	Continuing	12	¬Жексен	Жексен	linguistic		Anonymized=Yes	Begin=9.480
12-1	SPK0024	Continuing	12	сенің	сенің	linguistic			
12-2	SPK0024	Continuing	12	қаның	қаның	linguistic			
12-3	SPK0024	Continuing	12	емес	емес	linguistic			
12-4	SPK0024	Continuing	12	пе	пе	linguistic			
12-5	SPK0024	Continuing	12	ей,	ей	linguistic			End=10.650
13-0	SPK0024	Falling	13	қаншық	қаншық	linguistic			Begin=10.650
13-1	SPK0024	Falling	13	деп	деп	linguistic			
13-2	SPK0024	Falling	13	қояды	қояды	linguistic			
13-3	SPK0024	Falling	13	мынаған.	мынаған	linguistic			End=11.449
14-0	SPK0026	Continuing	14	Иә,	Иә	linguistic			Begin=11.414|End=11.985
15-0	SPK0024	undefined	15	@@	@@	linguistic			Begin=11.449|End=11.971
16-0	SPK0023	Rising	16	А?	А	linguistic			Begin=11.510|End=11.888
17-0	SPK0023	undefined	17	@	@	linguistic			Begin=11.960|End=12.369
18-0	SPK0026	Continuing	18	мен	мен	linguistic			Begin=12.066
18-1	SPK0026	Continuing	18	шымшып,	шымшып	linguistic			End=12.900
19-0	SPK0024	Continuing	19	¬Жексен	Жексен	linguistic		Anonymized=Yes	Begin=12.180
19-1	SPK0024	Continuing	19	саған,	саған	linguistic			End=12.946
20-0	SPK0026	Falling	20	шымшып	шымшып	linguistic			Begin=12.900
20-1	SPK0026	Falling	20	алды.	алды	linguistic			End=13.840
21-0	SPK0024	Continuing	21	қаның,	қаның	linguistic			Begin=12.946|End=13.530
22-0	SPK0024	Falling	22	қаншық	қаншық	linguistic			Begin=13.530
22-1	SPK0024	Falling	22	деп	деп	linguistic			
22-2	SPK0024	Falling	22	қояды.	қояды	linguistic			End=14.574
23-0	SPK0023	undefined	23	@@@@@	@@@@@	linguistic			Begin=13.915|End=14.886
24-0	SPK0025	undefined	24	@@@@	@@@@	linguistic			Begin=13.955|End=14.740
25-0	SPK0026	Falling	25	¬Жексен	Жексен	linguistic		Anonymized=Yes	Begin=14.500
25-1	SPK0026	Falling	25	#.	#	unknown			End=15.780
26-0	SPK0027	Continuing	26	Есі	Есі	linguistic			Begin=14.900
26-1	SPK0027	Continuing	26	дұрыс	дұрыс	linguistic			
26-2	SPK0027	Continuing	26	кісі,	кісі	linguistic			End=15.680
27-0	SPK0027	Continuing	27	қайын	қайын	linguistic			Begin=15.680
27-1	SPK0027	Continuing	27	жұртына	жұртына	linguistic			
27-2	SPK0027	Continuing	27	бара	бара	linguistic			
27-3	SPK0027	Continuing	27	ма,	ма	linguistic			End=16.560
28-0	SPK0027	Falling	28	күйеуінің	күйеуінің	linguistic			Begin=16.580
28-1	SPK0027	Falling	28	###.	###	unknown			End=17.499
29-0	SPK0023	undefined	29	@@@	@@@	linguistic			Begin=17.100
29-1	SPK0023	undefined	29	@@	@@	linguistic			
29-2	SPK0023	undefined	29	@@	@@	linguistic			End=19.920
30-0	SPK0024	undefined	30	@@@@@@	@@@@@@	linguistic			Begin=17.120|End=18.942
31-0	SPK0025	undefined	31	@@@	@@@	linguistic			Begin=17.127
31-1	SPK0025	undefined	31	@@@@@	@@@@@	linguistic			End=19.710
32-0	SPK0026	Continuing	32	Содан	Содан	linguistic			Begin=18.953
32-1	SPK0026	Continuing	32	кейін	кейін	linguistic			
32-2	SPK0026	Continuing	32	####,	####	unknown			End=20.378
33-0	SPK0024	undefined	33	@@@@	@@@@	linguistic			Begin=20.300|End=21.487
34-0	SPK0026	Continuing	34	содан	содан	linguistic			Begin=20.485
34-1	SPK0026	Continuing	34	кейін,	кейін	linguistic			End=21.354
35-0	SPK0026	Falling	35	##.	##	unknown			Begin=21.545|End=22.024
36-0	SPK0026	Continuing	36	Тәтем	Тәтем	linguistic			Begin=22.140
36-1	SPK0026	Continuing	36	келіп	келіп	linguistic			
36-2	SPK0026	Continuing	36	шымшып,	шымшып	linguistic			End=23.160
37-0	SPK0026	Falling	37	шымшып	шымшып	linguistic			Begin=23.160
37-1	SPK0026	Falling	37	алады	алады	linguistic			
37-2	SPK0026	Falling	37	мені.	мені	linguistic			End=24.348
38-0	SPK0026	Continuing	38	Ойбай	Ойбай	linguistic			Begin=24.360
38-1	SPK0026	Continuing	38	ей,	ей	linguistic			End=25.100
39-0	SPK0026	Continuing	39	қаншық-ау,	қаншық-ау	linguistic			Begin=25.100|End=25.817
40-0	SPK0023	undefined	40	@@@	@@@	linguistic			Begin=25.765|End=26.543
41-0	SPK0026	Continuing	41	бұл,	бұл	linguistic			Begin=25.890|End=26.424
42-0	SPK0026	Falling	42	¬Жексен	Жексен	linguistic		Anonymized=Yes	Begin=26.520
42-1	SPK0026	Falling	42	сенің	сенің	linguistic			
42-2	SPK0026	Falling	42	қаның	қаның	linguistic			
42-3	SPK0026	Falling	42	емес	емес	linguistic			
42-4	SPK0026	Falling	42	пе.	пе	linguistic			End=28.116
43-0	SPK0023	Falling	43	Аха.	Аха	linguistic			Begin=27.865|End=28.275
44-0	SPK0026	Falling	44	A.	A	linguistic			Begin=28.260|End=28.855
45-0	SPK0025	undefined	45	@@@	@@@	linguistic			Begin=28.850|End=30.250
46-0	SPK0026	undefined	46	@@	@@	linguistic			Begin=28.955|End=29.805
47-0	SPK0026	undefined	47	Бөлме	Бөлме	linguistic			Begin=29.805
47-1	SPK0026	undefined	47	деп	деп	linguistic			
47-2	SPK0026	undefined	47	@	@	linguistic			End=31.077
48-0	SPK0024	Continuing	48	Бөлме	Бөлме	linguistic			Begin=30.450
48-1	SPK0024	Continuing	48	деп,	деп	linguistic			End=31.166
49-0	SPK0024	Continuing	49	мына	мына	linguistic			Begin=31.171
49-1	SPK0024	Continuing	49	айтты,	айтты	linguistic			End=31.530
50-0	SPK0026	Interrupted	50	Бөл—	Бөл	linguistic		Interrupted=Yes	Begin=31.438|End=32.161
51-0	SPK0024	Falling	51	бармайсың	бармайсың	linguistic			Begin=31.530
51-1	SPK0024	Falling	51	енді	енді	linguistic			
51-2	SPK0024	Falling	51	деп.	деп	linguistic			End=32.120
52-0	SPK0024	undefined	52	##	##	unknown			Begin=32.120|End=32.638
53-0	SPK0026	Falling	53	Иә.	Иә	linguistic			Begin=32.348|End=32.865
54-0	SPK0024	Falling	54	Енді	Енді	linguistic			Begin=32.858
54-1	SPK0024	Falling	54	не	не	linguistic			
54-2	SPK0024	Falling	54	етіңдерші	етіңдерші	linguistic			
54-3	SPK0024	Falling	54	деп.	деп	linguistic			End=33.857
55-0	SPK0026	Falling	55	Бармайсың.	Бармайсың	linguistic			Begin=32.865|End=33.577
56-0	SPK0027	Falling	56	Мақұлықпын	Мақұлықпын	linguistic			Begin=33.956
56-1	SPK0027	Falling	56	иә	иә	linguistic			
56-2	SPK0027	Falling	56	вообще	вообще	linguistic			
56-3	SPK0027	Falling	56	а.	а	linguistic			End=35.099
57-0	SPK0023	Falling	57	Мхм.	Мхм	linguistic			Begin=34.428|End=34.876
58-0	SPK0024	Falling	58	Иә.	Иә	linguistic			Begin=34.785|End=35.221
59-0	SPK0027	undefined	59	@@@	@@@	linguistic			Begin=35.199|End=36.046
60-0	SPK0024	undefined	60	@@@@	@@@@	linguistic			Begin=35.256|End=36.335
61-0	SPK0026	undefined	61	@@	@@	linguistic			Begin=35.459|End=36.635
62-0	SPK0023	undefined	62	@@@	@@@	linguistic			Begin=35.495
62-1	SPK0023	undefined	62	@	@	linguistic			End=36.912
63-0	SPK0026	undefined	63	##	##	unknown			Begin=36.635|End=36.942
64-0	SPK0026	Falling	64	Ол	Ол	linguistic			Begin=37.032
64-1	SPK0026	Falling	64	ө-	ө	linguistic		Interrupted=Yes	
64-2	SPK0026	Falling	64	өтірік	өтірік	linguistic			
64-3	SPK0026	Falling	64	пе	пе	linguistic			
64-4	SPK0026	Falling	64	шын	шын	linguistic			
64-5	SPK0026	Falling	64	ба	ба	linguistic			
64-6	SPK0026	Falling	64	айтшы	айтшы	linguistic			
64-7	SPK0026	Falling	64	соны.	соны	linguistic			End=38.430
65-0	SPK0027	Falling	65	Жоқ	Жоқ	linguistic			Begin=38.566
65-1	SPK0027	Falling	65	рас.	рас	linguistic			End=39.127
66-0	SPK0026	Falling	66	Сосын	Сосын	linguistic			Begin=39.384
66-1	SPK0026	Falling	66	бармайсың	бармайсың	linguistic			
66-2	SPK0026	Falling	66	деп	деп	linguistic			
66-3	SPK0026	Falling	66	сөйттім.	сөйттім	linguistic			End=40.504
67-0	SPK0026	Falling	67	Енді	Енді	linguistic			Begin=40.520
67-1	SPK0026	Falling	67	Ахметке	Ахметке	linguistic			
67-2	SPK0026	Falling	67	барамын	барамын	linguistic			
67-3	SPK0026	Falling	67	деген	деген	linguistic			
67-4	SPK0026	Falling	67	сөзіңді	сөзіңді	linguistic			
67-5	SPK0026	Falling	67	қой	қой	linguistic			
67-6	SPK0026	Falling	67	дедім	дедім	linguistic			
67-7	SPK0026	Falling	67	мен.	мен	linguistic			End=43.536
68-0	SPK0026	Falling	68	Айтпа.	Айтпа	linguistic			Begin=43.655|End=44.273
69-0	SPK0026	Continuing	69	Содан	Содан	linguistic			Begin=44.941
69-1	SPK0026	Continuing	69	кейін	кейін	linguistic			
69-2	SPK0026	Continuing	69	бар	бар	linguistic			
69-3	SPK0026	Continuing	69	ғой	ғой	linguistic			
69-4	SPK0026	Continuing	69	иә,	иә	linguistic			End=46.042
70-0	SPK0026	Continuing	70	¬Жексен	Жексен	linguistic		Anonymized=Yes	Begin=46.395
70-1	SPK0026	Continuing	70	келді,	келді	linguistic			End=47.263
71-0	SPK0026	Continuing	71	¬Жексен,	Жексен	linguistic		Anonymized=Yes	Begin=47.649|End=48.470
72-0	SPK0027	undefined	72	@@@@@	@@@@@	linguistic			Begin=48.621|End=49.342
73-0	SPK0026	Continuing	73	ана,	ана	linguistic			Begin=48.940|End=49.344
74-0	SPK0026	Falling	74	тәтемнің	тәтемнің	linguistic			Begin=49.392
74-1	SPK0026	Falling	74	гәлөші	гәлөші	linguistic			
74-2	SPK0026	Falling	74	ме	ме	linguistic			
74-3	SPK0026	Falling	74	неменесі	неменесі	linguistic			
74-4	SPK0026	Falling	74	тұрған.	тұрған	linguistic			End=51.229
75-0	SPK0026	Continuing	75	Басынан,	Басынан	linguistic			Begin=51.229|End=51.947
76-0	SPK0026	Continuing	76	періп	періп	linguistic			Begin=51.947
76-1	SPK0026	Continuing	76	періп	періп	linguistic			
76-2	SPK0026	Continuing	76	бірақ,	бірақ	linguistic			End=53.299
77-0	SPK0026	Falling	77	қуып	қуып	linguistic			Begin=53.333
77-1	SPK0026	Falling	77	шықтым	шықтым	linguistic			
77-2	SPK0026	Falling	77	үйден.	үйден	linguistic			End=54.464
78-0	SPK0026	Falling	78	Кет.	Кет	linguistic			Begin=54.464|End=55.217
79-0	SPK0026	Continuing	79	Жолама,	Жолама	linguistic			Begin=55.331|End=55.825
80-0	SPK0026	Falling	80	қатын	қатын	linguistic			Begin=55.825
80-1	SPK0026	Falling	80	ба	ба	linguistic			
80-2	SPK0026	Falling	80	саған	саған	linguistic			
80-3	SPK0026	Falling	80	деп.	деп	linguistic			End=56.796
81-0	SPK0023	undefined	81	@@@@	@@@@	linguistic			Begin=57.011|End=58.392
82-0	SPK0026	Falling	82	Арағыңды	Арағыңды	linguistic			Begin=57.107
82-1	SPK0026	Falling	82	іш	іш	linguistic			
82-2	SPK0026	Falling	82	те	те	linguistic			
82-3	SPK0026	Falling	82	жүр	жүр	linguistic			
82-4	SPK0026	Falling	82	дедім.	дедім	linguistic			End=58.605
83-0	SPK0026	Continuing	83	Содан	Содан	linguistic			Begin=58.644
83-1	SPK0026	Continuing	83	кейін,	кейін	linguistic			End=59.857
84-0	SPK0026	Rising	84	қуып	қуып	linguistic			Begin=59.857
84-1	SPK0026	Rising	84	жібердім	жібердім	linguistic			
84-2	SPK0026	Rising	84	иә?	иә	linguistic			End=60.824
85-0	SPK0026	Falling	85	Келді	Келді	linguistic			Begin=62.175
85-1	SPK0026	Falling	85	де.	де	linguistic			End=62.750
86-0	SPK0023	undefined	86	@@	@@	linguistic			Begin=63.032|End=63.677
87-0	SPK0026	Falling	87	Потом	Потом	linguistic			Begin=63.094
87-1	SPK0026	Falling	87	бір	бір	linguistic			
87-2	SPK0026	Falling	87	уақта.	уақта	linguistic			End=64.211
88-0	SPK0026	Continuing	88	Бір	Бір	linguistic			Begin=64.266
88-1	SPK0026	Continuing	88	екі	екі	linguistic			
88-2	SPK0026	Continuing	88	үш	үш	linguistic			
88-3	SPK0026	Continuing	88	күннен	күннен	linguistic			
88-4	SPK0026	Continuing	88	кейін,	кейін	linguistic			End=65.784
89-0	SPK0026	Continuing	89	апай,	апай	linguistic			Begin=65.839|End=67.036
90-0	SPK0026	Continuing	90	баланы	баланы	linguistic			Begin=67.036
90-1	SPK0026	Continuing	90	ұстай	ұстай	linguistic			
90-2	SPK0026	Continuing	90	тұрыңызшы	тұрыңызшы	linguistic			
90-3	SPK0026	Continuing	90	дейді,	дейді	linguistic			End=68.342
91-0	SPK0026	Falling	91	маған.	маған	linguistic			Begin=68.342|End=69.160
92-0	SPK0026	Falling	92	Кешке	Кешке	linguistic			Begin=69.160
92-1	SPK0026	Falling	92	жақын.	жақын	linguistic			End=70.388
93-0	SPK0023	Falling	93	Аха.	Аха	linguistic			Begin=70.659|End=71.288
94-0	SPK0026	Falling	94	Одан	Одан	linguistic			Begin=71.635
94-1	SPK0026	Falling	94	кейін	кейін	linguistic			
94-2	SPK0026	Falling	94	ана	ана	linguistic			
94-3	SPK0026	Falling	94	баланы	баланы	linguistic			
94-4	SPK0026	Falling	94	ұстап	ұстап	linguistic			
94-5	SPK0026	Falling	94	қаламын.	қаламын	linguistic			End=73.147
95-0	SPK0026	Falling	95	Сөйтсе	Сөйтсе	linguistic			Begin=73.509
95-1	SPK0026	Falling	95	екеуі	екеуі	linguistic			
95-2	SPK0026	Falling	95	Ертістің	Ертістің	linguistic			
95-3	SPK0026	Falling	95	жағасында	жағасында	linguistic			
95-4	SPK0026	Falling	95	кездеседі	кездеседі	linguistic			
95-5	SPK0026	Falling	95	екен.	екен	linguistic			End=75.658
96-0	SPK0027	undefined	96	@@@@@@	@@@@@@	linguistic			Begin=75.190
96-1	SPK0027	undefined	96	##	##	unknown			End=77.246
97-0	SPK0025	undefined	97	@@@@@	@@@@@	linguistic			Begin=75.249|End=76.956
98-0	SPK0026	undefined	98	@@	@@	linguistic			Begin=75.768
98-1	SPK0026	undefined	98	@мен	@мен	linguistic			
98-2	SPK0026	undefined	98	@де	@де	linguistic			
98-3	SPK0026	undefined	98	@білмеймін	@білмеймін	linguistic			
98-4	SPK0026	undefined	98	@	@	linguistic			End=77.962
99-0	SPK0024	undefined	99	@@@@	@@@@	linguistic			Begin=75.942|End=77.650
100-0	SPK0027	undefined	100	@@@	@@@	linguistic			Begin=77.305|End=79.400
101-0	SPK0026	Falling	101	Екеуі	Екеуі	linguistic			Begin=77.962
101-1	SPK0026	Falling	101	Ертістің	Ертістің	linguistic			
101-2	SPK0026	Falling	101	жағасында	жағасында	linguistic			
101-3	SPK0026	Falling	101	кездеседі	кездеседі	linguistic			
101-4	SPK0026	Falling	101	екен.	екен	linguistic			End=80.001
102-0	SPK0026	Falling	102	Әгі	Әгі	linguistic			Begin=80.052
102-1	SPK0026	Falling	102	баланы	баланы	linguistic			
102-2	SPK0026	Falling	102	маған	маған	linguistic			
102-3	SPK0026	Falling	102	тастап	тастап	linguistic			
102-4	SPK0026	Falling	102	кетеді.	кетеді	linguistic			End=81.733
103-0	SPK0027	undefined	103	@@@@	@@@@	linguistic			Begin=80.159|End=82.182
104-0	SPK0025	undefined	104	@@@@	@@@@	linguistic			Begin=80.328|End=82.351
105-0	SPK0024	undefined	105	@@	@@	linguistic			Begin=81.784|End=82.500
106-0	SPK0026	undefined	106	@@	@@	linguistic			Begin=81.808|End=83.076
107-0	SPK0027	undefined	107	Бала	Бала	linguistic			Begin=82.245
107-1	SPK0027	undefined	107	әне	әне	linguistic			
107-2	SPK0027	undefined	107	десеңізші	десеңізші	linguistic			
107-3	SPK0027	undefined	107	уже	уже	linguistic			
107-4	SPK0027	undefined	107	@@@	@@@	linguistic			End=84.045
108-0	SPK0023	undefined	108	@@@@	@@@@	linguistic			Begin=83.347|End=85.229
109-0	SPK0026	undefined	109	@@@	@@@	linguistic			Begin=83.412
109-1	SPK0026	undefined	109	ол	ол	linguistic			
109-2	SPK0026	undefined	109	@анау	@анау	linguistic			
109-3	SPK0026	undefined	109	@	@	linguistic			End=86.007
110-0	SPK0024	undefined	110	@@@	@@@	linguistic			Begin=83.862|End=85.197
111-0	SPK0027	Falling	111	Сол	Сол	linguistic			Begin=85.119
111-1	SPK0027	Falling	111	кездегі	кездегі	linguistic			
111-2	SPK0027	Falling	111	бала	бала	linguistic			
111-3	SPK0027	Falling	111	әне.	әне	linguistic			End=86.387
112-0	SPK0024	Falling	112	Иә	Иә	linguistic			Begin=86.283
112-1	SPK0024	Falling	112	анда-санда	анда-санда	linguistic			
112-2	SPK0024	Falling	112	бізде	бізде	linguistic			
112-3	SPK0024	Falling	112	жүретұғын	жүретұғын	linguistic			
112-4	SPK0024	Falling	112	мынау.	мынау	linguistic			End=87.469
113-0	SPK0026	undefined	113	####	####	unknown			Begin=87.418|End=88.880
114-0	SPK0024	Falling	114	Тә:тті	Тәтті	linguistic		Prolongation=1	Begin=87.469
114-1	SPK0024	Falling	114	бола	бола	linguistic			
114-2	SPK0024	Falling	114	тұғын.	тұғын	linguistic			End=88.509
115-0	SPK0027	Falling	115	¬Сая	Сая	linguistic		Anonymized=Yes	Begin=88.423
115-1	SPK0027	Falling	115	апай	апай	linguistic			
115-2	SPK0027	Falling	115	сосын	сосын	linguistic			
115-3	SPK0027	Falling	115	жақсы	жақсы	linguistic			
115-4	SPK0027	Falling	115	көреді	көреді	linguistic			
115-5	SPK0027	Falling	115	оны.	оны	linguistic			End=90.023
116-0	SPK0024	Falling	116	Менде	Менде	linguistic			Begin=88.509
116-1	SPK0024	Falling	116	жүретұғын.	жүретұғын	linguistic			End=89.514
117-0	SPK0026	Continuing	117	Иә,	Иә	linguistic			Begin=89.037|End=89.805
118-0	SPK0026	Falling	118	а.	а	linguistic			Begin=89.928|End=90.605
119-0	SPK0024	Falling	119	Аа.	Аа	linguistic			Begin=90.129|End=90.709
120-0	SPK0027	Falling	120	Сіз	Сіз	linguistic			Begin=90.440
120-1	SPK0027	Falling	120	жақсы	жақсы	linguistic			
120-2	SPK0027	Falling	120	көресіз	көресіз	linguistic			
120-3	SPK0027	Falling	120	сосын	сосын	linguistic			
120-4	SPK0027	Falling	120	¬Серікжанды.	Серікжанды	linguistic		Anonymized=Yes	End=92.938
121-0	SPK0024	Falling	121	Біздің	Біздің	linguistic			Begin=91.822
121-1	SPK0024	Falling	121	үйде	үйде	linguistic			
121-2	SPK0024	Falling	121	жүретұғын.	жүретұғын	linguistic			End=93.376
122-0	SPK0026	Continuing	122	О-	О	linguistic		Interrupted=Yes	Begin=91.832
122-1	SPK0026	Continuing	122	оны,	оны	linguistic			End=92.957
123-0	SPK0023	Falling	123	Аха.	Аха	linguistic			Begin=92.705|End=93.403
124-0	SPK0026	Continuing	124	кішкентай	кішкентай	linguistic			Begin=92.957
124-1	SPK0026	Continuing	124	күнінде	күнінде	linguistic			
124-2	SPK0026	Continuing	124	әгі	әгі	linguistic			
124-3	SPK0026	Continuing	124	көбінде	көбінде	linguistic			
124-4	SPK0026	Continuing	124	қойынымда,	қойынымда	linguistic			End=95.042
125-0	SPK0023	Rising	125	Екеуі	Екеуі	linguistic			Begin=94.718
125-1	SPK0023	Rising	125	свиданиеға	свиданиеға	linguistic			
125-2	SPK0023	Rising	125	кетіп	кетіп	linguistic			
125-3	SPK0023	Rising	125	қалады	қалады	linguistic			
125-4	SPK0023	Rising	125	иә?	иә	linguistic			End=96.789
126-0	SPK0026	Interrupted	126	келіп	келіп	linguistic			Begin=95.042
126-1	SPK0026	Interrupted	126	жат—	жат	linguistic		Interrupted=Yes	End=96.466
127-0	SPK0026	Interrupted	127	Екеуі	Екеуі	linguistic			Begin=96.900
127-1	SPK0026	Interrupted	127	сүйісіп	сүйісіп	linguistic			
127-2	SPK0026	Interrupted	127	алай#	алай#	linguistic			
127-3	SPK0026	Interrupted	127	###—	###	unknown		Interrupted=Yes	End=99.482
128-0	SPK0025	undefined	128	@@@@@	@@@@@	linguistic			Begin=97.877|End=99.416
129-0	SPK0023	undefined	129	@@@@@@@	@@@@@@@	linguistic			Begin=97.989|End=100.192
130-0	SPK0024	undefined	130	######	######	unknown			Begin=99.778|End=101.836
131-0	SPK0027	undefined	131	######	######	unknown			Begin=100.828
131-1	SPK0027	undefined	131	@@	@@	linguistic			End=102.371
132-0	SPK0026	Falling	132	Шын.	Шын	linguistic			Begin=101.038|End=101.566
133-0	SPK0023	undefined	133	@@	@@	linguistic			Begin=102.472
133-1	SPK0023	undefined	133	##	##	unknown			End=103.866
134-0	SPK0026	Falling	134	Енді	Енді	linguistic			Begin=102.628
134-1	SPK0026	Falling	134	немене	немене	linguistic			
134-2	SPK0026	Falling	134	істейсіңдер	істейсіңдер	linguistic			
134-3	SPK0026	Falling	134	ей.	ей	linguistic			End=103.761
135-0	SPK0023	Continuing	135	Көріп	Көріп	linguistic			Begin=103.866
135-1	SPK0023	Continuing	135	тұрған	тұрған	linguistic			
135-2	SPK0023	Continuing	135	шығар	шығар	linguistic			
135-3	SPK0023	Continuing	135	терезеден,	терезеден	linguistic			End=104.943
136-0	SPK0026	undefined	136	#	#	unknown			Begin=104.654|End=105.927
137-0	SPK0023	Falling	137	балконның	балконның	linguistic			Begin=104.943
137-1	SPK0023	Falling	137	ар	ар	linguistic			
137-2	SPK0023	Falling	137	жағында	жағында	linguistic			
137-3	SPK0023	Falling	137	#	#	unknown			
137-4	SPK0023	Falling	137	енді.	енді	linguistic			End=106.258
138-0	SPK0024	Falling	138	Не	Не	linguistic			Begin=104.976
138-1	SPK0024	Falling	138	істейсіңдер	істейсіңдер	linguistic			
138-2	SPK0024	Falling	138	сен	сен	linguistic			
138-3	SPK0024	Falling	138	енді.	енді	linguistic			End=106.067
139-0	SPK0024	undefined	139	####	####	unknown			Begin=106.086|End=106.642
140-0	SPK0026	Falling	140	Екі	Екі	linguistic			Begin=106.128
140-1	SPK0026	Falling	140	сағат	сағат	linguistic			
140-2	SPK0026	Falling	140	үш	үш	linguistic			
140-3	SPK0026	Falling	140	сағат	сағат	linguistic			
140-4	SPK0026	Falling	140	дейді.	дейді	linguistic			End=107.869
141-0	SPK0024	undefined	141	#	#	unknown			Begin=106.642|End=107.190
142-0	SPK0027	Falling	142	Ұрсысамыз	Ұрсысамыз	linguistic			Begin=107.107
142-1	SPK0027	Falling	142	может	может	linguistic			
142-2	SPK0027	Falling	142	қайдан	қайдан	linguistic			
142-3	SPK0027	Falling	142	білесіз.	білесіз	linguistic			End=108.671
143-0	SPK0023	undefined	143	@@@@@@	@@@@@@	linguistic			Begin=108.327|End=110.091
144-0	SPK0027	undefined	144	@@@@@	@@@@@	linguistic			Begin=108.688|End=110.328
145-0	SPK0025	undefined	145	@@@@	@@@@	linguistic			Begin=108.785|End=109.876
146-0	SPK0026	Continuing	146	Содан	Содан	linguistic			Begin=109.409
146-1	SPK0026	Continuing	146	кейін	кейін	linguistic			
146-2	SPK0026	Continuing	146	келді	келді	linguistic			
146-3	SPK0026	Continuing	146	бір	бір	linguistic			
146-4	SPK0026	Continuing	146	күні	күні	linguistic			
146-5	SPK0026	Continuing	146	содан	содан	linguistic			
146-6	SPK0026	Continuing	146	кейін,	кейін	linguistic			End=110.678
147-0	SPK0026	Continuing	147	бір	бір	linguistic			Begin=110.678
147-1	SPK0026	Continuing	147	уақта	уақта	linguistic			
147-2	SPK0026	Continuing	147	бүйтті,	бүйтті	linguistic			End=111.791
148-0	SPK0023	undefined	148	@@@@	@@@@	linguistic			Begin=110.961|End=111.585
149-0	SPK0026	Continuing	149	ана,	ана	linguistic			Begin=111.838|End=112.196
150-0	SPK0026	Falling	150	¬Любашка	Любашка	linguistic		Anonymized=Yes	Begin=112.229
150-1	SPK0026	Falling	150	айтып	айтып	linguistic			
150-2	SPK0026	Falling	150	қойды	қойды	linguistic			
150-3	SPK0026	Falling	150	ғой.	ғой	linguistic			End=113.147
151-0	SPK0023	undefined	151	Мына	Мына	linguistic			Begin=112.681
151-1	SPK0023	undefined	151	камераны	камераны	linguistic			
151-2	SPK0023	undefined	151	бекер	бекер	linguistic			
151-3	SPK0023	undefined	151	қойдық	қойдық	linguistic			
151-4	SPK0023	undefined	151	қой	қой	linguistic			
151-5	SPK0023	undefined	151	иә	иә	linguistic			
151-6	SPK0023	undefined	151	@@@@@	@@@@@	linguistic			End=115.765
152-0	SPK0026	Interrupted	152	Әй	Әй	linguistic			Begin=113.147
152-1	SPK0026	Interrupted	152	ана	ана	linguistic			
152-2	SPK0026	Interrupted	152	екеуі—	екеуі	linguistic		Interrupted=Yes	End=114.852
153-0	SPK0027	Falling	153	@@	@@	linguistic			Begin=114.211
153-1	SPK0027	Falling	153	тұра	тұра	linguistic			
153-2	SPK0027	Falling	153	берсін.	берсін	linguistic			End=115.945
154-0	SPK0025	undefined	154	@@	@@	linguistic			Begin=114.371|End=115.757
155-0	SPK0026	Falling	155	¬Любашка.	Любашка	linguistic		Anonymized=Yes	Begin=114.952|End=115.617
156-0	SPK0026	Falling	156	Әй	Әй	linguistic			Begin=115.720
156-1	SPK0026	Falling	156	¬Любашка	Любашка	linguistic		Anonymized=Yes	
156-2	SPK0026	Falling	156	айтты	айтты	linguistic			
156-3	SPK0026	Falling	156	ана	ана	linguistic			
156-4	SPK0026	Falling	156	екеуі	екеуі	linguistic			
156-5	SPK0026	Falling	156	кездесіп	кездесіп	linguistic			
156-6	SPK0026	Falling	156	жүр	жүр	linguistic			
156-7	SPK0026	Falling	156	екен	екен	linguistic			
156-8	SPK0026	Falling	156	деп.	деп	linguistic			End=117.928
157-0	SPK0027	Falling	157	Оған	Оған	linguistic			Begin=116.302
157-1	SPK0027	Falling	157	түк	түк	linguistic			
157-2	SPK0027	Falling	157	етпейді.	етпейді	linguistic			End=117.141
158-0	SPK0023	Falling	158	Мхм.	Мхм	linguistic			Begin=117.090|End=117.910
159-0	SPK0026	Rising	159	¬Люба	Люба	linguistic		Anonymized=Yes	Begin=118.403
159-1	SPK0026	Rising	159	сен	сен	linguistic			
159-2	SPK0026	Rising	159	қайдан	қайдан	linguistic			
159-3	SPK0026	Rising	159	біліп	біліп	linguistic			
159-4	SPK0026	Rising	159	қойдың	қойдың	linguistic			
159-5	SPK0026	Rising	159	ей	ей	linguistic			
159-6	SPK0026	Rising	159	соны?	соны	linguistic			End=120.445
160-0	SPK0024	Falling	160	Мен	Мен	linguistic			Begin=120.100
160-1	SPK0024	Falling	160	білмеймін	білмеймін	linguistic			
160-2	SPK0024	Falling	160	мен.	мен	linguistic			End=120.919
161-0	SPK0024	Falling	161	Есімде	Есімде	linguistic			Begin=120.919
161-1	SPK0024	Falling	161	жоқ.	жоқ	linguistic			End=121.730
162-0	SPK0026	Falling	162	Сен	Сен	linguistic			Begin=121.221
162-1	SPK0026	Falling	162	айттың	айттың	linguistic			
162-2	SPK0026	Falling	162	маған.	маған	linguistic			End=122.280
163-0	SPK0026	Continuing	163	Содан	Содан	linguistic			Begin=122.435
163-1	SPK0026	Continuing	163	кейін	кейін	linguistic			
163-2	SPK0026	Continuing	163	мен	мен	linguistic			
163-3	SPK0026	Continuing	163	әгі,	әгі	linguistic			End=122.981
164-0	SPK0027	undefined	164	###	###	unknown			Begin=122.973|End=124.114
165-0	SPK0026	Continuing	165	¬Жанардан	Жанардан	linguistic		Anonymized=Yes	Begin=123.072
165-1	SPK0026	Continuing	165	сұрадым	сұрадым	linguistic			
165-2	SPK0026	Continuing	165	ей	ей	linguistic			
165-3	SPK0026	Continuing	165	¬Жанар,	Жанар	linguistic		Anonymized=Yes	End=124.620
166-0	SPK0027	Falling	166	Мх.	Мх	linguistic			Begin=124.487|End=125.070
167-0	SPK0026	Continuing	167	сен	сен	linguistic			Begin=124.989
167-1	SPK0026	Continuing	167	анау,	анау	linguistic			End=125.603
168-0	SPK0026	Rising	168	баланы	баланы	linguistic			Begin=125.603
168-1	SPK0026	Rising	168	тастап	тастап	linguistic			
168-2	SPK0026	Rising	168	кеткенде	кеткенде	linguistic			
168-3	SPK0026	Rising	168	сен	сен	linguistic			
168-4	SPK0026	Rising	168	қайда	қайда	linguistic			
168-5	SPK0026	Rising	168	бардың?	бардың	linguistic			End=127.334
169-0	SPK0026	Continuing	169	Содан	Содан	linguistic			Begin=128.763
169-1	SPK0026	Continuing	169	кейін	кейін	linguistic			
169-2	SPK0026	Continuing	169	####	####	unknown			
169-3	SPK0026	Continuing	169	(H),	(H)	_			End=130.070
170-0	SPK0026	Continuing	170	тағы	тағы	linguistic			Begin=130.070
170-1	SPK0026	Continuing	170	да	да	linguistic			
170-2	SPK0026	Continuing	170	болмай	болмай	linguistic			
170-3	SPK0026	Continuing	170	тұр,	тұр	linguistic			End=130.964
171-0	SPK0026	Continuing	171	##,	##	unknown			Begin=130.964|End=131.447
172-0	SPK0026	Continuing	172	тағы	тағы	linguistic			Begin=131.447
172-1	SPK0026	Continuing	172	да	да	linguistic			
172-2	SPK0026	Continuing	172	барамын	барамын	linguistic			
172-3	SPK0026	Continuing	172	деп	деп	linguistic			
172-4	SPK0026	Continuing	172	әгі,	әгі	linguistic			End=132.584
173-0	SPK0026	Continuing	173	Апай	Апай	linguistic			Begin=133.166
173-1	SPK0026	Continuing	173	ұстай	ұстай	linguistic			
173-2	SPK0026	Continuing	173	тұрыңызшы	тұрыңызшы	linguistic			
173-3	SPK0026	Continuing	173	ме:н,	мен	linguistic		Prolongation=1	End=134.535
174-0	SPK0026	Falling	174	аптека	аптека	linguistic			Begin=134.618
174-1	SPK0026	Falling	174	дей	дей	linguistic			
174-2	SPK0026	Falling	174	ме	ме	linguistic			
174-3	SPK0026	Falling	174	вообщем	вообщем	linguistic			
174-4	SPK0026	Falling	174	бірдеңелерді	бірдеңелерді	linguistic			
174-5	SPK0026	Falling	174	айтады.	айтады	linguistic			End=136.714
175-0	SPK0023	Falling	175	Мхм.	Мхм	linguistic			Begin=136.487|End=137.060
176-0	SPK0026	Falling	176	Барып	Барып	linguistic			Begin=136.714
176-1	SPK0026	Falling	176	келейін	келейін	linguistic			
176-2	SPK0026	Falling	176	деп.	деп	linguistic			End=137.818
177-0	SPK0027	undefined	177	CLEARS_THROAT	CLEARS_THROAT	paraverbal	_		Begin=137.554|End=138.171
178-0	SPK0026	undefined	178	@@@	@@@	linguistic			Begin=138.233
178-1	SPK0026	undefined	178	CLEARS_THROAT	CLEARS_THROAT	paraverbal	_		
178-2	SPK0026	undefined	178	деп	деп	linguistic			
178-3	SPK0026	undefined	178	қояды	қояды	linguistic			
178-4	SPK0026	undefined	178	ей	ей	linguistic			
178-5	SPK0026	undefined	178	@@@	@@@	linguistic			End=140.453
179-0	SPK0023	undefined	179	@@@	@@@	linguistic			Begin=138.723|End=139.746
180-0	SPK0025	undefined	180	@@@	@@@	linguistic			Begin=139.852|End=140.737
181-0	SPK0026	Continuing	181	Cодан	Cодан	linguistic			Begin=140.834
181-1	SPK0026	Continuing	181	кейін,	кейін	linguistic			End=141.484
182-0	SPK0026	Falling	182	екеуі	екеуі	linguistic			Begin=142.055
182-1	SPK0026	Falling	182	тағы	тағы	linguistic			
182-2	SPK0026	Falling	182	да	да	linguistic			
182-3	SPK0026	Falling	182	кездеседі	кездеседі	linguistic			
182-4	SPK0026	Falling	182	екен.	екен	linguistic			End=143.768
183-0	SPK0026	undefined	183	@	@	linguistic			Begin=143.784|End=144.336
184-0	SPK0023	undefined	184	@@	@@	linguistic			Begin=144.335|End=144.866
185-0	SPK0026	Continuing	185	Сөйтіп	Сөйтіп	linguistic			Begin=145.579
185-1	SPK0026	Continuing	185	қинап,	қинап	linguistic			End=146.462
186-0	SPK0026	Falling	186	бірталай	бірталай	linguistic			Begin=146.462
186-1	SPK0026	Falling	186	жүрдім.	жүрдім	linguistic			End=147.610
187-0	SPK0026	Falling	187	Жібермей.	Жібермей	linguistic			Begin=148.112|End=148.696
188-0	SPK0027	Falling	188	Кеше	Кеше	linguistic			Begin=148.795
188-1	SPK0027	Falling	188	тойда	тойда	linguistic			
188-2	SPK0027	Falling	188	өзінше	өзінше	linguistic			
188-3	SPK0027	Falling	188	болып	болып	linguistic			
188-4	SPK0027	Falling	188	қалды	қалды	linguistic			
188-5	SPK0027	Falling	188	ғой.	ғой	linguistic			End=150.577
189-0	SPK0026	Rising	189	A?	A	linguistic			Begin=150.288|End=150.649
190-0	SPK0027	Falling	190	Танымайтын	Танымайтын	linguistic			Begin=151.185
190-1	SPK0027	Falling	190	тойда	тойда	linguistic			
190-2	SPK0027	Falling	190	отыра	отыра	linguistic			
190-3	SPK0027	Falling	190	алмаймын.	алмаймын	linguistic			End=152.534
191-0	SPK0027	Continuing	191	Мен	Мен	linguistic			Begin=153.189
191-1	SPK0027	Continuing	191	айттым	айттым	linguistic			
191-2	SPK0027	Continuing	191	##	##	unknown			
191-3	SPK0027	Continuing	191	бір	бір	linguistic			
191-4	SPK0027	Continuing	191	тосттан	тосттан	linguistic			
191-5	SPK0027	Continuing	191	кейін,	кейін	linguistic			End=154.648
192-0	SPK0024	Falling	192	Ойба:й.	Ойбай	linguistic		Prolongation=3	Begin=153.291|End=154.119
193-0	SPK0027	Falling	193	тамаққа	тамаққа	linguistic			Begin=154.648
193-1	SPK0027	Falling	193	тойып	тойып	linguistic			
193-2	SPK0027	Falling	193	алдың	алдың	linguistic			
193-3	SPK0027	Falling	193	да.	да	linguistic			End=156.147
194-0	SPK0024	Falling	194	Ой:бай.	Ойбай	linguistic		Prolongation=1	Begin=155.356|End=156.449
195-0	SPK0026	Continuing	195	Әй	Әй	linguistic			Begin=156.542
195-1	SPK0026	Continuing	195	жоқ	жоқ	linguistic			
195-2	SPK0026	Continuing	195	шынында	шынында	linguistic			
195-3	SPK0026	Continuing	195	#,	#	unknown			End=157.618
196-0	SPK0026	Continuing	196	ыы	ыы	linguistic			Begin=157.722
196-1	SPK0026	Continuing	196	туыстармен	туыстармен	linguistic			
196-2	SPK0026	Continuing	196	бірге	бірге	linguistic			
196-3	SPK0026	Continuing	196	тойда	тойда	linguistic			
196-4	SPK0026	Continuing	196	болғанда	болғанда	linguistic			
196-5	SPK0026	Continuing	196	бар	бар	linguistic			
196-6	SPK0026	Continuing	196	ғой	ғой	linguistic			
196-7	SPK0026	Continuing	196	иә,	иә	linguistic			End=160.196
197-0	SPK0026	Falling	197	уақыт	уақыт	linguistic			Begin=160.196
197-1	SPK0026	Falling	197	жетпей	жетпей	linguistic			
197-2	SPK0026	Falling	197	қалады.	қалады	linguistic			End=161.240
198-0	SPK0026	Falling	198	Иә	Иә	linguistic			Begin=161.240
198-1	SPK0026	Falling	198	¬Любашка.	Любашка	linguistic		Anonymized=Yes	End=162.256
199-0	SPK0024	Falling	199	Иә.	Иә	linguistic			Begin=162.080|End=162.485
200-0	SPK0027	Falling	200	Жоқ	Жоқ	linguistic			Begin=162.361
200-1	SPK0027	Falling	200	ол	ол	linguistic			
200-2	SPK0027	Falling	200	біздің	біздің	linguistic			
200-3	SPK0027	Falling	200	қыздардың	қыздардың	linguistic			
200-4	SPK0027	Falling	200	барлығын	барлығын	linguistic			
200-5	SPK0027	Falling	200	таниды	таниды	linguistic			
200-6	SPK0027	Falling	200	ғой.	ғой	linguistic			End=164.462
201-0	SPK0026	Continuing	201	Ал	Ал	linguistic			Begin=162.509
201-1	SPK0026	Continuing	201	енді	енді	linguistic			
201-2	SPK0026	Continuing	201	танымайтын,	танымайтын	linguistic			End=163.879
202-0	SPK0024	Falling	202	Иә.	Иә	linguistic			Begin=164.462|End=165.007
203-0	SPK0026	Continuing	203	танымайтындар,	танымайтындар	linguistic			Begin=164.885|End=165.943
204-0	SPK0027	Falling	204	Таниды	Таниды	linguistic			Begin=165.411
204-1	SPK0027	Falling	204	бәрін.	бәрін	linguistic			End=166.356
205-0	SPK0026	Falling	205	танымайтындар	танымайтындар	linguistic			Begin=166.611
205-1	SPK0026	Falling	205	##	##	unknown			
205-2	SPK0026	Falling	205	####	####	unknown			
205-3	SPK0026	Falling	205	жаман.	жаман	linguistic			End=168.226
206-0	SPK0024	Falling	206	Арақ	Арақ	linguistic			Begin=167.352
206-1	SPK0024	Falling	206	ішкен	ішкен	linguistic			
206-2	SPK0024	Falling	206	жоқ	жоқ	linguistic			
206-3	SPK0024	Falling	206	меніңше.	меніңше	linguistic			End=168.531
207-0	SPK0027	Falling	207	Жо:қ.	Жоқ	linguistic		Prolongation=1	Begin=168.695|End=169.272
208-0	SPK0027	Falling	208	Сол	Сол	linguistic			Begin=169.518
208-1	SPK0027	Falling	208	иә.	иә	linguistic			End=170.137
209-0	SPK0027	Falling	209	Ішкен	Ішкен	linguistic			Begin=170.201
209-1	SPK0027	Falling	209	жоқ.	жоқ	linguistic			End=170.643
210-0	SPK0024	Falling	210	Сонікі.	Сонікі	linguistic			Begin=170.379|End=170.926
211-0	SPK0024	Falling	211	Сонікі.	Сонікі	linguistic			Begin=171.372|End=171.921
212-0	SPK0024	Falling	212	Сен	Сен	linguistic			Begin=171.950
212-1	SPK0024	Falling	212	енді	енді	linguistic			
212-2	SPK0024	Falling	212	біліп	біліп	linguistic			
212-3	SPK0024	Falling	212	тұрсың	тұрсың	linguistic			
212-4	SPK0024	Falling	212	ғой	ғой	linguistic			
212-5	SPK0024	Falling	212	немене	немене	linguistic			
212-6	SPK0024	Falling	212	айтатынын.	айтатынын	linguistic			End=173.585
213-0	SPK0023	Falling	213	Аха.	Аха	linguistic			Begin=173.643|End=174.095
214-0	SPK0026	Continuing	214	Содан	Содан	linguistic			Begin=173.966
214-1	SPK0026	Continuing	214	кейін	кейін	linguistic			
214-2	SPK0026	Continuing	214	қой,	қой	linguistic			End=174.789
215-0	SPK0026	Falling	215	деп	деп	linguistic			Begin=174.789
215-1	SPK0026	Falling	215	сөйтіп.	сөйтіп	linguistic			End=175.708
216-0	SPK0026	undefined	216	(H)	(H)	_			Begin=175.876
216-1	SPK0026	undefined	216	(Hx)	(Hx)	_			End=176.883
217-0	SPK0026	Continuing	217	¬Жексен	Жексен	linguistic		Anonymized=Yes	Begin=176.976
217-1	SPK0026	Continuing	217	келіп	келіп	linguistic			
217-2	SPK0026	Continuing	217	кешіріп	кешіріп	linguistic			
217-3	SPK0026	Continuing	217	сұрап,	сұрап	linguistic			End=178.759
218-0	SPK0026	Falling	218	аяғына	аяғына	linguistic			Begin=178.846
218-1	SPK0026	Falling	218	жығылып.	жығылып	linguistic			End=180.087
219-0	SPK0027	Falling	219	Жаным	Жаным	linguistic			Begin=180.156
219-1	SPK0027	Falling	219	сол.	сол	linguistic			End=180.781
220-0	SPK0027	Falling	220	Мынау	Мынау	linguistic			Begin=180.781
220-1	SPK0027	Falling	220	ыстықтамайды	ыстықтамайды	linguistic			
220-2	SPK0027	Falling	220	ма	ма	linguistic			
220-3	SPK0027	Falling	220	екен	екен	linguistic			
220-4	SPK0027	Falling	220	осы.	осы	linguistic			End=182.561
221-0	SPK0026	Continuing	221	Менен	Менен	linguistic			Begin=182.175
221-1	SPK0026	Continuing	221	кешірім	кешірім	linguistic			
221-2	SPK0026	Continuing	221	сұрап,	сұрап	linguistic			End=183.608
222-0	SPK0026	Continuing	222	больше	больше	linguistic			Begin=183.897
222-1	SPK0026	Continuing	222	апай	апай	linguistic			
222-2	SPK0026	Continuing	222	не:,	не	linguistic		Prolongation=1	End=184.785
223-0	SPK0026	Falling	223	не	не	linguistic			Begin=184.802
223-1	SPK0026	Falling	223	етпеймін	етпеймін	linguistic			
223-2	SPK0026	Falling	223	деп.	деп	linguistic			End=185.491
224-0	SPK0026	Continuing	224	Енді	Енді	linguistic			Begin=186.460
224-1	SPK0026	Continuing	224	айттым,	айттым	linguistic			End=186.905
225-0	SPK0026	Continuing	225	енді	енді	linguistic			Begin=186.912
225-1	SPK0026	Continuing	225	бір	бір	linguistic			
225-2	SPK0026	Continuing	225	рет	рет	linguistic			
225-3	SPK0026	Continuing	225	сол,	сол	linguistic			End=188.107
226-0	SPK0026	Continuing	226	мен	мен	linguistic			Begin=188.211
226-1	SPK0026	Continuing	226	айттым,	айттым	linguistic			End=188.826
227-0	SPK0026	Falling	227	әкел	әкел	linguistic			Begin=188.920
227-1	SPK0026	Falling	227	дедім.	дедім	linguistic			End=189.793
228-0	SPK0027	Falling	228	Шай	Шай	linguistic			Begin=189.790
228-1	SPK0027	Falling	228	ішіңіздер.	ішіңіздер	linguistic			End=190.654
229-0	SPK0026	Falling	229	Екеуін	Екеуін	linguistic			Begin=190.280
229-1	SPK0026	Falling	229	апарып	апарып	linguistic			
229-2	SPK0026	Falling	229	шынында	шынында	linguistic			
229-3	SPK0026	Falling	229	да	да	linguistic			
229-4	SPK0026	Falling	229	загстен	загстен	linguistic			
229-5	SPK0026	Falling	229	бөліп	бөліп	linguistic			
229-6	SPK0026	Falling	229	жібермекші	жібермекші	linguistic			
229-7	SPK0026	Falling	229	болдым	болдым	linguistic			
229-8	SPK0026	Falling	229	ғой.	ғой	linguistic			End=193.205
230-0	SPK0027	Falling	230	¬Люба	Люба	linguistic		Anonymized=Yes	Begin=190.947
230-1	SPK0027	Falling	230	апай.	апай	linguistic			End=191.979
231-0	SPK0027	Falling	231	Шай	Шай	linguistic			Begin=192.448
231-1	SPK0027	Falling	231	ішіңіздер.	ішіңіздер	linguistic			End=193.357
232-0	SPK0023	undefined	232	@@@@	@@@@	linguistic			Begin=193.253|End=194.245
233-0	SPK0025	undefined	233	@@	@@	linguistic			Begin=193.589|End=194.669
234-0	SPK0026	undefined	234	@@	@@	linguistic			Begin=194.108
234-1	SPK0026	undefined	234	@екеуі	@екеуі	linguistic			
234-2	SPK0026	undefined	234	@	@	linguistic			End=196.471
235-0	SPK0027	Falling	235	¬Бермет	Бермет	linguistic		Anonymized=Yes	Begin=195.769
235-1	SPK0027	Falling	235	шай	шай	linguistic			
235-2	SPK0027	Falling	235	іш.	іш	linguistic			End=196.628
236-0	SPK0025	Falling	236	Жоқ	Жоқ	linguistic			Begin=196.324
236-1	SPK0025	Falling	236	болдым	болдым	linguistic			
236-2	SPK0025	Falling	236	#.	#	unknown			End=197.263
237-0	SPK0026	Falling	237	Соны	Соны	linguistic			Begin=197.575
237-1	SPK0026	Falling	237	қайта	қайта	linguistic			
237-2	SPK0026	Falling	237	бөлмегенім	бөлмегенім	linguistic			
237-3	SPK0026	Falling	237	жақсы	жақсы	linguistic			
237-4	SPK0026	Falling	237	болыпты.	болыпты	linguistic			End=199.028
238-0	SPK0026	Falling	238	Үш	Үш	linguistic			Begin=199.074
238-1	SPK0026	Falling	238	балалары	балалары	linguistic			
238-2	SPK0026	Falling	238	бар	бар	linguistic			
238-3	SPK0026	Falling	238	әйбат.	әйбат	linguistic			End=200.850
239-0	SPK0023	Falling	239	Мммм.	Мммм	linguistic			Begin=200.280|End=201.433
240-0	SPK0027	undefined	240	(Hx)	(Hx)	_			Begin=200.984|End=201.706
241-0	SPK0023	undefined	241	@@@@@	@@@@@	linguistic			Begin=201.433
241-1	SPK0023	undefined	241	##	##	unknown			End=203.176
242-0	SPK0026	Rising	242	Иә?	Иә	linguistic			Begin=201.848|End=202.582
243-0	SPK0026	Falling	243	¬Жанар.	Жанар	linguistic		Anonymized=Yes	Begin=202.582|End=203.272
244-0	SPK0027	Falling	244	Иә.	Иә	linguistic			Begin=202.610|End=203.278
245-0	SPK0027	Falling	245	Рақмет.	Рақмет	linguistic			Begin=203.518|End=204.026
246-0	SPK0024	undefined	246	@@@@@@@@	@@@@@@@@	linguistic	_		Begin=204.089
246-1	SPK0024	undefined	246	@@@	@@@	linguistic	_		
246-2	SPK0024	undefined	246	@@	@@	linguistic	_		End=207.618
247-0	SPK0027	undefined	247	@@@@@@	@@@@@@	linguistic	_		Begin=204.089|End=206.164
248-0	SPK0026	undefined	248	@@@	@@@	linguistic			Begin=204.143
248-1	SPK0026	undefined	248	@@	@@	linguistic			
248-2	SPK0026	undefined	248	@@	@@	linguistic			End=207.538
249-0	SPK0023	undefined	249	@@@@	@@@@	linguistic			Begin=204.254|End=205.872
250-0	SPK0023	Rising	250	Сүй:реп	Сүйреп	linguistic		Prolongation=2	Begin=205.879
250-1	SPK0023	Rising	250	отырып	отырып	linguistic			
250-2	SPK0023	Rising	250	алып	алып	linguistic			
250-3	SPK0023	Rising	250	бару	бару	linguistic			
250-4	SPK0023	Rising	250	керек	керек	linguistic			
250-5	SPK0023	Rising	250	еді	еді	linguistic			
250-6	SPK0023	Rising	250	иә?	иә	linguistic			End=207.862
251-0	SPK0024	undefined	251	@@@@@@@@	@@@@@@@@	linguistic			Begin=207.702|End=209.613
252-0	SPK0023	undefined	252	@@@@@	@@@@@	linguistic			Begin=207.866|End=209.579
253-0	SPK0026	undefined	253	@@	@@	linguistic			Begin=208.918|End=210.005
254-0	SPK0026	Falling	254	Рақмет	Рақмет	linguistic			Begin=210.005
254-1	SPK0026	Falling	254	дейді.	дейді	linguistic			End=211.458
255-0	SPK0026	Falling	255	@@@	@@@	linguistic			Begin=213.675
255-1	SPK0026	Falling	255	@сол.	@сол	linguistic			End=214.610
256-0	SPK0026	Rising	256	Солай	Солай	linguistic			Begin=214.726
256-1	SPK0026	Rising	256	болған?	болған	linguistic			End=215.816
257-0	SPK0023	undefined	257	##	##	unknown			Begin=215.345|End=215.883
258-0	SPK0023	undefined	258	##	##	unknown			Begin=215.883|End=216.469
259-0	SPK0024	Continuing	259	¬Сакалөк	Сакалөк	linguistic		Anonymized=Yes	Begin=217.317
259-1	SPK0024	Continuing	259	міне,	міне	linguistic			End=217.846
260-0	SPK0024	Falling	260	осындай	осындай	linguistic			Begin=217.846
260-1	SPK0024	Falling	260	болғанда	болғанда	linguistic			
260-2	SPK0024	Falling	260	жүре	жүре	linguistic			
260-3	SPK0024	Falling	260	беретін	беретін	linguistic			
260-4	SPK0024	Falling	260	үйде.	үйде	linguistic			End=219.071
261-0	SPK0026	Falling	261	А.	А	linguistic			Begin=219.356|End=219.740
262-0	SPK0024	undefined	262	######	######	unknown			Begin=219.962|End=221.357
263-0	SPK0026	Falling	263	Еее.	Еее	linguistic			Begin=220.165|End=220.930
264-0	SPK0025	undefined	264	@@	@@	linguistic			Begin=221.111|End=221.767
265-0	SPK0027	Falling	265	Қала	Қала	linguistic			Begin=222.403
265-1	SPK0027	Falling	265	беретін.	беретін	linguistic			End=223.327
266-0	SPK0026	Falling	266	А-	А	linguistic		Interrupted=Yes	Begin=223.245
266-1	SPK0026	Falling	266	¬Серікжан	Серікжан	linguistic		Anonymized=Yes	
266-2	SPK0026	Falling	266	айтады	айтады	linguistic			
266-3	SPK0026	Falling	266	#.	#	unknown			End=224.734
267-0	SPK0024	Falling	267	Мынаның	Мынаның	linguistic			Begin=224.917
267-1	SPK0024	Falling	267	түрін	түрін	linguistic			
267-2	SPK0024	Falling	267	қарашы.	қарашы	linguistic			End=225.683
268-0	SPK0024	Continuing	268	Қа:п,	Қап	linguistic		Prolongation=1	Begin=225.781|End=226.372
269-0	SPK0024	Falling	269	қара#.	қара#	linguistic			Begin=226.372|End=227.426
270-0	SPK0027	Falling	270	Соны	Соны	linguistic			Begin=226.768
270-1	SPK0027	Falling	270	айтамын.	айтамын	linguistic			End=227.098
271-0	SPK0027	Falling	271	Шашын	Шашын	linguistic			Begin=227.098
271-1	SPK0027	Falling	271	кішкене	кішкене	linguistic			
271-2	SPK0027	Falling	271	неге	неге	linguistic			
271-3	SPK0027	Falling	271	қимайсыздар.	қимайсыздар	linguistic			End=228.832
272-0	SPK0024	Rising	272	Шашын	Шашын	linguistic			Begin=228.912
272-1	SPK0024	Rising	272	қимаймыз	қимаймыз	linguistic			
272-2	SPK0024	Rising	272	өсіріп	өсіріп	linguistic			
272-3	SPK0024	Rising	272	жүрміз	жүрміз	linguistic			
272-4	SPK0024	Rising	272	ғой?	ғой	linguistic			End=230.283
273-0	SPK0027	Falling	273	Еее.	Еее	linguistic			Begin=230.251|End=230.692
274-0	SPK0027	Falling	274	Енді	Енді	linguistic			Begin=230.692
274-1	SPK0027	Falling	274	неге	неге	linguistic			
274-2	SPK0027	Falling	274	буып	буып	linguistic			
274-3	SPK0027	Falling	274	қоймайсыздар.	қоймайсыздар	linguistic			End=232.156
275-0	SPK0024	Continuing	275	Жоқ,	Жоқ	linguistic			Begin=231.570|End=231.897
276-0	SPK0024	Falling	276	буып	буып	linguistic			Begin=231.897
276-1	SPK0024	Falling	276	тұратұғынбыз.	тұратұғынбыз	linguistic			End=232.616
277-0	SPK0024	Falling	277	Бағана	Бағана	linguistic			Begin=232.616
277-1	SPK0024	Falling	277	суға	суға	linguistic			
277-2	SPK0024	Falling	277	түсті	түсті	linguistic			
277-3	SPK0024	Falling	277	ғой.	ғой	linguistic			End=233.706
278-0	SPK0024	Falling	278	Сол	Сол	linguistic			Begin=233.706
278-1	SPK0024	Falling	278	су	су	linguistic			
278-2	SPK0024	Falling	278	болғанда	болғанда	linguistic			
278-3	SPK0024	Falling	278	кеппей	кеппей	linguistic			
278-4	SPK0024	Falling	278	қойған	қойған	linguistic			
278-5	SPK0024	Falling	278	сол	сол	linguistic			
278-6	SPK0024	Falling	278	күйі	күйі	linguistic			
278-7	SPK0024	Falling	278	шығып	шығып	linguistic			
278-8	SPK0024	Falling	278	кетіп	кетіп	linguistic			
278-9	SPK0024	Falling	278	қалдық	қалдық	linguistic			
278-10	SPK0024	Falling	278	қой	қой	linguistic			
278-11	SPK0024	Falling	278	#.	#	unknown			End=235.982
279-0	SPK0027	Falling	279	Мммм.	Мммм	linguistic			Begin=236.569|End=237.304
280-0	SPK0024	Falling	280	Мына	Мына	linguistic			Begin=239.078
280-1	SPK0024	Falling	280	жерден	жерден	linguistic			
280-2	SPK0024	Falling	280	бүйтіп	бүйтіп	linguistic			
280-3	SPK0024	Falling	280	тұрып	тұрып	linguistic			
280-4	SPK0024	Falling	280	бүйтіп	бүйтіп	linguistic			
280-5	SPK0024	Falling	280	не	не	linguistic			
280-6	SPK0024	Falling	280	етеміз	етеміз	linguistic			
280-7	SPK0024	Falling	280	міне.	міне	linguistic			End=241.110
281-0	SPK0026	Falling	281	Қимаймыз.	Қимаймыз	linguistic			Begin=239.195|End=240.001
282-0	SPK0024	Falling	282	Былай.	Былай	linguistic			Begin=241.110|End=241.601
283-0	SPK0024	undefined	283	##	##	unknown			Begin=241.601|End=242.487
284-0	SPK0027	Falling	284	Еее.	Еее	linguistic			Begin=241.652|End=242.053
285-0	SPK0027	Falling	285	Кішкентай	Кішкентай	linguistic			Begin=242.381
285-1	SPK0027	Falling	285	ұл	ұл	linguistic			
285-2	SPK0027	Falling	285	қалай.	қалай	linguistic			End=243.014
286-0	SPK0027	Rising	286	Өсіп	Өсіп	linguistic			Begin=243.014
286-1	SPK0027	Rising	286	келе	келе	linguistic			
286-2	SPK0027	Rising	286	ме?	ме	linguistic			End=243.710
287-0	SPK0026	Falling	287	¬Сакалөк	Сакалөк	linguistic		Anonymized=Yes	Begin=243.230
287-1	SPK0026	Falling	287	солай	солай	linguistic			
287-2	SPK0026	Falling	287	болды.	болды	linguistic			End=244.418
288-0	SPK0027	Rising	288	А?	А	linguistic			Begin=243.716|End=244.187
289-0	SPK0026	Falling	289	Сенің	Сенің	linguistic			Begin=244.418
289-1	SPK0026	Falling	289	жағдайың.	жағдайың	linguistic			End=245.339
290-0	SPK0027	Falling	290	А.	А	linguistic			Begin=244.970|End=245.285
291-0	SPK0027	Continuing	291	Ширап	Ширап	linguistic			Begin=245.938
291-1	SPK0027	Continuing	291	қалды,	қалды	linguistic			End=246.552
292-0	SPK0023	undefined	292	@@	@@	linguistic			Begin=246.524|End=246.974
293-0	SPK0027	Falling	293	неше	неше	linguistic			Begin=246.622
293-1	SPK0027	Falling	293	ай	ай	linguistic			
293-2	SPK0027	Falling	293	болып	болып	linguistic			
293-3	SPK0027	Falling	293	қалды.	қалды	linguistic			End=247.508
294-0	SPK0024	Falling	294	Ойбай-ау	Ойбай-ау	linguistic			Begin=247.297
294-1	SPK0024	Falling	294	жадыртқайтынды	жадыртқайтынды	linguistic			
294-2	SPK0024	Falling	294	шығарып	шығарып	linguistic			
294-3	SPK0024	Falling	294	алды	алды	linguistic			
294-4	SPK0024	Falling	294	уже	уже	linguistic			
294-5	SPK0024	Falling	294	кішкентай	кішкентай	linguistic			
294-6	SPK0024	Falling	294	болып.	болып	linguistic			End=249.340
295-0	SPK0027	Falling	295	Неше	Неше	linguistic			Begin=248.908
295-1	SPK0027	Falling	295	ай	ай	linguistic			
295-2	SPK0027	Falling	295	болды.	болды	linguistic			End=249.558
296-0	SPK0014	undefined	296	########	########	unknown			Begin=248.956|End=251.054
297-0	SPK0024	Falling	297	Төрт	Төрт	linguistic			Begin=249.340
297-1	SPK0024	Falling	297	ай	ай	linguistic			
297-2	SPK0024	Falling	297	болды	болды	linguistic			
297-3	SPK0024	Falling	297	міне.	міне	linguistic			End=250.519
298-0	SPK0024	Falling	298	Отызында.	Отызында	linguistic			Begin=250.519|End=251.124
299-0	SPK0027	Falling	299	Жатырқай	Жатырқай	linguistic			Begin=251.008
299-1	SPK0027	Falling	299	ма.	ма	linguistic			End=251.675
300-0	SPK0026	Falling	300	Сонда	Сонда	linguistic			Begin=251.741
300-1	SPK0026	Falling	300	хорошо	хорошо	linguistic			
300-2	SPK0026	Falling	300	что	что	linguistic			
300-3	SPK0026	Falling	300	бөліп	бөліп	linguistic			
300-4	SPK0026	Falling	300	жіберген	жіберген	linguistic			
300-5	SPK0026	Falling	300	жоқпын.	жоқпын	linguistic			End=253.798
301-0	SPK0024	undefined	301	##	##	unknown			Begin=253.932|End=254.490
302-0	SPK0023	undefined	302	#	#	unknown			Begin=253.999|End=254.412
303-0	SPK0027	Falling	303	Ммм.	Ммм	linguistic			Begin=254.050|End=254.643
304-0	SPK0024	undefined	304	###	###	unknown	_		Begin=254.609|End=255.618
305-0	SPK0026	Falling	305	Хорошо	Хорошо	linguistic	_		Begin=254.609
305-1	SPK0026	Falling	305	что	что	linguistic	_		
305-2	SPK0026	Falling	305	бөліп	бөліп	linguistic	_		
305-3	SPK0026	Falling	305	жіберген	жіберген	linguistic	_		
305-4	SPK0026	Falling	305	жоқпын	жоқпын	linguistic	_		End=255.869
306-0	SPK0025	undefined	306	@@@@	@@@@	linguistic			Begin=255.734|End=256.840
307-0	SPK0026	Falling	307	Артынан	Артынан	linguistic			Begin=256.429
307-1	SPK0026	Falling	307	¬Бәкөш	Бәкөш	linguistic		Anonymized=Yes	
307-2	SPK0026	Falling	307	туды.	туды	linguistic			End=257.489
308-0	SPK0026	Interrupted	308	Одан	Одан	linguistic			Begin=257.489
308-1	SPK0026	Interrupted	308	кейін	кейін	linguistic			
308-2	SPK0026	Interrupted	308	А—	А	linguistic		Interrupted=Yes	End=258.392
309-0	SPK0024	Falling	309	Мә	Мә	linguistic			Begin=257.977
309-1	SPK0024	Falling	309	мынаны	мынаны	linguistic			
309-2	SPK0024	Falling	309	алшы	алшы	linguistic			
309-3	SPK0024	Falling	309	кішкене.	кішкене	linguistic			End=259.297
310-0	SPK0026	Falling	310	қызы	қызы	linguistic			Begin=258.574
310-1	SPK0026	Falling	310	туды.	туды	linguistic			End=259.578
311-0	SPK0014	Falling	311	Жүр	Жүр	linguistic			Begin=259.098
311-1	SPK0014	Falling	311	алайын.	алайын	linguistic			End=259.762
312-0	SPK0014	undefined	312	#	#	unknown			Begin=259.762|End=260.099
313-0	SPK0014	Falling	313	Мен	Мен	linguistic			Begin=260.099
313-1	SPK0014	Falling	313	білмеймін	білмеймін	linguistic			
313-2	SPK0014	Falling	313	мен	мен	linguistic			
313-3	SPK0014	Falling	313	#.	#	unknown			End=261.222
314-0	SPK0014	Falling	314	Жерге	Жерге	linguistic			Begin=261.222
314-1	SPK0014	Falling	314	түсірдім	түсірдім	linguistic			
314-2	SPK0014	Falling	314	сосын	сосын	linguistic			
314-3	SPK0014	Falling	314	мені	мені	linguistic			
314-4	SPK0014	Falling	314	ертіп	ертіп	linguistic			
314-5	SPK0014	Falling	314	келді	келді	linguistic			
314-6	SPK0014	Falling	314	мына	мына	linguistic			
314-7	SPK0014	Falling	314	жаққа.	жаққа	linguistic			End=263.641
315-0	SPK0027	Falling	315	Жүр	Жүр	linguistic			Begin=261.690
315-1	SPK0027	Falling	315	де.	де	linguistic			End=262.182
316-0	SPK0027	Continuing	316	Жоқ,	Жоқ	linguistic			Begin=262.182|End=262.441
317-0	SPK0027	Rising	317	Көтере	Көтере	linguistic			Begin=262.466
317-1	SPK0027	Rising	317	салшы?	салшы	linguistic			End=263.015
318-0	SPK0024	Falling	318	Бара	Бара	linguistic			Begin=263.014
318-1	SPK0024	Falling	318	ғой.	ғой	linguistic			End=263.491
319-0	SPK0027	Falling	319	¬Серікжан.	Серікжан	linguistic		Anonymized=Yes	Begin=263.016|End=263.395
320-0	SPK0027	Falling	320	Барады.	Барады	linguistic			Begin=263.468|End=263.925
321-0	SPK0024	Falling	321	Бара	Бара	linguistic			Begin=263.828
321-1	SPK0024	Falling	321	ғой	ғой	linguistic			
321-2	SPK0024	Falling	321	бар.	бар	linguistic			End=264.372
322-0	SPK0014	Falling	322	Жүр	Жүр	linguistic			Begin=263.875
322-1	SPK0014	Falling	322	жүр	жүр	linguistic			
322-2	SPK0014	Falling	322	жүр.	жүр	linguistic			End=264.562
323-0	SPK0024	Falling	323	Бара	Бара	linguistic			Begin=264.372
323-1	SPK0024	Falling	323	ғой.	ғой	linguistic			End=264.991
324-0	SPK0024	undefined	324	SPEAKING_KINDLY_TO_THE_KID	SPEAKING_KINDLY_TO_THE_KID	paraverbal	_		Begin=264.991|End=266.117
325-0	SPK0026	Falling	325	Жақсы	Жақсы	linguistic			Begin=266.698
325-1	SPK0026	Falling	325	көреді.	көреді	linguistic			End=267.336
326-0	SPK0024	undefined	326	##	##	unknown			Begin=266.804
326-1	SPK0024	undefined	326	#####	#####	unknown			End=267.983
327-0	SPK0026	Falling	327	Жігіттерді	Жігіттерді	linguistic			Begin=267.337
327-1	SPK0026	Falling	327	көбірек	көбірек	linguistic			
327-2	SPK0026	Falling	327	жақсы	жақсы	linguistic			
327-3	SPK0026	Falling	327	көреді.	көреді	linguistic			End=268.999
328-0	SPK0023	Falling	328	Мхм.	Мхм	linguistic			Begin=269.202|End=269.886
329-0	SPK0027	Interrupted	329	Ах—	Ах	linguistic		Interrupted=Yes	Begin=269.338|End=269.903
330-0	SPK0026	undefined	330	###	###	unknown			Begin=269.383|End=270.339
331-0	SPK0027	Falling	331	¬Жексеннен	Жексеннен	linguistic		Anonymized=Yes	Begin=270.024
331-1	SPK0027	Falling	331	барлығы	барлығы	linguistic			
331-2	SPK0027	Falling	331	қорқушы	қорқушы	linguistic			
331-3	SPK0027	Falling	331	еді	еді	linguistic			
331-4	SPK0027	Falling	331	ғой	ғой	linguistic			
331-5	SPK0027	Falling	331	мынау	мынау	linguistic			
331-6	SPK0027	Falling	331	бас	бас	linguistic			
331-7	SPK0027	Falling	331	салған	салған	linguistic			
331-8	SPK0027	Falling	331	алдында.	алдында	linguistic			End=273.087
332-0	SPK0026	undefined	332	##	##	unknown			Begin=270.339|End=271.190
333-0	SPK0026	Falling	333	Ее.	Ее	linguistic			Begin=271.879|End=272.354
334-0	SPK0024	Falling	334	Иә	Иә	linguistic			Begin=272.890
334-1	SPK0024	Falling	334	ойба:й.	ойбай	linguistic		Prolongation=3	End=273.766
335-0	SPK0026	Falling	335	Ее.	Ее	linguistic			Begin=273.037|End=273.555
336-0	SPK0023	undefined	336	@@	@@	linguistic			Begin=273.278|End=274.050
337-0	SPK0027	Falling	337	Иә.	Иә	linguistic			Begin=273.980|End=274.630
338-0	SPK0024	Falling	338	Бас	Бас	linguistic			Begin=274.064
338-1	SPK0024	Falling	338	салады.	салады	linguistic			End=274.734
339-0	SPK0027	Falling	339	¬Жексен	Жексен	linguistic		Anonymized=Yes	Begin=274.758
339-1	SPK0027	Falling	339	әгі	әгі	linguistic			
339-2	SPK0027	Falling	339	кейде	кейде	linguistic			
339-3	SPK0027	Falling	339	бір	бір	linguistic			
339-4	SPK0027	Falling	339	балалар	балалар	linguistic			
339-5	SPK0027	Falling	339	қашып	қашып	linguistic			
339-6	SPK0027	Falling	339	кетеді.	кетеді	linguistic			End=276.518
340-0	SPK0023	undefined	340	BLOWS_ONTO_HIMSELF	BLOWS_ONTO_HIMSELF	paraverbal	_		Begin=275.361|End=276.408
341-0	SPK0027	Falling	341	Қашады	Қашады	linguistic			Begin=276.518
341-1	SPK0027	Falling	341	өзі.	өзі	linguistic			End=277.493
342-0	SPK0023	undefined	342	Аха	Аха	linguistic			Begin=277.537
342-1	SPK0023	undefined	342	####	####	unknown			End=279.171
343-0	SPK0026	Falling	343	Ойбай	Ойбай	linguistic			Begin=278.088
343-1	SPK0026	Falling	343	менен	менен	linguistic			
343-2	SPK0026	Falling	343	бала	бала	linguistic			
343-3	SPK0026	Falling	343	қашып	қашып	linguistic			
343-4	SPK0026	Falling	343	көрген	көрген	linguistic			
343-5	SPK0026	Falling	343	жоқ	жоқ	linguistic			
343-6	SPK0026	Falling	343	ей.	ей	linguistic			End=279.925
344-0	SPK0026	Continuing	344	Мына	Мына	linguistic			Begin=280.023
344-1	SPK0026	Continuing	344	¬Исламхан,	Исламхан	linguistic		Anonymized=Yes	End=281.196
345-0	SPK0027	undefined	345	##	##	unknown			Begin=280.112|End=280.784
346-0	SPK0026	Falling	346	ырбың-ырбың	ырбың-ырбың	linguistic			Begin=281.449
346-1	SPK0026	Falling	346	қағып	қағып	linguistic			
346-2	SPK0026	Falling	346	жоламай	жоламай	linguistic			
346-3	SPK0026	Falling	346	қойған.	қойған	linguistic			End=283.917
347-0	SPK0027	Rising	347	¬Исламхан	Исламхан	linguistic		Anonymized=Yes	Begin=282.464
347-1	SPK0027	Rising	347	деген	деген	linguistic			
347-2	SPK0027	Rising	347	кім	кім	linguistic			
347-3	SPK0027	Rising	347	ей?	ей	linguistic			End=284.460
348-0	SPK0024	Continuing	348	Кімнің,	Кімнің	linguistic			Begin=284.470|End=285.350
349-0	SPK0024	Falling	349	¬Сатжанның	Сатжанның	linguistic		Anonymized=Yes	Begin=285.350
349-1	SPK0024	Falling	349	ұлы.	ұлы	linguistic			End=286.316
350-0	SPK0026	Falling	350	¬Сатжанның	Сатжанның	linguistic		Anonymized=Yes	Begin=285.679
350-1	SPK0026	Falling	350	ұлы.	ұлы	linguistic			End=287.070
351-0	SPK0027	Rising	351	Еее	Еее	linguistic			Begin=286.699
351-1	SPK0027	Rising	351	аты	аты	linguistic			
351-2	SPK0027	Rising	351	¬Исламхан	Исламхан	linguistic		Anonymized=Yes	
351-3	SPK0027	Rising	351	ба?	ба	linguistic			End=288.225
352-0	SPK0026	Falling	352	¬Исламхан	Исламхан	linguistic		Anonymized=Yes	Begin=287.644
352-1	SPK0026	Falling	352	деген.	деген	linguistic			End=288.644
353-0	SPK0027	Falling	353	Ааа.	Ааа	linguistic			Begin=288.225|End=288.981
354-0	SPK0026	Interrupted	354	Содан	Содан	linguistic			Begin=290.138
354-1	SPK0026	Interrupted	354	сө—	сө	linguistic		Interrupted=Yes	End=290.698
355-0	SPK0023	Continuing	355	Ол,	Ол	linguistic			Begin=290.671|End=291.351
356-0	SPK0026	Falling	356	Не	Не	linguistic			Begin=290.698
356-1	SPK0026	Falling	356	етпейді.	етпейді	linguistic			End=291.146
357-0	SPK0023	Falling	357	бә:ріне	бәріне	linguistic		Prolongation=1	Begin=291.352
357-1	SPK0023	Falling	357	сөйтеді	сөйтеді	linguistic			
357-2	SPK0023	Falling	357	ол.	ол	linguistic			End=292.701
358-0	SPK0026	Falling	358	Еще	Еще	linguistic			Begin=292.809
358-1	SPK0026	Falling	358	бәріне	бәріне	linguistic			
358-2	SPK0026	Falling	358	сөйтеді	сөйтеді	linguistic			
358-3	SPK0026	Falling	358	екен.	екен	linguistic			End=293.830
359-0	SPK0023	Falling	359	Иә	Иә	linguistic			Begin=293.873
359-1	SPK0023	Falling	359	##.	##	unknown			End=295.093
360-0	SPK0026	Falling	360	Маған	Маған	linguistic			Begin=293.900
360-1	SPK0026	Falling	360	тем	тем	linguistic			
360-2	SPK0026	Falling	360	более	более	linguistic			
360-3	SPK0026	Falling	360	жоламайды.	жоламайды	linguistic			End=295.544
361-0	SPK0023	Falling	361	Бәріне	Бәріне	linguistic			Begin=295.166
361-1	SPK0023	Falling	361	сөйтеді	сөйтеді	linguistic			
361-2	SPK0023	Falling	361	ол	ол	linguistic			
361-3	SPK0023	Falling	361	өзі.	өзі	linguistic			End=296.431
362-0	SPK0024	undefined	362	IMITATES_A_CRYING_BABY	IMITATES_A_CRYING_BABY	paraverbal	_		Begin=296.096|End=298.546
363-0	SPK0025	undefined	363	@@@	@@@	linguistic			Begin=297.522|End=300.542
364-0	SPK0026	undefined	364	А	А	linguistic			Begin=297.990
364-1	SPK0026	undefined	364	иә	иә	linguistic			
364-2	SPK0026	undefined	364	@@@	@@@	linguistic			End=300.520
365-0	SPK0027	undefined	365	@@@@@@@@@@	@@@@@@@@@@	linguistic			Begin=298.439
365-1	SPK0027	undefined	365	@	@	linguistic			End=301.864
366-0	SPK0024	undefined	366	############	############	unknown			Begin=298.546|End=301.410
367-0	SPK0023	undefined	367	@@@@@@	@@@@@@	linguistic			Begin=298.623|End=301.572
368-0	SPK0014	Falling	368	Мама	Мама	linguistic			Begin=301.007
368-1	SPK0014	Falling	368	салфетка	салфетка	linguistic			
368-2	SPK0014	Falling	368	жұлып	жұлып	linguistic			
368-3	SPK0014	Falling	368	берші	берші	linguistic			
368-4	SPK0014	Falling	368	маған.	маған	linguistic			End=302.618
369-0	SPK0024	Falling	369	Кошмар	Кошмар	linguistic			Begin=301.900
369-1	SPK0024	Falling	369	кәдімөскүдей.	кәдімөскүдей	linguistic			End=303.540
370-0	SPK0026	Rising	370	CRIES_LOUDLY	CRIES_LOUDLY	paraverbal	_		Begin=303.099
370-1	SPK0026	Rising	370	деп	деп	linguistic			
370-2	SPK0026	Rising	370	айқайлайды	айқайлайды	linguistic			
370-3	SPK0026	Rising	370	иә?	иә	linguistic			End=304.800
371-0	SPK0024	Falling	371	Иә.	Иә	linguistic			Begin=304.624|End=305.320
372-0	SPK0027	Continuing	372	А	А	linguistic			Begin=305.200
372-1	SPK0027	Continuing	372	¬Жан,	Жан	linguistic		Anonymized=Yes	End=305.760
373-0	SPK0024	Falling	373	Аааа	Аааа	linguistic			Begin=305.660
373-1	SPK0024	Falling	373	дейді.	дейді	linguistic			End=306.864
374-0	SPK0027	Falling	374	¬Жан	Жан	linguistic		Anonymized=Yes	Begin=305.760
374-1	SPK0027	Falling	374	нешеге	нешеге	linguistic			
374-2	SPK0027	Falling	374	келді.	келді	linguistic			End=306.871
375-0	SPK0024	Falling	375	А.	А	linguistic			Begin=306.930|End=307.549
376-0	SPK0027	Falling	376	¬Жан	Жан	linguistic		Anonymized=Yes	Begin=307.307
376-1	SPK0027	Falling	376	нешеге	нешеге	linguistic			
376-2	SPK0027	Falling	376	келді.	келді	linguistic			End=308.442
377-0	SPK0026	Falling	377	Бірге	Бірге	linguistic			Begin=307.315
377-1	SPK0026	Falling	377	толды.	толды	linguistic			End=308.571
378-0	SPK0023	Continuing	378	Еее,	Еее	linguistic			Begin=307.383|End=307.985
379-0	SPK0023	Falling	379	##.	##	unknown			Begin=307.985|End=308.947
380-0	SPK0026	Falling	380	Бірге	Бірге	linguistic			Begin=308.910
380-1	SPK0026	Falling	380	толды.	толды	linguistic			End=309.479
381-0	SPK0027	Continuing	381	Ол,	Ол	linguistic			Begin=309.553|End=309.961
382-0	SPK0027	Rising	382	жыртыңдап	жыртыңдап	linguistic			Begin=309.961
382-1	SPK0027	Rising	382	жүре	жүре	linguistic			
382-2	SPK0027	Rising	382	беретін	беретін	linguistic			
382-3	SPK0027	Rising	382	шығар	шығар	linguistic			
382-4	SPK0027	Rising	382	иә?	иә	linguistic			End=311.641
383-0	SPK0023	Falling	383	Жүре	Жүре	linguistic			Begin=310.781
383-1	SPK0023	Falling	383	береді	береді	linguistic			
383-2	SPK0023	Falling	383	иә.	иә	linguistic			End=311.508
384-0	SPK0026	Rising	384	Кім?	Кім	linguistic			Begin=311.108|End=311.611
385-0	SPK0027	Falling	385	¬Жанды	Жанды	linguistic		Anonymized=Yes	Begin=311.757
385-1	SPK0027	Falling	385	айтамын.	айтамын	linguistic			End=312.414
386-0	SPK0023	Falling	386	¬Жанға	Жанға	linguistic		Anonymized=Yes	Begin=311.878
386-1	SPK0023	Falling	386	бәрібір.	бәрібір	linguistic			End=313.027
387-0	SPK0024	Falling	387	Ойбай	Ойбай	linguistic			Begin=312.252
387-1	SPK0024	Falling	387	¬Жаның	Жаның	linguistic		Anonymized=Yes	
387-2	SPK0024	Falling	387	бүйтіп	бүйтіп	linguistic			
387-3	SPK0024	Falling	387	қалмайды	қалмайды	linguistic			
387-4	SPK0024	Falling	387	біреудің	біреудің	linguistic			
387-5	SPK0024	Falling	387	үйінде.	үйінде	linguistic			End=314.586
388-0	SPK0027	Falling	388	¬Гүлнәрдікі.	Гүлнәрдікі	linguistic		Anonymized=Yes	Begin=312.489|End=313.828
389-0	SPK0026	Falling	389	Біреудің	Біреудің	linguistic			Begin=314.804
389-1	SPK0026	Falling	389	үйінде	үйінде	linguistic			
389-2	SPK0026	Falling	389	қалмайды	қалмайды	linguistic			
389-3	SPK0026	Falling	389	ол	ол	linguistic			
389-4	SPK0026	Falling	389	да	да	linguistic			
389-5	SPK0026	Falling	389	немене.	немене	linguistic			End=316.155
390-0	SPK0024	Continuing	390	Мынаны	Мынаны	linguistic			Begin=317.179
390-1	SPK0024	Continuing	390	мен	мен	linguistic			
390-2	SPK0024	Continuing	390	қазір	қазір	linguistic			
390-3	SPK0024	Continuing	390	қалдырсам,	қалдырсам	linguistic			End=318.300
391-0	SPK0026	Falling	391	Ана	Ана	linguistic			Begin=317.290
391-1	SPK0026	Falling	391	жолы	жолы	linguistic			
391-2	SPK0026	Falling	391	тастап	тастап	linguistic			
391-3	SPK0026	Falling	391	кетті	кетті	linguistic			
391-4	SPK0026	Falling	391	ғой.	ғой	linguistic			End=318.922
392-0	SPK0024	Falling	392	мынау	мынау	linguistic			Begin=318.300
392-1	SPK0024	Falling	392	қалып	қалып	linguistic			
392-2	SPK0024	Falling	392	қалады	қалады	linguistic			
392-3	SPK0024	Falling	392	міне.	міне	linguistic			End=319.057
393-0	SPK0026	Falling	393	Ее	Ее	linguistic			Begin=319.477
393-1	SPK0026	Falling	393	менде	менде	linguistic			
393-2	SPK0026	Falling	393	қалып	қалып	linguistic			
393-3	SPK0026	Falling	393	қалады.	қалады	linguistic			End=320.623
394-0	SPK0027	Falling	394	Соны	Соны	linguistic			Begin=319.574
394-1	SPK0027	Falling	394	айтамын.	айтамын	linguistic			End=320.464
395-0	SPK0026	Falling	395	Қала	Қала	linguistic			Begin=320.838
395-1	SPK0026	Falling	395	береді	береді	linguistic			
395-2	SPK0026	Falling	395	анау.	анау	linguistic			End=321.873
396-0	SPK0027	Continuing	396	Алдында	Алдында	linguistic			Begin=320.932
396-1	SPK0027	Continuing	396	сіз	сіз	linguistic			
396-2	SPK0027	Continuing	396	әгі,	әгі	linguistic			End=322.332
397-0	SPK0014	Rising	397	##	##	unknown			Begin=321.818
397-1	SPK0014	Rising	397	жыламай	жыламай	linguistic			
397-2	SPK0014	Rising	397	ма?	ма	linguistic			End=322.807
398-0	SPK0024	Falling	398	Иә.	Иә	linguistic			Begin=322.422|End=323.194
399-0	SPK0027	Continuing	399	тәтемнің	тәтемнің	linguistic			Begin=322.677
399-1	SPK0027	Continuing	399	жетпіс	жетпіс	linguistic			
399-2	SPK0027	Continuing	399	жасын	жасын	linguistic			
399-3	SPK0027	Continuing	399	жасағанда,	жасағанда	linguistic			End=324.559
400-0	SPK0014	Rising	400	Іздемей	Іздемей	linguistic			Begin=322.807
400-1	SPK0014	Rising	400	ме	ме	linguistic			
400-2	SPK0014	Rising	400	сізді?	сізді	linguistic			End=324.098
401-0	SPK0024	Falling	401	Иә.	Иә	linguistic			Begin=324.104|End=324.809
402-0	SPK0027	Rising	402	алып	алып	linguistic			Begin=324.910
402-1	SPK0027	Rising	402	келдіңіз	келдіңіз	linguistic			
402-2	SPK0027	Rising	402	ғой?	ғой	linguistic			End=325.692
403-0	SPK0026	Falling	403	Иә.	Иә	linguistic			Begin=325.828|End=326.512
404-0	SPK0024	Falling	404	Иә.	Иә	linguistic			Begin=325.974|End=326.599
405-0	SPK0027	Continuing	405	¬Мәшөнді	Мәшөнді	linguistic		Anonymized=Yes	Begin=326.113
405-1	SPK0027	Continuing	405	мына,	мына	linguistic			End=327.092
406-0	SPK0027	Falling	406	¬Бикош	Бикош	linguistic		Anonymized=Yes	Begin=327.092
406-1	SPK0027	Falling	406	екен	екен	linguistic			
406-2	SPK0027	Falling	406	деп	деп	linguistic			
406-3	SPK0027	Falling	406	қалды	қалды	linguistic			
406-4	SPK0027	Falling	406	ғой	ғой	linguistic			
406-5	SPK0027	Falling	406	деймін.	деймін	linguistic			End=328.690
407-0	SPK0026	Falling	407	Еее.	Еее	linguistic			Begin=328.556|End=329.318
408-0	SPK0027	Continuing	408	Әгі,	Әгі	linguistic			Begin=329.268|End=329.918
409-0	SPK0027	Continuing	409	¬Гүлсімнің	Гүлсімнің	linguistic		Anonymized=Yes	Begin=329.918
409-1	SPK0027	Continuing	409	қызы	қызы	linguistic			
409-2	SPK0027	Continuing	409	екен	екен	linguistic			
409-3	SPK0027	Continuing	409	деп	деп	linguistic			
409-4	SPK0027	Continuing	409	қалды	қалды	linguistic			
409-5	SPK0027	Continuing	409	ғой	ғой	linguistic			
409-6	SPK0027	Continuing	409	деймін,	деймін	linguistic			End=331.499
410-0	SPK0026	Falling	410	Мм.	Мм	linguistic			Begin=330.040|End=330.589
411-0	SPK0027	Continuing	411	бас	бас	linguistic			Begin=331.499
411-1	SPK0027	Continuing	411	салды	салды	linguistic			
411-2	SPK0027	Continuing	411	да	да	linguistic			
411-3	SPK0027	Continuing	411	сол	сол	linguistic			
411-4	SPK0027	Continuing	411	жабысты,	жабысты	linguistic			End=333.057
412-0	SPK0027	Falling	412	болды	болды	linguistic			Begin=333.057
412-1	SPK0027	Falling	412	сосын.	сосын	linguistic			End=333.954
413-0	SPK0026	Continuing	413	Жоқ	Жоқ	linguistic			Begin=333.153
413-1	SPK0026	Continuing	413	ол	ол	linguistic			
413-2	SPK0026	Continuing	413	өзі,	өзі	linguistic			End=334.568
414-0	SPK0024	Falling	414	Ол	Ол	linguistic			Begin=333.909
414-1	SPK0024	Falling	414	любой	любой	linguistic			
414-2	SPK0024	Falling	414	балаға	балаға	linguistic			
414-3	SPK0024	Falling	414	сөйтіп	сөйтіп	linguistic			
414-4	SPK0024	Falling	414	жабысады.	жабысады	linguistic			End=335.737
415-0	SPK0026	Continuing	415	қыздар,	қыздар	linguistic			Begin=334.568|End=335.165
416-0	SPK0026	Falling	416	любой	любой	linguistic			Begin=335.165
416-1	SPK0026	Falling	416	балаға	балаға	linguistic			
416-2	SPK0026	Falling	416	сөйтіп	сөйтіп	linguistic			
416-3	SPK0026	Falling	416	жабысады.	жабысады	linguistic			End=336.873
417-0	SPK0027	Falling	417	Ааа.	Ааа	linguistic			Begin=335.643|End=336.372
418-0	SPK0024	Falling	418	Жа:қсы	Жақсы	linguistic		Prolongation=1	Begin=335.950
418-1	SPK0024	Falling	418	көреді.	көреді	linguistic			End=336.973
419-0	SPK0023	undefined	419	@@	@@	linguistic			Begin=337.150|End=337.963
420-0	SPK0024	Continuing	420	Кішкене	Кішкене	linguistic			Begin=337.361
420-1	SPK0024	Continuing	420	жас	жас	linguistic			
420-2	SPK0024	Continuing	420	қыздар	қыздар	linguistic			
420-3	SPK0024	Continuing	420	нелерді	нелерді	linguistic			
420-4	SPK0024	Continuing	420	көрсе,	көрсе	linguistic			End=338.630
421-0	SPK0024	Falling	421	өліп	өліп	linguistic			Begin=338.630
421-1	SPK0024	Falling	421	кете	кете	linguistic			
421-2	SPK0024	Falling	421	жаздайды.	жаздайды	linguistic			End=340.055
422-0	SPK0026	Falling	422	Содан	Содан	linguistic			Begin=338.683
422-1	SPK0026	Falling	422	кейін	кейін	linguistic			
422-2	SPK0026	Falling	422	әгі	әгі	linguistic			
422-3	SPK0026	Falling	422	біз	біз	linguistic			
422-4	SPK0026	Falling	422	әй.	әй	linguistic			End=340.123
423-0	SPK0027	undefined	423	#####	#####	unknown			Begin=338.892|End=340.228
424-0	SPK0025	undefined	424	##	##	unknown			Begin=340.193|End=341.229
425-0	SPK0026	Rising	425	Телефонмен	Телефонмен	linguistic			Begin=340.350
425-1	SPK0026	Rising	425	бар	бар	linguistic			
425-2	SPK0026	Rising	425	ғой?	ғой	linguistic			End=341.315
426-0	SPK0027	Falling	426	Қай	Қай	linguistic			Begin=341.407
426-1	SPK0027	Falling	426	жақта.	жақта	linguistic			End=342.262
427-0	SPK0025	undefined	427	##	##	unknown			Begin=341.796|End=342.637
428-0	SPK0026	Continuing	428	Кім,	Кім	linguistic			Begin=341.976|End=342.283
429-0	SPK0026	Rising	429	¬Жанар?	Жанар	linguistic		Anonymized=Yes	Begin=342.283|End=342.858
430-0	SPK0027	Falling	430	Аа.	Аа	linguistic			Begin=342.778|End=343.290
431-0	SPK0026	Continuing	431	Біз	Біз	linguistic			Begin=343.148
431-1	SPK0026	Continuing	431	әгі,	әгі	linguistic			End=343.758
432-0	SPK0026	Falling	432	видеомен	видеомен	linguistic			Begin=343.758
432-1	SPK0026	Falling	432	сөйлесеміз	сөйлесеміз	linguistic			
432-2	SPK0026	Falling	432	ғой.	ғой	linguistic			End=345.187
433-0	SPK0026	Continuing	433	сонда	сонда	linguistic			Begin=345.932
433-1	SPK0026	Continuing	433	әшейін,	әшейін	linguistic			End=346.595
434-0	SPK0026	Continuing	434	бүйтіп	бүйтіп	linguistic			Begin=346.687
434-1	SPK0026	Continuing	434	IMITATES_THE_CHILD'S_MOVEMENTS	IMITATES_THE_CHILD'S_MOVEMENTS	paraverbal	_		End=347.721
435-0	SPK0026	Continuing	435	деп	деп	linguistic			Begin=347.733
435-1	SPK0026	Continuing	435	алып	алып	linguistic			
435-2	SPK0026	Continuing	435	о:сы,	осы	linguistic		Prolongation=0	End=348.804
436-0	SPK0024	Falling	436	##	##	unknown			Begin=348.210
436-1	SPK0024	Falling	436	IMITATES_A_BABY_YELLING	IMITATES_A_BABY_YELLING	paraverbal	_		
436-2	SPK0024	Falling	436	деп	деп	linguistic			
436-3	SPK0024	Falling	436	###.	###	unknown			End=350.747
437-0	SPK0026	Continuing	437	ө:л	өл	linguistic		Prolongation=0	Begin=348.804
437-1	SPK0026	Continuing	437	қала	қала	linguistic			
437-2	SPK0026	Continuing	437	жаздайды	жаздайды	linguistic			
437-3	SPK0026	Continuing	437	әгі,	әгі	linguistic			End=350.431
438-0	SPK0014	Falling	438	Мама	Мама	linguistic			Begin=349.676
438-1	SPK0014	Falling	438	тағы	тағы	linguistic			
438-2	SPK0014	Falling	438	берші.	берші	linguistic			End=350.987
439-0	SPK0026	Falling	439	телефонның	телефонның	linguistic			Begin=350.431
439-1	SPK0026	Falling	439	ішіне	ішіне	linguistic			
439-2	SPK0026	Falling	439	кіріп	кіріп	linguistic			
439-3	SPK0026	Falling	439	кетеді.	кетеді	linguistic			End=351.582
440-0	SPK0026	Falling	440	@@@	@@@	linguistic			Begin=351.815
440-1	SPK0026	Falling	440	кіріп	кіріп	linguistic			
440-2	SPK0026	Falling	440	кете	кете	linguistic			
440-3	SPK0026	Falling	440	жаздайды.	жаздайды	linguistic			End=354.002
441-0	SPK0027	undefined	441	@@	@@	linguistic			Begin=354.099|End=354.793
442-0	SPK0026	Falling	442	Таниды.	Таниды	linguistic			Begin=354.117|End=354.543
443-0	SPK0026	Falling	443	Біледі.	Біледі	linguistic			Begin=354.655|End=355.148
444-0	SPK0026	Falling	444	¬Саяжанды	Саяжанды	linguistic		Anonymized=Yes	Begin=357.017
444-1	SPK0026	Falling	444	көрсе	көрсе	linguistic			
444-2	SPK0026	Falling	444	өледі.	өледі	linguistic			End=358.422
445-0	SPK0014	undefined	445	####	####	unknown			Begin=357.400|End=358.647
446-0	SPK0023	undefined	446	@@	@@	linguistic			Begin=359.045|End=360.125
447-0	SPK0023	undefined	447	######	######	unknown			Begin=361.083|End=362.118
448-0	SPK0023	undefined	448	###	###	unknown			Begin=362.133|End=363.431
449-0	SPK0026	Falling	449	По-	По	linguistic		Interrupted=Yes	Begin=362.915
449-1	SPK0026	Falling	449	подружкасымен	подружкасымен	linguistic			
449-2	SPK0026	Falling	449	сөйлесіп	сөйлесіп	linguistic			
449-3	SPK0026	Falling	449	жатыр	жатыр	linguistic			
449-4	SPK0026	Falling	449	ғой.	ғой	linguistic			End=364.727
450-0	SPK0026	Falling	450	¬Саяжан.	Саяжан	linguistic		Anonymized=Yes	Begin=364.792|End=365.434
451-0	SPK0027	Falling	451	¬Саяжан	Саяжан	linguistic		Anonymized=Yes	Begin=365.574
451-1	SPK0027	Falling	451	қайда	қайда	linguistic			
451-2	SPK0027	Falling	451	өзі.	өзі	linguistic			End=366.351
452-0	SPK0026	Falling	452	Үйде.	Үйде	linguistic			Begin=366.478|End=366.995
453-0	SPK0027	Rising	453	Тыстап	Тыстап	linguistic			Begin=367.440
453-1	SPK0027	Rising	453	кеттіңіз	кеттіңіз	linguistic			
453-2	SPK0027	Rising	453	бе?	бе	linguistic			End=368.379
454-0	SPK0026	Falling	454	Қазір	Қазір	linguistic			Begin=367.597
454-1	SPK0026	Falling	454	уже	уже	linguistic			
454-2	SPK0026	Falling	454	үлкен	үлкен	linguistic			
454-3	SPK0026	Falling	454	қыз.	қыз	linguistic			End=368.721
455-0	SPK0027	Continuing	455	Жоқ	Жоқ	linguistic			Begin=368.763
455-1	SPK0027	Continuing	455	ол,	ол	linguistic			End=369.189
456-0	SPK0026	Falling	456	Жүрмейді	Жүрмейді	linguistic			Begin=368.798
456-1	SPK0026	Falling	456	ол.	ол	linguistic			End=369.371
457-0	SPK0027	Rising	457	кімге	кімге	linguistic			Begin=369.249
457-1	SPK0027	Rising	457	тастап	тастап	linguistic			
457-2	SPK0027	Rising	457	кеттіңіздер?	кеттіңіздер	linguistic			End=370.440
458-0	SPK0026	Falling	458	Жалғыз	Жалғыз	linguistic			Begin=370.653
458-1	SPK0026	Falling	458	өзі.	өзі	linguistic			End=371.308
459-0	SPK0027	Falling	459	Кім	Кім	linguistic			Begin=370.714
459-1	SPK0027	Falling	459	қасында.	қасында	linguistic			End=371.426
460-0	SPK0026	Falling	460	Жалғыз	Жалғыз	linguistic			Begin=371.693
460-1	SPK0026	Falling	460	өзі.	өзі	linguistic			End=372.261
461-0	SPK0027	Continuing	461	Алдында	Алдында	linguistic			Begin=372.463
461-1	SPK0027	Continuing	461	бір,	бір	linguistic			End=372.841
462-0	SPK0027	Falling	462	қорқып	қорқып	linguistic			Begin=372.841
462-1	SPK0027	Falling	462	жүруші	жүруші	linguistic			
462-2	SPK0027	Falling	462	еді	еді	linguistic			
462-3	SPK0027	Falling	462	ғой	ғой	linguistic			
462-4	SPK0027	Falling	462	әгі	әгі	linguistic			
462-5	SPK0027	Falling	462	жалғыз	жалғыз	linguistic			
462-6	SPK0027	Falling	462	##.	##	unknown			End=374.749
463-0	SPK0026	Continuing	463	Ана,	Ана	linguistic			Begin=373.704|End=374.313
464-0	SPK0026	Falling	464	#####.	#####	unknown			Begin=374.313|End=375.585
465-0	SPK0027	Falling	465	Иә.	Иә	linguistic			Begin=375.257|End=375.760
466-0	SPK0026	Falling	466	Қазір	Қазір	linguistic			Begin=375.625
466-1	SPK0026	Falling	466	кішкене	кішкене	linguistic			
466-2	SPK0026	Falling	466	###.	###	unknown			End=377.011
467-0	SPK0024	Falling	467	Телевизор	Телевизор	linguistic			Begin=376.481
467-1	SPK0024	Falling	467	сөйлеп	сөйлеп	linguistic			
467-2	SPK0024	Falling	467	қалды.	қалды	linguistic			End=377.811
468-0	SPK0024	Continuing	468	Вот	Вот	linguistic			Begin=378.010
468-1	SPK0024	Continuing	468	сол,	сол	linguistic			End=378.610
469-0	SPK0024	Falling	469	қалды.	қалды	linguistic			Begin=378.610|End=379.418
470-0	SPK0024	undefined	470	####	####	unknown			Begin=379.810|End=381.420
471-0	SPK0014	undefined	471	##	##	unknown			Begin=380.236|End=380.879
472-0	SPK0014	Continuing	472	Что	Что	linguistic			Begin=380.879
472-1	SPK0014	Continuing	472	хочешь	хочешь	linguistic			
472-2	SPK0014	Continuing	472	давай	давай	linguistic			
472-3	SPK0014	Continuing	472	бери,	бери	linguistic			End=382.286
473-0	SPK0014	Falling	473	бери.	бери	linguistic			Begin=382.286|End=382.763
474-0	SPK0024	Falling	474	Отырады.	Отырады	linguistic			Begin=382.841|End=383.923
475-0	SPK0024	Continuing	475	Ана,	Ана	linguistic			Begin=384.351|End=384.951
476-0	SPK0014	Continuing	476	Вот	Вот	linguistic			Begin=384.421
476-1	SPK0014	Continuing	476	этот,	этот	linguistic			End=384.848
477-0	SPK0014	Falling	477	магнитик.	магнитик	linguistic			Begin=384.928|End=385.617
478-0	SPK0024	Falling	478	немен.	немен	linguistic			Begin=384.951|End=385.501
479-0	SPK0024	Continuing	479	Онлайнмен,	Онлайнмен	linguistic			Begin=385.627|End=386.430
480-0	SPK0024	Falling	480	ойнайды.	ойнайды	linguistic			Begin=386.430|End=386.926
481-0	SPK0024	Continuing	481	Қызыл	Қызыл	linguistic			Begin=386.980
481-1	SPK0024	Continuing	481	телефон	телефон	linguistic			
481-2	SPK0024	Continuing	481	былай,	былай	linguistic			End=388.400
482-0	SPK0027	Falling	482	Білемін	Білемін	linguistic			Begin=387.985
482-1	SPK0027	Falling	482	білемін	білемін	linguistic			
482-2	SPK0027	Falling	482	білемін.	білемін	linguistic			End=389.235
483-0	SPK0024	Falling	483	анау	анау	linguistic			Begin=388.400
483-1	SPK0024	Falling	483	былай.	былай	linguistic			End=389.207
484-0	SPK0024	Falling	484	Планшет.	Планшет	linguistic			Begin=389.207|End=390.253
485-0	SPK0024	undefined	485	####	####	unknown			Begin=390.541|End=391.611
486-0	SPK0024	Falling	486	Анда	Анда	linguistic			Begin=391.661
486-1	SPK0024	Falling	486	немене	немене	linguistic			
486-2	SPK0024	Falling	486	дейді	дейді	linguistic			
486-3	SPK0024	Falling	486	анандай.	анандай	linguistic			End=392.905
487-0	SPK0024	Falling	487	Немене	Немене	linguistic			Begin=392.905
487-1	SPK0024	Falling	487	еді	еді	linguistic			
487-2	SPK0024	Falling	487	құдай-ау	құдай-ау	linguistic			
487-3	SPK0024	Falling	487	әгі.	әгі	linguistic			End=394.213
488-0	SPK0026	Continuing	488	Анау:	Анау	linguistic		Prolongation=3	Begin=394.080
488-1	SPK0026	Continuing	488	мына,	мына	linguistic			End=394.994
489-0	SPK0026	Continuing	489	немене	немене	linguistic			Begin=394.994
489-1	SPK0026	Continuing	489	етіп	етіп	linguistic			
489-2	SPK0026	Continuing	489	отырып	отырып	linguistic			
489-3	SPK0026	Continuing	489	әгі,	әгі	linguistic			End=396.035
490-0	SPK0026	Falling	490	он	он	linguistic			Begin=396.041
490-1	SPK0026	Falling	490	үші	үші	linguistic			
490-2	SPK0026	Falling	490	мыңға	мыңға	linguistic			
490-3	SPK0026	Falling	490	немене	немене	linguistic			
490-4	SPK0026	Falling	490	алдыртып	алдыртып	linguistic			
490-5	SPK0026	Falling	490	алды	алды	linguistic			
490-6	SPK0026	Falling	490	ей.	ей	linguistic			End=397.752
491-0	SPK0027	Falling	491	Иә	Иә	linguistic			Begin=398.194
491-1	SPK0027	Falling	491	ана	ана	linguistic			
491-2	SPK0027	Falling	491	қоятын	қоятын	linguistic			
491-3	SPK0027	Falling	491	ба.	ба	linguistic			End=399.375
492-0	SPK0023	Rising	492	Подставка	Подставка	linguistic			Begin=398.690
492-1	SPK0023	Rising	492	ма?	ма	linguistic			End=400.007
493-0	SPK0024	Rising	493	Жоғыда?	Жоғыда	linguistic			Begin=400.042|End=400.528
494-0	SPK0024	Continuing	494	Жаңағы	Жаңағы	linguistic			Begin=401.010
494-1	SPK0024	Continuing	494	не,	не	linguistic			End=402.629
495-0	SPK0027	Rising	495	Домалақ	Домалақ	linguistic			Begin=401.107
495-1	SPK0027	Rising	495	кольцо	кольцо	linguistic			
495-2	SPK0027	Rising	495	ма?	ма	linguistic			End=402.183
496-0	SPK0026	Falling	496	Жаңағы.	Жаңағы	linguistic			Begin=401.700|End=402.760
497-0	SPK0024	Falling	497	Акуланы.	Акуланы	linguistic			Begin=403.041|End=404.567
498-0	SPK0023	Falling	498	Ееее.	Ееее	linguistic			Begin=403.622|End=404.638
499-0	SPK0026	Falling	499	Акула.	Акула	linguistic			Begin=403.643|End=404.445
500-0	SPK0027	Rising	500	Еее	Еее	linguistic			Begin=403.995
500-1	SPK0027	Rising	500	акуланы?	акуланы	linguistic			End=405.242
501-0	SPK0023	undefined	501	@@	@@	linguistic			Begin=405.292|End=406.081
502-0	SPK0027	Falling	502	Кімге	Кімге	linguistic			Begin=405.590
502-1	SPK0027	Falling	502	алдыртып	алдыртып	linguistic			
502-2	SPK0027	Falling	502	алды.	алды	linguistic			End=406.223
503-0	SPK0026	Continuing	503	Өзі,	Өзі	linguistic			Begin=406.536|End=406.796
504-0	SPK0026	Falling	504	мынаған	мынаған	linguistic			Begin=406.796
504-1	SPK0026	Falling	504	алдыртты.	алдыртты	linguistic			End=407.819
505-0	SPK0027	Falling	505	Немене	Немене	linguistic			Begin=409.251
505-1	SPK0027	Falling	505	қылам	қылам	linguistic			
505-2	SPK0027	Falling	505	дейді.	дейді	linguistic			End=410.071
506-0	SPK0024	Falling	506	Ботадай	Ботадай	linguistic			Begin=409.970
506-1	SPK0024	Falling	506	боздап.	боздап	linguistic			End=410.802
507-0	SPK0024	Falling	507	тренд	тренд	linguistic			Begin=410.902
507-1	SPK0024	Falling	507	дейді	дейді	linguistic			
507-2	SPK0024	Falling	507	###.	###	unknown			End=411.850
508-0	SPK0024	undefined	508	####	####	unknown			Begin=411.850|End=413.270
509-0	SPK0027	Falling	509	Иә,	Иә	linguistic			Begin=411.981
509-1	SPK0027	Falling	509	тренд	тренд	linguistic			
509-2	SPK0027	Falling	509	дейді	дейді	linguistic			
509-3	SPK0027	Falling	509	енді.	енді	linguistic			End=413.202
510-0	SPK0027	Continuing	510	Біздің	Біздің	linguistic			Begin=413.202
510-1	SPK0027	Continuing	510	қыз	қыз	linguistic			
510-2	SPK0027	Continuing	510	да	да	linguistic			
510-3	SPK0027	Continuing	510	айтады,	айтады	linguistic			End=414.024
511-0	SPK0026	Falling	511	Иә.	Иә	linguistic			Begin=413.336|End=414.215
512-0	SPK0027	Falling	512	мен	мен	linguistic			Begin=414.024
512-1	SPK0027	Falling	512	айтамын	айтамын	linguistic			
512-2	SPK0027	Falling	512	сенің	сенің	linguistic			
512-3	SPK0027	Falling	512	трендіңді	трендіңді	linguistic			
512-4	SPK0027	Falling	512	қоятын	қоятын	linguistic			
512-5	SPK0027	Falling	512	үйде	үйде	linguistic			
512-6	SPK0027	Falling	512	орын	орын	linguistic			
512-7	SPK0027	Falling	512	жоқ.	жоқ	linguistic			End=417.664
513-0	SPK0026	Continuing	513	Ай	Ай	linguistic			Begin=416.484
513-1	SPK0026	Continuing	513	енді,	енді	linguistic			End=417.281
514-0	SPK0023	undefined	514	@@@	@@@	linguistic			Begin=417.359|End=418.248
515-0	SPK0026	Continuing	515	ол	ол	linguistic			Begin=417.531
515-1	SPK0026	Continuing	515	бар	бар	linguistic			
515-2	SPK0026	Continuing	515	ғой	ғой	linguistic			
515-3	SPK0026	Continuing	515	ана,	ана	linguistic			End=418.536
516-0	SPK0027	undefined	516	#	#	unknown			Begin=417.964|End=418.492
517-0	SPK0026	Falling	517	регистрироваться	регистрироваться	linguistic			Begin=418.645
517-1	SPK0026	Falling	517	етпекші	етпекші	linguistic			
517-2	SPK0026	Falling	517	болды	болды	linguistic			
517-3	SPK0026	Falling	517	ғой.	ғой	linguistic			End=420.124
518-0	SPK0026	Continuing	518	Регистрироваться	Регистрироваться	linguistic			Begin=420.124
518-1	SPK0026	Continuing	518	еткенге	еткенге	linguistic			
518-2	SPK0026	Continuing	518	де	де	linguistic			
518-3	SPK0026	Continuing	518	ақша	ақша	linguistic			
518-4	SPK0026	Continuing	518	төлейсің	төлейсің	linguistic			
518-5	SPK0026	Continuing	518	де,	де	linguistic			End=422.183
519-0	SPK0026	Falling	519	неменемен	неменемен	linguistic			Begin=422.183
519-1	SPK0026	Falling	519	не	не	linguistic			
519-2	SPK0026	Falling	519	етеді	етеді	linguistic			
519-3	SPK0026	Falling	519	екенсің.	екенсің	linguistic			End=423.511
520-0	SPK0026	Continuing	520	Ана,	Ана	linguistic			Begin=423.511|End=424.185
521-0	SPK0026	Continuing	521	сен	сен	linguistic			Begin=424.185
521-1	SPK0026	Continuing	521	әлі	әлі	linguistic			
521-2	SPK0026	Continuing	521	келмейсің,	келмейсің	linguistic			End=425.350
522-0	SPK0026	Falling	522	он	он	linguistic			Begin=425.350
522-1	SPK0026	Falling	522	екі	екі	linguistic			
522-2	SPK0026	Falling	522	жастан	жастан	linguistic			
522-3	SPK0026	Falling	522	бастап	бастап	linguistic			
522-4	SPK0026	Falling	522	әке-шешесінің	әке-шешесінің	linguistic			
522-5	SPK0026	Falling	522	разрешениесі	разрешениесі	linguistic			
522-6	SPK0026	Falling	522	керек	керек	linguistic			
522-7	SPK0026	Falling	522	екен.	екен	linguistic			End=428.635
523-0	SPK0027	Falling	523	Еее.	Еее	linguistic			Begin=428.708|End=429.497
524-0	SPK0026	Falling	524	Мы	Мы	linguistic			Begin=429.033
524-1	SPK0026	Falling	524	согласны	согласны	linguistic			
524-2	SPK0026	Falling	524	деген.	деген	linguistic			End=430.020
525-0	SPK0026	Continuing	525	Содан	Содан	linguistic			Begin=430.426
525-1	SPK0026	Continuing	525	кейін	кейін	linguistic			
525-2	SPK0026	Continuing	525	барып,	барып	linguistic			End=431.255
526-0	SPK0026	Falling	526	ақшасын	ақшасын	linguistic			Begin=431.264
526-1	SPK0026	Falling	526	төлейді	төлейді	linguistic			
526-2	SPK0026	Falling	526	екенсің.	екенсің	linguistic			End=432.368
527-0	SPK0026	Falling	527	Содан	Содан	linguistic			Begin=432.510
527-1	SPK0026	Falling	527	кейін	кейін	linguistic			
527-2	SPK0026	Falling	527	барып	барып	linguistic			
527-3	SPK0026	Falling	527	кіреді	кіреді	linguistic			
527-4	SPK0026	Falling	527	екенсің.	екенсің	linguistic			End=433.761
528-0	SPK0026	undefined	528	#	#	unknown			Begin=433.761|End=434.479
529-0	SPK0026	Continuing	529	Әншейін	Әншейін	linguistic			Begin=434.479
529-1	SPK0026	Continuing	529	албаты,	албаты	linguistic			End=435.541
530-0	SPK0026	Falling	530	кіріп	кіріп	linguistic			Begin=435.541
530-1	SPK0026	Falling	530	ойнай	ойнай	linguistic			
530-2	SPK0026	Falling	530	бере	бере	linguistic			
530-3	SPK0026	Falling	530	алмайды	алмайды	linguistic			
530-4	SPK0026	Falling	530	екенсің.	екенсің	linguistic			End=437.469
531-0	SPK0024	undefined	531	######	######	unknown			Begin=436.048|End=437.772
532-0	SPK0027	Continuing	532	Еее,	Еее	linguistic			Begin=437.068|End=437.733
533-0	SPK0026	undefined	533	##	##	unknown			Begin=437.492|End=438.433
534-0	SPK0027	Continuing	534	жоқ	жоқ	linguistic			Begin=437.733
534-1	SPK0027	Continuing	534	ана,	ана	linguistic			End=438.597
535-0	SPK0026	Falling	535	Өзінің	Өзінің	linguistic			Begin=438.433
535-1	SPK0026	Falling	535	несі	несі	linguistic			
535-2	SPK0026	Falling	535	бар	бар	linguistic			
535-3	SPK0026	Falling	535	екен.	екен	linguistic			End=439.506
536-0	SPK0027	Falling	536	ойыншықты	ойыншықты	linguistic			Begin=438.597
536-1	SPK0027	Falling	536	айтамын	айтамын	linguistic			
536-2	SPK0027	Falling	536	мына.	мына	linguistic			End=440.170
537-0	SPK0024	Falling	537	Мынау	Мынау	linguistic			Begin=439.530
537-1	SPK0024	Falling	537	ойыншықты	ойыншықты	linguistic			
537-2	SPK0024	Falling	537	айтып	айтып	linguistic			
537-3	SPK0024	Falling	537	отыр.	отыр	linguistic			End=440.894
538-0	SPK0027	Falling	538	Ойыншықты	Ойыншықты	linguistic			Begin=440.978
538-1	SPK0027	Falling	538	алып	алып	linguistic			
538-2	SPK0027	Falling	538	бер	бер	linguistic			
538-3	SPK0027	Falling	538	дейді	дейді	linguistic			
538-4	SPK0027	Falling	538	менің	менің	linguistic			
538-5	SPK0027	Falling	538	қызым	қызым	linguistic			
538-6	SPK0027	Falling	538	да.	да	linguistic			End=442.685
539-0	SPK0027	Falling	539	Мынау	Мынау	linguistic			Begin=442.685
539-1	SPK0027	Falling	539	трендтағы	трендтағы	linguistic			
539-2	SPK0027	Falling	539	ойыншықтар	ойыншықтар	linguistic			
539-3	SPK0027	Falling	539	дейді.	дейді	linguistic			End=444.576
540-0	SPK0026	undefined	540	###	###	unknown			Begin=442.843|End=443.763
541-0	SPK0026	Falling	541	Еее.	Еее	linguistic			Begin=443.793|End=444.325
542-0	SPK0024	Rising	542	Бәрі	Бәрі	linguistic			Begin=444.448
542-1	SPK0024	Rising	542	сонда	сонда	linguistic			
542-2	SPK0024	Rising	542	осынікі	осынікі	linguistic			
542-3	SPK0024	Rising	542	ме?	ме	linguistic			End=445.810
543-0	SPK0026	Falling	543	Ө:ліп	Өліп	linguistic		Prolongation=0	Begin=444.550
543-1	SPK0026	Falling	543	кете	кете	linguistic			
543-2	SPK0026	Falling	543	жаздады	жаздады	linguistic			
543-3	SPK0026	Falling	543	ғой.	ғой	linguistic			End=446.113
544-0	SPK0027	Falling	544	А.	А	linguistic			Begin=445.745|End=446.165
545-0	SPK0024	Interrupted	545	Акула	Акула	linguistic			Begin=445.810
545-1	SPK0024	Interrupted	545	да	да	linguistic			
545-2	SPK0024	Interrupted	545	осынікі—	осынікі	linguistic		Interrupted=Yes	End=446.965
546-0	SPK0027	Falling	546	Мына	Мына	linguistic			Begin=446.364
546-1	SPK0027	Falling	546	акуланы	акуланы	linguistic			
546-2	SPK0027	Falling	546	айтады.	айтады	linguistic			End=447.655
547-0	SPK0024	Falling	547	Ммм.	Ммм	linguistic			Begin=446.965|End=447.964
548-0	SPK0027	Continuing	548	Мен	Мен	linguistic			Begin=447.655
548-1	SPK0027	Continuing	548	айтамын,	айтамын	linguistic			End=448.342
549-0	SPK0027	Falling	549	оны	оны	linguistic			Begin=448.342
549-1	SPK0027	Falling	549	қайда	қайда	linguistic			
549-2	SPK0027	Falling	549	қоямын	қоямын	linguistic			
549-3	SPK0027	Falling	549	мен.	мен	linguistic			End=449.625
550-0	SPK0027	Falling	550	вообще	вообще	linguistic			Begin=449.625
550-1	SPK0027	Falling	550	жек	жек	linguistic			
550-2	SPK0027	Falling	550	көремін	көремін	linguistic			
550-3	SPK0027	Falling	550	осы.	осы	linguistic			End=451.424
551-0	SPK0027	Continuing	551	Немене	Немене	linguistic			Begin=451.580
551-1	SPK0027	Continuing	551	с-	с	linguistic		Interrupted=Yes	
551-2	SPK0027	Continuing	551	бір,	бір	linguistic			End=452.560
552-0	SPK0027	Continuing	552	өзінің	өзінің	linguistic			Begin=452.560
552-1	SPK0027	Continuing	552	бір	бір	linguistic			
552-2	SPK0027	Continuing	552	комнатасы	комнатасы	linguistic			
552-3	SPK0027	Continuing	552	бо:лып,	болып	linguistic		Prolongation=1	End=453.968
553-0	SPK0027	Falling	553	бір	бір	linguistic			Begin=453.968
553-1	SPK0027	Falling	553	немене	немене	linguistic			
553-2	SPK0027	Falling	553	етіп	етіп	linguistic			
553-3	SPK0027	Falling	553	тұрса	тұрса	linguistic			
553-4	SPK0027	Falling	553	жарайды.	жарайды	linguistic			End=455.180
554-0	SPK0026	Rising	554	Содан	Содан	linguistic			Begin=455.787
554-1	SPK0026	Rising	554	кейін?	кейін	linguistic			End=457.165
555-0	SPK0024	Continuing	555	Вы	Вы	linguistic			Begin=457.355
555-1	SPK0024	Continuing	555	ничего	ничего	linguistic			
555-2	SPK0024	Continuing	555	не	не	linguistic			
555-3	SPK0024	Continuing	555	пони-,	пони	linguistic		Interrupted=Yes	End=458.600
556-0	SPK0027	undefined	556	##	##	unknown			Begin=457.360|End=458.026
557-0	SPK0024	Falling	557	м:аете.	маете	linguistic		Prolongation=0	Begin=458.600|End=459.773
558-0	SPK0024	Continuing	558	Тренд	Тренд	linguistic			Begin=460.188
558-1	SPK0024	Continuing	558	ол,	ол	linguistic			End=461.079
559-0	SPK0024	Falling	559	тренд	тренд	linguistic			Begin=461.159
559-1	SPK0024	Falling	559	это.	это	linguistic			End=461.855
560-0	SPK0024	undefined	560	IMITATES_A_SOBBING_CHILD	IMITATES_A_SOBBING_CHILD	paraverbal	_		Begin=461.940|End=463.972
561-0	SPK0027	Falling	561	Ойбай	Ойбай	linguistic			Begin=463.012
561-1	SPK0027	Falling	561	@@@@@	@@@@@	linguistic			
561-2	SPK0027	Falling	561	күшті	күшті	linguistic			
561-3	SPK0027	Falling	561	келтіресіз	келтіресіз	linguistic			
561-4	SPK0027	Falling	561	ғой.	ғой	linguistic			End=465.986
562-0	SPK0023	undefined	562	@@@@@@	@@@@@@	linguistic			Begin=463.018|End=464.908
563-0	SPK0025	undefined	563	@@@@@	@@@@@	linguistic			Begin=463.442|End=467.109
564-0	SPK0024	Falling	564	@@	@@	linguistic			Begin=463.994
564-1	SPK0024	Falling	564	#	#	unknown			
564-2	SPK0024	Falling	564	бір	бір	linguistic			
564-3	SPK0024	Falling	564	әгі	әгі	linguistic			
564-4	SPK0024	Falling	564	бір.	бір	linguistic			End=465.870
565-0	SPK0023	Continuing	565	Ана,	Ана	linguistic			Begin=464.908|End=465.880
566-0	SPK0023	undefined	566	видеоға	видеоға	linguistic			Begin=465.880
566-1	SPK0023	undefined	566	түсіріп	түсіріп	linguistic			
566-2	SPK0023	undefined	566	алу	алу	linguistic			
566-3	SPK0023	undefined	566	керек	керек	linguistic			
566-4	SPK0023	undefined	566	еді	еді	linguistic			
566-5	SPK0023	undefined	566	@@@@@@	@@@@@@	linguistic			End=469.245
567-0	SPK0027	undefined	567	@@@@@@	@@@@@@	linguistic			Begin=465.986|End=467.569
568-0	SPK0026	undefined	568	@@	@@	linguistic			Begin=466.935|End=468.207
569-0	SPK0024	Falling	569	Соны	Соны	linguistic			Begin=467.153
569-1	SPK0024	Falling	569	айтамын.	айтамын	linguistic			End=467.988
570-0	SPK0024	Continuing	570	Мынау	Мынау	linguistic			Begin=468.099
570-1	SPK0024	Continuing	570	көрген	көрген	linguistic			
570-2	SPK0024	Continuing	570	жоқ	жоқ	linguistic			
570-3	SPK0024	Continuing	570	мына	мына	linguistic			
570-4	SPK0024	Continuing	570	тұрған	тұрған	linguistic			
570-5	SPK0024	Continuing	570	менің	менің	linguistic			
570-6	SPK0024	Continuing	570	жаныма	жаныма	linguistic			
570-7	SPK0024	Continuing	570	келіп,	келіп	linguistic			End=470.057
571-0	SPK0026	undefined	571	####	####	unknown			Begin=469.265|End=470.464
572-0	SPK0024	Falling	572	ал	ал	linguistic			Begin=470.064
572-1	SPK0024	Falling	572	келіп	келіп	linguistic			
572-2	SPK0024	Falling	572	солқылдады	солқылдады	linguistic			
572-3	SPK0024	Falling	572	келіп.	келіп	linguistic			End=471.026
573-0	SPK0023	undefined	573	@@@	@@@	linguistic			Begin=470.682|End=471.910
574-0	SPK0026	Continuing	574	Маған	Маған	linguistic			Begin=470.967
574-1	SPK0026	Continuing	574	жыламайды,	жыламайды	linguistic			End=472.041
575-0	SPK0024	Falling	575	Ал	Ал	linguistic			Begin=471.026
575-1	SPK0024	Falling	575	келіп	келіп	linguistic			
575-2	SPK0024	Falling	575	###.	###	unknown			End=472.186
576-0	SPK0026	Falling	576	маған	маған	linguistic			Begin=472.148
576-1	SPK0026	Falling	576	барып.	барып	linguistic			End=473.228
577-0	SPK0024	Falling	577	Спальнида.	Спальнида	linguistic			Begin=472.186|End=473.280
578-0	SPK0027	Falling	578	Ана	Ана	linguistic			Begin=472.628
578-1	SPK0027	Falling	578	немене.	немене	linguistic			End=474.059
579-0	SPK0026	Falling	579	Мхм.	Мхм	linguistic			Begin=473.228|End=474.132
580-0	SPK0024	Falling	580	Мен	Мен	linguistic			Begin=474.248
580-1	SPK0024	Falling	580	айттым	айттым	linguistic			
580-2	SPK0024	Falling	580	қойшы	қойшы	linguistic			
580-3	SPK0024	Falling	580	өзі	өзі	linguistic			
580-4	SPK0024	Falling	580	осы	осы	linguistic			
580-5	SPK0024	Falling	580	сен	сен	linguistic			
580-6	SPK0024	Falling	580	қыз.	қыз	linguistic			End=476.203
581-0	SPK0023	Falling	581	Видеоға	Видеоға	linguistic			Begin=474.492
581-1	SPK0023	Falling	581	түсіріп	түсіріп	linguistic			
581-2	SPK0023	Falling	581	алы	алы	linguistic			
581-3	SPK0023	Falling	581	керек	керек	linguistic			
581-4	SPK0023	Falling	581	еді.	еді	linguistic			End=475.849
582-0	SPK0024	Falling	582	Оттама	Оттама	linguistic			Begin=476.203
582-1	SPK0024	Falling	582	десем	десем	linguistic			
582-2	SPK0024	Falling	582	####.	####	unknown			End=477.370
583-0	SPK0024	Falling	583	О:сы	Осы	linguistic		Prolongation=0	Begin=477.370
583-1	SPK0024	Falling	583	дода	дода	linguistic			
583-2	SPK0024	Falling	583	шығып	шығып	linguistic			
583-3	SPK0024	Falling	583	жылап	жылап	linguistic			
583-4	SPK0024	Falling	583	жатып	жатып	linguistic			
583-5	SPK0024	Falling	583	алды	алды	linguistic			
583-6	SPK0024	Falling	583	##.	##	unknown			End=479.927
584-0	SPK0024	Falling	584	IMITATES_A_SOBBING_CHILD	IMITATES_A_SOBBING_CHILD	paraverbal	_		Begin=479.927
584-1	SPK0024	Falling	584	деп	деп	linguistic			
584-2	SPK0024	Falling	584	тұрып	тұрып	linguistic			
584-3	SPK0024	Falling	584	ана	ана	linguistic			
584-4	SPK0024	Falling	584	бүйтіп.	бүйтіп	linguistic			End=482.380
585-0	SPK0023	undefined	585	@@@@	@@@@	linguistic			Begin=481.405|End=483.057
586-0	SPK0024	Continuing	586	Содан	Содан	linguistic			Begin=482.380
586-1	SPK0024	Continuing	586	кейін,	кейін	linguistic			End=483.080
587-0	SPK0024	undefined	587	#####	#####	unknown			Begin=483.080|End=484.303
588-0	SPK0024	Continuing	588	Сен	Сен	linguistic			Begin=484.372
588-1	SPK0024	Continuing	588	Күршімнен	Күршімнен	linguistic			
588-2	SPK0024	Continuing	588	келгенде,	келгенде	linguistic			End=485.260
589-0	SPK0024	Falling	589	иә	иә	linguistic			Begin=485.260
589-1	SPK0024	Falling	589	алып	алып	linguistic			
589-2	SPK0024	Falling	589	қоямын.	қоямын	linguistic			End=486.007
590-0	SPK0024	Continuing	590	Деп	Деп	linguistic			Begin=486.350
590-1	SPK0024	Continuing	590	едім,	едім	linguistic			End=487.007
591-0	SPK0024	Continuing	591	сразу,	сразу	linguistic			Begin=487.154|End=488.600
592-0	SPK0027	undefined	592	#	#	unknown			Begin=487.453|End=488.163
593-0	SPK0027	undefined	593	##	##	unknown			Begin=488.272|End=489.468
594-0	SPK0026	Interrupted	594	Ес—	Ес	linguistic		Interrupted=Yes	Begin=488.381|End=489.158
595-0	SPK0024	Falling	595	әншейшін	әншейшін	linguistic			Begin=488.600
595-1	SPK0024	Falling	595	момент	момент	linguistic			
595-2	SPK0024	Falling	595	әншейін	әншейін	linguistic			
595-3	SPK0024	Falling	595	бүйтіп	бүйтіп	linguistic			
595-4	SPK0024	Falling	595	шыға	шыға	linguistic			
595-5	SPK0024	Falling	595	келді	келді	linguistic			
595-6	SPK0024	Falling	595	ғой.	ғой	linguistic			End=491.106
596-0	SPK0023	undefined	596	@@@	@@@	linguistic			Begin=490.195|End=491.087
597-0	SPK0026	Continuing	597	Есіктен	Есіктен	linguistic			Begin=490.356
597-1	SPK0026	Continuing	597	кіріп	кіріп	linguistic			
597-2	SPK0026	Continuing	597	алды	алды	linguistic			
597-3	SPK0026	Continuing	597	да,	да	linguistic			End=492.517
598-0	SPK0025	undefined	598	@	@	linguistic			Begin=490.397|End=490.991
599-0	SPK0026	Continuing	599	жоқ	жоқ	linguistic			Begin=492.942
599-1	SPK0026	Continuing	599	қой	қой	linguistic			
599-2	SPK0026	Continuing	599	мынау,	мынау	linguistic			End=493.452
600-0	SPK0026	Rising	600	біз	біз	linguistic			Begin=493.470
600-1	SPK0026	Rising	600	үйге	үйге	linguistic			
600-2	SPK0026	Rising	600	кірдік	кірдік	linguistic			
600-3	SPK0026	Rising	600	емес	емес	linguistic			
600-4	SPK0026	Rising	600	пе	пе	linguistic			
600-5	SPK0026	Rising	600	иә?	иә	linguistic			End=494.812
601-0	SPK0023	Falling	601	Кіріп	Кіріп	linguistic			Begin=493.797
601-1	SPK0023	Falling	601	шығу	шығу	linguistic			
601-2	SPK0023	Falling	601	керек	керек	linguistic			
601-3	SPK0023	Falling	601	еді	еді	linguistic			
601-4	SPK0023	Falling	601	әгі	әгі	linguistic			
601-5	SPK0023	Falling	601	келген	келген	linguistic			
601-6	SPK0023	Falling	601	кезде.	кезде	linguistic			End=495.837
602-0	SPK0027	Continuing	602	Сізді:	Сізді	linguistic		Prolongation=4	Begin=494.766
602-1	SPK0027	Continuing	602	ыы,	ыы	linguistic			End=496.067
603-0	SPK0024	Falling	603	Жоқ	Жоқ	linguistic			Begin=494.800
603-1	SPK0024	Falling	603	#	#	unknown			
603-2	SPK0024	Falling	603	болған	болған	linguistic			
603-3	SPK0024	Falling	603	келгенде.	келгенде	linguistic			End=496.481
604-0	SPK0027	Falling	604	сіз	сіз	linguistic			Begin=496.067
604-1	SPK0027	Falling	604	тоже	тоже	linguistic			
604-2	SPK0027	Falling	604	немене	немене	linguistic			
604-3	SPK0027	Falling	604	иә	иә	linguistic			
604-4	SPK0027	Falling	604	сіз	сіз	linguistic			
604-5	SPK0027	Falling	604	сразу	сразу	linguistic			
604-6	SPK0027	Falling	604	не	не	linguistic			
604-7	SPK0027	Falling	604	етіп	етіп	linguistic			
604-8	SPK0027	Falling	604	қаласыз	қаласыз	linguistic			
604-9	SPK0027	Falling	604	біледі.	біледі	linguistic			End=498.631
605-0	SPK0024	Falling	605	Ааа	Ааа	linguistic			Begin=498.110
605-1	SPK0024	Falling	605	иә.	иә	linguistic			End=499.211
606-0	SPK0027	Continuing	606	Апасы	Апасы	linguistic			Begin=498.631
606-1	SPK0027	Continuing	606	оның,	оның	linguistic			End=499.307
607-0	SPK0026	Falling	607	А.	А	linguistic			Begin=499.194|End=499.891
608-0	SPK0027	Rising	608	жоқ	жоқ	linguistic			Begin=499.307
608-1	SPK0027	Rising	608	деді	деді	linguistic			
608-2	SPK0027	Rising	608	ме	ме	linguistic			
608-3	SPK0027	Rising	608	болды	болды	linguistic			
608-4	SPK0027	Rising	608	уже	уже	linguistic			
608-5	SPK0027	Rising	608	жоламайды	жоламайды	linguistic			
608-6	SPK0027	Rising	608	апасына	апасына	linguistic			
608-7	SPK0027	Rising	608	иә?	иә	linguistic			End=501.462
609-0	SPK0026	Falling	609	Иә.	Иә	linguistic			Begin=500.830|End=501.385
610-0	SPK0026	Falling	610	Жоламайды	Жоламайды	linguistic			Begin=501.466
610-1	SPK0026	Falling	610	мен	мен	linguistic			
610-2	SPK0026	Falling	610	жоқ	жоқ	linguistic			
610-3	SPK0026	Falling	610	дегенде	дегенде	linguistic			
610-4	SPK0026	Falling	610	жоқ	жоқ	linguistic			
610-5	SPK0026	Falling	610	деймін	деймін	linguistic			
610-6	SPK0026	Falling	610	болды.	болды	linguistic			End=504.414
611-0	SPK0027	Falling	611	Мен	Мен	linguistic			Begin=502.710
611-1	SPK0027	Falling	611	¬Машөнге	Машөнге	linguistic		Anonymized=Yes	
611-2	SPK0027	Falling	611	Каспий	Каспий	linguistic			
611-3	SPK0027	Falling	611	Голд	Голд	linguistic			
611-4	SPK0027	Falling	611	ашып	ашып	linguistic			
611-5	SPK0027	Falling	611	бергенмін.	бергенмін	linguistic			End=505.119
612-0	SPK0024	Falling	612	Ниче.	Ниче	linguistic			Begin=504.293|End=505.123
613-0	SPK0024	Falling	613	Понимаете	Понимаете	linguistic			Begin=505.123
613-1	SPK0024	Falling	613	вы.	вы	linguistic			End=506.220
614-0	SPK0027	Falling	614	Астанаға	Астанаға	linguistic			Begin=505.202
614-1	SPK0027	Falling	614	кетерде.	кетерде	linguistic			End=507.092
615-0	SPK0024	Falling	615	Вы	Вы	linguistic			Begin=506.220
615-1	SPK0024	Falling	615	ничего	ничего	linguistic			
615-2	SPK0024	Falling	615	не	не	linguistic			
615-3	SPK0024	Falling	615	понимаете.	понимаете	linguistic			End=507.770
616-0	SPK0024	Falling	616	Ничерта	Ничерта	linguistic			Begin=507.770
616-1	SPK0024	Falling	616	не	не	linguistic			
616-2	SPK0024	Falling	616	знаете.	знаете	linguistic			End=509.542
617-0	SPK0023	undefined	617	@@@@	@@@@	linguistic			Begin=508.251|End=509.368
618-0	SPK0024	Falling	618	Это	Это	linguistic			Begin=509.575
618-1	SPK0024	Falling	618	тренд.	тренд	linguistic			End=510.560
619-0	SPK0024	Continuing	619	Тренд,	Тренд	linguistic			Begin=510.563|End=511.305
620-0	SPK0024	Falling	620	деп	деп	linguistic			Begin=511.305
620-1	SPK0024	Falling	620	болмайды.	болмайды	linguistic			End=512.294
621-0	SPK0023	undefined	621	@@@@	@@@@	linguistic			Begin=511.562|End=512.970
622-0	SPK0026	undefined	622	@@	@@	linguistic			Begin=511.970|End=513.064
623-0	SPK0027	Falling	623	Каспий	Каспий	linguistic			Begin=513.168
623-1	SPK0027	Falling	623	Голдына	Голдына	linguistic			
623-2	SPK0027	Falling	623	ақша	ақша	linguistic			
623-3	SPK0027	Falling	623	салдық.	салдық	linguistic			End=514.399
624-0	SPK0027	Falling	624	Жиырма	Жиырма	linguistic			Begin=514.399
624-1	SPK0027	Falling	624	мың	мың	linguistic			
624-2	SPK0027	Falling	624	ба:.	ба	linguistic		Prolongation=1	End=515.255
625-0	SPK0027	Falling	625	¬Мәшөнге.	Мәшөнге	linguistic		Anonymized=Yes	Begin=515.314|End=515.967
626-0	SPK0024	Falling	626	Кім.	Кім	linguistic			Begin=515.828|End=516.389
627-0	SPK0027	Continuing	627	Аштым	Аштым	linguistic			Begin=516.001
627-1	SPK0027	Continuing	627	да,	да	linguistic			End=516.658
628-0	SPK0027	Continuing	628	Каспий	Каспий	linguistic			Begin=516.658
628-1	SPK0027	Continuing	628	Голдты	Голдты	linguistic			
628-2	SPK0027	Continuing	628	аштым	аштым	linguistic			
628-3	SPK0027	Continuing	628	да,	да	linguistic			End=517.922
629-0	SPK0024	Falling	629	Иә.	Иә	linguistic			Begin=517.124|End=517.665
630-0	SPK0027	Falling	630	былай	былай	linguistic			Begin=517.922
630-1	SPK0027	Falling	630	ұстағанға	ұстағанға	linguistic			
630-2	SPK0027	Falling	630	жоғалтып	жоғалтып	linguistic			
630-3	SPK0027	Falling	630	ала	ала	linguistic			
630-4	SPK0027	Falling	630	ма	ма	linguistic			
630-5	SPK0027	Falling	630	деп.	деп	linguistic			End=520.386
631-0	SPK0027	Falling	631	Сосын	Сосын	linguistic			Begin=520.514
631-1	SPK0027	Falling	631	күнде	күнде	linguistic			
631-2	SPK0027	Falling	631	менің	менің	linguistic			
631-3	SPK0027	Falling	631	телефоныма	телефоныма	linguistic			
631-4	SPK0027	Falling	631	шығып	шығып	linguistic			
631-5	SPK0027	Falling	631	отырады	отырады	linguistic			
631-6	SPK0027	Falling	631	ғой.	ғой	linguistic			End=522.285
632-0	SPK0024	Falling	632	Мхм.	Мхм	linguistic			Begin=522.163|End=523.078
633-0	SPK0027	Falling	633	Бір	Бір	linguistic			Begin=523.206
633-1	SPK0027	Falling	633	ақша	ақша	linguistic			
633-2	SPK0027	Falling	633	кетіп	кетіп	linguistic			
633-3	SPK0027	Falling	633	жатады.	жатады	linguistic			End=524.746
634-0	SPK0027	Falling	634	ИП	ИП	linguistic			Begin=524.746
634-1	SPK0027	Falling	634	Гульжанат	Гульжанат	linguistic			
634-2	SPK0027	Falling	634	ИП	ИП	linguistic			
634-3	SPK0027	Falling	634	Гульжанат	Гульжанат	linguistic			
634-4	SPK0027	Falling	634	деген	деген	linguistic			
634-5	SPK0027	Falling	634	содан	содан	linguistic			
634-6	SPK0027	Falling	634	кейін	кейін	linguistic			
634-7	SPK0027	Falling	634	ойлаймын.	ойлаймын	linguistic			End=527.133
635-0	SPK0027	Continuing	635	Еее,	Еее	linguistic			Begin=527.133|End=528.048
636-0	SPK0027	Falling	636	тегі	тегі	linguistic			Begin=528.048
636-1	SPK0027	Falling	636	ана	ана	linguistic			
636-2	SPK0027	Falling	636	Гаухардың	Гаухардың	linguistic			
636-3	SPK0027	Falling	636	үйінің	үйінің	linguistic			
636-4	SPK0027	Falling	636	қасында	қасында	linguistic			
636-5	SPK0027	Falling	636	бір	бір	linguistic			
636-6	SPK0027	Falling	636	магазиннен	магазиннен	linguistic			
636-7	SPK0027	Falling	636	барып	барып	linguistic			
636-8	SPK0027	Falling	636	бірдеңе	бірдеңе	linguistic			
636-9	SPK0027	Falling	636	алады	алады	linguistic			
636-10	SPK0027	Falling	636	ғой	ғой	linguistic			
636-11	SPK0027	Falling	636	деймін.	деймін	linguistic			End=531.635
637-0	SPK0024	Falling	637	Мхм.	Мхм	linguistic			Begin=531.160|End=531.990
638-0	SPK0027	Falling	638	Бір	Бір	linguistic			Begin=531.802
638-1	SPK0027	Falling	638	күні	күні	linguistic			
638-2	SPK0027	Falling	638	бір	бір	linguistic			
638-3	SPK0027	Falling	638	үлкен	үлкен	linguistic			
638-4	SPK0027	Falling	638	сумма	сумма	linguistic			
638-5	SPK0027	Falling	638	келді.	келді	linguistic			End=533.660
639-0	SPK0027	Falling	639	Ей	Ей	linguistic			Begin=533.660
639-1	SPK0027	Falling	639	қайда	қайда	linguistic			
639-2	SPK0027	Falling	639	ақша.	ақша	linguistic			End=535.070
640-0	SPK0027	Falling	640	Футболка	Футболка	linguistic			Begin=535.650
640-1	SPK0027	Falling	640	заказ	заказ	linguistic			
640-2	SPK0027	Falling	640	бердім.	бердім	linguistic			End=536.943
641-0	SPK0027	Falling	641	Жарайды	Жарайды	linguistic			Begin=537.232
641-1	SPK0027	Falling	641	дедім.	дедім	linguistic			End=538.365
642-0	SPK0027	Falling	642	Еще	Еще	linguistic			Begin=539.079
642-1	SPK0027	Falling	642	өзі	өзі	linguistic			
642-2	SPK0027	Falling	642	бір	бір	linguistic			
642-3	SPK0027	Falling	642	чемодан	чемодан	linguistic			
642-4	SPK0027	Falling	642	киім	киім	linguistic			
642-5	SPK0027	Falling	642	алып	алып	linguistic			
642-6	SPK0027	Falling	642	кетті	кетті	linguistic			
642-7	SPK0027	Falling	642	бар	бар	linguistic			
642-8	SPK0027	Falling	642	ғой.	ғой	linguistic			End=540.997
643-0	SPK0027	Falling	643	Содан	Содан	linguistic			Begin=541.620
643-1	SPK0027	Falling	643	кейін	кейін	linguistic			
643-2	SPK0027	Falling	643	бір	бір	linguistic			
643-3	SPK0027	Falling	643	күні	күні	linguistic			
643-4	SPK0027	Falling	643	мама	мама	linguistic			
643-5	SPK0027	Falling	643	мен	мен	linguistic			
643-6	SPK0027	Falling	643	сумку	сумку	linguistic			
643-7	SPK0027	Falling	643	заказала.	заказала	linguistic			End=543.705
644-0	SPK0027	Continuing	644	Мен	Мен	linguistic			Begin=543.705
644-1	SPK0027	Continuing	644	бір	бір	linguistic			
644-2	SPK0027	Continuing	644	керемет	керемет	linguistic			
644-3	SPK0027	Continuing	644	бір	бір	linguistic			
644-4	SPK0027	Continuing	644	әгі,	әгі	linguistic			End=544.904
645-0	SPK0026	Rising	645	Мх?	Мх	linguistic			Begin=544.213|End=545.337
646-0	SPK0027	Continuing	646	кішкентай	кішкентай	linguistic			Begin=544.904
646-1	SPK0027	Continuing	646	әдемі	әдемі	linguistic			
646-2	SPK0027	Continuing	646	сумочка	сумочка	linguistic			
646-3	SPK0027	Continuing	646	екен	екен	linguistic			
646-4	SPK0027	Continuing	646	десем,	десем	linguistic			End=547.259
647-0	SPK0027	Falling	647	@кәдімгі	@кәдімгі	linguistic			Begin=547.450
647-1	SPK0027	Falling	647	@материалдан	@материалдан	linguistic			
647-2	SPK0027	Falling	647	@тігілгендер	@тігілгендер	linguistic			
647-3	SPK0027	Falling	647	@ұстайды	@ұстайды	linguistic			
647-4	SPK0027	Falling	647	@емес	@емес	linguistic			
647-5	SPK0027	Falling	647	@пе	@пе	linguistic			
647-6	SPK0027	Falling	647	@қазір.	@қазір	linguistic			End=550.366
648-0	SPK0025	Falling	648	@@@	@@@	linguistic			Begin=548.484
648-1	SPK0025	Falling	648	иә.	иә	linguistic			End=550.501
649-0	SPK0026	Falling	649	Аха.	Аха	linguistic			Begin=549.250|End=550.243
650-0	SPK0027	Falling	650	Оның	Оның	linguistic			Begin=550.369
650-1	SPK0027	Falling	650	фотосын	фотосын	linguistic			
650-2	SPK0027	Falling	650	қоя	қоя	linguistic			
650-3	SPK0027	Falling	650	беріпті	беріпті	linguistic			
650-4	SPK0027	Falling	650	мынау	мынау	linguistic			
650-5	SPK0027	Falling	650	деп.	деп	linguistic			End=552.023
651-0	SPK0027	Continuing	651	Құдай-ау,	Құдай-ау	linguistic			Begin=552.023|End=552.660
652-0	SPK0027	Falling	652	осыны	осыны	linguistic			Begin=552.660
652-1	SPK0027	Falling	652	алып	алып	linguistic			
652-2	SPK0027	Falling	652	жүрсің	жүрсің	linguistic			
652-3	SPK0027	Falling	652	бе.	бе	linguistic			End=554.028
653-0	SPK0025	undefined	653	@@	@@	linguistic			Begin=552.805|End=553.632
654-0	SPK0027	Continuing	654	Заказ	Заказ	linguistic			Begin=554.614
654-1	SPK0027	Continuing	654	интернет,	интернет	linguistic			End=555.507
655-0	SPK0027	Falling	655	магазиннен	магазиннен	linguistic			Begin=555.507
655-1	SPK0027	Falling	655	қаланың.	қаланың	linguistic			End=556.957
656-0	SPK0026	Continuing	656	Әй,	Әй	linguistic			Begin=555.782|End=556.576
657-0	SPK0026	Falling	657	міне.	міне	linguistic			Begin=556.657|End=557.366
658-0	SPK0026	Continuing	658	А-	А	linguistic		Interrupted=Yes	Begin=557.768
658-1	SPK0026	Continuing	658	Астанаға	Астанаға	linguistic			
658-2	SPK0026	Continuing	658	барсаңдар	барсаңдар	linguistic			
658-3	SPK0026	Continuing	658	бар	бар	linguistic			
658-4	SPK0026	Continuing	658	ғой	ғой	linguistic			
658-5	SPK0026	Continuing	658	иә,	иә	linguistic			End=559.485
659-0	SPK0026	Continuing	659	Астанаға	Астанаға	linguistic			Begin=559.801
659-1	SPK0026	Continuing	659	барсаңдар,	барсаңдар	linguistic			End=560.890
660-0	SPK0026	Continuing	660	жетеді	жетеді	linguistic			Begin=560.890
660-1	SPK0026	Continuing	660	жататын,	жататын	linguistic			End=562.098
661-0	SPK0026	Falling	661	қанша	қанша	linguistic			Begin=562.098
661-1	SPK0026	Falling	661	жатсаң	жатсаң	linguistic			
661-2	SPK0026	Falling	661	да	да	linguistic			
661-3	SPK0026	Falling	661	жат.	жат	linguistic			End=563.799
662-0	SPK0026	Falling	662	Тегін	Тегін	linguistic			Begin=563.799
662-1	SPK0026	Falling	662	иә.	иә	linguistic			End=564.873
663-0	SPK0023	Falling	663	Мхм.	Мхм	linguistic			Begin=564.349|End=565.258
664-0	SPK0026	Falling	664	Жат-	Жат	linguistic		Interrupted=Yes	Begin=564.873
664-1	SPK0026	Falling	664	жатасың.	жатасың	linguistic			End=565.932
665-0	SPK0026	Falling	665	Менің	Менің	linguistic			Begin=566.028
665-1	SPK0026	Falling	665	үйімде.	үйімде	linguistic			End=566.798
666-0	SPK0026	Falling	666	Жатасың.	Жатасың	linguistic			Begin=566.798|End=567.766
667-0	SPK0026	Falling	667	Тамағың	Тамағың	linguistic			Begin=567.818
667-1	SPK0026	Falling	667	тегін	тегін	linguistic			
667-2	SPK0026	Falling	667	міне.	міне	linguistic			End=568.954
668-0	SPK0026	Falling	668	Бешбармағыңды	Бешбармағыңды	linguistic			Begin=568.963
668-1	SPK0026	Falling	668	маңтыңды	маңтыңды	linguistic			
668-2	SPK0026	Falling	668	да	да	linguistic			
668-3	SPK0026	Falling	668	түгел.	түгел	linguistic			End=570.741
