token_id	speaker	iu_type	iu_id	tu_id	span	form	type	modality	features	align
0-0	SPK4008	Rising	0	0	сол	сол	linguistic	_	_	Begin=0.0
0-1	SPK4008	Rising	0	0	сендерде	сендерде	linguistic	_	_	_
0-2	SPK4008	Rising	0	0	актовый	актовый	linguistic	_	_	_
0-3	SPK4008	Rising	0	0	зал-да	зал-да	linguistic	_	_	_
0-4	SPK4008	Rising	0	0	өтті?	өтті	linguistic	_	_	End=2.43
1-0	SPK4012	undefined	1	1	актовый	актовый	linguistic	_	_	Begin=1.105
1-1	SPK4012	undefined	1	1	зал	зал	linguistic	_	_	End=2.065
2-0	SPK4009	undefined	2	2	иә	иә	linguistic	_	_	Begin=1.995|End=2.405
3-0	SPK4009	undefined	3	3	актовый	актовый	linguistic	_	_	Begin=2.43
3-1	SPK4009	undefined	3	3	зал-да	зал-да	linguistic	_	_	_
3-2	SPK4009	undefined	3	3	болды	болды	linguistic	_	_	_
3-3	SPK4009	undefined	3	3	себебі	себебі	linguistic	_	_	End=3.56
4-0	SPK4009	undefined	4	3	ұлдар	ұлдар	linguistic	_	_	Begin=3.595|End=3.85
5-0	SPK4009	undefined	5	3	@@	@@	linguistic	_	_	Begin=3.85|End=4.51
6-0	SPK4009	undefined	6	3	қалады	қалады	linguistic	_	_	Begin=4.52
6-1	SPK4009	undefined	6	3	сыныпта	сыныпта	linguistic	_	_	End=5.73
7-0	SPK4008	undefined	7	4	әәә	әәә	linguistic	_	_	Begin=5.095|End=6.555
8-0	SPK4009	undefined	8	5	бірақ	бірақ	linguistic	_	_	Begin=5.765
8-1	SPK4009	undefined	8	5	<lag>	<lag>	linguistic	_	_	_
8-2	SPK4009	undefined	8	5	әәә	әәә	linguistic	_	_	_
8-3	SPK4009	undefined	8	5	<lag>	<lag>	linguistic	_	_	End=6.465
9-0	SPK4009	undefined	9	5	менің	менің	linguistic	_	_	Begin=6.475
9-1	SPK4009	undefined	9	5	есімде	есімде	linguistic	_	_	End=7.235
10-0	SPK4009	undefined	10	5	¬Абай	Абай	linguistic	_	Anonymized=Yes	Begin=7.265
10-1	SPK4009	undefined	10	5	ба	ба	linguistic	_	_	_
10-2	SPK4009	undefined	10	5	әлде	әлде	linguistic	_	_	_
10-3	SPK4009	undefined	10	5	¬Айдос	Айдос	linguistic	_	Anonymized=Yes	_
10-4	SPK4009	undefined	10	5	па	па	linguistic	_	_	_
10-5	SPK4009	undefined	10	5	біреу	біреу	linguistic	_	_	_
10-6	SPK4009	undefined	10	5	айқан	айқан	linguistic	_	_	_
10-7	SPK4009	undefined	10	5	маған	маған	linguistic	_	_	End=9.265
11-0	SPK4009	undefined	11	5	неге	неге	linguistic	_	_	Begin=9.295
11-1	SPK4009	undefined	11	5	олар	олар	linguistic	_	_	_
11-2	SPK4009	undefined	11	5	барады	барады	linguistic	_	_	End=10.295
12-0	SPK4009	undefined	12	5	неге	неге	linguistic	_	_	Begin=10.315
12-1	SPK4009	undefined	12	5	біз	біз	linguistic	_	_	_
12-2	SPK4009	undefined	12	5	бармаймыз	бармаймыз	linguistic	_	_	End=11.235
13-0	SPK4009	undefined	13	5	олай-былай	олай-былай	linguistic	_	_	Begin=11.255|End=12.215
14-0	SPK4012	undefined	14	6	¬Айдос	Айдос	linguistic	_	Anonymized=Yes	Begin=12.225|End=13.045
15-0	SPK4009	undefined	15	_	<lag>	<lag>	linguistic	_	_	Begin=13.015
15-1	SPK4009	undefined	15	_	әә	әә	linguistic	_	_	_
15-2	SPK4009	undefined	15	_	<lag>	<lag>	linguistic	_	_	End=13.525
16-0	SPK4012	undefined	16	6	<lag>	<lag>	linguistic	_	_	Begin=13.065
16-1	SPK4012	undefined	16	6	ә	ә	linguistic	_	_	_
16-2	SPK4012	undefined	16	6	<lag>	<lag>	linguistic	_	_	End=13.225
17-0	SPK4012	undefined	17	_	@	@	linguistic	_	_	Begin=13.245|End=13.875
18-0	SPK4009	undefined	18	7	иә	иә	linguistic	_	_	Begin=13.65|End=14.02
19-0	SPK4009	undefined	19	8	cосын	cосын	linguistic	_	_	Begin=14.06
19-1	SPK4009	undefined	19	8	біз	біз	linguistic	_	_	_
19-2	SPK4009	undefined	19	8	келген	келген	linguistic	_	_	_
19-3	SPK4009	undefined	19	8	шақта	шақта	linguistic	_	_	End=15.32
20-0	SPK4009	undefined	20	8	бізге	бізге	linguistic	_	_	Begin=15.36
20-1	SPK4009	undefined	20	8	бір	бір	linguistic	_	_	_
20-2	SPK4009	undefined	20	8	сыйлық	сыйлық	linguistic	_	_	End=16.25
21-0	SPK4009	undefined	21	8	<lag>	<lag>	linguistic	_	_	Begin=16.285
21-1	SPK4009	undefined	21	8	әә	әә	linguistic	_	_	_
21-2	SPK4009	undefined	21	8	<lag>	<lag>	linguistic	_	_	End=16.835
22-0	SPK4009	undefined	22	8	берген	берген	linguistic	_	_	Begin=16.905|End=18.045
23-0	SPK4008	undefined	23	9	иә-иә	иә-иә	linguistic	_	_	Begin=17.0|End=17.67
24-0	SPK4008	undefined	24	10	түсіндім	түсіндім	linguistic	_	_	Begin=17.685
24-1	SPK4008	undefined	24	10	түсіндім	түсіндім	linguistic	_	_	End=18.315
25-0	SPK4009	undefined	25	11	иә	иә	linguistic	_	_	Begin=18.095|End=18.585
26-0	SPK4008	undefined	26	10	иә-иә	иә-иә	linguistic	_	_	Begin=18.33|End=18.61
27-0	SPK4009	undefined	27	13	сонын	сонын	linguistic	_	_	Begin=18.61
27-1	SPK4009	undefined	27	13	ішінде	ішінде	linguistic	_	_	End=19.32
28-0	SPK4009	undefined	28	13	<lag>	<lag>	linguistic	_	_	Begin=19.345
28-1	SPK4009	undefined	28	13	әә	әә	linguistic	_	_	_
28-2	SPK4009	undefined	28	13	<lag>	<lag>	linguistic	_	_	End=19.845
29-0	SPK4009	undefined	29	13	¬Айбек	Айбек	linguistic	_	Anonymized=Yes	Begin=19.89
29-1	SPK4009	undefined	29	13	па,	па	linguistic	_	_	_
29-2	SPK4009	undefined	29	13	¬Айдос	Айдос	linguistic	_	Anonymized=Yes	_
29-3	SPK4009	undefined	29	13	па	па	linguistic	_	_	_
29-4	SPK4009	undefined	29	13	білмеймін	білмеймін	linguistic	_	_	End=21.28
30-0	SPK4009	undefined	30	13	біреу	біреу	linguistic	_	_	Begin=21.345
30-1	SPK4009	undefined	30	13	айтқан	айтқан	linguistic	_	_	End=22.635
31-0	SPK4009	undefined	31	13	Міне	Міне	linguistic	_	_	Begin=22.66|End=23.26
32-0	SPK4009	undefined	32	13	¬Әдияға	Әдияға	linguistic	_	Anonymized=Yes	Begin=23.29
32-1	SPK4009	undefined	32	13	кәмпит	кәмпит	linguistic	_	_	_
32-2	SPK4009	undefined	32	13	берді	берді	linguistic	_	_	End=24.53
33-0	SPK4009	undefined	33	13	бізге	бізге	linguistic	_	_	Begin=24.55
33-1	SPK4009	undefined	33	13	берген	берген	linguistic	_	_	_
33-2	SPK4009	undefined	33	13	жоқ	жоқ	linguistic	_	_	End=25.65
34-0	SPK4008	undefined	34	14	әә	әә	linguistic	_	_	Begin=25.555
34-1	SPK4008	undefined	34	14	@@	@@	linguistic	_	_	End=27.735
35-0	SPK4009	undefined	35	13	неге	неге	linguistic	_	_	Begin=25.67
35-1	SPK4009	undefined	35	13	бізге	бізге	linguistic	_	_	_
35-2	SPK4009	undefined	35	13	берген	берген	linguistic	_	_	_
35-3	SPK4009	undefined	35	13	жоқ	жоқ	linguistic	_	_	_
35-4	SPK4009	undefined	35	13	деп	деп	linguistic	_	_	_
35-5	SPK4009	undefined	35	13	у	у	linguistic	_	_	_
35-6	SPK4009	undefined	35	13	шу	шу	linguistic	_	_	_
35-7	SPK4009	undefined	35	13	болды	болды	linguistic	_	_	_
35-8	SPK4009	undefined	35	13	сол	сол	linguistic	_	_	_
35-9	SPK4009	undefined	35	13	кезде	кезде	linguistic	_	_	End=28.1
36-0	SPK4009	undefined	36	15	сондай	сондай	linguistic	_	_	Begin=28.175
36-1	SPK4009	undefined	36	15	@	@	linguistic	_	_	End=29.145
37-0	SPK4009	undefined	37	16	мхм	мхм	linguistic	_	_	Begin=30.0|End=30.84
38-0	SPK4008	undefined	38	17	ммм	ммм	disfluency	_	_	Begin=31.235|End=32.345
39-0	SPK4008	undefined	39	18	біз	біз	linguistic	_	_	Begin=32.36
39-1	SPK4008	undefined	39	18	актовый	актовый	linguistic	_	_	_
39-2	SPK4008	undefined	39	18	зал	зал	linguistic	_	_	_
39-3	SPK4008	undefined	39	18	ондай	ондай	linguistic	_	_	_
39-4	SPK4008	undefined	39	18	болмайтын	болмайтын	linguistic	_	_	_
39-5	SPK4008	undefined	39	18	ешқашан	ешқашан	linguistic	_	_	End=34.0
40-0	SPK4008	undefined	40	19	біз	біз	linguistic	_	_	Begin=34.03
40-1	SPK4008	undefined	40	19	актовый	актовый	linguistic	_	_	_
40-2	SPK4008	undefined	40	19	тек	тек	linguistic	_	_	_
40-3	SPK4008	undefined	40	19	концерттер	концерттер	linguistic	_	_	_
40-4	SPK4008	undefined	40	19	болады	болады	linguistic	_	_	End=35.67
41-0	SPK4009	undefined	41	20	осындай	осындай	linguistic	_	_	Begin=35.78|End=36.96
42-0	SPK4009	undefined	42	20	нәрселер	нәрселер	linguistic	_	_	Begin=36.99
42-1	SPK4009	undefined	42	20	болды	болды	linguistic	_	_	End=37.84
43-0	SPK4008	Interrupted	43	21	біз	біз	linguistic	_	_	Begin=37.835
43-1	SPK4008	Interrupted	43	21	демааа-	демааа-	linguistic	_	Interrupted=Yes	End=39.585
44-0	SPK4008	undefined	44	21	бізден	бізден	linguistic	_	_	Begin=39.61
44-1	SPK4008	undefined	44	21	де	де	linguistic	_	_	End=40.18
45-0	SPK4008	undefined	45	21	біздің	біздің	linguistic	_	_	Begin=40.18
45-1	SPK4008	undefined	45	21	мектеп	мектеп	linguistic	_	_	End=40.98
46-0	SPK4008	undefined	46	21	үлкен	үлкен	linguistic	_	_	Begin=41.18
46-1	SPK4008	undefined	46	21	болғанымен	болғанымен	linguistic	_	_	End=42.17
47-0	SPK4008	undefined	47	21	ішінде	ішінде	linguistic	_	_	Begin=42.195
47-1	SPK4008	undefined	47	21	көп	көп	linguistic	_	_	End=43.005
48-0	SPK4008	undefined	48	21	не	не	linguistic	_	_	Begin=43.03
48-1	SPK4008	undefined	48	21	бар	бар	linguistic	_	_	End=43.65
49-0	SPK4008	undefined	49	21	көп	көп	linguistic	_	_	Begin=43.7
49-1	SPK4008	undefined	49	21	кабинет	кабинет	linguistic	_	_	_
49-2	SPK4008	undefined	49	21	бар	бар	linguistic	_	_	_
49-3	SPK4008	undefined	49	21	ғой	ғой	linguistic	_	_	End=44.89
50-0	SPK4008	undefined	50	_	(TSK)	(TSK)	click	_	_	Begin=45.305|End=45.815
51-0	SPK4008	undefined	51	22	сондықтан	сондықтан	linguistic	_	_	Begin=45.84|End=46.48
52-0	SPK4008	undefined	52	22	әәәм	әәәм	linguistic	_	_	Begin=46.53|End=47.37
53-0	SPK4008	undefined	53	22	бізде	бізде	linguistic	_	_	Begin=47.38
53-1	SPK4008	undefined	53	22	бір	бір	linguistic	_	_	End=48.25
54-0	SPK4008	undefined	54	22	қай	қай	linguistic	_	_	Begin=48.515
54-1	SPK4008	undefined	54	22	жерде	жерде	linguistic	_	_	_
54-2	SPK4008	undefined	54	22	болатын	болатын	linguistic	_	_	End=50.155
55-0	SPK4008	undefined	55	22	(H)	(H)	inhale	_	_	Begin=50.175|End=50.465
56-0	SPK4008	undefined	56	23	бізде	бізде	linguistic	_	_	Begin=50.48
56-1	SPK4008	undefined	56	23	ол	ол	linguistic	_	_	End=51.3
57-0	SPK4008	undefined	57	23	<rush>	<rush>	linguistic	_	_	Begin=51.33
57-1	SPK4008	undefined	57	23	мәжіліс	мәжіліс	linguistic	_	_	_
57-2	SPK4008	undefined	57	23	зал	зал	linguistic	_	_	_
57-3	SPK4008	undefined	57	23	<rush>	<rush>	linguistic	_	_	_
57-4	SPK4008	undefined	57	23	деуге	деуге	linguistic	_	_	_
57-5	SPK4008	undefined	57	23	болады	болады	linguistic	_	_	End=52.76
58-0	SPK4008	Interrupted	58	23	ол	ол	linguistic	_	_	Begin=52.825
58-1	SPK4008	Interrupted	58	23	сендер-	сендер-	linguistic	_	Interrupted=Yes	End=53.975
59-0	SPK4008	undefined	59	24	мүмкін	мүмкін	linguistic	_	_	Begin=54.03
59-1	SPK4008	undefined	59	24	сендердің	сендердің	linguistic	_	_	_
59-2	SPK4008	undefined	59	24	актовый	актовый	linguistic	_	_	_
59-3	SPK4008	undefined	59	24	залдың	залдың	linguistic	_	_	_
59-4	SPK4008	undefined	59	24	жартысы	жартысы	linguistic	_	_	_
59-5	SPK4008	undefined	59	24	болатын	болатын	linguistic	_	_	_
59-6	SPK4008	undefined	59	24	шығар	шығар	linguistic	_	_	End=56.36
60-0	SPK4008	undefined	60	25	<lag>	<lag>	linguistic	_	_	Begin=56.575
60-1	SPK4008	undefined	60	25	м	м	disfluency	_	_	_
60-2	SPK4008	undefined	60	25	<lag>	<lag>	linguistic	_	_	_
60-3	SPK4008	undefined	60	25	мүмкін	мүмкін	linguistic	_	_	End=57.435
61-0	SPK4008	Interrupted	61	25	жар-	жар-	linguistic	_	Interrupted=Yes	Begin=57.455|End=58.125
62-0	SPK4008	undefined	62	26	ондай	ондай	linguistic	_	_	Begin=58.15
62-1	SPK4008	undefined	62	26	қатты	қатты	linguistic	_	_	_
62-2	SPK4008	undefined	62	26	жартысы	жартысы	linguistic	_	_	_
62-3	SPK4008	undefined	62	26	да	да	linguistic	_	_	_
62-4	SPK4008	undefined	62	26	емес	емес	linguistic	_	_	_
62-5	SPK4008	undefined	62	26	шығар	шығар	linguistic	_	_	End=59.89
63-0	SPK4008	undefined	63	26	үлкен	үлкен	linguistic	_	_	Begin=59.92
63-1	SPK4008	undefined	63	26	болатын	болатын	linguistic	_	_	End=60.95
64-0	SPK4008	undefined	64	26	<lag>	<lag>	linguistic	_	_	Begin=60.975
64-1	SPK4008	undefined	64	26	ә	ә	linguistic	_	_	_
64-2	SPK4008	undefined	64	26	<lag>	<lag>	linguistic	_	_	End=61.115
65-0	SPK4008	undefined	65	26	сол	сол	linguistic	_	_	Begin=61.135
65-1	SPK4008	undefined	65	26	жерде	жерде	linguistic	_	_	End=62.065
66-0	SPK4008	undefined	66	27	бірақ	бірақ	linguistic	_	_	Begin=62.08
66-1	SPK4008	undefined	66	27	біз	біз	linguistic	_	_	End=62.94
67-0	SPK4008	undefined	67	28	сынып-cынып	сынып-cынып	linguistic	_	_	Begin=62.98|End=64.2
68-0	SPK4008	undefined	68	28	мысалы	мысалы	linguistic	_	_	Begin=64.26|End=64.53
69-0	SPK4008	undefined	69	29	тек	тек	linguistic	_	_	Begin=64.545
69-1	SPK4008	undefined	69	29	қана	қана	linguistic	_	_	_
69-2	SPK4008	undefined	69	29	он	он	linguistic	_	_	_
69-3	SPK4008	undefined	69	29	бірінші	бірінші	linguistic	_	_	_
69-4	SPK4008	undefined	69	29	сыныптар	сыныптар	linguistic	_	_	End=65.755
70-0	SPK4008	undefined	70	30	тек	тек	linguistic	_	_	Begin=65.79
70-1	SPK4008	undefined	70	30	қана	қана	linguistic	_	_	_
70-2	SPK4008	undefined	70	30	оныншы	оныншы	linguistic	_	_	_
70-3	SPK4008	undefined	70	30	сыныптар	сыныптар	linguistic	_	_	End=67.12
71-0	SPK4012	undefined	71	31	күшті	күшті	linguistic	_	_	Begin=66.825|End=67.625
72-0	SPK4008	undefined	72	32	солай	солай	linguistic	_	_	Begin=67.665
72-1	SPK4008	undefined	72	32	иа	иа	linguistic	_	_	End=68.665
73-0	SPK4012	undefined	73	33	мм	мм	disfluency	_	_	Begin=69.495|End=70.305
74-0	SPK4008	undefined	74	34	иә	иә	linguistic	_	_	Begin=70.095
74-1	SPK4008	undefined	74	34	сол	сол	linguistic	_	_	End=70.735
75-0	SPK4008	undefined	75	34	(TSK)	(TSK)	click	_	_	Begin=70.745|End=71.125
76-0	SPK4009	Interrupted	76	35	та-	та-	linguistic	_	Interrupted=Yes	Begin=72.38|End=73.04
77-0	SPK4009	Rising	77	36	тағы	тағы	linguistic	_	_	Begin=73.05
77-1	SPK4009	Rising	77	36	да	да	linguistic	_	_	_
77-2	SPK4009	Rising	77	36	сұрақтар	сұрақтар	linguistic	_	_	_
77-3	SPK4009	Rising	77	36	бар	бар	linguistic	_	_	_
77-4	SPK4009	Rising	77	36	ма?	ма	linguistic	_	_	End=74.66
78-0	SPK4009	undefined	78	37	мысалы	мысалы	linguistic	_	_	Begin=74.785|End=75.635
79-0	SPK4008	undefined	79	_	<lag>	<lag>	linguistic	_	_	Begin=75.65
79-1	SPK4008	undefined	79	_	әәәә	әәәә	linguistic	_	_	_
79-2	SPK4008	undefined	79	_	<lag>	<lag>	linguistic	_	_	End=77.03
80-0	SPK4008	undefined	80	38	cұрақ	cұрақ	linguistic	_	_	Begin=77.04|End=77.24
81-0	SPK4008	undefined	81	38	ә	ә	linguistic	_	_	Begin=77.265|End=77.485
82-0	SPK4008	undefined	82	_	###	###	unknown	_	_	Begin=77.495|End=78.125
83-0	SPK4008	undefined	83	39	оқу	оқу	linguistic	_	_	Begin=78.175
83-1	SPK4008	undefined	83	39	қалай	қалай	linguistic	_	_	_
83-2	SPK4008	undefined	83	39	болады	болады	linguistic	_	_	End=79.165
84-0	SPK4008	undefined	84	_	<L2	<L2	linguistic	_	_	Begin=79.17
84-1	SPK4008	undefined	84	_	=	=	linguistic	_	_	_
84-2	SPK4008	undefined	84	_	Russian>	Russian>	linguistic	_	_	_
84-3	SPK4008	undefined	84	_	этот	этот	linguistic	_	_	End=79.67
85-0	SPK4008	undefined	85	40	фолл	фолл	linguistic	_	_	Begin=79.7
85-1	SPK4008	undefined	85	40	семестрде	семестрде	linguistic	_	_	_
85-2	SPK4008	undefined	85	40	деген	деген	linguistic	_	_	_
85-3	SPK4008	undefined	85	40	(TSK)	(TSK)	click	_	_	End=81.0
86-0	SPK4009	undefined	86	41	осы	осы	linguistic	_	_	Begin=80.95
86-1	SPK4009	undefined	86	41	сегізінде	сегізінде	linguistic	_	_	_
86-2	SPK4009	undefined	86	41	ма	ма	linguistic	_	_	End=81.98
87-0	SPK4008	undefined	87	42	жоқ-жоқ-жоқ	жоқ-жоқ-жоқ	linguistic	_	_	Begin=81.965|End=82.615
88-0	SPK4008	undefined	88	43	универде	универде	linguistic	_	_	Begin=82.63|End=83.19
89-0	SPK4009	undefined	89	44	универде	универде	linguistic	_	_	Begin=83.18|End=83.91
90-0	SPK4008	Rising	90	45	бір-	бір-	linguistic	_	Interrupted=Yes	Begin=83.845
90-1	SPK4008	Rising	90	45	бірінші	бірінші	linguistic	_	_	_
90-2	SPK4008	Rising	90	45	курс	курс	linguistic	_	_	_
90-3	SPK4008	Rising	90	45	бітірдің?	бітірдің	linguistic	_	_	End=85.485
91-0	SPK4009	undefined	91	46	мен	мен	linguistic	_	_	Begin=85.415|End=86.18
92-0	SPK4009	undefined	92	47	үшінші	үшінші	linguistic	_	_	Begin=86.18
92-1	SPK4009	undefined	92	47	курс	курс	linguistic	_	_	_
92-2	SPK4009	undefined	92	47	бітірдім	бітірдім	linguistic	_	_	End=86.985
93-0	SPK4008	undefined	93	48	ә	ә	linguistic	_	_	Begin=86.882|End=87.162
94-0	SPK4008	undefined	94	49	үшінші	үшінші	linguistic	_	_	Begin=87.172
94-1	SPK4008	undefined	94	49	курс	курс	linguistic	_	_	_
94-2	SPK4008	undefined	94	49	бітірдің	бітірдің	linguistic	_	_	End=88.022
95-0	SPK4009	undefined	95	50	иә	иә	linguistic	_	_	Begin=87.527|End=88.017
96-0	SPK4009	undefined	96	51	халықаралық	халықаралық	linguistic	_	_	Begin=88.052|End=89.182
97-0	SPK4009	undefined	97	52	білмеймін	білмеймін	linguistic	_	_	Begin=89.197|End=89.667
98-0	SPK4009	undefined	98	52	барлықтар	барлықтар	linguistic	_	_	Begin=89.672
98-1	SPK4009	undefined	98	52	айтады	айтады	linguistic	_	_	End=90.452
99-0	SPK4008	undefined	99	53	ага	ага	linguistic	_	_	Begin=91.692|End=92.422
100-0	SPK4008	undefined	100	54	ага	ага	linguistic	_	_	Begin=92.977|End=93.947
101-0	SPK4009	undefined	101	_	<lag>	<lag>	linguistic	_	_	Begin=95.332
101-1	SPK4009	undefined	101	_	ә	ә	linguistic	_	_	_
101-2	SPK4009	undefined	101	_	<lag>	<lag>	linguistic	_	_	End=96.132
102-0	SPK4009	undefined	102	55	білмеймін	білмеймін	linguistic	_	_	Begin=96.152|End=96.702
103-0	SPK4009	undefined	103	55	барлықтар	барлықтар	linguistic	_	_	Begin=96.727
103-1	SPK4009	undefined	103	55	айтады	айтады	linguistic	_	_	End=97.37
104-0	SPK4009	undefined	104	55	о	о	linguistic	_	_	Begin=97.37|End=97.54
105-0	SPK4009	undefined	105	57	ЕНУға	ЕНУға	linguistic	_	_	Begin=97.555
105-1	SPK4009	undefined	105	57	көшсең	көшсең	linguistic	_	_	End=98.415
106-0	SPK4009	undefined	106	57	жаман	жаман	linguistic	_	_	Begin=98.425
106-1	SPK4009	undefined	106	57	болады	болады	linguistic	_	_	End=99.025
107-0	SPK4009	undefined	107	57	не	не	linguistic	_	_	Begin=99.055
107-1	SPK4009	undefined	107	57	үшін	үшін	linguistic	_	_	_
107-2	SPK4009	undefined	107	57	көштің	көштің	linguistic	_	_	End=100.045
108-0	SPK4009	undefined	108	57	былай-былай	былай-былай	linguistic	_	_	Begin=100.045|End=101.045
109-0	SPK4009	undefined	109	58	бірақ	бірақ	linguistic	_	_	Begin=101.075
109-1	SPK4009	undefined	109	58	менің	менің	linguistic	_	_	_
109-2	SPK4009	undefined	109	58	ойымша	ойымша	linguistic	_	_	End=101.865
110-0	SPK4009	undefined	110	58	КазГЮУ	КазГЮУ	linguistic	_	_	Begin=101.88
110-1	SPK4009	undefined	110	58	де	де	linguistic	_	_	_
110-2	SPK4009	undefined	110	58	оқыған	оқыған	linguistic	_	_	_
110-3	SPK4009	undefined	110	58	онша	онша	linguistic	_	_	_
110-4	SPK4009	undefined	110	58	жақсы	жақсы	linguistic	_	_	_
110-5	SPK4009	undefined	110	58	емес	емес	linguistic	_	_	End=103.17
111-0	SPK4009	undefined	111	59	себебі	себебі	linguistic	_	_	Begin=103.19
111-1	SPK4009	undefined	111	59	менің	менің	linguistic	_	_	End=104.09
112-0	SPK4009	undefined	112	59	<lag>	<lag>	linguistic	_	_	Begin=104.11
112-1	SPK4009	undefined	112	59	ә	ә	linguistic	_	_	_
112-2	SPK4009	undefined	112	59	<lag>	<lag>	linguistic	_	_	End=104.4
113-0	SPK4009	undefined	113	59	үлкен	үлкен	linguistic	_	_	Begin=104.425|End=104.805
114-0	SPK4009	undefined	114	59	апам	апам	linguistic	_	_	Begin=104.825
114-1	SPK4009	undefined	114	59	бар	бар	linguistic	_	_	End=105.695
115-0	SPK4008	undefined	115	60	не	не	linguistic	_	_	Begin=104.84
115-1	SPK4008	undefined	115	60	КазГУ	КазГУ	linguistic	_	_	End=105.85
116-0	SPK4009	undefined	116	61	ау	ау	linguistic	_	_	Begin=105.885|End=106.355
117-0	SPK4008	undefined	117	62	не	не	linguistic	_	_	Begin=106.265
117-1	SPK4008	undefined	117	62	КазГУ	КазГУ	linguistic	_	_	End=107.095
118-0	SPK4009	undefined	118	63	КазГЮУ	КазГЮУ	linguistic	_	_	Begin=107.18|End=108.0
119-0	SPK4008	undefined	119	64	а	а	linguistic	_	_	Begin=107.84|End=108.18
120-0	SPK4008	undefined	120	65	КазГЮУ	КазГЮУ	linguistic	_	_	Begin=108.26|End=109.19
121-0	SPK4009	undefined	121	66	КазГЮУ	КазГЮУ	linguistic	_	_	Begin=108.525|End=109.315
122-0	SPK4009	undefined	122	66	иә	иә	linguistic	_	_	Begin=109.33|End=109.69
123-0	SPK4009	undefined	123	68	менің	менің	linguistic	_	_	Begin=109.74
123-1	SPK4009	undefined	123	68	үлкен	үлкен	linguistic	_	_	_
123-2	SPK4009	undefined	123	68	апам	апам	linguistic	_	_	End=110.66
124-0	SPK4009	undefined	124	68	сол	сол	linguistic	_	_	Begin=110.72
124-1	SPK4009	undefined	124	68	КазГЮУді	КазГЮУді	linguistic	_	_	_
124-2	SPK4009	undefined	124	68	бітірген	бітірген	linguistic	_	_	End=111.67
125-0	SPK4009	undefined	125	68	бүкіл	бүкіл	linguistic	_	_	Begin=111.725|End=112.215
126-0	SPK4009	undefined	126	68	бакалавр	бакалавр	linguistic	_	_	Begin=112.23
126-1	SPK4009	undefined	126	68	да	да	linguistic	_	_	End=113.01
127-0	SPK4009	undefined	127	68	магистратурасында	магистратурасында	linguistic	_	_	Begin=113.07
127-1	SPK4009	undefined	127	68	да	да	linguistic	_	_	End=114.12
128-0	SPK4009	undefined	128	69	а	а	linguistic	_	_	Begin=114.165
128-1	SPK4009	undefined	128	69	жоқ	жоқ	linguistic	_	_	End=114.705
129-0	SPK4009	undefined	129	70	магистратурады	магистратурады	linguistic	_	_	Begin=114.755
129-1	SPK4009	undefined	129	70	Турцияда	Турцияда	linguistic	_	_	_
129-2	SPK4009	undefined	129	70	бітірген	бітірген	linguistic	_	_	End=116.485
130-0	SPK4009	undefined	130	70	ал	ал	linguistic	_	_	Begin=116.54
130-1	SPK4009	undefined	130	70	бакалаврды	бакалаврды	linguistic	_	_	_
130-2	SPK4009	undefined	130	70	ол	ол	linguistic	_	_	_
130-3	SPK4009	undefined	130	70	КазГЮУда	КазГЮУда	linguistic	_	_	_
130-4	SPK4009	undefined	130	70	бітірген	бітірген	linguistic	_	_	End=118.6
131-0	SPK4009	undefined	131	70	және	және	linguistic	_	_	Begin=118.63|End=118.93
132-0	SPK4009	undefined	132	71	оның	оның	linguistic	_	_	Begin=118.95
132-1	SPK4009	undefined	132	71	айтауын	айтауын	linguistic	_	_	_
132-2	SPK4009	undefined	132	71	бойынша	бойынша	linguistic	_	_	End=119.86
133-0	SPK4009	undefined	133	71	<lag>	<lag>	linguistic	_	_	Begin=119.895
133-1	SPK4009	undefined	133	71	ә	ә	linguistic	_	_	_
133-2	SPK4009	undefined	133	71	<lag>	<lag>	linguistic	_	_	End=120.465
134-0	SPK4009	undefined	134	71	ол	ол	linguistic	_	_	Begin=120.52
134-1	SPK4009	undefined	134	71	жерде	жерде	linguistic	_	_	_
134-2	SPK4009	undefined	134	71	маған	маған	linguistic	_	_	End=121.51
135-0	SPK4009	undefined	135	_	######	######	unknown	_	_	Begin=121.615|End=123.315
136-0	SPK4008	undefined	136	72	әә	әә	linguistic	_	_	Begin=122.615|End=123.265
137-0	SPK4012	undefined	137	73	мм	мм	disfluency	_	_	Begin=122.95|End=123.69
138-0	SPK4009	undefined	138	74	себебі	себебі	linguistic	_	_	Begin=123.35|End=123.82
139-0	SPK4009	undefined	139	74	<lag>	<lag>	linguistic	_	_	Begin=123.855
139-1	SPK4009	undefined	139	74	ә	ә	linguistic	_	_	_
139-2	SPK4009	undefined	139	74	<lag>	<lag>	linguistic	_	_	End=124.195
140-0	SPK4009	undefined	140	74	көп	көп	linguistic	_	_	Begin=124.215|End=124.565
141-0	SPK4009	undefined	141	74	мұғалімдер	мұғалімдер	linguistic	_	_	Begin=124.57|End=125.26
142-0	SPK4009	undefined	142	74	сені	сені	linguistic	_	_	Begin=125.285|End=125.725
143-0	SPK4009	undefined	143	74	арнайы	арнайы	linguistic	_	_	Begin=125.755|End=126.495
144-0	SPK4009	undefined	144	_	###	###	unknown	_	_	Begin=126.535|End=127.375
145-0	SPK4009	undefined	145	75	себебі	себебі	linguistic	_	_	Begin=127.425
145-1	SPK4009	undefined	145	75	ол	ол	linguistic	_	_	End=128.545
146-0	SPK4009	undefined	146	75	универге	универге	linguistic	_	_	Begin=128.585
146-1	SPK4009	undefined	146	75	ақша	ақша	linguistic	_	_	_
146-2	SPK4009	undefined	146	75	###	###	unknown	_	_	_
146-3	SPK4009	undefined	146	75	болады	болады	linguistic	_	_	End=129.925
147-0	SPK4009	undefined	147	75	сол	сол	linguistic	_	_	Begin=129.965
147-1	SPK4009	undefined	147	75	үшін	үшін	linguistic	_	_	_
147-2	SPK4009	undefined	147	75	сен	сен	linguistic	_	_	End=131.125
148-0	SPK4009	undefined	148	75	жақсы	жақсы	linguistic	_	_	Begin=131.165
148-1	SPK4009	undefined	148	75	###	###	unknown	_	_	End=132.795
149-0	SPK4009	undefined	149	76	сосын	сосын	linguistic	_	_	Begin=132.82
149-1	SPK4009	undefined	149	76	ойлағам	ойлағам	linguistic	_	_	End=133.79
150-0	SPK4009	undefined	150	76	мен	мен	linguistic	_	_	Begin=133.825|End=133.985
151-0	SPK4009	undefined	151	76	ЕНУға	ЕНУға	linguistic	_	_	Begin=134.005
151-1	SPK4009	undefined	151	76	онша	онша	linguistic	_	_	End=134.985
152-0	SPK4009	undefined	152	76	ақылды	ақылды	linguistic	_	_	Begin=135.025
152-1	SPK4009	undefined	152	76	бала	бала	linguistic	_	_	_
152-2	SPK4009	undefined	152	76	түспейді	түспейді	linguistic	_	_	_
152-3	SPK4009	undefined	152	76	ғой	ғой	linguistic	_	_	End=136.145
153-0	SPK4009	undefined	153	76	себебі	себебі	linguistic	_	_	Begin=136.165|End=136.535
154-0	SPK4009	undefined	154	_	###	###	unknown	_	_	Begin=136.54|End=137.615
155-0	SPK4009	undefined	155	77	бірақ	бірақ	linguistic	_	_	Begin=137.615
155-1	SPK4009	undefined	155	77	мен	мен	linguistic	_	_	_
155-2	SPK4009	undefined	155	77	<lag>	<lag>	linguistic	_	_	_
155-3	SPK4009	undefined	155	77	әәә	әәә	linguistic	_	_	_
155-4	SPK4009	undefined	155	77	<lag>	<lag>	linguistic	_	_	End=138.38
156-0	SPK4009	undefined	156	77	халықаралық	халықаралық	linguistic	_	_	Begin=138.38
156-1	SPK4009	undefined	156	77	оқуға	оқуға	linguistic	_	_	_
156-2	SPK4009	undefined	156	77	түскен	түскен	linguistic	_	_	_
156-3	SPK4009	undefined	156	77	соң	соң	linguistic	_	_	End=139.82
157-0	SPK4009	undefined	157	77	қиын	қиын	linguistic	_	_	Begin=139.83
157-1	SPK4009	undefined	157	77	болды	болды	linguistic	_	_	End=141.05
158-0	SPK4009	undefined	158	78	себебі	себебі	linguistic	_	_	Begin=141.07|End=141.76
159-0	SPK4009	undefined	159	78	өте	өте	linguistic	_	_	Begin=141.775
159-1	SPK4009	undefined	159	78	қиын	қиын	linguistic	_	_	_
159-2	SPK4009	undefined	159	78	###	###	unknown	_	_	End=142.975
160-0	SPK4009	undefined	160	78	көптеген	көптеген	linguistic	_	_	Begin=142.985
160-1	SPK4009	undefined	160	78	мұғалімдер	мұғалімдер	linguistic	_	_	_
160-2	SPK4009	undefined	160	78	саған	саған	linguistic	_	_	End=144.225
161-0	SPK4009	undefined	161	78	арнайы	арнайы	linguistic	_	_	Begin=144.235
161-1	SPK4009	undefined	161	78	келеді	келеді	linguistic	_	_	End=145.115
162-0	SPK4009	undefined	162	78	басқа	басқа	linguistic	_	_	Begin=145.135
162-1	SPK4009	undefined	162	78	жақтан	жақтан	linguistic	_	_	End=145.775
163-0	SPK4009	undefined	163	78	басқа	басқа	linguistic	_	_	Begin=145.785
163-1	SPK4009	undefined	163	78	мемлекеттерден	мемлекеттерден	linguistic	_	_	_
163-2	SPK4009	undefined	163	78	және	және	linguistic	_	_	_
163-3	SPK4009	undefined	163	78	олар	олар	linguistic	_	_	End=147.115
164-0	SPK4009	undefined	164	78	өздерінің	өздерінің	linguistic	_	_	Begin=147.13
164-1	SPK4009	undefined	164	78	программасын	программасын	linguistic	_	_	_
164-2	SPK4009	undefined	164	78	береді	береді	linguistic	_	_	End=148.43
165-0	SPK4009	undefined	165	79	және	және	linguistic	_	_	Begin=148.44
165-1	SPK4009	undefined	165	79	бұл	бұл	linguistic	_	_	End=149.065
166-0	SPK4009	undefined	166	79	мен	мен	linguistic	_	_	Begin=149.065
166-1	SPK4009	undefined	166	79	үшін	үшін	linguistic	_	_	_
166-2	SPK4009	undefined	166	79	болды	болды	linguistic	_	_	_
166-3	SPK4009	undefined	166	79	типа	типа	linguistic	_	_	_
166-4	SPK4009	undefined	166	79	вау	вау	linguistic	_	_	End=150.455
167-0	SPK4008	undefined	167	80	шетелден	шетелден	linguistic	_	_	Begin=150.1
167-1	SPK4008	undefined	167	80	ба	ба	linguistic	_	_	End=151.61
168-0	SPK4009	undefined	168	81	иә,	иә	linguistic	_	_	Begin=150.905
168-1	SPK4009	undefined	168	81	шетелден	шетелден	linguistic	_	_	_
168-2	SPK4009	undefined	168	81	болған	болған	linguistic	_	_	End=152.195
169-0	SPK4009	undefined	169	82	мысалы	мысалы	linguistic	_	_	Begin=152.54
169-1	SPK4009	undefined	169	82	###	###	unknown	_	_	End=153.875
170-0	SPK4009	undefined	170	82	ол	ол	linguistic	_	_	Begin=153.875|End=154.245
171-0	SPK4009	undefined	171	82	<lag>	<lag>	linguistic	_	_	Begin=154.245
171-1	SPK4009	undefined	171	82	әә	әә	linguistic	_	_	_
171-2	SPK4009	undefined	171	82	<lag>	<lag>	linguistic	_	_	End=154.695
172-0	SPK4009	undefined	172	82	халықыралық	халықыралық	linguistic	_	_	Begin=154.695
172-1	SPK4009	undefined	172	82	үшіндегі	үшіндегі	linguistic	_	_	End=156.03
173-0	SPK4009	undefined	173	82	аралар	аралар	linguistic	_	_	Begin=156.03
173-1	SPK4009	undefined	173	82	информациясы	информациясы	linguistic	_	_	End=157.41
174-0	SPK4009	undefined	174	82	немесе	немесе	linguistic	_	_	Begin=157.45
174-1	SPK4009	undefined	174	82	###	###	unknown	_	_	End=158.53
175-0	SPK4009	undefined	175	83	иә	иә	linguistic	_	_	Begin=158.57|End=159.08
176-0	SPK4008	undefined	176	84	политология	политология	linguistic	_	_	Begin=158.765
176-1	SPK4008	undefined	176	84	сабақ	сабақ	linguistic	_	_	_
176-2	SPK4008	undefined	176	84	бар	бар	linguistic	_	_	_
176-3	SPK4008	undefined	176	84	ма	ма	linguistic	_	_	_
176-4	SPK4008	undefined	176	84	солай	солай	linguistic	_	_	_
176-5	SPK4008	undefined	176	84	#	#	unknown	_	_	End=161.695
177-0	SPK4009	undefined	177	85	политология	политология	linguistic	_	_	Begin=160.71
177-1	SPK4009	undefined	177	85	жоқ	жоқ	linguistic	_	_	End=161.78
178-0	SPK4009	undefined	178	86	бізде	бізде	linguistic	_	_	Begin=161.815
178-1	SPK4009	undefined	178	86	болды	болды	linguistic	_	_	End=163.025
179-0	SPK4009	undefined	179	86	оның	оның	linguistic	_	_	Begin=163.03
179-1	SPK4009	undefined	179	86	несі	несі	linguistic	_	_	End=164.0
180-0	SPK4009	undefined	180	86	<lag>	<lag>	linguistic	_	_	Begin=164.055
180-1	SPK4009	undefined	180	86	мм	мм	disfluency	_	_	_
180-2	SPK4009	undefined	180	86	<lag>	<lag>	linguistic	_	_	End=164.765
181-0	SPK4009	undefined	181	86	тарих	тарих	linguistic	_	_	Begin=164.79|End=165.8
182-0	SPK4008	undefined	182	87	(TSK)	(TSK)	click	_	_	Begin=165.795
182-1	SPK4008	undefined	182	87	ааа	ааа	linguistic	_	_	End=167.215
183-0	SPK4009	undefined	183	88	маған	маған	linguistic	_	_	Begin=166.905
183-1	SPK4009	undefined	183	88	қатты	қатты	linguistic	_	_	_
183-2	SPK4009	undefined	183	88	ұнаған	ұнаған	linguistic	_	_	_
183-3	SPK4009	undefined	183	88	жоқ	жоқ	linguistic	_	_	End=168.495
184-0	SPK4008	undefined	184	89	да	да	linguistic	_	_	Begin=168.14|End=169.03
185-0	SPK4009	undefined	185	90	мхм	мхм	linguistic	_	_	Begin=168.795|End=169.785
186-0	SPK4008	undefined	186	91	да	да	linguistic	_	_	Begin=169.6|End=169.98
187-0	SPK4008	undefined	187	92	саясаттану	саясаттану	linguistic	_	_	Begin=170.01
187-1	SPK4008	undefined	187	92	өзі	өзі	linguistic	_	_	End=170.98
188-0	SPK4008	undefined	188	92	қызықсыз	қызықсыз	linguistic	_	_	Begin=171.025|End=172.01
189-0	SPK4008	undefined	189	_	@@	@@	linguistic	_	_	Begin=172.01|End=172.7
190-0	SPK4008	Interrupted	190	93	Мен	Мен	linguistic	_	_	Begin=173.195
190-1	SPK4008	Interrupted	190	93	дe	дe	linguistic	_	_	_
190-2	SPK4008	Interrupted	190	93	оқыдым	оқыдым	linguistic	_	_	_
190-3	SPK4008	Interrupted	190	93	ғой	ғой	linguistic	_	_	_
190-4	SPK4008	Interrupted	190	93	ба-	ба-	linguistic	_	Interrupted=Yes	End=174.155
191-0	SPK4008	undefined	191	93	мен-	мен-	linguistic	_	Interrupted=Yes	Begin=174.155
191-1	SPK4008	undefined	191	93	а	а	linguistic	_	_	End=174.505
192-0	SPK4008	Falling	192	95	мен	мен	linguistic	_	_	Begin=174.52
192-1	SPK4008	Falling	192	95	басында	басында	linguistic	_	_	_
192-2	SPK4008	Falling	192	95	былай	былай	linguistic	_	_	_
192-3	SPK4008	Falling	192	95	болады.	болады	linguistic	_	_	End=175.54
193-0	SPK4008	undefined	193	96	мен	мен	linguistic	_	_	Begin=175.77
193-1	SPK4008	undefined	193	96	басында	басында	linguistic	_	_	End=176.8
194-0	SPK4008	undefined	194	96	<lag>	<lag>	linguistic	_	_	Begin=176.835
194-1	SPK4008	undefined	194	96	әә	әә	linguistic	_	_	_
194-2	SPK4008	undefined	194	96	<lag>	<lag>	linguistic	_	_	End=177.165
195-0	SPK4008	undefined	195	96	ата-анамның	ата-анамның	linguistic	_	_	Begin=177.17|End=178.06
196-0	SPK4008	undefined	196	96	кеңесі	кеңесі	linguistic	_	_	Begin=178.085
196-1	SPK4008	undefined	196	96	бойынша	бойынша	linguistic	_	_	End=178.925
197-0	SPK4008	undefined	197	96	неге	неге	linguistic	_	_	Begin=178.955
197-1	SPK4008	undefined	197	96	түскем	түскем	linguistic	_	_	End=179.62
198-0	SPK4008	undefined	198	96	экономикаға	экономикаға	linguistic	_	_	Begin=179.62
198-1	SPK4008	undefined	198	96	түскем	түскем	linguistic	_	_	End=180.57
199-0	SPK4008	undefined	199	97	Ең	Ең	linguistic	_	_	Begin=180.765
199-1	SPK4008	undefined	199	97	басында	басында	linguistic	_	_	_
199-2	SPK4008	undefined	199	97	енді	енді	linguistic	_	_	_
199-3	SPK4008	undefined	199	97	бұндай	бұндай	linguistic	_	_	_
199-4	SPK4008	undefined	199	97	оқушы	оқушы	linguistic	_	_	_
199-5	SPK4008	undefined	199	97	болатынмын	болатынмын	linguistic	_	_	_
199-6	SPK4008	undefined	199	97	бар	бар	linguistic	_	_	_
199-7	SPK4008	undefined	199	97	ғой	ғой	linguistic	_	_	End=182.855
200-0	SPK4008	Interrupted	200	97	ата	ата	linguistic	_	_	Begin=182.86
200-1	SPK4008	Interrupted	200	97	не-	не-	linguistic	_	Interrupted=Yes	End=183.26
201-0	SPK4008	undefined	201	97	мама	мама	linguistic	_	_	Begin=183.28
201-1	SPK4008	undefined	201	97	не	не	linguistic	_	_	_
201-2	SPK4008	undefined	201	97	айтап	айтап	linguistic	_	_	_
201-3	SPK4008	undefined	201	97	соны	соны	linguistic	_	_	_
201-4	SPK4008	undefined	201	97	істейтін	істейтін	linguistic	_	_	End=184.39
202-0	SPK4009	undefined	202	98	иә	иә	linguistic	_	_	Begin=184.345|End=185.005
203-0	SPK4008	Rising	203	99	мамалар	мамалар	linguistic	_	_	Begin=184.955
203-1	SPK4008	Rising	203	99	дәрігерге	дәрігерге	linguistic	_	_	_
203-2	SPK4008	Rising	203	99	бар	бар	linguistic	_	_	_
203-3	SPK4008	Rising	203	99	дей	дей	linguistic	_	_	_
203-4	SPK4008	Rising	203	99	ма?	ма	linguistic	_	_	End=186.53
204-0	SPK4008	undefined	204	100	бардым	бардым	linguistic	_	_	Begin=186.53|End=187.35
205-0	SPK4008	Rising	205	101	экономикаға	экономикаға	linguistic	_	_	Begin=187.37
205-1	SPK4008	Rising	205	101	бар	бар	linguistic	_	_	_
205-2	SPK4008	Rising	205	101	дей	дей	linguistic	_	_	_
205-3	SPK4008	Rising	205	101	ма?	ма	linguistic	_	_	End=188.24
206-0	SPK4008	undefined	206	102	бардым	бардым	linguistic	_	_	Begin=188.275|End=188.695
207-0	SPK4008	Rising	207	103	анда	анда	linguistic	_	_	Begin=188.725
207-1	SPK4008	Rising	207	103	бар	бар	linguistic	_	_	_
207-2	SPK4008	Rising	207	103	дей	дей	linguistic	_	_	_
207-3	SPK4008	Rising	207	103	ма?	ма	linguistic	_	_	End=189.285
208-0	SPK4008	undefined	208	104	бәріне	бәріне	linguistic	_	_	Begin=189.315
208-1	SPK4008	undefined	208	104	баратынмын	баратынмын	linguistic	_	_	End=190.375
209-0	SPK4008	undefined	209	105	Сосын	Сосын	linguistic	_	_	Begin=190.625|End=191.445
210-0	SPK4008	undefined	210	105	университетке	университетке	linguistic	_	_	Begin=191.475
210-1	SPK4008	undefined	210	105	түстім	түстім	linguistic	_	_	End=192.635
211-0	SPK4009	undefined	211	106	мхм	мхм	linguistic	_	_	Begin=192.425|End=193.205
212-0	SPK4008	undefined	212	107	басында	басында	linguistic	_	_	Begin=193.185
212-1	SPK4008	undefined	212	107	фаудейшнда	фаудейшнда	linguistic	_	_	_
212-2	SPK4008	undefined	212	107	біз	біз	linguistic	_	_	End=194.665
213-0	SPK4008	undefined	213	107	жоба	жоба	linguistic	_	_	Begin=194.705
213-1	SPK4008	undefined	213	107	жазатынбыз	жазатынбыз	linguistic	_	_	End=195.805
214-0	SPK4008	undefined	214	108	екі	екі	linguistic	_	_	Begin=195.995
214-1	SPK4008	undefined	214	108	семестр	семестр	linguistic	_	_	End=196.945
215-0	SPK4008	undefined	215	109	әр	әр	linguistic	_	_	Begin=196.97
215-1	SPK4008	undefined	215	109	семестрде	семестрде	linguistic	_	_	_
215-2	SPK4008	undefined	215	109	бір	бір	linguistic	_	_	_
215-3	SPK4008	undefined	215	109	жоба	жоба	linguistic	_	_	_
215-4	SPK4008	undefined	215	109	жазатынбыз	жазатынбыз	linguistic	_	_	End=198.72
216-0	SPK4008	Interrupted	216	110	бір-	бір-	linguistic	_	Interrupted=Yes	Begin=199.815|End=200.675
217-0	SPK4008	undefined	217	110	бірінші	бірінші	linguistic	_	_	Begin=200.725
217-1	SPK4008	undefined	217	110	семестрінде	семестрінде	linguistic	_	_	End=202.255
218-0	SPK4008	undefined	218	110	қызық	қызық	linguistic	_	_	Begin=202.29
218-1	SPK4008	undefined	218	110	бір	бір	linguistic	_	_	_
218-2	SPK4008	undefined	218	110	жоба	жоба	linguistic	_	_	_
218-3	SPK4008	undefined	218	110	тандағанмын	тандағанмын	linguistic	_	_	End=204.17
219-0	SPK4008	undefined	219	_	<lag>	<lag>	linguistic	_	_	Begin=204.23
219-1	SPK4008	undefined	219	_	әәә	әәә	linguistic	_	_	_
219-2	SPK4008	undefined	219	_	<lag>	<lag>	linguistic	_	_	End=205.28
220-0	SPK4008	undefined	220	111	нелер	нелер	linguistic	_	_	Begin=205.485|End=206.485
221-0	SPK4008	undefined	221	111	не	не	linguistic	_	_	Begin=206.525
221-1	SPK4008	undefined	221	111	туралы	туралы	linguistic	_	_	_
221-2	SPK4008	undefined	221	111	бір	бір	linguistic	_	_	End=207.195
222-0	SPK4008	undefined	222	111	нелер	нелер	linguistic	_	_	Begin=207.23|End=207.77
223-0	SPK4008	undefined	223	_	<lag>	<lag>	linguistic	_	_	Begin=207.82
223-1	SPK4008	undefined	223	_	әәә	әәә	linguistic	_	_	_
223-2	SPK4008	undefined	223	_	<lag>	<lag>	linguistic	_	_	End=208.97
224-0	SPK4008	undefined	224	112	Сирияда	Сирияда	linguistic	_	_	Begin=209.015|End=209.815
225-0	SPK4008	undefined	225	113	Сириядан	Сириядан	linguistic	_	_	Begin=209.845
225-1	SPK4008	undefined	225	113	қашқан	қашқан	linguistic	_	_	End=210.925
226-0	SPK4008	Interrupted	226	113	Ге-	Ге-	linguistic	_	Interrupted=Yes	Begin=211.025|End=211.475
227-0	SPK4012	Interrupted	227	114	миграц-	миграц-	linguistic	_	Interrupted=Yes	Begin=211.535|End=212.615
228-0	SPK4008	undefined	228	115	Германияға	Германияға	linguistic	_	_	Begin=211.54
228-1	SPK4008	undefined	228	115	қашқан	қашқан	linguistic	_	_	End=212.79
229-0	SPK4008	undefined	229	115	<lag>	<lag>	linguistic	_	_	Begin=212.815
229-1	SPK4008	undefined	229	115	әә	әә	linguistic	_	_	_
229-2	SPK4008	undefined	229	115	<lag>	<lag>	linguistic	_	_	End=213.05
230-0	SPK4008	undefined	230	116	адамдар	адамдар	linguistic	_	_	Begin=213.05
230-1	SPK4008	undefined	230	116	туралы	туралы	linguistic	_	_	End=214.15
231-0	SPK4008	undefined	231	117	олардың	олардың	linguistic	_	_	Begin=214.49
231-1	SPK4008	undefined	231	117	иә	иә	linguistic	_	_	End=215.49
232-0	SPK4008	undefined	232	117	<lag>	<lag>	linguistic	_	_	Begin=215.51
232-1	SPK4008	undefined	232	117	әә	әә	linguistic	_	_	_
232-2	SPK4008	undefined	232	117	<lag>	<lag>	linguistic	_	_	End=215.815
233-0	SPK4008	undefined	233	117	адаптациясы	адаптациясы	linguistic	_	_	Begin=215.815
233-1	SPK4008	undefined	233	117	туралы	туралы	linguistic	_	_	End=217.045
234-0	SPK4008	undefined	234	118	күшті	күшті	linguistic	_	_	Begin=217.28|End=217.82
235-0	SPK4008	undefined	235	119	күшті	күшті	linguistic	_	_	Begin=217.82
235-1	SPK4008	undefined	235	119	маған	маған	linguistic	_	_	_
235-2	SPK4008	undefined	235	119	ұнады	ұнады	linguistic	_	_	End=219.2
236-0	SPK4008	undefined	236	120	сосын	сосын	linguistic	_	_	Begin=219.39|End=220.01
237-0	SPK4008	undefined	237	120	<lag>	<lag>	linguistic	_	_	Begin=220.04
237-1	SPK4008	undefined	237	120	әә	әә	linguistic	_	_	_
237-2	SPK4008	undefined	237	120	<lag>	<lag>	linguistic	_	_	End=220.415
238-0	SPK4008	undefined	238	121	бірінші	бірінші	linguistic	_	_	Begin=220.415
238-1	SPK4008	undefined	238	121	курсқа	курсқа	linguistic	_	_	_
238-2	SPK4008	undefined	238	121	түстім	түстім	linguistic	_	_	End=221.395
239-0	SPK4008	undefined	239	122	экономика	экономика	linguistic	_	_	Begin=221.475
239-1	SPK4008	undefined	239	122	пәнін	пәнін	linguistic	_	_	_
239-2	SPK4008	undefined	239	122	тандадым	тандадым	linguistic	_	_	End=222.885
240-0	SPK4009	undefined	240	123	мхм	мхм	linguistic	_	_	Begin=222.81|End=223.43
241-0	SPK4008	undefined	241	124	енді	енді	linguistic	_	_	Begin=223.32
241-1	SPK4008	undefined	241	124	экономиканы	экономиканы	linguistic	_	_	End=224.71
242-0	SPK4008	undefined	242	124	жабу	жабу	linguistic	_	_	Begin=224.735
242-1	SPK4008	undefined	242	124	үшін	үшін	linguistic	_	_	End=225.465
243-0	SPK4008	undefined	243	124	а	а	linguistic	_	_	Begin=225.49|End=225.68
244-0	SPK4008	undefined	244	124	экономика	экономика	linguistic	_	_	Begin=225.725|End=226.435
245-0	SPK4008	undefined	245	124	<lag>	<lag>	linguistic	_	_	Begin=226.62
245-1	SPK4008	undefined	245	124	әәәә	әәәә	linguistic	_	_	_
245-2	SPK4008	undefined	245	124	<lag>	<lag>	linguistic	_	_	End=227.77
246-0	SPK4008	undefined	246	124	маманы	маманы	linguistic	_	_	Begin=227.815
246-1	SPK4008	undefined	246	124	болу	болу	linguistic	_	_	_
246-2	SPK4008	undefined	246	124	үшін	үшін	linguistic	_	_	End=228.765
247-0	SPK4008	undefined	247	124	сол	сол	linguistic	_	_	Begin=228.85
247-1	SPK4008	undefined	247	124	сабақты	сабақты	linguistic	_	_	_
247-2	SPK4008	undefined	247	124	жабу	жабу	linguistic	_	_	_
247-3	SPK4008	undefined	247	124	керек	керек	linguistic	_	_	End=230.56
248-0	SPK4008	undefined	248	125	маған	маған	linguistic	_	_	Begin=230.585
248-1	SPK4008	undefined	248	125	жоқ	жоқ	linguistic	_	_	End=231.685
249-0	SPK4008	undefined	249	126	әрең	әрең	linguistic	_	_	Begin=231.725|End=232.515
250-0	SPK4008	undefined	250	126	тапсырып	тапсырып	linguistic	_	_	Begin=232.56
250-1	SPK4008	undefined	250	126	шықтым	шықтым	linguistic	_	_	End=233.5
251-0	SPK4008	undefined	251	127	содан	содан	linguistic	_	_	Begin=233.54
251-1	SPK4008	undefined	251	127	кейін	кейін	linguistic	_	_	End=234.75
252-0	SPK4008	undefined	252	127	политология	политология	linguistic	_	_	Begin=234.785
252-1	SPK4008	undefined	252	127	кеттім	кеттім	linguistic	_	_	_
252-2	SPK4008	undefined	252	127	мынамен	мынамен	linguistic	_	_	_
252-3	SPK4008	undefined	252	127	бірге	бірге	linguistic	_	_	End=236.685
253-0	SPK4008	undefined	253	_	(H)	(H)	inhale	_	_	Begin=236.845|End=237.705
254-0	SPK4008	undefined	254	128	бұған	бұған	linguistic	_	_	Begin=238.085
254-1	SPK4008	undefined	254	128	политология	политология	linguistic	_	_	_
254-2	SPK4008	undefined	254	128	ұнады	ұнады	linguistic	_	_	End=239.475
255-0	SPK4008	Interrupted	255	129	ал	ал	linguistic	_	_	Begin=239.52
255-1	SPK4008	Interrupted	255	129	мен	мен	linguistic	_	_	_
255-2	SPK4008	Interrupted	255	129	екінші	екінші	linguistic	_	_	_
255-3	SPK4008	Interrupted	255	129	курста	курста	linguistic	_	_	_
255-4	SPK4008	Interrupted	255	129	әрең	әрең	linguistic	_	_	_
255-5	SPK4008	Interrupted	255	129	шықты	шықты	linguistic	_	_	_
255-6	SPK4008	Interrupted	255	129	шық-	шық-	linguistic	_	Interrupted=Yes	End=241.38
256-0	SPK4008	undefined	256	129	<lag>	<lag>	linguistic	_	_	Begin=241.41
256-1	SPK4008	undefined	256	129	әә	әә	linguistic	_	_	_
256-2	SPK4008	undefined	256	129	<lag>	<lag>	linguistic	_	_	End=241.69
257-0	SPK4008	undefined	257	129	шыдап	шыдап	linguistic	_	_	Begin=241.71
257-1	SPK4008	undefined	257	129	себебі	себебі	linguistic	_	_	End=242.64
258-0	SPK4008	undefined	258	129	ол	ол	linguistic	_	_	Begin=242.665
258-1	SPK4008	undefined	258	129	жердегі	жердегі	linguistic	_	_	_
258-2	SPK4008	undefined	258	129	жобалар	жобалар	linguistic	_	_	End=243.635
259-0	SPK4008	undefined	259	129	маған	маған	linguistic	_	_	Begin=243.65
259-1	SPK4008	undefined	259	129	мүлдем	мүлдем	linguistic	_	_	_
259-2	SPK4008	undefined	259	129	ұнамады	ұнамады	linguistic	_	_	End=244.99
260-0	SPK4008	undefined	260	130	себебі	себебі	linguistic	_	_	Begin=245.03
260-1	SPK4008	undefined	260	130	олар	олар	linguistic	_	_	_
260-2	SPK4008	undefined	260	130	бәрін	бәрін	linguistic	_	_	End=246.24
261-0	SPK4008	undefined	261	130	<lag>	<lag>	linguistic	_	_	Begin=246.315
261-1	SPK4008	undefined	261	130	әә	әә	linguistic	_	_	_
261-2	SPK4008	undefined	261	130	<lag>	<lag>	linguistic	_	_	End=246.635
262-0	SPK4008	undefined	262	130	саясат	саясат	linguistic	_	_	Begin=246.695|End=247.315
263-0	SPK4008	undefined	263	130	саясат	саясат	linguistic	_	_	Begin=247.355|End=248.255
264-0	SPK4008	undefined	264	130	жағынан	жағынан	linguistic	_	_	Begin=248.295
264-1	SPK4008	undefined	264	130	қарау	қарау	linguistic	_	_	_
264-2	SPK4008	undefined	264	130	керек	керек	linguistic	_	_	End=249.335
265-0	SPK4008	undefined	265	131	мысалы	мысалы	linguistic	_	_	Begin=249.375|End=249.955
266-0	SPK4008	undefined	266	131	неге	неге	linguistic	_	_	Begin=249.995|End=250.655
267-0	SPK4008	undefined	267	131	мына	мына	linguistic	_	_	Begin=250.795
267-1	SPK4008	undefined	267	131	жағдай	жағдай	linguistic	_	_	_
267-2	SPK4008	undefined	267	131	мысалы	мысалы	linguistic	_	_	End=252.295
268-0	SPK4008	undefined	268	131	неге	неге	linguistic	_	_	Begin=252.325
268-1	SPK4008	undefined	268	131	мына	мына	linguistic	_	_	_
268-2	SPK4008	undefined	268	131	ситуация	ситуация	linguistic	_	_	End=253.385
269-0	SPK4008	undefined	269	131	мемлекетке	мемлекетке	linguistic	_	_	Begin=253.405
269-1	SPK4008	undefined	269	131	осындай	осындай	linguistic	_	_	_
269-2	SPK4008	undefined	269	131	әсер	әсер	linguistic	_	_	_
269-3	SPK4008	undefined	269	131	берді	берді	linguistic	_	_	_
269-4	SPK4008	undefined	269	131	дегендей	дегендей	linguistic	_	_	End=255.375
270-0	SPK4012	undefined	270	132	иә	иә	linguistic	_	_	Begin=255.19|End=255.83
271-0	SPK4008	undefined	271	133	мен	мен	linguistic	_	_	Begin=255.94
271-1	SPK4008	undefined	271	133	қайдан	қайдан	linguistic	_	_	_
271-2	SPK4008	undefined	271	133	білейін,	білейін	linguistic	_	_	_
271-3	SPK4008	undefined	271	133	маған	маған	linguistic	_	_	_
271-4	SPK4008	undefined	271	133	адамдар	адамдар	linguistic	_	_	_
271-5	SPK4008	undefined	271	133	туралы	туралы	linguistic	_	_	End=257.7
272-0	SPK4008	undefined	272	133	қызық,	қызық	linguistic	_	_	Begin=257.73
272-1	SPK4008	undefined	272	133	маған	маған	linguistic	_	_	_
272-2	SPK4008	undefined	272	133	адамның	адамның	linguistic	_	_	End=258.82
273-0	SPK4008	undefined	273	133	неге	неге	linguistic	_	_	Begin=258.845
273-1	SPK4008	undefined	273	133	адамға	адамға	linguistic	_	_	_
273-2	SPK4008	undefined	273	133	осындай	осындай	linguistic	_	_	_
273-3	SPK4008	undefined	273	133	әсер	әсер	linguistic	_	_	_
273-4	SPK4008	undefined	273	133	тигені	тигені	linguistic	_	_	_
273-5	SPK4008	undefined	273	133	қызықты	қызықты	linguistic	_	_	_
273-6	SPK4008	undefined	273	133	болды,	болды	linguistic	_	_	_
273-7	SPK4008	undefined	273	133	себебі	себебі	linguistic	_	_	End=261.375
274-0	SPK4008	undefined	274	134	бір	бір	linguistic	_	_	Begin=261.41|End=262.22
275-0	SPK4008	undefined	275	135	екінші	екінші	linguistic	_	_	Begin=262.225
275-1	SPK4008	undefined	275	135	курстың	курстың	linguistic	_	_	_
275-2	SPK4008	undefined	275	135	бірінші	бірінші	linguistic	_	_	_
275-3	SPK4008	undefined	275	135	семестрінде	семестрінде	linguistic	_	_	End=264.055
276-0	SPK4008	undefined	276	135	<lag>	<lag>	linguistic	_	_	Begin=264.08
276-1	SPK4008	undefined	276	135	әә	әә	linguistic	_	_	_
276-2	SPK4008	undefined	276	135	<lag>	<lag>	linguistic	_	_	End=264.4
277-0	SPK4008	undefined	277	135	семестірінде	семестірінде	linguistic	_	_	Begin=264.43
277-1	SPK4008	undefined	277	135	бір	бір	linguistic	_	_	End=265.06
278-0	SPK4008	undefined	278	135	жаңа	жаңа	linguistic	_	_	Begin=265.085
278-1	SPK4008	undefined	278	135	айт	айт	linguistic	_	_	_
278-2	SPK4008	undefined	278	135	осыған	осыған	linguistic	_	_	_
278-3	SPK4008	undefined	278	135	деген	деген	linguistic	_	_	_
278-4	SPK4008	undefined	278	135	айтып	айтып	linguistic	_	_	_
278-5	SPK4008	undefined	278	135	кезде	кезде	linguistic	_	_	_
278-6	SPK4008	undefined	278	135	бір	бір	linguistic	_	_	End=267.305
279-0	SPK4008	undefined	279	135	пән	пән	linguistic	_	_	Begin=267.335
279-1	SPK4008	undefined	279	135	тандағам	тандағам	linguistic	_	_	End=268.165
280-0	SPK4008	undefined	280	_	<lag>	<lag>	linguistic	_	_	Begin=268.165
280-1	SPK4008	undefined	280	_	әә	әә	linguistic	_	_	_
280-2	SPK4008	undefined	280	_	<lag>	<lag>	linguistic	_	_	End=268.745
281-0	SPK4008	undefined	281	136	social	social	linguistic	_	_	Begin=268.785
281-1	SPK4008	undefined	281	136	science	science	linguistic	_	_	_
281-2	SPK4008	undefined	281	136	research	research	linguistic	_	_	_
281-3	SPK4008	undefined	281	136	methods	methods	linguistic	_	_	_
281-4	SPK4008	undefined	281	136	деген	деген	linguistic	_	_	End=270.175
282-0	SPK4008	undefined	282	137	сол	сол	linguistic	_	_	Begin=270.21
282-1	SPK4008	undefined	282	137	кезде	кезде	linguistic	_	_	End=271.06
283-0	SPK4008	undefined	283	_	<lag>	<lag>	linguistic	_	_	Begin=271.115
283-1	SPK4008	undefined	283	_	әә	әә	linguistic	_	_	_
283-2	SPK4008	undefined	283	_	<lag>	<lag>	linguistic	_	_	End=271.725
284-0	SPK4008	undefined	284	138	бір	бір	linguistic	_	_	Begin=271.75
284-1	SPK4008	undefined	284	138	профессорде	профессорде	linguistic	_	_	_
284-2	SPK4008	undefined	284	138	күшті	күшті	linguistic	_	_	_
284-3	SPK4008	undefined	284	138	болатын,	болатын	linguistic	_	_	_
284-4	SPK4008	undefined	284	138	қазір	қазір	linguistic	_	_	_
284-5	SPK4008	undefined	284	138	қайтып	қайтып	linguistic	_	_	_
284-6	SPK4008	undefined	284	138	қалды	қалды	linguistic	_	_	_
284-7	SPK4008	undefined	284	138	ол	ол	linguistic	_	_	End=273.83
285-0	SPK4008	undefined	285	139	қызық	қызық	linguistic	_	_	Begin=274.28
285-1	SPK4008	undefined	285	139	пән	пән	linguistic	_	_	_
285-2	SPK4008	undefined	285	139	<lag>	<lag>	linguistic	_	_	_
285-3	SPK4008	undefined	285	139	әә	әә	linguistic	_	_	_
285-4	SPK4008	undefined	285	139	<lag>	<lag>	linguistic	_	_	End=275.45
286-0	SPK4008	undefined	286	139	қызық	қызық	linguistic	_	_	Begin=275.495
286-1	SPK4008	undefined	286	139	өткізді	өткізді	linguistic	_	_	_
286-2	SPK4008	undefined	286	139	сабақ	сабақ	linguistic	_	_	_
286-3	SPK4008	undefined	286	139	осы	осы	linguistic	_	_	_
286-4	SPK4008	undefined	286	139	кезде	кезде	linguistic	_	_	End=277.315
287-0	SPK4008	undefined	287	140	сол	сол	linguistic	_	_	Begin=277.365
287-1	SPK4008	undefined	287	140	жерде	жерде	linguistic	_	_	_
287-2	SPK4008	undefined	287	140	өткен	өткен	linguistic	_	_	_
287-3	SPK4008	undefined	287	140	жобалы	жобалы	linguistic	_	_	End=278.945
288-0	SPK4008	undefined	288	140	жобаның	жобаның	linguistic	_	_	Begin=278.995
288-1	SPK4008	undefined	288	140	тақырыптары	тақырыптары	linguistic	_	_	End=280.495
289-0	SPK4008	undefined	289	140	мысалы	мысалы	linguistic	_	_	Begin=280.525|End=281.365
290-0	SPK4008	undefined	290	141	қалай	қалай	linguistic	_	_	Begin=281.405|End=282.175
291-0	SPK4008	undefined	291	141	студенттер	студенттер	linguistic	_	_	Begin=282.19|End=282.98
292-0	SPK4008	undefined	292	141	студенттердің	студенттердің	linguistic	_	_	Begin=283.065
292-1	SPK4008	undefined	292	141	университетке	университетке	linguistic	_	_	_
292-2	SPK4008	undefined	292	141	адаптациясы	адаптациясы	linguistic	_	_	_
292-3	SPK4008	undefined	292	141	өтті	өтті	linguistic	_	_	_
292-4	SPK4008	undefined	292	141	дегендер	дегендер	linguistic	_	_	End=285.755
293-0	SPK4008	undefined	293	141	сол	сол	linguistic	_	_	Begin=285.76|End=286.61
294-0	SPK4008	undefined	294	_	<lag>	<lag>	linguistic	_	_	Begin=286.845
294-1	SPK4008	undefined	294	_	әә	әә	linguistic	_	_	_
294-2	SPK4008	undefined	294	_	<lag>	<lag>	linguistic	_	_	End=287.725
295-0	SPK4008	undefined	295	142	жатақханада	жатақханада	linguistic	_	_	Begin=287.785
295-1	SPK4008	undefined	295	142	тұрған	тұрған	linguistic	_	_	End=288.855
296-0	SPK4008	undefined	296	142	және	және	linguistic	_	_	Begin=288.86|End=289.38
297-0	SPK4008	undefined	297	142	өз	өз	linguistic	_	_	Begin=289.41
297-1	SPK4008	undefined	297	142	үйлерінде	үйлерінде	linguistic	_	_	_
297-2	SPK4008	undefined	297	142	тұрған	тұрған	linguistic	_	_	_
297-3	SPK4008	undefined	297	142	студенттерінің	студенттерінің	linguistic	_	_	End=291.0
298-0	SPK4008	undefined	298	142	айырмашылығы	айырмашылығы	linguistic	_	_	Begin=291.025|End=291.905
299-0	SPK4008	undefined	299	143	сол	сол	linguistic	_	_	Begin=291.955
299-1	SPK4008	undefined	299	143	олардың	олардың	linguistic	_	_	End=292.885
300-0	SPK4008	undefined	300	143	қандай	қандай	linguistic	_	_	Begin=292.9
300-1	SPK4008	undefined	300	143	<lag>	<lag>	linguistic	_	_	_
300-2	SPK4008	undefined	300	143	әәә	әәә	linguistic	_	_	_
300-3	SPK4008	undefined	300	143	<lag>	<lag>	linguistic	_	_	End=294.33
301-0	SPK4009	undefined	301	144	қиыншықтар	қиыншықтар	linguistic	_	_	Begin=294.035
301-1	SPK4009	undefined	301	144	бар	бар	linguistic	_	_	End=295.225
302-0	SPK4008	undefined	302	143	қиыншықтар	қиыншықтар	linguistic	_	_	Begin=294.9
302-1	SPK4008	undefined	302	143	болды	болды	linguistic	_	_	_
302-2	SPK4008	undefined	302	143	иә	иә	linguistic	_	_	End=296.34
303-0	SPK4008	undefined	303	143	(H)	(H)	inhale	_	_	Begin=296.34|End=296.6
304-0	SPK4008	undefined	304	145	сол	сол	linguistic	_	_	Begin=296.63
304-1	SPK4008	undefined	304	145	бәрін	бәрін	linguistic	_	_	_
304-2	SPK4008	undefined	304	145	өткеннен	өткеннен	linguistic	_	_	_
304-3	SPK4008	undefined	304	145	кейін	кейін	linguistic	_	_	End=297.84
305-0	SPK4008	undefined	305	145	екінші	екінші	linguistic	_	_	Begin=297.885
305-1	SPK4008	undefined	305	145	семестрде	семестрде	linguistic	_	_	_
305-2	SPK4008	undefined	305	145	ойланып	ойланып	linguistic	_	_	_
305-3	SPK4008	undefined	305	145	бастадым	бастадым	linguistic	_	_	_
305-4	SPK4008	undefined	305	145	осы	осы	linguistic	_	_	_
305-5	SPK4008	undefined	305	145	маған	маған	linguistic	_	_	_
305-6	SPK4008	undefined	305	145	политология	политология	linguistic	_	_	_
305-7	SPK4008	undefined	305	145	керек	керек	linguistic	_	_	_
305-8	SPK4008	undefined	305	145	па	па	linguistic	_	_	_
305-9	SPK4008	undefined	305	145	негізінде	негізінде	linguistic	_	_	End=302.055
306-0	SPK4008	undefined	306	146	сосын	сосын	linguistic	_	_	Begin=302.09|End=302.67
307-0	SPK4008	undefined	307	147	екінші	екінші	linguistic	_	_	Begin=302.72
307-1	SPK4008	undefined	307	147	семестрде	семестрде	linguistic	_	_	_
307-2	SPK4008	undefined	307	147	тағы	тағы	linguistic	_	_	_
307-3	SPK4008	undefined	307	147	бір	бір	linguistic	_	_	_
307-4	SPK4008	undefined	307	147	пән	пән	linguistic	_	_	_
307-5	SPK4008	undefined	307	147	алғам	алғам	linguistic	_	_	End=304.56
308-0	SPK4008	undefined	308	_	<lag>	<lag>	linguistic	_	_	Begin=304.99
308-1	SPK4008	undefined	308	_	әә	әә	linguistic	_	_	_
308-2	SPK4008	undefined	308	_	<lag>	<lag>	linguistic	_	_	End=305.56
309-0	SPK4008	undefined	309	148	осы	осы	linguistic	_	_	Begin=305.575
309-1	SPK4008	undefined	309	148	біздің	біздің	linguistic	_	_	_
309-2	SPK4008	undefined	309	148	кафедра	кафедра	linguistic	_	_	End=306.745
310-0	SPK4008	undefined	310	148	кафедра	кафедра	linguistic	_	_	Begin=306.77
310-1	SPK4008	undefined	310	148	дейді	дейді	linguistic	_	_	_
310-2	SPK4008	undefined	310	148	по-моему	по-моему	linguistic	_	_	_
310-3	SPK4008	undefined	310	148	сіздерде	сіздерде	linguistic	_	_	End=308.25
311-0	SPK4009	undefined	311	149	иә	иә	linguistic	_	_	Begin=308.21
311-1	SPK4009	undefined	311	149	иә	иә	linguistic	_	_	_
311-2	SPK4009	undefined	311	149	кафедра	кафедра	linguistic	_	_	End=309.23
312-0	SPK4008	undefined	312	150	кафедраның	кафедраның	linguistic	_	_	Begin=309.91|End=310.94
313-0	SPK4008	undefined	313	150	<lag>	<lag>	linguistic	_	_	Begin=310.965
313-1	SPK4008	undefined	313	150	әә	әә	linguistic	_	_	_
313-2	SPK4008	undefined	313	150	<lag>	<lag>	linguistic	_	_	End=311.545
314-0	SPK4008	undefined	314	150	(TSK)	(TSK)	click	_	_	Begin=311.875|End=312.565
315-0	SPK4008	undefined	315	150	завкафедры	завкафедры	linguistic	_	_	Begin=312.64
315-1	SPK4008	undefined	315	150	дейді	дейді	linguistic	_	_	_
315-2	SPK4008	undefined	315	150	ма,	ма	linguistic	_	_	_
315-3	SPK4008	undefined	315	150	дейді,	дейді	linguistic	_	_	_
315-4	SPK4008	undefined	315	150	бас	бас	linguistic	_	_	_
315-5	SPK4008	undefined	315	150	кафедрасы	кафедрасы	linguistic	_	_	_
315-6	SPK4008	undefined	315	150	бізде	бізде	linguistic	_	_	End=315.36
316-0	SPK4008	undefined	316	151	head	head	linguistic	_	_	Begin=315.67
316-1	SPK4008	undefined	316	151	of	of	linguistic	_	_	_
316-2	SPK4008	undefined	316	151	department	department	linguistic	_	_	_
316-3	SPK4008	undefined	316	151	деп	деп	linguistic	_	_	_
316-4	SPK4008	undefined	316	151	айтамыз	айтамыз	linguistic	_	_	_
316-5	SPK4008	undefined	316	151	біз	біз	linguistic	_	_	_
316-6	SPK4008	undefined	316	151	оларды	оларды	linguistic	_	_	End=317.61
317-0	SPK4008	undefined	317	_	(H)	(H)	inhale	_	_	Begin=317.64|End=318.14
318-0	SPK4008	undefined	318	_	<lag>	<lag>	linguistic	_	_	Begin=318.16
318-1	SPK4008	undefined	318	_	әә	әә	linguistic	_	_	_
318-2	SPK4008	undefined	318	_	<lag>	<lag>	linguistic	_	_	End=319.01
319-0	SPK4008	undefined	319	152	сол	сол	linguistic	_	_	Begin=319.01
319-1	SPK4008	undefined	319	152	сабағын	сабағын	linguistic	_	_	_
319-2	SPK4008	undefined	319	152	алғам	алғам	linguistic	_	_	End=320.31
320-0	SPK4008	undefined	320	153	күшті	күшті	linguistic	_	_	Begin=320.32
320-1	SPK4008	undefined	320	153	сабақ	сабақ	linguistic	_	_	_
320-2	SPK4008	undefined	320	153	болды	болды	linguistic	_	_	_
320-3	SPK4008	undefined	320	153	ғой	ғой	linguistic	_	_	End=321.42
321-0	SPK4008	undefined	321	154	ол	ол	linguistic	_	_	Begin=321.44
321-1	SPK4008	undefined	321	154	енді	енді	linguistic	_	_	End=322.21
322-0	SPK4008	undefined	322	154	не	не	linguistic	_	_	Begin=322.255
322-1	SPK4008	undefined	322	154	туралы	туралы	linguistic	_	_	_
322-2	SPK4008	undefined	322	154	болды	болды	linguistic	_	_	End=323.605
323-0	SPK4008	undefined	323	155	коррупция	коррупция	linguistic	_	_	Begin=323.98
323-1	SPK4008	undefined	323	155	туралы	туралы	linguistic	_	_	_
323-2	SPK4008	undefined	323	155	болған	болған	linguistic	_	_	End=325.27
324-0	SPK4008	undefined	324	156	осы	осы	linguistic	_	_	Begin=325.395
324-1	SPK4008	undefined	324	156	коррупция	коррупция	linguistic	_	_	_
324-2	SPK4008	undefined	324	156	халыққа	халыққа	linguistic	_	_	_
324-3	SPK4008	undefined	324	156	қалай	қалай	linguistic	_	_	_
324-4	SPK4008	undefined	324	156	әсер	әсер	linguistic	_	_	_
324-5	SPK4008	undefined	324	156	етеді	етеді	linguistic	_	_	End=327.735
325-0	SPK4008	undefined	325	157	(H)	(H)	inhale	_	_	Begin=327.745
325-1	SPK4008	undefined	325	157	одан	одан	linguistic	_	_	_
325-2	SPK4008	undefined	325	157	прямо	прямо	linguistic	_	_	End=328.915
326-0	SPK4008	undefined	326	157	сабақ	сабақ	linguistic	_	_	Begin=329.26
326-1	SPK4008	undefined	326	157	өте	өте	linguistic	_	_	_
326-2	SPK4008	undefined	326	157	қызық	қызық	linguistic	_	_	_
326-3	SPK4008	undefined	326	157	өтті	өтті	linguistic	_	_	End=331.06
327-0	SPK4008	undefined	327	_	<lag>	<lag>	linguistic	_	_	Begin=331.31
327-1	SPK4008	undefined	327	_	әә	әә	linguistic	_	_	_
327-2	SPK4008	undefined	327	_	<lag>	<lag>	linguistic	_	_	End=332.21
328-0	SPK4008	undefined	328	158	мұғалім	мұғалім	linguistic	_	_	Begin=332.22
328-1	SPK4008	undefined	328	158	да	да	linguistic	_	_	_
328-2	SPK4008	undefined	328	158	күшті	күшті	linguistic	_	_	End=333.39
329-0	SPK4008	undefined	329	159	тақырыптары	тақырыптары	linguistic	_	_	Begin=333.415
329-1	SPK4008	undefined	329	159	да	да	linguistic	_	_	_
329-2	SPK4008	undefined	329	159	күшті	күшті	linguistic	_	_	End=334.955
330-0	SPK4008	Interrupted	330	160	ол	ол	linguistic	_	_	Begin=335.265
330-1	SPK4008	Interrupted	330	160	жерде	жерде	linguistic	_	_	_
330-2	SPK4008	Interrupted	330	160	көретін	көретін	linguistic	_	_	_
330-3	SPK4008	Interrupted	330	160	кинолар-	кинолар-	linguistic	_	Interrupted=Yes	End=336.685
331-0	SPK4008	undefined	331	160	киноға	киноға	linguistic	_	_	Begin=336.715
331-1	SPK4008	undefined	331	160	біз	біз	linguistic	_	_	End=337.265
332-0	SPK4008	undefined	332	160	<lag>	<lag>	linguistic	_	_	Begin=337.265
332-1	SPK4008	undefined	332	160	әә	әә	linguistic	_	_	_
332-2	SPK4008	undefined	332	160	<lag>	<lag>	linguistic	_	_	_
332-3	SPK4008	undefined	332	160	не	не	linguistic	_	_	_
332-4	SPK4008	undefined	332	160	жазамыз	жазамыз	linguistic	_	_	_
332-5	SPK4008	undefined	332	160	ғой	ғой	linguistic	_	_	End=338.185
333-0	SPK4008	undefined	333	160	отчет	отчет	linguistic	_	_	Begin=338.185
333-1	SPK4008	undefined	333	160	жазамыз	жазамыз	linguistic	_	_	_
333-2	SPK4008	undefined	333	160	ғой	ғой	linguistic	_	_	End=339.075
334-0	SPK4008	undefined	334	160	репорт	репорт	linguistic	_	_	Begin=339.08
334-1	SPK4008	undefined	334	160	деп	деп	linguistic	_	_	End=340.12
335-0	SPK4008	undefined	335	161	сол	сол	linguistic	_	_	Begin=340.15
335-1	SPK4008	undefined	335	161	бәрінен	бәрінен	linguistic	_	_	_
335-2	SPK4008	undefined	335	161	кайф	кайф	linguistic	_	_	_
335-3	SPK4008	undefined	335	161	ұстадым	ұстадым	linguistic	_	_	_
335-4	SPK4008	undefined	335	161	да	да	linguistic	_	_	_
335-5	SPK4008	undefined	335	161	все	все	linguistic	_	_	_
335-6	SPK4008	undefined	335	161	кеттім	кеттім	linguistic	_	_	_
335-7	SPK4008	undefined	335	161	мен	мен	linguistic	_	_	_
335-8	SPK4008	undefined	335	161	социологияға	социологияға	linguistic	_	_	_
335-9	SPK4008	undefined	335	161	дедім	дедім	linguistic	_	_	End=343.96
336-0	SPK4008	undefined	336	162	<lag>	<lag>	linguistic	_	_	Begin=344.035
336-1	SPK4008	undefined	336	162	ии	ии	linguistic	_	_	_
336-2	SPK4008	undefined	336	162	<lag>	<lag>	linguistic	_	_	_
336-3	SPK4008	undefined	336	162	түсіндім	түсіндім	linguistic	_	_	End=344.995
337-0	SPK4009	Rising	337	163	сенікі	сенікі	linguistic	_	_	Begin=345.445
337-1	SPK4009	Rising	337	163	ма?	ма	linguistic	_	_	End=346.415
338-0	SPK4008	undefined	338	_	###	###	unknown	_	_	Begin=345.475|End=346.315
339-0	SPK4008	Rising	339	164	ә?	ә	linguistic	_	_	Begin=346.36|End=346.95
340-0	SPK4009	Rising	340	165	сенікі	сенікі	linguistic	_	_	Begin=346.755
340-1	SPK4009	Rising	340	165	ма?	ма	linguistic	_	_	End=347.545
341-0	SPK4008	undefined	341	166	менікі,	менікі	linguistic	_	_	Begin=347.56
341-1	SPK4008	undefined	341	166	иә	иә	linguistic	_	_	End=348.48
342-0	SPK4008	undefined	342	167	күшті	күшті	linguistic	_	_	Begin=348.53|End=349.28
343-0	SPK4012	undefined	343	168	күшті	күшті	linguistic	_	_	Begin=348.855|End=349.565
344-0	SPK4008	undefined	344	167	ну	ну	linguistic	_	_	Begin=349.3|End=349.72
345-0	SPK4008	undefined	345	169	менде	менде	linguistic	_	_	Begin=349.74|End=350.36
346-0	SPK4008	undefined	346	169	ата-анам	ата-анам	linguistic	_	_	Begin=350.37
346-1	SPK4008	undefined	346	169	бәрі	бәрі	linguistic	_	_	_
346-2	SPK4008	undefined	346	169	политологтар	политологтар	linguistic	_	_	End=352.08
347-0	SPK4009	undefined	347	170	ага	ага	linguistic	_	_	Begin=351.685|End=352.415
348-0	SPK4008	undefined	348	171	###	###	unknown	_	_	Begin=352.22
348-1	SPK4008	undefined	348	171	кстати	кстати	linguistic	_	_	_
348-2	SPK4008	undefined	348	171	ЕНУда	ЕНУда	linguistic	_	_	_
348-3	SPK4008	undefined	348	171	политологиядан	политологиядан	linguistic	_	_	_
348-4	SPK4008	undefined	348	171	береді	береді	linguistic	_	_	_
348-5	SPK4008	undefined	348	171	сабақ	сабақ	linguistic	_	_	End=354.65
349-0	SPK4009	undefined	349	172	мхм	мхм	linguistic	_	_	Begin=354.605|End=355.405
350-0	SPK4008	undefined	350	173	<lag>	<lag>	linguistic	_	_	Begin=355.345
350-1	SPK4008	undefined	350	173	и	и	linguistic	_	_	_
350-2	SPK4008	undefined	350	173	<lag>	<lag>	linguistic	_	_	_
350-3	SPK4008	undefined	350	173	олар	олар	linguistic	_	_	End=356.275
351-0	SPK4008	undefined	351	174	мама	мама	linguistic	_	_	Begin=356.275
351-1	SPK4008	undefined	351	174	тоже	тоже	linguistic	_	_	_
351-2	SPK4008	undefined	351	174	міне	міне	linguistic	_	_	_
351-3	SPK4008	undefined	351	174	этот	этот	linguistic	_	_	End=357.755
352-0	SPK4008	undefined	352	174	политологиямен	политологиямен	linguistic	_	_	Begin=357.785
352-1	SPK4008	undefined	352	174	связана	связана	linguistic	_	_	End=359.495
353-0	SPK4008	undefined	353	_	(H)	(H)	inhale	_	_	Begin=359.52|End=360.31
354-0	SPK4008	undefined	354	175	и	и	linguistic	_	_	Begin=360.35
354-1	SPK4008	undefined	354	175	этот	этот	linguistic	_	_	End=361.09
355-0	SPK4008	undefined	355	_	(TSK)	(TSK)	click	_	_	Begin=361.12|End=361.73
356-0	SPK4008	undefined	356	176	олардың	олардың	linguistic	_	_	Begin=361.745
356-1	SPK4008	undefined	356	176	сөйлегендері	сөйлегендері	linguistic	_	_	End=363.045
357-0	SPK4008	undefined	357	176	маған	маған	linguistic	_	_	Begin=363.045
357-1	SPK4008	undefined	357	176	мүлдем	мүлдем	linguistic	_	_	_
357-2	SPK4008	undefined	357	176	ұнамайды	ұнамайды	linguistic	_	_	End=364.915
358-0	SPK4008	undefined	358	176	маған	маған	linguistic	_	_	Begin=364.94
358-1	SPK4008	undefined	358	176	вообще	вообще	linguistic	_	_	_
358-2	SPK4008	undefined	358	176	ұнамайды	ұнамайды	linguistic	_	_	_
358-3	SPK4008	undefined	358	176	мысалы	мысалы	linguistic	_	_	End=366.18
359-0	SPK4008	undefined	359	177	қайтейін	қайтейін	linguistic	_	_	Begin=366.19
359-1	SPK4008	undefined	359	177	енді	енді	linguistic	_	_	_
359-2	SPK4008	undefined	359	177	министр-	министр-	linguistic	_	Interrupted=Yes	_
359-3	SPK4008	undefined	359	177	и	и	linguistic	_	_	_
359-4	SPK4008	undefined	359	177	жәй	жәй	linguistic	_	_	_
359-5	SPK4008	undefined	359	177	мен	мен	linguistic	_	_	_
359-6	SPK4008	undefined	359	177	білім	білім	linguistic	_	_	_
359-7	SPK4008	undefined	359	177	керек	керек	linguistic	_	_	_
359-8	SPK4008	undefined	359	177	менің	менің	linguistic	_	_	_
359-9	SPK4008	undefined	359	177	анда	анда	linguistic	_	_	_
359-10	SPK4008	undefined	359	177	бір	бір	linguistic	_	_	End=369.07
360-0	SPK4008	undefined	360	177	<lag>	<lag>	linguistic	_	_	Begin=369.12
360-1	SPK4008	undefined	360	177	әә	әә	linguistic	_	_	_
360-2	SPK4008	undefined	360	177	<lag>	<lag>	linguistic	_	_	_
360-3	SPK4008	undefined	360	177	сауатым	сауатым	linguistic	_	_	_
360-4	SPK4008	undefined	360	177	болу	болу	linguistic	_	_	_
360-5	SPK4008	undefined	360	177	керек	керек	linguistic	_	_	_
360-6	SPK4008	undefined	360	177	сол	сол	linguistic	_	_	_
360-7	SPK4008	undefined	360	177	жағынан	жағынан	linguistic	_	_	End=371.05
361-0	SPK4008	undefined	361	178	жәй	жәй	linguistic	_	_	Begin=371.075|End=371.585
362-0	SPK4008	undefined	362	178	бар	бар	linguistic	_	_	Begin=371.62|End=372.31
363-0	SPK4008	undefined	363	178	бірақ	бірақ	linguistic	_	_	Begin=372.325|End=373.085
364-0	SPK4008	undefined	364	178	ондай	ондай	linguistic	_	_	Begin=373.105
364-1	SPK4008	undefined	364	178	терең	терең	linguistic	_	_	End=374.195
365-0	SPK4008	undefined	365	178	оқу	оқу	linguistic	_	_	Begin=374.21
365-1	SPK4008	undefined	365	178	ондай	ондай	linguistic	_	_	_
365-2	SPK4008	undefined	365	178	терең	терең	linguistic	_	_	_
365-3	SPK4008	undefined	365	178	зерттеу	зерттеу	linguistic	_	_	_
365-4	SPK4008	undefined	365	178	менікі	менікі	linguistic	_	_	_
365-5	SPK4008	undefined	365	178	емес	емес	linguistic	_	_	_
365-6	SPK4008	undefined	365	178	екен	екен	linguistic	_	_	End=376.54
366-0	SPK4008	undefined	366	_	маған	маған	linguistic	_	_	Begin=376.575
366-1	SPK4008	undefined	366	_	қызық	қызық	linguistic	_	_	_
366-2	SPK4008	undefined	366	_	болды	болды	linguistic	_	_	End=377.725
367-0	SPK4008	undefined	367	179	осы	осы	linguistic	_	_	Begin=377.77
367-1	SPK4008	undefined	367	179	мысалы	мысалы	linguistic	_	_	_
367-2	SPK4008	undefined	367	179	(H)	(H)	inhale	_	_	End=378.85
368-0	SPK4008	undefined	368	179	Қазақстанда	Қазақстанда	linguistic	_	_	Begin=378.87
368-1	SPK4008	undefined	368	179	болған	болған	linguistic	_	_	_
368-2	SPK4008	undefined	368	179	ситуация	ситуация	linguistic	_	_	_
368-3	SPK4008	undefined	368	179	ата-аналар	ата-аналар	linguistic	_	_	_
368-4	SPK4008	undefined	368	179	қалай	қалай	linguistic	_	_	_
368-5	SPK4008	undefined	368	179	әсер	әсер	linguistic	_	_	_
368-6	SPK4008	undefined	368	179	етеді	етеді	linguistic	_	_	_
368-7	SPK4008	undefined	368	179	мысалы	мысалы	linguistic	_	_	_
368-8	SPK4008	undefined	368	179	коронавирустың	коронавирустың	linguistic	_	_	_
368-9	SPK4008	undefined	368	179	нәрсе	нәрсе	linguistic	_	_	_
368-10	SPK4008	undefined	368	179	иә	иә	linguistic	_	_	End=382.44
369-0	SPK4012	undefined	369	180	мхм	мхм	linguistic	_	_	Begin=382.055|End=382.995
370-0	SPK4008	Interrupted	370	179	адамға	адамға	linguistic	_	_	Begin=382.505
370-1	SPK4008	Interrupted	370	179	қа-	қа-	linguistic	_	Interrupted=Yes	End=383.355
371-0	SPK4012	undefined	371	180	ал	ал	linguistic	_	_	Begin=383.025|End=383.415
372-0	SPK4008	undefined	372	179	қандай	қандай	linguistic	_	_	Begin=383.38
372-1	SPK4008	undefined	372	179	жақтарда	жақтарда	linguistic	_	_	End=384.61
373-0	SPK4012	undefined	373	182	иә	иә	linguistic	_	_	Begin=383.45|End=384.0
374-0	SPK4008	undefined	374	183	экономика	экономика	linguistic	_	_	Begin=384.625
374-1	SPK4008	undefined	374	183	жағынан	жағынан	linguistic	_	_	_
374-2	SPK4008	undefined	374	183	емес	емес	linguistic	_	_	_
374-3	SPK4008	undefined	374	183	мысалы	мысалы	linguistic	_	_	End=385.735
375-0	SPK4008	undefined	375	184	социалды	социалды	linguistic	_	_	Begin=385.74
375-1	SPK4008	undefined	375	184	түрде	түрде	linguistic	_	_	_
375-2	SPK4008	undefined	375	184	мысалы	мысалы	linguistic	_	_	End=387.19
376-0	SPK4008	undefined	376	_	<lag>	<lag>	linguistic	_	_	Begin=387.225
376-1	SPK4008	undefined	376	_	әә	әә	linguistic	_	_	_
376-2	SPK4008	undefined	376	_	<lag>	<lag>	linguistic	_	_	End=387.56
377-0	SPK4008	undefined	377	185	қаншама	қаншама	linguistic	_	_	Begin=387.56|End=388.65
378-0	SPK4008	undefined	378	185	отбасы	отбасы	linguistic	_	_	Begin=388.715
378-1	SPK4008	undefined	378	185	да,	да	linguistic	_	_	_
378-2	SPK4008	undefined	378	185	иә	иә	linguistic	_	_	End=389.975
379-0	SPK4008	undefined	379	186	отбасылары	отбасылары	linguistic	_	_	Begin=389.995
379-1	SPK4008	undefined	379	186	ажырасып	ажырасып	linguistic	_	_	_
379-2	SPK4008	undefined	379	186	жүрді	жүрді	linguistic	_	_	_
379-3	SPK4008	undefined	379	186	осы	осы	linguistic	_	_	End=392.665
380-0	SPK4008	undefined	380	187	тура	тура	linguistic	_	_	Begin=392.73
380-1	SPK4008	undefined	380	187	сондай	сондай	linguistic	_	_	End=394.04
381-0	SPK4008	undefined	381	188	осылай	осылай	linguistic	_	_	Begin=394.075
381-1	SPK4008	undefined	381	188	өз	өз	linguistic	_	_	_
381-2	SPK4008	undefined	381	188	жолыма	жолыма	linguistic	_	_	_
381-3	SPK4008	undefined	381	188	келдім	келдім	linguistic	_	_	End=395.505
382-0	SPK4008	undefined	382	_	###	###	unknown	_	_	Begin=395.66|End=397.73
383-0	SPK4009	Rising	383	189	экономиканы	экономиканы	linguistic	_	_	Begin=397.74
383-1	SPK4009	Rising	383	189	не	не	linguistic	_	_	_
383-2	SPK4009	Rising	383	189	үшін	үшін	linguistic	_	_	_
383-3	SPK4009	Rising	383	189	таңдадың?	таңдадың	linguistic	_	_	End=399.535
384-0	SPK4009	undefined	384	190	иә,	иә	linguistic	_	_	Begin=399.535
384-1	SPK4009	undefined	384	190	білемін,	білемін	linguistic	_	_	_
384-2	SPK4009	undefined	384	190	ата-анаң	ата-анаң	linguistic	_	_	_
384-3	SPK4009	undefined	384	190	айтты	айтты	linguistic	_	_	End=401.035
385-0	SPK4008	undefined	385	191	иә	иә	linguistic	_	_	Begin=400.575|End=401.305
386-0	SPK4009	undefined	386	192	не	не	linguistic	_	_	Begin=401.16
386-1	SPK4009	undefined	386	192	үшін	үшін	linguistic	_	_	_
386-2	SPK4009	undefined	386	192	айтқан	айтқан	linguistic	_	_	_
386-3	SPK4009	undefined	386	192	олар	олар	linguistic	_	_	End=402.21
387-0	SPK4008	undefined	387	193	<lag>	<lag>	linguistic	_	_	Begin=403.285
387-1	SPK4008	undefined	387	193	әә	әә	linguistic	_	_	_
387-2	SPK4008	undefined	387	193	<lag>	<lag>	linguistic	_	_	_
387-3	SPK4008	undefined	387	193	не	не	linguistic	_	_	_
387-4	SPK4008	undefined	387	193	деп	деп	linguistic	_	_	_
387-5	SPK4008	undefined	387	193	айтты	айтты	linguistic	_	_	_
387-6	SPK4008	undefined	387	193	ол	ол	linguistic	_	_	_
387-7	SPK4008	undefined	387	193	кезде	кезде	linguistic	_	_	_
387-8	SPK4008	undefined	387	193	маған	маған	linguistic	_	_	End=405.235
388-0	SPK4008	undefined	388	194	бізде	бізде	linguistic	_	_	Begin=405.25
388-1	SPK4008	undefined	388	194	негізі	негізі	linguistic	_	_	_
388-2	SPK4008	undefined	388	194	отбасымызда	отбасымызда	linguistic	_	_	_
388-3	SPK4008	undefined	388	194	экономисттер	экономисттер	linguistic	_	_	_
388-4	SPK4008	undefined	388	194	көп	көп	linguistic	_	_	End=407.78
389-0	SPK4008	undefined	389	195	бізде	бізде	linguistic	_	_	Begin=407.815
389-1	SPK4008	undefined	389	195	бәрі	бәрі	linguistic	_	_	_
389-2	SPK4008	undefined	389	195	мұғалімдер	мұғалімдер	linguistic	_	_	End=409.245
390-0	SPK4008	undefined	390	_	(TSK)	(TSK)	click	_	_	Begin=409.585
390-1	SPK4008	undefined	390	_	(H)	(H)	inhale	_	_	End=410.245
391-0	SPK4008	undefined	391	_	<lag>	<lag>	linguistic	_	_	Begin=410.27
391-1	SPK4008	undefined	391	_	әә	әә	linguistic	_	_	_
391-2	SPK4008	undefined	391	_	<lag>	<lag>	linguistic	_	_	End=411.38
392-0	SPK4008	Interrupted	392	196	экон-	экон-	linguistic	_	Interrupted=Yes	Begin=411.415|End=411.885
393-0	SPK4008	undefined	393	196	это	это	linguistic	_	_	Begin=411.91
393-1	SPK4008	undefined	393	196	айтқан	айтқан	linguistic	_	_	_
393-2	SPK4008	undefined	393	196	ғой	ғой	linguistic	_	_	_
393-3	SPK4008	undefined	393	196	типа	типа	linguistic	_	_	End=413.25
394-0	SPK4008	undefined	394	196	экономикамен	экономикамен	linguistic	_	_	Begin=413.28
394-1	SPK4008	undefined	394	196	сен	сен	linguistic	_	_	_
394-2	SPK4008	undefined	394	196	жақсы	жақсы	linguistic	_	_	_
394-3	SPK4008	undefined	394	196	өмір	өмір	linguistic	_	_	_
394-4	SPK4008	undefined	394	196	сүріп	сүріп	linguistic	_	_	_
394-5	SPK4008	undefined	394	196	кетесің	кетесің	linguistic	_	_	End=415.69
395-0	SPK4008	undefined	395	_	(H)	(H)	inhale	_	_	Begin=415.735|End=416.065
396-0	SPK4008	undefined	396	197	ақшаны	ақшаны	linguistic	_	_	Begin=416.065
396-1	SPK4008	undefined	396	197	жақсы	жақсы	linguistic	_	_	_
396-2	SPK4008	undefined	396	197	табасың	табасың	linguistic	_	_	End=417.485
397-0	SPK4008	undefined	397	197	(H)	(H)	inhale	_	_	Begin=417.485|End=417.82
398-0	SPK4008	undefined	398	197	<lag>	<lag>	linguistic	_	_	Begin=417.82
398-1	SPK4008	undefined	398	197	әә	әә	linguistic	_	_	_
398-2	SPK4008	undefined	398	197	<lag>	<lag>	linguistic	_	_	_
398-3	SPK4008	undefined	398	197	өмірін	өмірін	linguistic	_	_	End=419.03
399-0	SPK4008	Interrupted	399	197	бай-	бай-	linguistic	_	Interrupted=Yes	Begin=419.435|End=420.025
400-0	SPK4008	undefined	400	197	күшті	күшті	linguistic	_	_	Begin=420.06
400-1	SPK4008	undefined	400	197	болып	болып	linguistic	_	_	_
400-2	SPK4008	undefined	400	197	кетеді	кетеді	linguistic	_	_	_
400-3	SPK4008	undefined	400	197	дегені	дегені	linguistic	_	_	_
400-4	SPK4008	undefined	400	197	ғой	ғой	linguistic	_	_	End=421.14
401-0	SPK4009	undefined	401	_	мхм	мхм	linguistic	_	_	Begin=420.88|End=421.44
402-0	SPK4008	undefined	402	197	жарқырап	жарқырап	linguistic	_	_	Begin=421.21|End=422.115
403-0	SPK4008	Interrupted	403	197	кәдімгі	кәдімгі	linguistic	_	_	Begin=422.115
403-1	SPK4008	Interrupted	403	197	жарқын	жарқын	linguistic	_	_	_
403-2	SPK4008	Interrupted	403	197	болашаққа	болашаққа	linguistic	_	_	_
403-3	SPK4008	Interrupted	403	197	ө-	ө-	linguistic	_	Interrupted=Yes	End=423.715
404-0	SPK4008	undefined	404	197	өтетіндей	өтетіндей	linguistic	_	_	Begin=423.915
404-1	SPK4008	undefined	404	197	бір	бір	linguistic	_	_	_
404-2	SPK4008	undefined	404	197	баспалдақ	баспалдақ	linguistic	_	_	_
404-3	SPK4008	undefined	404	197	сияқты	сияқты	linguistic	_	_	End=426.59
405-0	SPK4008	undefined	405	198	бірақ	бірақ	linguistic	_	_	Begin=426.59
405-1	SPK4008	undefined	405	198	ондай	ондай	linguistic	_	_	_
405-2	SPK4008	undefined	405	198	емес	емес	linguistic	_	_	_
405-3	SPK4008	undefined	405	198	екен	екен	linguistic	_	_	End=428.13
406-0	SPK4008	undefined	406	199	себебі	себебі	linguistic	_	_	Begin=428.17|End=429.035
407-0	SPK4008	undefined	407	199	мен	мен	linguistic	_	_	Begin=429.035
407-1	SPK4008	undefined	407	199	басынан	басынан	linguistic	_	_	End=429.965
408-0	SPK4008	Interrupted	408	199	соци-	соци-	linguistic	_	Interrupted=Yes	Begin=429.98|End=430.59
409-0	SPK4008	Interrupted	409	199	социологиясы	социологиясы	linguistic	_	_	Begin=430.59
409-1	SPK4008	Interrupted	409	199	пән-	пән-	linguistic	_	Interrupted=Yes	End=431.895
410-0	SPK4008	undefined	410	199	<lag>	<lag>	linguistic	_	_	Begin=431.895
410-1	SPK4008	undefined	410	199	әә	әә	linguistic	_	_	_
410-2	SPK4008	undefined	410	199	<lag>	<lag>	linguistic	_	_	End=432.325
411-0	SPK4008	undefined	411	199	маманына	маманына	linguistic	_	_	Begin=432.35|End=433.05
412-0	SPK4008	undefined	412	199	көшем	көшем	linguistic	_	_	Begin=433.05
412-1	SPK4008	undefined	412	199	дегенде	дегенде	linguistic	_	_	End=434.13
413-0	SPK4008	undefined	413	199	ата-анам	ата-анам	linguistic	_	_	Begin=434.19
413-1	SPK4008	undefined	413	199	былай	былай	linguistic	_	_	End=436.0
414-0	SPK4008	undefined	414	199	жұмысты	жұмысты	linguistic	_	_	Begin=436.025
414-1	SPK4008	undefined	414	199	қалай	қалай	linguistic	_	_	_
414-2	SPK4008	undefined	414	199	табасың	табасың	linguistic	_	_	_
414-3	SPK4008	undefined	414	199	дейді	дейді	linguistic	_	_	_
414-4	SPK4008	undefined	414	199	ғой	ғой	linguistic	_	_	_
414-5	SPK4008	undefined	414	199	@@	@@	linguistic	_	_	End=437.595
415-0	SPK4008	undefined	415	_	@@@	@@@	linguistic	_	_	Begin=437.63
415-1	SPK4008	undefined	415	_	(H)	(H)	inhale	_	_	End=438.93
416-0	SPK4008	undefined	416	200	сондай	сондай	linguistic	_	_	Begin=438.98|End=439.91
417-0	SPK4008	undefined	417	201	сол	сол	linguistic	_	_	Begin=439.945
417-1	SPK4008	undefined	417	201	менде	менде	linguistic	_	_	_
417-2	SPK4008	undefined	417	201	солай	солай	linguistic	_	_	_
417-3	SPK4008	undefined	417	201	болды	болды	linguistic	_	_	End=441.815
418-0	SPK4012	undefined	418	202	сен	сен	linguistic	_	_	Begin=441.73
418-1	SPK4012	undefined	418	202	қандай	қандай	linguistic	_	_	End=442.56
419-0	SPK4012	undefined	419	202	<lag>	<lag>	linguistic	_	_	Begin=442.575
419-1	SPK4012	undefined	419	202	әә	әә	linguistic	_	_	_
419-2	SPK4012	undefined	419	202	<lag>	<lag>	linguistic	_	_	End=442.99
420-0	SPK4012	Rising	420	202	экономиканы	экономиканы	linguistic	_	_	Begin=442.99
420-1	SPK4012	Rising	420	202	алдың:	алдың	linguistic	_	Prolongation=4	_
420-2	SPK4012	Rising	420	202	микро,	микро	linguistic	_	_	_
420-3	SPK4012	Rising	420	202	макро?	макро	linguistic	_	_	End=444.56
421-0	SPK4008	undefined	421	203	микро	микро	linguistic	_	_	Begin=444.675|End=445.765
422-0	SPK4012	undefined	422	204	әә	әә	linguistic	_	_	Begin=445.8|End=446.51
423-0	SPK4008	undefined	423	205	қызық	қызық	linguistic	_	_	Begin=447.575
423-1	SPK4008	undefined	423	205	болған	болған	linguistic	_	_	_
423-2	SPK4008	undefined	423	205	жоқ	жоқ	linguistic	_	_	End=448.835
424-0	SPK4012	undefined	424	206	иә	иә	linguistic	_	_	Begin=448.595|End=449.095
425-0	SPK4012	undefined	425	207	макро	макро	linguistic	_	_	Begin=449.265
425-1	SPK4012	undefined	425	207	да	да	linguistic	_	_	_
425-2	SPK4012	undefined	425	207	қызық	қызық	linguistic	_	_	_
425-3	SPK4012	undefined	425	207	емес	емес	linguistic	_	_	End=450.795
426-0	SPK4008	undefined	426	208	(H)	(H)	inhale	_	_	Begin=451.64
426-1	SPK4008	undefined	426	208	әә	әә	linguistic	_	_	_
426-2	SPK4008	undefined	426	208	иә-иә-иә-иә	иә-иә-иә-иә	linguistic	_	_	_
426-3	SPK4008	undefined	426	208	білемін	білемін	linguistic	_	_	End=454.15
427-0	SPK4012	Interrupted	427	209	мен	мен	linguistic	_	_	Begin=454.015
427-1	SPK4012	Interrupted	427	209	Диа-	Диа-	linguistic	_	Interrupted=Yes	End=454.71
428-0	SPK4012	undefined	428	209	¬Ділназ	Ділназ	linguistic	_	Anonymized=Yes	Begin=454.71
428-1	SPK4012	undefined	428	209	мен	мен	linguistic	_	_	_
428-2	SPK4012	undefined	428	209	¬Сұлтанмен	Сұлтанмен	linguistic	_	Anonymized=Yes	_
428-3	SPK4012	undefined	428	209	бірге	бірге	linguistic	_	_	_
428-4	SPK4012	undefined	428	209	алдым	алдым	linguistic	_	_	End=456.61
429-0	SPK4012	undefined	429	209	ну	ну	linguistic	_	_	Begin=456.62|End=457.025
430-0	SPK4012	undefined	430	210	¬Сұлтанға	Сұлтанға	linguistic	_	Anonymized=Yes	Begin=457.025
430-1	SPK4012	undefined	430	210	күшті	күшті	linguistic	_	_	_
430-2	SPK4012	undefined	430	210	болды	болды	linguistic	_	_	End=458.315
431-0	SPK4012	undefined	431	211	біз	біз	linguistic	_	_	Begin=458.55|End=459.21
432-0	SPK4012	undefined	432	211	¬Ділназ	Ділназ	linguistic	_	Anonymized=Yes	Begin=459.27
432-1	SPK4012	undefined	432	211	екеуміз	екеуміз	linguistic	_	_	_
432-2	SPK4012	undefined	432	211	жыладық	жыладық	linguistic	_	_	_
432-3	SPK4012	undefined	432	211	(Hx)	(Hx)	exhale	_	_	End=461.09
433-0	SPK4008	undefined	433	212	біз	біз	linguistic	_	_	Begin=460.73
433-1	SPK4008	undefined	433	212	бір	бір	linguistic	_	_	_
433-2	SPK4008	undefined	433	212	төрт	төрт	linguistic	_	_	_
433-3	SPK4008	undefined	433	212	досымыз	досымыз	linguistic	_	_	End=462.11
434-0	SPK4008	undefined	434	212	біз	біз	linguistic	_	_	Begin=462.12
434-1	SPK4008	undefined	434	212	негізінде	негізінде	linguistic	_	_	_
434-2	SPK4008	undefined	434	212	төртеуміз	төртеуміз	linguistic	_	_	End=463.28
435-0	SPK4009	undefined	435	213	мхм	мхм	linguistic	_	_	Begin=463.08|End=463.67
436-0	SPK4008	undefined	436	212	төртеуміз	төртеуміз	linguistic	_	_	Begin=463.33
436-1	SPK4008	undefined	436	212	жүреміз	жүреміз	linguistic	_	_	End=464.785
437-0	SPK4008	undefined	437	212	¬Абай,	Абай	linguistic	_	Anonymized=Yes	Begin=464.785
437-1	SPK4008	undefined	437	212	мен	мен	linguistic	_	_	End=465.765
438-0	SPK4008	undefined	438	212	<lag>	<lag>	linguistic	_	_	Begin=465.765
438-1	SPK4008	undefined	438	212	әә	әә	linguistic	_	_	_
438-2	SPK4008	undefined	438	212	<lag>	<lag>	linguistic	_	_	_
438-3	SPK4008	undefined	438	212	и	и	linguistic	_	_	_
438-4	SPK4008	undefined	438	212	там	там	linguistic	_	_	_
438-5	SPK4008	undefined	438	212	екі	екі	linguistic	_	_	_
438-6	SPK4008	undefined	438	212	досымыз	досымыз	linguistic	_	_	End=467.125
439-0	SPK4008	undefined	439	212	досымыз	досымыз	linguistic	_	_	Begin=467.175
439-1	SPK4008	undefined	439	212	бар	бар	linguistic	_	_	End=468.38
440-0	SPK4008	undefined	440	214	сол	сол	linguistic	_	_	Begin=468.38
440-1	SPK4008	undefined	440	214	біреуі	біреуі	linguistic	_	_	End=469.11
441-0	SPK4008	undefined	441	214	кәдімгідей	кәдімгідей	linguistic	_	_	Begin=469.125
441-1	SPK4008	undefined	441	214	(Hx)	(Hx)	exhale	_	_	_
441-2	SPK4008	undefined	441	214	экономист	экономист	linguistic	_	_	_
441-3	SPK4008	undefined	441	214	қой	қой	linguistic	_	_	_
441-4	SPK4008	undefined	441	214	ол	ол	linguistic	_	_	_
441-5	SPK4008	undefined	441	214	бізде	бізде	linguistic	_	_	_
441-6	SPK4008	undefined	441	214	иә	иә	linguistic	_	_	End=471.605
442-0	SPK4012	undefined	442	215	иә	иә	linguistic	_	_	Begin=470.425|End=471.275
443-0	SPK4008	undefined	443	216	¬Абай	Абай	linguistic	_	Anonymized=Yes	Begin=471.63
443-1	SPK4008	undefined	443	216	не	не	linguistic	_	_	_
443-2	SPK4008	undefined	443	216	үшін	үшін	linguistic	_	_	_
443-3	SPK4008	undefined	443	216	алдың	алдың	linguistic	_	_	_
443-4	SPK4008	undefined	443	216	сен	сен	linguistic	_	_	_
443-5	SPK4008	undefined	443	216	экономика	экономика	linguistic	_	_	_
443-6	SPK4008	undefined	443	216	сонда	сонда	linguistic	_	_	End=473.81
444-0	SPK4012	undefined	444	217	<lag>	<lag>	linguistic	_	_	Begin=473.68
444-1	SPK4012	undefined	444	217	әә	әә	linguistic	_	_	_
444-2	SPK4012	undefined	444	217	<lag>	<lag>	linguistic	_	_	_
444-3	SPK4012	undefined	444	217	соц	соц	linguistic	_	_	_
444-4	SPK4012	undefined	444	217	предметті	предметті	linguistic	_	_	_
444-5	SPK4012	undefined	444	217	жабу	жабу	linguistic	_	_	_
444-6	SPK4012	undefined	444	217	керек	керек	linguistic	_	_	End=475.81
445-0	SPK4008	undefined	445	218	әәә	әәә	linguistic	_	_	Begin=475.725|End=477.125
446-0	SPK4008	undefined	446	_	###	###	unknown	_	_	Begin=477.505|End=478.165
447-0	SPK4008	undefined	447	219	оңай	оңай	linguistic	_	_	Begin=478.215
447-1	SPK4008	undefined	447	219	пәнді	пәнді	linguistic	_	_	_
447-2	SPK4008	undefined	447	219	алмай,	алмай	linguistic	_	_	_
447-3	SPK4008	undefined	447	219	бір	бір	linguistic	_	_	_
447-4	SPK4008	undefined	447	219	@	@	linguistic	_	_	_
447-5	SPK4008	undefined	447	219	экономиканы	экономиканы	linguistic	_	_	_
447-6	SPK4008	undefined	447	219	алған	алған	linguistic	_	_	_
447-7	SPK4008	undefined	447	219	тоже	тоже	linguistic	_	_	_
447-8	SPK4008	undefined	447	219	@	@	linguistic	_	_	End=480.745
448-0	SPK4012	undefined	448	_	@@	@@	linguistic	_	_	Begin=479.56|End=480.53
449-0	SPK4009	Rising	449	221	###	###	unknown	_	_	Begin=482.105
449-1	SPK4009	Rising	449	221	соған	соған	linguistic	_	_	_
449-2	SPK4009	Rising	449	221	не	не	linguistic	_	_	_
449-3	SPK4009	Rising	449	221	болды	болды	linguistic	_	_	End=482.11
450-0	SPK4008	undefined	450	220	ал	ал	linguistic	_	_	Begin=482.105
450-1	SPK4008	undefined	450	220	кім	кім	linguistic	_	_	_
450-2	SPK4008	undefined	450	220	болды	болды	linguistic	_	_	End=483.415
451-0	SPK4009	Rising	451	221	###,	###	unknown	_	_	Begin=482.11
451-1	SPK4009	Rising	451	221	соған	соған	linguistic	_	_	_
451-2	SPK4009	Rising	451	221	не	не	linguistic	_	_	_
451-3	SPK4009	Rising	451	221	болды?	болды	linguistic	_	_	End=484.19
452-0	SPK4012	undefined	452	222	маған	маған	linguistic	_	_	Begin=484.06
452-1	SPK4012	undefined	452	222	политология	политология	linguistic	_	_	_
452-2	SPK4012	undefined	452	222	###	###	unknown	_	_	_
452-3	SPK4012	undefined	452	222	ұнайды	ұнайды	linguistic	_	_	End=486.89
453-0	SPK4012	undefined	453	223	ол	ол	linguistic	_	_	Begin=486.895|End=487.545
454-0	SPK4012	undefined	454	223	бар	бар	linguistic	_	_	Begin=487.58
454-1	SPK4012	undefined	454	223	ғой	ғой	linguistic	_	_	_
454-2	SPK4012	undefined	454	223	<lag>	<lag>	linguistic	_	_	_
454-3	SPK4012	undefined	454	223	әә	әә	linguistic	_	_	_
454-4	SPK4012	undefined	454	223	<lag>	<lag>	linguistic	_	_	End=488.63
455-0	SPK4012	undefined	455	224	әрбір	әрбір	linguistic	_	_	Begin=488.705
455-1	SPK4012	undefined	455	224	адам	адам	linguistic	_	_	End=489.735
456-0	SPK4012	undefined	456	224	<lag>	<lag>	linguistic	_	_	Begin=489.735
456-1	SPK4012	undefined	456	224	әә	әә	linguistic	_	_	_
456-2	SPK4012	undefined	456	224	<lag>	<lag>	linguistic	_	_	End=490.125
457-0	SPK4012	undefined	457	224	бір	бір	linguistic	_	_	Begin=490.15
457-1	SPK4012	undefined	457	224	<lag>	<lag>	linguistic	_	_	_
457-2	SPK4012	undefined	457	224	әә	әә	linguistic	_	_	_
457-3	SPK4012	undefined	457	224	<lag>	<lag>	linguistic	_	_	End=490.93
458-0	SPK4012	undefined	458	224	сфераны	сфераны	linguistic	_	_	Begin=490.93
458-1	SPK4012	undefined	458	224	таңдай	таңдай	linguistic	_	_	_
458-2	SPK4012	undefined	458	224	алады	алады	linguistic	_	_	End=492.3
459-0	SPK4012	undefined	459	225	және	және	linguistic	_	_	Begin=492.325|End=493.005
460-0	SPK4012	undefined	460	225	өз	өз	linguistic	_	_	Begin=493.335
460-1	SPK4012	undefined	460	225	таңдаған	таңдаған	linguistic	_	_	_
460-2	SPK4012	undefined	460	225	сферада	сферада	linguistic	_	_	End=494.995
461-0	SPK4012	undefined	461	225	<lag>	<lag>	linguistic	_	_	Begin=495.045
461-1	SPK4012	undefined	461	225	әә	әә	linguistic	_	_	_
461-2	SPK4012	undefined	461	225	<lag>	<lag>	linguistic	_	_	End=495.605
462-0	SPK4012	undefined	462	225	<lag>	<lag>	linguistic	_	_	Begin=495.825
462-1	SPK4012	undefined	462	225	әә	әә	linguistic	_	_	_
462-2	SPK4012	undefined	462	225	<lag>	<lag>	linguistic	_	_	End=496.825
463-0	SPK4012	undefined	463	225	саясаттану	саясаттану	linguistic	_	_	Begin=496.845
463-1	SPK4012	undefined	463	225	жағынан	жағынан	linguistic	_	_	End=498.075
464-0	SPK4012	undefined	464	225	дами	дами	linguistic	_	_	Begin=498.08
464-1	SPK4012	undefined	464	225	алады	алады	linguistic	_	_	End=500.15
465-0	SPK4012	undefined	465	226	қалай	қалай	linguistic	_	_	Begin=500.185
465-1	SPK4012	undefined	465	226	айтсам	айтсам	linguistic	_	_	End=501.045
466-0	SPK4008	undefined	466	227	мхм,	мхм	linguistic	_	_	Begin=500.415
466-1	SPK4008	undefined	466	227	иә	иә	linguistic	_	_	_
466-2	SPK4008	undefined	466	227	иә	иә	linguistic	_	_	_
466-3	SPK4008	undefined	466	227	иә	иә	linguistic	_	_	End=501.325
467-0	SPK4012	undefined	467	228	иә,	иә	linguistic	_	_	Begin=501.23
467-1	SPK4012	undefined	467	228	сол,	сол	linguistic	_	_	_
467-2	SPK4012	undefined	467	228	<lag>	<lag>	linguistic	_	_	_
467-3	SPK4012	undefined	467	228	әә	әә	linguistic	_	_	_
467-4	SPK4012	undefined	467	228	<lag>	<lag>	linguistic	_	_	End=502.14
468-0	SPK4012	undefined	468	_	<lag>	<lag>	linguistic	_	_	Begin=502.625
468-1	SPK4012	undefined	468	_	әм	әм	linguistic	_	_	_
468-2	SPK4012	undefined	468	_	<lag>	<lag>	linguistic	_	_	End=503.755
469-0	SPK4012	undefined	469	229	қалай	қалай	linguistic	_	_	Begin=503.96
469-1	SPK4012	undefined	469	229	<lag>	<lag>	linguistic	_	_	_
469-2	SPK4012	undefined	469	229	әу	әу	linguistic	_	_	_
469-3	SPK4012	undefined	469	229	<lag>	<lag>	linguistic	_	_	End=504.93
470-0	SPK4012	undefined	470	229	выбора	выбора	linguistic	_	_	Begin=504.995
470-1	SPK4012	undefined	470	229	больше	больше	linguistic	_	_	End=506.105
471-0	SPK4012	undefined	471	230	то	то	linguistic	_	_	Begin=506.11
471-1	SPK4012	undefined	471	230	есть	есть	linguistic	_	_	_
471-2	SPK4012	undefined	471	230	<lag>	<lag>	linguistic	_	_	_
471-3	SPK4012	undefined	471	230	ә	ә	linguistic	_	_	_
471-4	SPK4012	undefined	471	230	<lag>	<lag>	linguistic	_	_	End=506.79
472-0	SPK4012	undefined	472	230	әр	әр	linguistic	_	_	Begin=506.81
472-1	SPK4012	undefined	472	230	адам	адам	linguistic	_	_	_
472-2	SPK4012	undefined	472	230	өз	өз	linguistic	_	_	_
472-3	SPK4012	undefined	472	230	қызықты	қызықты	linguistic	_	_	End=508.255
473-0	SPK4012	undefined	473	230	<lag>	<lag>	linguistic	_	_	Begin=508.255
473-1	SPK4012	undefined	473	230	ну	ну	linguistic	_	_	_
473-2	SPK4012	undefined	473	230	әм	әм	linguistic	_	_	_
473-3	SPK4012	undefined	473	230	<lag>	<lag>	linguistic	_	_	End=509.105
474-0	SPK4012	undefined	474	230	сфераны	сфераны	linguistic	_	_	Begin=509.12
474-1	SPK4012	undefined	474	230	таңдай	таңдай	linguistic	_	_	_
474-2	SPK4012	undefined	474	230	алады	алады	linguistic	_	_	End=510.9
475-0	SPK4008	undefined	475	231	жобаң	жобаң	linguistic	_	_	Begin=510.61
475-1	SPK4008	undefined	475	231	туралы	туралы	linguistic	_	_	_
475-2	SPK4008	undefined	475	231	айтып	айтып	linguistic	_	_	_
475-3	SPK4008	undefined	475	231	берсеңші	берсеңші	linguistic	_	_	End=512.36
476-0	SPK4012	Rising	476	232	(TSK)	(TSK)	click	_	_	Begin=512.185
476-1	SPK4012	Rising	476	232	қандай	қандай	linguistic	_	_	_
476-2	SPK4012	Rising	476	232	жоба?	жоба	linguistic	_	_	End=513.365
477-0	SPK4008	undefined	477	233	¬Эрикамен	Эрикамен	linguistic	_	Anonymized=Yes	Begin=513.195
477-1	SPK4008	undefined	477	233	жазуда	жазуда	linguistic	_	_	End=514.515
478-0	SPK4012	undefined	478	234	әә	әә	linguistic	_	_	Begin=513.935|End=514.535
479-0	SPK4012	undefined	479	235	иә,	иә	linguistic	_	_	Begin=515.115
479-1	SPK4012	undefined	479	235	біз	біз	linguistic	_	_	_
479-2	SPK4012	undefined	479	235	қазір	қазір	linguistic	_	_	End=516.105
480-0	SPK4012	undefined	480	235	<lag>	<lag>	linguistic	_	_	Begin=516.105
480-1	SPK4012	undefined	480	235	әә	әә	linguistic	_	_	_
480-2	SPK4012	undefined	480	235	<lag>	<lag>	linguistic	_	_	End=516.615
481-0	SPK4012	Interrupted	481	235	екі	екі	linguistic	_	_	Begin=516.72
481-1	SPK4012	Interrupted	481	235	адаммен	адаммен	linguistic	_	_	_
481-2	SPK4012	Interrupted	481	235	және	және	linguistic	_	_	_
481-3	SPK4012	Interrupted	481	235	¬Максим,	Максим	linguistic	_	Anonymized=Yes	_
481-4	SPK4012	Interrupted	481	235	¬Максимды	Максимды	linguistic	_	Anonymized=Yes	_
481-5	SPK4012	Interrupted	481	235	білесің-	білесің-	linguistic	_	Interrupted=Yes	End=519.31
482-0	SPK4012	Rising	482	236	білесің	білесің	linguistic	_	_	Begin=519.31
482-1	SPK4012	Rising	482	236	ғой,	ғой	linguistic	_	_	_
482-2	SPK4012	Rising	482	236	иә?	иә	linguistic	_	_	End=520.24
483-0	SPK4008	undefined	483	237	иә-иә-иә	иә-иә-иә	linguistic	_	_	Begin=520.625|End=521.935
484-0	SPK4012	undefined	484	238	жи-	жи-	linguistic	_	Interrupted=Yes	Begin=520.68
484-1	SPK4012	undefined	484	238	жиырма	жиырма	linguistic	_	_	_
484-2	SPK4012	undefined	484	238	жеті	жеті	linguistic	_	_	_
484-3	SPK4012	undefined	484	238	жастағы	жастағы	linguistic	_	_	End=522.43
485-0	SPK4008	undefined	485	239	иә	иә	linguistic	_	_	Begin=522.355
485-1	SPK4008	undefined	485	239	иә	иә	linguistic	_	_	_
485-2	SPK4008	undefined	485	239	иә	иә	linguistic	_	_	End=523.265
486-0	SPK4012	undefined	486	240	иә	иә	linguistic	_	_	Begin=522.455
486-1	SPK4012	undefined	486	240	иә	иә	linguistic	_	_	End=523.275
487-0	SPK4012	undefined	487	241	ағылшыны	ағылшыны	linguistic	_	_	Begin=523.295|End=524.155
488-0	SPK4012	undefined	488	242	иә,	иә	linguistic	_	_	Begin=524.165
488-1	SPK4012	undefined	488	242	күшті	күшті	linguistic	_	_	End=526.055
489-0	SPK4008	undefined	489	243	Америкада	Америкада	linguistic	_	_	Begin=525.95
489-1	SPK4008	undefined	489	243	тұрған	тұрған	linguistic	_	_	_
489-2	SPK4008	undefined	489	243	ол	ол	linguistic	_	_	End=527.19
490-0	SPK4012	undefined	490	244	әә,	әә	linguistic	_	_	Begin=527.1
490-1	SPK4012	undefined	490	244	иә	иә	linguistic	_	_	End=528.08
491-0	SPK4012	undefined	491	_	<lag>	<lag>	linguistic	_	_	Begin=528.46
491-1	SPK4012	undefined	491	_	әм	әм	linguistic	_	_	_
491-2	SPK4012	undefined	491	_	<lag>	<lag>	linguistic	_	_	End=529.26
492-0	SPK4012	undefined	492	245	сол	сол	linguistic	_	_	Begin=529.88
492-1	SPK4012	undefined	492	245	<lag>	<lag>	linguistic	_	_	_
492-2	SPK4012	undefined	492	245	әә	әә	linguistic	_	_	_
492-3	SPK4012	undefined	492	245	<lag>	<lag>	linguistic	_	_	End=530.69
493-0	SPK4012	undefined	493	246	біз	біз	linguistic	_	_	Begin=530.965
493-1	SPK4012	undefined	493	246	қазір	қазір	linguistic	_	_	_
493-2	SPK4012	undefined	493	246	<lag>	<lag>	linguistic	_	_	_
493-3	SPK4012	undefined	493	246	әә	әә	linguistic	_	_	_
493-4	SPK4012	undefined	493	246	<lag>	<lag>	linguistic	_	_	End=532.075
494-0	SPK4012	undefined	494	246	<lag>	<lag>	linguistic	_	_	Begin=533.16
494-1	SPK4012	undefined	494	246	әә	әә	linguistic	_	_	_
494-2	SPK4012	undefined	494	246	<lag>	<lag>	linguistic	_	_	End=533.84
495-0	SPK4012	undefined	495	246	ҚазМұнайГазы	ҚазМұнайГазы	linguistic	_	_	Begin=533.87
495-1	SPK4012	undefined	495	246	және	және	linguistic	_	_	_
495-2	SPK4012	undefined	495	246	оған	оған	linguistic	_	_	_
495-3	SPK4012	undefined	495	246	сы-	сы-	linguistic	_	Interrupted=Yes	_
495-4	SPK4012	undefined	495	246	<lag>	<lag>	linguistic	_	_	_
495-5	SPK4012	undefined	495	246	ә	ә	linguistic	_	_	_
495-6	SPK4012	undefined	495	246	<lag>	<lag>	linguistic	_	_	_
495-7	SPK4012	undefined	495	246	сияқты	сияқты	linguistic	_	_	End=536.535
496-0	SPK4012	undefined	496	246	компанияларды	компанияларды	linguistic	_	_	Begin=536.535
496-1	SPK4012	undefined	496	246	зерттейміз	зерттейміз	linguistic	_	_	End=537.83
497-0	SPK4008	undefined	497	247	мхм	мхм	linguistic	_	_	Begin=537.83|End=538.4
498-0	SPK4012	undefined	498	_	###	###	unknown	_	_	Begin=539.272|End=539.942
499-0	SPK4012	undefined	499	248	олар	олар	linguistic	_	_	Begin=539.977
499-1	SPK4012	undefined	499	248	<lag>	<lag>	linguistic	_	_	_
499-2	SPK4012	undefined	499	248	әә	әә	linguistic	_	_	_
499-3	SPK4012	undefined	499	248	<lag>	<lag>	linguistic	_	_	End=540.987
500-0	SPK4012	undefined	500	248	табиғат	табиғат	linguistic	_	_	Begin=541.312|End=542.462
501-0	SPK4012	undefined	501	248	олар	олар	linguistic	_	_	Begin=542.497
501-1	SPK4012	undefined	501	248	табиғатқа	табиғатқа	linguistic	_	_	_
501-2	SPK4012	undefined	501	248	қандай	қандай	linguistic	_	_	_
501-3	SPK4012	undefined	501	248	әсерді	әсерді	linguistic	_	_	End=544.987
502-0	SPK4012	undefined	502	248	тигізеді	тигізеді	linguistic	_	_	Begin=544.987|End=546.297
503-0	SPK4012	undefined	503	249	және	және	linguistic	_	_	Begin=546.322
503-1	SPK4012	undefined	503	249	олардың	олардың	linguistic	_	_	_
503-2	SPK4012	undefined	503	249	документтердің	документтердің	linguistic	_	_	_
503-3	SPK4012	undefined	503	249	бәрінін	бәрінін	linguistic	_	_	_
503-4	SPK4012	undefined	503	249	оқимыз	оқимыз	linguistic	_	_	End=548.852
504-0	SPK4012	undefined	504	249	<lag>	<lag>	linguistic	_	_	Begin=548.917
504-1	SPK4012	undefined	504	249	ә	ә	linguistic	_	_	_
504-2	SPK4012	undefined	504	249	<lag>	<lag>	linguistic	_	_	_
504-3	SPK4012	undefined	504	249	анализ	анализ	linguistic	_	_	_
504-4	SPK4012	undefined	504	249	жасаймыз	жасаймыз	linguistic	_	_	End=550.237
505-0	SPK4012	undefined	505	250	сосын	сосын	linguistic	_	_	Begin=550.287
505-1	SPK4012	undefined	505	250	<lag>	<lag>	linguistic	_	_	_
505-2	SPK4012	undefined	505	250	әә	әә	linguistic	_	_	_
505-3	SPK4012	undefined	505	250	<lag>	<lag>	linguistic	_	_	End=551.087
506-0	SPK4012	undefined	506	250	<lag>	<lag>	linguistic	_	_	Begin=551.417
506-1	SPK4012	undefined	506	250	әм	әм	linguistic	_	_	_
506-2	SPK4012	undefined	506	250	<lag>	<lag>	linguistic	_	_	End=552.527
507-0	SPK4012	undefined	507	250	сосын	сосын	linguistic	_	_	Begin=553.262
507-1	SPK4012	undefined	507	250	тағыда	тағыда	linguistic	_	_	End=555.042
508-0	SPK4012	undefined	508	250	<lag>	<lag>	linguistic	_	_	Begin=555.072
508-1	SPK4012	undefined	508	250	әә	әә	linguistic	_	_	_
508-2	SPK4012	undefined	508	250	<lag>	<lag>	linguistic	_	_	End=555.752
509-0	SPK4012	undefined	509	250	профессорға	профессорға	linguistic	_	_	Begin=555.752
509-1	SPK4012	undefined	509	250	оны	оны	linguistic	_	_	End=557.652
510-0	SPK4012	undefined	510	250	<lag>	<lag>	linguistic	_	_	Begin=557.712
510-1	SPK4012	undefined	510	250	әм	әм	linguistic	_	_	_
510-2	SPK4012	undefined	510	250	<lag>	<lag>	linguistic	_	_	End=558.312
511-0	SPK4012	Rising	511	250	отправляем?	отправляем	linguistic	_	_	Begin=559.722|End=561.312
512-0	SPK4012	undefined	512	251	иә	иә	linguistic	_	_	Begin=561.417
512-1	SPK4012	undefined	512	251	@	@	linguistic	_	_	End=562.017
513-0	SPK4009	Rising	513	252	жібересің?	жібересің	linguistic	_	_	Begin=561.697|End=562.657
514-0	SPK4012	undefined	514	253	жібе-	жібе-	linguistic	_	Interrupted=Yes	Begin=562.717
514-1	SPK4012	undefined	514	253	жібереміз,	жібереміз	linguistic	_	_	_
514-2	SPK4012	undefined	514	253	сосын	сосын	linguistic	_	_	_
514-3	SPK4012	undefined	514	253	ол	ол	linguistic	_	_	_
514-4	SPK4012	undefined	514	253	бізге	бізге	linguistic	_	_	End=565.077
515-0	SPK4012	undefined	515	253	бір	бір	linguistic	_	_	Begin=565.107
515-1	SPK4012	undefined	515	253	фидбэк-	фидбэк-	linguistic	_	Interrupted=Yes	_
515-2	SPK4012	undefined	515	253	фидбэкты	фидбэкты	linguistic	_	_	_
515-3	SPK4012	undefined	515	253	айтады,	айтады	linguistic	_	_	_
515-4	SPK4012	undefined	515	253	сосын	сосын	linguistic	_	_	_
515-5	SPK4012	undefined	515	253	біз	біз	linguistic	_	_	_
515-6	SPK4012	undefined	515	253	тағыда	тағыда	linguistic	_	_	_
515-7	SPK4012	undefined	515	253	зерттейміз	зерттейміз	linguistic	_	_	_
515-8	SPK4012	undefined	515	253	зерттейміз	зерттейміз	linguistic	_	_	_
515-9	SPK4012	undefined	515	253	зерттейміз	зерттейміз	linguistic	_	_	End=569.082
516-0	SPK4012	undefined	516	253	(H)	(H)	inhale	_	_	Begin=569.082|End=569.382
517-0	SPK4012	undefined	517	_	<lag>	<lag>	linguistic	_	_	Begin=569.402
517-1	SPK4012	undefined	517	_	әә	әә	linguistic	_	_	_
517-2	SPK4012	undefined	517	_	<lag>	<lag>	linguistic	_	_	End=570.072
518-0	SPK4012	undefined	518	254	осы	осы	linguistic	_	_	Begin=570.407
518-1	SPK4012	undefined	518	254	компаниялар	компаниялар	linguistic	_	_	End=571.687
519-0	SPK4012	undefined	519	254	олар	олар	linguistic	_	_	Begin=571.737
519-1	SPK4012	undefined	519	254	определенный	определенный	linguistic	_	_	_
519-2	SPK4012	undefined	519	254	документты	документты	linguistic	_	_	_
519-3	SPK4012	undefined	519	254	<lag>	<lag>	linguistic	_	_	_
519-4	SPK4012	undefined	519	254	әм	әм	linguistic	_	_	_
519-5	SPK4012	undefined	519	254	<lag>	<lag>	linguistic	_	_	End=573.617
520-0	SPK4012	undefined	520	254	өз	өз	linguistic	_	_	Begin=573.637
520-1	SPK4012	undefined	520	254	вебсайтқа	вебсайтқа	linguistic	_	_	_
520-2	SPK4012	undefined	520	254	<lag>	<lag>	linguistic	_	_	_
520-3	SPK4012	undefined	520	254	әә	әә	linguistic	_	_	_
520-4	SPK4012	undefined	520	254	<lag>	<lag>	linguistic	_	_	End=575.727
521-0	SPK4012	undefined	521	254	<lag>	<lag>	linguistic	_	_	Begin=576.582
521-1	SPK4012	undefined	521	254	әә	әә	linguistic	_	_	_
521-2	SPK4012	undefined	521	254	<lag>	<lag>	linguistic	_	_	_
521-3	SPK4012	undefined	521	254	апарады	апарады	linguistic	_	_	End=578.512
522-0	SPK4012	undefined	522	255	<lag>	<lag>	linguistic	_	_	Begin=578.557
522-1	SPK4012	undefined	522	255	әә	әә	linguistic	_	_	_
522-2	SPK4012	undefined	522	255	<lag>	<lag>	linguistic	_	_	_
522-3	SPK4012	undefined	522	255	және	және	linguistic	_	_	_
522-4	SPK4012	undefined	522	255	де	де	linguistic	_	_	End=579.622
523-0	SPK4008	undefined	523	256	жүктейді	жүктейді	linguistic	_	_	Begin=578.997|End=579.827
524-0	SPK4012	undefined	524	255	жүктейді	жүктейді	linguistic	_	_	Begin=579.622|End=580.402
525-0	SPK4012	undefined	525	257	иә,	иә	linguistic	_	_	Begin=580.402
525-1	SPK4012	undefined	525	257	кешеріңіз	кешеріңіз	linguistic	_	_	End=581.682
526-0	SPK4012	undefined	526	258	және	және	linguistic	_	_	Begin=581.752
526-1	SPK4012	undefined	526	258	де	де	linguistic	_	_	End=582.342
527-0	SPK4012	undefined	527	258	біз	біз	linguistic	_	_	Begin=582.377
527-1	SPK4012	undefined	527	258	әр	әр	linguistic	_	_	_
527-2	SPK4012	undefined	527	258	документті	документті	linguistic	_	_	_
527-3	SPK4012	undefined	527	258	әр	әр	linguistic	_	_	_
527-4	SPK4012	undefined	527	258	жыл	жыл	linguistic	_	_	_
527-5	SPK4012	undefined	527	258	сайын	сайын	linguistic	_	_	End=584.467
528-0	SPK4012	undefined	528	258	<lag>	<lag>	linguistic	_	_	Begin=584.502
528-1	SPK4012	undefined	528	258	о	о	linguistic	_	_	_
528-2	SPK4012	undefined	528	258	<lag>	<lag>	linguistic	_	_	_
528-3	SPK4012	undefined	528	258	оларды	оларды	linguistic	_	_	End=585.662
529-0	SPK4012	undefined	529	258	оқимыз	оқимыз	linguistic	_	_	Begin=585.692
529-1	SPK4012	undefined	529	258	және	және	linguistic	_	_	_
529-2	SPK4012	undefined	529	258	де	де	linguistic	_	_	End=586.877
530-0	SPK4012	Interrupted	530	258	анализ	анализ	linguistic	_	_	Begin=586.877
530-1	SPK4012	Interrupted	530	258	жасай-	жасай-	linguistic	_	Interrupted=Yes	End=587.647
531-0	SPK4012	undefined	531	259	біз	біз	linguistic	_	_	Begin=587.682
531-1	SPK4012	undefined	531	259	қазір	қазір	linguistic	_	_	_
531-2	SPK4012	undefined	531	259	тек	тек	linguistic	_	_	_
531-3	SPK4012	undefined	531	259	қана	қана	linguistic	_	_	End=588.972
532-0	SPK4012	undefined	532	259	data	data	linguistic	_	_	Begin=589.007
532-1	SPK4012	undefined	532	259	collection	collection	linguistic	_	_	_
532-2	SPK4012	undefined	532	259	<lag>	<lag>	linguistic	_	_	_
532-3	SPK4012	undefined	532	259	әм	әм	linguistic	_	_	_
532-4	SPK4012	undefined	532	259	<lag>	<lag>	linguistic	_	_	End=590.387
533-0	SPK4012	undefined	533	259	процессінде	процессінде	linguistic	_	_	Begin=590.417|End=591.432
534-0	SPK4012	undefined	534	259	иә	иә	linguistic	_	_	Begin=591.432|End=591.972
535-0	SPK4008	Rising	535	260	қандай	қандай	linguistic	_	_	Begin=591.507
535-1	SPK4008	Rising	535	260	collection?	collection	linguistic	_	_	End=592.477
536-0	SPK4012	undefined	536	261	da-	da-	linguistic	_	Interrupted=Yes	Begin=592.472
536-1	SPK4012	undefined	536	261	data	data	linguistic	_	_	_
536-2	SPK4012	undefined	536	261	collection	collection	linguistic	_	_	End=593.762
537-0	SPK4008	undefined	537	262	ә	ә	linguistic	_	_	Begin=593.212|End=593.832
538-0	SPK4008	undefined	538	263	data	data	linguistic	_	_	Begin=593.832
538-1	SPK4008	undefined	538	263	collection	collection	linguistic	_	_	End=594.882
539-0	SPK4012	undefined	539	264	иә	иә	linguistic	_	_	Begin=594.877|End=595.267
540-0	SPK4012	undefined	540	265	сол	сол	linguistic	_	_	Begin=595.572
540-1	SPK4012	undefined	540	265	тек	тек	linguistic	_	_	_
540-2	SPK4012	undefined	540	265	қана	қана	linguistic	_	_	_
540-3	SPK4012	undefined	540	265	информацияны	информацияны	linguistic	_	_	End=597.482
541-0	SPK4012	undefined	541	265	<lag>	<lag>	linguistic	_	_	Begin=597.517
541-1	SPK4012	undefined	541	265	әм	әм	linguistic	_	_	_
541-2	SPK4012	undefined	541	265	<lag>	<lag>	linguistic	_	_	End=598.017
542-0	SPK4012	undefined	542	265	<lag>	<lag>	linguistic	_	_	Begin=598.417
542-1	SPK4012	undefined	542	265	әу	әу	linguistic	_	_	_
542-2	SPK4012	undefined	542	265	<lag>	<lag>	linguistic	_	_	End=599.377
543-0	SPK4012	undefined	543	265	информацияны	информацияны	linguistic	_	_	Begin=599.487
543-1	SPK4012	undefined	543	265	жинаймыз	жинаймыз	linguistic	_	_	End=601.557
544-0	SPK4012	undefined	544	267	сол	сол	linguistic	_	_	Begin=601.592|End=602.282
545-0	SPK4008	undefined	545	266	аха	аха	linguistic	_	_	Begin=601.592|End=602.282
546-0	SPK4012	undefined	546	268	иә,	иә	linguistic	_	_	Begin=602.417
546-1	SPK4012	undefined	546	268	жинаймыз	жинаймыз	linguistic	_	_	End=603.547
547-0	SPK4012	undefined	547	269	сол	сол	linguistic	_	_	Begin=603.632|End=604.172
548-0	SPK4012	undefined	548	270	тек	тек	linguistic	_	_	Begin=604.202
548-1	SPK4012	undefined	548	270	қана	қана	linguistic	_	_	_
548-2	SPK4012	undefined	548	270	бұлды	бұлды	linguistic	_	_	End=605.362
549-0	SPK4012	undefined	549	_	<lag>	<lag>	linguistic	_	_	Begin=605.412
549-1	SPK4012	undefined	549	_	әм	әм	linguistic	_	_	_
549-2	SPK4012	undefined	549	_	<lag>	<lag>	linguistic	_	_	End=606.042
550-0	SPK4008	Interrupted	550	271	зерт-	зерт-	linguistic	_	Interrupted=Yes	Begin=605.577|End=606.057
551-0	SPK4012	undefined	551	272	бірақ	бірақ	linguistic	_	_	Begin=606.067
551-1	SPK4012	undefined	551	272	бізде	бізде	linguistic	_	_	_
551-2	SPK4012	undefined	551	272	тағыда	тағыда	linguistic	_	_	_
551-3	SPK4012	undefined	551	272	бір	бір	linguistic	_	_	_
551-4	SPK4012	undefined	551	272	<lag>	<lag>	linguistic	_	_	_
551-5	SPK4012	undefined	551	272	әә	әә	linguistic	_	_	_
551-6	SPK4012	undefined	551	272	<lag>	<lag>	linguistic	_	_	End=607.547
552-0	SPK4012	undefined	552	272	теория	теория	linguistic	_	_	Begin=607.987
552-1	SPK4012	undefined	552	272	гипотеза	гипотеза	linguistic	_	_	_
552-2	SPK4012	undefined	552	272	бар	бар	linguistic	_	_	End=609.837
553-0	SPK4012	undefined	553	273	то	то	linguistic	_	_	Begin=609.872
553-1	SPK4012	undefined	553	273	есть	есть	linguistic	_	_	_
553-2	SPK4012	undefined	553	273	<lag>	<lag>	linguistic	_	_	_
553-3	SPK4012	undefined	553	273	әә	әә	linguistic	_	_	_
553-4	SPK4012	undefined	553	273	<lag>	<lag>	linguistic	_	_	End=610.632
554-0	SPK4012	undefined	554	273	и	и	linguistic	_	_	Begin=610.662
554-1	SPK4012	undefined	554	273	бірінші	бірінші	linguistic	_	_	End=611.762
555-0	SPK4012	undefined	555	273	бірінші	бірінші	linguistic	_	_	Begin=611.832
555-1	SPK4012	undefined	555	273	academic	academic	linguistic	_	_	_
555-2	SPK4012	undefined	555	273	paper	paper	linguistic	_	_	End=614.002
556-0	SPK4012	undefined	556	274	(TSK)	(TSK)	click	_	_	Begin=614.657
556-1	SPK4012	undefined	556	274	ол	ол	linguistic	_	_	_
556-2	SPK4012	undefined	556	274	жай	жай	linguistic	_	_	_
556-3	SPK4012	undefined	556	274	<lag>	<lag>	linguistic	_	_	_
556-4	SPK4012	undefined	556	274	әм	әм	linguistic	_	_	_
556-5	SPK4012	undefined	556	274	<lag>	<lag>	linguistic	_	_	End=615.847
557-0	SPK4012	undefined	557	274	description	description	linguistic	_	_	Begin=616.182
557-1	SPK4012	undefined	557	274	сияқты	сияқты	linguistic	_	_	End=617.622
558-0	SPK4008	Rising	558	275	мазмұн,	мазмұн	linguistic	_	_	Begin=617.672
558-1	SPK4008	Rising	558	275	иә?	иә	linguistic	_	_	End=618.812
559-0	SPK4012	undefined	559	276	иә,	иә	linguistic	_	_	Begin=618.642
559-1	SPK4012	undefined	559	276	ол	ол	linguistic	_	_	_
559-2	SPK4012	undefined	559	276	мазмұн	мазмұн	linguistic	_	_	_
559-3	SPK4012	undefined	559	276	сияқты	сияқты	linguistic	_	_	End=620.232
560-0	SPK4012	undefined	560	277	<lag>	<lag>	linguistic	_	_	Begin=620.287
560-1	SPK4012	undefined	560	277	әә	әә	linguistic	_	_	_
560-2	SPK4012	undefined	560	277	<lag>	<lag>	linguistic	_	_	_
560-3	SPK4012	undefined	560	277	осы	осы	linguistic	_	_	_
560-4	SPK4012	undefined	560	277	компаниялар	компаниялар	linguistic	_	_	End=621.837
561-0	SPK4012	undefined	561	277	<lag>	<lag>	linguistic	_	_	Begin=621.852
561-1	SPK4012	undefined	561	277	әм	әм	linguistic	_	_	_
561-2	SPK4012	undefined	561	277	<lag>	<lag>	linguistic	_	_	End=622.512
562-0	SPK4012	undefined	562	277	<lag>	<lag>	linguistic	_	_	Begin=622.642
562-1	SPK4012	undefined	562	277	әә	әә	linguistic	_	_	_
562-2	SPK4012	undefined	562	277	<lag>	<lag>	linguistic	_	_	End=623.412
563-0	SPK4012	undefined	563	277	қалай	қалай	linguistic	_	_	Begin=623.497
563-1	SPK4012	undefined	563	277	табиғатқа	табиғатқа	linguistic	_	_	_
563-2	SPK4012	undefined	563	277	әсер	әсер	linguistic	_	_	_
563-3	SPK4012	undefined	563	277	етеді	етеді	linguistic	_	_	End=625.017
564-0	SPK4012	undefined	564	278	қалай	қалай	linguistic	_	_	Begin=625.057
564-1	SPK4012	undefined	564	278	олар	олар	linguistic	_	_	_
564-2	SPK4012	undefined	564	278	соны	соны	linguistic	_	_	_
564-3	SPK4012	undefined	564	278	жасады	жасады	linguistic	_	_	End=626.617
565-0	SPK4012	undefined	565	279	қандай	қандай	linguistic	_	_	Begin=626.647
565-1	SPK4012	undefined	565	279	олардың	олардың	linguistic	_	_	_
565-2	SPK4012	undefined	565	279	документтері	документтері	linguistic	_	_	End=628.337
566-0	SPK4012	undefined	566	280	документтерде	документтерде	linguistic	_	_	Begin=628.362
566-1	SPK4012	undefined	566	280	не	не	linguistic	_	_	_
566-2	SPK4012	undefined	566	280	бар	бар	linguistic	_	_	End=629.582
567-0	SPK4012	undefined	567	281	қай	қай	linguistic	_	_	Begin=629.622
567-1	SPK4012	undefined	567	281	тілінде	тілінде	linguistic	_	_	End=630.562
568-0	SPK4012	undefined	568	282	қай	қай	linguistic	_	_	Begin=630.582
568-1	SPK4012	undefined	568	282	жылдарда	жылдарда	linguistic	_	_	End=631.512
569-0	SPK4012	undefined	569	283	қанша	қанша	linguistic	_	_	Begin=631.757|End=632.587
570-0	SPK4012	undefined	570	284	бір	бір	linguistic	_	_	Begin=632.632
570-1	SPK4012	undefined	570	284	жылына	жылына	linguistic	_	_	_
570-2	SPK4012	undefined	570	284	қанша	қанша	linguistic	_	_	_
570-3	SPK4012	undefined	570	284	рет	рет	linguistic	_	_	_
570-4	SPK4012	undefined	570	284	олар	олар	linguistic	_	_	End=634.112
571-0	SPK4012	undefined	571	284	ола-	ола-	linguistic	_	Interrupted=Yes	Begin=634.142
571-1	SPK4012	undefined	571	284	<lag>	<lag>	linguistic	_	_	_
571-2	SPK4012	undefined	571	284	о	о	linguistic	_	_	_
571-3	SPK4012	undefined	571	284	<lag>	<lag>	linguistic	_	_	End=634.882
572-0	SPK4012	undefined	572	284	документтерді	документтерді	linguistic	_	_	Begin=634.912
572-1	SPK4012	undefined	572	284	жүктейді	жүктейді	linguistic	_	_	End=636.572
573-0	SPK4012	undefined	573	285	<lag>	<lag>	linguistic	_	_	Begin=636.752
573-1	SPK4012	undefined	573	285	ә	ә	linguistic	_	_	_
573-2	SPK4012	undefined	573	285	<lag>	<lag>	linguistic	_	_	_
573-3	SPK4012	undefined	573	285	және	және	linguistic	_	_	_
573-4	SPK4012	undefined	573	285	тағыда	тағыда	linguistic	_	_	_
573-5	SPK4012	undefined	573	285	басқа	басқа	linguistic	_	_	_
573-6	SPK4012	undefined	573	285	бірінші	бірінші	linguistic	_	_	_
573-7	SPK4012	undefined	573	285	пейпер	пейпер	linguistic	_	_	_
573-8	SPK4012	undefined	573	285	ол	ол	linguistic	_	_	_
573-9	SPK4012	undefined	573	285	жай	жай	linguistic	_	_	End=639.352
574-0	SPK4012	undefined	574	285	<lag>	<lag>	linguistic	_	_	Begin=639.392
574-1	SPK4012	undefined	574	285	әә	әә	linguistic	_	_	_
574-2	SPK4012	undefined	574	285	<lag>	<lag>	linguistic	_	_	End=639.932
575-0	SPK4012	undefined	575	285	мазмұны	мазмұны	linguistic	_	_	Begin=639.982
575-1	SPK4012	undefined	575	285	сияқты	сияқты	linguistic	_	_	End=641.042
576-0	SPK4012	undefined	576	286	бірақ	бірақ	linguistic	_	_	Begin=641.072
576-1	SPK4012	undefined	576	286	екінші	екінші	linguistic	_	_	_
576-2	SPK4012	undefined	576	286	ол	ол	linguistic	_	_	_
576-3	SPK4012	undefined	576	286	әрі	әрі	linguistic	_	_	_
576-4	SPK4012	undefined	576	286	<lag>	<lag>	linguistic	_	_	_
576-5	SPK4012	undefined	576	286	әә	әә	linguistic	_	_	_
576-6	SPK4012	undefined	576	286	<lag>	<lag>	linguistic	_	_	End=643.042
577-0	SPK4012	undefined	577	286	теориясында	теориясында	linguistic	_	_	Begin=643.167
577-1	SPK4012	undefined	577	286	және	және	linguistic	_	_	_
577-2	SPK4012	undefined	577	286	жоб-	жоб-	linguistic	_	Interrupted=Yes	_
577-3	SPK4012	undefined	577	286	<lag>	<lag>	linguistic	_	_	_
577-4	SPK4012	undefined	577	286	әм	әм	linguistic	_	_	_
577-5	SPK4012	undefined	577	286	<lag>	<lag>	linguistic	_	_	End=645.582
578-0	SPK4012	Rising	578	286	жобада?	жобада	linguistic	_	_	Begin=645.582|End=646.502
579-0	SPK4008	undefined	579	287	мхм	мхм	linguistic	_	_	Begin=646.402|End=647.122
580-0	SPK4012	undefined	580	288	ол	ол	linguistic	_	_	Begin=647.822
580-1	SPK4012	undefined	580	288	<lag>	<lag>	linguistic	_	_	_
580-2	SPK4012	undefined	580	288	әм	әм	linguistic	_	_	_
580-3	SPK4012	undefined	580	288	<lag>	<lag>	linguistic	_	_	End=648.722
581-0	SPK4012	undefined	581	288	басқа	басқа	linguistic	_	_	Begin=648.732
581-1	SPK4012	undefined	581	288	бір	бір	linguistic	_	_	_
581-2	SPK4012	undefined	581	288	университетпен	университетпен	linguistic	_	_	End=650.122
582-0	SPK4012	undefined	582	289	НарХоз	НарХоз	linguistic	_	_	Begin=650.137
582-1	SPK4012	undefined	582	289	ба	ба	linguistic	_	_	End=650.957
583-0	SPK4012	undefined	583	289	анда	анда	linguistic	_	_	Begin=650.957
583-1	SPK4012	undefined	583	289	<lag>	<lag>	linguistic	_	_	_
583-2	SPK4012	undefined	583	289	аа	аа	linguistic	_	_	_
583-3	SPK4012	undefined	583	289	<lag>	<lag>	linguistic	_	_	End=651.897
584-0	SPK4012	undefined	584	290	Алматыда	Алматыда	linguistic	_	_	Begin=651.907
584-1	SPK4012	undefined	584	290	бір	бір	linguistic	_	_	_
584-2	SPK4012	undefined	584	290	университет	университет	linguistic	_	_	_
584-3	SPK4012	undefined	584	290	бар	бар	linguistic	_	_	End=653.637
585-0	SPK4012	undefined	585	290	анау	анау	linguistic	_	_	Begin=653.652|End=654.012
586-0	SPK4012	undefined	586	291	тағыда	тағыда	linguistic	_	_	Begin=654.022
586-1	SPK4012	undefined	586	291	сосын	сосын	linguistic	_	_	_
586-2	SPK4012	undefined	586	291	<lag>	<lag>	linguistic	_	_	_
586-3	SPK4012	undefined	586	291	әә	әә	linguistic	_	_	_
586-4	SPK4012	undefined	586	291	<lag>	<lag>	linguistic	_	_	End=655.622
587-0	SPK4012	undefined	587	292	бірнеше	бірнеше	linguistic	_	_	Begin=656.002
587-1	SPK4012	undefined	587	292	професорлар	професорлар	linguistic	_	_	_
587-2	SPK4012	undefined	587	292	бар	бар	linguistic	_	_	_
587-3	SPK4012	undefined	587	292	<lag>	<lag>	linguistic	_	_	_
587-4	SPK4012	undefined	587	292	ээ	ээ	linguistic	_	_	_
587-5	SPK4012	undefined	587	292	<lag>	<lag>	linguistic	_	_	End=658.282
588-0	SPK4012	undefined	588	293	біз-	біз-	linguistic	_	Interrupted=Yes	Begin=658.802
588-1	SPK4012	undefined	588	293	біздің	біздің	linguistic	_	_	_
588-2	SPK4012	undefined	588	293	<lag>	<lag>	linguistic	_	_	_
588-3	SPK4012	undefined	588	293	э	э	linguistic	_	_	_
588-4	SPK4012	undefined	588	293	<lag>	<lag>	linguistic	_	_	End=660.312
589-0	SPK4012	undefined	589	293	проектпен	проектпен	linguistic	_	_	Begin=660.527
589-1	SPK4012	undefined	589	293	бірге	бірге	linguistic	_	_	_
589-2	SPK4012	undefined	589	293	жұ-	жұ-	linguistic	_	Interrupted=Yes	_
589-3	SPK4012	undefined	589	293	жұмыс	жұмыс	linguistic	_	_	_
589-4	SPK4012	undefined	589	293	жасайтын	жасайтын	linguistic	_	_	End=663.587
590-0	SPK4012	undefined	590	294	иә	иә	linguistic	_	_	Begin=663.657|End=664.167
591-0	SPK4012	undefined	591	295	сонда	сонда	linguistic	_	_	Begin=664.202
591-1	SPK4012	undefined	591	295	бір	бір	linguistic	_	_	_
591-2	SPK4012	undefined	591	295	теориясы	теориясы	linguistic	_	_	_
591-3	SPK4012	undefined	591	295	бар	бар	linguistic	_	_	_
591-4	SPK4012	undefined	591	295	<lag>	<lag>	linguistic	_	_	_
591-5	SPK4012	undefined	591	295	ээ	ээ	linguistic	_	_	_
591-6	SPK4012	undefined	591	295	<lag>	<lag>	linguistic	_	_	End=666.512
592-0	SPK4012	undefined	592	296	материализм	материализм	linguistic	_	_	Begin=666.537
592-1	SPK4012	undefined	592	296	және	және	linguistic	_	_	_
592-2	SPK4012	undefined	592	296	постматериализм	постматериализм	linguistic	_	_	End=669.077
593-0	SPK4012	undefined	593	297	сол	сол	linguistic	_	_	Begin=669.117
593-1	SPK4012	undefined	593	297	<lag>	<lag>	linguistic	_	_	_
593-2	SPK4012	undefined	593	297	әм	әм	linguistic	_	_	_
593-3	SPK4012	undefined	593	297	<lag>	<lag>	linguistic	_	_	End=670.107
594-0	SPK4008	undefined	594	298	мхм	мхм	linguistic	_	_	Begin=669.292|End=669.862
595-0	SPK4012	undefined	595	299	именно	именно	linguistic	_	_	Begin=670.677
595-1	SPK4012	undefined	595	299	<lag>	<lag>	linguistic	_	_	_
595-2	SPK4012	undefined	595	299	әм	әм	linguistic	_	_	_
595-3	SPK4012	undefined	595	299	<lag>	<lag>	linguistic	_	_	End=672.097
596-0	SPK4012	undefined	596	299	бұл	бұл	linguistic	_	_	Begin=672.257
596-1	SPK4012	undefined	596	299	<lag>	<lag>	linguistic	_	_	_
596-2	SPK4012	undefined	596	299	әм	әм	linguistic	_	_	_
596-3	SPK4012	undefined	596	299	<lag>	<lag>	linguistic	_	_	End=672.917
597-0	SPK4012	undefined	597	299	осы	осы	linguistic	_	_	Begin=672.967|End=673.657
598-0	SPK4012	undefined	598	299	он	он	linguistic	_	_	Begin=674.222
598-1	SPK4012	undefined	598	299	жыл	жыл	linguistic	_	_	End=675.302
599-0	SPK4012	undefined	599	299	кезінде	кезінде	linguistic	_	_	Begin=675.352|End=676.122
600-0	SPK4012	undefined	600	299	қалай	қалай	linguistic	_	_	Begin=676.167|End=676.847
601-0	SPK4012	undefined	601	299	компаниялар	компаниялар	linguistic	_	_	Begin=676.877|End=677.857
602-0	SPK4012	undefined	602	299	именно	именно	linguistic	_	_	Begin=677.867
602-1	SPK4012	undefined	602	299	біздің	біздің	linguistic	_	_	_
602-2	SPK4012	undefined	602	299	қазақ	қазақ	linguistic	_	_	_
602-3	SPK4012	undefined	602	299	компаниялар	компаниялар	linguistic	_	_	_
602-4	SPK4012	undefined	602	299	<lag>	<lag>	linguistic	_	_	_
602-5	SPK4012	undefined	602	299	әм	әм	linguistic	_	_	_
602-6	SPK4012	undefined	602	299	<lag>	<lag>	linguistic	_	_	End=679.917
603-0	SPK4012	undefined	603	299	нефтяные	нефтяные	linguistic	_	_	Begin=679.932
603-1	SPK4012	undefined	603	299	компании	компании	linguistic	_	_	_
603-2	SPK4012	undefined	603	299	а	а	linguistic	_	_	End=681.152
604-0	SPK4012	undefined	604	299	қалай	қалай	linguistic	_	_	Begin=681.182
604-1	SPK4012	undefined	604	299	олар	олар	linguistic	_	_	End=682.402
605-0	SPK4012	undefined	605	299	осы	осы	linguistic	_	_	Begin=682.442
605-1	SPK4012	undefined	605	299	документтерді	документтерді	linguistic	_	_	End=684.492
606-0	SPK4012	undefined	606	299	как	как	linguistic	_	_	Begin=684.527
606-1	SPK4012	undefined	606	299	сказать	сказать	linguistic	_	_	_
606-2	SPK4012	undefined	606	299	<lag>	<lag>	linguistic	_	_	_
606-3	SPK4012	undefined	606	299	әм	әм	linguistic	_	_	_
606-4	SPK4012	undefined	606	299	<lag>	<lag>	linguistic	_	_	End=685.667
607-0	SPK4008	undefined	607	300	мхм	мхм	linguistic	_	_	Begin=685.547|End=686.137
608-0	SPK4012	undefined	608	299	маз-	маз-	linguistic	_	Interrupted=Yes	Begin=686.042
608-1	SPK4012	undefined	608	299	олардың	олардың	linguistic	_	_	_
608-2	SPK4012	undefined	608	299	мазмұны	мазмұны	linguistic	_	_	_
608-3	SPK4012	undefined	608	299	өзгерді	өзгерді	linguistic	_	_	_
608-4	SPK4012	undefined	608	299	ма	ма	linguistic	_	_	End=688.072
609-0	SPK4008	undefined	609	301	аа	аа	linguistic	_	_	Begin=688.077|End=688.937
610-0	SPK4008	Interrupted	610	302	сен-	сен-	linguistic	_	Interrupted=Yes	Begin=690.31|End=690.83
611-0	SPK4008	undefined	611	303	мхм	мхм	linguistic	_	_	Begin=694.43|End=695.31
612-0	SPK4009	undefined	612	_	жоқ	жоқ	linguistic	_	_	Begin=696.46
612-1	SPK4009	undefined	612	_	мен	мен	linguistic	_	_	_
612-2	SPK4009	undefined	612	_	шаршамадым	шаршамадым	linguistic	_	_	End=698.03
613-0	SPK4008	undefined	613	304	а,	а	linguistic	_	_	Begin=697.925
613-1	SPK4008	undefined	613	304	болды	болды	linguistic	_	_	End=698.685
614-0	SPK4012	undefined	614	305	мен	мен	linguistic	_	_	Begin=698.305
614-1	SPK4012	undefined	614	305	шаршаған	шаршаған	linguistic	_	_	_
614-2	SPK4012	undefined	614	305	жоқпын	жоқпын	linguistic	_	_	End=699.575
615-0	SPK4009	Rising	615	306	сонымен,	сонымен	linguistic	_	_	Begin=699.54
615-1	SPK4009	Rising	615	306	кімнің	кімнің	linguistic	_	_	_
615-2	SPK4009	Rising	615	306	қандай	қандай	linguistic	_	_	_
615-3	SPK4009	Rising	615	306	сүйікті	сүйікті	linguistic	_	_	_
615-4	SPK4009	Rising	615	306	зерттеуі	зерттеуі	linguistic	_	_	_
615-5	SPK4009	Rising	615	306	бар?	бар	linguistic	_	_	End=701.7
616-0	SPK4008	undefined	616	307	қазір	қазір	linguistic	_	_	Begin=701.59
616-1	SPK4008	undefined	616	307	мен	мен	linguistic	_	_	_
616-2	SPK4008	undefined	616	307	бір	бір	linguistic	_	_	_
616-3	SPK4008	undefined	616	307	сұрақ	сұрақ	linguistic	_	_	_
616-4	SPK4008	undefined	616	307	кояйыншы	кояйыншы	linguistic	_	_	End=703.37
617-0	SPK4008	undefined	617	_	<lag>	<lag>	linguistic	_	_	Begin=703.4
617-1	SPK4008	undefined	617	_	әә	әә	linguistic	_	_	_
617-2	SPK4008	undefined	617	_	<lag>	<lag>	linguistic	_	_	End=703.955
618-0	SPK4008	Rising	618	308	сендер	сендер	linguistic	_	_	Begin=703.955
618-1	SPK4008	Rising	618	308	үш	үш	linguistic	_	_	_
618-2	SPK4008	Rising	618	308	жыл	жыл	linguistic	_	_	_
618-3	SPK4008	Rising	618	308	жазасыңдар	жазасыңдар	linguistic	_	_	_
618-4	SPK4008	Rising	618	308	бұл	бұл	linguistic	_	_	_
618-5	SPK4008	Rising	618	308	жобаны?	жобаны	linguistic	_	_	End=705.815
619-0	SPK4012	undefined	619	309	<lag>	<lag>	linguistic	_	_	Begin=705.575
619-1	SPK4012	undefined	619	309	әә	әә	linguistic	_	_	_
619-2	SPK4012	undefined	619	309	<lag>,	<lag>	linguistic	_	_	_
619-3	SPK4012	undefined	619	309	білмеймін	білмеймін	linguistic	_	_	End=707.045
620-0	SPK4012	undefined	620	310	бірақ,	бірақ	linguistic	_	_	Begin=707.045
620-1	SPK4012	undefined	620	310	<lag>	<lag>	linguistic	_	_	_
620-2	SPK4012	undefined	620	310	әә	әә	linguistic	_	_	_
620-3	SPK4012	undefined	620	310	<lag>	<lag>	linguistic	_	_	End=707.895
621-0	SPK4008	Rising	621	311	жұмыстан	жұмыстан	linguistic	_	_	Begin=707.85
621-1	SPK4008	Rising	621	311	қанша	қанша	linguistic	_	_	_
621-2	SPK4008	Rising	621	311	пайыз	пайыз	linguistic	_	_	_
621-3	SPK4008	Rising	621	311	орындалды?	орындалды	linguistic	_	_	End=709.57
622-0	SPK4012	undefined	622	_	<lag>	<lag>	linguistic	_	_	Begin=710.54
622-1	SPK4012	undefined	622	_	әм	әм	linguistic	_	_	_
622-2	SPK4012	undefined	622	_	<lag>	<lag>	linguistic	_	_	End=711.45
623-0	SPK4012	undefined	623	312	бірінші	бірінші	linguistic	_	_	Begin=711.515
623-1	SPK4012	undefined	623	312	пейперға	пейперға	linguistic	_	_	_
623-2	SPK4012	undefined	623	312	<lag>	<lag>	linguistic	_	_	_
623-3	SPK4012	undefined	623	312	әм	әм	linguistic	_	_	_
623-4	SPK4012	undefined	623	312	<lag>	<lag>	linguistic	_	_	End=713.085
624-0	SPK4012	undefined	624	312	жетпіз	жетпіз	linguistic	_	_	Begin=713.9
624-1	SPK4012	undefined	624	312	пайыз	пайыз	linguistic	_	_	_
624-2	SPK4012	undefined	624	312	#	#	unknown	_	_	End=715.8
625-0	SPK4008	undefined	625	313	әә	әә	linguistic	_	_	Begin=715.8|End=716.45
626-0	SPK4008	Interrupted	626	313	ә-	ә-	linguistic	_	Interrupted=Yes	Begin=716.475|End=716.915
627-0	SPK4008	undefined	627	314	бірінші	бірінші	linguistic	_	_	Begin=716.945
627-1	SPK4008	undefined	627	314	пейпер	пейпер	linguistic	_	_	_
627-2	SPK4008	undefined	627	314	әлі	әлі	linguistic	_	_	_
627-3	SPK4008	undefined	627	314	біткен	біткен	linguistic	_	_	_
627-4	SPK4008	undefined	627	314	жоқ,	жоқ	linguistic	_	_	_
627-5	SPK4008	undefined	627	314	иә	иә	linguistic	_	_	End=718.285
628-0	SPK4012	undefined	628	315	иә,	иә	linguistic	_	_	Begin=718.235
628-1	SPK4012	undefined	628	315	біткен	біткен	linguistic	_	_	_
628-2	SPK4012	undefined	628	315	жоқ	жоқ	linguistic	_	_	End=719.225
629-0	SPK4012	undefined	629	316	өйткені	өйткені	linguistic	_	_	Begin=719.25|End=719.9
630-0	SPK4012	undefined	630	316	бізге	бізге	linguistic	_	_	Begin=719.925|End=720.635
631-0	SPK4012	undefined	631	316	тағыда	тағыда	linguistic	_	_	Begin=720.67
631-1	SPK4012	undefined	631	316	бір	бір	linguistic	_	_	_
631-2	SPK4012	undefined	631	316	research	research	linguistic	_	_	_
631-3	SPK4012	undefined	631	316	assistant	assistant	linguistic	_	_	_
631-4	SPK4012	undefined	631	316	керек,	керек	linguistic	_	_	_
631-5	SPK4012	undefined	631	316	бұл	бұл	linguistic	_	_	End=723.08
632-0	SPK4012	undefined	632	317	қазір	қазір	linguistic	_	_	Begin=723.095
632-1	SPK4012	undefined	632	317	<lag>	<lag>	linguistic	_	_	_
632-2	SPK4012	undefined	632	317	әә	әә	linguistic	_	_	_
632-3	SPK4012	undefined	632	317	<lag>	<lag>	linguistic	_	_	End=723.905
633-0	SPK4012	undefined	633	317	білмеймін,	білмеймін	linguistic	_	_	Begin=723.93
633-1	SPK4012	undefined	633	317	¬Эрика	Эрика	linguistic	_	Anonymized=Yes	_
633-2	SPK4012	undefined	633	317	айтты	айтты	linguistic	_	_	_
633-3	SPK4012	undefined	633	317	что	что	linguistic	_	_	_
633-4	SPK4012	undefined	633	317	тапты	тапты	linguistic	_	_	End=725.75
634-0	SPK4008	undefined	634	318	мхм	мхм	linguistic	_	_	Begin=725.69|End=726.3
635-0	SPK4012	undefined	635	317	<lag>	<lag>	linguistic	_	_	Begin=725.975
635-1	SPK4012	undefined	635	317	әм	әм	linguistic	_	_	_
635-2	SPK4012	undefined	635	317	<lag>	<lag>	linguistic	_	_	End=726.605
636-0	SPK4012	undefined	636	317	та-	та-	linguistic	_	Interrupted=Yes	Begin=726.64
636-1	SPK4012	undefined	636	317	тапқан	тапқан	linguistic	_	_	_
636-2	SPK4012	undefined	636	317	шығар	шығар	linguistic	_	_	End=727.69
637-0	SPK4012	undefined	637	319	мысалы	мысалы	linguistic	_	_	Begin=727.715|End=728.245
638-0	SPK4012	undefined	638	319	өйткені	өйткені	linguistic	_	_	Begin=728.27
638-1	SPK4012	undefined	638	319	анда	анда	linguistic	_	_	_
638-2	SPK4012	undefined	638	319	өте	өте	linguistic	_	_	End=729.67
639-0	SPK4012	undefined	639	319	көп	көп	linguistic	_	_	Begin=729.69
639-1	SPK4012	undefined	639	319	жұмыс	жұмыс	linguistic	_	_	_
639-2	SPK4012	undefined	639	319	істеу	істеу	linguistic	_	_	_
639-3	SPK4012	undefined	639	319	керек	керек	linguistic	_	_	End=731.16
640-0	SPK4008	undefined	640	320	әәә	әәә	linguistic	_	_	Begin=731.175|End=732.065
641-0	SPK4012	undefined	641	321	и	и	linguistic	_	_	Begin=731.21
641-1	SPK4012	undefined	641	321	осы	осы	linguistic	_	_	_
641-2	SPK4012	undefined	641	321	семестрі	семестрі	linguistic	_	_	_
641-3	SPK4012	undefined	641	321	келгеннен	келгеннен	linguistic	_	_	_
641-4	SPK4012	undefined	641	321	соң	соң	linguistic	_	_	End=733.665
642-0	SPK4012	undefined	642	321	келген	келген	linguistic	_	_	Begin=733.665
642-1	SPK4012	undefined	642	321	соң	соң	linguistic	_	_	End=734.39
643-0	SPK4012	undefined	643	321	бізге	бізге	linguistic	_	_	Begin=734.39
643-1	SPK4012	undefined	643	321	тағы	тағы	linguistic	_	_	_
643-2	SPK4012	undefined	643	321	бір	бір	linguistic	_	_	_
643-3	SPK4012	undefined	643	321	адам	адам	linguistic	_	_	_
643-4	SPK4012	undefined	643	321	келеді	келеді	linguistic	_	_	End=736.29
644-0	SPK4008	undefined	644	322	ал	ал	linguistic	_	_	Begin=736.21
644-1	SPK4008	undefined	644	322	сендер	сендер	linguistic	_	_	End=736.93
645-0	SPK4008	Interrupted	645	322	сен-	сен-	linguistic	_	Interrupted=Yes	Begin=736.97|End=737.55
646-0	SPK4008	undefined	646	322	сендер	сендер	linguistic	_	_	Begin=737.55
646-1	SPK4008	undefined	646	322	осы	осы	linguistic	_	_	End=738.16
647-0	SPK4008	undefined	647	322	data	data	linguistic	_	_	Begin=738.195
647-1	SPK4008	undefined	647	322	collection	collection	linguistic	_	_	_
647-2	SPK4008	undefined	647	322	жасағанда	жасағанда	linguistic	_	_	End=739.715
648-0	SPK4008	Rising	648	322	сендер	сендер	linguistic	_	_	Begin=739.755
648-1	SPK4008	Rising	648	322	де	де	linguistic	_	_	_
648-2	SPK4008	Rising	648	322	осылай	осылай	linguistic	_	_	_
648-3	SPK4008	Rising	648	322	интервью	интервью	linguistic	_	_	_
648-4	SPK4008	Rising	648	322	жасадыңдар	жасадыңдар	linguistic	_	_	_
648-5	SPK4008	Rising	648	322	ма?	ма	linguistic	_	_	End=741.815
649-0	SPK4012	undefined	649	323	<lag>	<lag>	linguistic	_	_	Begin=741.795
649-1	SPK4012	undefined	649	323	әм	әм	linguistic	_	_	_
649-2	SPK4012	undefined	649	323	<lag>,	<lag>	linguistic	_	_	_
649-3	SPK4012	undefined	649	323	біз	біз	linguistic	_	_	_
649-4	SPK4012	undefined	649	323	жасаймыз	жасаймыз	linguistic	_	_	End=743.535
650-0	SPK4008	Rising	650	324	жүргізіле	жүргізіле	linguistic	_	_	Begin=742.025
650-1	SPK4008	Rising	650	324	ма?	ма	linguistic	_	_	End=743.115
651-0	SPK4008	Rising	651	325	енді	енді	linguistic	_	_	Begin=743.15
651-1	SPK4008	Rising	651	325	жасайсың	жасайсың	linguistic	_	_	_
651-2	SPK4008	Rising	651	325	ба?	ба	linguistic	_	_	End=744.32
652-0	SPK4012	undefined	652	326	иә	иә	linguistic	_	_	Begin=743.965|End=744.555
653-0	SPK4012	Interrupted	653	327	өйткені	өйткені	linguistic	_	_	Begin=744.59
653-1	SPK4012	Interrupted	653	327	біз-	біз-	linguistic	_	Interrupted=Yes	End=745.31
654-0	SPK4012	undefined	654	327	бізге	бізге	linguistic	_	_	Begin=745.35
654-1	SPK4012	undefined	654	327	бірінші	бірінші	linguistic	_	_	End=746.47
655-0	SPK4012	undefined	655	327	барлық	барлық	linguistic	_	_	Begin=746.5
655-1	SPK4012	undefined	655	327	информацияны	информацияны	linguistic	_	_	_
655-2	SPK4012	undefined	655	327	алу	алу	linguistic	_	_	_
655-3	SPK4012	undefined	655	327	керек	керек	linguistic	_	_	End=748.55
656-0	SPK4012	undefined	656	328	#	#	unknown	_	_	Begin=748.585
656-1	SPK4012	undefined	656	328	қандай	қандай	linguistic	_	_	_
656-2	SPK4012	undefined	656	328	сұрақтары	сұрақтары	linguistic	_	_	_
656-3	SPK4012	undefined	656	328	<lag>	<lag>	linguistic	_	_	_
656-4	SPK4012	undefined	656	328	әә	әә	linguistic	_	_	_
656-5	SPK4012	undefined	656	328	<lag>	<lag>	linguistic	_	_	End=750.035
657-0	SPK4008	Interrupted	657	329	ал	ал	linguistic	_	_	Begin=748.91
657-1	SPK4008	Interrupted	657	329	сендер-	сендер-	linguistic	_	Interrupted=Yes	End=749.71
658-0	SPK4012	undefined	658	330	қандай	қандай	linguistic	_	_	Begin=750.17
658-1	SPK4012	undefined	658	330	сұрақтар	сұрақтар	linguistic	_	_	_
658-2	SPK4012	undefined	658	330	қою	қою	linguistic	_	_	_
658-3	SPK4012	undefined	658	330	керек	керек	linguistic	_	_	End=751.92
659-0	SPK4012	undefined	659	331	және	және	linguistic	_	_	Begin=751.965
659-1	SPK4012	undefined	659	331	тағы	тағы	linguistic	_	_	_
659-2	SPK4012	undefined	659	331	басқа	басқа	linguistic	_	_	End=752.865
660-0	SPK4008	undefined	660	332	әә	әә	linguistic	_	_	Begin=752.265|End=753.015
661-0	SPK4008	Rising	661	333	компанияларға	компанияларға	linguistic	_	_	Begin=753.03
661-1	SPK4008	Rising	661	333	барасыңдар?	барасыңдар	linguistic	_	_	End=754.6
662-0	SPK4012	undefined	662	334	иә	иә	linguistic	_	_	Begin=754.345|End=754.765
663-0	SPK4012	undefined	663	335	<lag>	<lag>	linguistic	_	_	Begin=755.425
663-1	SPK4012	undefined	663	335	әә	әә	linguistic	_	_	_
663-2	SPK4012	undefined	663	335	<lag>	<lag>	linguistic	_	_	End=755.805
664-0	SPK4012	undefined	664	335	біз	біз	linguistic	_	_	Begin=755.845
664-1	SPK4012	undefined	664	335	емес,	емес	linguistic	_	_	_
664-2	SPK4012	undefined	664	335	бірақ	бірақ	linguistic	_	_	_
664-3	SPK4012	undefined	664	335	<lag>	<lag>	linguistic	_	_	_
664-4	SPK4012	undefined	664	335	әә	әә	linguistic	_	_	_
664-5	SPK4012	undefined	664	335	<lag>	<lag>	linguistic	_	_	End=756.765
665-0	SPK4012	undefined	665	335	¬Эрика	Эрика	linguistic	_	Anonymized=Yes	Begin=756.795
665-1	SPK4012	undefined	665	335	және	және	linguistic	_	_	_
665-2	SPK4012	undefined	665	335	тағыда	тағыда	linguistic	_	_	_
665-3	SPK4012	undefined	665	335	басқа,	басқа	linguistic	_	_	_
665-4	SPK4012	undefined	665	335	анда	анда	linguistic	_	_	_
665-5	SPK4012	undefined	665	335	басқа	басқа	linguistic	_	_	_
665-6	SPK4012	undefined	665	335	профессорлар	профессорлар	linguistic	_	_	_
665-7	SPK4012	undefined	665	335	бар	бар	linguistic	_	_	End=760.835
666-0	SPK4008	undefined	666	336	әәә	әәә	linguistic	_	_	Begin=760.735|End=761.575
667-0	SPK4012	undefined	667	337	иә	иә	linguistic	_	_	Begin=760.965|End=761.445
668-0	SPK4012	undefined	668	338	біз	біз	linguistic	_	_	Begin=761.485
668-1	SPK4012	undefined	668	338	Қазақстанда	Қазақстанда	linguistic	_	_	End=762.755
669-0	SPK4008	Rising	669	339	бірақ	бірақ	linguistic	_	_	Begin=762.69
669-1	SPK4008	Rising	669	339	сендер	сендер	linguistic	_	_	_
669-2	SPK4008	Rising	669	339	қатыспайсыңдар?	қатыспайсыңдар	linguistic	_	_	End=764.01
670-0	SPK4012	undefined	670	_	###	###	unknown	_	_	Begin=762.9|End=763.46
671-0	SPK4012	undefined	671	340	біз,	біз	linguistic	_	_	Begin=764.04
671-1	SPK4012	undefined	671	340	<lag>	<lag>	linguistic	_	_	_
671-2	SPK4012	undefined	671	340	әәә	әәә	linguistic	_	_	_
671-3	SPK4012	undefined	671	340	<lag>	<lag>	linguistic	_	_	End=765.17
672-0	SPK4012	undefined	672	340	ол	ол	linguistic	_	_	Begin=765.205
672-1	SPK4012	undefined	672	340	әлі	әлі	linguistic	_	_	_
672-2	SPK4012	undefined	672	340	айтқан	айтқан	linguistic	_	_	_
672-3	SPK4012	undefined	672	340	жоқ	жоқ	linguistic	_	_	End=766.655
673-0	SPK4012	undefined	673	340	бірақ	бірақ	linguistic	_	_	Begin=766.68
673-1	SPK4012	undefined	673	340	ол	ол	linguistic	_	_	_
673-2	SPK4012	undefined	673	340	айтты	айтты	linguistic	_	_	End=767.67
674-0	SPK4012	undefined	674	340	что	что	linguistic	_	_	Begin=767.67
674-1	SPK4012	undefined	674	340	біз	біз	linguistic	_	_	_
674-2	SPK4012	undefined	674	340	<lag>	<lag>	linguistic	_	_	_
674-3	SPK4012	undefined	674	340	әм	әм	linguistic	_	_	_
674-4	SPK4012	undefined	674	340	<lag>	<lag>	linguistic	_	_	End=769.44
675-0	SPK4012	undefined	675	340	сұрақтарды	сұрақтарды	linguistic	_	_	Begin=769.555
675-1	SPK4012	undefined	675	340	жазамыз	жазамыз	linguistic	_	_	End=771.025
676-0	SPK4008	undefined	676	_	әә	әә	linguistic	_	_	Begin=770.86|End=771.37
677-0	SPK4012	undefined	677	340	кей	кей	linguistic	_	_	Begin=771.285
677-1	SPK4012	undefined	677	340	бірі	бірі	linguistic	_	_	End=771.975
678-0	SPK4008	Rising	678	341	барғың	барғың	linguistic	_	_	Begin=771.375
678-1	SPK4008	Rising	678	341	келе	келе	linguistic	_	_	_
678-2	SPK4008	Rising	678	341	ма?	ма	linguistic	_	_	End=772.215
679-0	SPK4012	Rising	679	342	ау?	ау	linguistic	_	_	Begin=772.245|End=772.685
680-0	SPK4008	Rising	680	343	барғың	барғың	linguistic	_	_	Begin=772.515
680-1	SPK4008	Rising	680	343	келе	келе	linguistic	_	_	_
680-2	SPK4008	Rising	680	343	ма?	ма	linguistic	_	_	End=773.305
681-0	SPK4008	Rising	681	344	қатысқың	қатысқың	linguistic	_	_	Begin=774.3
681-1	SPK4008	Rising	681	344	келе	келе	linguistic	_	_	_
681-2	SPK4008	Rising	681	344	ма	ма	linguistic	_	_	_
681-3	SPK4008	Rising	681	344	сол	сол	linguistic	_	_	_
681-4	SPK4008	Rising	681	344	интервью?	интервью	linguistic	_	_	End=776.5
682-0	SPK4012	undefined	682	_	<lag>	<lag>	linguistic	_	_	Begin=775.87
682-1	SPK4012	undefined	682	_	әм	әм	linguistic	_	_	_
682-2	SPK4012	undefined	682	_	<lag>	<lag>	linguistic	_	_	End=776.56
683-0	SPK4012	undefined	683	345	білмеймін	білмеймін	linguistic	_	_	Begin=776.655|End=777.555
684-0	SPK4012	undefined	684	_	<lag>	<lag>	linguistic	_	_	Begin=777.605
684-1	SPK4012	undefined	684	_	әм	әм	linguistic	_	_	_
684-2	SPK4012	undefined	684	_	<lag>	<lag>	linguistic	_	_	End=778.175
685-0	SPK4012	Rising	685	346	иә?	иә	linguistic	_	_	Begin=778.19|End=778.73
686-0	SPK4012	undefined	686	347	әрине	әрине	linguistic	_	_	Begin=778.76
686-1	SPK4012	undefined	686	347	@	@	linguistic	_	_	End=779.84
687-0	SPK4008	undefined	687	348	жақсы	жақсы	linguistic	_	_	Begin=779.84
687-1	SPK4008	undefined	687	348	тәжіребе	тәжіребе	linguistic	_	_	_
687-2	SPK4008	undefined	687	348	болушы	болушы	linguistic	_	_	_
687-3	SPK4008	undefined	687	348	еді	еді	linguistic	_	_	End=782.06
688-0	SPK4012	undefined	688	349	иәә	иәә	linguistic	_	_	Begin=782.06|End=782.74
689-0	SPK4008	Rising	689	350	сенде	сенде	linguistic	_	_	Begin=783.22
689-1	SPK4008	Rising	689	350	қандай	қандай	linguistic	_	_	_
689-2	SPK4008	Rising	689	350	қызығушылық?	қызығушылық	linguistic	_	_	End=785.69
690-0	SPK4009	Rising	690	351	м?	м	disfluency	_	_	Begin=785.525|End=786.355
691-0	SPK4008	Rising	691	352	қандай-	қандай-	linguistic	_	Interrupted=Yes	Begin=786.36
691-1	SPK4008	Rising	691	352	неге	неге	linguistic	_	_	_
691-2	SPK4008	Rising	691	352	қызығасың?	қызығасың	linguistic	_	_	End=787.68
692-0	SPK4009	undefined	692	353	маған	маған	linguistic	_	_	Begin=787.64
692-1	SPK4009	undefined	692	353	зерттерлер	зерттерлер	linguistic	_	_	_
692-2	SPK4009	undefined	692	353	туралы	туралы	linguistic	_	_	_
692-3	SPK4009	undefined	692	353	<lag>	<lag>	linguistic	_	_	_
692-4	SPK4009	undefined	692	353	ә	ә	linguistic	_	_	_
692-5	SPK4009	undefined	692	353	<lag>	<lag>	linguistic	_	_	End=789.2
693-0	SPK4009	undefined	693	354	маған	маған	linguistic	_	_	Begin=789.22
693-1	SPK4009	undefined	693	354	да	да	linguistic	_	_	End=789.98
694-0	SPK4009	undefined	694	354	зерттеулер	зерттеулер	linguistic	_	_	Begin=790.0
694-1	SPK4009	undefined	694	354	жазғанды	жазғанды	linguistic	_	_	_
694-2	SPK4009	undefined	694	354	ұнатамын	ұнатамын	linguistic	_	_	End=791.04
695-0	SPK4009	undefined	695	355	мысалы	мысалы	linguistic	_	_	Begin=791.07
695-1	SPK4009	undefined	695	355	менің	менің	linguistic	_	_	_
695-2	SPK4009	undefined	695	355	соңғы	соңғы	linguistic	_	_	_
695-3	SPK4009	undefined	695	355	зерттеуім,	зерттеуім	linguistic	_	_	_
695-4	SPK4009	undefined	695	355	ол	ол	linguistic	_	_	_
695-5	SPK4009	undefined	695	355	аборт	аборт	linguistic	_	_	_
695-6	SPK4009	undefined	695	355	туралы	туралы	linguistic	_	_	_
695-7	SPK4009	undefined	695	355	болған	болған	linguistic	_	_	End=794.08
696-0	SPK4009	undefined	696	356	және	және	linguistic	_	_	Begin=794.145
696-1	SPK4009	undefined	696	356	мен	мен	linguistic	_	_	_
696-2	SPK4009	undefined	696	356	ол	ол	linguistic	_	_	_
696-3	SPK4009	undefined	696	356	үшін	үшін	linguistic	_	_	_
696-4	SPK4009	undefined	696	356	бірінші	бірінші	linguistic	_	_	_
696-5	SPK4009	undefined	696	356	орын	орын	linguistic	_	_	_
696-6	SPK4009	undefined	696	356	алғам	алғам	linguistic	_	_	End=796.435
697-0	SPK4008	undefined	697	357	күшті	күшті	linguistic	_	_	Begin=796.26|End=796.92
698-0	SPK4009	undefined	698	358	иә	иә	linguistic	_	_	Begin=796.67|End=797.16
699-0	SPK4008	Rising	699	359	қашан	қашан	linguistic	_	_	Begin=797.045
699-1	SPK4008	Rising	699	359	жазылды?	жазылды	linguistic	_	_	End=797.905
700-0	SPK4009	undefined	700	360	сәуір	сәуір	linguistic	_	_	Begin=798.545
700-1	SPK4009	undefined	700	360	айында	айында	linguistic	_	_	End=800.355
701-0	SPK4008	Rising	701	361	қашан?	қашан	linguistic	_	_	Begin=800.27|End=800.93
702-0	SPK4009	undefined	702	362	сәуір	сәуір	linguistic	_	_	Begin=800.89
702-1	SPK4009	undefined	702	362	айында	айында	linguistic	_	_	End=801.7
703-0	SPK4008	Rising	703	363	осы	осы	linguistic	_	_	Begin=801.815
703-1	SPK4008	Rising	703	363	жылы?	жылы	linguistic	_	_	End=802.815
704-0	SPK4009	undefined	704	_	###	###	unknown	_	_	Begin=801.84|End=802.61
705-0	SPK4009	undefined	705	364	осы	осы	linguistic	_	_	Begin=802.735
705-1	SPK4009	undefined	705	364	жылы,	жылы	linguistic	_	_	_
705-2	SPK4009	undefined	705	364	иә	иә	linguistic	_	_	End=803.585
706-0	SPK4009	undefined	706	365	және	және	linguistic	_	_	Begin=803.625
706-1	SPK4009	undefined	706	365	сол	сол	linguistic	_	_	_
706-2	SPK4009	undefined	706	365	күні	күні	linguistic	_	_	_
706-3	SPK4009	undefined	706	365	мен	мен	linguistic	_	_	_
706-4	SPK4009	undefined	706	365	вакцина	вакцина	linguistic	_	_	_
706-5	SPK4009	undefined	706	365	салғам	салғам	linguistic	_	_	End=806.035
707-0	SPK4008	undefined	707	366	мм	мм	disfluency	_	_	Begin=805.64|End=806.48
708-0	SPK4009	undefined	708	367	бірінші	бірінші	linguistic	_	_	Begin=806.11
708-1	SPK4009	undefined	708	367	дозасын	дозасын	linguistic	_	_	End=807.13
709-0	SPK4009	undefined	709	367	<lag>	<lag>	linguistic	_	_	Begin=807.16
709-1	SPK4009	undefined	709	367	әм	әм	linguistic	_	_	_
709-2	SPK4009	undefined	709	367	<lag>	<lag>	linguistic	_	_	End=807.52
710-0	SPK4009	undefined	710	368	өзімді	өзімді	linguistic	_	_	Begin=807.57
710-1	SPK4009	undefined	710	368	жаман	жаман	linguistic	_	_	_
710-2	SPK4009	undefined	710	368	сезіндім	сезіндім	linguistic	_	_	_
710-3	SPK4009	undefined	710	368	және	және	linguistic	_	_	_
710-4	SPK4009	undefined	710	368	мен	мен	linguistic	_	_	_
710-5	SPK4009	undefined	710	368	ойлағам	ойлағам	linguistic	_	_	_
710-6	SPK4009	undefined	710	368	қазір	қазір	linguistic	_	_	_
710-7	SPK4009	undefined	710	368	мен	мен	linguistic	_	_	_
710-8	SPK4009	undefined	710	368	жобамды	жобамды	linguistic	_	_	_
710-9	SPK4009	undefined	710	368	айтсам	айтсам	linguistic	_	_	End=811.94
711-0	SPK4009	undefined	711	369	анда	анда	linguistic	_	_	Begin=811.99
711-1	SPK4009	undefined	711	369	көптеген	көптеген	linguistic	_	_	End=812.86
712-0	SPK4009	undefined	712	369	мені	мені	linguistic	_	_	Begin=812.915
712-1	SPK4009	undefined	712	369	жақтырмайтын	жақтырмайтын	linguistic	_	_	_
712-2	SPK4009	undefined	712	369	мұғалімдер	мұғалімдер	linguistic	_	_	_
712-3	SPK4009	undefined	712	369	бар	бар	linguistic	_	_	End=815.155
713-0	SPK4009	undefined	713	370	және	және	linguistic	_	_	Begin=815.195
713-1	SPK4009	undefined	713	370	қазір	қазір	linguistic	_	_	_
713-2	SPK4009	undefined	713	370	ол	ол	linguistic	_	_	_
713-3	SPK4009	undefined	713	370	туралы	туралы	linguistic	_	_	_
713-4	SPK4009	undefined	713	370	айтсам	айтсам	linguistic	_	_	_
713-5	SPK4009	undefined	713	370	олар	олар	linguistic	_	_	_
713-6	SPK4009	undefined	713	370	мені	мені	linguistic	_	_	_
713-7	SPK4009	undefined	713	370	қуып	қуып	linguistic	_	_	_
713-8	SPK4009	undefined	713	370	шығатын	шығатын	linguistic	_	_	_
713-9	SPK4009	undefined	713	370	шығар	шығар	linguistic	_	_	End=818.48
714-0	SPK4009	undefined	714	370	әлде	әлде	linguistic	_	_	Begin=818.48
714-1	SPK4009	undefined	714	370	білмеймін	білмеймін	linguistic	_	_	_
714-2	SPK4009	undefined	714	370	<lag>	<lag>	linguistic	_	_	_
714-3	SPK4009	undefined	714	370	әә	әә	linguistic	_	_	_
714-4	SPK4009	undefined	714	370	<lag>	<lag>	linguistic	_	_	End=819.43
715-0	SPK4008	Rising	715	371	неге	неге	linguistic	_	_	Begin=819.745
715-1	SPK4008	Rising	715	371	сен	сен	linguistic	_	_	_
715-2	SPK4008	Rising	715	371	олай	олай	linguistic	_	_	_
715-3	SPK4008	Rising	715	371	ойлайсың?	ойлайсың	linguistic	_	_	End=821.615
716-0	SPK4009	undefined	716	372	себебі	себебі	linguistic	_	_	Begin=821.49|End=822.54
717-0	SPK4008	Rising	717	373	неге	неге	linguistic	_	_	Begin=822.255
717-1	SPK4008	Rising	717	373	субьективты	субьективты	linguistic	_	_	_
717-2	SPK4008	Rising	717	373	екен	екен	linguistic	_	_	_
717-3	SPK4008	Rising	717	373	олар?	олар	linguistic	_	_	End=823.945
718-0	SPK4009	undefined	718	372	сол	сол	linguistic	_	_	Begin=822.58|End=823.35
719-0	SPK4009	undefined	719	372	сол	сол	linguistic	_	_	Begin=823.385
719-1	SPK4009	undefined	719	372	мұғалім	мұғалім	linguistic	_	_	End=824.485
720-0	SPK4009	undefined	720	372	ол-	ол-	linguistic	_	Interrupted=Yes	Begin=824.525
720-1	SPK4009	undefined	720	372	ол	ол	linguistic	_	_	_
720-2	SPK4009	undefined	720	372	бізде	бізде	linguistic	_	_	_
720-3	SPK4009	undefined	720	372	болған	болған	linguistic	_	_	End=825.635
721-0	SPK4009	undefined	721	374	мен	мен	linguistic	_	_	Begin=825.67
721-1	SPK4009	undefined	721	374	бірінші	бірінші	linguistic	_	_	_
721-2	SPK4009	undefined	721	374	курста	курста	linguistic	_	_	_
721-3	SPK4009	undefined	721	374	оқыған	оқыған	linguistic	_	_	_
721-4	SPK4009	undefined	721	374	кезінде	кезінде	linguistic	_	_	End=827.44
722-0	SPK4009	undefined	722	374	феминизм	феминизм	linguistic	_	_	Begin=827.485
722-1	SPK4009	undefined	722	374	туралы	туралы	linguistic	_	_	_
722-2	SPK4009	undefined	722	374	жазғанмын	жазғанмын	linguistic	_	_	End=828.835
723-0	SPK4009	undefined	723	375	ол	ол	linguistic	_	_	Begin=828.88
723-1	SPK4009	undefined	723	375	сол	сол	linguistic	_	_	_
723-2	SPK4009	undefined	723	375	менің	менің	linguistic	_	_	_
723-3	SPK4009	undefined	723	375	жазған	жазған	linguistic	_	_	_
723-4	SPK4009	undefined	723	375	зертеуімді	зертеуімді	linguistic	_	_	End=831.18
724-0	SPK4009	undefined	724	375	<lag>	<lag>	linguistic	_	_	Begin=831.22
724-1	SPK4009	undefined	724	375	әм	әм	linguistic	_	_	_
724-2	SPK4009	undefined	724	375	<lag>	<lag>	linguistic	_	_	_
724-3	SPK4009	undefined	724	375	алған	алған	linguistic	_	_	_
724-4	SPK4009	undefined	724	375	жоқ,	жоқ	linguistic	_	_	_
724-5	SPK4009	undefined	724	375	мені	мені	linguistic	_	_	_
724-6	SPK4009	undefined	724	375	қатыстырмады	қатыстырмады	linguistic	_	_	End=833.16
725-0	SPK4009	undefined	725	376	сосын	сосын	linguistic	_	_	Begin=833.18
725-1	SPK4009	undefined	725	376	мен	мен	linguistic	_	_	_
725-2	SPK4009	undefined	725	376	оған	оған	linguistic	_	_	_
725-3	SPK4009	undefined	725	376	жарайды	жарайды	linguistic	_	_	End=834.58
726-0	SPK4009	undefined	726	377	келесі	келесі	linguistic	_	_	Begin=834.6
726-1	SPK4009	undefined	726	377	рет	рет	linguistic	_	_	_
726-2	SPK4009	undefined	726	377	басқа	басқа	linguistic	_	_	_
726-3	SPK4009	undefined	726	377	#	#	unknown	_	_	_
726-4	SPK4009	undefined	726	377	жатаймын	жатаймын	linguistic	_	_	End=836.44
727-0	SPK4009	undefined	727	378	<lag>	<lag>	linguistic	_	_	Begin=836.64
727-1	SPK4009	undefined	727	378	әм	әм	linguistic	_	_	_
727-2	SPK4009	undefined	727	378	<lag>	<lag>	linguistic	_	_	_
727-3	SPK4009	undefined	727	378	келесі	келесі	linguistic	_	_	_
727-4	SPK4009	undefined	727	378	жоба	жоба	linguistic	_	_	_
727-5	SPK4009	undefined	727	378	мен	мен	linguistic	_	_	_
727-6	SPK4009	undefined	727	378	қарулық	қарулық	linguistic	_	_	_
727-7	SPK4009	undefined	727	378	тоқтауы	тоқтауы	linguistic	_	_	_
727-8	SPK4009	undefined	727	378	және	және	linguistic	_	_	_
727-9	SPK4009	undefined	727	378	геноцид	геноцид	linguistic	_	_	_
727-10	SPK4009	undefined	727	378	туралы	туралы	linguistic	_	_	End=841.47
728-0	SPK4009	undefined	728	_	<lag>	<lag>	linguistic	_	_	Begin=841.47
728-1	SPK4009	undefined	728	_	әә	әә	linguistic	_	_	_
728-2	SPK4009	undefined	728	_	<lag>	<lag>	linguistic	_	_	End=842.3
729-0	SPK4008	undefined	729	379	геноцид	геноцид	linguistic	_	_	Begin=842.485
729-1	SPK4008	undefined	729	379	сен	сен	linguistic	_	_	_
729-2	SPK4008	undefined	729	379	жалпы	жалпы	linguistic	_	_	_
729-3	SPK4008	undefined	729	379	жазған	жазған	linguistic	_	_	_
729-4	SPK4008	undefined	729	379	немесе	немесе	linguistic	_	_	_
729-5	SPK4008	undefined	729	379	бір	бір	linguistic	_	_	_
729-6	SPK4008	undefined	729	379	<lag>	<lag>	linguistic	_	_	_
729-7	SPK4008	undefined	729	379	әә	әә	linguistic	_	_	_
729-8	SPK4008	undefined	729	379	<lag>	<lag>	linguistic	_	_	End=844.875
730-0	SPK4009	undefined	730	380	Мьянмар	Мьянмар	linguistic	_	_	Begin=844.73
730-1	SPK4009	undefined	730	380	туралы	туралы	linguistic	_	_	End=845.86
731-0	SPK4008	undefined	731	381	әә	әә	linguistic	_	_	Begin=845.72|End=846.48
732-0	SPK4009	Interrupted	732	382	және	және	linguistic	_	_	Begin=845.915
732-1	SPK4009	Interrupted	732	382	маған	маған	linguistic	_	_	_
732-2	SPK4009	Interrupted	732	382	тағы-	тағы-	linguistic	_	Interrupted=Yes	End=847.045
733-0	SPK4009	undefined	733	382	<lag>	<lag>	linguistic	_	_	Begin=847.08
733-1	SPK4009	undefined	733	382	ә	ә	linguistic	_	_	_
733-2	SPK4009	undefined	733	382	<lag>	<lag>	linguistic	_	_	_
733-3	SPK4009	undefined	733	382	негізі	негізі	linguistic	_	_	_
733-4	SPK4009	undefined	733	382	менің	менің	linguistic	_	_	_
733-5	SPK4009	undefined	733	382	ең	ең	linguistic	_	_	_
733-6	SPK4009	undefined	733	382	сүйікті	сүйікті	linguistic	_	_	_
733-7	SPK4009	undefined	733	382	##пәнім,	##пәнім	linguistic	_	_	_
733-8	SPK4009	undefined	733	382	ол	ол	linguistic	_	_	_
733-9	SPK4009	undefined	733	382	халықаралық	халықаралық	linguistic	_	_	_
733-10	SPK4009	undefined	733	382	қылмыстық	қылмыстық	linguistic	_	_	_
733-11	SPK4009	undefined	733	382	#	#	unknown	_	_	_
733-12	SPK4009	undefined	733	382	және	және	linguistic	_	_	_
733-13	SPK4009	undefined	733	382	соның	соның	linguistic	_	_	_
733-14	SPK4009	undefined	733	382	ішінде	ішінде	linguistic	_	_	_
733-15	SPK4009	undefined	733	382	геноцид	геноцид	linguistic	_	_	End=852.09
734-0	SPK4009	undefined	734	383	бұл	бұл	linguistic	_	_	Begin=852.125
734-1	SPK4009	undefined	734	383	менің	менің	linguistic	_	_	_
734-2	SPK4009	undefined	734	383	ең	ең	linguistic	_	_	_
734-3	SPK4009	undefined	734	383	сүйікті	сүйікті	linguistic	_	_	End=853.335
735-0	SPK4009	undefined	735	383	<lag>	<lag>	linguistic	_	_	Begin=853.335
735-1	SPK4009	undefined	735	383	ә	ә	linguistic	_	_	_
735-2	SPK4009	undefined	735	383	<lag>	<lag>	linguistic	_	_	End=853.745
736-0	SPK4008	Rising	736	384	тақырыбы	тақырыбы	linguistic	_	_	Begin=853.62
736-1	SPK4008	Rising	736	384	ма?	ма	linguistic	_	_	End=854.48
737-0	SPK4009	undefined	737	383	тақырыбым,	тақырыбым	linguistic	_	_	Begin=854.01
737-1	SPK4009	undefined	737	383	иә	иә	linguistic	_	_	End=854.97
738-0	SPK4008	undefined	738	385	мм	мм	disfluency	_	_	Begin=855.22|End=856.05
739-0	SPK4009	undefined	739	386	сол	сол	linguistic	_	_	Begin=855.445
739-1	SPK4009	undefined	739	386	туралы	туралы	linguistic	_	_	_
739-2	SPK4009	undefined	739	386	жазғанды	жазғанды	linguistic	_	_	_
739-3	SPK4009	undefined	739	386	ұнатамын	ұнатамын	linguistic	_	_	End=857.035
740-0	SPK4009	undefined	740	387	бірақ	бірақ	linguistic	_	_	Begin=857.08
740-1	SPK4009	undefined	740	387	<lag>	<lag>	linguistic	_	_	_
740-2	SPK4009	undefined	740	387	әә	әә	linguistic	_	_	_
740-3	SPK4009	undefined	740	387	<lag>	<lag>	linguistic	_	_	End=858.03
741-0	SPK4009	undefined	741	387	сол	сол	linguistic	_	_	Begin=858.095
741-1	SPK4009	undefined	741	387	да	да	linguistic	_	_	_
741-2	SPK4009	undefined	741	387	мен	мен	linguistic	_	_	_
741-3	SPK4009	undefined	741	387	бір	бір	linguistic	_	_	_
741-4	SPK4009	undefined	741	387	нәрсе	нәрсе	linguistic	_	_	_
741-5	SPK4009	undefined	741	387	айтқан	айтқан	linguistic	_	_	_
741-6	SPK4009	undefined	741	387	кезде	кезде	linguistic	_	_	_
741-7	SPK4009	undefined	741	387	немесе	немесе	linguistic	_	_	_
741-8	SPK4009	undefined	741	387	оқыған	оқыған	linguistic	_	_	_
741-9	SPK4009	undefined	741	387	кезде	кезде	linguistic	_	_	End=860.795
742-0	SPK4009	undefined	742	387	сол	сол	linguistic	_	_	Begin=860.845
742-1	SPK4009	undefined	742	387	кісінің	кісінің	linguistic	_	_	End=861.845
743-0	SPK4009	undefined	743	387	беті-әлпеті	беті-әлпеті	linguistic	_	_	Begin=861.915
743-1	SPK4009	undefined	743	387	бұзылады	бұзылады	linguistic	_	_	_
743-2	SPK4009	undefined	743	387	@@	@@	linguistic	_	_	End=863.715
744-0	SPK4012	undefined	744	_	@@	@@	linguistic	_	_	Begin=863.005|End=863.635
745-0	SPK4009	undefined	745	388	иә	иә	linguistic	_	_	Begin=863.77|End=864.23
746-0	SPK4009	undefined	746	388	және	және	linguistic	_	_	Begin=864.24
746-1	SPK4009	undefined	746	388	мен	мен	linguistic	_	_	_
746-2	SPK4009	undefined	746	388	оған,	оған	linguistic	_	_	_
746-3	SPK4009	undefined	746	388	жарайды	жарайды	linguistic	_	_	End=865.59
747-0	SPK4009	undefined	747	388	<lag>	<lag>	linguistic	_	_	Begin=865.625
747-1	SPK4009	undefined	747	388	әә	әә	linguistic	_	_	_
747-2	SPK4009	undefined	747	388	<lag>	<lag>	linguistic	_	_	End=866.135
748-0	SPK4009	undefined	748	388	орын	орын	linguistic	_	_	Begin=866.16
748-1	SPK4009	undefined	748	388	алмасам	алмасам	linguistic	_	_	_
748-2	SPK4009	undefined	748	388	да	да	linguistic	_	_	_
748-3	SPK4009	undefined	748	388	бола	бола	linguistic	_	_	_
748-4	SPK4009	undefined	748	388	берсін	берсін	linguistic	_	_	_
748-5	SPK4009	undefined	748	388	себебі	себебі	linguistic	_	_	_
748-6	SPK4009	undefined	748	388	бұл	бұл	linguistic	_	_	_
748-7	SPK4009	undefined	748	388	менің	менің	linguistic	_	_	_
748-8	SPK4009	undefined	748	388	еңбегім	еңбегім	linguistic	_	_	_
748-9	SPK4009	undefined	748	388	ғой	ғой	linguistic	_	_	End=868.4
749-0	SPK4009	undefined	749	389	бірақ	бірақ	linguistic	_	_	Begin=868.41
749-1	SPK4009	undefined	749	389	маған	маған	linguistic	_	_	_
749-2	SPK4009	undefined	749	389	<lag>	<lag>	linguistic	_	_	_
749-3	SPK4009	undefined	749	389	әә	әә	linguistic	_	_	_
749-4	SPK4009	undefined	749	389	<lag>	<lag>	linguistic	_	_	End=870.14
750-0	SPK4009	undefined	750	389	ол	ол	linguistic	_	_	Begin=870.185
750-1	SPK4009	undefined	750	389	кезде	кезде	linguistic	_	_	_
750-2	SPK4009	undefined	750	389	басқа	басқа	linguistic	_	_	_
750-3	SPK4009	undefined	750	389	да	да	linguistic	_	_	_
750-4	SPK4009	undefined	750	389	мұғалім	мұғалім	linguistic	_	_	_
750-5	SPK4009	undefined	750	389	отырған	отырған	linguistic	_	_	End=872.185
751-0	SPK4009	undefined	751	390	Америкадан	Америкадан	linguistic	_	_	Begin=872.205
751-1	SPK4009	undefined	751	390	келген	келген	linguistic	_	_	_
751-2	SPK4009	undefined	751	390	және	және	linguistic	_	_	_
751-3	SPK4009	undefined	751	390	ол	ол	linguistic	_	_	_
751-4	SPK4009	undefined	751	390	айтты	айтты	linguistic	_	_	End=874.115
752-0	SPK4009	undefined	752	390	маған	маған	linguistic	_	_	Begin=874.15
752-1	SPK4009	undefined	752	390	сіздікі	сіздікі	linguistic	_	_	_
752-2	SPK4009	undefined	752	390	ұнады	ұнады	linguistic	_	_	End=875.4
753-0	SPK4009	undefined	753	390	үшінші	үшінші	linguistic	_	_	Begin=875.445
753-1	SPK4009	undefined	753	390	орын	орын	linguistic	_	_	_
753-2	SPK4009	undefined	753	390	сенікі	сенікі	linguistic	_	_	_
753-3	SPK4009	undefined	753	390	деп	деп	linguistic	_	_	End=876.905
754-0	SPK4008	Rising	754	391	бұл	бұл	linguistic	_	_	Begin=876.905
754-1	SPK4008	Rising	754	391	геноцид	геноцид	linguistic	_	_	_
754-2	SPK4008	Rising	754	391	үшін	үшін	linguistic	_	_	_
754-3	SPK4008	Rising	754	391	ма?	ма	linguistic	_	_	End=878.715
755-0	SPK4009	undefined	755	392	жоқ,	жоқ	linguistic	_	_	Begin=878.59
755-1	SPK4009	undefined	755	392	геноцид	геноцид	linguistic	_	_	_
755-2	SPK4009	undefined	755	392	үшін	үшін	linguistic	_	_	_
755-3	SPK4009	undefined	755	392	емес	емес	linguistic	_	_	End=879.6
756-0	SPK4009	undefined	756	392	аборт	аборт	linguistic	_	_	Begin=879.665
756-1	SPK4009	undefined	756	392	үшін	үшін	linguistic	_	_	End=880.425
757-0	SPK4008	undefined	757	393	а,	а	linguistic	_	_	Begin=879.965
757-1	SPK4008	undefined	757	393	аборт	аборт	linguistic	_	_	_
757-2	SPK4008	undefined	757	393	үшін	үшін	linguistic	_	_	End=880.955
758-0	SPK4009	undefined	758	394	иә	иә	linguistic	_	_	Begin=880.85|End=881.17
759-0	SPK4008	Rising	759	395	сонда	сонда	linguistic	_	_	Begin=881.18
759-1	SPK4008	Rising	759	395	не	не	linguistic	_	_	_
759-2	SPK4008	Rising	759	395	туралы	туралы	linguistic	_	_	_
759-3	SPK4008	Rising	759	395	зерттедің?	зерттедің	linguistic	_	_	End=882.3
760-0	SPK4009	undefined	760	396	бірақ	бірақ	linguistic	_	_	Begin=881.96
760-1	SPK4009	undefined	760	396	мен	мен	linguistic	_	_	_
760-2	SPK4009	undefined	760	396	Қазақстанды	Қазақстанды	linguistic	_	_	_
760-3	SPK4009	undefined	760	396	қатыстырмадым	қатыстырмадым	linguistic	_	_	End=884.01
761-0	SPK4009	undefined	761	397	ол-	ол-	linguistic	_	Interrupted=Yes	Begin=884.065
761-1	SPK4009	undefined	761	397	иә,	иә	linguistic	_	_	_
761-2	SPK4009	undefined	761	397	Қазақстанда	Қазақстанда	linguistic	_	_	_
761-3	SPK4009	undefined	761	397	болды,	болды	linguistic	_	_	_
761-4	SPK4009	undefined	761	397	бірақ	бірақ	linguistic	_	_	_
761-5	SPK4009	undefined	761	397	жалпылай	жалпылай	linguistic	_	_	End=886.695
762-0	SPK4009	undefined	762	398	бүкіл	бүкіл	linguistic	_	_	Begin=886.72
762-1	SPK4009	undefined	762	398	<lag>	<lag>	linguistic	_	_	_
762-2	SPK4009	undefined	762	398	әә	әә	linguistic	_	_	_
762-3	SPK4009	undefined	762	398	<lag>	<lag>	linguistic	_	_	End=887.8
763-0	SPK4009	undefined	763	399	бүкіл	бүкіл	linguistic	_	_	Begin=887.86
763-1	SPK4009	undefined	763	399	әлемде	әлемде	linguistic	_	_	End=888.98
764-0	SPK4008	undefined	764	400	сол	сол	linguistic	_	_	Begin=888.81
764-1	SPK4008	undefined	764	400	тақырыбы	тақырыбы	linguistic	_	_	_
764-2	SPK4008	undefined	764	400	қандай	қандай	linguistic	_	_	_
764-3	SPK4008	undefined	764	400	қандай	қандай	linguistic	_	_	End=890.78
765-0	SPK4008	undefined	765	400	не	не	linguistic	_	_	Begin=890.815
765-1	SPK4008	undefined	765	400	туралы	туралы	linguistic	_	_	End=891.455
766-0	SPK4009	undefined	766	401	орысша	орысша	linguistic	_	_	Begin=891.305|End=892.325
767-0	SPK4008	Rising	767	400	аборттың	аборттың	linguistic	_	_	Begin=891.485
767-1	SPK4008	Rising	767	400	әсері	әсері	linguistic	_	_	_
767-2	SPK4008	Rising	767	400	ма?	ма	linguistic	_	_	End=893.085
768-0	SPK4009	undefined	768	402	орысша	орысша	linguistic	_	_	Begin=892.375
768-1	SPK4009	undefined	768	402	айтсам	айтсам	linguistic	_	_	_
768-2	SPK4009	undefined	768	402	<lag>	<lag>	linguistic	_	_	_
768-3	SPK4009	undefined	768	402	әм	әм	linguistic	_	_	_
768-4	SPK4009	undefined	768	402	<lag>	<lag>	linguistic	_	_	End=893.355
769-0	SPK4009	undefined	769	403	тақырыбымның	тақырыбымның	linguistic	_	_	Begin=893.415
769-1	SPK4009	undefined	769	403	аты	аты	linguistic	_	_	_
769-2	SPK4009	undefined	769	403	аборт	аборт	linguistic	_	_	_
769-3	SPK4009	undefined	769	403	право	право	linguistic	_	_	End=895.735
770-0	SPK4009	undefined	770	403	убийство	убийство	linguistic	_	_	Begin=896.495
770-1	SPK4009	undefined	770	403	или	или	linguistic	_	_	_
770-2	SPK4009	undefined	770	403	право	право	linguistic	_	_	_
770-3	SPK4009	undefined	770	403	индивидуума	индивидуума	linguistic	_	_	End=898.275
771-0	SPK4009	undefined	771	404	әә	әә	linguistic	_	_	Begin=898.405|End=898.945
772-0	SPK4009	undefined	772	_	##	##	unknown	_	_	Begin=898.945|End=899.725
773-0	SPK4009	undefined	773	405	право	право	linguistic	_	_	Begin=900.015
773-1	SPK4009	undefined	773	405	на	на	linguistic	_	_	_
773-2	SPK4009	undefined	773	405	репродуктивный	репродуктивный	linguistic	_	_	_
773-3	SPK4009	undefined	773	405	выбор	выбор	linguistic	_	_	_
773-4	SPK4009	undefined	773	405	или	или	linguistic	_	_	_
773-5	SPK4009	undefined	773	405	убийство	убийство	linguistic	_	_	_
773-6	SPK4009	undefined	773	405	###	###	unknown	_	_	_
773-7	SPK4009	undefined	773	405	индивидуума	индивидуума	linguistic	_	_	End=902.775
774-0	SPK4008	Rising	774	406	какой	какой	linguistic	_	_	Begin=902.675
774-1	SPK4008	Rising	774	406	выбор?	выбор	linguistic	_	_	End=903.425
775-0	SPK4009	undefined	775	407	право	право	linguistic	_	_	Begin=903.56
775-1	SPK4009	undefined	775	407	на	на	linguistic	_	_	_
775-2	SPK4009	undefined	775	407	репродуктивный	репродуктивный	linguistic	_	_	_
775-3	SPK4009	undefined	775	407	выбор	выбор	linguistic	_	_	End=905.0
776-0	SPK4008	undefined	776	408	әә	әә	linguistic	_	_	Begin=904.85
776-1	SPK4008	undefined	776	408	репродуктивный	репродуктивный	linguistic	_	_	End=906.04
777-0	SPK4009	undefined	777	409	cол	cол	linguistic	_	_	Begin=906.005
777-1	SPK4009	undefined	777	409	туралы	туралы	linguistic	_	_	_
777-2	SPK4009	undefined	777	409	қарыстардым	қарыстардым	linguistic	_	_	_
777-3	SPK4009	undefined	777	409	және	және	linguistic	_	_	_
777-4	SPK4009	undefined	777	409	мен	мен	linguistic	_	_	_
777-5	SPK4009	undefined	777	409	бүкіл	бүкіл	linguistic	_	_	_
777-6	SPK4009	undefined	777	409	халықаралық	халықаралық	linguistic	_	_	_
777-7	SPK4009	undefined	777	409	құжаттарды	құжаттарды	linguistic	_	_	_
777-8	SPK4009	undefined	777	409	қарастырып,	қарастырып	linguistic	_	_	_
777-9	SPK4009	undefined	777	409	ол	ол	linguistic	_	_	_
777-10	SPK4009	undefined	777	409	туралы	туралы	linguistic	_	_	_
777-11	SPK4009	undefined	777	409	жазғанмын	жазғанмын	linguistic	_	_	End=910.465
778-0	SPK4008	Rising	778	410	Қанша	Қанша	linguistic	_	_	Begin=911.905
778-1	SPK4008	Rising	778	410	бетке	бетке	linguistic	_	_	_
778-2	SPK4008	Rising	778	410	шықты	шықты	linguistic	_	_	_
778-3	SPK4008	Rising	778	410	сонда?	сонда	linguistic	_	_	End=913.085
779-0	SPK4009	undefined	779	411	ммм	ммм	disfluency	_	_	Begin=913.765|End=915.075
780-0	SPK4009	undefined	780	412	үш-бес	үш-бес	linguistic	_	_	Begin=915.21
780-1	SPK4009	undefined	780	412	шықты	шықты	linguistic	_	_	End=915.955
781-0	SPK4009	undefined	781	413	жалпы	жалпы	linguistic	_	_	Begin=915.955
781-1	SPK4009	undefined	781	413	айтқанда	айтқанда	linguistic	_	_	End=917.085
782-0	SPK4008	Rising	782	414	үш	үш	linguistic	_	_	Begin=917.02
782-1	SPK4008	Rising	782	414	бет?	бет	linguistic	_	_	End=917.7
783-0	SPK4009	undefined	783	415	иә	иә	linguistic	_	_	Begin=917.57|End=918.12
784-0	SPK4008	undefined	784	416	ммм	ммм	disfluency	_	_	Begin=918.005|End=919.105
785-0	SPK4008	undefined	785	417	үш	үш	linguistic	_	_	Begin=919.105
785-1	SPK4008	undefined	785	417	бет	бет	linguistic	_	_	End=919.745
786-0	SPK4008	undefined	786	418	осындай	осындай	linguistic	_	_	Begin=919.745
786-1	SPK4008	undefined	786	418	бізде	бізде	linguistic	_	_	_
786-2	SPK4008	undefined	786	418	тақырыптары	тақырыптары	linguistic	_	_	_
786-3	SPK4008	undefined	786	418	аз	аз	linguistic	_	_	_
786-4	SPK4008	undefined	786	418	деп	деп	linguistic	_	_	_
786-5	SPK4008	undefined	786	418	айтып	айтып	linguistic	_	_	_
786-6	SPK4008	undefined	786	418	###	###	unknown	_	_	End=921.885
787-0	SPK4012	undefined	787	_	@@	@@	linguistic	_	_	Begin=921.285|End=922.355
788-0	SPK4008	undefined	788	419	минимум	минимум	linguistic	_	_	Begin=922.51
788-1	SPK4008	undefined	788	419	төрт	төрт	linguistic	_	_	_
788-2	SPK4008	undefined	788	419	сұрайды	сұрайды	linguistic	_	_	_
788-3	SPK4008	undefined	788	419	осындай	осындай	linguistic	_	_	_
788-4	SPK4008	undefined	788	419	тақырыптарға	тақырыптарға	linguistic	_	_	End=924.35
789-0	SPK4012	undefined	789	420	иә	иә	linguistic	_	_	Begin=924.44
789-1	SPK4012	undefined	789	420	иә	иә	linguistic	_	_	End=924.83
790-0	SPK4009	undefined	790	421	иә	иә	linguistic	_	_	Begin=924.465|End=924.945
791-0	SPK4008	Rising	791	422	бірақ	бірақ	linguistic	_	_	Begin=924.96
791-1	SPK4008	Rising	791	422	уақыт	уақыт	linguistic	_	_	_
791-2	SPK4008	Rising	791	422	аз	аз	linguistic	_	_	_
791-3	SPK4008	Rising	791	422	болған	болған	linguistic	_	_	_
791-4	SPK4008	Rising	791	422	шығар	шығар	linguistic	_	_	_
791-5	SPK4008	Rising	791	422	сенде?	сенде	linguistic	_	_	End=927.29
792-0	SPK4009	undefined	792	423	бізге	бізге	linguistic	_	_	Begin=927.18
792-1	SPK4009	undefined	792	423	айтты	айтты	linguistic	_	_	_
792-2	SPK4009	undefined	792	423	жазасың	жазасың	linguistic	_	_	_
792-3	SPK4009	undefined	792	423	ба	ба	linguistic	_	_	End=928.27
793-0	SPK4009	undefined	793	424	мен	мен	linguistic	_	_	Begin=928.28
793-1	SPK4009	undefined	793	424	айттым,	айттым	linguistic	_	_	_
793-2	SPK4009	undefined	793	424	жоқ,	жоқ	linguistic	_	_	_
793-3	SPK4009	undefined	793	424	жазбаймын,	жазбаймын	linguistic	_	_	_
793-4	SPK4009	undefined	793	424	бірақ	бірақ	linguistic	_	_	_
793-5	SPK4009	undefined	793	424	<lag>	<lag>	linguistic	_	_	_
793-6	SPK4009	undefined	793	424	әә	әә	linguistic	_	_	_
793-7	SPK4009	undefined	793	424	<lag>	<lag>	linguistic	_	_	End=930.13
794-0	SPK4009	undefined	794	424	кейін	кейін	linguistic	_	_	Begin=930.175
794-1	SPK4009	undefined	794	424	маған	маған	linguistic	_	_	_
794-2	SPK4009	undefined	794	424	айтқан	айтқан	linguistic	_	_	End=931.525
795-0	SPK4009	undefined	795	424	қандай	қандай	linguistic	_	_	Begin=931.59
795-1	SPK4009	undefined	795	424	теманы	теманы	linguistic	_	_	_
795-2	SPK4009	undefined	795	424	алғың	алғың	linguistic	_	_	_
795-3	SPK4009	undefined	795	424	келсе,	келсе	linguistic	_	_	_
795-4	SPK4009	undefined	795	424	соны	соны	linguistic	_	_	_
795-5	SPK4009	undefined	795	424	жаза	жаза	linguistic	_	_	_
795-6	SPK4009	undefined	795	424	бер	бер	linguistic	_	_	End=933.65
796-0	SPK4008	undefined	796	425	ммм	ммм	disfluency	_	_	Begin=933.37|End=934.14
797-0	SPK4009	undefined	797	426	және	және	linguistic	_	_	Begin=933.895
797-1	SPK4009	undefined	797	426	маған	маған	linguistic	_	_	_
797-2	SPK4009	undefined	797	426	айтқан	айтқан	linguistic	_	_	End=935.115
798-0	SPK4009	undefined	798	426	Каспийдің	Каспийдің	linguistic	_	_	Begin=935.155
798-1	SPK4009	undefined	798	426	халықаралық	халықаралық	linguistic	_	_	_
798-2	SPK4009	undefined	798	426	<lag>	<lag>	linguistic	_	_	_
798-3	SPK4009	undefined	798	426	ә	ә	linguistic	_	_	_
798-4	SPK4009	undefined	798	426	<lag>	<lag>	linguistic	_	_	_
798-5	SPK4009	undefined	798	426	құқығы	құқығы	linguistic	_	_	End=936.735
799-0	SPK4009	undefined	799	426	Каспийдің	Каспийдің	linguistic	_	_	Begin=936.745
799-1	SPK4009	undefined	799	426	халықаралық	халықаралық	linguistic	_	_	_
799-2	SPK4009	undefined	799	426	режимі	режимі	linguistic	_	_	_
799-3	SPK4009	undefined	799	426	ол	ол	linguistic	_	_	_
799-4	SPK4009	undefined	799	426	мен	мен	linguistic	_	_	_
799-5	SPK4009	undefined	799	426	үшін	үшін	linguistic	_	_	_
799-6	SPK4009	undefined	799	426	қызықты	қызықты	linguistic	_	_	_
799-7	SPK4009	undefined	799	426	емес	емес	linguistic	_	_	End=939.955
800-0	SPK4009	undefined	800	427	және	және	linguistic	_	_	Begin=939.99
800-1	SPK4009	undefined	800	427	мен	мен	linguistic	_	_	End=940.95
801-0	SPK4009	undefined	801	428	иә	иә	linguistic	_	_	Begin=941.1|End=941.71
802-0	SPK4012	undefined	802	429	иә	иә	linguistic	_	_	Begin=941.655|End=942.055
803-0	SPK4009	undefined	803	430	Каспий	Каспий	linguistic	_	_	Begin=942.345
803-1	SPK4009	undefined	803	430	және	және	linguistic	_	_	_
803-2	SPK4009	undefined	803	430	тағы	тағы	linguistic	_	_	_
803-3	SPK4009	undefined	803	430	да	да	linguistic	_	_	_
803-4	SPK4009	undefined	803	430	басқа	басқа	linguistic	_	_	End=943.495
804-0	SPK4009	undefined	804	431	Арал	Арал	linguistic	_	_	Begin=943.51
804-1	SPK4009	undefined	804	431	өзенінің	өзенінің	linguistic	_	_	_
804-2	SPK4009	undefined	804	431	қазіргі	қазіргі	linguistic	_	_	_
804-3	SPK4009	undefined	804	431	жағдайы	жағдайы	linguistic	_	_	End=945.55
805-0	SPK4009	undefined	805	432	қалай	қалай	linguistic	_	_	Begin=945.58
805-1	SPK4009	undefined	805	432	оны	оны	linguistic	_	_	_
805-2	SPK4009	undefined	805	432	зерттеуге	зерттеуге	linguistic	_	_	_
805-3	SPK4009	undefined	805	432	болады,	болады	linguistic	_	_	_
805-4	SPK4009	undefined	805	432	не-	не-	linguistic	_	Interrupted=Yes	_
805-5	SPK4009	undefined	805	432	<lag>	<lag>	linguistic	_	_	_
805-6	SPK4009	undefined	805	432	әм	әм	linguistic	_	_	_
805-7	SPK4009	undefined	805	432	<lag>	<lag>	linguistic	_	_	End=947.58
806-0	SPK4009	Rising	806	433	не	не	linguistic	_	_	Begin=947.61
806-1	SPK4009	Rising	806	433	айтасың,	айтасың	linguistic	_	_	_
806-2	SPK4009	Rising	806	433	¬Әдия,	Әдия	linguistic	_	Anonymized=Yes	_
806-3	SPK4009	Rising	806	433	не	не	linguistic	_	_	_
806-4	SPK4009	Rising	806	433	жасасың?	жасасың	linguistic	_	_	End=949.57
807-0	SPK4009	undefined	807	434	мен	мен	linguistic	_	_	Begin=949.65
807-1	SPK4009	undefined	807	434	айттым:	айттым	linguistic	_	Prolongation=5	_
807-2	SPK4009	undefined	807	434	жоқ,	жоқ	linguistic	_	_	_
807-3	SPK4009	undefined	807	434	мен	мен	linguistic	_	_	_
807-4	SPK4009	undefined	807	434	қатыспаймын	қатыспаймын	linguistic	_	_	End=951.31
808-0	SPK4009	undefined	808	435	бірақ	бірақ	linguistic	_	_	Begin=951.32
808-1	SPK4009	undefined	808	435	бір	бір	linguistic	_	_	_
808-2	SPK4009	undefined	808	435	күн	күн	linguistic	_	_	_
808-3	SPK4009	undefined	808	435	қалған	қалған	linguistic	_	_	_
808-4	SPK4009	undefined	808	435	кезде	кезде	linguistic	_	_	_
808-5	SPK4009	undefined	808	435	ол	ол	linguistic	_	_	_
808-6	SPK4009	undefined	808	435	айтты:	айтты	linguistic	_	Prolongation=4	End=952.97
809-0	SPK4009	undefined	809	435	мүмкін	мүмкін	linguistic	_	_	Begin=953.005
809-1	SPK4009	undefined	809	435	қатысатын	қатысатын	linguistic	_	_	_
809-2	SPK4009	undefined	809	435	шығасың	шығасың	linguistic	_	_	_
809-3	SPK4009	undefined	809	435	егер	егер	linguistic	_	_	_
809-4	SPK4009	undefined	809	435	мен	мен	linguistic	_	_	_
809-5	SPK4009	undefined	809	435	саған	саған	linguistic	_	_	_
809-6	SPK4009	undefined	809	435	толықтай	толықтай	linguistic	_	_	End=955.935
810-0	SPK4009	undefined	810	435	<lag>	<lag>	linguistic	_	_	Begin=955.95
810-1	SPK4009	undefined	810	435	м	м	disfluency	_	_	_
810-2	SPK4009	undefined	810	435	<lag>	<lag>	linguistic	_	_	End=956.52
811-0	SPK4009	undefined	811	435	толықтай	толықтай	linguistic	_	_	Begin=956.535
811-1	SPK4009	undefined	811	435	###,	###	unknown	_	_	_
811-2	SPK4009	undefined	811	435	мен	мен	linguistic	_	_	_
811-3	SPK4009	undefined	811	435	айттым	айттым	linguistic	_	_	_
811-4	SPK4009	undefined	811	435	иә	иә	linguistic	_	_	End=959.705
812-0	SPK4009	undefined	812	436	солай	солай	linguistic	_	_	Begin=959.8
812-1	SPK4009	undefined	812	436	жаздым	жаздым	linguistic	_	_	End=960.93
813-0	SPK4009	undefined	813	437	бірақ	бірақ	linguistic	_	_	Begin=960.975
813-1	SPK4009	undefined	813	437	сол	сол	linguistic	_	_	End=962.325
814-0	SPK4012	Rising	814	438	бір	бір	linguistic	_	_	Begin=961.18
814-1	SPK4012	Rising	814	438	күн	күн	linguistic	_	_	_
814-2	SPK4012	Rising	814	438	ішінде	ішінде	linguistic	_	_	_
814-3	SPK4012	Rising	814	438	ма?	ма	linguistic	_	_	End=962.54
815-0	SPK4009	undefined	815	439	иә	иә	linguistic	_	_	Begin=962.5|End=962.94
816-0	SPK4009	undefined	816	440	бірақ	бірақ	linguistic	_	_	Begin=963.02
816-1	SPK4009	undefined	816	440	сол	сол	linguistic	_	_	_
816-2	SPK4009	undefined	816	440	күн	күн	linguistic	_	_	_
816-3	SPK4009	undefined	816	440	ішінде	ішінде	linguistic	_	_	End=964.15
817-0	SPK4009	undefined	817	440	менің	менің	linguistic	_	_	Begin=964.15
817-1	SPK4009	undefined	817	440	мұғалімім	мұғалімім	linguistic	_	_	End=965.14
818-0	SPK4009	undefined	818	440	ауырған	ауырған	linguistic	_	_	Begin=965.165
818-1	SPK4009	undefined	818	440	болатын	болатын	linguistic	_	_	End=966.315
819-0	SPK4009	undefined	819	441	және	және	linguistic	_	_	Begin=966.34
819-1	SPK4009	undefined	819	441	мен	мен	linguistic	_	_	_
819-2	SPK4009	undefined	819	441	<lag>	<lag>	linguistic	_	_	_
819-3	SPK4009	undefined	819	441	әә	әә	linguistic	_	_	_
819-4	SPK4009	undefined	819	441	<lag>	<lag>	linguistic	_	_	End=967.575
820-0	SPK4009	undefined	820	441	соны	соны	linguistic	_	_	Begin=967.575
820-1	SPK4009	undefined	820	441	қолданып	қолданып	linguistic	_	_	_
820-2	SPK4009	undefined	820	441	айтқанмын	айтқанмын	linguistic	_	_	End=968.815
821-0	SPK4009	undefined	821	441	өзім	өзім	linguistic	_	_	Begin=968.815
821-1	SPK4009	undefined	821	441	бәрін	бәрін	linguistic	_	_	_
821-2	SPK4009	undefined	821	441	істеймін,	істеймін	linguistic	_	_	_
821-3	SPK4009	undefined	821	441	өзім	өзім	linguistic	_	_	_
821-4	SPK4009	undefined	821	441	рецензияны	рецензияны	linguistic	_	_	_
821-5	SPK4009	undefined	821	441	жазамын	жазамын	linguistic	_	_	End=970.665
822-0	SPK4009	undefined	822	442	соңында	соңында	linguistic	_	_	Begin=970.71
822-1	SPK4009	undefined	822	442	ол	ол	linguistic	_	_	_
822-2	SPK4009	undefined	822	442	кісі	кісі	linguistic	_	_	_
822-3	SPK4009	undefined	822	442	дым	дым	linguistic	_	_	_
822-4	SPK4009	undefined	822	442	деген	деген	linguistic	_	_	_
822-5	SPK4009	undefined	822	442	жоқ	жоқ	linguistic	_	_	End=972.46
823-0	SPK4009	undefined	823	442	мен	мен	linguistic	_	_	Begin=972.505
823-1	SPK4009	undefined	823	442	сол	сол	linguistic	_	_	_
823-2	SPK4009	undefined	823	442	<lag>	<lag>	linguistic	_	_	_
823-3	SPK4009	undefined	823	442	әә	әә	linguistic	_	_	_
823-4	SPK4009	undefined	823	442	<lag>	<lag>	linguistic	_	_	_
823-5	SPK4009	undefined	823	442	нені	нені	linguistic	_	_	End=973.615
824-0	SPK4009	undefined	824	442	тақырып	тақырып	linguistic	_	_	Begin=973.75
824-1	SPK4009	undefined	824	442	<lag>	<lag>	linguistic	_	_	_
824-2	SPK4009	undefined	824	442	әә	әә	linguistic	_	_	_
824-3	SPK4009	undefined	824	442	<lag>	<lag>	linguistic	_	_	_
824-4	SPK4009	undefined	824	442	таңдағанда	таңдағанда	linguistic	_	_	End=974.9
825-0	SPK4008	undefined	825	443	мм	мм	disfluency	_	_	Begin=975.765|End=976.495
826-0	SPK4008	undefined	826	444	сонда	сонда	linguistic	_	_	Begin=976.53|End=977.32
827-0	SPK4008	undefined	827	444	сен	сен	linguistic	_	_	Begin=977.385|End=977.895
828-0	SPK4008	Interrupted	828	444	зертте-	зертте-	linguistic	_	Interrupted=Yes	Begin=977.98|End=978.55
829-0	SPK4008	undefined	829	444	сол	сол	linguistic	_	_	Begin=978.55|End=978.91
830-0	SPK4008	undefined	830	444	зерттегенде	зерттегенде	linguistic	_	_	Begin=978.96|End=980.52
831-0	SPK4008	undefined	831	444	<lag>	<lag>	linguistic	_	_	Begin=980.56
831-1	SPK4008	undefined	831	444	әә	әә	linguistic	_	_	_
831-2	SPK4008	undefined	831	444	<lag>	<lag>	linguistic	_	_	End=981.03
832-0	SPK4008	undefined	832	444	сен	сен	linguistic	_	_	Begin=981.085|End=981.895
833-0	SPK4008	Rising	833	444	қа-	қа-	linguistic	_	Interrupted=Yes	Begin=981.92
833-1	SPK4008	Rising	833	444	қай	қай	linguistic	_	_	_
833-2	SPK4008	Rising	833	444	жақтан	жақтан	linguistic	_	_	_
833-3	SPK4008	Rising	833	444	қарыстардың?	қарыстардың	linguistic	_	_	End=983.34
834-0	SPK4008	Rising	834	445	қай	қай	linguistic	_	_	Begin=983.4
834-1	SPK4008	Rising	834	445	көз	көз	linguistic	_	_	_
834-2	SPK4008	Rising	834	445	қарасты	қарасты	linguistic	_	_	_
834-3	SPK4008	Rising	834	445	қарыстардың?	қарыстардың	linguistic	_	_	End=984.48
835-0	SPK4008	Rising	835	445	сен	сен	linguistic	_	_	Begin=984.51
835-1	SPK4008	Rising	835	445	философия	философия	linguistic	_	_	_
835-2	SPK4008	Rising	835	445	жағынан	жағынан	linguistic	_	_	_
835-3	SPK4008	Rising	835	445	қарастырдың?	қарастырдың	linguistic	_	_	End=985.91
836-0	SPK4008	undefined	836	445	сен	сен	linguistic	_	_	Begin=985.94
836-1	SPK4008	undefined	836	445	халықаралық	халықаралық	linguistic	_	_	End=987.66
837-0	SPK4008	undefined	837	446	жоқ	жоқ	linguistic	_	_	Begin=988.17|End=988.59
838-0	SPK4008	Rising	838	447	халықаралық	халықаралық	linguistic	_	_	Begin=988.64
838-1	SPK4008	Rising	838	447	###	###	unknown	_	_	_
838-2	SPK4008	Rising	838	447	қой	қой	linguistic	_	_	_
838-3	SPK4008	Rising	838	447	иә?	иә	linguistic	_	_	End=989.76
839-0	SPK4009	undefined	839	448	ең	ең	linguistic	_	_	Begin=989.74
839-1	SPK4009	undefined	839	448	бастысы	бастысы	linguistic	_	_	_
839-2	SPK4009	undefined	839	448	айтанынмын	айтанынмын	linguistic	_	_	End=990.905
840-0	SPK4009	undefined	840	448	мен	мен	linguistic	_	_	Begin=990.905
840-1	SPK4009	undefined	840	448	<lag>	<lag>	linguistic	_	_	_
840-2	SPK4009	undefined	840	448	әә	әә	linguistic	_	_	_
840-3	SPK4009	undefined	840	448	<lag>	<lag>	linguistic	_	_	End=991.825
841-0	SPK4009	undefined	841	448	мен	мен	linguistic	_	_	Begin=991.865
841-1	SPK4009	undefined	841	448	религия	религия	linguistic	_	_	_
841-2	SPK4009	undefined	841	448	дін	дін	linguistic	_	_	_
841-3	SPK4009	undefined	841	448	жағындағы	жағындағы	linguistic	_	_	_
841-4	SPK4009	undefined	841	448	адам	адам	linguistic	_	_	_
841-5	SPK4009	undefined	841	448	емеспін	емеспін	linguistic	_	_	End=994.73
842-0	SPK4009	undefined	842	449	сондықтан	сондықтан	linguistic	_	_	Begin=994.73|End=995.5
843-0	SPK4009	undefined	843	449	атеист	атеист	linguistic	_	_	Begin=995.525
843-1	SPK4009	undefined	843	449	та	та	linguistic	_	_	_
843-2	SPK4009	undefined	843	449	емеспін	емеспін	linguistic	_	_	_
843-3	SPK4009	undefined	843	449	бірақ	бірақ	linguistic	_	_	_
843-4	SPK4009	undefined	843	449	<lag>	<lag>	linguistic	_	_	_
843-5	SPK4009	undefined	843	449	әә	әә	linguistic	_	_	_
843-6	SPK4009	undefined	843	449	<lag>	<lag>	linguistic	_	_	End=997.325
844-0	SPK4009	undefined	844	449	дін	дін	linguistic	_	_	Begin=997.345
844-1	SPK4009	undefined	844	449	жағынан	жағынан	linguistic	_	_	_
844-2	SPK4009	undefined	844	449	###	###	unknown	_	_	_
844-3	SPK4009	undefined	844	449	емеспін	емеспін	linguistic	_	_	End=998.735
845-0	SPK4008	undefined	845	450	агностик	агностик	linguistic	_	_	Begin=998.21|End=999.06
846-0	SPK4009	undefined	846	451	сондықтан	сондықтан	linguistic	_	_	Begin=998.885|End=999.495
847-0	SPK4009	undefined	847	451	иә	иә	linguistic	_	_	Begin=999.52|End=999.9
848-0	SPK4009	undefined	848	451	солай	солай	linguistic	_	_	Begin=999.93|End=1000.62
849-0	SPK4009	undefined	849	451	және	және	linguistic	_	_	Begin=1000.655
849-1	SPK4009	undefined	849	451	мен	мен	linguistic	_	_	_
849-2	SPK4009	undefined	849	451	аборт	аборт	linguistic	_	_	_
849-3	SPK4009	undefined	849	451	толықтай	толықтай	linguistic	_	_	_
849-4	SPK4009	undefined	849	451	қолдаймын	қолдаймын	linguistic	_	_	End=1002.995
850-0	SPK4009	undefined	850	452	сол	сол	linguistic	_	_	Begin=1003.03
850-1	SPK4009	undefined	850	452	үшін	үшін	linguistic	_	_	_
850-2	SPK4009	undefined	850	452	өз	өз	linguistic	_	_	_
850-3	SPK4009	undefined	850	452	көзқарасымды	көзқарасымды	linguistic	_	_	_
850-4	SPK4009	undefined	850	452	дәлелдеу	дәлелдеу	linguistic	_	_	_
850-5	SPK4009	undefined	850	452	үшін	үшін	linguistic	_	_	_
850-6	SPK4009	undefined	850	452	мен	мен	linguistic	_	_	_
850-7	SPK4009	undefined	850	452	бүкіл	бүкіл	linguistic	_	_	_
850-8	SPK4009	undefined	850	452	халықаралық	халықаралық	linguistic	_	_	_
850-9	SPK4009	undefined	850	452	құжаттарды	құжаттарды	linguistic	_	_	_
850-10	SPK4009	undefined	850	452	қарыстардым	қарыстардым	linguistic	_	_	End=1007.02
851-0	SPK4009	undefined	851	453	бүкілін	бүкілін	linguistic	_	_	Begin=1007.045|End=1007.665
852-0	SPK4009	undefined	852	454	###	###	unknown	_	_	Begin=1007.715
852-1	SPK4009	undefined	852	454	құқығын	құқығын	linguistic	_	_	_
852-2	SPK4009	undefined	852	454	әйел	әйел	linguistic	_	_	_
852-3	SPK4009	undefined	852	454	қарыстардым	қарыстардым	linguistic	_	_	End=1010.075
853-0	SPK4009	undefined	853	455	және	және	linguistic	_	_	Begin=1010.105
853-1	SPK4009	undefined	853	455	<lag>	<lag>	linguistic	_	_	_
853-2	SPK4009	undefined	853	455	әә	әә	linguistic	_	_	_
853-3	SPK4009	undefined	853	455	<lag>	<lag>	linguistic	_	_	End=1011.115
854-0	SPK4009	undefined	854	455	ешқайсында	ешқайсында	linguistic	_	_	Begin=1011.15
854-1	SPK4009	undefined	854	455	жазылмаған	жазылмаған	linguistic	_	_	End=1012.51
855-0	SPK4009	undefined	855	455	аборт	аборт	linguistic	_	_	Begin=1012.54
855-1	SPK4009	undefined	855	455	бұл	бұл	linguistic	_	_	_
855-2	SPK4009	undefined	855	455	<lag>	<lag>	linguistic	_	_	_
855-3	SPK4009	undefined	855	455	әә	әә	linguistic	_	_	_
855-4	SPK4009	undefined	855	455	<lag>	<lag>	linguistic	_	_	End=1013.84
856-0	SPK4009	undefined	856	455	баланың	баланың	linguistic	_	_	Begin=1013.85
856-1	SPK4009	undefined	856	455	өлімі	өлімі	linguistic	_	_	_
856-2	SPK4009	undefined	856	455	деген	деген	linguistic	_	_	End=1015.09
857-0	SPK4009	undefined	857	456	аборт	аборт	linguistic	_	_	Begin=1015.14
857-1	SPK4009	undefined	857	456	бұл	бұл	linguistic	_	_	_
857-2	SPK4009	undefined	857	456	индивидты	индивидты	linguistic	_	_	_
857-3	SPK4009	undefined	857	456	өлтіру	өлтіру	linguistic	_	_	_
857-4	SPK4009	undefined	857	456	деген	деген	linguistic	_	_	_
857-5	SPK4009	undefined	857	456	ешбір	ешбір	linguistic	_	_	_
857-6	SPK4009	undefined	857	456	сөз	сөз	linguistic	_	_	_
857-7	SPK4009	undefined	857	456	жазылған	жазылған	linguistic	_	_	_
857-8	SPK4009	undefined	857	456	жоқ	жоқ	linguistic	_	_	End=1018.98
858-0	SPK4009	undefined	858	457	соның	соның	linguistic	_	_	Begin=1019.02
858-1	SPK4009	undefined	858	457	дәріптеу	дәріптеу	linguistic	_	_	_
858-2	SPK4009	undefined	858	457	үшін	үшін	linguistic	_	_	_
858-3	SPK4009	undefined	858	457	оны	оны	linguistic	_	_	_
858-4	SPK4009	undefined	858	457	бәрін	бәрін	linguistic	_	_	_
858-5	SPK4009	undefined	858	457	жазғанмын	жазғанмын	linguistic	_	_	End=1021.4
859-0	SPK4008	Rising	859	458	ал	ал	linguistic	_	_	Begin=1021.39
859-1	SPK4008	Rising	859	458	бір	бір	linguistic	_	_	_
859-2	SPK4008	Rising	859	458	контраргументтер	контраргументтер	linguistic	_	_	_
859-3	SPK4008	Rising	859	458	болды	болды	linguistic	_	_	_
859-4	SPK4008	Rising	859	458	ма?	ма	linguistic	_	_	End=1023.27
860-0	SPK4009	undefined	860	459	иә,	иә	linguistic	_	_	Begin=1023.22
860-1	SPK4009	undefined	860	459	болды	болды	linguistic	_	_	End=1024.26
861-0	SPK4009	undefined	861	459	сұрақ	сұрақ	linguistic	_	_	Begin=1024.33|End=1024.72
862-0	SPK4009	undefined	862	460	көптегені	көптегені	linguistic	_	_	Begin=1024.735
862-1	SPK4009	undefined	862	460	бұл	бұл	linguistic	_	_	_
862-2	SPK4009	undefined	862	460	не	не	linguistic	_	_	End=1026.105
863-0	SPK4009	undefined	863	460	@	@	linguistic	_	_	Begin=1026.13|End=1026.52
864-0	SPK4009	undefined	864	460	дінтанушылардықы	дінтанушылардықы	linguistic	_	_	Begin=1026.52|End=1027.46
865-0	SPK4009	undefined	865	461	иә	иә	linguistic	_	_	Begin=1027.56|End=1028.16
866-0	SPK4012	undefined	866	_	@	@	linguistic	_	_	Begin=1027.56|End=1028.16
867-0	SPK4009	undefined	867	462	сен	сен	linguistic	_	_	Begin=1028.3
867-1	SPK4009	undefined	867	462	адамды	адамды	linguistic	_	_	_
867-2	SPK4009	undefined	867	462	өлті-	өлті-	linguistic	_	Interrupted=Yes	_
867-3	SPK4009	undefined	867	462	өлтіресің	өлтіресің	linguistic	_	_	End=1030.56
868-0	SPK4008	Rising	868	463	араб	араб	linguistic	_	_	Begin=1029.99
868-1	SPK4008	Rising	868	463	елдері	елдері	linguistic	_	_	_
868-2	SPK4008	Rising	868	463	шығар	шығар	linguistic	_	_	_
868-3	SPK4008	Rising	868	463	иә?	иә	linguistic	_	_	End=1031.49
869-0	SPK4009	undefined	869	464	иә	иә	linguistic	_	_	Begin=1031.24
869-1	SPK4009	undefined	869	464	және	және	linguistic	_	_	_
869-2	SPK4009	undefined	869	464	Польшада	Польшада	linguistic	_	_	_
869-3	SPK4009	undefined	869	464	болған	болған	linguistic	_	_	End=1033.65
870-0	SPK4009	undefined	870	464	жағдай	жағдай	linguistic	_	_	Begin=1033.735
870-1	SPK4009	undefined	870	464	қарсы	қарсы	linguistic	_	_	End=1035.275
871-0	SPK4008	undefined	871	465	қай	қай	linguistic	_	_	Begin=1035.215
871-1	SPK4008	undefined	871	465	жақтадай	жақтадай	linguistic	_	_	_
871-2	SPK4008	undefined	871	465	жақтан	жақтан	linguistic	_	_	End=1036.425
872-0	SPK4009	undefined	872	466	Польша	Польша	linguistic	_	_	Begin=1036.01|End=1036.59
873-0	SPK4012	undefined	873	467	Польша	Польша	linguistic	_	_	Begin=1036.19|End=1036.77
874-0	SPK4009	undefined	874	468	себебі	себебі	linguistic	_	_	Begin=1036.77
874-1	SPK4009	undefined	874	468	<lag>	<lag>	linguistic	_	_	_
874-2	SPK4009	undefined	874	468	әә	әә	linguistic	_	_	_
874-3	SPK4009	undefined	874	468	<lag>	<lag>	linguistic	_	_	End=1037.81
875-0	SPK4009	undefined	875	468	шатаспасам	шатаспасам	linguistic	_	_	Begin=1037.85
875-1	SPK4009	undefined	875	468	екі	екі	linguistic	_	_	_
875-2	SPK4009	undefined	875	468	мың	мың	linguistic	_	_	_
875-3	SPK4009	undefined	875	468	жиырма	жиырма	linguistic	_	_	_
875-4	SPK4009	undefined	875	468	бірінші	бірінші	linguistic	_	_	_
875-5	SPK4009	undefined	875	468	жылдың	жылдың	linguistic	_	_	End=1040.42
876-0	SPK4009	undefined	876	468	желтоқсанда	желтоқсанда	linguistic	_	_	Begin=1040.515
876-1	SPK4009	undefined	876	468	ма	ма	linguistic	_	_	_
876-2	SPK4009	undefined	876	468	әлде	әлде	linguistic	_	_	End=1041.815
877-0	SPK4009	undefined	877	468	а	а	linguistic	_	_	Begin=1041.845
877-1	SPK4009	undefined	877	468	жоқ	жоқ	linguistic	_	_	End=1042.305
878-0	SPK4009	undefined	878	468	желтоқсан	желтоқсан	linguistic	_	_	Begin=1042.335
878-1	SPK4009	undefined	878	468	емес	емес	linguistic	_	_	End=1043.235
879-0	SPK4009	undefined	879	468	ақпан	ақпан	linguistic	_	_	Begin=1044.675
879-1	SPK4009	undefined	879	468	айында	айында	linguistic	_	_	End=1046.155
880-0	SPK4009	undefined	880	469	бұл	бұл	linguistic	_	_	Begin=1046.805|End=1047.105
881-0	SPK4009	undefined	881	469	толқулар	толқулар	linguistic	_	_	Begin=1047.115
881-1	SPK4009	undefined	881	469	болды	болды	linguistic	_	_	_
881-2	SPK4009	undefined	881	469	ғой	ғой	linguistic	_	_	End=1048.335
882-0	SPK4009	undefined	882	470	себебі	себебі	linguistic	_	_	Begin=1048.345
882-1	SPK4009	undefined	882	470	олардың	олардың	linguistic	_	_	_
882-2	SPK4009	undefined	882	470	дінтанушылар	дінтанушылар	linguistic	_	_	_
882-3	SPK4009	undefined	882	470	бойынша	бойынша	linguistic	_	_	End=1050.075
883-0	SPK4009	undefined	883	470	олар	олар	linguistic	_	_	Begin=1050.11
883-1	SPK4009	undefined	883	470	бүкіл	бүкіл	linguistic	_	_	_
883-2	SPK4009	undefined	883	470	аборттарды	аборттарды	linguistic	_	_	End=1052.0
884-0	SPK4009	undefined	884	470	<lag>	<lag>	linguistic	_	_	Begin=1052.035
884-1	SPK4009	undefined	884	470	әм	әм	linguistic	_	_	_
884-2	SPK4009	undefined	884	470	<lag>	<lag>	linguistic	_	_	End=1052.575
885-0	SPK4009	undefined	885	470	жақтырмайды	жақтырмайды	linguistic	_	_	Begin=1052.605|End=1053.675
886-0	SPK4008	undefined	886	471	ммм	ммм	disfluency	_	_	Begin=1053.7|End=1054.44
887-0	SPK4009	undefined	887	472	және	және	linguistic	_	_	Begin=1054.255|End=1054.735
888-0	SPK4008	Rising	888	473	Польшада	Польшада	linguistic	_	_	Begin=1054.49
888-1	SPK4008	Rising	888	473	ма?	ма	linguistic	_	_	End=1055.4
889-0	SPK4009	undefined	889	474	Иә	Иә	linguistic	_	_	Begin=1055.035
889-1	SPK4009	undefined	889	474	Польшада	Польшада	linguistic	_	_	End=1055.955
890-0	SPK4009	undefined	890	475	себебі	себебі	linguistic	_	_	Begin=1056.075
890-1	SPK4009	undefined	890	475	Польша	Польша	linguistic	_	_	_
890-2	SPK4009	undefined	890	475	ол	ол	linguistic	_	_	_
890-3	SPK4009	undefined	890	475	Еуропалық	Еуропалық	linguistic	_	_	_
890-4	SPK4009	undefined	890	475	елдердің	елдердің	linguistic	_	_	_
890-5	SPK4009	undefined	890	475	ең	ең	linguistic	_	_	_
890-6	SPK4009	undefined	890	475	біріншісі	біріншісі	linguistic	_	_	End=1058.955
891-0	SPK4009	undefined	891	475	<lag>	<lag>	linguistic	_	_	Begin=1058.955
891-1	SPK4009	undefined	891	475	әә	әә	linguistic	_	_	_
891-2	SPK4009	undefined	891	475	<lag>	<lag>	linguistic	_	_	End=1059.33
892-0	SPK4009	undefined	892	475	діни	діни	linguistic	_	_	Begin=1059.33
892-1	SPK4009	undefined	892	475	мемлекет	мемлекет	linguistic	_	_	_
892-2	SPK4009	undefined	892	475	болып	болып	linguistic	_	_	_
892-3	SPK4009	undefined	892	475	табылады	табылады	linguistic	_	_	End=1060.99
893-0	SPK4008	Rising	893	476	Польша	Польша	linguistic	_	_	Begin=1060.87
893-1	SPK4008	Rising	893	476	рас	рас	linguistic	_	_	_
893-2	SPK4008	Rising	893	476	па?	па	linguistic	_	_	End=1062.12
894-0	SPK4012	Rising	894	477	иә?	иә	linguistic	_	_	Begin=1061.405|End=1061.965
895-0	SPK4009	undefined	895	478	иә	иә	linguistic	_	_	Begin=1061.985|End=1062.345
896-0	SPK4009	undefined	896	479	Польша	Польша	linguistic	_	_	Begin=1062.365|End=1062.855
897-0	SPK4012	Rising	897	480	Польша?	Польша	linguistic	_	_	Begin=1063.21|End=1063.99
898-0	SPK4012	Rising	898	481	Европа?	Европа	linguistic	_	_	Begin=1063.99|End=1064.79
899-0	SPK4009	undefined	899	482	Польша,	Польша	linguistic	_	_	Begin=1064.79
899-1	SPK4009	undefined	899	482	иә	иә	linguistic	_	_	End=1065.67
900-0	SPK4008	undefined	900	483	әәә	әәә	linguistic	_	_	Begin=1065.79|End=1066.7
901-0	SPK4008	Rising	901	484	қандай	қандай	linguistic	_	_	Begin=1066.795
901-1	SPK4008	Rising	901	484	қызық	қызық	linguistic	_	_	_
901-2	SPK4008	Rising	901	484	мәліметтер	мәліметтер	linguistic	_	_	_
901-3	SPK4008	Rising	901	484	таптың	таптың	linguistic	_	_	_
901-4	SPK4008	Rising	901	484	осы	осы	linguistic	_	_	_
901-5	SPK4008	Rising	901	484	аборт	аборт	linguistic	_	_	_
901-6	SPK4008	Rising	901	484	туралы?	туралы	linguistic	_	_	End=1069.395
902-0	SPK4008	undefined	902	485	мысалы	мысалы	linguistic	_	_	Begin=1069.455|End=1070.245
903-0	SPK4009	Interrupted	903	486	мысалы	мысалы	linguistic	_	_	Begin=1070.14
903-1	SPK4009	Interrupted	903	486	діни	діни	linguistic	_	_	_
903-2	SPK4009	Interrupted	903	486	жағынан-	жағынан-	linguistic	_	Interrupted=Yes	End=1071.54
904-0	SPK4008	undefined	904	487	мысалы	мысалы	linguistic	_	_	Begin=1071.16
904-1	SPK4008	undefined	904	487	Польша	Польша	linguistic	_	_	_
904-2	SPK4008	undefined	904	487	туралы	туралы	linguistic	_	_	_
904-3	SPK4008	undefined	904	487	білдік	білдік	linguistic	_	_	_
904-4	SPK4008	undefined	904	487	енді	енді	linguistic	_	_	_
904-5	SPK4008	undefined	904	487	тағы	тағы	linguistic	_	_	_
904-6	SPK4008	undefined	904	487	да	да	linguistic	_	_	End=1072.9
905-0	SPK4009	undefined	905	488	Польша	Польша	linguistic	_	_	Begin=1072.59
905-1	SPK4009	undefined	905	488	<lag>	<lag>	linguistic	_	_	_
905-2	SPK4009	undefined	905	488	әә	әә	linguistic	_	_	_
905-3	SPK4009	undefined	905	488	<lag>	<lag>	linguistic	_	_	End=1073.65
906-0	SPK4009	undefined	906	489	сол	сол	linguistic	_	_	Begin=1073.85
906-1	SPK4009	undefined	906	489	туралы	туралы	linguistic	_	_	_
906-2	SPK4009	undefined	906	489	айтып	айтып	linguistic	_	_	_
906-3	SPK4009	undefined	906	489	кететін	кететін	linguistic	_	_	_
906-4	SPK4009	undefined	906	489	болсақ	болсақ	linguistic	_	_	End=1075.35
907-0	SPK4009	undefined	907	490	көптеген	көптеген	linguistic	_	_	Begin=1075.41
907-1	SPK4009	undefined	907	490	<lag>	<lag>	linguistic	_	_	_
907-2	SPK4009	undefined	907	490	әә	әә	linguistic	_	_	_
907-3	SPK4009	undefined	907	490	<lag>	<lag>	linguistic	_	_	End=1076.27
908-0	SPK4009	undefined	908	490	әйелдер	әйелдер	linguistic	_	_	Begin=1076.29|End=1077.18
909-0	SPK4009	undefined	909	490	митингке	митингке	linguistic	_	_	Begin=1077.295
909-1	SPK4009	undefined	909	490	шықты	шықты	linguistic	_	_	_
909-2	SPK4009	undefined	909	490	және	және	linguistic	_	_	_
909-3	SPK4009	undefined	909	490	олардың	олардың	linguistic	_	_	_
909-4	SPK4009	undefined	909	490	айтуы	айтуы	linguistic	_	_	_
909-5	SPK4009	undefined	909	490	бойынша	бойынша	linguistic	_	_	_
909-6	SPK4009	undefined	909	490	осы	осы	linguistic	_	_	_
909-7	SPK4009	undefined	909	490	парламенттің	парламенттің	linguistic	_	_	End=1081.26
910-0	SPK4009	undefined	910	490	<lag>	<lag>	linguistic	_	_	Begin=1081.26
910-1	SPK4009	undefined	910	490	ә	ә	linguistic	_	_	_
910-2	SPK4009	undefined	910	490	<lag>	<lag>	linguistic	_	_	End=1081.76
911-0	SPK4009	undefined	911	490	шығарған	шығарған	linguistic	_	_	Begin=1081.76
911-1	SPK4009	undefined	911	490	заңы	заңы	linguistic	_	_	End=1083.01
912-0	SPK4009	undefined	912	490	ол	ол	linguistic	_	_	Begin=1083.035
912-1	SPK4009	undefined	912	490	тоқсан	тоқсан	linguistic	_	_	_
912-2	SPK4009	undefined	912	490	сегіз	сегіз	linguistic	_	_	_
912-3	SPK4009	undefined	912	490	бүтін	бүтін	linguistic	_	_	_
912-4	SPK4009	undefined	912	490	он	он	linguistic	_	_	_
912-5	SPK4009	undefined	912	490	он	он	linguistic	_	_	_
912-6	SPK4009	undefined	912	490	бес	бес	linguistic	_	_	_
912-7	SPK4009	undefined	912	490	пайыз	пайыз	linguistic	_	_	_
912-8	SPK4009	undefined	912	490	бүкіл	бүкіл	linguistic	_	_	_
912-9	SPK4009	undefined	912	490	болған	болған	linguistic	_	_	_
912-10	SPK4009	undefined	912	490	аборттарды	аборттарды	linguistic	_	_	_
912-11	SPK4009	undefined	912	490	жақтырмайды	жақтырмайды	linguistic	_	_	End=1087.455
913-0	SPK4009	undefined	913	491	оның	оның	linguistic	_	_	Begin=1087.485
913-1	SPK4009	undefined	913	491	себебі	себебі	linguistic	_	_	_
913-2	SPK4009	undefined	913	491	не	не	linguistic	_	_	End=1088.605
914-0	SPK4009	undefined	914	492	оның	оның	linguistic	_	_	Begin=1088.605
914-1	SPK4009	undefined	914	492	ішінде	ішінде	linguistic	_	_	_
914-2	SPK4009	undefined	914	492	егер	егер	linguistic	_	_	_
914-3	SPK4009	undefined	914	492	сенің	сенің	linguistic	_	_	_
914-4	SPK4009	undefined	914	492	балаң	балаң	linguistic	_	_	_
914-5	SPK4009	undefined	914	492	ауру	ауру	linguistic	_	_	_
914-6	SPK4009	undefined	914	492	болып	болып	linguistic	_	_	_
914-7	SPK4009	undefined	914	492	туылса	туылса	linguistic	_	_	End=1090.89
915-0	SPK4009	undefined	915	492	саған	саған	linguistic	_	_	Begin=1090.89
915-1	SPK4009	undefined	915	492	ешкім	ешкім	linguistic	_	_	_
915-2	SPK4009	undefined	915	492	көрсетпейді	көрсетпейді	linguistic	_	_	End=1092.035
916-0	SPK4009	undefined	916	492	егер	егер	linguistic	_	_	Begin=1092.035
916-1	SPK4009	undefined	916	492	сен	сен	linguistic	_	_	_
916-2	SPK4009	undefined	916	492	сол	сол	linguistic	_	_	_
916-3	SPK4009	undefined	916	492	баланы	баланы	linguistic	_	_	_
916-4	SPK4009	undefined	916	492	өлтірсең	өлтірсең	linguistic	_	_	End=1093.915
917-0	SPK4009	undefined	917	492	сен	сен	linguistic	_	_	Begin=1093.945
917-1	SPK4009	undefined	917	492	мүмкін	мүмкін	linguistic	_	_	_
917-2	SPK4009	undefined	917	492	де	де	linguistic	_	_	_
917-3	SPK4009	undefined	917	492	түрмеге	түрмеге	linguistic	_	_	_
917-4	SPK4009	undefined	917	492	де	де	linguistic	_	_	_
917-5	SPK4009	undefined	917	492	баратын	баратын	linguistic	_	_	_
917-6	SPK4009	undefined	917	492	шығарсың	шығарсың	linguistic	_	_	_
917-7	SPK4009	undefined	917	492	сол	сол	linguistic	_	_	_
917-8	SPK4009	undefined	917	492	үшін	үшін	linguistic	_	_	End=1096.355
