token_id	speaker	iu_type	iu_id	tu_id	span	form	type	modality	features	align
0-0	SPK0026	Falling	0	0	Алып	Алып	linguistic	_	_	Begin=0.132
0-1	SPK0026	Falling	0	0	кет	кет	linguistic	_	_	_
0-2	SPK0026	Falling	0	0	ары	ары	linguistic	_	_	_
0-3	SPK0026	Falling	0	0	қарай.	қарай	linguistic	_	_	End=1.284
1-0	SPK0023	Falling	1	1	Мхм.	Мхм	linguistic	_	_	Begin=0.245|End=0.463
2-0	SPK0023	undefined	2	_	###	###	unknown	_	_	Begin=0.527|End=1.234
3-0	SPK0024	Interrupted	3	_	А—	А—	linguistic	_	Interrupted=Yes	Begin=1.257|End=1.61
4-0	SPK0028	undefined	4	_	SOUNDS_FROM_THROAT	SOUNDS_FROM_THROAT	linguistic	_	_	Begin=1.518|End=2.705
5-0	SPK0024	Falling	5	2	Ойнатшы	Ойнатшы	linguistic	_	_	Begin=2.127
5-1	SPK0024	Falling	5	2	кішкене.	кішкене	linguistic	_	_	End=3.126
6-0	SPK0026	Continuing	6	3	Байқа,	Байқа	linguistic	_	_	Begin=3.708|End=4.285
7-0	SPK0026	Falling	7	3	бірдеңе	бірдеңе	linguistic	_	_	Begin=4.291
7-1	SPK0026	Falling	7	3	##.	##	unknown	_	_	End=5.392
8-0	SPK0027	Falling	8	4	Ана	Ана	linguistic	_	_	Begin=4.635
8-1	SPK0027	Falling	8	4	жерде	жерде	linguistic	_	_	_
8-2	SPK0027	Falling	8	4	жұмсақ	жұмсақ	linguistic	_	_	_
8-3	SPK0027	Falling	8	4	ойыншықтар	ойыншықтар	linguistic	_	_	_
8-4	SPK0027	Falling	8	4	жатыр.	жатыр	linguistic	_	_	End=6.004
9-0	SPK0027	Falling	9	5	Төсектің	Төсектің	linguistic	_	_	Begin=6.004
9-1	SPK0027	Falling	9	5	үстінде.	үстінде	linguistic	_	_	End=6.926
10-0	SPK0027	Falling	10	6	Көрсетші	Көрсетші	linguistic	_	_	Begin=6.927
10-1	SPK0027	Falling	10	6	соларды.	соларды	linguistic	_	_	End=8.095
11-0	SPK0028	Falling	11	7	Ойыншықтан	Ойыншықтан	linguistic	_	_	Begin=7.527
11-1	SPK0028	Falling	11	7	көп	көп	linguistic	_	_	_
11-2	SPK0028	Falling	11	7	нәрсе	нәрсе	linguistic	_	_	_
11-3	SPK0028	Falling	11	7	жоқ	жоқ	linguistic	_	_	_
11-4	SPK0028	Falling	11	7	###.	###	unknown	_	_	End=9.661
12-0	SPK0024	Continuing	12	8	Ойнатып,	Ойнатып	linguistic	_	_	Begin=8.934|End=9.463
13-0	SPK0024	Falling	13	8	үйрете	үйрете	linguistic	_	_	Begin=9.463
13-1	SPK0024	Falling	13	8	бер.	бер	linguistic	_	_	End=10.118
14-0	SPK0024	Falling	14	8	Үйрене	Үйрене	linguistic	_	_	Begin=10.118
14-1	SPK0024	Falling	14	8	бер.	бер	linguistic	_	_	End=11.163
15-0	SPK0024	Continuing	15	9	Балаң	Балаң	linguistic	_	_	Begin=11.333
15-1	SPK0024	Continuing	15	9	болса,	болса	linguistic	_	_	End=12.072
16-0	SPK0024	Falling	16	9	үйретесің.	үйретесің	linguistic	_	_	Begin=12.072|End=12.997
17-0	SPK0024	Falling	17	_	####.	####	unknown	_	_	Begin=12.997|End=13.464
18-0	SPK0026	Falling	18	10	Кетші	Кетші	linguistic	_	_	Begin=13.293
18-1	SPK0026	Falling	18	10	эй.	эй	linguistic	_	_	End=13.867
19-0	SPK0026	undefined	19	_	@@	@@	linguistic	_	_	Begin=13.867|End=14.71
20-0	SPK0026	Rising	20	11	Содан	Содан	linguistic	_	_	Begin=17.579
20-1	SPK0026	Rising	20	11	кейін?	кейін	linguistic	_	_	End=18.389
21-0	SPK0027	Falling	21	12	(Hx)	(Hx)	exhale	_	_	Begin=18.746
21-1	SPK0027	Falling	21	12	сөйтіп	сөйтіп	linguistic	_	_	_
21-2	SPK0027	Falling	21	12	сол.	сол	linguistic	_	_	End=19.692
22-0	SPK0027	Falling	22	13	Тойдың	Тойдың	linguistic	_	_	Begin=19.774
22-1	SPK0027	Falling	22	13	сондай	сондай	linguistic	_	_	_
22-2	SPK0027	Falling	22	13	қызықтары	қызықтары	linguistic	_	_	_
22-3	SPK0027	Falling	22	13	болды.	болды	linguistic	_	_	End=21.362
23-0	SPK0023	Continuing	23	_	###,	###	unknown	_	_	Begin=21.227|End=21.889
24-0	SPK0023	Continuing	24	14	туған	туған	linguistic	_	_	Begin=21.891
24-1	SPK0023	Continuing	24	14	күн#,	күн#	linguistic	_	_	End=22.578
25-0	SPK0023	Falling	25	15	болдым	болдым	linguistic	_	_	Begin=22.578
25-1	SPK0023	Falling	25	15	болдым.	болдым	linguistic	_	_	End=23.267
26-0	SPK0023	Falling	26	16	Туған	Туған	linguistic	_	_	Begin=23.267
26-1	SPK0023	Falling	26	16	күні	күні	linguistic	_	_	_
26-2	SPK0023	Falling	26	16	ғой	ғой	linguistic	_	_	_
26-3	SPK0023	Falling	26	16	деймін	деймін	linguistic	_	_	_
26-4	SPK0023	Falling	26	16	дейді.	дейді	linguistic	_	_	End=24.552
27-0	SPK0026	Rising	27	_	А?	А	linguistic	_	_	Begin=25.105|End=25.554
28-0	SPK0023	Continuing	28	17	Таңертең	Таңертең	linguistic	_	_	Begin=25.142
28-1	SPK0023	Continuing	28	17	сағат	сағат	linguistic	_	_	_
28-2	SPK0023	Continuing	28	17	төртте,	төртте	linguistic	_	_	End=26.041
29-0	SPK0023	Falling	29	17	балыққа	балыққа	linguistic	_	_	Begin=26.041
29-1	SPK0023	Falling	29	17	кету	кету	linguistic	_	_	_
29-2	SPK0023	Falling	29	17	керек	керек	linguistic	_	_	_
29-3	SPK0023	Falling	29	17	маған.	маған	linguistic	_	_	End=26.934
30-0	SPK0023	Falling	30	18	¬Бердаққа.	Бердаққа	linguistic	_	Anonymized=Yes	Begin=27.306|End=28.043
31-0	SPK0024	Falling	31	19	Иә.	Иә	linguistic	_	_	Begin=28.097|End=28.658
32-0	SPK0026	Rising	32	20	¬Бердаққа?	Бердаққа	linguistic	_	Anonymized=Yes	Begin=29.038|End=29.711
33-0	SPK0023	Falling	33	21	Иә.	Иә	linguistic	_	_	Begin=29.334|End=29.789
34-0	SPK0023	undefined	34	_	#####	#####	unknown	_	_	Begin=29.789|End=30.589
35-0	SPK0023	Falling	35	22	Анау.	Анау	linguistic	_	_	Begin=30.918|End=31.342
36-0	SPK0023	Falling	36	22	оятады.	оятады	linguistic	_	_	Begin=32.092|End=32.771
37-0	SPK0028	Falling	37	23	Алло.	Алло	linguistic	_	_	Begin=32.277|End=32.961
38-0	SPK0026	Falling	38	_	Мхм.	Мхм	linguistic	_	_	Begin=33.427|End=34.154
39-0	SPK0023	Continuing	39	24	Чё-то,	Чё-то	linguistic	_	_	Begin=33.954|End=34.623
40-0	SPK0023	Continuing	40	24	#,	#	unknown	_	_	Begin=34.711|End=35.189
41-0	SPK0028	Falling	41	25	Я	Я	linguistic	_	_	Begin=35.319
41-1	SPK0028	Falling	41	25	дома.	дома	linguistic	_	_	End=36.42
42-0	SPK0023	Continuing	42	24	ол,	ол	linguistic	_	_	Begin=35.438|End=35.691
43-0	SPK0023	Falling	43	24	болды	болды	linguistic	_	_	Begin=35.691
43-1	SPK0023	Falling	43	24	ғой	ғой	linguistic	_	_	_
43-2	SPK0023	Falling	43	24	деймін	деймін	linguistic	_	_	_
43-3	SPK0023	Falling	43	24	дейді.	дейді	linguistic	_	_	End=36.87
44-0	SPK0024	Falling	44	26	Ммм.	Ммм	linguistic	_	_	Begin=36.705|End=37.422
45-0	SPK0026	Falling	45	_	Неге.	Неге	linguistic	_	_	Begin=36.784|End=37.514
46-0	SPK0026	Falling	46	_	Немене	Немене	linguistic	_	_	Begin=37.652
46-1	SPK0026	Falling	46	_	болды.	болды	linguistic	_	_	End=38.506
47-0	SPK0024	Falling	47	27	¬Бердаққа	Бердаққа	linguistic	_	Anonymized=Yes	Begin=37.662
47-1	SPK0024	Falling	47	27	кетіп	кетіп	linguistic	_	_	_
47-2	SPK0024	Falling	47	27	бара	бара	linguistic	_	_	_
47-3	SPK0024	Falling	47	27	жатқанда	жатқанда	linguistic	_	_	_
47-4	SPK0024	Falling	47	27	айтады.	айтады	linguistic	_	_	End=39.031
48-0	SPK0023	Continuing	48	28	¬Бердақ,	Бердақ	linguistic	_	Anonymized=Yes	Begin=38.377|End=38.847
49-0	SPK0023	Continuing	49	28	е-	е-	linguistic	_	Interrupted=Yes	Begin=38.85
49-1	SPK0023	Continuing	49	28	е-,	е-	linguistic	_	Interrupted=Yes	End=39.199
50-0	SPK0023	Falling	50	28	¬Бердақ.	Бердақ	linguistic	_	Anonymized=Yes	Begin=39.199|End=39.752
51-0	SPK0023	Falling	51	29	Мен	Мен	linguistic	_	_	Begin=39.816
51-1	SPK0023	Falling	51	29	айтамын	айтамын	linguistic	_	_	_
51-2	SPK0023	Falling	51	29	қойшы	қойшы	linguistic	_	_	_
51-3	SPK0023	Falling	51	29	эй	эй	linguistic	_	_	_
51-4	SPK0023	Falling	51	29	өзің.	өзің	linguistic	_	_	End=40.773
52-0	SPK0023	Continuing	52	30	Мен	Мен	linguistic	_	_	Begin=40.773
52-1	SPK0023	Continuing	52	30	бүйтіп,	бүйтіп	linguistic	_	_	End=41.178
53-0	SPK0023	Falling	53	30	теріс	теріс	linguistic	_	_	Begin=41.184
53-1	SPK0023	Falling	53	30	қарап	қарап	linguistic	_	_	_
53-2	SPK0023	Falling	53	30	жатып	жатып	linguistic	_	_	_
53-3	SPK0023	Falling	53	30	алғанмын.	алғанмын	linguistic	_	_	End=42.401
54-0	SPK0026	Falling	54	_	Иә.	Иә	linguistic	_	_	Begin=42.432|End=42.995
55-0	SPK0023	Continuing	55	31	Бір	Бір	linguistic	_	_	Begin=43.728
55-1	SPK0023	Continuing	55	31	күні	күні	linguistic	_	_	_
55-2	SPK0023	Continuing	55	31	қайта	қайта	linguistic	_	_	_
55-3	SPK0023	Continuing	55	31	айналып	айналып	linguistic	_	_	_
55-4	SPK0023	Continuing	55	31	айтты,	айтты	linguistic	_	_	End=44.877
56-0	SPK0023	Falling	56	31	эй	эй	linguistic	_	_	Begin=44.877
56-1	SPK0023	Falling	56	31	кет-	кет-	linguistic	_	Interrupted=Yes	_
56-2	SPK0023	Falling	56	31	чё-то	чё-то	linguistic	_	_	_
56-3	SPK0023	Falling	56	31	бітті.	бітті	linguistic	_	_	End=46.251
57-0	SPK0023	Falling	57	32	Cодан	Cодан	linguistic	_	_	Begin=47.331
57-1	SPK0023	Falling	57	32	айдап	айдап	linguistic	_	_	_
57-2	SPK0023	Falling	57	32	апарды.	апарды	linguistic	_	_	End=48.126
58-0	SPK0023	Falling	58	32	Cодан	Cодан	linguistic	_	_	Begin=48.126
58-1	SPK0023	Falling	58	32	кейін.	кейін	linguistic	_	_	End=48.489
59-0	SPK0024	Falling	59	34	Берші	Берші	linguistic	_	_	Begin=48.436
59-1	SPK0024	Falling	59	34	ананы.	ананы	linguistic	_	_	End=48.952
60-0	SPK0024	Falling	60	35	Әне	Әне	linguistic	_	_	Begin=48.952
60-1	SPK0024	Falling	60	35	тряпка.	тряпка	linguistic	_	_	End=49.452
61-0	SPK0025	Falling	61	36	Әне:	Әне	linguistic	_	Prolongation=2	Begin=49.451
61-1	SPK0025	Falling	61	36	##.	##	unknown	_	_	End=51.236
62-0	SPK0024	undefined	62	35	#	#	unknown	_	_	Begin=49.452|End=49.678
63-0	SPK0023	Rising	63	37	Нешеде	Нешеде	linguistic	_	_	Begin=49.569
63-1	SPK0023	Rising	63	37	еді?	еді	linguistic	_	_	End=50.381
64-0	SPK0023	undefined	64	_	#####	#####	unknown	_	_	Begin=50.523|End=51.36
65-0	SPK0025	Falling	65	38	Қойшы.	Қойшы	linguistic	_	_	Begin=52.359|End=52.885
66-0	SPK0025	Continuing	66	39	Түнімен	Түнімен	linguistic	_	_	Begin=52.885
66-1	SPK0025	Continuing	66	39	жатты	жатты	linguistic	_	_	_
66-2	SPK0025	Continuing	66	39	да,	да	linguistic	_	_	End=53.585
67-0	SPK0025	Falling	67	39	ертеңінде	ертеңінде	linguistic	_	_	Begin=53.585
67-1	SPK0025	Falling	67	39	кетті	кетті	linguistic	_	_	_
67-2	SPK0025	Falling	67	39	ғой.	ғой	linguistic	_	_	End=54.521
68-0	SPK0027	Rising	68	40	Неменені?	Неменені	linguistic	_	_	Begin=54.132|End=54.803
69-0	SPK0025	undefined	69	_	@@@	@@@	linguistic	_	_	Begin=54.853|End=55.415
70-0	SPK0023	Falling	70	41	Жоқ	Жоқ	linguistic	_	_	Begin=55.321
70-1	SPK0023	Falling	70	41	эй.	эй	linguistic	_	_	End=55.505
71-0	SPK0023	Falling	71	42	Таңертең	Таңертең	linguistic	_	_	Begin=55.505
71-1	SPK0023	Falling	71	42	апардым	апардым	linguistic	_	_	_
71-2	SPK0023	Falling	71	42	ғой.	ғой	linguistic	_	_	End=56.201
72-0	SPK0023	Falling	72	43	Түнде	Түнде	linguistic	_	_	Begin=56.299
72-1	SPK0023	Falling	72	43	апардым	апардым	linguistic	_	_	_
72-2	SPK0023	Falling	72	43	ғой.	ғой	linguistic	_	_	End=57.136
73-0	SPK0025	Falling	73	44	Жоқ.	Жоқ	linguistic	_	_	Begin=56.641|End=57.117
74-0	SPK0025	Continuing	74	45	Түнде	Түнде	linguistic	_	_	Begin=57.131
74-1	SPK0025	Continuing	74	45	барып,	барып	linguistic	_	_	End=57.777
75-0	SPK0025	Continuing	75	45	ертеңінде,	ертеңінде	linguistic	_	_	Begin=57.788|End=58.449
76-0	SPK0025	Falling	76	45	түсте	түсте	linguistic	_	_	Begin=58.449
76-1	SPK0025	Falling	76	45	бірақ	бірақ	linguistic	_	_	_
76-2	SPK0025	Falling	76	45	кетті	кетті	linguistic	_	_	_
76-3	SPK0025	Falling	76	45	ғой.	ғой	linguistic	_	_	End=59.382
77-0	SPK0023	Falling	77	46	Ңаа.	Ңаа	linguistic	_	_	Begin=59.237|End=60.349
78-0	SPK0023	Falling	78	_	###.	###	unknown	_	_	Begin=60.605|End=61.406
79-0	SPK0024	Falling	79	47	Әкел	Әкел	linguistic	_	_	Begin=62.279
79-1	SPK0024	Falling	79	47	өзім	өзім	linguistic	_	_	_
79-2	SPK0024	Falling	79	47	не	не	linguistic	_	_	_
79-3	SPK0024	Falling	79	47	ете	ете	linguistic	_	_	_
79-4	SPK0024	Falling	79	47	саламын.	саламын	linguistic	_	_	End=63.318
80-0	SPK0027	Falling	80	48	Бар	Бар	linguistic	_	_	Begin=63.027
80-1	SPK0027	Falling	80	48	ойнатсаңшы.	ойнатсаңшы	linguistic	_	_	End=64.383
81-0	SPK0028	Falling	81	49	¬Серікжан	Серікжан	linguistic	_	Anonymized=Yes	Begin=64.44
81-1	SPK0028	Falling	81	49	ойнатып	ойнатып	linguistic	_	_	_
81-2	SPK0028	Falling	81	49	отыр	отыр	linguistic	_	_	_
81-3	SPK0028	Falling	81	49	ғой.	ғой	linguistic	_	_	End=65.382
82-0	SPK0027	Rising	82	50	¬Серікжанға	Серікжанға	linguistic	_	Anonymized=Yes	Begin=65.145
82-1	SPK0027	Rising	82	50	бере	бере	linguistic	_	_	_
82-2	SPK0027	Rising	82	50	салдың	салдың	linguistic	_	_	_
82-3	SPK0027	Rising	82	50	иә?	иә	linguistic	_	_	End=66.457
83-0	SPK0028	Rising	83	51	Өзі	Өзі	linguistic	_	_	Begin=66.444
83-1	SPK0028	Rising	83	51	сұрап	сұрап	linguistic	_	_	_
83-2	SPK0028	Rising	83	51	алды	алды	linguistic	_	_	_
83-3	SPK0028	Rising	83	51	ғой?	ғой	linguistic	_	_	End=67.461
84-0	SPK0027	Falling	84	52	Ммм.	Ммм	linguistic	_	_	Begin=67.646|End=68.228
85-0	SPK0026	Continuing	85	53	Ана,	Ана	linguistic	_	_	Begin=71.939|End=72.525
86-0	SPK0026	Continuing	86	53	¬Манаттардың	Манаттардың	linguistic	_	Anonymized=Yes	Begin=73.471
86-1	SPK0026	Continuing	86	53	тәрбиесі,	тәрбиесі	linguistic	_	_	End=75.2
87-0	SPK0026	Continuing	87	53	міне,	міне	linguistic	_	_	Begin=76.341|End=76.934
88-0	SPK0026	Continuing	88	53	шәй	шәй	linguistic	_	_	Begin=77.279
88-1	SPK0026	Continuing	88	53	ішкей	ішкей	linguistic	_	_	_
88-2	SPK0026	Continuing	88	53	жатырмыз	жатырмыз	linguistic	_	_	_
88-3	SPK0026	Continuing	88	53	ғой	ғой	linguistic	_	_	_
88-4	SPK0026	Continuing	88	53	иә,	иә	linguistic	_	_	End=78.471
89-0	SPK0026	Falling	89	53	бала	бала	linguistic	_	_	Begin=78.678
89-1	SPK0026	Falling	89	53	жоқ.	жоқ	linguistic	_	_	End=79.348
90-0	SPK0026	Continuing	90	53	Балаға	Балаға	linguistic	_	_	Begin=79.926
90-1	SPK0026	Continuing	90	53	біреуге,	біреуге	linguistic	_	_	End=81.346
91-0	SPK0026	Continuing	91	53	өзінің	өзінің	linguistic	_	_	Begin=82.068
91-1	SPK0026	Continuing	91	53	еркіменен,	еркіменен	linguistic	_	_	End=82.97
92-0	SPK0026	Continuing	92	53	мен	мен	linguistic	_	_	Begin=83.141
92-1	SPK0026	Continuing	92	53	бала	бала	linguistic	_	_	_
92-2	SPK0026	Continuing	92	53	ойната	ойната	linguistic	_	_	_
92-3	SPK0026	Continuing	92	53	тұрамын,	тұрамын	linguistic	_	_	End=84.292
93-0	SPK0026	Falling	93	53	сендер	сендер	linguistic	_	_	Begin=84.294
93-1	SPK0026	Falling	93	53	т-	т-	linguistic	_	Interrupted=Yes	_
93-2	SPK0026	Falling	93	53	тамақтарыңды	тамақтарыңды	linguistic	_	_	_
93-3	SPK0026	Falling	93	53	ішіп	ішіп	linguistic	_	_	_
93-4	SPK0026	Falling	93	53	алыңдар	алыңдар	linguistic	_	_	_
93-5	SPK0026	Falling	93	53	дейді.	дейді	linguistic	_	_	End=86.142
94-0	SPK0026	Falling	94	54	Санжар	Санжар	linguistic	_	_	Begin=86.739
94-1	SPK0026	Falling	94	54	болса	болса	linguistic	_	_	_
94-2	SPK0026	Falling	94	54	Санжар.	Санжар	linguistic	_	_	End=87.937
95-0	SPK0026	Falling	95	55	Ммм.	Ммм	linguistic	_	_	Begin=88.762|End=89.386
96-0	SPK0026	Falling	96	56	Қызы	Қызы	linguistic	_	_	Begin=89.478
96-1	SPK0026	Falling	96	56	болса	болса	linguistic	_	_	_
96-2	SPK0026	Falling	96	56	қызы.	қызы	linguistic	_	_	End=90.84
97-0	SPK0026	Falling	97	57	Наргиз	Наргиз	linguistic	_	_	Begin=91.145
97-1	SPK0026	Falling	97	57	болса	болса	linguistic	_	_	_
97-2	SPK0026	Falling	97	57	Наргиз.	Наргиз	linguistic	_	_	End=92.557
98-0	SPK0026	undefined	98	57	(H)	(H)	inhale	_	_	Begin=92.557|End=92.915
99-0	SPK0026	undefined	99	_	COUGHS	COUGHS	linguistic	_	_	Begin=92.915|End=93.863
100-0	SPK0023	Continuing	100	58	Ооо,	Ооо	linguistic	_	_	Begin=94.313|End=94.751
101-0	SPK0023	Falling	101	_	######.	######	unknown	_	_	Begin=94.751|End=96.362
102-0	SPK0026	Continuing	102	59	Балаларын	Балаларын	linguistic	_	_	Begin=95.693
102-1	SPK0026	Continuing	102	59	ойнатып,	ойнатып	linguistic	_	_	End=97.247
103-0	SPK0026	undefined	103	59	COUGHS	COUGHS	linguistic	_	_	Begin=97.247|End=97.591
104-0	SPK0026	Continuing	104	60	жоқ	жоқ	linguistic	_	_	Begin=97.591
104-1	SPK0026	Continuing	104	60	бәріміз	бәріміз	linguistic	_	_	_
104-2	SPK0026	Continuing	104	60	бірге	бірге	linguistic	_	_	_
104-3	SPK0026	Continuing	104	60	отырамыз,	отырамыз	linguistic	_	_	End=98.658
105-0	SPK0026	Falling	105	60	балалар	балалар	linguistic	_	_	Begin=98.658
105-1	SPK0026	Falling	105	60	бәрі	бәрі	linguistic	_	_	_
105-2	SPK0026	Falling	105	60	отырады.	отырады	linguistic	_	_	End=99.751
106-0	SPK0026	Continuing	106	61	Сол	Сол	linguistic	_	_	Begin=99.842
106-1	SPK0026	Continuing	106	61	өз	өз	linguistic	_	_	_
106-2	SPK0026	Continuing	106	61	ө-	ө-	linguistic	_	Interrupted=Yes	_
106-3	SPK0026	Continuing	106	61	ө-,	ө-	linguistic	_	Interrupted=Yes	End=100.642
107-0	SPK0026	Falling	107	61	өзі	өзі	linguistic	_	_	Begin=100.642
107-1	SPK0026	Falling	107	61	біреу	біреу	linguistic	_	_	_
107-2	SPK0026	Falling	107	61	шығады	шығады	linguistic	_	_	_
107-3	SPK0026	Falling	107	61	ішінен.	ішінен	linguistic	_	_	End=101.899
108-0	SPK0026	Falling	108	61	Баланы	Баланы	linguistic	_	_	Begin=101.899
108-1	SPK0026	Falling	108	61	мен	мен	linguistic	_	_	_
108-2	SPK0026	Falling	108	61	ойната	ойната	linguistic	_	_	_
108-3	SPK0026	Falling	108	61	тұрамын	тұрамын	linguistic	_	_	_
108-4	SPK0026	Falling	108	61	деп.	деп	linguistic	_	_	End=103.542
109-0	SPK0024	Falling	109	62	Мхм	Мхм	linguistic	_	_	Begin=103.189|End=104.025
110-0	SPK0023	Falling	110	63	Мхм.	Мхм	linguistic	_	_	Begin=103.189|End=104.032
111-0	SPK0026	Falling	111	64	Сөйтеді	Сөйтеді	linguistic	_	_	Begin=104.352
111-1	SPK0026	Falling	111	64	екен.	екен	linguistic	_	_	End=105.094
112-0	SPK0023	Falling	112	65	Аааа.	Аааа	linguistic	_	_	Begin=105.83|End=106.431
113-0	SPK0026	Continuing	113	66	Ал,	Ал	linguistic	_	_	Begin=106.778|End=107.204
114-0	SPK0026	Continuing	114	66	үлкендер,	үлкендер	linguistic	_	_	Begin=107.204|End=107.736
115-0	SPK0026	Falling	115	66	не	не	linguistic	_	_	Begin=107.736
115-1	SPK0026	Falling	115	66	етпейді.	етпейді	linguistic	_	_	End=108.349
116-0	SPK0026	Falling	116	66	¬Манат	Манат	linguistic	_	Anonymized=Yes	Begin=108.78
116-1	SPK0026	Falling	116	66	отырады.	отырады	linguistic	_	_	End=109.422
117-0	SPK0026	Falling	117	66	Там	Там	linguistic	_	_	Begin=109.422
117-1	SPK0026	Falling	117	66	¬Дина	Дина	linguistic	_	Anonymized=Yes	_
117-2	SPK0026	Falling	117	66	отырады.	отырады	linguistic	_	_	End=110.307
118-0	SPK0026	Continuing	118	66	А	А	linguistic	_	_	Begin=110.572
118-1	SPK0026	Continuing	118	66	сол	сол	linguistic	_	_	_
118-2	SPK0026	Continuing	118	66	ана,	ана	linguistic	_	_	End=111.145
119-0	SPK0026	Falling	119	66	үш	үш	linguistic	_	_	Begin=111.161
119-1	SPK0026	Falling	119	66	баланың	баланың	linguistic	_	_	_
119-2	SPK0026	Falling	119	66	біреуі.	біреуі	linguistic	_	_	End=112.439
120-0	SPK0026	undefined	120	_	COUGHS	COUGHS	linguistic	_	_	Begin=116.484|End=117.709
121-0	SPK0026	Continuing	121	67	Кәдімөскей,	Кәдімөскей	linguistic	_	_	Begin=117.709|End=118.479
122-0	SPK0026	Falling	122	67	ойнатып	ойнатып	linguistic	_	_	Begin=118.479
122-1	SPK0026	Falling	122	67	отыра	отыра	linguistic	_	_	_
122-2	SPK0026	Falling	122	67	тұрады.	тұрады	linguistic	_	_	End=120.121
123-0	SPK0027	Continuing	123	68	Сіз	Сіз	linguistic	_	_	Begin=120.943
123-1	SPK0027	Continuing	123	68	сорпаңызды,	сорпаңызды	linguistic	_	_	End=121.662
124-0	SPK0027	Rising	124	68	ішіп	ішіп	linguistic	_	_	Begin=121.662
124-1	SPK0027	Rising	124	68	алдыңыз	алдыңыз	linguistic	_	_	_
124-2	SPK0027	Rising	124	68	ба?	ба	linguistic	_	_	End=122.258
125-0	SPK0026	Falling	125	69	Сөйтеді	Сөйтеді	linguistic	_	_	Begin=122.298
125-1	SPK0026	Falling	125	69	екен.	екен	linguistic	_	_	End=122.901
126-0	SPK0024	Falling	126	70	Содан.	Содан	linguistic	_	_	Begin=122.933|End=123.511
127-0	SPK0027	Falling	127	71	А-	А-	linguistic	_	Interrupted=Yes	Begin=123.226
127-1	SPK0027	Falling	127	71	араластырсаңызшы	араластырсаңызшы	linguistic	_	_	_
127-2	SPK0027	Falling	127	71	ананы.	ананы	linguistic	_	_	End=124.836
128-0	SPK0024	Falling	128	72	Араластырамын.	Араластырамын	linguistic	_	_	Begin=124.783|End=125.856
129-0	SPK0027	Falling	129	73	Майы	Майы	linguistic	_	_	Begin=124.842
129-1	SPK0027	Falling	129	73	қатып	қатып	linguistic	_	_	_
129-2	SPK0027	Falling	129	73	қалыпты.	қалыпты	linguistic	_	_	End=125.859
130-0	SPK0026	Falling	130	74	Ол	Ол	linguistic	_	_	Begin=126.133
130-1	SPK0026	Falling	130	74	біледі.	біледі	linguistic	_	_	End=127.193
131-0	SPK0026	Falling	131	74	Қалай	Қалай	linguistic	_	_	Begin=127.244
131-1	SPK0026	Falling	131	74	ішетінін.	ішетінін	linguistic	_	_	End=128.454
132-0	SPK0023	undefined	132	_	@@	@@	linguistic	_	_	Begin=127.801|End=128.426
133-0	SPK0026	Falling	133	75	Біледі	Біледі	linguistic	_	_	Begin=130.785
133-1	SPK0026	Falling	133	75	ғой.	ғой	linguistic	_	_	End=132.159
134-0	SPK0027	undefined	134	_	(Hx)	(Hx)	exhale	_	_	Begin=132.284|End=132.662
135-0	SPK0026	Falling	135	76	Араластырып	Араластырып	linguistic	_	_	Begin=132.957
135-1	SPK0026	Falling	135	76	араластарып	араластарып	linguistic	_	_	_
135-2	SPK0026	Falling	135	76	ішіп	ішіп	linguistic	_	_	_
135-3	SPK0026	Falling	135	76	ал.	ал	linguistic	_	_	End=134.511
136-0	SPK0023	Continuing	136	77	Келмегелі	Келмегелі	linguistic	_	_	Begin=134.508
136-1	SPK0023	Continuing	136	77	бір,	бір	linguistic	_	_	End=135.269
137-0	SPK0023	Continuing	137	77	алты	алты	linguistic	_	_	Begin=135.269
137-1	SPK0023	Continuing	137	77	жылдай	жылдай	linguistic	_	_	_
137-2	SPK0023	Continuing	137	77	болып	болып	linguistic	_	_	_
137-3	SPK0023	Continuing	137	77	қалды	қалды	linguistic	_	_	_
137-4	SPK0023	Continuing	137	77	ғой	ғой	linguistic	_	_	_
137-5	SPK0023	Continuing	137	77	деймін	деймін	linguistic	_	_	_
137-6	SPK0023	Continuing	137	77	иә	иә	linguistic	_	_	_
137-7	SPK0023	Continuing	137	77	осы	осы	linguistic	_	_	_
137-8	SPK0023	Continuing	137	77	үйге,	үйге	linguistic	_	_	End=136.394
138-0	SPK0027	Falling	138	78	Айтпа	Айтпа	linguistic	_	_	Begin=136.057
138-1	SPK0027	Falling	138	78	деймін.	деймін	linguistic	_	_	End=137.057
139-0	SPK0023	Rising	139	77	иә?	иә	linguistic	_	_	Begin=136.394|End=137.038
140-0	SPK0027	Falling	140	79	Мен	Мен	linguistic	_	_	Begin=137.057
140-1	SPK0027	Falling	140	79	¬Жанар	Жанар	linguistic	_	Anonymized=Yes	_
140-2	SPK0027	Falling	140	79	біздің	біздің	linguistic	_	_	_
140-3	SPK0027	Falling	140	79	үйге	үйге	linguistic	_	_	_
140-4	SPK0027	Falling	140	79	бірінші	бірінші	linguistic	_	_	_
140-5	SPK0027	Falling	140	79	рет	рет	linguistic	_	_	_
140-6	SPK0027	Falling	140	79	келіп	келіп	linguistic	_	_	_
140-7	SPK0027	Falling	140	79	тұр.	тұр	linguistic	_	_	End=139.021
141-0	SPK0025	Continuing	141	80	Мен	Мен	linguistic	_	_	Begin=137.88
141-1	SPK0025	Continuing	141	80	де,	де	linguistic	_	_	End=138.571
142-0	SPK0025	Continuing	142	80	келіп,	келіп	linguistic	_	_	Begin=138.571|End=139.039
143-0	SPK0025	Falling	143	80	келіп	келіп	linguistic	_	_	Begin=139.039
143-1	SPK0025	Falling	143	80	көрген	көрген	linguistic	_	_	_
143-2	SPK0025	Falling	143	80	жоқпын.	жоқпын	linguistic	_	_	End=139.657
144-0	SPK0025	undefined	144	81	Бірінші	Бірінші	linguistic	_	_	Begin=139.657
144-1	SPK0025	undefined	144	81	рез	рез	linguistic	_	_	_
144-2	SPK0025	undefined	144	81	келіп	келіп	linguistic	_	_	_
144-3	SPK0025	undefined	144	81	тұрмын	тұрмын	linguistic	_	_	_
144-4	SPK0025	undefined	144	81	@@	@@	linguistic	_	_	End=140.862
145-0	SPK0024	Falling	145	82	Ааа.	Ааа	linguistic	_	_	Begin=140.143|End=141.121
146-0	SPK0023	Continuing	146	83	Лента	Лента	linguistic	_	_	Begin=141.036
146-1	SPK0023	Continuing	146	83	тарту	тарту	linguistic	_	_	_
146-2	SPK0023	Continuing	146	83	керек	керек	linguistic	_	_	_
146-3	SPK0023	Continuing	146	83	еді,	еді	linguistic	_	_	End=142.205
147-0	SPK0027	Rising	147	84	Иә?	Иә	linguistic	_	_	Begin=141.145|End=141.481
148-0	SPK0027	Falling	148	85	Вообще	Вообще	linguistic	_	_	Begin=141.481
148-1	SPK0027	Falling	148	85	келіп	келіп	linguistic	_	_	_
148-2	SPK0027	Falling	148	85	көрген	көрген	linguistic	_	_	_
148-3	SPK0027	Falling	148	85	жоқ.	жоқ	linguistic	_	_	End=142.716
149-0	SPK0023	undefined	149	83	жаңа	жаңа	linguistic	_	_	Begin=142.208
149-1	SPK0023	undefined	149	83	иә	иә	linguistic	_	_	_
149-2	SPK0023	undefined	149	83	@@@	@@@	linguistic	_	_	End=143.601
150-0	SPK0027	Falling	150	86	А.	А	linguistic	_	_	Begin=142.989|End=143.447
151-0	SPK0026	Falling	151	87	Әй.	Әй	linguistic	_	_	Begin=144.643|End=145.064
152-0	SPK0026	Falling	152	87	Маған	Маған	linguistic	_	_	Begin=145.189
152-1	SPK0026	Falling	152	87	рақмет	рақмет	linguistic	_	_	_
152-2	SPK0026	Falling	152	87	айт.	айт	linguistic	_	_	End=146.284
153-0	SPK0026	Falling	153	88	Мен	Мен	linguistic	_	_	Begin=146.374
153-1	SPK0026	Falling	153	88	алып	алып	linguistic	_	_	_
153-2	SPK0026	Falling	153	88	келдім.	келдім	linguistic	_	_	End=147.586
154-0	SPK0027	Falling	154	89	Рақмет	Рақмет	linguistic	_	_	Begin=146.799
154-1	SPK0027	Falling	154	89	сізге.	сізге	linguistic	_	_	End=148.221
155-0	SPK0026	Falling	155	90	Аха.	Аха	linguistic	_	_	Begin=147.77|End=148.376
156-0	SPK0025	undefined	156	_	@@@@	@@@@	linguistic	_	_	Begin=148.166|End=149.798
157-0	SPK0027	undefined	157	_	@@@@@@	@@@@@@	linguistic	_	_	Begin=148.221|End=149.796
158-0	SPK0026	Falling	158	91	Үйден	Үйден	linguistic	_	_	Begin=149.987
158-1	SPK0026	Falling	158	91	алып	алып	linguistic	_	_	_
158-2	SPK0026	Falling	158	91	келдім.	келдім	linguistic	_	_	End=151.114
159-0	SPK0024	undefined	159	92	Маған	Маған	linguistic	_	_	Begin=151.082
159-1	SPK0024	undefined	159	92	рақмет	рақмет	linguistic	_	_	End=152.035
160-0	SPK0026	Interrupted	160	93	Кел-	Кел-	linguistic	_	Interrupted=Yes	Begin=151.114|End=151.87
161-0	SPK0026	Falling	161	93	келініңді.	келініңді	linguistic	_	_	Begin=151.87|End=152.933
162-0	SPK0024	Falling	162	94	Тостырып	Тостырып	linguistic	_	_	Begin=152.035
162-1	SPK0024	Falling	162	94	қойдың	қойдың	linguistic	_	_	_
162-2	SPK0024	Falling	162	94	ғой.	ғой	linguistic	_	_	End=153.498
163-0	SPK0024	Continuing	163	94	Қазір	Қазір	linguistic	_	_	Begin=153.849
163-1	SPK0024	Continuing	163	94	келеді,	келеді	linguistic	_	_	End=154.861
164-0	SPK0024	Falling	164	94	келеді	келеді	linguistic	_	_	Begin=154.861
164-1	SPK0024	Falling	164	94	деп.	деп	linguistic	_	_	End=155.454
165-0	SPK0024	Falling	165	94	Мына	Мына	linguistic	_	_	Begin=155.46
165-1	SPK0024	Falling	165	94	кісіні.	кісіні	linguistic	_	_	End=156.395
166-0	SPK0026	Rising	166	95	Мені	Мені	linguistic	_	_	Begin=155.673
166-1	SPK0026	Rising	166	95	ме?	ме	linguistic	_	_	End=156.737
167-0	SPK0026	Falling	167	96	И	И	linguistic	_	_	Begin=156.803
167-1	SPK0026	Falling	167	96	сен	сен	linguistic	_	_	_
167-2	SPK0026	Falling	167	96	де	де	linguistic	_	_	_
167-3	SPK0026	Falling	167	96	звандағаның	звандағаның	linguistic	_	_	_
167-4	SPK0026	Falling	167	96	жақсы	жақсы	linguistic	_	_	_
167-5	SPK0026	Falling	167	96	болды.	болды	linguistic	_	_	End=157.882
168-0	SPK0026	Falling	168	97	Әйтпесе	Әйтпесе	linguistic	_	_	Begin=157.882
168-1	SPK0026	Falling	168	97	отыра	отыра	linguistic	_	_	_
168-2	SPK0026	Falling	168	97	беруші	беруші	linguistic	_	_	_
168-3	SPK0026	Falling	168	97	едім	едім	linguistic	_	_	_
168-4	SPK0026	Falling	168	97	мен.	мен	linguistic	_	_	End=159.236
169-0	SPK0027	Continuing	169	98	Тух	Тух	linguistic	_	_	Begin=158.824
169-1	SPK0027	Continuing	169	98	осы,	осы	linguistic	_	_	End=159.45
170-0	SPK0024	Falling	170	99	Иә.	Иә	linguistic	_	_	Begin=159.249|End=159.796
171-0	SPK0027	Falling	171	98	менің	менің	linguistic	_	_	Begin=159.45
171-1	SPK0027	Falling	171	98	апайым	апайым	linguistic	_	_	_
171-2	SPK0027	Falling	171	98	да	да	linguistic	_	_	_
171-3	SPK0027	Falling	171	98	кешке	кешке	linguistic	_	_	_
171-4	SPK0027	Falling	171	98	дейін	дейін	linguistic	_	_	_
171-5	SPK0027	Falling	171	98	шаршады	шаршады	linguistic	_	_	_
171-6	SPK0027	Falling	171	98	енді.	енді	linguistic	_	_	End=161.656
172-0	SPK0026	undefined	172	_	###	###	unknown	_	_	Begin=159.871|End=160.605
173-0	SPK0023	undefined	173	100	Ңа:	Ңа	linguistic	_	Prolongation=1	Begin=161.327|End=162.165
174-0	SPK0027	Falling	174	101	Жиендерін	Жиендерін	linguistic	_	_	Begin=162.468
174-1	SPK0027	Falling	174	101	күткенінен.	күткенінен	linguistic	_	_	End=164.161
175-0	SPK0025	Falling	175	102	Мх.	Мх	linguistic	_	_	Begin=163.704|End=164.211
176-0	SPK0024	Falling	176	103	Кімдерді	Кімдерді	linguistic	_	_	Begin=164.595
176-1	SPK0024	Falling	176	103	күтіп	күтіп	linguistic	_	_	_
176-2	SPK0024	Falling	176	103	еді.	еді	linguistic	_	_	End=165.207
177-0	SPK0027	Falling	177	104	Апайым.	Апайым	linguistic	_	_	Begin=165.522|End=166.229
178-0	SPK0026	Rising	178	105	Мм?	Мм	linguistic	_	_	Begin=166.374|End=166.799
179-0	SPK0027	Falling	179	106	Қызының	Қызының	linguistic	_	_	Begin=166.79
179-1	SPK0027	Falling	179	106	төрт	төрт	linguistic	_	_	_
179-2	SPK0027	Falling	179	106	баласы	баласы	linguistic	_	_	_
179-3	SPK0027	Falling	179	106	бар	бар	linguistic	_	_	_
179-4	SPK0027	Falling	179	106	ғой.	ғой	linguistic	_	_	End=168.01
180-0	SPK0027	Falling	180	107	Үш	Үш	linguistic	_	_	Begin=168.01
180-1	SPK0027	Falling	180	107	ұл	ұл	linguistic	_	_	_
180-2	SPK0027	Falling	180	107	бір	бір	linguistic	_	_	_
180-3	SPK0027	Falling	180	107	қыз	қыз	linguistic	_	_	_
180-4	SPK0027	Falling	180	107	бар.	бар	linguistic	_	_	End=169.221
181-0	SPK0024	Falling	181	108	Мхм.	Мхм	linguistic	_	_	Begin=169.256|End=169.727
182-0	SPK0027	Continuing	182	109	Бір	Бір	linguistic	_	_	Begin=169.615
182-1	SPK0027	Continuing	182	109	жерге	жерге	linguistic	_	_	_
182-2	SPK0027	Continuing	182	109	кеткенде,	кеткенде	linguistic	_	_	End=170.18
183-0	SPK0027	Continuing	183	109	үш	үш	linguistic	_	_	Begin=170.18
183-1	SPK0027	Continuing	183	109	ұлды	ұлды	linguistic	_	_	_
183-2	SPK0027	Continuing	183	109	әкеп,	әкеп	linguistic	_	_	End=170.778
184-0	SPK0027	Falling	184	109	кіргізіп	кіргізіп	linguistic	_	_	Begin=170.778
184-1	SPK0027	Falling	184	109	кетеді	кетеді	linguistic	_	_	_
184-2	SPK0027	Falling	184	109	екен.	екен	linguistic	_	_	End=172.199
185-0	SPK0024	Falling	185	111	Ааа.	Ааа	linguistic	_	_	Begin=172.32|End=172.775
186-0	SPK0026	Falling	186	110	Ммм.	Ммм	linguistic	_	_	Begin=172.335|End=172.83
187-0	SPK0027	Continuing	187	112	Ана	Ана	linguistic	_	_	Begin=172.394
187-1	SPK0027	Continuing	187	112	қыз	қыз	linguistic	_	_	_
187-2	SPK0027	Continuing	187	112	кішкентайын,	кішкентайын	linguistic	_	_	End=173.399
188-0	SPK0027	Falling	188	112	алып	алып	linguistic	_	_	Begin=173.399
188-1	SPK0027	Falling	188	112	кетеді.	кетеді	linguistic	_	_	End=174.017
189-0	SPK0024	Continuing	189	113	Ал	Ал	linguistic	_	_	Begin=173.83
189-1	SPK0024	Continuing	189	113	өзінің	өзінің	linguistic	_	_	_
189-2	SPK0024	Continuing	189	113	ұлы,	ұлы	linguistic	_	_	End=174.565
190-0	SPK0024	Rising	190	113	жоқ	жоқ	linguistic	_	_	Begin=174.579
190-1	SPK0024	Rising	190	113	па?	па	linguistic	_	_	End=175.259
191-0	SPK0027	Falling	191	114	Ұлдан	Ұлдан	linguistic	_	_	Begin=175.483
191-1	SPK0027	Falling	191	114	екі	екі	linguistic	_	_	_
191-2	SPK0027	Falling	191	114	қыз	қыз	linguistic	_	_	_
191-3	SPK0027	Falling	191	114	бар.	бар	linguistic	_	_	End=176.425
192-0	SPK0027	Falling	192	115	Үйде.	Үйде	linguistic	_	_	Begin=176.702|End=177.086
193-0	SPK0027	Falling	193	115	Өзімен	Өзімен	linguistic	_	_	Begin=177.117
193-1	SPK0027	Falling	193	115	ғой	ғой	linguistic	_	_	_
193-2	SPK0027	Falling	193	115	олар.	олар	linguistic	_	_	End=177.872
194-0	SPK0027	Continuing	194	116	Ұлдан	Ұлдан	linguistic	_	_	Begin=178.697
194-1	SPK0027	Continuing	194	116	екі	екі	linguistic	_	_	_
194-2	SPK0027	Continuing	194	116	қыз,	қыз	linguistic	_	_	End=179.284
195-0	SPK0027	Continuing	195	116	анау:,	анау	linguistic	_	Prolongation=3	Begin=179.284|End=180.072
196-0	SPK0027	Falling	196	116	қыздікі.	қыздікі	linguistic	_	_	Begin=180.076|End=180.981
197-0	SPK0027	Falling	197	116	Үш	Үш	linguistic	_	_	Begin=180.981
197-1	SPK0027	Falling	197	116	ұл.	ұл	linguistic	_	_	End=181.697
198-0	SPK0024	Falling	198	117	Жоқ.	Жоқ	linguistic	_	_	Begin=181.624|End=182.031
199-0	SPK0024	Continuing	199	118	Өздерінің,	Өздерінің	linguistic	_	_	Begin=182.139|End=182.849
200-0	SPK0024	Falling	200	118	шешелері	шешелері	linguistic	_	_	Begin=182.849
200-1	SPK0024	Falling	200	118	жоқ	жоқ	linguistic	_	_	_
200-2	SPK0024	Falling	200	118	па	па	linguistic	_	_	_
200-3	SPK0024	Falling	200	118	деймін.	деймін	linguistic	_	_	End=183.535
201-0	SPK0024	Falling	201	118	Ата-апалары.	Ата-апалары	linguistic	_	_	Begin=183.535|End=184.33
202-0	SPK0027	Continuing	202	119	Вот	Вот	linguistic	_	_	Begin=185.234
202-1	SPK0027	Continuing	202	119	почему-то	почему-то	linguistic	_	_	_
202-2	SPK0027	Continuing	202	119	¬Сарқыттардікіне	Сарқыттардікіне	linguistic	_	Anonymized=Yes	_
202-3	SPK0027	Continuing	202	119	қарай,	қарай	linguistic	_	_	End=187.029
203-0	SPK0027	Falling	203	119	тянет	тянет	linguistic	_	_	Begin=187.029
203-1	SPK0027	Falling	203	119	соларды.	соларды	linguistic	_	_	End=188.216
204-0	SPK0026	Falling	204	120	¬Сарқыт.	Сарқыт	linguistic	_	Anonymized=Yes	Begin=189.208|End=190.033
205-0	SPK0027	Falling	205	121	Барады.	Барады	linguistic	_	_	Begin=189.248|End=189.859
206-0	SPK0024	undefined	206	_	##	##	unknown	_	_	Begin=189.366|End=190.333
207-0	SPK0027	Falling	207	122	Ол	Ол	linguistic	_	_	Begin=189.923
207-1	SPK0027	Falling	207	122	үйге	үйге	linguistic	_	_	_
207-2	SPK0027	Falling	207	122	де	де	linguistic	_	_	_
207-3	SPK0027	Falling	207	122	барады.	барады	linguistic	_	_	End=190.794
208-0	SPK0026	Falling	208	120	¬Сарқыттың	Сарқыттың	linguistic	_	Anonymized=Yes	Begin=190.033
208-1	SPK0026	Falling	208	120	өзі	өзі	linguistic	_	_	_
208-2	SPK0026	Falling	208	120	немене.	немене	linguistic	_	_	End=191.369
209-0	SPK0027	Falling	209	123	¬Сарқыт	Сарқыт	linguistic	_	Anonymized=Yes	Begin=190.921
209-1	SPK0027	Falling	209	123	көп	көп	linguistic	_	_	_
209-2	SPK0027	Falling	209	123	бағады	бағады	linguistic	_	_	_
209-3	SPK0027	Falling	209	123	негізі.	негізі	linguistic	_	_	End=192.126
210-0	SPK0027	Falling	210	123	Қарайды.	Қарайды	linguistic	_	_	Begin=192.126|End=192.51
211-0	SPK0027	Continuing	211	125	Мектептің	Мектептің	linguistic	_	_	Begin=192.51
211-1	SPK0027	Continuing	211	125	қасында	қасында	linguistic	_	_	_
211-2	SPK0027	Continuing	211	125	тұрады,	тұрады	linguistic	_	_	End=193.667
212-0	SPK0027	Falling	212	125	ана	ана	linguistic	_	_	Begin=193.668
212-1	SPK0027	Falling	212	125	қыз	қыз	linguistic	_	_	_
212-2	SPK0027	Falling	212	125	мектепте	мектепте	linguistic	_	_	_
212-3	SPK0027	Falling	212	125	істейді	істейді	linguistic	_	_	_
212-4	SPK0027	Falling	212	125	ғой.	ғой	linguistic	_	_	End=194.773
213-0	SPK0027	Falling	213	125	Қызы.	Қызы	linguistic	_	_	Begin=194.773|End=195.373
214-0	SPK0027	Falling	214	126	Жолай	Жолай	linguistic	_	_	Begin=195.485
214-1	SPK0027	Falling	214	126	тастап	тастап	linguistic	_	_	_
214-2	SPK0027	Falling	214	126	кетеді.	кетеді	linguistic	_	_	End=196.289
215-0	SPK0027	Falling	215	127	Кіргізе	Кіргізе	linguistic	_	_	Begin=196.305
215-1	SPK0027	Falling	215	127	салады.	салады	linguistic	_	_	End=196.956
216-0	SPK0027	Falling	216	127	Бар	Бар	linguistic	_	_	Begin=196.956
216-1	SPK0027	Falling	216	127	апаңа	апаңа	linguistic	_	_	_
216-2	SPK0027	Falling	216	127	деп	деп	linguistic	_	_	_
216-3	SPK0027	Falling	216	127	бүйтіп.	бүйтіп	linguistic	_	_	End=197.945
217-0	SPK0024	Falling	217	128	Чё	Чё	linguistic	_	_	Begin=199.834
217-1	SPK0024	Falling	217	128	братишка.	братишка	linguistic	_	_	End=200.791
218-0	SPK0024	Falling	218	129	Куда	Куда	linguistic	_	_	Begin=201.419
218-1	SPK0024	Falling	218	129	пошел.	пошел	linguistic	_	_	End=202.148
219-0	SPK0023	undefined	219	_	##	##	unknown	_	_	Begin=201.473|End=201.939
220-0	SPK0028	Falling	220	130	Кеттім	Кеттім	linguistic	_	_	Begin=202.068
220-1	SPK0028	Falling	220	130	мен.	мен	linguistic	_	_	End=202.636
221-0	SPK0027	Falling	221	131	Сен	Сен	linguistic	_	_	Begin=202.189
221-1	SPK0027	Falling	221	131	қайда	қайда	linguistic	_	_	_
221-2	SPK0027	Falling	221	131	кеттің.	кеттің	linguistic	_	_	End=203.284
222-0	SPK0027	Falling	222	132	Кетпе	Кетпе	linguistic	_	_	Begin=203.379
222-1	SPK0027	Falling	222	132	қазір.	қазір	linguistic	_	_	End=204.147
223-0	SPK0027	Falling	223	132	Папаң	Папаң	linguistic	_	_	Begin=204.147
223-1	SPK0027	Falling	223	132	келіп	келіп	linguistic	_	_	_
223-2	SPK0027	Falling	223	132	қалады.	қалады	linguistic	_	_	End=205.353
224-0	SPK0028	Falling	224	133	И	И	linguistic	_	_	Begin=205.416
224-1	SPK0028	Falling	224	133	чё.	чё	linguistic	_	_	End=205.836
225-0	SPK0024	Falling	225	134	Сен	Сен	linguistic	_	_	Begin=205.816
225-1	SPK0024	Falling	225	134	че-то	че-то	linguistic	_	_	_
225-2	SPK0024	Falling	225	134	не	не	linguistic	_	_	_
225-3	SPK0024	Falling	225	134	етпей	етпей	linguistic	_	_	_
225-4	SPK0024	Falling	225	134	тұрсың	тұрсың	linguistic	_	_	_
225-5	SPK0024	Falling	225	134	ғой	ғой	linguistic	_	_	_
225-6	SPK0024	Falling	225	134	әгі.	әгі	linguistic	_	_	End=207.339
226-0	SPK0024	Falling	226	135	Тоқтай	Тоқтай	linguistic	_	_	Begin=207.821
226-1	SPK0024	Falling	226	135	алмай	алмай	linguistic	_	_	_
226-2	SPK0024	Falling	226	135	тұрсың	тұрсың	linguistic	_	_	_
226-3	SPK0024	Falling	226	135	ғой	ғой	linguistic	_	_	_
226-4	SPK0024	Falling	226	135	че	че	linguistic	_	_	_
226-5	SPK0024	Falling	226	135	то.	то	linguistic	_	_	End=208.649
227-0	SPK0027	Continuing	227	136	О:й	Ой	linguistic	_	Prolongation=0	Begin=208.883
227-1	SPK0027	Continuing	227	136	бұл	бұл	linguistic	_	_	_
227-2	SPK0027	Continuing	227	136	кісі,	кісі	linguistic	_	_	End=209.662
228-0	SPK0023	undefined	228	_	#	#	unknown	_	_	Begin=209.001|End=209.438
229-0	SPK0023	undefined	229	137	#	#	unknown	_	_	Begin=209.438|End=209.822
230-0	SPK0027	Falling	230	136	тоқтамайды.	тоқтамайды	linguistic	_	_	Begin=209.662|End=210.747
231-0	SPK0023	Falling	231	137	Сау	Сау	linguistic	_	_	Begin=209.822
231-1	SPK0023	Falling	231	137	бол	бол	linguistic	_	_	_
231-2	SPK0023	Falling	231	137	айтып	айтып	linguistic	_	_	_
231-3	SPK0023	Falling	231	137	келейін	келейін	linguistic	_	_	_
231-4	SPK0023	Falling	231	137	деп	деп	linguistic	_	_	_
231-5	SPK0023	Falling	231	137	тұрған	тұрған	linguistic	_	_	_
231-6	SPK0023	Falling	231	137	шығар	шығар	linguistic	_	_	_
231-7	SPK0023	Falling	231	137	баяғы.	баяғы	linguistic	_	_	End=211.482
232-0	SPK0024	Falling	232	138	А.	А	linguistic	_	_	Begin=210.9|End=211.651
233-0	SPK0026	Falling	233	139	А.	А	linguistic	_	_	Begin=211.291|End=211.796
234-0	SPK0023	Falling	234	140	Сау	Сау	linguistic	_	_	Begin=211.531
234-1	SPK0023	Falling	234	140	бол	бол	linguistic	_	_	_
234-2	SPK0023	Falling	234	140	айтқай	айтқай	linguistic	_	_	_
234-3	SPK0023	Falling	234	140	келіп	келіп	linguistic	_	_	_
234-4	SPK0023	Falling	234	140	тұрған	тұрған	linguistic	_	_	_
234-5	SPK0023	Falling	234	140	шығар.	шығар	linguistic	_	_	End=212.778
235-0	SPK0026	Falling	235	141	Баланы	Баланы	linguistic	_	_	Begin=212.617
235-1	SPK0026	Falling	235	141	алды	алды	linguistic	_	_	_
235-2	SPK0026	Falling	235	141	иә.	иә	linguistic	_	_	End=213.61
236-0	SPK0026	Continuing	236	141	Баланы	Баланы	linguistic	_	_	Begin=213.611
236-1	SPK0026	Continuing	236	141	лақтырып	лақтырып	linguistic	_	_	_
236-2	SPK0026	Continuing	236	141	кетті	кетті	linguistic	_	_	_
236-3	SPK0026	Continuing	236	141	де,	де	linguistic	_	_	End=214.626
237-0	SPK0026	Falling	237	141	кеткелі	кеткелі	linguistic	_	_	Begin=214.626
237-1	SPK0026	Falling	237	141	тұр.	тұр	linguistic	_	_	End=215.514
238-0	SPK0026	Falling	238	142	Сол	Сол	linguistic	_	_	Begin=215.514
238-1	SPK0026	Falling	238	142	дұрыс	дұрыс	linguistic	_	_	_
238-2	SPK0026	Falling	238	142	па.	па	linguistic	_	_	End=216.598
239-0	SPK0025	undefined	239	_	@@@@	@@@@	linguistic	_	_	Begin=216.178|End=217.105
240-0	SPK0023	undefined	240	_	@@	@@	linguistic	_	_	Begin=216.344|End=216.82
241-0	SPK0028	Continuing	241	143	Ее	Ее	linguistic	_	_	Begin=217.765
241-1	SPK0028	Continuing	241	143	папам,	папам	linguistic	_	_	End=218.455
242-0	SPK0027	undefined	242	_	#####	#####	unknown	_	_	Begin=217.863|End=219.087
243-0	SPK0028	Falling	243	143	папам	папам	linguistic	_	_	Begin=218.455
243-1	SPK0028	Falling	243	143	келсе	келсе	linguistic	_	_	_
243-2	SPK0028	Falling	243	143	не	не	linguistic	_	_	_
243-3	SPK0028	Falling	243	143	болады	болады	linguistic	_	_	_
243-4	SPK0028	Falling	243	143	мам.	мам	linguistic	_	_	End=219.684
244-0	SPK0027	Falling	244	144	Шығып	Шығып	linguistic	_	_	Begin=220.144
244-1	SPK0027	Falling	244	144	кетеміз	кетеміз	linguistic	_	_	_
244-2	SPK0027	Falling	244	144	бе	бе	linguistic	_	_	_
244-3	SPK0027	Falling	244	144	қайдан	қайдан	linguistic	_	_	_
244-4	SPK0027	Falling	244	144	білемін	білемін	linguistic	_	_	_
244-5	SPK0027	Falling	244	144	мен.	мен	linguistic	_	_	End=221.505
245-0	SPK0026	Falling	245	145	А.	А	linguistic	_	_	Begin=221.46|End=222.017
246-0	SPK0028	Falling	246	146	Қазір	Қазір	linguistic	_	_	Begin=222.299
246-1	SPK0028	Falling	246	146	что	что	linguistic	_	_	_
246-2	SPK0028	Falling	246	146	ли.	ли	linguistic	_	_	End=223.241
247-0	SPK0026	Falling	247	147	Мұны	Мұны	linguistic	_	_	Begin=223.333
247-1	SPK0026	Falling	247	147	қайдан	қайдан	linguistic	_	_	_
247-2	SPK0026	Falling	247	147	білесіңдер.	білесіңдер	linguistic	_	_	End=224.736
248-0	SPK0028	Continuing	248	148	Қойшы	Қойшы	linguistic	_	_	Begin=223.884
248-1	SPK0028	Continuing	248	148	эй	эй	linguistic	_	_	_
248-2	SPK0028	Continuing	248	148	папа	папа	linguistic	_	_	_
248-3	SPK0028	Continuing	248	148	айта	айта	linguistic	_	_	_
248-4	SPK0028	Continuing	248	148	береді,	береді	linguistic	_	_	End=225.089
249-0	SPK0028	Falling	249	_	###.	###	unknown	_	_	Begin=225.089|End=225.879
250-0	SPK0024	Continuing	250	149	Өй	Өй	linguistic	_	_	Begin=228.134
250-1	SPK0024	Continuing	250	149	кеттік	кеттік	linguistic	_	_	_
250-2	SPK0024	Continuing	250	149	дейді,	дейді	linguistic	_	_	End=228.755
251-0	SPK0024	Falling	251	149	болды	болды	linguistic	_	_	Begin=228.755
251-1	SPK0024	Falling	251	149	білесің	білесің	linguistic	_	_	_
251-2	SPK0024	Falling	251	149	ғой	ғой	linguistic	_	_	_
251-3	SPK0024	Falling	251	149	сен.	сен	linguistic	_	_	End=229.739
252-0	SPK0027	Falling	252	150	Иә.	Иә	linguistic	_	_	Begin=230.075|End=230.695
253-0	SPK0024	Continuing	253	151	Әкессігейін,	Әкессігейін	linguistic	_	_	Begin=230.143|End=230.768
254-0	SPK0024	Continuing	254	151	немене	немене	linguistic	_	_	Begin=230.768
254-1	SPK0024	Continuing	254	151	жатамыз,	жатамыз	linguistic	_	_	End=231.281
255-0	SPK0024	Continuing	255	151	одан	одан	linguistic	_	_	Begin=231.281
255-1	SPK0024	Continuing	255	151	да	да	linguistic	_	_	_
255-2	SPK0024	Continuing	255	151	жолға,	жолға	linguistic	_	_	End=232.209
256-0	SPK0024	Falling	256	151	бір	бір	linguistic	_	_	Begin=232.233
256-1	SPK0024	Falling	256	151	кішкен	кішкен	linguistic	_	_	_
256-2	SPK0024	Falling	256	151	болсын	болсын	linguistic	_	_	_
256-3	SPK0024	Falling	256	151	жақындай	жақындай	linguistic	_	_	_
256-4	SPK0024	Falling	256	151	берейік	берейік	linguistic	_	_	_
256-5	SPK0024	Falling	256	151	дейді.	дейді	linguistic	_	_	End=233.589
257-0	SPK0024	Falling	257	151	Айтпады	Айтпады	linguistic	_	_	Begin=233.589
257-1	SPK0024	Falling	257	151	деме.	деме	linguistic	_	_	End=233.873
258-0	SPK0024	Falling	258	152	Осы	Осы	linguistic	_	_	Begin=233.873
258-1	SPK0024	Falling	258	152	сөзімді	сөзімді	linguistic	_	_	_
258-2	SPK0024	Falling	258	152	тура	тура	linguistic	_	_	_
258-3	SPK0024	Falling	258	152	айтады.	айтады	linguistic	_	_	End=235.357
259-0	SPK0027	Falling	259	153	Иә.	Иә	linguistic	_	_	Begin=234.984|End=235.443
260-0	SPK0026	Falling	260	154	Мхм.	Мхм	linguistic	_	_	Begin=235.323|End=235.602
261-0	SPK0026	Falling	261	154	Сөйтеді	Сөйтеді	linguistic	_	_	Begin=235.602
261-1	SPK0026	Falling	261	154	ол.	ол	linguistic	_	_	End=236.505
262-0	SPK0024	Falling	262	155	¬Жексен	Жексен	linguistic	_	Anonymized=Yes	Begin=235.647
262-1	SPK0024	Falling	262	155	####.	####	unknown	_	_	End=236.994
263-0	SPK0027	Falling	263	156	Мен	Мен	linguistic	_	_	Begin=236.29
263-1	SPK0027	Falling	263	156	еще	еще	linguistic	_	_	_
263-2	SPK0027	Falling	263	156	айттым	айттым	linguistic	_	_	_
263-3	SPK0027	Falling	263	156	ғой.	ғой	linguistic	_	_	End=237.207
264-0	SPK0028	Falling	264	157	¬Гуля	Гуля	linguistic	_	Anonymized=Yes	Begin=237.115
264-1	SPK0028	Falling	264	157	апай.	апай	linguistic	_	_	End=238.274
265-0	SPK0027	Continuing	265	156	Екі-үш	Екі-үш	linguistic	_	_	Begin=237.207
265-1	SPK0027	Continuing	265	156	рез	рез	linguistic	_	_	_
265-2	SPK0027	Continuing	265	156	қатымға,	қатымға	linguistic	_	_	End=238.492
266-0	SPK0026	Rising	266	158	А?	А	linguistic	_	_	Begin=238.061|End=238.561
267-0	SPK0027	Continuing	267	156	төртте	төртте	linguistic	_	_	Begin=238.5
267-1	SPK0027	Continuing	267	156	барып,	барып	linguistic	_	_	End=239.038
268-0	SPK0027	Falling	268	156	үште	үште	linguistic	_	_	Begin=239.046
268-1	SPK0027	Falling	268	156	келіп	келіп	linguistic	_	_	_
268-2	SPK0027	Falling	268	156	жүрме	жүрме	linguistic	_	_	_
268-3	SPK0027	Falling	268	156	деп.	деп	linguistic	_	_	End=240.315
269-0	SPK0026	Rising	269	159	А?	А	linguistic	_	_	Begin=240.09|End=240.521
270-0	SPK0028	Continuing	270	160	¬Гуля	Гуля	linguistic	_	Anonymized=Yes	Begin=241.793
270-1	SPK0028	Continuing	270	160	апай	апай	linguistic	_	_	_
270-2	SPK0028	Continuing	270	160	дедім	дедім	linguistic	_	_	_
270-3	SPK0028	Continuing	270	160	мен,	мен	linguistic	_	_	End=242.827
271-0	SPK0027	undefined	271	_	####	####	unknown	_	_	Begin=241.933|End=242.941
272-0	SPK0028	Falling	272	160	¬Гуля	Гуля	linguistic	_	Anonymized=Yes	Begin=242.827
272-1	SPK0028	Falling	272	160	апай.	апай	linguistic	_	_	End=243.446
273-0	SPK0026	Rising	273	161	Ол	Ол	linguistic	_	_	Begin=243.381
273-1	SPK0026	Rising	273	161	нең	нең	linguistic	_	_	_
273-2	SPK0026	Rising	273	161	бар	бар	linguistic	_	_	_
273-3	SPK0026	Rising	273	161	¬Гуля	Гуля	linguistic	_	Anonymized=Yes	_
273-4	SPK0026	Rising	273	161	апайдан?	апайдан	linguistic	_	_	End=244.452
274-0	SPK0026	Falling	274	162	Ол	Ол	linguistic	_	_	Begin=244.466
274-1	SPK0026	Falling	274	162	менің	менің	linguistic	_	_	_
274-2	SPK0026	Falling	274	162	сіңлім	сіңлім	linguistic	_	_	_
274-3	SPK0026	Falling	274	162	ғой.	ғой	linguistic	_	_	End=245.725
275-0	SPK0028	Falling	275	163	Жақсы	Жақсы	linguistic	_	_	Begin=245.302
275-1	SPK0028	Falling	275	163	көрем	көрем	linguistic	_	_	_
275-2	SPK0028	Falling	275	163	ғой	ғой	linguistic	_	_	_
275-3	SPK0028	Falling	275	163	мен	мен	linguistic	_	_	_
275-4	SPK0028	Falling	275	163	¬Гуля	Гуля	linguistic	_	Anonymized=Yes	_
275-5	SPK0028	Falling	275	163	апайды.	апайды	linguistic	_	_	End=246.928
276-0	SPK0028	Falling	276	164	Білесіз	Білесіз	linguistic	_	_	Begin=247.03
276-1	SPK0028	Falling	276	164	бе	бе	linguistic	_	_	_
276-2	SPK0028	Falling	276	164	не	не	linguistic	_	_	_
276-3	SPK0028	Falling	276	164	үшін.	үшін	linguistic	_	_	End=247.941
277-0	SPK0027	Falling	277	165	¬Бекзат.	Бекзат	linguistic	_	Anonymized=Yes	Begin=248.508|End=249.231
278-0	SPK0023	Falling	278	166	Прямой	Прямой	linguistic	_	_	Begin=249.178
278-1	SPK0023	Falling	278	166	иә.	иә	linguistic	_	_	End=250.267
279-0	SPK0026	undefined	279	_	##	##	unknown	_	_	Begin=250.513|End=250.93
280-0	SPK0028	undefined	280	_	@@@@@@@@	@@@@@@@@	linguistic	_	_	Begin=250.974|End=252.823
281-0	SPK0023	Rising	281	167	Прямой	Прямой	linguistic	_	_	Begin=251.118
281-1	SPK0023	Rising	281	167	иә?	иә	linguistic	_	_	End=252.038
282-0	SPK0026	Falling	282	168	¬Гуля	Гуля	linguistic	_	Anonymized=Yes	Begin=251.688
282-1	SPK0026	Falling	282	168	апай	апай	linguistic	_	_	_
282-2	SPK0026	Falling	282	168	дейді.	дейді	linguistic	_	_	End=252.914
283-0	SPK0024	Falling	283	169	Мына	Мына	linguistic	_	_	Begin=253.572
283-1	SPK0024	Falling	283	169	жерде	жерде	linguistic	_	_	_
283-2	SPK0024	Falling	283	169	немене	немене	linguistic	_	_	_
283-3	SPK0024	Falling	283	169	бар.	бар	linguistic	_	_	End=254.326
284-0	SPK0024	Rising	284	169	Бар	Бар	linguistic	_	_	Begin=254.326
284-1	SPK0024	Rising	284	169	алып	алып	linguistic	_	_	_
284-2	SPK0024	Rising	284	169	келші?	келші	linguistic	_	_	End=254.874
285-0	SPK0024	Falling	285	170	Бір	Бір	linguistic	_	_	Begin=255.282
285-1	SPK0024	Falling	285	170	саған	саған	linguistic	_	_	_
285-2	SPK0024	Falling	285	170	екі	екі	linguistic	_	_	_
285-3	SPK0024	Falling	285	170	мың	мың	linguistic	_	_	_
285-4	SPK0024	Falling	285	170	берейін.	берейін	linguistic	_	_	End=256.335
286-0	SPK0028	Continuing	286	171	Не,	Не	linguistic	_	_	Begin=255.839|End=256.334
287-0	SPK0024	Falling	287	172	Ақшам	Ақшам	linguistic	_	_	Begin=256.609
287-1	SPK0024	Falling	287	172	бар.	бар	linguistic	_	_	End=257.406
288-0	SPK0028	Falling	288	173	Ақша	Ақша	linguistic	_	_	Begin=257.965
288-1	SPK0028	Falling	288	173	сұрап	сұрап	linguistic	_	_	_
288-2	SPK0028	Falling	288	173	тұрған	тұрған	linguistic	_	_	_
288-3	SPK0028	Falling	288	173	жоқпын	жоқпын	linguistic	_	_	_
288-4	SPK0028	Falling	288	173	мен	мен	linguistic	_	_	_
288-5	SPK0028	Falling	288	173	сізден.	сізден	linguistic	_	_	End=259.394
289-0	SPK0026	Continuing	289	174	Әй	Әй	linguistic	_	_	Begin=258.737
289-1	SPK0026	Continuing	289	174	сен	сен	linguistic	_	_	_
289-2	SPK0026	Continuing	289	174	маған,	маған	linguistic	_	_	End=259.483
290-0	SPK0026	undefined	290	174	##	##	unknown	_	_	Begin=259.483|End=259.923
291-0	SPK0027	Falling	291	175	Бар.	Бар	linguistic	_	_	Begin=259.723|End=260.284
292-0	SPK0026	Continuing	292	174	маған	маған	linguistic	_	_	Begin=259.923
292-1	SPK0026	Continuing	292	174	берсеңші,	берсеңші	linguistic	_	_	End=260.507
293-0	SPK0027	Falling	293	175	Бар.	Бар	linguistic	_	_	Begin=260.284|End=260.743
294-0	SPK0026	Falling	294	174	көрімдік.	көрімдік	linguistic	_	_	Begin=260.507|End=261.276
295-0	SPK0027	Falling	295	175	¬Бәкөш.	Бәкөш	linguistic	_	Anonymized=Yes	Begin=260.879|End=261.547
296-0	SPK0024	Continuing	296	176	Мен	Мен	linguistic	_	_	Begin=261.868
296-1	SPK0024	Continuing	296	176	ана,	ана	linguistic	_	_	End=262.63
297-0	SPK0027	Falling	297	177	Тәртіпсіз	Тәртіпсіз	linguistic	_	_	Begin=262.0
297-1	SPK0027	Falling	297	177	болмашы.	болмашы	linguistic	_	_	End=263.061
298-0	SPK0024	Continuing	298	176	к-	к-	linguistic	_	Interrupted=Yes	Begin=262.63
298-1	SPK0024	Continuing	298	176	нем	нем	linguistic	_	_	_
298-2	SPK0024	Continuing	298	176	қайда	қайда	linguistic	_	_	_
298-3	SPK0024	Continuing	298	176	ана,	ана	linguistic	_	_	End=263.692
299-0	SPK0024	Falling	299	176	нем	нем	linguistic	_	_	Begin=263.692
299-1	SPK0024	Falling	299	176	тұр	тұр	linguistic	_	_	_
299-2	SPK0024	Falling	299	176	ғой	ғой	linguistic	_	_	_
299-3	SPK0024	Falling	299	176	деймін	деймін	linguistic	_	_	_
299-4	SPK0024	Falling	299	176	ілініп.	ілініп	linguistic	_	_	End=264.553
300-0	SPK0024	Falling	300	178	Әй.	Әй	linguistic	_	_	Begin=264.553|End=265.2
301-0	SPK0024	Continuing	301	179	Үйдің	Үйдің	linguistic	_	_	Begin=265.594
301-1	SPK0024	Continuing	301	179	ыыы,	ыыы	linguistic	_	_	End=266.34
302-0	SPK0024	Continuing	302	179	спальнидің	спальнидің	linguistic	_	_	Begin=266.34
302-1	SPK0024	Continuing	302	179	несінде,	несінде	linguistic	_	_	End=266.907
303-0	SPK0024	Falling	303	179	алып	алып	linguistic	_	_	Begin=266.907
303-1	SPK0024	Falling	303	179	келші.	келші	linguistic	_	_	End=267.569
304-0	SPK0026	Falling	304	_	###.	###	unknown	_	_	Begin=267.515|End=268.596
305-0	SPK0024	Falling	305	180	Есігінде.	Есігінде	linguistic	_	_	Begin=267.986|End=268.473
306-0	SPK0026	Falling	306	181	Туған	Туған	linguistic	_	_	Begin=268.596
306-1	SPK0026	Falling	306	181	күніме	күніме	linguistic	_	_	_
306-2	SPK0026	Falling	306	181	менің	менің	linguistic	_	_	_
306-3	SPK0026	Falling	306	181	подаркі	подаркі	linguistic	_	_	_
306-4	SPK0026	Falling	306	181	бер	бер	linguistic	_	_	_
306-5	SPK0026	Falling	306	181	дейді.	дейді	linguistic	_	_	End=270.026
307-0	SPK0026	Falling	307	181	Звандайды.	Звандайды	linguistic	_	_	Begin=270.026|End=270.738
308-0	SPK0026	undefined	308	181	##	##	unknown	_	_	Begin=270.738|End=271.578
309-0	SPK0026	Continuing	309	182	Ыыы,	Ыыы	linguistic	_	_	Begin=272.019|End=272.312
310-0	SPK0026	Falling	310	182	наглый.	наглый	linguistic	_	_	Begin=272.312|End=272.938
311-0	SPK0026	Falling	311	183	Содан	Содан	linguistic	_	_	Begin=273.06
311-1	SPK0026	Falling	311	183	кейін	кейін	linguistic	_	_	_
311-2	SPK0026	Falling	311	183	бүйтеді.	бүйтеді	linguistic	_	_	End=273.676
312-0	SPK0026	Continuing	312	183	Мен,	Мен	linguistic	_	_	Begin=273.878|End=274.289
313-0	SPK0027	undefined	313	_	##	##	unknown	_	_	Begin=274.277|End=275.094
314-0	SPK0026	Falling	314	183	жиырмаға	жиырмаға	linguistic	_	_	Begin=274.424
314-1	SPK0026	Falling	314	183	толып	толып	linguistic	_	_	_
314-2	SPK0026	Falling	314	183	жатырмын	жатырмын	linguistic	_	_	_
314-3	SPK0026	Falling	314	183	деп	деп	linguistic	_	_	_
314-4	SPK0026	Falling	314	183	сөйтеді.	сөйтеді	linguistic	_	_	End=275.752
315-0	SPK0023	Falling	315	184	Иә.	Иә	linguistic	_	_	Begin=275.73|End=276.215
316-0	SPK0026	Falling	316	185	Әй	Әй	linguistic	_	_	Begin=275.752
316-1	SPK0026	Falling	316	185	мен	мен	linguistic	_	_	_
316-2	SPK0026	Falling	316	185	алпыс	алпыс	linguistic	_	_	_
316-3	SPK0026	Falling	316	185	беке	беке	linguistic	_	_	_
316-4	SPK0026	Falling	316	185	толдым.	толдым	linguistic	_	_	End=277.125
317-0	SPK0026	Falling	317	186	Сен	Сен	linguistic	_	_	Begin=277.125
317-1	SPK0026	Falling	317	186	бірінші	бірінші	linguistic	_	_	_
317-2	SPK0026	Falling	317	186	маған	маған	linguistic	_	_	_
317-3	SPK0026	Falling	317	186	подаркі	подаркі	linguistic	_	_	_
317-4	SPK0026	Falling	317	186	бер.	бер	linguistic	_	_	End=278.344
318-0	SPK0027	Falling	318	187	Қайдағы	Қайдағы	linguistic	_	_	Begin=278.341
318-1	SPK0027	Falling	318	187	жиырма.	жиырма	linguistic	_	_	End=279.356
319-0	SPK0026	Falling	319	186	Мен	Мен	linguistic	_	_	Begin=278.344
319-1	SPK0026	Falling	319	186	содан	содан	linguistic	_	_	_
319-2	SPK0026	Falling	319	186	кейін.	кейін	linguistic	_	_	End=279.596
320-0	SPK0026	Falling	320	186	А.	А	linguistic	_	_	Begin=279.596|End=279.958
321-0	SPK0027	Falling	321	189	Он	Он	linguistic	_	_	Begin=280.705
321-1	SPK0027	Falling	321	189	сегізде	сегізде	linguistic	_	_	_
321-2	SPK0027	Falling	321	189	ғой	ғой	linguistic	_	_	_
321-3	SPK0027	Falling	321	189	ол	ол	linguistic	_	_	_
321-4	SPK0027	Falling	321	189	әлі.	әлі	linguistic	_	_	End=281.925
322-0	SPK0026	Falling	322	190	Кім.	Кім	linguistic	_	_	Begin=282.174|End=282.593
323-0	SPK0027	Falling	323	191	¬Бекзат.	Бекзат	linguistic	_	Anonymized=Yes	Begin=282.841|End=283.636
324-0	SPK0026	Rising	324	192	Неге	Неге	linguistic	_	_	Begin=284.14
324-1	SPK0026	Rising	324	192	жиырмадамын	жиырмадамын	linguistic	_	_	_
324-2	SPK0026	Rising	324	192	деді	деді	linguistic	_	_	_
324-3	SPK0026	Rising	324	192	эй?	эй	linguistic	_	_	End=285.543
325-0	SPK0028	Rising	325	193	Кім?	Кім	linguistic	_	_	Begin=285.679|End=286.13
326-0	SPK0027	Rising	326	194	Жиырмасы	Жиырмасы	linguistic	_	_	Begin=286.241
326-1	SPK0027	Rising	326	194	күні	күні	linguistic	_	_	_
326-2	SPK0027	Rising	326	194	деген	деген	linguistic	_	_	_
326-3	SPK0027	Rising	326	194	шығар?	шығар	linguistic	_	_	End=287.398
327-0	SPK0027	Falling	327	195	Он	Он	linguistic	_	_	Begin=287.595
327-1	SPK0027	Falling	327	195	сегізде	сегізде	linguistic	_	_	_
327-2	SPK0027	Falling	327	195	ол.	ол	linguistic	_	_	End=288.396
328-0	SPK0026	Falling	328	196	Аа.	Аа	linguistic	_	_	Begin=288.606|End=289.092
329-0	SPK0026	Falling	329	197	Онда	Онда	linguistic	_	_	Begin=289.75
329-1	SPK0026	Falling	329	197	неменеге	неменеге	linguistic	_	_	_
329-2	SPK0026	Falling	329	197	тойлатып	тойлатып	linguistic	_	_	_
329-3	SPK0026	Falling	329	197	жүрсіңдер.	жүрсіңдер	linguistic	_	_	End=291.46
330-0	SPK0028	undefined	330	_	##	##	unknown	_	_	Begin=289.757|End=290.776
331-0	SPK0028	Falling	331	198	Әне.	Әне	linguistic	_	_	Begin=290.883|End=291.477
332-0	SPK0028	Continuing	332	199	Рақмет	Рақмет	linguistic	_	_	Begin=291.477
332-1	SPK0028	Continuing	332	199	¬Сая	Сая	linguistic	_	Anonymized=Yes	_
332-2	SPK0028	Continuing	332	199	а-,	а-	linguistic	_	Interrupted=Yes	End=292.044
333-0	SPK0028	Falling	333	199	¬Гуля	Гуля	linguistic	_	Anonymized=Yes	Begin=292.044
333-1	SPK0028	Falling	333	199	апай.	апай	linguistic	_	_	End=292.696
334-0	SPK0028	Falling	334	200	¬Сая	Сая	linguistic	_	Anonymized=Yes	Begin=292.953
334-1	SPK0028	Falling	334	200	апай	апай	linguistic	_	_	_
334-2	SPK0028	Falling	334	200	дегелі	дегелі	linguistic	_	_	_
334-3	SPK0028	Falling	334	200	жатырмын	жатырмын	linguistic	_	_	_
334-4	SPK0028	Falling	334	200	ғой.	ғой	linguistic	_	_	End=293.905
335-0	SPK0027	Falling	335	201	Кет	Кет	linguistic	_	_	Begin=293.744
335-1	SPK0027	Falling	335	201	бар.	бар	linguistic	_	_	End=294.537
336-0	SPK0028	Continuing	336	202	Көрдіңіз	Көрдіңіз	linguistic	_	_	Begin=293.96
336-1	SPK0028	Continuing	336	202	бе	бе	linguistic	_	_	_
336-2	SPK0028	Continuing	336	202	¬Сая	Сая	linguistic	_	Anonymized=Yes	_
336-3	SPK0028	Continuing	336	202	апай,	апай	linguistic	_	_	End=294.95
337-0	SPK0028	Falling	337	203	байқамай	байқамай	linguistic	_	_	Begin=294.95
337-1	SPK0028	Falling	337	203	¬Сая	Сая	linguistic	_	Anonymized=Yes	_
337-2	SPK0028	Falling	337	203	апай	апай	linguistic	_	_	_
337-3	SPK0028	Falling	337	203	деп	деп	linguistic	_	_	_
337-4	SPK0028	Falling	337	203	айттым.	айттым	linguistic	_	_	End=296.574
338-0	SPK0023	undefined	338	_	@@@	@@@	linguistic	_	_	Begin=296.353|End=297.33
339-0	SPK0025	undefined	339	_	@@	@@	linguistic	_	_	Begin=296.962|End=297.87
340-0	SPK0027	undefined	340	_	(TSK)	(TSK)	click	_	_	Begin=297.266|End=297.864
341-0	SPK0024	Falling	341	204	@Ах	@Ах	linguistic	_	_	Begin=297.33
341-1	SPK0024	Falling	341	204	Әкең	Әкең	linguistic	_	_	_
341-2	SPK0024	Falling	341	204	а.	а	linguistic	_	_	End=298.759
342-0	SPK0025	undefined	342	_	@@@@@	@@@@@	linguistic	_	_	Begin=297.87|End=299.307
343-0	SPK0024	undefined	343	_	@@@@@	@@@@@	linguistic	_	_	Begin=298.759|End=300.049
344-0	SPK0023	Rising	344	205	¬Гуля	Гуля	linguistic	_	Anonymized=Yes	Begin=299.161
344-1	SPK0023	Rising	344	205	апайды	апайды	linguistic	_	_	_
344-2	SPK0023	Rising	344	205	жақсы	жақсы	linguistic	_	_	_
344-3	SPK0023	Rising	344	205	көрем	көрем	linguistic	_	_	_
344-4	SPK0023	Rising	344	205	дейді	дейді	linguistic	_	_	_
344-5	SPK0023	Rising	344	205	иә?	иә	linguistic	_	_	End=300.637
345-0	SPK0025	undefined	345	_	@@@@	@@@@	linguistic	_	_	Begin=299.94|End=300.776
346-0	SPK0024	undefined	346	206	Иә	Иә	linguistic	_	_	Begin=300.576
346-1	SPK0024	undefined	346	206	@@@@@@	@@@@@@	linguistic	_	_	End=301.83
347-0	SPK0023	undefined	347	207	¬Бекзат	Бекзат	linguistic	_	Anonymized=Yes	Begin=300.637
347-1	SPK0023	undefined	347	207	@@@@@@@	@@@@@@@	linguistic	_	_	End=302.666
348-0	SPK0024	Continuing	348	208	Содан,	Содан	linguistic	_	_	Begin=303.093|End=303.639
349-0	SPK0024	Falling	349	208	намек	намек	linguistic	_	_	Begin=303.639
349-1	SPK0024	Falling	349	208	тастап	тастап	linguistic	_	_	_
349-2	SPK0024	Falling	349	208	тұр	тұр	linguistic	_	_	_
349-3	SPK0024	Falling	349	208	ана	ана	linguistic	_	_	_
349-4	SPK0024	Falling	349	208	жерге	жерге	linguistic	_	_	_
349-5	SPK0024	Falling	349	208	тұрып	тұрып	linguistic	_	_	_
349-6	SPK0024	Falling	349	208	алып.	алып	linguistic	_	_	End=305.069
350-0	SPK0024	undefined	350	_	####	####	unknown	_	_	Begin=305.078|End=306.018
351-0	SPK0027	Continuing	351	209	Менің,	Менің	linguistic	_	_	Begin=305.839|End=306.544
352-0	SPK0027	Falling	352	210	маған.	маған	linguistic	_	_	Begin=307.138|End=307.769
353-0	SPK0027	Continuing	353	211	Менің	Менің	linguistic	_	_	Begin=307.788
353-1	SPK0027	Continuing	353	211	туыстарым	туыстарым	linguistic	_	_	_
353-2	SPK0027	Continuing	353	211	маған,	маған	linguistic	_	_	End=308.869
354-0	SPK0027	Continuing	354	211	еш:кім	ешкім	linguistic	_	Prolongation=1	Begin=308.869
354-1	SPK0027	Continuing	354	211	ештеңе	ештеңе	linguistic	_	_	_
354-2	SPK0027	Continuing	354	211	бермейді	бермейді	linguistic	_	_	_
354-3	SPK0027	Continuing	354	211	дейді	дейді	linguistic	_	_	_
354-4	SPK0027	Continuing	354	211	мен	мен	linguistic	_	_	_
354-5	SPK0027	Continuing	354	211	айтаймын,	айтаймын	linguistic	_	_	End=310.301
355-0	SPK0027	Falling	355	211	саған	саған	linguistic	_	_	Begin=310.301
355-1	SPK0027	Falling	355	211	неге	неге	linguistic	_	_	_
355-2	SPK0027	Falling	355	211	біреу	біреу	linguistic	_	_	_
355-3	SPK0027	Falling	355	211	бірдеңке	бірдеңке	linguistic	_	_	_
355-4	SPK0027	Falling	355	211	беру	беру	linguistic	_	_	_
355-5	SPK0027	Falling	355	211	керек	керек	linguistic	_	_	_
355-6	SPK0027	Falling	355	211	өзі.	өзі	linguistic	_	_	End=312.141
356-0	SPK0024	Falling	356	212	Иә.	Иә	linguistic	_	_	Begin=311.811|End=312.178
357-0	SPK0028	Continuing	357	213	Мам,	Мам	linguistic	_	_	Begin=311.837|End=312.216
358-0	SPK0028	Falling	358	213	жиырма	жиырма	linguistic	_	_	Begin=312.216
358-1	SPK0028	Falling	358	213	мың	мың	linguistic	_	_	_
358-2	SPK0028	Falling	358	213	теңге	теңге	linguistic	_	_	_
358-3	SPK0028	Falling	358	213	Каспийға	Каспийға	linguistic	_	_	_
358-4	SPK0028	Falling	358	213	лақтырып	лақтырып	linguistic	_	_	_
358-5	SPK0028	Falling	358	213	берші.	берші	linguistic	_	_	End=313.6
359-0	SPK0028	Continuing	359	213	Мен	Мен	linguistic	_	_	Begin=313.6
359-1	SPK0028	Continuing	359	213	саған,	саған	linguistic	_	_	End=313.907
360-0	SPK0028	Falling	360	213	наличка	наличка	linguistic	_	_	Begin=313.923
360-1	SPK0028	Falling	360	213	бере	бере	linguistic	_	_	_
360-2	SPK0028	Falling	360	213	салам.	салам	linguistic	_	_	End=315.458
361-0	SPK0027	Falling	361	214	Кім.	Кім	linguistic	_	_	Begin=315.595|End=315.995
362-0	SPK0028	Falling	362	215	Сен.	Сен	linguistic	_	_	Begin=316.098|End=316.552
363-0	SPK0028	Falling	363	215	Маған.	Маған	linguistic	_	_	Begin=316.552|End=317.315
364-0	SPK0027	Falling	364	216	Сен	Сен	linguistic	_	_	Begin=317.372
364-1	SPK0027	Falling	364	216	менде	менде	linguistic	_	_	_
364-2	SPK0027	Falling	364	216	жиырма	жиырма	linguistic	_	_	_
364-3	SPK0027	Falling	364	216	мың	мың	linguistic	_	_	_
364-4	SPK0027	Falling	364	216	наличка	наличка	linguistic	_	_	_
364-5	SPK0027	Falling	364	216	менде	менде	linguistic	_	_	_
364-6	SPK0027	Falling	364	216	жоқ.	жоқ	linguistic	_	_	End=319.265
365-0	SPK0027	Interrupted	365	217	Менді	Менді	linguistic	_	_	Begin=319.265
365-1	SPK0027	Interrupted	365	217	бәрі—	бәрі—	linguistic	_	Interrupted=Yes	End=320.318
366-0	SPK0028	Falling	366	218	Каспийда	Каспийда	linguistic	_	_	Begin=319.824
366-1	SPK0028	Falling	366	218	бар	бар	linguistic	_	_	_
366-2	SPK0028	Falling	366	218	ма.	ма	linguistic	_	_	End=320.789
367-0	SPK0027	Interrupted	367	217	Банк—	Банк—	linguistic	_	Interrupted=Yes	Begin=320.318|End=320.877
368-0	SPK0027	Falling	368	217	Жоқ	Жоқ	linguistic	_	_	Begin=320.877
368-1	SPK0027	Falling	368	217	жоқ	жоқ	linguistic	_	_	_
368-2	SPK0027	Falling	368	217	мен-.	мен-	linguistic	_	Interrupted=Yes	End=321.526
369-0	SPK0027	Falling	369	217	Басқа	Басқа	linguistic	_	_	Begin=321.526
369-1	SPK0027	Falling	369	217	счетта.	счетта	linguistic	_	_	End=323.021
370-0	SPK0026	Continuing	370	219	Көрдің	Көрдің	linguistic	_	_	Begin=322.464
370-1	SPK0026	Continuing	370	219	бе,	бе	linguistic	_	_	End=323.038
371-0	SPK0026	Falling	371	220	Жиырма	Жиырма	linguistic	_	_	Begin=323.038
371-1	SPK0026	Falling	371	220	мың	мың	linguistic	_	_	_
371-2	SPK0026	Falling	371	220	деп	деп	linguistic	_	_	_
371-3	SPK0026	Falling	371	220	сөйлеседі.	сөйлеседі	linguistic	_	_	End=324.468
372-0	SPK0027	Continuing	372	221	Жоқ	Жоқ	linguistic	_	_	Begin=324.831
372-1	SPK0027	Continuing	372	221	онда,	онда	linguistic	_	_	End=325.604
373-0	SPK0024	Falling	373	222	Жаңа	Жаңа	linguistic	_	_	Begin=325.09
373-1	SPK0024	Falling	373	222	андағы	андағы	linguistic	_	_	_
373-2	SPK0024	Falling	373	222	еще	еще	linguistic	_	_	_
373-3	SPK0024	Falling	373	222	менен	менен	linguistic	_	_	_
373-4	SPK0024	Falling	373	222	екі	екі	linguistic	_	_	_
373-5	SPK0024	Falling	373	222	мың	мың	linguistic	_	_	_
373-6	SPK0024	Falling	373	222	алып	алып	linguistic	_	_	_
373-7	SPK0024	Falling	373	222	кетті.	кетті	linguistic	_	_	End=327.428
374-0	SPK0027	Falling	374	221	ақша	ақша	linguistic	_	_	Begin=325.611
374-1	SPK0027	Falling	374	221	бар	бар	linguistic	_	_	_
374-2	SPK0027	Falling	374	221	ғой.	ғой	linguistic	_	_	End=326.397
375-0	SPK0024	Falling	375	223	Нечестно.	Нечестно	linguistic	_	_	Begin=328.268|End=328.821
376-0	SPK0023	undefined	376	_	@@@	@@@	linguistic	_	_	Begin=329.331|End=330.157
377-0	SPK0026	Falling	377	224	Анда	Анда	linguistic	_	_	Begin=329.793
377-1	SPK0026	Falling	377	224	қызы	қызы	linguistic	_	_	_
377-2	SPK0026	Falling	377	224	бар.	бар	linguistic	_	_	End=330.642
378-0	SPK0026	Falling	378	224	Анда.	Анда	linguistic	_	_	Begin=330.642|End=331.033
379-0	SPK0026	Falling	379	226	Неде.	Неде	linguistic	_	_	Begin=331.033|End=331.752
380-0	SPK0026	Falling	380	227	Маған	Маған	linguistic	_	_	Begin=331.895
380-1	SPK0026	Falling	380	227	звандайды	звандайды	linguistic	_	_	_
380-2	SPK0026	Falling	380	227	ғой.	ғой	linguistic	_	_	End=332.826
381-0	SPK0026	Falling	381	227	М-	М-	linguistic	_	Interrupted=Yes	Begin=332.826
381-1	SPK0026	Falling	381	227	маңайда	маңайда	linguistic	_	_	_
381-2	SPK0026	Falling	381	227	жүрмін	жүрмін	linguistic	_	_	_
381-3	SPK0026	Falling	381	227	деп.	деп	linguistic	_	_	End=334.37
382-0	SPK0026	Falling	382	228	Астанада.	Астанада	linguistic	_	_	Begin=335.973|End=336.859
383-0	SPK0026	Continuing	383	229	Мен	Мен	linguistic	_	_	Begin=338.2
383-1	SPK0026	Continuing	383	229	маңайда,	маңайда	linguistic	_	_	End=338.727
384-0	SPK0026	Falling	384	229	үйдің	үйдің	linguistic	_	_	Begin=338.727
384-1	SPK0026	Falling	384	229	жанында	жанында	linguistic	_	_	_
384-2	SPK0026	Falling	384	229	маңайда	маңайда	linguistic	_	_	_
384-3	SPK0026	Falling	384	229	жүрмін	жүрмін	linguistic	_	_	_
384-4	SPK0026	Falling	384	229	дейді.	дейді	linguistic	_	_	End=340.948
385-0	SPK0023	Falling	385	230	Кім.	Кім	linguistic	_	_	Begin=340.304|End=340.701
386-0	SPK0026	Falling	386	231	¬Сая	Сая	linguistic	_	Anonymized=Yes	Begin=341.96
386-1	SPK0026	Falling	386	231	апай.	апай	linguistic	_	_	End=342.701
387-0	SPK0026	Continuing	387	231	Немене	Немене	linguistic	_	_	Begin=342.811
387-1	SPK0026	Continuing	387	231	тамақ,	тамақ	linguistic	_	_	End=343.519
388-0	SPK0026	Falling	388	231	пысырып	пысырып	linguistic	_	_	Begin=343.519
388-1	SPK0026	Falling	388	231	жатырсыз	жатырсыз	linguistic	_	_	_
388-2	SPK0026	Falling	388	231	дейді.	дейді	linguistic	_	_	End=344.626
389-0	SPK0027	Falling	389	232	¬Бәкөшті	Бәкөшті	linguistic	_	Anonymized=Yes	Begin=344.786
389-1	SPK0027	Falling	389	232	айтады.	айтады	linguistic	_	_	End=345.66
390-0	SPK0026	Falling	390	233	¬Бәкөш	Бәкөш	linguistic	_	Anonymized=Yes	Begin=345.795
390-1	SPK0026	Falling	390	233	¬Бәкөш.	Бәкөш	linguistic	_	Anonymized=Yes	End=346.407
391-0	SPK0023	Falling	391	234	Еее.	Еее	linguistic	_	_	Begin=346.334|End=347.089
392-0	SPK0026	Falling	392	235	Наглый.	Наглый	linguistic	_	_	Begin=346.853|End=348.042
393-0	SPK0027	Falling	393	236	Ішсеңші	Ішсеңші	linguistic	_	_	Begin=346.967
393-1	SPK0027	Falling	393	236	кім.	кім	linguistic	_	_	End=348.166
394-0	SPK0025	undefined	394	_	#	#	unknown	_	_	Begin=348.186|End=348.828
395-0	SPK0023	undefined	395	_	@@	@@	linguistic	_	_	Begin=349.098|End=349.61
396-0	SPK0024	Continuing	396	237	Қарын	Қарын	linguistic	_	_	Begin=349.446
396-1	SPK0024	Continuing	396	237	ашты,	ашты	linguistic	_	_	End=350.026
397-0	SPK0024	Falling	397	237	не	не	linguistic	_	_	Begin=350.026
397-1	SPK0024	Falling	397	237	тамақ	тамақ	linguistic	_	_	_
397-2	SPK0024	Falling	397	237	бар	бар	linguistic	_	_	_
397-3	SPK0024	Falling	397	237	дейді.	дейді	linguistic	_	_	End=350.838
398-0	SPK0027	Continuing	398	238	Наглый	Наглый	linguistic	_	_	Begin=350.661
398-1	SPK0027	Continuing	398	238	ма	ма	linguistic	_	_	_
398-2	SPK0027	Continuing	398	238	бұл,	бұл	linguistic	_	_	End=351.447
399-0	SPK0027	Continuing	399	238	әлде	әлде	linguistic	_	_	Begin=351.447
399-1	SPK0027	Continuing	399	238	өзі	өзі	linguistic	_	_	_
399-2	SPK0027	Continuing	399	238	еркеле-,	еркеле-	linguistic	_	Interrupted=Yes	End=352.569
400-0	SPK0027	Falling	400	238	ерке	ерке	linguistic	_	_	Begin=352.578
400-1	SPK0027	Falling	400	238	бала	бала	linguistic	_	_	_
400-2	SPK0027	Falling	400	238	ма	ма	linguistic	_	_	_
400-3	SPK0027	Falling	400	238	сондай.	сондай	linguistic	_	_	End=354.207
401-0	SPK0026	Falling	401	239	Ерке	Ерке	linguistic	_	_	Begin=353.021
401-1	SPK0026	Falling	401	239	бала	бала	linguistic	_	_	_
401-2	SPK0026	Falling	401	239	ма	ма	linguistic	_	_	_
401-3	SPK0026	Falling	401	239	сондай.	сондай	linguistic	_	_	End=354.505
402-0	SPK0027	Falling	402	240	Иә.	Иә	linguistic	_	_	Begin=354.237|End=354.775
403-0	SPK0026	undefined	403	_	##	##	unknown	_	_	Begin=354.505|End=355.676
404-0	SPK0023	undefined	404	_	@@	@@	linguistic	_	_	Begin=355.051|End=355.576
405-0	SPK0026	Falling	405	241	Әй	Әй	linguistic	_	_	Begin=355.797
405-1	SPK0026	Falling	405	241	наглыйлық	наглыйлық	linguistic	_	_	_
405-2	SPK0026	Falling	405	241	та	та	linguistic	_	_	_
405-3	SPK0026	Falling	405	241	бар.	бар	linguistic	_	_	End=357.233
406-0	SPK0027	Falling	406	242	Бәріне	Бәріне	linguistic	_	_	Begin=357.007
406-1	SPK0027	Falling	406	242	еркелей	еркелей	linguistic	_	_	_
406-2	SPK0027	Falling	406	242	береді.	береді	linguistic	_	_	End=358.361
407-0	SPK0028	Continuing	407	243	Мама,	Мама	linguistic	_	_	Begin=357.44|End=357.762
408-0	SPK0028	Falling	408	243	пинцет	пинцет	linguistic	_	_	Begin=357.762
408-1	SPK0028	Falling	408	243	бар	бар	linguistic	_	_	_
408-2	SPK0028	Falling	408	243	ма.	ма	linguistic	_	_	End=358.443
409-0	SPK0026	Continuing	409	244	Ана,	Ана	linguistic	_	_	Begin=358.101|End=358.498
410-0	SPK0026	Falling	410	244	анау	анау	linguistic	_	_	Begin=358.498
410-1	SPK0026	Falling	410	244	ондай	ондай	linguistic	_	_	_
410-2	SPK0026	Falling	410	244	емес.	емес	linguistic	_	_	End=359.871
411-0	SPK0028	Continuing	411	245	Пинцет,	Пинцет	linguistic	_	_	Begin=359.954|End=360.223
412-0	SPK0028	Continuing	412	245	пинцет,	пинцет	linguistic	_	_	Begin=360.224|End=360.553
413-0	SPK0028	Falling	413	245	пинцет.	пинцет	linguistic	_	_	Begin=360.553|End=361.071
414-0	SPK0026	Rising	414	246	Оны	Оны	linguistic	_	_	Begin=361.569
414-1	SPK0026	Rising	414	246	немене	немене	linguistic	_	_	_
414-2	SPK0026	Rising	414	246	қыласың?	қыласың	linguistic	_	_	End=362.409
415-0	SPK0027	Continuing	415	247	Білмеймін,	Білмеймін	linguistic	_	_	Begin=361.628|End=362.159
416-0	SPK0027	Continuing	416	247	¬Бәкөш,	Бәкөш	linguistic	_	Anonymized=Yes	Begin=362.159|End=362.607
417-0	SPK0027	Falling	417	247	¬Серікжандан	Серікжандан	linguistic	_	Anonymized=Yes	Begin=362.607
417-1	SPK0027	Falling	417	247	сұрашы.	сұрашы	linguistic	_	_	End=363.507
418-0	SPK0026	Rising	418	248	Мұртыңды	Мұртыңды	linguistic	_	_	Begin=364.067
418-1	SPK0026	Rising	418	248	жұласың	жұласың	linguistic	_	_	_
418-2	SPK0026	Rising	418	248	ба?	ба	linguistic	_	_	End=365.238
419-0	SPK0027	Falling	419	249	¬Серікжандан	Серікжандан	linguistic	_	Anonymized=Yes	Begin=365.381
419-1	SPK0027	Falling	419	249	сұрашы.	сұрашы	linguistic	_	_	End=366.649
420-0	SPK0028	Falling	420	250	Жоқ.	Жоқ	linguistic	_	_	Begin=365.584|End=365.982
421-0	SPK0028	Falling	421	251	Қазір	Қазір	linguistic	_	_	Begin=365.982
421-1	SPK0028	Falling	421	251	қасымды	қасымды	linguistic	_	_	_
421-2	SPK0028	Falling	421	251	алып	алып	linguistic	_	_	_
421-3	SPK0028	Falling	421	251	береді	береді	linguistic	_	_	_
421-4	SPK0028	Falling	421	251	біреу.	біреу	linguistic	_	_	End=367.543
422-0	SPK0027	Falling	422	252	¬Серікжанға	Серікжанға	linguistic	_	Anonymized=Yes	Begin=368.562
422-1	SPK0027	Falling	422	252	алдырта	алдырта	linguistic	_	_	_
422-2	SPK0027	Falling	422	252	салмайсың	салмайсың	linguistic	_	_	_
422-3	SPK0027	Falling	422	252	ба.	ба	linguistic	_	_	End=369.832
423-0	SPK0023	Falling	423	253	Қасымды	Қасымды	linguistic	_	_	Begin=371.853
423-1	SPK0023	Falling	423	253	алып	алып	linguistic	_	_	_
423-2	SPK0023	Falling	423	253	береді	береді	linguistic	_	_	_
423-3	SPK0023	Falling	423	253	дей	дей	linguistic	_	_	_
423-4	SPK0023	Falling	423	253	ме.	ме	linguistic	_	_	End=373.574
424-0	SPK0027	Continuing	424	254	Қасымды,	Қасымды	linguistic	_	_	Begin=373.875|End=374.275
425-0	SPK0027	Falling	425	254	қасымды.	қасымды	linguistic	_	_	Begin=374.275|End=374.934
426-0	SPK0023	Falling	426	255	Қас.	Қас	linguistic	_	_	Begin=374.636|End=375.204
427-0	SPK0023	undefined	427	_	####	####	unknown	_	_	Begin=377.172|End=378.636
428-0	SPK0025	undefined	428	256	Қас	Қас	linguistic	_	_	Begin=377.288
428-1	SPK0025	undefined	428	256	жұлдыртасың	жұлдыртасың	linguistic	_	_	_
428-2	SPK0025	undefined	428	256	ба	ба	linguistic	_	_	_
428-3	SPK0025	undefined	428	256	сен	сен	linguistic	_	_	_
428-4	SPK0025	undefined	428	256	де	де	linguistic	_	_	_
428-5	SPK0025	undefined	428	256	@@@@@	@@@@@	linguistic	_	_	End=380.26
429-0	SPK0023	Continuing	429	257	Қас	Қас	linguistic	_	_	Begin=378.952
429-1	SPK0023	Continuing	429	257	жұлдырта	жұлдырта	linguistic	_	_	_
429-2	SPK0023	Continuing	429	257	алмай	алмай	linguistic	_	_	_
429-3	SPK0023	Continuing	429	257	жүр	жүр	linguistic	_	_	_
429-4	SPK0023	Continuing	429	257	ме,	ме	linguistic	_	_	End=380.147
430-0	SPK0023	undefined	430	258	ойбай	ойбай	linguistic	_	_	Begin=380.147
430-1	SPK0023	undefined	430	258	@@@@	@@@@	linguistic	_	_	End=381.437
431-0	SPK0024	Rising	431	259	Қас	Қас	linguistic	_	_	Begin=381.389
431-1	SPK0024	Rising	431	259	жұлады	жұлады	linguistic	_	_	_
431-2	SPK0024	Rising	431	259	дейді?	дейді	linguistic	_	_	End=382.606
432-0	SPK0025	undefined	432	_	@@@	@@@	linguistic	_	_	Begin=382.095|End=383.336
433-0	SPK0026	Falling	433	260	Иә.	Иә	linguistic	_	_	Begin=382.806|End=383.283
434-0	SPK0024	Falling	434	261	Өзінің	Өзінің	linguistic	_	_	Begin=383.565
434-1	SPK0024	Falling	434	261	қасын	қасын	linguistic	_	_	_
434-2	SPK0024	Falling	434	261	жұла	жұла	linguistic	_	_	_
434-3	SPK0024	Falling	434	261	ма.	ма	linguistic	_	_	End=384.601
435-0	SPK0027	Continuing	435	262	Енді	Енді	linguistic	_	_	Begin=384.878
435-1	SPK0027	Continuing	435	262	барғалы	барғалы	linguistic	_	_	_
435-2	SPK0027	Continuing	435	262	тұр	тұр	linguistic	_	_	_
435-3	SPK0027	Continuing	435	262	ол,	ол	linguistic	_	_	End=386.086
436-0	SPK0026	Continuing	436	263	Бір	Бір	linguistic	_	_	Begin=385.946
436-1	SPK0026	Continuing	436	263	жолдасы,	жолдасы	linguistic	_	_	End=387.196
437-0	SPK0027	Falling	437	262	ерігіп	ерігіп	linguistic	_	_	Begin=386.086
437-1	SPK0027	Falling	437	262	жүр.	жүр	linguistic	_	_	End=386.994
438-0	SPK0026	Falling	438	263	жұлып	жұлып	linguistic	_	_	Begin=387.196
438-1	SPK0026	Falling	438	263	береді.	береді	linguistic	_	_	End=388.625
439-0	SPK0024	Falling	439	264	Ааа.	Ааа	linguistic	_	_	Begin=388.126|End=389.523
440-0	SPK0027	Falling	440	265	¬Серікжан-ақ	Серікжан-ақ	linguistic	_	Anonymized=Yes	Begin=388.573
440-1	SPK0027	Falling	440	265	жұлып	жұлып	linguistic	_	_	_
440-2	SPK0027	Falling	440	265	береді.	береді	linguistic	_	_	End=389.807
441-0	SPK0026	Continuing	441	266	Может,	Может	linguistic	_	_	Begin=389.361|End=389.976
442-0	SPK0027	Falling	442	267	Жіппен.	Жіппен	linguistic	_	_	Begin=389.807|End=390.595
443-0	SPK0026	Falling	443	266	қыз	қыз	linguistic	_	_	Begin=389.976
443-1	SPK0026	Falling	443	266	шығар.	шығар	linguistic	_	_	End=390.711
444-0	SPK0024	Falling	444	268	¬Серікжан	Серікжан	linguistic	_	Anonymized=Yes	Begin=391.448
444-1	SPK0024	Falling	444	268	жіппен	жіппен	linguistic	_	_	_
444-2	SPK0024	Falling	444	268	жұла	жұла	linguistic	_	_	_
444-3	SPK0024	Falling	444	268	ала	ала	linguistic	_	_	_
444-4	SPK0024	Falling	444	268	ма.	ма	linguistic	_	_	End=392.688
445-0	SPK0027	Continuing	445	269	Жіппен,	Жіппен	linguistic	_	_	Begin=392.721|End=393.0
446-0	SPK0027	undefined	446	_	###	###	unknown	_	_	Begin=393.0|End=393.807
447-0	SPK0024	Falling	447	270	Менің	Менің	linguistic	_	_	Begin=393.037
447-1	SPK0024	Falling	447	270	мына	мына	linguistic	_	_	_
447-2	SPK0024	Falling	447	270	жерімді	жерімді	linguistic	_	_	_
447-3	SPK0024	Falling	447	270	жұлып	жұлып	linguistic	_	_	_
447-4	SPK0024	Falling	447	270	берсінші	берсінші	linguistic	_	_	_
447-5	SPK0024	Falling	447	270	қазір.	қазір	linguistic	_	_	End=394.053
448-0	SPK0024	Falling	448	270	¬Сакалөк.	Сакалөк	linguistic	_	Anonymized=Yes	Begin=394.1|End=394.882
449-0	SPK0027	Continuing	449	271	Мұрттың	Мұрттың	linguistic	_	_	Begin=394.563
449-1	SPK0027	Continuing	449	271	бәрін,	бәрін	linguistic	_	_	End=395.369
450-0	SPK0027	Falling	450	271	жіппен	жіппен	linguistic	_	_	Begin=395.369
450-1	SPK0027	Falling	450	271	алады	алады	linguistic	_	_	_
450-2	SPK0027	Falling	450	271	ғой	ғой	linguistic	_	_	_
450-3	SPK0027	Falling	450	271	ол.	ол	linguistic	_	_	End=396.61
451-0	SPK0028	Continuing	451	272	¬Серікжан	Серікжан	linguistic	_	Anonymized=Yes	Begin=396.367
451-1	SPK0028	Continuing	451	272	саған,	саған	linguistic	_	_	End=397.175
452-0	SPK0024	Falling	452	273	Ммм.	Ммм	linguistic	_	_	Begin=396.538|End=397.104
453-0	SPK0028	Falling	453	272	заказ	заказ	linguistic	_	_	Begin=397.175
453-1	SPK0028	Falling	453	272	түсіп	түсіп	linguistic	_	_	_
453-2	SPK0028	Falling	453	272	жатыр.	жатыр	linguistic	_	_	End=398.1
454-0	SPK0024	Falling	454	274	Ммм.	Ммм	linguistic	_	_	Begin=398.931|End=399.792
455-0	SPK0027	Continuing	455	275	Пе:реді,	Переді	linguistic	_	Prolongation=1	Begin=400.068|End=400.607
456-0	SPK0027	Falling	456	275	жіп-жіп-жіп.	жіп-жіп-жіп	linguistic	_	_	Begin=400.607|End=401.763
457-0	SPK0026	Continuing	457	276	Анау	Анау	linguistic	_	_	Begin=401.53
457-1	SPK0026	Continuing	457	276	а-,	а-	linguistic	_	Interrupted=Yes	End=402.29
458-0	SPK0026	Continuing	458	276	ақша	ақша	linguistic	_	_	Begin=402.29
458-1	SPK0026	Continuing	458	276	тауып	тауып	linguistic	_	_	_
458-2	SPK0026	Continuing	458	276	жүр	жүр	linguistic	_	_	_
458-3	SPK0026	Continuing	458	276	ме	ме	linguistic	_	_	_
458-4	SPK0026	Continuing	458	276	эй	эй	linguistic	_	_	_
458-5	SPK0026	Continuing	458	276	а,	а	linguistic	_	_	End=402.951
459-0	SPK0026	Falling	459	276	¬Серікжан.	Серікжан	linguistic	_	Anonymized=Yes	Begin=402.951|End=403.745
460-0	SPK0027	Continuing	460	277	¬Серікжан,	Серікжан	linguistic	_	Anonymized=Yes	Begin=403.886|End=404.517
461-0	SPK0027	Continuing	461	277	президент,	президент	linguistic	_	_	Begin=404.517|End=405.407
462-0	SPK0027	Continuing	462	277	ой,	ой	linguistic	_	_	Begin=405.407|End=405.794
463-0	SPK0027	Falling	463	277	ассистент	ассистент	linguistic	_	_	Begin=405.794
463-1	SPK0027	Falling	463	277	профессора.	профессора	linguistic	_	_	End=407.566
464-0	SPK0026	Falling	464	278	Иә.	Иә	linguistic	_	_	Begin=407.148|End=407.743
465-0	SPK0027	Falling	465	279	Мына	Мына	linguistic	_	_	Begin=407.661
465-1	SPK0027	Falling	465	279	жұмысты	жұмысты	linguistic	_	_	_
465-2	SPK0027	Falling	465	279	сол	сол	linguistic	_	_	_
465-3	SPK0027	Falling	465	279	үшін	үшін	linguistic	_	_	_
465-4	SPK0027	Falling	465	279	істеп	істеп	linguistic	_	_	_
465-5	SPK0027	Falling	465	279	жатыр.	жатыр	linguistic	_	_	End=409.205
466-0	SPK0024	Falling	466	280	Иә.	Иә	linguistic	_	_	Begin=409.328|End=409.863
467-0	SPK0027	Continuing	467	281	Ақша,	Ақша	linguistic	_	_	Begin=410.593|End=411.009
468-0	SPK0027	Falling	468	281	зарплата	зарплата	linguistic	_	_	Begin=411.009
468-1	SPK0027	Falling	468	281	алады.	алады	linguistic	_	_	End=411.973
469-0	SPK0027	Falling	469	282	Кішкене	Кішкене	linguistic	_	_	Begin=412.39
469-1	SPK0027	Falling	469	282	болса	болса	linguistic	_	_	_
469-2	SPK0027	Falling	469	282	да.	да	linguistic	_	_	End=413.058
470-0	SPK0026	Falling	470	283	Ммм.	Ммм	linguistic	_	_	Begin=412.413|End=412.98
471-0	SPK0027	Falling	471	284	Ол	Ол	linguistic	_	_	Begin=413.962
471-1	SPK0027	Falling	471	284	еще	еще	linguistic	_	_	_
471-2	SPK0027	Falling	471	284	биыл	биыл	linguistic	_	_	_
471-3	SPK0027	Falling	471	284	бітіреді	бітіреді	linguistic	_	_	_
471-4	SPK0027	Falling	471	284	ғой.	ғой	linguistic	_	_	End=415.513
472-0	SPK0026	Falling	472	285	Мхм.	Мхм	linguistic	_	_	Begin=415.573|End=416.147
473-0	SPK0027	Continuing	473	286	Мынандай	Мынандай	linguistic	_	_	Begin=416.314
473-1	SPK0027	Continuing	473	286	нелері	нелері	linguistic	_	_	_
473-2	SPK0027	Continuing	473	286	шық-,	шық-	linguistic	_	Interrupted=Yes	End=417.797
474-0	SPK0027	Continuing	474	286	жарияланған,	жарияланған	linguistic	_	_	Begin=417.797|End=418.569
475-0	SPK0027	Continuing	475	286	өзінің	өзінің	linguistic	_	_	Begin=418.588
475-1	SPK0027	Continuing	475	286	ғылыми,	ғылыми	linguistic	_	_	End=419.573
476-0	SPK0027	Continuing	476	286	нелері	нелері	linguistic	_	_	Begin=419.573
476-1	SPK0027	Continuing	476	286	болса	болса	linguistic	_	_	_
476-2	SPK0027	Continuing	476	286	ол,	ол	linguistic	_	_	End=420.482
477-0	SPK0027	Falling	477	286	плюс.	плюс	linguistic	_	_	Begin=420.486|End=421.427
478-0	SPK0023	Falling	478	287	Мхм.	Мхм	linguistic	_	_	Begin=421.137|End=421.958
479-0	SPK0027	Falling	479	286	Магистратураға.	Магистратураға	linguistic	_	_	Begin=421.427|End=422.422
480-0	SPK0026	Falling	480	288	Ммм.	Ммм	linguistic	_	_	Begin=422.635|End=423.295
481-0	SPK0027	Continuing	481	289	Сол	Сол	linguistic	_	_	Begin=422.908
481-1	SPK0027	Continuing	481	289	үшін	үшін	linguistic	_	_	_
481-2	SPK0027	Continuing	481	289	отызға	отызға	linguistic	_	_	_
481-3	SPK0027	Continuing	481	289	жеткізу	жеткізу	linguistic	_	_	_
481-4	SPK0027	Continuing	481	289	керек,	керек	linguistic	_	_	End=424.397
482-0	SPK0027	Continuing	482	289	отыз	отыз	linguistic	_	_	Begin=424.399
482-1	SPK0027	Continuing	482	289	түрлі,	түрлі	linguistic	_	_	End=425.495
483-0	SPK0027	Falling	483	289	осындай	осындай	linguistic	_	_	Begin=425.986
483-1	SPK0027	Falling	483	289	тема.	тема	linguistic	_	_	End=427.087
484-0	SPK0027	Continuing	484	290	Ол	Ол	linguistic	_	_	Begin=427.201
484-1	SPK0027	Continuing	484	290	байқұс,	байқұс	linguistic	_	_	End=427.77
485-0	SPK0027	Continuing	485	290	көшеге	көшеге	linguistic	_	_	Begin=427.77
485-1	SPK0027	Continuing	485	290	барып,	барып	linguistic	_	_	End=428.401
486-0	SPK0027	Falling	486	290	бір-екі	бір-екі	linguistic	_	_	Begin=428.401
486-1	SPK0027	Falling	486	290	кемпірден	кемпірден	linguistic	_	_	_
486-2	SPK0027	Falling	486	290	сұраған	сұраған	linguistic	_	_	_
486-3	SPK0027	Falling	486	290	ғой.	ғой	linguistic	_	_	End=429.801
487-0	SPK0026	Falling	487	291	Мхм.	Мхм	linguistic	_	_	Begin=429.827|End=430.307
488-0	SPK0027	Falling	488	292	Екі	Екі	linguistic	_	_	Begin=430.476
488-1	SPK0027	Falling	488	292	апай	апай	linguistic	_	_	_
488-2	SPK0027	Falling	488	292	дейді.	дейді	linguistic	_	_	End=431.697
489-0	SPK0027	Falling	489	292	Біз	Біз	linguistic	_	_	Begin=431.732
489-1	SPK0027	Falling	489	292	орысша	орысша	linguistic	_	_	_
489-2	SPK0027	Falling	489	292	өскен	өскен	linguistic	_	_	_
489-3	SPK0027	Falling	489	292	адамдармыз.	адамдармыз	linguistic	_	_	End=434.172
490-0	SPK0027	Falling	490	292	Қаланың.	Қаланың	linguistic	_	_	Begin=434.172|End=434.928
491-0	SPK0027	Falling	491	292	Жастарға	Жастарға	linguistic	_	_	Begin=434.97
491-1	SPK0027	Falling	491	292	барсаңшы	барсаңшы	linguistic	_	_	_
491-2	SPK0027	Falling	491	292	деп.	деп	linguistic	_	_	End=436.313
492-0	SPK0027	Continuing	492	293	Содан	Содан	linguistic	_	_	Begin=436.5
492-1	SPK0027	Continuing	492	293	бір-екі	бір-екі	linguistic	_	_	_
492-2	SPK0027	Continuing	492	293	жас	жас	linguistic	_	_	_
492-3	SPK0027	Continuing	492	293	қызға	қызға	linguistic	_	_	_
492-4	SPK0027	Continuing	492	293	барып	барып	linguistic	_	_	_
492-5	SPK0027	Continuing	492	293	едім	едім	linguistic	_	_	_
492-6	SPK0027	Continuing	492	293	дейді,	дейді	linguistic	_	_	End=438.348
493-0	SPK0027	Falling	493	293	әйту	әйту	linguistic	_	_	Begin=438.348
493-1	SPK0027	Falling	493	293	көрім	көрім	linguistic	_	_	_
493-2	SPK0027	Falling	493	293	екеуі	екеуі	linguistic	_	_	_
493-3	SPK0027	Falling	493	293	келісе	келісе	linguistic	_	_	_
493-4	SPK0027	Falling	493	293	кетті	кетті	linguistic	_	_	_
493-5	SPK0027	Falling	493	293	дейді.	дейді	linguistic	_	_	End=440.533
494-0	SPK0026	Falling	494	294	Ммм.	Ммм	linguistic	_	_	Begin=440.122|End=440.665
495-0	SPK0024	Falling	495	295	Ммм.	Ммм	linguistic	_	_	Begin=440.148|End=440.59
496-0	SPK0027	Falling	496	296	Ертеңінде	Ертеңінде	linguistic	_	_	Begin=440.713
496-1	SPK0027	Falling	496	296	кеткен.	кеткен	linguistic	_	_	End=441.59
497-0	SPK0027	Falling	497	296	Тағы	Тағы	linguistic	_	_	Begin=441.59
497-1	SPK0027	Falling	497	296	кеттім	кеттім	linguistic	_	_	_
497-2	SPK0027	Falling	497	296	мама	мама	linguistic	_	_	_
497-3	SPK0027	Falling	497	296	деп.	деп	linguistic	_	_	End=442.609
498-0	SPK0027	Falling	498	297	Ертеңінде	Ертеңінде	linguistic	_	_	Begin=442.609
498-1	SPK0027	Falling	498	297	ешкім	ешкім	linguistic	_	_	_
498-2	SPK0027	Falling	498	297	сөйлеспей	сөйлеспей	linguistic	_	_	_
498-3	SPK0027	Falling	498	297	қойыпты.	қойыпты	linguistic	_	_	End=444.439
499-0	SPK0023	undefined	499	_	@@@@	@@@@	linguistic	_	_	Begin=444.307|End=445.969
500-0	SPK0025	undefined	500	_	@@@@@	@@@@@	linguistic	_	_	Begin=444.33|End=446.076
501-0	SPK0024	undefined	501	_	@@@@@@	@@@@@@	linguistic	_	_	Begin=444.343|End=446.153
502-0	SPK0026	undefined	502	_	@@@@@	@@@@@	linguistic	_	_	Begin=444.349|End=446.093
503-0	SPK0027	undefined	503	_	@@@	@@@	linguistic	_	_	Begin=444.476|End=446.009
504-0	SPK0027	Continuing	504	298	Одан	Одан	linguistic	_	_	Begin=446.369
504-1	SPK0027	Continuing	504	298	менің	менің	linguistic	_	_	_
504-2	SPK0027	Continuing	504	298	аға-жеңгемнің	аға-жеңгемнің	linguistic	_	_	_
504-3	SPK0027	Continuing	504	298	үйіне	үйіне	linguistic	_	_	_
504-4	SPK0027	Continuing	504	298	барып,	барып	linguistic	_	_	End=448.271
505-0	SPK0027	Continuing	505	299	атасы	атасы	linguistic	_	_	Begin=448.271
505-1	SPK0027	Continuing	505	299	мен	мен	linguistic	_	_	_
505-2	SPK0027	Continuing	505	299	апасы,	апасы	linguistic	_	_	End=449.894
506-0	SPK0027	Falling	506	299	әңгімесін	әңгімесін	linguistic	_	_	Begin=449.894
506-1	SPK0027	Falling	506	299	жазып.	жазып	linguistic	_	_	End=451.422
507-0	SPK0026	Falling	507	300	Ана	Ана	linguistic	_	_	Begin=450.437
507-1	SPK0026	Falling	507	300	мені	мені	linguistic	_	_	_
507-2	SPK0026	Falling	507	300	қайта-қайта	қайта-қайта	linguistic	_	_	_
507-3	SPK0026	Falling	507	300	шақырады	шақырады	linguistic	_	_	_
507-4	SPK0026	Falling	507	300	ғой.	ғой	linguistic	_	_	End=452.125
508-0	SPK0024	Falling	508	301	Ммм.	Ммм	linguistic	_	_	Begin=450.65|End=451.629
509-0	SPK0026	Falling	509	302	Маған	Маған	linguistic	_	_	Begin=452.125
509-1	SPK0026	Falling	509	302	бүйтеді.	бүйтеді	linguistic	_	_	End=453.431
510-0	SPK0026	Falling	510	302	Екі	Екі	linguistic	_	_	Begin=453.47
510-1	SPK0026	Falling	510	302	фото	фото	linguistic	_	_	_
510-2	SPK0026	Falling	510	302	жіберді	жіберді	linguistic	_	_	_
510-3	SPK0026	Falling	510	302	ғой.	ғой	linguistic	_	_	End=454.499
511-0	SPK0026	Continuing	511	303	Енді,	Енді	linguistic	_	_	Begin=454.562|End=455.122
512-0	SPK0026	Falling	512	303	тағы	тағы	linguistic	_	_	Begin=455.122
512-1	SPK0026	Falling	512	303	да	да	linguistic	_	_	_
512-2	SPK0026	Falling	512	303	бар	бар	linguistic	_	_	_
512-3	SPK0026	Falling	512	303	деп	деп	linguistic	_	_	_
512-4	SPK0026	Falling	512	303	сөйтеді.	сөйтеді	linguistic	_	_	End=456.419
513-0	SPK0026	Continuing	513	304	Мен	Мен	linguistic	_	_	Begin=456.517
513-1	SPK0026	Continuing	513	304	айтамын	айтамын	linguistic	_	_	_
513-2	SPK0026	Continuing	513	304	жіберсеңші	жіберсеңші	linguistic	_	_	_
513-3	SPK0026	Continuing	513	304	(Hx),	(Hx)	exhale	_	_	End=457.436
514-0	SPK0026	Falling	514	305	үйге	үйге	linguistic	_	_	Begin=457.436
514-1	SPK0026	Falling	514	305	келгенде	келгенде	linguistic	_	_	_
514-2	SPK0026	Falling	514	305	көрсетемін.	көрсетемін	linguistic	_	_	End=458.684
515-0	SPK0026	undefined	515	305	Жарай	Жарай	linguistic	_	_	Begin=458.684
515-1	SPK0026	undefined	515	305	ма	ма	linguistic	_	_	_
515-2	SPK0026	undefined	515	305	@@@@@	@@@@@	linguistic	_	_	End=460.114
516-0	SPK0025	undefined	516	_	@@@@@	@@@@@	linguistic	_	_	Begin=458.731|End=460.268
517-0	SPK0023	undefined	517	_	#####	#####	unknown	_	_	Begin=459.098|End=460.421
518-0	SPK0026	Continuing	518	306	Үйге	Үйге	linguistic	_	_	Begin=461.066
518-1	SPK0026	Continuing	518	306	келші,	келші	linguistic	_	_	End=461.699
519-0	SPK0026	Falling	519	306	үйге	үйге	linguistic	_	_	Begin=461.699
519-1	SPK0026	Falling	519	306	келгенде	келгенде	linguistic	_	_	_
519-2	SPK0026	Falling	519	306	көрсетемін	көрсетемін	linguistic	_	_	_
519-3	SPK0026	Falling	519	306	деп.	деп	linguistic	_	_	End=463.1
520-0	SPK0026	Falling	520	307	Мені	Мені	linguistic	_	_	Begin=463.571
520-1	SPK0026	Falling	520	307	балаша	балаша	linguistic	_	_	_
520-2	SPK0026	Falling	520	307	алдайды.	алдайды	linguistic	_	_	End=464.846
521-0	SPK0023	undefined	521	_	@@@	@@@	linguistic	_	_	Begin=465.082|End=465.966
522-0	SPK0027	Falling	522	308	Іш.	Іш	linguistic	_	_	Begin=466.076|End=467.36
523-0	SPK0023	Falling	523	309	Болдым	Болдым	linguistic	_	_	Begin=466.92
523-1	SPK0023	Falling	523	309	болдым.	болдым	linguistic	_	_	End=467.455
524-0	SPK0023	Continuing	524	309	Рақм-,	Рақм-	linguistic	_	Interrupted=Yes	Begin=467.455|End=467.777
525-0	SPK0023	Falling	525	309	көп	көп	linguistic	_	_	Begin=467.777
525-1	SPK0023	Falling	525	309	іштім.	іштім	linguistic	_	_	End=468.891
526-0	SPK0023	Falling	526	310	Дәмді	Дәмді	linguistic	_	_	Begin=469.482
526-1	SPK0023	Falling	526	310	болды.	болды	linguistic	_	_	End=470.354
527-0	SPK0023	Falling	527	311	Қолыңызға	Қолыңызға	linguistic	_	_	Begin=471.404
527-1	SPK0023	Falling	527	311	дерт	дерт	linguistic	_	_	_
527-2	SPK0023	Falling	527	311	бермесін.	бермесін	linguistic	_	_	End=473.413
528-0	SPK0026	Continuing	528	312	Міне	Міне	linguistic	_	_	Begin=472.359
528-1	SPK0026	Continuing	528	312	біреу	біреу	linguistic	_	_	_
528-2	SPK0026	Continuing	528	312	қаракесек,	қаракесек	linguistic	_	_	End=473.188
529-0	SPK0026	Continuing	529	312	жемейсіңдер	жемейсіңдер	linguistic	_	_	Begin=473.188
529-1	SPK0026	Continuing	529	312	ме	ме	linguistic	_	_	_
529-2	SPK0026	Continuing	529	312	ей,	ей	linguistic	_	_	End=474.033
530-0	SPK0026	Falling	530	312	етті.	етті	linguistic	_	_	Begin=474.066|End=474.655
531-0	SPK0027	Falling	531	313	Жесеңдерші	Жесеңдерші	linguistic	_	_	Begin=474.555
531-1	SPK0027	Falling	531	313	ей.	ей	linguistic	_	_	End=475.492
532-0	SPK0023	Falling	532	314	Жедім	Жедім	linguistic	_	_	Begin=475.111
532-1	SPK0023	Falling	532	314	жедім.	жедім	linguistic	_	_	End=475.796
533-0	SPK0023	Falling	533	315	Көп	Көп	linguistic	_	_	Begin=475.796
533-1	SPK0023	Falling	533	315	іштік.	іштік	linguistic	_	_	End=476.402
534-0	SPK0027	Falling	534	316	Біздің	Біздің	linguistic	_	_	Begin=476.411
534-1	SPK0027	Falling	534	316	соғымның	соғымның	linguistic	_	_	_
534-2	SPK0027	Falling	534	316	еті.	еті	linguistic	_	_	End=477.73
535-0	SPK0023	Falling	535	317	Рақмет.	Рақмет	linguistic	_	_	Begin=476.42|End=477.033
536-0	SPK0023	Falling	536	318	Ауқаттанып	Ауқаттанып	linguistic	_	_	Begin=477.033
536-1	SPK0023	Falling	536	318	алдым.	алдым	linguistic	_	_	End=479.257
537-0	SPK0026	Falling	537	319	Да.	Да	linguistic	_	_	Begin=478.087|End=478.665
538-0	SPK0026	Falling	538	320	Мәәә.	Мәәә	linguistic	_	_	Begin=478.961|End=479.92
539-0	SPK0023	Rising	539	321	Қыстық	Қыстық	linguistic	_	_	Begin=480.188
539-1	SPK0023	Rising	539	321	соғым	соғым	linguistic	_	_	_
539-2	SPK0023	Rising	539	321	ба?	ба	linguistic	_	_	End=481.477
540-0	SPK0023	Falling	540	322	Жаздық	Жаздық	linguistic	_	_	Begin=481.477
540-1	SPK0023	Falling	540	322	соғым	соғым	linguistic	_	_	_
540-2	SPK0023	Falling	540	322	ба.	ба	linguistic	_	_	End=482.888
541-0	SPK0024	Falling	541	323	Жаздық	Жаздық	linguistic	_	_	Begin=483.301
541-1	SPK0024	Falling	541	323	соғым.	соғым	linguistic	_	_	End=484.154
542-0	SPK0027	undefined	542	324	Между	Между	linguistic	_	_	Begin=484.079
542-1	SPK0027	undefined	542	324	ними	ними	linguistic	_	_	_
542-2	SPK0027	undefined	542	324	деп	деп	linguistic	_	_	_
542-3	SPK0027	undefined	542	324	қойсам	қойсам	linguistic	_	_	_
542-4	SPK0027	undefined	542	324	@@@@	@@@@	linguistic	_	_	End=485.933
543-0	SPK0023	undefined	543	_	@@@@@@	@@@@@@	linguistic	_	_	Begin=484.433|End=485.922
544-0	SPK0025	undefined	544	_	@@@@	@@@@	linguistic	_	_	Begin=484.593|End=485.622
545-0	SPK0024	Falling	545	325	Көктемдік	Көктемдік	linguistic	_	_	Begin=485.962
545-1	SPK0024	Falling	545	325	деп	деп	linguistic	_	_	_
545-2	SPK0024	Falling	545	325	қой.	қой	linguistic	_	_	End=486.884
546-0	SPK0023	Continuing	546	326	@@@	@@@	linguistic	_	_	Begin=486.709
546-1	SPK0023	Continuing	546	326	Бәсе,	Бәсе	linguistic	_	_	End=487.716
547-0	SPK0027	undefined	547	327	@көктемдік	@көктемдік	linguistic	_	_	Begin=486.885
547-1	SPK0027	undefined	547	327	@@	@@	linguistic	_	_	End=489.037
548-0	SPK0023	Rising	548	326	сондай	сондай	linguistic	_	_	Begin=487.718
548-1	SPK0023	Rising	548	326	болу	болу	linguistic	_	_	_
548-2	SPK0023	Rising	548	326	керек?	керек	linguistic	_	_	End=488.507
549-0	SPK0023	Falling	549	328	Екіншісі	Екіншісі	linguistic	_	_	Begin=488.507
549-1	SPK0023	Falling	549	328	##.	##	unknown	_	_	End=489.618
550-0	SPK0023	Rising	550	329	¬Манат	Манат	linguistic	_	Anonymized=Yes	Begin=494.234
550-1	SPK0023	Rising	550	329	алып	алып	linguistic	_	_	_
550-2	SPK0023	Rising	550	329	келген	келген	linguistic	_	_	_
550-3	SPK0023	Rising	550	329	емес	емес	linguistic	_	_	_
550-4	SPK0023	Rising	550	329	пе	пе	linguistic	_	_	_
550-5	SPK0023	Rising	550	329	случайно?	случайно	linguistic	_	_	End=495.857
551-0	SPK0023	Falling	551	330	Көктеме	Көктеме	linguistic	_	_	Begin=495.857
551-1	SPK0023	Falling	551	330	алған	алған	linguistic	_	_	_
551-2	SPK0023	Falling	551	330	кезде	кезде	linguistic	_	_	_
551-3	SPK0023	Falling	551	330	ме.	ме	linguistic	_	_	End=496.977
552-0	SPK0027	Falling	552	331	Иә	Иә	linguistic	_	_	Begin=496.409
552-1	SPK0027	Falling	552	331	иә.	иә	linguistic	_	_	End=497.019
553-0	SPK0023	Rising	553	332	Сол?	Сол	linguistic	_	_	Begin=496.977|End=497.919
554-0	SPK0027	Falling	554	333	¬Манаттан	Манаттан	linguistic	_	Anonymized=Yes	Begin=497.154
554-1	SPK0027	Falling	554	333	алғанмын.	алғанмын	linguistic	_	_	End=498.394
555-0	SPK0026	Rising	555	334	Жақсы	Жақсы	linguistic	_	_	Begin=497.8
555-1	SPK0026	Rising	555	334	иә?	иә	linguistic	_	_	End=498.507
556-0	SPK0023	Falling	556	335	Еее.	Еее	linguistic	_	_	Begin=497.919|End=498.966
557-0	SPK0026	Falling	557	336	Еті	Еті	linguistic	_	_	Begin=498.507
557-1	SPK0026	Falling	557	336	¬Манаттың.	Манаттың	linguistic	_	Anonymized=Yes	End=499.342
558-0	SPK0023	Falling	558	337	Еее	Еее	linguistic	_	_	Begin=499.182
558-1	SPK0023	Falling	558	337	жұмсақ.	жұмсақ	linguistic	_	_	End=499.866
559-0	SPK0023	Falling	559	338	Күшті.	Күшті	linguistic	_	_	Begin=499.866|End=500.377
560-0	SPK0027	Falling	560	339	Жеші.	Жеші	linguistic	_	_	Begin=501.777|End=502.536
561-0	SPK0025	Falling	561	340	Болды	Болды	linguistic	_	_	Begin=502.238
561-1	SPK0025	Falling	561	340	тойдым	тойдым	linguistic	_	_	_
561-2	SPK0025	Falling	561	340	#.	#	unknown	_	_	End=503.303
562-0	SPK0026	Falling	562	341	Біздің	Біздің	linguistic	_	_	Begin=508.335
562-1	SPK0026	Falling	562	341	¬Жексентің	Жексентің	linguistic	_	Anonymized=Yes	_
562-2	SPK0026	Falling	562	341	үйі	үйі	linguistic	_	_	_
562-3	SPK0026	Falling	562	341	осы.	осы	linguistic	_	_	End=509.814
563-0	SPK0026	Falling	563	342	Біз	Біз	linguistic	_	_	Begin=509.851
563-1	SPK0026	Falling	563	342	¬Жексен	Жексен	linguistic	_	Anonymized=Yes	_
563-2	SPK0026	Falling	563	342	¬Жексен	Жексен	linguistic	_	Anonymized=Yes	_
563-3	SPK0026	Falling	563	342	дейміз	дейміз	linguistic	_	_	_
563-4	SPK0026	Falling	563	342	ғой.	ғой	linguistic	_	_	End=511.455
564-0	SPK0024	Rising	564	343	Танисың	Танисың	linguistic	_	_	Begin=512.186
564-1	SPK0024	Rising	564	343	ба?	ба	linguistic	_	_	End=512.896
565-0	SPK0026	Falling	565	344	Ақашөк.	Ақашөк	linguistic	_	_	Begin=512.228|End=513.045
566-0	SPK0024	Falling	566	345	Тоғ-	Тоғ-	linguistic	_	Interrupted=Yes	Begin=512.899
566-1	SPK0024	Falling	566	345	Тоқымдар.	Тоқымдар	linguistic	_	_	End=513.578
567-0	SPK0024	Falling	567	346	Тоғым	Тоғым	linguistic	_	_	Begin=513.579
567-1	SPK0024	Falling	567	346	ана	ана	linguistic	_	_	_
567-2	SPK0024	Falling	567	346	кім.	кім	linguistic	_	_	End=514.652
568-0	SPK0023	undefined	568	_	@@@@###	@@@@###	linguistic	_	_	Begin=514.603|End=515.809
569-0	SPK0025	undefined	569	_	@@@@@	@@@@@	linguistic	_	_	Begin=514.622|End=516.297
570-0	SPK0024	undefined	570	_	@@@@@@	@@@@@@	linguistic	_	_	Begin=515.236|End=516.955
571-0	SPK0026	Falling	571	347	¬Жарасбаевтар.	Жарасбаевтар	linguistic	_	Anonymized=Yes	Begin=516.441|End=517.669
572-0	SPK0024	Falling	572	348	¬Жарасбаев.	Жарасбаев	linguistic	_	Anonymized=Yes	Begin=516.962|End=518.182
573-0	SPK0026	Falling	573	349	Мынау	Мынау	linguistic	_	_	Begin=518.182
573-1	SPK0026	Falling	573	349	соның	соның	linguistic	_	_	_
573-2	SPK0026	Falling	573	349	келіншегі.	келіншегі	linguistic	_	_	End=519.536
574-0	SPK0027	Continuing	574	350	Ойбай,	Ойбай	linguistic	_	_	Begin=519.353|End=519.925
575-0	SPK0027	Falling	575	350	менің	менің	linguistic	_	_	Begin=519.925
575-1	SPK0027	Falling	575	350	таниды	таниды	linguistic	_	_	_
575-2	SPK0027	Falling	575	350	ғой	ғой	linguistic	_	_	_
575-3	SPK0027	Falling	575	350	енді.	енді	linguistic	_	_	End=521.197
576-0	SPK0024	Falling	576	351	Мынау	Мынау	linguistic	_	_	Begin=520.623
576-1	SPK0024	Falling	576	351	келіншегі	келіншегі	linguistic	_	_	_
576-2	SPK0024	Falling	576	351	соның.	соның	linguistic	_	_	End=521.669
577-0	SPK0023	undefined	577	_	@@@@@	@@@@@	linguistic	_	_	Begin=520.811|End=521.954
578-0	SPK0024	Falling	578	351	Сүйіп	Сүйіп	linguistic	_	_	Begin=522.035
578-1	SPK0024	Falling	578	351	алған.	алған	linguistic	_	_	End=523.07
579-0	SPK0027	undefined	579	_	@@@	@@@	linguistic	_	_	Begin=522.839|End=524.161
580-0	SPK0023	Falling	580	352	@@@@	@@@@	linguistic	_	_	Begin=523.115
580-1	SPK0023	Falling	580	352	сүйіп.	сүйіп	linguistic	_	_	End=524.735
581-0	SPK0027	Falling	581	353	Бәрін	Бәрін	linguistic	_	_	Begin=524.213
581-1	SPK0027	Falling	581	353	біледі.	біледі	linguistic	_	_	End=525.017
582-0	SPK0023	undefined	582	_	@@	@@	linguistic	_	_	Begin=524.92|End=526.175
583-0	SPK0027	Continuing	583	353	Сүйіп	Сүйіп	linguistic	_	_	Begin=525.017
583-1	SPK0027	Continuing	583	353	алған,	алған	linguistic	_	_	End=525.771
584-0	SPK0025	undefined	584	_	@@@@@@	@@@@@@	linguistic	_	_	Begin=525.407|End=527.251
585-0	SPK0027	Falling	585	353	алмағанын.	алмағанын	linguistic	_	_	Begin=525.771|End=526.551
586-0	SPK0023	undefined	586	_	@@@@	@@@@	linguistic	_	_	Begin=526.442|End=527.572
587-0	SPK0027	undefined	587	_	@@	@@	linguistic	_	_	Begin=526.623|End=527.692
588-0	SPK0026	undefined	588	_	##	##	unknown	_	_	Begin=526.939|End=527.775
589-0	SPK0026	Continuing	589	354	Қа-	Қа-	linguistic	_	Interrupted=Yes	Begin=528.061
589-1	SPK0026	Continuing	589	354	мынадан	мынадан	linguistic	_	_	_
589-2	SPK0026	Continuing	589	354	жас	жас	linguistic	_	_	_
589-3	SPK0026	Continuing	589	354	кездерін	кездерін	linguistic	_	_	_
589-4	SPK0026	Continuing	589	354	ойласам,	ойласам	linguistic	_	_	End=529.679
590-0	SPK0026	Falling	590	354	күлкім	күлкім	linguistic	_	_	Begin=529.679
590-1	SPK0026	Falling	590	354	келеді	келеді	linguistic	_	_	_
590-2	SPK0026	Falling	590	354	ей.	ей	linguistic	_	_	End=530.758
591-0	SPK0026	Falling	591	355	Айтшы	Айтшы	linguistic	_	_	Begin=530.758
591-1	SPK0026	Falling	591	355	¬Гуляшка.	Гуляшка	linguistic	_	Anonymized=Yes	End=532.099
592-0	SPK0024	Falling	592	356	Мхм.	Мхм	linguistic	_	_	Begin=531.452|End=532.025
593-0	SPK0026	Falling	593	357	А.	А	linguistic	_	_	Begin=532.15|End=532.711
594-0	SPK0023	Rising	594	358	Неге?	Неге	linguistic	_	_	Begin=532.426|End=532.823
595-0	SPK0027	undefined	595	_	####	####	unknown	_	_	Begin=532.811|End=533.723
596-0	SPK0026	Continuing	596	359	Мен	Мен	linguistic	_	_	Begin=532.849
596-1	SPK0026	Continuing	596	359	ана,	ана	linguistic	_	_	End=533.296
597-0	SPK0026	Continuing	597	359	¬Жексен	Жексен	linguistic	_	Anonymized=Yes	Begin=533.296
597-1	SPK0026	Continuing	597	359	айтады,	айтады	linguistic	_	_	End=533.985
598-0	SPK0026	Falling	598	359	таныстырамын	таныстырамын	linguistic	_	_	Begin=534.022
598-1	SPK0026	Falling	598	359	дейді.	дейді	linguistic	_	_	End=534.743
599-0	SPK0026	Falling	599	359	Маған.	Маған	linguistic	_	_	Begin=534.761|End=535.299
600-0	SPK0026	Continuing	600	360	Бірінші	Бірінші	linguistic	_	_	Begin=535.645
600-1	SPK0026	Continuing	600	360	саған	саған	linguistic	_	_	_
600-2	SPK0026	Continuing	600	360	таныстырамын,	таныстырамын	linguistic	_	_	End=536.737
601-0	SPK0026	Continuing	601	360	содан	содан	linguistic	_	_	Begin=537.309
601-1	SPK0026	Continuing	601	360	кейін,	кейін	linguistic	_	_	End=537.745
602-0	SPK0026	Falling	602	360	ұнаса	ұнаса	linguistic	_	_	Begin=537.787
602-1	SPK0026	Falling	602	360	бітті	бітті	linguistic	_	_	_
602-2	SPK0026	Falling	602	360	деді.	деді	linguistic	_	_	End=538.871
603-0	SPK0026	Falling	603	361	Үйленемін	Үйленемін	linguistic	_	_	Begin=538.871
603-1	SPK0026	Falling	603	361	деді.	деді	linguistic	_	_	End=539.985
604-0	SPK0027	Falling	604	362	Тох	Тох	linguistic	_	_	Begin=539.669
604-1	SPK0027	Falling	604	362	шіркін	шіркін	linguistic	_	_	_
604-2	SPK0027	Falling	604	362	десеңші.	десеңші	linguistic	_	_	End=540.743
605-0	SPK0026	Falling	605	363	Ее	Ее	linguistic	_	_	Begin=539.985
605-1	SPK0026	Falling	605	363	жарайды.	жарайды	linguistic	_	_	End=540.764
606-0	SPK0026	Falling	606	364	Содан	Содан	linguistic	_	_	Begin=541.123
606-1	SPK0026	Falling	606	364	алып	алып	linguistic	_	_	_
606-2	SPK0026	Falling	606	364	келді	келді	linguistic	_	_	_
606-3	SPK0026	Falling	606	364	ғой.	ғой	linguistic	_	_	End=542.145
607-0	SPK0023	undefined	607	_	@@@@@	@@@@@	linguistic	_	_	Begin=541.138|End=541.932
608-0	SPK0023	Falling	608	365	#	#	unknown	_	_	Begin=543.093
608-1	SPK0023	Falling	608	365	Ұнады	Ұнады	linguistic	_	_	_
608-2	SPK0023	Falling	608	365	ма.	ма	linguistic	_	_	End=544.052
609-0	SPK0026	Interrupted	609	366	Кел—	Кел—	linguistic	_	Interrupted=Yes	Begin=543.443|End=544.103
610-0	SPK0026	Falling	610	366	Жоқ.	Жоқ	linguistic	_	_	Begin=544.142|End=544.498
611-0	SPK0026	Falling	611	366	Келдім	Келдім	linguistic	_	_	Begin=544.498
611-1	SPK0026	Falling	611	366	деді.	деді	linguistic	_	_	End=546.059
612-0	SPK0023	undefined	612	367	Ұнамай	Ұнамай	linguistic	_	_	Begin=545.008
612-1	SPK0023	undefined	612	367	қалды	қалды	linguistic	_	_	_
612-2	SPK0023	undefined	612	367	ма	ма	linguistic	_	_	_
612-3	SPK0023	undefined	612	367	@@@@@	@@@@@	linguistic	_	_	End=546.566
613-0	SPK0025	undefined	613	368	Жоқ	Жоқ	linguistic	_	_	Begin=545.11
613-1	SPK0025	undefined	613	368	деді	деді	linguistic	_	_	_
613-2	SPK0025	undefined	613	368	@@@@@	@@@@@	linguistic	_	_	End=546.594
614-0	SPK0026	undefined	614	_	####	####	unknown	_	_	Begin=546.777|End=548.3
615-0	SPK0027	undefined	615	369	Басында	Басында	linguistic	_	_	Begin=547.054
615-1	SPK0027	undefined	615	369	ұнамай	ұнамай	linguistic	_	_	_
615-2	SPK0027	undefined	615	369	қалған	қалған	linguistic	_	_	_
615-3	SPK0027	undefined	615	369	десеңші	десеңші	linguistic	_	_	_
615-4	SPK0027	undefined	615	369	@@@@	@@@@	linguistic	_	_	End=548.91
616-0	SPK0025	undefined	616	_	@@@	@@@	linguistic	_	_	Begin=547.863|End=548.733
617-0	SPK0023	undefined	617	_	@@@@@	@@@@@	linguistic	_	_	Begin=547.944|End=548.869
618-0	SPK0026	undefined	618	_	@##	@##	linguistic	_	_	Begin=549.181
618-1	SPK0026	undefined	618	_	@#	@#	linguistic	_	_	End=550.773
619-0	SPK0026	Continuing	619	370	Әгі,	Әгі	linguistic	_	_	Begin=550.773|End=551.177
620-0	SPK0026	Rising	620	370	¬Жексен	Жексен	linguistic	_	Anonymized=Yes	Begin=551.737
620-1	SPK0026	Rising	620	370	бірінші	бірінші	linguistic	_	_	_
620-2	SPK0026	Rising	620	370	кірді	кірді	linguistic	_	_	_
620-3	SPK0026	Rising	620	370	де?	де	linguistic	_	_	End=553.291
621-0	SPK0023	Falling	621	371	Мхм.	Мхм	linguistic	_	_	Begin=553.355|End=554.117
622-0	SPK0026	Falling	622	372	Есіктен	Есіктен	linguistic	_	_	Begin=554.042
622-1	SPK0026	Falling	622	372	мынау	мынау	linguistic	_	_	_
622-2	SPK0026	Falling	622	372	екінші	екінші	linguistic	_	_	_
622-3	SPK0026	Falling	622	372	кірді.	кірді	linguistic	_	_	End=556.245
623-0	SPK0027	Falling	623	373	Жата	Жата	linguistic	_	_	Begin=554.688
623-1	SPK0027	Falling	623	373	берсінші	берсінші	linguistic	_	_	_
623-2	SPK0027	Falling	623	373	##.	##	unknown	_	_	End=555.542
624-0	SPK0027	Falling	624	374	Өзім	Өзім	linguistic	_	_	Begin=555.542
624-1	SPK0027	Falling	624	374	ала	ала	linguistic	_	_	_
624-2	SPK0027	Falling	624	374	саламын.	саламын	linguistic	_	_	End=556.312
625-0	SPK0026	Continuing	625	375	Содан	Содан	linguistic	_	_	Begin=556.245
625-1	SPK0026	Continuing	625	375	кейін	кейін	linguistic	_	_	_
625-2	SPK0026	Continuing	625	375	бір	бір	linguistic	_	_	_
625-3	SPK0026	Continuing	625	375	уақта,	уақта	linguistic	_	_	End=557.09
626-0	SPK0026	Continuing	626	375	есікті,	есікті	linguistic	_	_	Begin=557.136|End=558.222
627-0	SPK0026	Continuing	627	375	¬Жексен	Жексен	linguistic	_	Anonymized=Yes	Begin=558.222
627-1	SPK0026	Continuing	627	375	¬Жексен,	Жексен	linguistic	_	Anonymized=Yes	End=559.037
628-0	SPK0026	Continuing	628	375	жаба	жаба	linguistic	_	_	Begin=559.071
628-1	SPK0026	Continuing	628	375	алмай	алмай	linguistic	_	_	_
628-2	SPK0026	Continuing	628	375	қойдым,	қойдым	linguistic	_	_	End=559.834
629-0	SPK0026	Falling	629	375	жаба	жаба	linguistic	_	_	Begin=559.834
629-1	SPK0026	Falling	629	375	алмай	алмай	linguistic	_	_	_
629-2	SPK0026	Falling	629	375	қойдым	қойдым	linguistic	_	_	_
629-3	SPK0026	Falling	629	375	деп	деп	linguistic	_	_	_
629-4	SPK0026	Falling	629	375	тұр.	тұр	linguistic	_	_	End=560.93
630-0	SPK0023	undefined	630	_	CLEARS_THROAT	CLEARS_THROAT	linguistic	_	_	Begin=560.72|End=561.32
631-0	SPK0026	Falling	631	376	Әй	Әй	linguistic	_	_	Begin=561.493
631-1	SPK0026	Falling	631	376	миіңмен	миіңмен	linguistic	_	_	_
631-2	SPK0026	Falling	631	376	ойлансаңшы	ойлансаңшы	linguistic	_	_	_
631-3	SPK0026	Falling	631	376	деймін	деймін	linguistic	_	_	_
631-4	SPK0026	Falling	631	376	мен.	мен	linguistic	_	_	End=562.859
632-0	SPK0026	Continuing	632	377	Кірдің,	Кірдің	linguistic	_	_	Begin=562.936|End=564.091
633-0	SPK0026	undefined	633	_	@###	@###	linguistic	_	_	Begin=564.459
633-1	SPK0026	undefined	633	_	@@	@@	linguistic	_	_	End=565.577
634-0	SPK0027	Continuing	634	378	Сіздің	Сіздің	linguistic	_	_	Begin=564.809
634-1	SPK0027	Continuing	634	378	есігіңіз	есігіңіз	linguistic	_	_	_
634-2	SPK0027	Continuing	634	378	теріс	теріс	linguistic	_	_	_
634-3	SPK0027	Continuing	634	378	жабылатын	жабылатын	linguistic	_	_	_
634-4	SPK0027	Continuing	634	378	##,	##	unknown	_	_	End=566.951
635-0	SPK0025	undefined	635	_	@@@@@@	@@@@@@	linguistic	_	_	Begin=565.991|End=568.965
636-0	SPK0026	undefined	636	379	Қ-	Қ-	linguistic	_	Interrupted=Yes	Begin=566.153
636-1	SPK0026	undefined	636	379	қ-	қ-	linguistic	_	Interrupted=Yes	_
636-2	SPK0026	undefined	636	379	@@@@	@@@@	linguistic	_	_	End=567.957
637-0	SPK0027	undefined	637	378	деп	деп	linguistic	_	_	Begin=566.951
637-1	SPK0027	undefined	637	378	иә	иә	linguistic	_	_	_
637-2	SPK0027	undefined	637	378	@@@@@	@@@@@	linguistic	_	_	End=568.238
638-0	SPK0026	Continuing	638	380	Қалай	Қалай	linguistic	_	_	Begin=568.053
638-1	SPK0026	Continuing	638	380	жабылатынын,	жабылатынын	linguistic	_	_	End=568.873
639-0	SPK0026	Falling	639	380	өзің	өзің	linguistic	_	_	Begin=568.873
639-1	SPK0026	Falling	639	380	ойлансаңшы	ойлансаңшы	linguistic	_	_	_
639-2	SPK0026	Falling	639	380	деп	деп	linguistic	_	_	_
639-3	SPK0026	Falling	639	380	сөйттім.	сөйттім	linguistic	_	_	End=570.571
640-0	SPK0027	Continuing	640	381	Соны,	Соны	linguistic	_	_	Begin=569.467|End=570.158
641-0	SPK0027	Falling	641	381	сол	сол	linguistic	_	_	Begin=570.158
641-1	SPK0027	Falling	641	381	кезде	кезде	linguistic	_	_	_
641-2	SPK0027	Falling	641	381	айта	айта	linguistic	_	_	_
641-3	SPK0027	Falling	641	381	алған	алған	linguistic	_	_	_
641-4	SPK0027	Falling	641	381	жоқпын.	жоқпын	linguistic	_	_	End=571.013
642-0	SPK0027	undefined	642	381	Енді	Енді	linguistic	_	_	Begin=571.013
642-1	SPK0027	undefined	642	381	айта	айта	linguistic	_	_	_
642-2	SPK0027	undefined	642	381	салайыншы	салайыншы	linguistic	_	_	_
642-3	SPK0027	undefined	642	381	@@@@@@@	@@@@@@@	linguistic	_	_	End=573.541
643-0	SPK0025	undefined	643	_	@@@@@@@@@	@@@@@@@@@	linguistic	_	_	Begin=571.689|End=575.432
644-0	SPK0023	undefined	644	_	@@@@@	@@@@@	linguistic	_	_	Begin=571.711|End=574.116
645-0	SPK0026	undefined	645	382	Иә	Иә	linguistic	_	_	Begin=571.915
645-1	SPK0026	undefined	645	382	@@@	@@@	linguistic	_	_	End=574.006
646-0	SPK0024	undefined	646	_	@@@@@@@@@	@@@@@@@@@	linguistic	_	_	Begin=571.952|End=574.185
647-0	SPK0023	undefined	647	_	@@	@@	linguistic	_	_	Begin=574.135|End=575.245
648-0	SPK0026	Continuing	648	383	Содан	Содан	linguistic	_	_	Begin=575.459
648-1	SPK0026	Continuing	648	383	кейін	кейін	linguistic	_	_	_
648-2	SPK0026	Continuing	648	383	екеуі,	екеуі	linguistic	_	_	End=576.526
649-0	SPK0026	Falling	649	384	содан	содан	linguistic	_	_	Begin=576.772
649-1	SPK0026	Falling	649	384	содан	содан	linguistic	_	_	_
649-2	SPK0026	Falling	649	384	кейін	кейін	linguistic	_	_	_
649-3	SPK0026	Falling	649	384	не	не	linguistic	_	_	_
649-4	SPK0026	Falling	649	384	еттің	еттің	linguistic	_	_	_
649-5	SPK0026	Falling	649	384	ғой.	ғой	linguistic	_	_	End=578.017
650-0	SPK0026	Falling	650	384	Кірді.	Кірді	linguistic	_	_	Begin=578.017|End=578.262
651-0	SPK0026	Continuing	651	384	Тамақтарын	Тамақтарын	linguistic	_	_	Begin=578.262
651-1	SPK0026	Continuing	651	384	ішті,	ішті	linguistic	_	_	End=579.13
652-0	SPK0026	Continuing	652	384	не	не	linguistic	_	_	Begin=579.13
652-1	SPK0026	Continuing	652	384	етті,	етті	linguistic	_	_	End=579.292
653-0	SPK0026	Continuing	653	384	кетті,	кетті	linguistic	_	_	Begin=579.292|End=579.837
654-0	SPK0026	Continuing	654	384	кейін,	кейін	linguistic	_	_	Begin=579.837|End=580.277
655-0	SPK0026	Falling	655	385	жақсы	жақсы	linguistic	_	_	Begin=580.291
655-1	SPK0026	Falling	655	385	екен	екен	linguistic	_	_	_
655-2	SPK0026	Falling	655	385	дедім.	дедім	linguistic	_	_	End=581.219
656-0	SPK0026	Continuing	656	386	Жамандаған	Жамандаған	linguistic	_	_	Begin=581.949
656-1	SPK0026	Continuing	656	386	жоқпын,	жоқпын	linguistic	_	_	End=582.737
657-0	SPK0026	Falling	657	386	жақсы	жақсы	linguistic	_	_	Begin=582.737
657-1	SPK0026	Falling	657	386	екен	екен	linguistic	_	_	_
657-2	SPK0026	Falling	657	386	деп.	деп	linguistic	_	_	End=583.746
658-0	SPK0026	Falling	658	387	Содан	Содан	linguistic	_	_	Begin=583.949
658-1	SPK0026	Falling	658	387	кейін	кейін	linguistic	_	_	_
658-2	SPK0026	Falling	658	387	бір	бір	linguistic	_	_	_
658-3	SPK0026	Falling	658	387	күні	күні	linguistic	_	_	_
658-4	SPK0026	Falling	658	387	түнгі	түнгі	linguistic	_	_	_
658-5	SPK0026	Falling	658	387	сағат.	сағат	linguistic	_	_	End=585.53
659-0	SPK0027	Falling	659	388	Сіз	Сіз	linguistic	_	_	Begin=583.999
659-1	SPK0027	Falling	659	388	жаман	жаман	linguistic	_	_	_
659-2	SPK0027	Falling	659	388	деп	деп	linguistic	_	_	_
659-3	SPK0027	Falling	659	388	вообще	вообще	linguistic	_	_	_
659-4	SPK0027	Falling	659	388	айтпайсыз	айтпайсыз	linguistic	_	_	_
659-5	SPK0027	Falling	659	388	ғой	ғой	linguistic	_	_	_
659-6	SPK0027	Falling	659	388	ешкімді.	ешкімді	linguistic	_	_	End=586.582
660-0	SPK0026	Rising	660	387	Түнгі	Түнгі	linguistic	_	_	Begin=586.466
660-1	SPK0026	Rising	660	387	сағат	сағат	linguistic	_	_	_
660-2	SPK0026	Rising	660	387	он	он	linguistic	_	_	_
660-3	SPK0026	Rising	660	387	екіде	екіде	linguistic	_	_	_
660-4	SPK0026	Rising	660	387	бар	бар	linguistic	_	_	_
660-5	SPK0026	Rising	660	387	ғой	ғой	linguistic	_	_	_
660-6	SPK0026	Rising	660	387	звандайды?	звандайды	linguistic	_	_	End=588.207
661-0	SPK0026	Continuing	661	389	Не	Не	linguistic	_	_	Begin=588.293
661-1	SPK0026	Continuing	661	389	болып	болып	linguistic	_	_	_
661-2	SPK0026	Continuing	661	389	қалды,	қалды	linguistic	_	_	End=589.652
662-0	SPK0026	Continuing	662	390	¬Сая	Сая	linguistic	_	Anonymized=Yes	Begin=589.732
662-1	SPK0026	Continuing	662	390	апай	апай	linguistic	_	_	_
662-2	SPK0026	Continuing	662	390	қазір	қазір	linguistic	_	_	_
662-3	SPK0026	Continuing	662	390	келейінші,	келейінші	linguistic	_	_	End=590.694
663-0	SPK0026	Falling	663	391	¬Сакалөкпен	Сакалөкпен	linguistic	_	Anonymized=Yes	Begin=590.783
663-1	SPK0026	Falling	663	391	бірге.	бірге	linguistic	_	_	End=592.548
664-0	SPK0024	Continuing	664	392	Ну	Ну	linguistic	_	_	Begin=592.591
664-1	SPK0024	Continuing	664	392	иә	иә	linguistic	_	_	_
664-2	SPK0024	Continuing	664	392	ол	ол	linguistic	_	_	_
664-3	SPK0024	Continuing	664	392	ол,	ол	linguistic	_	_	End=593.332
665-0	SPK0024	Falling	665	392	одан	одан	linguistic	_	_	Begin=593.332
665-1	SPK0024	Falling	665	392	кейін	кейін	linguistic	_	_	_
665-2	SPK0024	Falling	665	392	ғой	ғой	linguistic	_	_	_
665-3	SPK0024	Falling	665	392	әгі.	әгі	linguistic	_	_	End=594.091
666-0	SPK0026	Falling	666	393	Иә.	Иә	linguistic	_	_	Begin=593.619|End=594.196
667-0	SPK0024	Falling	667	394	Ішіп	Ішіп	linguistic	_	_	Begin=594.433
667-1	SPK0024	Falling	667	394	жүрген	жүрген	linguistic	_	_	_
667-2	SPK0024	Falling	667	394	кезде.	кезде	linguistic	_	_	End=595.238
668-0	SPK0027	Falling	668	395	Одан	Одан	linguistic	_	_	Begin=595.613
668-1	SPK0027	Falling	668	395	кейін	кейін	linguistic	_	_	_
668-2	SPK0027	Falling	668	395	ғой	ғой	linguistic	_	_	_
668-3	SPK0027	Falling	668	395	ол.	ол	linguistic	_	_	End=596.713
669-0	SPK0027	undefined	669	_	####	####	unknown	_	_	Begin=596.713|End=597.365
670-0	SPK0026	Continuing	670	396	Жоқ	Жоқ	linguistic	_	_	Begin=597.339
670-1	SPK0026	Continuing	670	396	сол,	сол	linguistic	_	_	End=598.067
671-0	SPK0027	Falling	671	397	Үйленгеннен	Үйленгеннен	linguistic	_	_	Begin=597.365
671-1	SPK0027	Falling	671	397	кейін.	кейін	linguistic	_	_	End=598.53
672-0	SPK0026	Continuing	672	396	үйленгеннен	үйленгеннен	linguistic	_	_	Begin=598.067
672-1	SPK0026	Continuing	672	396	кейін,	кейін	linguistic	_	_	End=598.55
673-0	SPK0027	Falling	673	398	Иә.	Иә	linguistic	_	_	Begin=598.53|End=599.188
674-0	SPK0026	Falling	674	396	нәрселеріңді	нәрселеріңді	linguistic	_	_	Begin=598.55
674-1	SPK0026	Falling	674	396	айтып	айтып	linguistic	_	_	_
674-2	SPK0026	Falling	674	396	отырмын.	отырмын	linguistic	_	_	End=600.318
675-0	SPK0026	Continuing	675	399	Содан	Содан	linguistic	_	_	Begin=600.618
675-1	SPK0026	Continuing	675	399	кейін	кейін	linguistic	_	_	_
675-2	SPK0026	Continuing	675	399	кел-,	кел-	linguistic	_	Interrupted=Yes	End=601.504
676-0	SPK0026	Falling	676	399	кел	кел	linguistic	_	_	Begin=601.573
676-1	SPK0026	Falling	676	399	дедім.	дедім	linguistic	_	_	End=602.868
677-0	SPK0027	undefined	677	_	@@@@@	@@@@@	linguistic	_	_	Begin=601.826|End=602.808
678-0	SPK0027	Falling	678	400	Жасыл	Жасыл	linguistic	_	_	Begin=603.403
678-1	SPK0027	Falling	678	400	горшок	горшок	linguistic	_	_	_
678-2	SPK0027	Falling	678	400	бар	бар	linguistic	_	_	_
678-3	SPK0027	Falling	678	400	қолда.	қолда	linguistic	_	_	End=604.83
679-0	SPK0026	Continuing	679	401	Кел,	Кел	linguistic	_	_	Begin=603.45|End=603.78
680-0	SPK0026	Falling	680	401	тәтем	тәтем	linguistic	_	_	Begin=603.78
680-1	SPK0026	Falling	680	401	бар.	бар	linguistic	_	_	End=604.635
681-0	SPK0026	Falling	681	402	Тәтем	Тәтем	linguistic	_	_	Begin=604.895
681-1	SPK0026	Falling	681	402	бар	бар	linguistic	_	_	_
681-2	SPK0026	Falling	681	402	болатын.	болатын	linguistic	_	_	End=605.649
682-0	SPK0027	undefined	682	403	Горшокты	Горшокты	linguistic	_	_	Begin=605.598
682-1	SPK0027	undefined	682	403	пакетке	пакетке	linguistic	_	_	_
682-2	SPK0027	undefined	682	403	салып	салып	linguistic	_	_	_
682-3	SPK0027	undefined	682	403	аласың	аласың	linguistic	_	_	_
682-4	SPK0027	undefined	682	403	да	да	linguistic	_	_	_
682-5	SPK0027	undefined	682	403	@@@@@@	@@@@@@	linguistic	_	_	End=608.416
683-0	SPK0025	undefined	683	_	@@@@@@@	@@@@@@@	linguistic	_	_	Begin=606.658|End=608.791
684-0	SPK0023	undefined	684	_	@@@@@@@@	@@@@@@@@	linguistic	_	_	Begin=606.677|End=608.847
685-0	SPK0024	undefined	685	_	@@@@@@@@	@@@@@@@@	linguistic	_	_	Begin=606.69|End=608.835
686-0	SPK0026	undefined	686	_	@@@@@@@	@@@@@@@	linguistic	_	_	Begin=606.701|End=608.816
687-0	SPK0026	Continuing	687	404	Содан	Содан	linguistic	_	_	Begin=608.816
687-1	SPK0026	Continuing	687	404	кейін,	кейін	linguistic	_	_	End=609.644
688-0	SPK0027	Falling	688	405	Ол	Ол	linguistic	_	_	Begin=609.484
688-1	SPK0027	Falling	688	405	кезде	кезде	linguistic	_	_	_
688-2	SPK0027	Falling	688	405	памперс	памперс	linguistic	_	_	_
688-3	SPK0027	Falling	688	405	жоқ.	жоқ	linguistic	_	_	End=610.853
689-0	SPK0026	Falling	689	404	же:тті.	жетті	linguistic	_	Prolongation=1	Begin=609.644|End=610.687
690-0	SPK0026	undefined	690	_	@@	@@	linguistic	_	_	Begin=611.016|End=611.933
691-0	SPK0014	Falling	691	406	Жүр.	Жүр	linguistic	_	_	Begin=611.339|End=612.079
692-0	SPK0026	Falling	692	407	Жетті.	Жетті	linguistic	_	_	Begin=613.53|End=614.608
693-0	SPK0014	Falling	693	408	Мені	Мені	linguistic	_	_	Begin=613.678
693-1	SPK0014	Falling	693	408	қолмен	қолмен	linguistic	_	_	_
693-2	SPK0014	Falling	693	408	ұстап	ұстап	linguistic	_	_	_
693-3	SPK0014	Falling	693	408	алған.	алған	linguistic	_	_	End=614.941
694-0	SPK0026	Continuing	694	409	Жеткеннен	Жеткеннен	linguistic	_	_	Begin=614.816
694-1	SPK0026	Continuing	694	409	кейін,	кейін	linguistic	_	_	End=615.803
695-0	SPK0027	undefined	695	_	####	####	unknown	_	_	Begin=615.137|End=617.578
696-0	SPK0026	Continuing	696	409	әгі,	әгі	linguistic	_	_	Begin=615.803|End=616.133
697-0	SPK0026	Continuing	697	409	немене	немене	linguistic	_	_	Begin=616.133
697-1	SPK0026	Continuing	697	409	еді,	еді	linguistic	_	_	End=616.715
698-0	SPK0026	Continuing	698	409	тәтем,	тәтем	linguistic	_	_	Begin=616.715|End=617.123
699-0	SPK0026	Falling	699	409	кім	кім	linguistic	_	_	Begin=617.123
699-1	SPK0026	Falling	699	409	айттым.	айттым	linguistic	_	_	End=618.03
700-0	SPK0026	Falling	700	410	Тәтем	Тәтем	linguistic	_	_	Begin=618.204
700-1	SPK0026	Falling	700	410	отыр.	отыр	linguistic	_	_	End=619.02
701-0	SPK0026	Continuing	701	411	Сосын	Сосын	linguistic	_	_	Begin=619.11
701-1	SPK0026	Continuing	701	411	айттым,	айттым	linguistic	_	_	End=619.655
702-0	SPK0026	Falling	702	411	бітті	бітті	linguistic	_	_	Begin=619.655
702-1	SPK0026	Falling	702	411	бармайсың	бармайсың	linguistic	_	_	_
702-2	SPK0026	Falling	702	411	дедім	дедім	linguistic	_	_	_
702-3	SPK0026	Falling	702	411	мынаған.	мынаған	linguistic	_	_	End=621.017
703-0	SPK0026	Falling	703	412	Сендер	Сендер	linguistic	_	_	Begin=622.14
703-1	SPK0026	Falling	703	412	сөйтіп	сөйтіп	linguistic	_	_	_
703-2	SPK0026	Falling	703	412	адам	адам	linguistic	_	_	_
703-3	SPK0026	Falling	703	412	болмая	болмая	linguistic	_	_	_
703-4	SPK0026	Falling	703	412	қойыңдаршы.	қойыңдаршы	linguistic	_	_	End=624.276
704-0	SPK0023	Falling	704	413	Мхм.	Мхм	linguistic	_	_	Begin=623.957|End=624.552
705-0	SPK0026	Continuing	705	414	Сен	Сен	linguistic	_	_	Begin=624.626
705-1	SPK0026	Continuing	705	414	осы	осы	linguistic	_	_	_
705-2	SPK0026	Continuing	705	414	Ах-,	Ах-	linguistic	_	Interrupted=Yes	End=625.424
706-0	SPK0026	Falling	706	414	¬Жексентен	Жексентен	linguistic	_	Anonymized=Yes	Begin=625.424
706-1	SPK0026	Falling	706	414	отказ	отказ	linguistic	_	_	_
706-2	SPK0026	Falling	706	414	бер.	бер	linguistic	_	_	End=626.792
707-0	SPK0023	Falling	707	415	Мхм.	Мхм	linguistic	_	_	Begin=626.821|End=627.379
708-0	SPK0026	Falling	708	416	Болды.	Болды	linguistic	_	_	Begin=627.479|End=628.054
709-0	SPK0026	Falling	709	416	Бітті	Бітті	linguistic	_	_	Begin=628.054
709-1	SPK0026	Falling	709	416	деп.	деп	linguistic	_	_	End=628.797
