token_id	speaker	iu_type	tu_id	span	form	type	modality	features	align
0-0	SPK3012	Continuing	0	Алматыға	Алматыға	linguistic			Begin=2.157
0-1	SPK3012	Continuing	0	барамыз	барамыз	linguistic			
0-2	SPK3012	Continuing	0	ба,	ба	linguistic			End=3.291
1-0	SPK3012	Falling	1	жоқ	жоқ	linguistic			Begin=3.291
1-1	SPK3012	Falling	1	па.	па	linguistic			End=3.897
2-0	SPK3013	Falling	2	Жоқ	Жоқ	linguistic			Begin=6.763
2-1	SPK3013	Falling	2	барамыз.	барамыз	linguistic			End=8.056
3-0	SPK3013	Continuing	3	Ертең,	Ертең	linguistic			Begin=8.133|End=8.716
4-0	SPK3013	Falling	4	неменемді	неменемді	linguistic			Begin=8.716
4-1	SPK3013	Falling	4	алайын.	алайын	linguistic			End=9.464
5-0	SPK3013	Falling	5	Отпускнойым	Отпускнойым	linguistic			Begin=9.488
5-1	SPK3013	Falling	5	ертең	ертең	linguistic			
5-2	SPK3013	Falling	5	түседі.	түседі	linguistic			End=10.968
6-0	SPK3013	Falling	6	Бірсүгіні	Бірсүгіні	linguistic			Begin=10.971
6-1	SPK3013	Falling	6	шықпаймын	шықпаймын	linguistic			
6-2	SPK3013	Falling	6	жұмысқа	жұмысқа	linguistic			
6-3	SPK3013	Falling	6	өзі.	өзі	linguistic			End=12.130
7-0	SPK3013	undefined	7	(H)	(H)	_			Begin=12.202|End=13.050
8-0	SPK3012	Continuing	8	Сен	Сен	linguistic			Begin=13.133
8-1	SPK3012	Continuing	8	қандай	қандай	linguistic			
8-2	SPK3012	Continuing	8	күндері	күндері	linguistic			
8-3	SPK3012	Continuing	8	бар—	бар	linguistic		Interrupted=Yes	
8-4	SPK3012	Continuing	8	м,	м	linguistic			End=14.448
9-0	SPK3012	Falling	9	барғың	барғың	linguistic			Begin=14.448
9-1	SPK3012	Falling	9	келеді.	келеді	linguistic			End=15.010
10-0	SPK3012	Falling	10	Сенің	Сенің	linguistic			Begin=15.014
10-1	SPK3012	Falling	10	отпускің	отпускің	linguistic			
10-2	SPK3012	Falling	10	қашанға	қашанға	linguistic			
10-3	SPK3012	Falling	10	дейін.	дейін	linguistic			End=16.264
11-0	SPK3013	Falling	11	А.	А	linguistic			Begin=16.078|End=17.111
12-0	SPK3012	Continuing	12	Отпускің,	Отпускің	linguistic			Begin=17.503|End=18.393
13-0	SPK3012	Falling	13	қашанға	қашанға	linguistic			Begin=18.393
13-1	SPK3012	Falling	13	дейі:н.	дейін	linguistic		Prolongation=3	End=20.086
14-0	SPK3013	Continuing	14	Менің	Менің	linguistic			Begin=20.571
14-1	SPK3013	Continuing	14	отпускім:,	отпускім	linguistic		Prolongation=7	End=22.234
15-0	SPK3013	Continuing	15	кароче,	кароче	linguistic			Begin=23.850|End=24.508
16-0	SPK3013	Falling	16	отызы	отызы	linguistic			Begin=24.738
16-1	SPK3013	Falling	16	күні	күні	linguistic			
16-2	SPK3013	Falling	16	жұмысқа	жұмысқа	linguistic			
16-3	SPK3013	Falling	16	шығуым	шығуым	linguistic			
16-4	SPK3013	Falling	16	керек	керек	linguistic			
16-5	SPK3013	Falling	16	қой	қой	linguistic			
16-6	SPK3013	Falling	16	енді.	енді	linguistic			End=26.329
17-0	SPK3012	Falling	17	М:.	М	linguistic		Prolongation=0	Begin=26.357|End=26.904
18-0	SPK3013	Continuing	18	Жиырма	Жиырма	linguistic			Begin=26.592
18-1	SPK3013	Continuing	18	алтысы,	алтысы	linguistic			End=27.440
19-0	SPK3013	Continuing	19	сондайда,	сондайда	linguistic			Begin=27.440|End=27.811
20-0	SPK3013	Falling	20	осында	осында	linguistic			Begin=27.811
20-1	SPK3013	Falling	20	болуым	болуым	linguistic			
20-2	SPK3013	Falling	20	керек.	керек	linguistic			End=28.905
21-0	SPK3013	Continuing	21	###,	###	unknown			Begin=29.440|End=30.590
22-0	SPK3013	Continuing	22	наверное,	наверное	linguistic			Begin=30.598|End=31.464
23-0	SPK3013	undefined	23	так	так	linguistic			Begin=34.667
23-1	SPK3013	undefined	23	(Hx)	(Hx)	_			End=36.128
24-0	SPK3013	Continuing	24	соны,	соны	linguistic			Begin=36.228|End=36.830
25-0	SPK3013	Continuing	25	қазір,	қазір	linguistic			Begin=36.830|End=37.196
26-0	SPK3013	Falling	26	округлиться	округлиться	linguistic			Begin=37.196
26-1	SPK3013	Falling	26	надо.	надо	linguistic			End=37.997
27-0	SPK3013	Continuing	27	Если	Если	linguistic			Begin=38.283
27-1	SPK3013	Continuing	27	Алматыға	Алматыға	linguistic			
27-2	SPK3013	Continuing	27	барсақ,	барсақ	linguistic			End=39.307
28-0	SPK3013	Continuing	28	сразу	сразу	linguistic			Begin=39.307
28-1	SPK3013	Continuing	28	бірінші	бірінші	linguistic			
28-2	SPK3013	Continuing	28	Алматыға	Алматыға	linguistic			
28-3	SPK3013	Continuing	28	барып	барып	linguistic			
28-4	SPK3013	Continuing	28	BEGINS_WASHING_DISHES	BEGINS_WASHING_DISHES	paraverbal	_		End=40.661
29-0	SPK3013	Continuing	29	одан	одан	linguistic			Begin=41.132
29-1	SPK3013	Continuing	29	кейін,	кейін	linguistic			End=41.734
30-0	SPK3013	Rising	30	Алакөлге	Алакөлге	linguistic			Begin=41.755
30-1	SPK3013	Rising	30	барамыз	барамыз	linguistic			
30-2	SPK3013	Rising	30	ба?	ба	linguistic			End=42.748
31-0	SPK3013	Falling	31	Қалай.	Қалай	linguistic			Begin=42.750|End=43.282
32-0	SPK3013	Falling	32	Будем.	Будем	linguistic			Begin=43.897|End=44.708
33-0	SPK3013	Falling	33	###.	###	unknown			Begin=46.853|End=48.089
34-0	SPK3013	Continuing	34	Алматыға	Алматыға	linguistic			Begin=51.724
34-1	SPK3013	Continuing	34	барсақ,	барсақ	linguistic			End=53.119
35-0	SPK3013	Falling	35	қайда	қайда	linguistic			Begin=54.172
35-1	SPK3013	Falling	35	барамыз.	барамыз	linguistic			End=55.839
36-0	SPK3013	Falling	36	Имеется	Имеется	linguistic			Begin=55.839
36-1	SPK3013	Falling	36	в	в	linguistic			
36-2	SPK3013	Falling	36	виду.	виду	linguistic			End=56.715
37-0	SPK3012	Continuing	37	Қандай	Қандай	linguistic			Begin=57.097
37-1	SPK3012	Continuing	37	жерлерге,	жерлерге	linguistic			End=57.811
38-0	SPK3012	Falling	38	типа.	типа	linguistic			Begin=57.811|End=58.493
39-0	SPK3013	Continuing	39	Сен	Сен	linguistic			Begin=59.667
39-1	SPK3013	Continuing	39	өзің	өзің	linguistic			
39-2	SPK3013	Continuing	39	айттың,	айттың	linguistic			End=60.636
40-0	SPK3013	Falling	40	ойлан	ойлан	linguistic			Begin=60.636
40-1	SPK3013	Falling	40	енді.	енді	linguistic			End=61.641
41-0	SPK3013	Continuing	41	Пойызға,	Пойызға	linguistic			Begin=62.149|End=62.668
42-0	SPK3013	Continuing	42	отырып,	отырып	linguistic			Begin=62.668|End=63.135
43-0	SPK3013	Falling	43	Түркістанға	Түркістанға	linguistic			Begin=63.135
43-1	SPK3013	Falling	43	сондай	сондай	linguistic			
43-2	SPK3013	Falling	43	кетіп	кетіп	linguistic			
43-3	SPK3013	Falling	43	қалсақ	қалсақ	linguistic			
43-4	SPK3013	Falling	43	деп.	деп	linguistic			End=64.899
44-0	SPK3012	Rising	44	Түркістанға?	Түркістанға	linguistic			Begin=64.980|End=65.924
45-0	SPK3012	Falling	45	Алматыдан.	Алматыдан	linguistic			Begin=66.388|End=67.154
46-0	SPK3013	Falling	46	Иә.	Иә	linguistic			Begin=66.629|End=67.173
47-0	SPK3013	Continuing	47	Бірақ,	Бірақ	linguistic			Begin=67.212|End=67.621
48-0	SPK3013	Continuing	48	оған,	оған	linguistic			Begin=67.621|End=68.244
49-0	SPK3013	Continuing	49	немене	немене	linguistic			Begin=68.244
49-1	SPK3013	Continuing	49	ғой	ғой	linguistic			
49-2	SPK3013	Continuing	49	деймін,	деймін	linguistic			End=68.732
50-0	SPK3013	Continuing	50	ыстық	ыстық	linguistic			Begin=68.732
50-1	SPK3013	Continuing	50	қой	қой	linguistic			
50-2	SPK3013	Continuing	50	деймін,	деймін	linguistic			End=69.563
51-0	SPK3013	Falling	51	вообще.	вообще	linguistic			Begin=69.563|End=69.949
52-0	SPK3013	Falling	52	Шымкент	Шымкент	linguistic			Begin=70.077
52-1	SPK3013	Falling	52	жақ	жақ	linguistic			
52-2	SPK3013	Falling	52	еще.	еще	linguistic			End=71.084
53-0	SPK3012	Falling	53	Скорее	Скорее	linguistic			Begin=71.084
53-1	SPK3012	Falling	53	всего.	всего	linguistic			End=72.518
54-0	SPK3012	Continuing	54	И	И	linguistic			Begin=72.555
54-1	SPK3012	Continuing	54	плюс	плюс	linguistic			
54-2	SPK3012	Continuing	54	мне	мне	linguistic			
54-3	SPK3012	Continuing	54	кажется,	кажется	linguistic			End=73.350
55-0	SPK3013	Falling	55	###.	###	unknown			Begin=72.656|End=73.664
56-0	SPK3012	Continuing	56	¬Ұлан	Ұлан	linguistic		Anonymized=Yes	Begin=73.350
56-1	SPK3012	Continuing	56	осы,	осы	linguistic			End=73.880
57-0	SPK3012	Falling	57	жүрмейтін	жүрмейтін	linguistic			Begin=73.880
57-1	SPK3012	Falling	57	секілді.	секілді	linguistic			End=74.918
58-0	SPK3012	Continuing	58	Ну	Ну	linguistic			Begin=78.561
58-1	SPK3012	Continuing	58	сен	сен	linguistic			
58-2	SPK3012	Continuing	58	Алматыға	Алматыға	linguistic			
58-3	SPK3012	Continuing	58	барғың	барғың	linguistic			
58-4	SPK3012	Continuing	58	келсе,	келсе	linguistic			End=79.913
59-0	SPK3012	Continuing	59	саған	саған	linguistic			Begin=79.963
59-1	SPK3012	Continuing	59	еще	еще	linguistic			
59-2	SPK3012	Continuing	59	нужно	нужно	linguistic			
59-3	SPK3012	Continuing	59	этот,	этот	linguistic			End=81.467
60-0	SPK3012	Rising	60	турға	турға	linguistic			Begin=81.639
60-1	SPK3012	Rising	60	барғың	барғың	linguistic			
60-2	SPK3012	Rising	60	келсе?	келсе	linguistic			End=83.181
61-0	SPK3012	Continuing	61	¬Ұлан	Ұлан	linguistic		Anonymized=Yes	Begin=84.637
61-1	SPK3012	Continuing	61	мен,	мен	linguistic			End=85.188
62-0	SPK3012	Falling	62	¬Аяндар	Аяндар	linguistic		Anonymized=Yes	Begin=85.188
62-1	SPK3012	Falling	62	бармайтын	бармайтын	linguistic			
62-2	SPK3012	Falling	62	шығар	шығар	linguistic			
62-3	SPK3012	Falling	62	турға.	турға	linguistic			End=86.338
63-0	SPK3013	Continuing	63	###,	###	unknown			Begin=87.410|End=88.426
64-0	SPK3013	Rising	64	####?	####	unknown			Begin=88.440|End=89.689
65-0	SPK3012	Continuing	65	Если	Если	linguistic			Begin=89.647
65-1	SPK3012	Continuing	65	сенен,	сенен	linguistic			End=90.202
66-0	SPK3012	Continuing	66	басқа,	басқа	linguistic			Begin=90.202|End=90.555
67-0	SPK3012	Continuing	67	ешкім	ешкім	linguistic			Begin=90.559
67-1	SPK3012	Continuing	67	жоқ	жоқ	linguistic			
67-2	SPK3012	Continuing	67	болса,	болса	linguistic			End=91.346
68-0	SPK3012	Falling	68	мен	мен	linguistic			Begin=91.346
68-1	SPK3012	Falling	68	сенімен	сенімен	linguistic			
68-2	SPK3012	Falling	68	қайтадан	қайтадан	linguistic			
68-3	SPK3012	Falling	68	бара	бара	linguistic			
68-4	SPK3012	Falling	68	аламын.	аламын	linguistic			End=92.323
69-0	SPK3012	Falling	69	Если	Если	linguistic			Begin=92.323
69-1	SPK3012	Falling	69	хочешь.	хочешь	linguistic			End=93.118
70-0	SPK3012	Falling	70	Мне	Мне	linguistic			Begin=93.118
70-1	SPK3012	Falling	70	не	не	linguistic			
70-2	SPK3012	Falling	70	сложно.	сложно	linguistic			End=94.029
71-0	SPK3012	Continuing	71	Просто	Просто	linguistic			Begin=94.495
71-1	SPK3012	Continuing	71	сразу	сразу	linguistic			
71-2	SPK3012	Continuing	71	говорю,	говорю	linguistic			End=95.440
72-0	SPK3012	Falling	72	бір	бір	linguistic			Begin=95.440
72-1	SPK3012	Falling	72	күн	күн	linguistic			
72-2	SPK3012	Falling	72	жоқ	жоқ	linguistic			
72-3	SPK3012	Falling	72	боласың.	боласың	linguistic			End=96.422
73-0	SPK3012	Continuing	73	Типа,	Типа	linguistic			Begin=97.405|End=97.918
74-0	SPK3012	Continuing	74	таңғы	таңғы	linguistic			Begin=98.092
74-1	SPK3012	Continuing	74	сағат	сағат	linguistic			
74-2	SPK3012	Continuing	74	алтыда,	алтыда	linguistic			End=99.338
75-0	SPK3012	Continuing	75	жиналасың	жиналасың	linguistic			Begin=99.338
75-1	SPK3012	Continuing	75	автобусқа,	автобусқа	linguistic			End=100.866
76-0	SPK3012	Continuing	76	потом,	потом	linguistic			Begin=101.235|End=101.764
77-0	SPK3012	Continuing	77	барып	барып	linguistic			Begin=101.913
77-1	SPK3012	Continuing	77	көріп	көріп	linguistic			
77-2	SPK3012	Continuing	77	түсіп	түсіп	linguistic			
77-3	SPK3012	Continuing	77	біткенше,	біткенше	linguistic			End=103.708
78-0	SPK3012	Continuing	78	сағат	сағат	linguistic			Begin=103.708
78-1	SPK3012	Continuing	78	он	он	linguistic			
78-2	SPK3012	Continuing	78	жары:м,	жарым	linguistic		Prolongation=3	End=104.963
79-0	SPK3013	Continuing	79	#####	#####	unknown			Begin=104.787
79-1	SPK3013	Continuing	79	Алматыға	Алматыға	linguistic			
79-2	SPK3013	Continuing	79	барсам,	барсам	linguistic			End=106.896
80-0	SPK3012	Falling	80	болады.	болады	linguistic			Begin=104.976|End=105.666
81-0	SPK3013	Continuing	81	##:,	##	unknown		Prolongation=1	Begin=106.896|End=108.015
82-0	SPK3013	Interrupted	82	Алматыға	Алматыға	linguistic			Begin=109.642
82-1	SPK3013	Interrupted	82	баратын	баратын	linguistic			
82-2	SPK3013	Interrupted	82	болсам—	болсам	linguistic		Interrupted=Yes	End=110.984
83-0	SPK3013	Continuing	83	Мынада,	Мынада	linguistic			Begin=110.984|End=111.370
84-0	SPK3013	Rising	84	кофе	кофе	linguistic			Begin=111.370
84-1	SPK3013	Rising	84	бар	бар	linguistic			
84-2	SPK3013	Rising	84	ма?	ма	linguistic			End=112.267
85-0	SPK3012	Continuing	85	Кофе	Кофе	linguistic			Begin=112.548
85-1	SPK3012	Continuing	85	емес,	емес	linguistic			End=113.110
86-0	SPK3012	Falling	86	ішінде	ішінде	linguistic			Begin=113.116
86-1	SPK3012	Falling	86	су	су	linguistic			
86-2	SPK3012	Falling	86	жай.	жай	linguistic			End=114.090
87-0	SPK3012	Falling	87	Немене	Немене	linguistic			Begin=123.763
87-1	SPK3012	Falling	87	ойланып	ойланып	linguistic			
87-2	SPK3012	Falling	87	тұрмын	тұрмын	linguistic			
87-3	SPK3012	Falling	87	дейсің.	дейсің	linguistic			End=125.700
88-0	SPK3013	Continuing	88	Квартира	Квартира	linguistic			Begin=125.633
88-1	SPK3013	Continuing	88	снимать	снимать	linguistic			
88-2	SPK3013	Continuing	88	етпей,	етпей	linguistic			End=126.692
89-0	SPK3013	Falling	89	кімдердікіне	кімдердікіне	linguistic			Begin=126.692
89-1	SPK3013	Falling	89	бара	бара	linguistic			
89-2	SPK3013	Falling	89	салсақ.	салсақ	linguistic			End=127.905
90-0	SPK3012	Falling	90	Кімдердікі.	Кімдердікі	linguistic			Begin=128.043|End=129.009
91-0	SPK3013	Falling	91	####.	####	unknown			Begin=129.027|End=130.531
92-0	SPK3012	Falling	92	А:.	А	linguistic		Prolongation=0	Begin=130.910|End=131.827
93-0	SPK3012	Rising	93	Бәріміз?	Бәріміз	linguistic			Begin=131.870|End=132.669
94-0	SPK3012	Rising	94	Төртеуіміз?	Төртеуіміз	linguistic			Begin=132.669|End=133.370
95-0	SPK3013	undefined	95	Ешкім	Ешкім	linguistic			Begin=133.345
95-1	SPK3013	undefined	95	жоқ	жоқ	linguistic			
95-2	SPK3013	undefined	95	###	###	unknown			End=134.298
96-0	SPK3013	Continuing	96	##,	##	unknown			Begin=134.298|End=134.687
97-0	SPK3013	Falling	97	##.	##	unknown			Begin=134.687|End=135.333
98-0	SPK3012	Falling	98	Кім	Кім	linguistic			Begin=134.897
98-1	SPK3012	Falling	98	бар.	бар	linguistic			End=135.826
99-0	SPK3013	Continuing	99	Әйелі	Әйелі	linguistic			Begin=135.519
99-1	SPK3013	Continuing	99	де	де	linguistic			
99-2	SPK3013	Continuing	99	бөлек,	бөлек	linguistic			End=136.710
100-0	SPK3013	Continuing	100	¬Маржан,	Маржан	linguistic		Anonymized=Yes	Begin=136.710|End=137.915
101-0	SPK3013	Continuing	101	жолдасы,	жолдасы	linguistic			Begin=137.960|End=138.901
102-0	SPK3013	Falling	102	жездеміз.	жездеміз	linguistic			Begin=138.901|End=139.610
103-0	SPK3013	Continuing	103	Одан	Одан	linguistic			Begin=139.646
103-1	SPK3013	Continuing	103	кейін	кейін	linguistic			
103-2	SPK3013	Continuing	103	әгі,	әгі	linguistic			End=140.354
104-0	SPK3013	Continuing	104	сегіз	сегіз	linguistic			Begin=140.354
104-1	SPK3013	Continuing	104	оқитын,	оқитын	linguistic			End=140.944
105-0	SPK3013	Continuing	105	тоғыз	тоғыз	linguistic			Begin=140.944
105-1	SPK3013	Continuing	105	оқитын	оқитын	linguistic			
105-2	SPK3013	Continuing	105	қыз,	қыз	linguistic			End=141.960
106-0	SPK3013	Continuing	106	әгі,	әгі	linguistic			Begin=141.975|End=142.520
107-0	SPK3013	Falling	107	¬Саида	Саида	linguistic		Anonymized=Yes	Begin=143.188
107-1	SPK3013	Falling	107	күйеуға	күйеуға	linguistic			
107-2	SPK3013	Falling	107	шығып	шығып	linguistic			
107-3	SPK3013	Falling	107	кетті.	кетті	linguistic			End=144.646
108-0	SPK3013	Continuing	108	Или,	Или	linguistic			Begin=146.622|End=147.125
109-0	SPK3013	Falling	109	квартира	квартира	linguistic			Begin=147.125
109-1	SPK3013	Falling	109	снимать	снимать	linguistic			
109-2	SPK3013	Falling	109	етейік	етейік	linguistic			
109-3	SPK3013	Falling	109	құрысын.	құрысын	linguistic			End=148.580
110-0	SPK3012	Falling	110	Ақшаңды	Ақшаңды	linguistic			Begin=148.771
110-1	SPK3012	Falling	110	жалко	жалко	linguistic			
110-2	SPK3012	Falling	110	ма.	ма	linguistic			End=150.070
111-0	SPK3012	Falling	111	Понимаю.	Понимаю	linguistic			Begin=150.682|End=152.031
112-0	SPK3012	Falling	112	Ну	Ну	linguistic			Begin=152.710
112-1	SPK3012	Falling	112	можно.	можно	linguistic			End=153.873
113-0	SPK3012	Continuing	113	Но:,	Но	linguistic		Prolongation=1	Begin=154.183|End=154.758
114-0	SPK3012	Continuing	114	менде	менде	linguistic			Begin=154.877
114-1	SPK3012	Continuing	114	мысалы	мысалы	linguistic			
114-2	SPK3012	Continuing	114	университетегі,	университетегі	linguistic			End=156.093
115-0	SPK3012	Falling	115	танитын	танитын	linguistic			Begin=156.093
115-1	SPK3012	Falling	115	Алматыда	Алматыда	linguistic			
115-2	SPK3012	Falling	115	балалар	балалар	linguistic			
115-3	SPK3012	Falling	115	бар.	бар	linguistic			End=157.466
116-0	SPK3012	Continuing	116	И	И	linguistic			Begin=157.466
116-1	SPK3012	Continuing	116	мен	мен	linguistic			
116-2	SPK3012	Continuing	116	солар—,	солар	linguistic		Interrupted=Yes	End=157.984
117-0	SPK3012	Falling	117	солармен	солармен	linguistic			Begin=157.984
117-1	SPK3012	Falling	117	жүремін	жүремін	linguistic			
117-2	SPK3012	Falling	117	если	если	linguistic			
117-3	SPK3012	Falling	117	что.	что	linguistic			End=159.284
118-0	SPK3012	Continuing	118	Әр	Әр	linguistic			Begin=159.514
118-1	SPK3012	Continuing	118	күн	күн	linguistic			
118-2	SPK3012	Continuing	118	емес,	емес	linguistic			End=160.306
119-0	SPK3012	Continuing	119	қызда:р,	қыздар	linguistic		Prolongation=4	Begin=161.054|End=161.814
120-0	SPK3012	Falling	120	ұлда:р.	ұлдар	linguistic		Prolongation=3	Begin=161.814|End=162.406
121-0	SPK3013	Continuing	121	Біз	Біз	linguistic			Begin=161.878
121-1	SPK3013	Continuing	121	болсақ	болсақ	linguistic			
121-2	SPK3013	Continuing	121	бір,	бір	linguistic			End=162.917
122-0	SPK3013	Falling	122	төрт	төрт	linguistic			Begin=163.033
122-1	SPK3013	Falling	122	күн	күн	linguistic			
122-2	SPK3013	Falling	122	сондай	сондай	linguistic			
122-3	SPK3013	Falling	122	боламыз.	боламыз	linguistic			End=164.566
123-0	SPK3013	Continuing	123	Бір	Бір	linguistic			Begin=165.532
123-1	SPK3013	Continuing	123	екі	екі	linguistic			
123-2	SPK3013	Continuing	123	күн,	күн	linguistic			End=166.526
124-0	SPK3013	Continuing	124	өзімізге	өзімізге	linguistic			Begin=166.527
124-1	SPK3013	Continuing	124	арнасақ	арнасақ	linguistic			
124-2	SPK3013	Continuing	124	мысалы,	мысалы	linguistic			End=167.921
125-0	SPK3012	Falling	125	Иә.	Иә	linguistic			Begin=167.392|End=168.239
126-0	SPK3013	Continuing	126	бір	бір	linguistic			Begin=169.208
126-1	SPK3013	Continuing	126	күн	күн	linguistic			
126-2	SPK3013	Continuing	126	мысалы,	мысалы	linguistic			End=170.393
127-0	SPK3013	Falling	127	####.	####	unknown			Begin=170.393|End=171.354
128-0	SPK3013	Continuing	128	####,	####	unknown			Begin=171.714|End=172.984
129-0	SPK3013	Rising	129	бір	бір	linguistic			Begin=172.984
129-1	SPK3013	Rising	129	күн	күн	linguistic			
129-2	SPK3013	Rising	129	екеуіміз	екеуіміз	linguistic			
129-3	SPK3013	Rising	129	шопиться	шопиться	linguistic			
129-4	SPK3013	Rising	129	етсек?	етсек	linguistic			End=174.516
130-0	SPK3013	Continuing	130	Сол	Сол	linguistic			Begin=174.613
130-1	SPK3013	Continuing	130	сен	сен	linguistic			
130-2	SPK3013	Continuing	130	екі	екі	linguistic			
130-3	SPK3013	Continuing	130	күн	күн	linguistic			
130-4	SPK3013	Continuing	130	өзіңнің	өзіңнің	linguistic			
130-5	SPK3013	Continuing	130	неменеңе,	неменеңе	linguistic			End=176.597
131-0	SPK3013	Falling	131	###.	###	unknown			Begin=176.750|End=177.851
132-0	SPK3012	Continuing	132	Ауылға	Ауылға	linguistic			Begin=176.897
132-1	SPK3012	Continuing	132	кеткен	кеткен	linguistic			
132-2	SPK3012	Continuing	132	соң	соң	linguistic			
132-3	SPK3012	Continuing	132	не	не	linguistic			
132-4	SPK3012	Continuing	132	істейсіңдер,	істейсіңдер	linguistic			End=178.417
133-0	SPK3013	Falling	133	А.	А	linguistic			Begin=178.133|End=178.305
134-0	SPK3012	Falling	134	сендер	сендер	linguistic			Begin=178.419
134-1	SPK3012	Falling	134	екі	екі	linguistic			
134-2	SPK3012	Falling	134	күнде	күнде	linguistic			
134-3	SPK3012	Falling	134	немене	немене	linguistic			
134-4	SPK3012	Falling	134	істейсіңдер	істейсіңдер	linguistic			
134-5	SPK3012	Falling	134	ол	ол	linguistic			
134-6	SPK3012	Falling	134	кезде.	кезде	linguistic			End=180.314
135-0	SPK3012	Continuing	135	Сендер,	Сендер	linguistic			Begin=180.561|End=181.202
136-0	SPK3012	Continuing	136	¬Ұлан,	Ұлан	linguistic		Anonymized=Yes	Begin=181.228|End=181.649
137-0	SPK3012	Falling	137	Көктөбеге	Көктөбеге	linguistic			Begin=181.649
137-1	SPK3012	Falling	137	барып	барып	linguistic			
137-2	SPK3012	Falling	137	па	па	linguistic			
137-3	SPK3012	Falling	137	еді.	еді	linguistic			End=182.934
138-0	SPK3012	Falling	138	Шымбұлаққа	Шымбұлаққа	linguistic			Begin=183.258
138-1	SPK3012	Falling	138	барып	барып	linguistic			
138-2	SPK3012	Falling	138	па	па	linguistic			
138-3	SPK3012	Falling	138	еді.	еді	linguistic			End=184.304
139-0	SPK3013	Falling	139	Ой	Ой	linguistic			Begin=183.976
139-1	SPK3013	Falling	139	Шымбұлаққа	Шымбұлаққа	linguistic			
139-2	SPK3013	Falling	139	барған	барған	linguistic			
139-3	SPK3013	Falling	139	жоқ.	жоқ	linguistic			End=185.581
140-0	SPK3012	Continuing	140	Анда	Анда	linguistic			Begin=185.429
140-1	SPK3012	Continuing	140	отырып	отырып	linguistic			
140-2	SPK3012	Continuing	140	па	па	linguistic			
140-3	SPK3012	Continuing	140	еді,	еді	linguistic			End=186.004
141-0	SPK3012	Continuing	141	ана	ана	linguistic			Begin=186.004
141-1	SPK3012	Continuing	141	нәрсеге,	нәрсеге	linguistic			End=186.614
142-0	SPK3012	Falling	142	канатныйға.	канатныйға	linguistic			Begin=186.701|End=187.732
143-0	SPK3012	Falling	143	Отырған.	Отырған	linguistic			Begin=188.196|End=188.942
144-0	SPK3013	Continuing	144	Көктөбеден,	Көктөбеден	linguistic			Begin=188.657|End=189.311
145-0	SPK3013	Continuing	145	немене,	немене	linguistic			Begin=189.315|End=189.679
146-0	SPK3013	Falling	146	түскенде	түскенде	linguistic			Begin=189.679
146-1	SPK3013	Falling	146	отырғанбыз.	отырғанбыз	linguistic			End=190.657
147-0	SPK3012	Falling	147	А:.	А	linguistic		Prolongation=0	Begin=190.623|End=191.191
148-0	SPK3013	Continuing	148	Ой	Ой	linguistic			Begin=190.657
148-1	SPK3013	Continuing	148	біз	біз	linguistic			
148-2	SPK3013	Continuing	148	анандайға	анандайға	linguistic			
148-3	SPK3013	Continuing	148	да	да	linguistic			
148-4	SPK3013	Continuing	148	отырғанбыз,	отырғанбыз	linguistic			End=191.946
149-0	SPK3013	Falling	149	Лесная	Лесная	linguistic			Begin=191.946
149-1	SPK3013	Falling	149	сказка	сказка	linguistic			
149-2	SPK3013	Falling	149	деген	деген	linguistic			
149-3	SPK3013	Falling	149	бар	бар	linguistic			
149-4	SPK3013	Falling	149	ғой.	ғой	linguistic			End=193.189
150-0	SPK3012	Falling	150	Лесная	Лесная	linguistic			Begin=193.517
150-1	SPK3012	Falling	150	сказка.	сказка	linguistic			End=194.459
151-0	SPK3013	Falling	151	Сондайда.	Сондайда	linguistic			Begin=193.622|End=194.714
152-0	SPK3013	Continuing	152	Лесная	Лесная	linguistic			Begin=194.788
152-1	SPK3013	Continuing	152	Сказка,	Сказка	linguistic			End=195.635
153-0	SPK3012	Continuing	153	Ол,	Ол	linguistic			Begin=195.017|End=195.267
154-0	SPK3012	Continuing	154	қазір,	қазір	linguistic			Begin=195.267|End=195.986
155-0	SPK3013	Falling	155	оказывается	оказывается	linguistic			Begin=195.873
155-1	SPK3013	Falling	155	немене	немене	linguistic			
155-2	SPK3013	Falling	155	екен	екен	linguistic			
155-3	SPK3013	Falling	155	ғой.	ғой	linguistic			End=197.137
156-0	SPK3013	Continuing	156	Ой,	Ой	linguistic			Begin=197.196|End=197.461
157-0	SPK3013	Continuing	157	Қарағай	Қарағай	linguistic			Begin=197.461
157-1	SPK3013	Continuing	157	деген,	деген	linguistic			End=198.165
158-0	SPK3013	Continuing	158	керемет	керемет	linguistic			Begin=198.165
158-1	SPK3013	Continuing	158	қымбат,	қымбат	linguistic			End=198.843
159-0	SPK3013	Falling	159	жер	жер	linguistic			Begin=198.843
159-1	SPK3013	Falling	159	екен	екен	linguistic			
159-2	SPK3013	Falling	159	ғой.	ғой	linguistic			End=199.633
160-0	SPK3013	Falling	160	##.	##	unknown			Begin=199.923|End=200.587
161-0	SPK3012	Falling	161	######.	######	unknown			Begin=199.965|End=201.307
162-0	SPK3012	Continuing	162	Бассейн	Бассейн	linguistic			Begin=201.499
162-1	SPK3012	Continuing	162	бе,	бе	linguistic			End=202.292
163-0	SPK3012	Falling	163	бірдеңе	бірдеңе	linguistic			Begin=202.292
163-1	SPK3012	Falling	163	түскен	түскен	linguistic			
163-2	SPK3012	Falling	163	жерлерің	жерлерің	linguistic			
163-3	SPK3012	Falling	163	бе.	бе	linguistic			End=204.044
164-0	SPK3013	Continuing	164	Жоқ	Жоқ	linguistic			Begin=202.858
164-1	SPK3013	Continuing	164	ол,	ол	linguistic			End=203.686
165-0	SPK3013	Continuing	165	бассейн	бассейн	linguistic			Begin=203.686
165-1	SPK3013	Continuing	165	ол,	ол	linguistic			End=204.409
166-0	SPK3013	Continuing	166	сен	сен	linguistic			Begin=204.409
166-1	SPK3013	Continuing	166	білмейсің	білмейсің	linguistic			
166-2	SPK3013	Continuing	166	бе	бе	linguistic			
166-3	SPK3013	Continuing	166	не	не	linguistic			
166-4	SPK3013	Continuing	166	осы	осы	linguistic			
166-5	SPK3013	Continuing	166	жолы,	жолы	linguistic			End=205.623
167-0	SPK3013	Falling	167	Тау	Тау	linguistic			Begin=205.623
167-1	SPK3013	Falling	167	Самалы	Самалы	linguistic			
167-2	SPK3013	Falling	167	дегенге	дегенге	linguistic			
167-3	SPK3013	Falling	167	барамыз.	барамыз	linguistic			End=207.064
168-0	SPK3012	Falling	168	Немене	Немене	linguistic			Begin=206.963
168-1	SPK3012	Falling	168	Тау	Тау	linguistic			
168-2	SPK3012	Falling	168	Самалы	Самалы	linguistic			
168-3	SPK3012	Falling	168	деген.	деген	linguistic			End=208.248
169-0	SPK3013	Continuing	169	Кароче,	Кароче	linguistic			Begin=208.878|End=209.137
170-0	SPK3013	Continuing	170	далада	далада	linguistic			Begin=209.137
170-1	SPK3013	Continuing	170	немене,	немене	linguistic			End=210.106
171-0	SPK3013	Continuing	171	м:,	м	linguistic		Prolongation=0	Begin=210.528|End=211.259
172-0	SPK3013	Continuing	172	жеті	жеті	linguistic			Begin=211.399
172-1	SPK3013	Continuing	172	сегіз	сегіз	linguistic			
172-2	SPK3013	Continuing	172	бассейн,	бассейн	linguistic			End=213.281
173-0	SPK3013	Continuing	173	жеті	жеті	linguistic			Begin=213.390
173-1	SPK3013	Continuing	173	сегіз	сегіз	linguistic			
173-2	SPK3013	Continuing	173	баня,	баня	linguistic			End=214.623
174-0	SPK3013	Continuing	174	а:,	а	linguistic		Prolongation=0	Begin=215.694|End=216.462
175-0	SPK3013	Continuing	175	там	там	linguistic			Begin=216.470
175-1	SPK3013	Continuing	175	можно	можно	linguistic			
175-2	SPK3013	Continuing	175	кушать,	кушать	linguistic			End=217.914
176-0	SPK3013	Continuing	176	в	в	linguistic			Begin=218.457
176-1	SPK3013	Continuing	176	принципе	принципе	linguistic			
176-2	SPK3013	Continuing	176	сондайға,	сондайға	linguistic			End=219.894
177-0	SPK3013	Continuing	177	соған	соған	linguistic			Begin=219.894
177-1	SPK3013	Continuing	177	барса	барса	linguistic			
177-2	SPK3013	Continuing	177	болады,	болады	linguistic			End=220.680
178-0	SPK3013	Falling	178	аквапарктен	аквапарктен	linguistic			Begin=220.680
178-1	SPK3013	Falling	178	гөрі.	гөрі	linguistic			End=221.831
179-0	SPK3012	Falling	179	Жарайды.	Жарайды	linguistic			Begin=222.259|End=223.072
180-0	SPK3013	Continuing	180	Ал,	Ал	linguistic			Begin=222.552|End=223.045
181-0	SPK3013	Continuing	181	¬Ұлан	Ұлан	linguistic		Anonymized=Yes	Begin=223.058
181-1	SPK3013	Continuing	181	екеуіміздің	екеуіміздің	linguistic			
181-2	SPK3013	Continuing	181	барғанымыз	барғанымыз	linguistic			
181-3	SPK3013	Continuing	181	ол	ол	linguistic			
181-4	SPK3013	Continuing	181	әгі,	әгі	linguistic			End=224.352
182-0	SPK3013	Continuing	182	семинар	семинар	linguistic			Begin=224.550
182-1	SPK3013	Continuing	182	өтті	өтті	linguistic			
182-2	SPK3013	Continuing	182	ғой,	ғой	linguistic			End=225.505
183-0	SPK3013	Continuing	183	Ой-Қарағай	Ой-Қарағай	linguistic			Begin=225.505
183-1	SPK3013	Continuing	183	деген,	деген	linguistic			End=226.173
184-0	SPK3013	Falling	184	ол	ол	linguistic			Begin=226.173
184-1	SPK3013	Falling	184	қаланың	қаланың	linguistic			
184-2	SPK3013	Falling	184	шетінде.	шетінде	linguistic			End=227.609
185-0	SPK3013	Continuing	185	Әгі	Әгі	linguistic			Begin=227.621
185-1	SPK3013	Continuing	185	мен	мен	linguistic			
185-2	SPK3013	Continuing	185	айттым	айттым	linguistic			
185-3	SPK3013	Continuing	185	ғой	ғой	linguistic			
185-4	SPK3013	Continuing	185	кім,	кім	linguistic			End=228.957
186-0	SPK3013	Continuing	186	¬Сымбат	Сымбат	linguistic		Anonymized=Yes	Begin=229.093
186-1	SPK3013	Continuing	186	а:йқайлап,	айқайлап	linguistic		Prolongation=0	End=230.526
187-0	SPK3013	Falling	187	боқтады	боқтады	linguistic			Begin=230.526
187-1	SPK3013	Falling	187	деп.	деп	linguistic			End=231.448
188-0	SPK3013	Continuing	188	Оказывается,	Оказывается	linguistic			Begin=231.448|End=232.190
189-0	SPK3013	Falling	189	#####.	#####	unknown			Begin=232.757|End=234.113
190-0	SPK3013	Continuing	190	Немене,	Немене	linguistic			Begin=234.477|End=235.287
191-0	SPK3013	Falling	191	боязнь	боязнь	linguistic			Begin=236.325
191-1	SPK3013	Falling	191	высоты.	высоты	linguistic			End=237.855
192-0	SPK3012	Falling	192	А:.	А	linguistic		Prolongation=0	Begin=237.873|End=238.651
193-0	SPK3013	Continuing	193	Но	Но	linguistic			Begin=238.518
193-1	SPK3013	Continuing	193	бірақ-та,	бірақ-та	linguistic			End=239.337
194-0	SPK3012	Falling	194	Мхм.	Мхм	linguistic			Begin=239.213|End=240.248
195-0	SPK3013	Continuing	195	но	но	linguistic			Begin=240.149
195-1	SPK3013	Continuing	195	бірақ-та	бірақ-та	linguistic			
195-2	SPK3013	Continuing	195	қызы	қызы	linguistic			
195-3	SPK3013	Continuing	195	үшін,	үшін	linguistic			End=241.569
196-0	SPK3013	Continuing	196	типа	типа	linguistic			Begin=242.025
196-1	SPK3013	Continuing	196	енді,	енді	linguistic			End=242.789
197-0	SPK3013	Continuing	197	әркім	әркім	linguistic			Begin=242.819
197-1	SPK3013	Continuing	197	баласын,	баласын	linguistic			End=243.663
198-0	SPK3013	Rising	198	біреумен	біреумен	linguistic			Begin=243.663
198-1	SPK3013	Rising	198	жібермейді	жібермейді	linguistic			
198-2	SPK3013	Rising	198	ғой?	ғой	linguistic			End=244.734
199-0	SPK3013	Continuing	199	Қызы	Қызы	linguistic			Begin=244.767
199-1	SPK3013	Continuing	199	анандай	анандай	linguistic			
199-2	SPK3013	Continuing	199	канатыныңға,	канатыныңға	linguistic			End=245.765
200-0	SPK3013	Continuing	200	үлке:н	үлкен	linguistic		Prolongation=3	Begin=245.765
200-1	SPK3013	Continuing	200	дорогада	дорогада	linguistic			
200-2	SPK3013	Continuing	200	отырғаны	отырғаны	linguistic			
200-3	SPK3013	Continuing	200	үшін,	үшін	linguistic			End=246.987
201-0	SPK3013	Continuing	201	мен	мен	linguistic			Begin=247.064
201-1	SPK3013	Continuing	201	енді	енді	linguistic			
201-2	SPK3013	Continuing	201	отырғым	отырғым	linguistic			
201-3	SPK3013	Continuing	201	келіп	келіп	linguistic			
201-4	SPK3013	Continuing	201	тұр,	тұр	linguistic			End=248.403
202-0	SPK3013	Falling	202	отырды	отырды	linguistic			Begin=248.403
202-1	SPK3013	Falling	202	ғой.	ғой	linguistic			End=248.805
203-0	SPK3013	Continuing	203	Бә:	Бә	linguistic		Prolongation=1	Begin=248.848
203-1	SPK3013	Continuing	203	анандай,	анандай	linguistic			End=249.617
204-0	SPK3013	Continuing	204	боязнь	боязнь	linguistic			Begin=249.662
204-1	SPK3013	Continuing	204	деген,	деген	linguistic			End=250.289
205-0	SPK3013	Falling	205	страшный	страшный	linguistic			Begin=250.289
205-1	SPK3013	Falling	205	екен	екен	linguistic			
205-2	SPK3013	Falling	205	ғой	ғой	linguistic			
205-3	SPK3013	Falling	205	иә.	иә	linguistic			End=251.361
206-0	SPK3013	Falling	206	Кәдімгідей	Кәдімгідей	linguistic			Begin=251.361
206-1	SPK3013	Falling	206	талып	талып	linguistic			
206-2	SPK3013	Falling	206	қалды	қалды	linguistic			
206-3	SPK3013	Falling	206	ғой.	ғой	linguistic			End=252.015
207-0	SPK3013	Continuing	207	Қо:зғалмайды,	Қозғалмайды	linguistic		Prolongation=1	Begin=252.015|End=252.824
208-0	SPK3013	Falling	208	әрең	әрең	linguistic			Begin=253.030
208-1	SPK3013	Falling	208	дауысы	дауысы	linguistic			
208-2	SPK3013	Falling	208	шығады.	шығады	linguistic			End=254.049
209-0	SPK3012	Falling	209	Конечно.	Конечно	linguistic			Begin=253.237|End=253.955
210-0	SPK3013	Continuing	210	(H)	(H)	_			Begin=254.079
210-1	SPK3013	Continuing	210	¬Анар	Анар	linguistic		Anonymized=Yes	
210-2	SPK3013	Continuing	210	¬Алимбетова	Алимбетова	linguistic		Anonymized=Yes	
210-3	SPK3013	Continuing	210	деген,	деген	linguistic			End=255.639
211-0	SPK3013	Falling	211	түсініп	түсініп	linguistic			Begin=255.639
211-1	SPK3013	Falling	211	қойды.	қойды	linguistic			End=256.278
212-0	SPK3013	Continuing	212	А,	А	linguistic			Begin=256.278|End=256.571
213-0	SPK3013	Continuing	213	ана	ана	linguistic			Begin=256.571
213-1	SPK3013	Continuing	213	екеуі,	екеуі	linguistic			End=257.252
214-0	SPK3013	Falling	214	қа:рқылдайды.	қарқылдайды	linguistic		Prolongation=1	Begin=257.252|End=258.831
215-0	SPK3012	Continuing	215	Неге,	Неге	linguistic			Begin=257.831|End=258.331
216-0	SPK3012	Continuing	216	неге	неге	linguistic			Begin=258.334
216-1	SPK3012	Continuing	216	байқұс	байқұс	linguistic			
216-2	SPK3012	Continuing	216	кісіні,	кісіні	linguistic			End=259.224
217-0	SPK3012	Continuing	217	прям	прям	linguistic			Begin=259.224
217-1	SPK3012	Continuing	217	уже	уже	linguistic			
217-2	SPK3012	Continuing	217	паническая	паническая	linguistic			
217-3	SPK3012	Continuing	217	атака,	атака	linguistic			End=260.311
218-0	SPK3012	Falling	218	жүрегі	жүрегі	linguistic			Begin=260.311
218-1	SPK3012	Falling	218	ұстап	ұстап	linguistic			
218-2	SPK3012	Falling	218	қалуы	қалуы	linguistic			
218-3	SPK3012	Falling	218	мүмкін	мүмкін	linguistic			
218-4	SPK3012	Falling	218	ғой.	ғой	linguistic			End=261.378
219-0	SPK3012	Continuing	219	Неге	Неге	linguistic			Begin=261.378
219-1	SPK3012	Continuing	219	оны,	оны	linguistic			End=261.964
220-0	SPK3013	Falling	220	Енді	Енді	linguistic			Begin=261.493
220-1	SPK3013	Falling	220	ол	ол	linguistic			
220-2	SPK3013	Falling	220	неге	неге	linguistic			
220-3	SPK3013	Falling	220	отырып	отырып	linguistic			
220-4	SPK3013	Falling	220	алды.	алды	linguistic			End=262.858
221-0	SPK3012	Interrupted	221	түсіріп—	түсіріп	linguistic		Interrupted=Yes	Begin=261.964|End=262.363
222-0	SPK3012	Falling	222	Неге	Неге	linguistic			Begin=262.363
222-1	SPK3012	Falling	222	енді	енді	linguistic			
222-2	SPK3012	Falling	222	күліп	күліп	linguistic			
222-3	SPK3012	Falling	222	отырсыңдар	отырсыңдар	linguistic			
222-4	SPK3012	Falling	222	ол	ол	linguistic			
222-5	SPK3012	Falling	222	кісіге.	кісіге	linguistic			End=263.966
223-0	SPK3012	Continuing	223	Жарайды	Жарайды	linguistic			Begin=263.966
223-1	SPK3012	Continuing	223	отырсын,	отырсын	linguistic			End=264.729
224-0	SPK3012	Continuing	224	айқайласын,	айқайласын	linguistic			Begin=264.729|End=265.243
225-0	SPK3012	Falling	225	неге	неге	linguistic			Begin=265.243
225-1	SPK3012	Falling	225	күлесіңдер	күлесіңдер	linguistic			
225-2	SPK3012	Falling	225	енді.	енді	linguistic			End=266.324
226-0	SPK3013	Continuing	226	Үшеуіміз,	Үшеуіміз	linguistic			Begin=265.513|End=266.071
227-0	SPK3013	Continuing	227	қа:рқылдап,	қарқылдап	linguistic		Prolongation=1	Begin=266.071|End=266.811
228-0	SPK3013	Falling	228	күлдік	күлдік	linguistic			Begin=266.811
228-1	SPK3013	Falling	228	қой.	қой	linguistic			End=267.398
229-0	SPK3013	Continuing	229	Содан	Содан	linguistic			Begin=267.595
229-1	SPK3013	Continuing	229	бар	бар	linguistic			
229-2	SPK3013	Continuing	229	ғой,	ғой	linguistic			End=268.140
230-0	SPK3013	Continuing	230	бәрі	бәрі	linguistic			Begin=268.263
230-1	SPK3013	Continuing	230	түскеннен	түскеннен	linguistic			
230-2	SPK3013	Continuing	230	кейін	кейін	linguistic			
230-3	SPK3013	Continuing	230	мен	мен	linguistic			
230-4	SPK3013	Continuing	230	айтамын	айтамын	linguistic			
230-5	SPK3013	Continuing	230	өзі,	өзі	linguistic			End=269.283
231-0	SPK3013	Continuing	231	сұп,	сұп	linguistic			Begin=269.283|End=269.986
232-0	SPK3013	Falling	232	сұр	сұр	linguistic			Begin=269.986
232-1	SPK3013	Falling	232	болды	болды	linguistic			
232-2	SPK3013	Falling	232	ғой.	ғой	linguistic			End=270.729
233-0	SPK3013	Rising	233	Содан	Содан	linguistic			Begin=270.776
233-1	SPK3013	Rising	233	кейін	кейін	linguistic			
233-2	SPK3013	Rising	233	екінші	екінші	linguistic			
233-3	SPK3013	Rising	233	жаққа	жаққа	linguistic			
233-4	SPK3013	Rising	233	түстік?	түстік	linguistic			End=272.273
234-0	SPK3013	Continuing	234	Ойбай,	Ойбай	linguistic			Begin=272.273|End=272.767
235-0	SPK3013	Continuing	235	###,	###	unknown			Begin=272.767|End=273.242
236-0	SPK3013	Falling	236	тоқтап	тоқтап	linguistic			Begin=273.242
236-1	SPK3013	Falling	236	қалды	қалды	linguistic			
236-2	SPK3013	Falling	236	ғой.	ғой	linguistic			End=274.233
237-0	SPK3012	undefined	237	@@@@	@@@@	linguistic			Begin=274.084|End=274.887
238-0	SPK3013	Falling	238	Представь.	Представь	linguistic			Begin=274.470|End=275.087
239-0	SPK3013	Falling	239	Мә:.	Мә	linguistic		Prolongation=1	Begin=275.087|End=275.878
240-0	SPK3013	Continuing	240	Анау	Анау	linguistic			Begin=275.988
240-1	SPK3013	Continuing	240	көзің	көзің	linguistic			
240-2	SPK3013	Continuing	240	көрсен	көрсен	linguistic			
240-3	SPK3013	Continuing	240	ғой	ғой	linguistic			
240-4	SPK3013	Continuing	240	бүйт-,	бүйт	linguistic		Interrupted=Yes	End=277.155
241-0	SPK3013	Falling	241	бүйтіп	бүйтіп	linguistic			Begin=277.155
241-1	SPK3013	Falling	241	кеткен.	кеткен	linguistic			End=277.918
242-0	SPK3013	Continuing	242	Содан	Содан	linguistic			Begin=277.918
242-1	SPK3013	Continuing	242	кейін	кейін	linguistic			
242-2	SPK3013	Continuing	242	енді,	енді	linguistic			End=278.371
243-0	SPK3013	Continuing	243	қайтадан	қайтадан	linguistic			Begin=278.371
243-1	SPK3013	Continuing	243	бүйтіп	бүйтіп	linguistic			
243-2	SPK3013	Continuing	243	ол,	ол	linguistic			End=279.581
244-0	SPK3013	Continuing	244	бә	бә	linguistic			Begin=279.701
244-1	SPK3013	Continuing	244	ұза:қ,	ұзақ	linguistic		Prolongation=2	End=280.763
245-0	SPK3013	Continuing	245	үлке:н,	үлкен	linguistic		Prolongation=3	Begin=280.770|End=281.432
246-0	SPK3013	Continuing	246	еще	еще	linguistic			Begin=281.432
246-1	SPK3013	Continuing	246	таудың	таудың	linguistic			
246-2	SPK3013	Continuing	246	қарашы	қарашы	linguistic			
246-3	SPK3013	Continuing	246	¬Сая,	Сая	linguistic		Anonymized=Yes	End=282.810
247-0	SPK3013	Rising	247	былай	былай	linguistic			Begin=282.834
247-1	SPK3013	Rising	247	таудың	таудың	linguistic			
247-2	SPK3013	Rising	247	үсті	үсті	linguistic			
247-3	SPK3013	Rising	247	ғой	ғой	linguistic			
247-4	SPK3013	Rising	247	иә?	иә	linguistic			End=284.237
248-0	SPK3012	Falling	248	Мхм.	Мхм	linguistic			Begin=284.337|End=285.175
249-0	SPK3013	Continuing	249	Анада:й	Анадай	linguistic		Prolongation=4	Begin=284.452
249-1	SPK3013	Continuing	249	тау,	тау	linguistic			End=285.319
250-0	SPK3013	Continuing	250	анандай	анандай	linguistic			Begin=285.319
250-1	SPK3013	Continuing	250	анандай,	анандай	linguistic			End=286.514
251-0	SPK3013	Falling	251	Соны	Соны	linguistic			Begin=286.553
251-1	SPK3013	Falling	251	қазір	қазір	linguistic			
251-2	SPK3013	Falling	251	мен	мен	linguistic			
251-3	SPK3013	Falling	251	ойласам,	ойласам	linguistic			
251-4	SPK3013	Falling	251	қорқып	қорқып	linguistic			
251-5	SPK3013	Falling	251	кетемін.	кетемін	linguistic			End=287.594
252-0	SPK3013	Falling	252	######.	######	unknown			Begin=287.594|End=288.722
253-0	SPK3013	Falling	253	Қорықпай	Қорықпай	linguistic			Begin=288.722
253-1	SPK3013	Falling	253	отырғанмын.	отырғанмын	linguistic			End=289.939
254-0	SPK3012	Falling	254	Қорқынышты	Қорқынышты	linguistic			Begin=289.857
254-1	SPK3012	Falling	254	ма.	ма	linguistic			End=291.047
255-0	SPK3013	Falling	255	Балалармен.	Балалармен	linguistic			Begin=290.161|End=291.062
256-0	SPK3012	Continuing	256	Маған	Маған	linguistic			Begin=291.264
256-1	SPK3012	Continuing	256	кажется	кажется	linguistic			
256-2	SPK3012	Continuing	256	қорқынышты	қорқынышты	linguistic			
256-3	SPK3012	Continuing	256	емес,	емес	linguistic			End=292.548
257-0	SPK3012	Falling	257	если	если	linguistic			Begin=292.548
257-1	SPK3012	Falling	257	қатты	қатты	linguistic			
257-2	SPK3012	Falling	257	былай	былай	linguistic			
257-3	SPK3012	Falling	257	қозғалмаса.	қозғалмаса	linguistic			End=294.514
258-0	SPK3013	Falling	258	Қозғалады	Қозғалады	linguistic			Begin=293.945
258-1	SPK3013	Falling	258	ғой.	ғой	linguistic			End=295.044
259-0	SPK3013	Continuing	259	Ол	Ол	linguistic			Begin=295.044
259-1	SPK3013	Continuing	259	анандай	анандай	linguistic			
259-2	SPK3013	Continuing	259	немене	немене	linguistic			
259-3	SPK3013	Continuing	259	емес,	емес	linguistic			End=296.021
260-0	SPK3013	Falling	260	көктөбенікі	көктөбенікі	linguistic			Begin=296.021
260-1	SPK3013	Falling	260	секілді	секілді	linguistic			
260-2	SPK3013	Falling	260	жабық	жабық	linguistic			
260-3	SPK3013	Falling	260	емес.	емес	linguistic			End=297.518
261-0	SPK3012	Falling	261	Ашық	Ашық	linguistic			Begin=297.432
261-1	SPK3012	Falling	261	па.	па	linguistic			End=298.297
262-0	SPK3013	Continuing	262	Ашық	Ашық	linguistic			Begin=298.276
262-1	SPK3013	Continuing	262	кәдімгі	кәдімгі	linguistic			
262-2	SPK3013	Continuing	262	былай,	былай	linguistic			End=299.094
263-0	SPK3013	Falling	263	неменеде	неменеде	linguistic			Begin=299.094
263-1	SPK3013	Falling	263	отырасың	отырасың	linguistic			
263-2	SPK3013	Falling	263	ғой.	ғой	linguistic			End=299.993
264-0	SPK3012	Continuing	264	Типа	Типа	linguistic			Begin=299.749
264-1	SPK3012	Continuing	264	ана,	ана	linguistic			End=300.111
265-0	SPK3012	Continuing	265	###	###	unknown			Begin=300.111
265-1	SPK3012	Continuing	265	секілділер	секілділер	linguistic			
265-2	SPK3012	Continuing	265	ме,	ме	linguistic			End=300.933
266-0	SPK3012	Falling	266	кинода	кинода	linguistic			Begin=300.933
266-1	SPK3012	Falling	266	көрсетеді	көрсетеді	linguistic			
266-2	SPK3012	Falling	266	ғой.	ғой	linguistic			End=302.133
267-0	SPK3013	Rising	267	Иә?	Иә	linguistic			Begin=301.075|End=301.500
268-0	SPK3013	Continuing	268	Иә,	Иә	linguistic			Begin=301.573|End=301.876
269-0	SPK3013	Continuing	269	иә	иә	linguistic			Begin=301.876
269-1	SPK3013	Continuing	269	вот	вот	linguistic			
269-2	SPK3013	Continuing	269	этот,	этот	linguistic			End=302.571
270-0	SPK3013	Falling	270	тура	тура	linguistic			Begin=302.603
270-1	SPK3013	Falling	270	сондай	сондай	linguistic			
270-2	SPK3013	Falling	270	биіктікте	биіктікте	linguistic			
270-3	SPK3013	Falling	270	отырдық	отырдық	linguistic			
270-4	SPK3013	Falling	270	(H).	(H)	_			End=304.689
271-0	SPK3013	Falling	271	Төртеуіміз	Төртеуіміз	linguistic			Begin=304.690
271-1	SPK3013	Falling	271	отырып	отырып	linguistic			
271-2	SPK3013	Falling	271	алғанбыз	алғанбыз	linguistic			
271-3	SPK3013	Falling	271	ғой.	ғой	linguistic			End=305.615
272-0	SPK3013	Continuing	272	Содан	Содан	linguistic			Begin=305.626
272-1	SPK3013	Continuing	272	кейін,	кейін	linguistic			End=306.306
273-0	SPK3013	Continuing	273	ана	ана	linguistic			Begin=306.319
273-1	SPK3013	Continuing	273	жаққа	жаққа	linguistic			
273-2	SPK3013	Continuing	273	түссең,	түссең	linguistic			End=307.310
274-0	SPK3013	Continuing	274	қайтқанда,	қайтқанда	linguistic			Begin=307.310|End=307.726
275-0	SPK3013	Falling	275	былайынан	былайынан	linguistic			Begin=307.733
275-1	SPK3013	Falling	275	қайту	қайту	linguistic			
275-2	SPK3013	Falling	275	керек	керек	linguistic			
275-3	SPK3013	Falling	275	қой.	қой	linguistic			End=308.634
276-0	SPK3013	Falling	276	Қайтпай	Қайтпай	linguistic			Begin=308.848
276-1	SPK3013	Falling	276	қойды	қойды	linguistic			
276-2	SPK3013	Falling	276	ғой.	ғой	linguistic			End=309.735
277-0	SPK3013	Continuing	277	Ақыры,	Ақыры	linguistic			Begin=309.907|End=310.294
278-0	SPK3013	Continuing	278	тұрдық	тұрдық	linguistic			Begin=310.310
278-1	SPK3013	Continuing	278	та,	та	linguistic			End=310.764
279-0	SPK3013	Continuing	279	семинарға	семинарға	linguistic			Begin=310.764
279-1	SPK3013	Continuing	279	да	да	linguistic			
279-2	SPK3013	Continuing	279	барған	барған	linguistic			
279-3	SPK3013	Continuing	279	жоқпыз,	жоқпыз	linguistic			End=312.000
280-0	SPK3013	Continuing	280	автобусқа	автобусқа	linguistic			Begin=312.059
280-1	SPK3013	Continuing	280	отырып,	отырып	linguistic			End=312.651
281-0	SPK3013	Falling	281	қалаға	қалаға	linguistic			Begin=312.651
281-1	SPK3013	Falling	281	қайттық.	қайттық	linguistic			End=313.558
282-0	SPK3012	undefined	282	@@	@@	linguistic			Begin=313.452|End=314.330
283-0	SPK3013	undefined	283	@@	@@	linguistic			Begin=313.772|End=314.641
284-0	SPK3013	Continuing	284	Иә,	Иә	linguistic			Begin=314.915|End=315.302
285-0	SPK3013	Continuing	285	автобусқа	автобусқа	linguistic			Begin=315.306
285-1	SPK3013	Continuing	285	отырып,	отырып	linguistic			End=315.782
286-0	SPK3013	Falling	286	қалаға	қалаға	linguistic			Begin=315.782
286-1	SPK3013	Falling	286	қайттық.	қайттық	linguistic			End=316.460
287-0	SPK3012	Continuing	287	Не	Не	linguistic			Begin=317.192
287-1	SPK3012	Continuing	287	знаю,	знаю	linguistic			End=317.949
288-0	SPK3012	Continuing	288	Алматы	Алматы	linguistic			Begin=317.949
288-1	SPK3012	Continuing	288	сұрып	сұрып	linguistic			
288-2	SPK3012	Continuing	288	тұрғаным,	тұрғаным	linguistic			End=319.016
289-0	SPK3012	Continuing	289	маған	маған	linguistic			Begin=319.268
289-1	SPK3012	Continuing	289	сабақтарды	сабақтарды	linguistic			
289-2	SPK3012	Continuing	289	нужно	нужно	linguistic			
289-3	SPK3012	Continuing	289	перенести:,	перенести	linguistic		Prolongation=8	End=321.451
290-0	SPK3012	Continuing	290	а:,	а	linguistic		Prolongation=0	Begin=321.551|End=322.382
291-0	SPK3012	Continuing	291	сол	сол	linguistic			Begin=322.570
291-1	SPK3012	Continuing	291	Алматыда	Алматыда	linguistic			
291-2	SPK3012	Continuing	291	болатын	болатын	linguistic			
291-3	SPK3012	Continuing	291	балалармен,	балалармен	linguistic			End=324.163
292-0	SPK3012	Continuing	292	договориться,	договориться	linguistic			Begin=324.163|End=324.812
293-0	SPK3012	Falling	293	что	что	linguistic			Begin=324.812
293-1	SPK3012	Falling	293	солармен	солармен	linguistic			
293-2	SPK3012	Falling	293	кездесмін	кездесмін	linguistic			
293-3	SPK3012	Falling	293	деп.	деп	linguistic			End=326.343
294-0	SPK3012	Continuing	294	И:,	И	linguistic		Prolongation=0	Begin=326.670|End=327.642
295-0	SPK3012	Continuing	295	а:,	а	linguistic		Prolongation=0	Begin=327.648|End=328.429
296-0	SPK3012	Falling	296	вот.	вот	linguistic			Begin=328.429|End=329.085
297-0	SPK3013	Continuing	297	Егер	Егер	linguistic			Begin=328.960
297-1	SPK3013	Continuing	297	кететін	кететін	linguistic			
297-2	SPK3013	Continuing	297	болсақ,	болсақ	linguistic			End=329.788
298-0	SPK3013	Continuing	298	міне	міне	linguistic			Begin=329.820
298-1	SPK3013	Continuing	298	ертең	ертең	linguistic			
298-2	SPK3013	Continuing	298	он	он	linguistic			
298-3	SPK3013	Continuing	298	үші	үші	linguistic			
298-4	SPK3013	Continuing	298	ме,	ме	linguistic			End=331.460
299-0	SPK3013	Continuing	299	Алла	Алла	linguistic			Begin=331.468
299-1	SPK3013	Continuing	299	бұйырып	бұйырып	linguistic			
299-2	SPK3013	Continuing	299	он	он	linguistic			
299-3	SPK3013	Continuing	299	төрті	төрті	linguistic			
299-4	SPK3013	Continuing	299	күні	күні	linguistic			
299-5	SPK3013	Continuing	299	шығып	шығып	linguistic			
299-6	SPK3013	Continuing	299	кетсек,	кетсек	linguistic			End=333.476
300-0	SPK3013	Falling	300	бір	бір	linguistic			Begin=333.484
300-1	SPK3013	Falling	300	күн	күн	linguistic			
300-2	SPK3013	Falling	300	жолда	жолда	linguistic			
300-3	SPK3013	Falling	300	жүреміз	жүреміз	linguistic			
300-4	SPK3013	Falling	300	біз.	біз	linguistic			End=334.593
301-0	SPK3012	Falling	301	А	А	linguistic			Begin=335.323
301-1	SPK3012	Falling	301	уже	уже	linguistic			
301-2	SPK3012	Falling	301	он	он	linguistic			
301-3	SPK3012	Falling	301	төрті.	төрті	linguistic			End=336.287
302-0	SPK3013	Falling	302	Иә.	Иә	linguistic			Begin=336.492|End=337.187
303-0	SPK3012	Continuing	303	Кішкене,	Кішкене	linguistic			Begin=337.757|End=338.264
304-0	SPK3012	Rising	304	заранее	заранее	linguistic			Begin=338.264
304-1	SPK3012	Rising	304	неге	неге	linguistic			
304-2	SPK3012	Rising	304	айтпайсыңдар	айтпайсыңдар	linguistic			
304-3	SPK3012	Rising	304	менің?	менің	linguistic			End=339.585
305-0	SPK3012	Continuing	305	оқушыларға	оқушыларға	linguistic			Begin=339.585
305-1	SPK3012	Continuing	305	бір	бір	linguistic			
305-2	SPK3012	Continuing	305	екі	екі	linguistic			
305-3	SPK3012	Continuing	305	күн	күн	linguistic			
305-4	SPK3012	Continuing	305	бұрыннан,	бұрыннан	linguistic			End=341.124
306-0	SPK3012	Falling	306	айтуым	айтуым	linguistic			Begin=341.126
306-1	SPK3012	Falling	306	керек	керек	linguistic			
306-2	SPK3012	Falling	306	қой.	қой	linguistic			End=342.236
307-0	SPK3013	Continuing	307	Ну	Ну	linguistic			Begin=341.562
307-1	SPK3013	Continuing	307	он	он	linguistic			
307-2	SPK3013	Continuing	307	бесі	бесі	linguistic			
307-3	SPK3013	Continuing	307	шығайық	шығайық	linguistic			
307-4	SPK3013	Continuing	307	енді,	енді	linguistic			End=343.492
308-0	SPK3013	Continuing	308	мен	мен	linguistic			Begin=343.513
308-1	SPK3013	Continuing	308	білмей	білмей	linguistic			
308-2	SPK3013	Continuing	308	тұрмын	тұрмын	linguistic			
308-3	SPK3013	Continuing	308	ертең	ертең	linguistic			
308-4	SPK3013	Continuing	308	сонымен,	сонымен	linguistic			End=344.640
309-0	SPK3013	Continuing	309	неменеммен,	неменеммен	linguistic			Begin=344.640|End=345.851
310-0	SPK3013	Continuing	310	отпускнойым,	отпускнойым	linguistic			Begin=347.546|End=348.562
311-0	SPK3013	Continuing	311	отпускноймен,	отпускноймен	linguistic			Begin=348.562|End=348.994
312-0	SPK3013	Falling	312	премия	премия	linguistic			Begin=348.994
312-1	SPK3013	Falling	312	беремін	беремін	linguistic			
312-2	SPK3013	Falling	312	деген.	деген	linguistic			End=350.027
313-0	SPK3012	Falling	313	М:.	М	linguistic		Prolongation=0	Begin=349.898|End=350.648
314-0	SPK3013	Falling	314	Соған	Соған	linguistic			Begin=350.640
314-1	SPK3013	Falling	314	қарап	қарап	linguistic			
314-2	SPK3013	Falling	314	тұрмын.	тұрмын	linguistic			End=351.859
315-0	SPK3013	Continuing	315	Е	Е	linguistic			Begin=351.945
315-1	SPK3013	Continuing	315	осы	осы	linguistic			
315-2	SPK3013	Continuing	315	осыны	осыны	linguistic			
315-3	SPK3013	Continuing	315	Алматыға	Алматыға	linguistic			
315-4	SPK3013	Continuing	315	бір	бір	linguistic			
315-5	SPK3013	Continuing	315	үш	үш	linguistic			
315-6	SPK3013	Continuing	315	төрт	төрт	linguistic			
315-7	SPK3013	Continuing	315	күнге,	күнге	linguistic			End=353.790
316-0	SPK3013	Rising	316	Алматы	Алматы	linguistic			Begin=353.790
316-1	SPK3013	Rising	316	деп	деп	linguistic			
316-2	SPK3013	Rising	316	айтып	айтып	linguistic			
316-3	SPK3013	Rising	316	қойдық	қойдық	linguistic			
316-4	SPK3013	Rising	316	па?	па	linguistic			End=354.995
317-0	SPK3013	Interrupted	317	Үш	Үш	linguistic	_		Begin=355.038
317-1	SPK3013	Interrupted	317	төрт	төрт	linguistic	_		
317-2	SPK3013	Interrupted	317	күн	күн	linguistic	_		
317-3	SPK3013	Interrupted	317	Алматыға	Алматыға	linguistic	_		
317-4	SPK3013	Interrupted	317	барайық	барайық	linguistic	_		
317-5	SPK3013	Interrupted	317	сосын—	сосын	linguistic	_	Interrupted=Yes	End=356.734
318-0	SPK3012	Continuing	318	Жоқ	Жоқ	linguistic	_		Begin=355.038|End=355.499
319-0	SPK3012	Continuing	319	если:,	если	linguistic		Prolongation=3	Begin=355.499|End=356.453
320-0	SPK3012	Continuing	320	отпускной	отпускной	linguistic			Begin=356.468
320-1	SPK3012	Continuing	320	бермесе	бермесе	linguistic			
320-2	SPK3012	Continuing	320	бармаймын,	бармаймын	linguistic			End=357.520
321-0	SPK3012	Falling	321	##	##	unknown			Begin=357.520
321-1	SPK3012	Falling	321	қымбат	қымбат	linguistic			
321-2	SPK3012	Falling	321	болады.	болады	linguistic			End=358.507
322-0	SPK3012	Continuing	322	Ну,	Ну	linguistic			Begin=359.386|End=359.892
323-0	SPK3012	Continuing	323	если,	если	linguistic			Begin=360.226|End=360.960
324-0	SPK3012	Continuing	324	квартиру	квартиру	linguistic			Begin=360.960
324-1	SPK3012	Continuing	324	не	не	linguistic			
324-2	SPK3012	Continuing	324	снимать,	снимать	linguistic			End=361.913
325-0	SPK3012	Falling	325	то	то	linguistic			Begin=361.913
325-1	SPK3012	Falling	325	нормально.	нормально	linguistic			End=362.671
326-0	SPK3013	Continuing	326	Жоқ,	Жоқ	linguistic			Begin=362.609|End=363.210
327-0	SPK3013	Falling	327	квартира	квартира	linguistic			Begin=363.210
327-1	SPK3013	Falling	327	снимать	снимать	linguistic			
327-2	SPK3013	Falling	327	етіп	етіп	linguistic			
327-3	SPK3013	Falling	327	керек	керек	linguistic			
327-4	SPK3013	Falling	327	жоқ.	жоқ	linguistic			End=364.929
328-0	SPK3013	Continuing	328	Сосын,	Сосын	linguistic			Begin=365.015|End=365.754
329-0	SPK3013	Continuing	329	сосын	сосын	linguistic			Begin=365.773
329-1	SPK3013	Continuing	329	қайтқан	қайтқан	linguistic			
329-2	SPK3013	Continuing	329	кезде	кезде	linguistic			
329-3	SPK3013	Continuing	329	сен	сен	linguistic			
329-4	SPK3013	Continuing	329	не	не	linguistic			
329-5	SPK3013	Continuing	329	істейсің,	істейсің	linguistic			End=367.574
330-0	SPK3013	Falling	330	Алакөлге	Алакөлге	linguistic			Begin=367.574
330-1	SPK3013	Falling	330	барасың	барасың	linguistic			
330-2	SPK3013	Falling	330	ба.	ба	linguistic			End=368.761
331-0	SPK3012	Falling	331	Бармаймын	Бармаймын	linguistic			Begin=368.502
331-1	SPK3012	Falling	331	Алакөлге.	Алакөлге	linguistic			End=369.638
332-0	SPK3013	Interrupted	332	Онда	Онда	linguistic			Begin=369.429
332-1	SPK3013	Interrupted	332	сол	сол	linguistic			
332-2	SPK3013	Interrupted	332	жерде	жерде	linguistic			
332-3	SPK3013	Interrupted	332	##—	##	unknown		Interrupted=Yes	End=370.484
333-0	SPK3012	Continuing	333	Мен	Мен	linguistic			Begin=370.065
333-1	SPK3012	Continuing	333	Алакөлде	Алакөлде	linguistic			
333-2	SPK3012	Continuing	333	немене	немене	linguistic			
333-3	SPK3012	Continuing	333	тағы	тағы	linguistic			
333-4	SPK3012	Continuing	333	да	да	linguistic			
333-5	SPK3012	Continuing	333	ана,	ана	linguistic			End=371.530
334-0	SPK3012	Continuing	334	ана	ана	linguistic			Begin=371.530
334-1	SPK3012	Continuing	334	ж—,	ж	linguistic		Interrupted=Yes	End=372.017
335-0	SPK3012	Continuing	335	екі	екі	linguistic			Begin=372.017
335-1	SPK3012	Continuing	335	жыл	жыл	linguistic			
335-2	SPK3012	Continuing	335	бұрынғы	бұрынғы	linguistic			
335-3	SPK3012	Continuing	335	секілді	секілді	linguistic			
335-4	SPK3012	Continuing	335	немене,	немене	linguistic			End=373.025
336-0	SPK3012	Falling	336	кабинканың	кабинканың	linguistic			Begin=373.043
336-1	SPK3012	Falling	336	ішінде	ішінде	linguistic			
336-2	SPK3012	Falling	336	өткіземін	өткіземін	linguistic			
336-3	SPK3012	Falling	336	бе	бе	linguistic			
336-4	SPK3012	Falling	336	сабағымды.	сабағымды	linguistic			End=374.836
337-0	SPK3012	Falling	337	¬Шырай	Шырай	linguistic		Anonymized=Yes	Begin=376.159
337-1	SPK3012	Falling	337	мен	мен	linguistic			
337-2	SPK3012	Falling	337	подружкасы.	подружкасы	linguistic			End=377.702
338-0	SPK3013	Falling	338	Қазір	Қазір	linguistic			Begin=376.397
338-1	SPK3013	Falling	338	вайфайлар	вайфайлар	linguistic			
338-2	SPK3013	Falling	338	бар.	бар	linguistic			End=378.392
339-0	SPK3012	Continuing	339	Жоқ,	Жоқ	linguistic			Begin=378.056|End=378.515
340-0	SPK3012	Falling	340	жарайды	жарайды	linguistic			Begin=378.515
340-1	SPK3012	Falling	340	вайфай	вайфай	linguistic			
340-2	SPK3012	Falling	340	вайфай.	вайфай	linguistic			End=380.341
341-0	SPK3013	Continuing	341	Суға	Суға	linguistic			Begin=380.386
341-1	SPK3013	Continuing	341	түссең,	түссең	linguistic			End=381.257
342-0	SPK3013	Falling	342	суды	суды	linguistic			Begin=381.257
342-1	SPK3013	Falling	342	жек	жек	linguistic			
342-2	SPK3013	Falling	342	көресің	көресің	linguistic			
342-3	SPK3013	Falling	342	әйтпесе.	әйтпесе	linguistic			End=382.515
343-0	SPK3012	Continuing	343	Ана	Ана	linguistic			Begin=382.030
343-1	SPK3012	Continuing	343	жолы	жолы	linguistic			
343-2	SPK3012	Continuing	343	біз,	біз	linguistic			End=382.954
344-0	SPK3012	Falling	344	¬Шырай	Шырай	linguistic		Anonymized=Yes	Begin=382.959
344-1	SPK3012	Falling	344	мен	мен	linguistic			
344-2	SPK3012	Falling	344	¬Мақпал	Мақпал	linguistic		Anonymized=Yes	
344-3	SPK3012	Falling	344	деген	деген	linguistic			
344-4	SPK3012	Falling	344	подружкасы	подружкасы	linguistic			
344-5	SPK3012	Falling	344	бардық	бардық	linguistic			
344-6	SPK3012	Falling	344	қой.	қой	linguistic			End=384.902
345-0	SPK3012	Continuing	345	Әлбетте	Әлбетте	linguistic			Begin=385.616
345-1	SPK3012	Continuing	345	екеуі	екеуі	linguistic			
345-2	SPK3012	Continuing	345	суға	суға	linguistic			
345-3	SPK3012	Continuing	345	түседі,	түседі	linguistic			End=386.843
346-0	SPK3012	Continuing	346	мен	мен	linguistic			Begin=386.843
346-1	SPK3012	Continuing	346	отырамын	отырамын	linguistic			
346-2	SPK3012	Continuing	346	немене,	немене	linguistic			End=387.621
347-0	SPK3012	Interrupted	347	талдың	талдың	linguistic			Begin=387.621
347-1	SPK3012	Interrupted	347	асты—	асты	linguistic		Interrupted=Yes	End=388.129
348-0	SPK3012	Continuing	348	Тал	Тал	linguistic			Begin=388.140
348-1	SPK3012	Continuing	348	емес	емес	linguistic			
348-2	SPK3012	Continuing	348	немене	немене	linguistic			
348-3	SPK3012	Continuing	348	әгі,	әгі	linguistic			End=388.914
349-0	SPK3012	Continuing	349	домиктардың	домиктардың	linguistic			Begin=388.914
349-1	SPK3012	Continuing	349	асты,	асты	linguistic			End=389.570
350-0	SPK3012	Continuing	350	мен	мен	linguistic			Begin=389.570
350-1	SPK3012	Continuing	350	әйту	әйту	linguistic			
350-2	SPK3012	Continuing	350	суға	суға	linguistic			
350-3	SPK3012	Continuing	350	түспеймін,	түспеймін	linguistic			End=390.318
351-0	SPK3012	Falling	351	бір	бір	linguistic			Begin=390.318
351-1	SPK3012	Falling	351	рет	рет	linguistic			
351-2	SPK3012	Falling	351	түсемін.	түсемін	linguistic			End=391.156
352-0	SPK3012	Continuing	352	Одан	Одан	linguistic			Begin=391.232
352-1	SPK3012	Continuing	352	кейін	кейін	linguistic			
352-2	SPK3012	Continuing	352	комнатаға	комнатаға	linguistic			
352-3	SPK3012	Continuing	352	келіп	келіп	linguistic			
352-4	SPK3012	Continuing	352	сабақ	сабақ	linguistic			
352-5	SPK3012	Continuing	352	жүргіземін,	жүргіземін	linguistic			End=392.651
353-0	SPK3012	undefined	353	###	###	unknown			Begin=392.673|End=393.601
354-0	SPK3012	Continuing	354	###	###	unknown			Begin=393.621
354-1	SPK3012	Continuing	354	екеуі	екеуі	linguistic			
354-2	SPK3012	Continuing	354	ана	ана	linguistic			
354-3	SPK3012	Continuing	354	жерде,	жерде	linguistic			End=394.848
355-0	SPK3012	Continuing	355	барға	барға	linguistic			Begin=394.848
355-1	SPK3012	Continuing	355	барып,	барып	linguistic			End=395.540
356-0	SPK3012	Continuing	356	бір	бір	linguistic			Begin=395.540
356-1	SPK3012	Continuing	356	немене,	немене	linguistic			End=396.100
357-0	SPK3012	Continuing	357	чеченецтар	чеченецтар	linguistic			Begin=396.404
357-1	SPK3012	Continuing	357	ма	ма	linguistic			
357-2	SPK3012	Continuing	357	бірдеңемен	бірдеңемен	linguistic			
357-3	SPK3012	Continuing	357	танысып	танысып	linguistic			
357-4	SPK3012	Continuing	357	алған	алған	linguistic			
357-5	SPK3012	Continuing	357	ба,	ба	linguistic			End=398.550
358-0	SPK3012	Continuing	358	солар,	солар	linguistic			Begin=398.752|End=399.494
359-0	SPK3012	Continuing	359	¬Шырай	Шырай	linguistic		Anonymized=Yes	Begin=399.964
359-1	SPK3012	Continuing	359	жыныма	жыныма	linguistic			
359-2	SPK3012	Continuing	359	тиіп,	тиіп	linguistic			End=401.258
360-0	SPK3012	Continuing	360	енді,	енді	linguistic			Begin=401.415|End=401.934
361-0	SPK3012	Continuing	361	танысып	танысып	linguistic			Begin=401.934
361-1	SPK3012	Continuing	361	алды	алды	linguistic			
361-2	SPK3012	Continuing	361	ғой,	ғой	linguistic			End=402.671
362-0	SPK3012	Continuing	362	неменеге	неменеге	linguistic			Begin=402.671
362-1	SPK3012	Continuing	362	танысты,	танысты	linguistic			End=403.388
363-0	SPK3012	Continuing	363	мен	мен	linguistic			Begin=403.388
363-1	SPK3012	Continuing	363	келсем	келсем	linguistic			
363-2	SPK3012	Continuing	363	уже,	уже	linguistic			End=403.999
364-0	SPK3012	Falling	364	бәрі	бәрі	linguistic			Begin=403.999
364-1	SPK3012	Falling	364	сөйлесіп	сөйлесіп	linguistic			
364-2	SPK3012	Falling	364	отыр.	отыр	linguistic			End=405.388
365-0	SPK3012	Falling	365	#####.	#####	unknown			Begin=405.404|End=406.293
366-0	SPK3013	Rising	366	Кімдермен	Кімдермен	linguistic			Begin=405.572
366-1	SPK3013	Rising	366	дейсің?	дейсің	linguistic			End=406.552
367-0	SPK3012	Continuing	367	Чечендер	Чечендер	linguistic			Begin=406.396
367-1	SPK3012	Continuing	367	ме	ме	linguistic			
367-2	SPK3012	Continuing	367	бірдеңе,	бірдеңе	linguistic			End=407.366
368-0	SPK3012	Falling	368	чеченцы	чеченцы	linguistic			Begin=407.366
368-1	SPK3012	Falling	368	кароче.	кароче	linguistic			End=408.146
369-0	SPK3012	Continuing	369	Неменелері,	Неменелері	linguistic			Begin=408.938|End=409.419
370-0	SPK3013	Falling	370	##.	##	unknown			Begin=409.090|End=410.419
371-0	SPK3012	Continuing	371	Алматыдан	Алматыдан	linguistic			Begin=409.419
371-1	SPK3012	Continuing	371	келген	келген	linguistic			
371-2	SPK3012	Continuing	371	дей	дей	linguistic			
371-3	SPK3012	Continuing	371	ме,	ме	linguistic			End=410.652
372-0	SPK3012	Continuing	372	солар,	солар	linguistic			Begin=410.652|End=411.271
373-0	SPK3012	Continuing	373	содан	содан	linguistic			Begin=411.281
373-1	SPK3012	Continuing	373	кейін,	кейін	linguistic			End=411.857
374-0	SPK3012	Continuing	374	а:.,	а	linguistic		Prolongation=0	Begin=412.008|End=412.688
375-0	SPK3012	Continuing	375	потом,	потом	linguistic			Begin=413.511|End=414.108
376-0	SPK3012	Continuing	376	бір	бір	linguistic			Begin=414.392
376-1	SPK3012	Continuing	376	екі	екі	linguistic			
376-2	SPK3012	Continuing	376	күннен	күннен	linguistic			
376-3	SPK3012	Continuing	376	кейін,	кейін	linguistic			End=415.513
377-0	SPK3012	Continuing	377	¬Шырайдың	Шырайдың	linguistic		Anonymized=Yes	Begin=415.820
377-1	SPK3012	Continuing	377	группасындағы	группасындағы	linguistic			
377-2	SPK3012	Continuing	377	ұлдар	ұлдар	linguistic			
377-3	SPK3012	Continuing	377	ма,	ма	linguistic			End=417.050
378-0	SPK3012	Continuing	378	біреулер	біреулер	linguistic			Begin=417.050
378-1	SPK3012	Continuing	378	болды,	болды	linguistic			End=417.465
379-0	SPK3012	Falling	379	балалар.	балалар	linguistic			Begin=417.548|End=418.142
380-0	SPK3012	Continuing	380	Солармен	Солармен	linguistic			Begin=418.745
380-1	SPK3012	Continuing	380	жүргенде,	жүргенде	linguistic			End=419.741
381-0	SPK3012	Continuing	381	аналар	аналар	linguistic			Begin=419.846
381-1	SPK3012	Continuing	381	отыр	отыр	linguistic			
381-2	SPK3012	Continuing	381	ғой	ғой	linguistic			
381-3	SPK3012	Continuing	381	енді,	енді	linguistic			End=420.990
382-0	SPK3012	Continuing	382	бәрі	бәрі	linguistic			Begin=420.990
382-1	SPK3012	Continuing	382	бір	бір	linguistic			
382-2	SPK3012	Continuing	382	жер,	жер	linguistic			End=421.589
383-0	SPK3012	Continuing	383	үлкен	үлкен	linguistic			Begin=421.589
383-1	SPK3012	Continuing	383	улица	улица	linguistic			
383-2	SPK3012	Continuing	383	ғой	ғой	linguistic			
383-3	SPK3012	Continuing	383	содан	содан	linguistic			
383-4	SPK3012	Continuing	383	кейін,	кейін	linguistic			End=422.954
384-0	SPK3012	Continuing	384	<VOX	<VOX	linguistic			Begin=423.388
384-1	SPK3012	Continuing	384	¬Шырай,	Шырай	linguistic		Anonymized=Yes	End=423.868
385-0	SPK3012	undefined	385	приве:т,	привет	linguistic		Prolongation=4	Begin=423.868
385-1	SPK3012	undefined	385	>	>	linguistic			End=424.488
386-0	SPK3012	Continuing	386	деп	деп	linguistic			Begin=424.488
386-1	SPK3012	Continuing	386	содан	содан	linguistic			
386-2	SPK3012	Continuing	386	айтамын	айтамын	linguistic			
386-3	SPK3012	Continuing	386	¬Шырай,	Шырай	linguistic		Anonymized=Yes	End=425.077
387-0	SPK3012	Continuing	387	қарама	қарама	linguistic			Begin=425.083
387-1	SPK3012	Continuing	387	аналарға,	аналарға	linguistic			End=425.651
388-0	SPK3012	Continuing	388	қара	қара	linguistic			Begin=425.651
388-1	SPK3012	Continuing	388	біз	біз	linguistic			
388-2	SPK3012	Continuing	388	олармен	олармен	linguistic			
388-3	SPK3012	Continuing	388	де	де	linguistic			
388-4	SPK3012	Continuing	388	сөйлеспейміз,	сөйлеспейміз	linguistic			End=426.793
389-0	SPK3012	Continuing	389	біз	біз	linguistic			Begin=426.793
389-1	SPK3012	Continuing	389	олармен	олармен	linguistic			
389-2	SPK3012	Continuing	389	қазір	қазір	linguistic			
389-3	SPK3012	Continuing	389	жүрмейміз,	жүрмейміз	linguistic			End=427.674
390-0	SPK3012	Falling	390	кетші	кетші	linguistic			Begin=427.674
390-1	SPK3012	Falling	390	деп.	деп	linguistic			End=428.351
391-0	SPK3013	Rising	391	¬Шырай	Шырай	linguistic		Anonymized=Yes	Begin=428.571
391-1	SPK3013	Rising	391	ма?	ма	linguistic			End=429.236
392-0	SPK3012	Falling	392	Мен	Мен	linguistic			Begin=429.387
392-1	SPK3012	Falling	392	айтамын	айтамын	linguistic			
392-2	SPK3012	Falling	392	¬Шырайға.	Шырайға	linguistic		Anonymized=Yes	End=430.652
393-0	SPK3012	Continuing	393	Содан	Содан	linguistic			Begin=430.975
393-1	SPK3012	Continuing	393	кейін,	кейін	linguistic			End=431.439
394-0	SPK3012	Continuing	394	ең,	ең	linguistic			Begin=431.493|End=431.821
395-0	SPK3012	Continuing	395	қайтар	қайтар	linguistic			Begin=431.827
395-1	SPK3012	Continuing	395	күні	күні	linguistic			
395-2	SPK3012	Continuing	395	бір	бір	linguistic			
395-3	SPK3012	Continuing	395	жақтан	жақтан	linguistic			
395-4	SPK3012	Continuing	395	солар,	солар	linguistic			End=433.635
396-0	SPK3012	Continuing	396	бір	бір	linguistic			Begin=433.635
396-1	SPK3012	Continuing	396	жақтан	жақтан	linguistic			
396-2	SPK3012	Continuing	396	¬Шырайдың	Шырайдың	linguistic		Anonymized=Yes	
396-3	SPK3012	Continuing	396	группасынан,	группасынан	linguistic			End=434.763
397-0	SPK3012	Continuing	397	<VOX	<VOX	linguistic			Begin=434.776
397-1	SPK3012	Continuing	397	¬Шырай	Шырай	linguistic		Anonymized=Yes	
397-2	SPK3012	Continuing	397	привет,	привет	linguistic			End=435.372
398-0	SPK3012	Continuing	398	¬Шырай	Шырай	linguistic		Anonymized=Yes	Begin=435.372
398-1	SPK3012	Continuing	398	я	я	linguistic			
398-2	SPK3012	Continuing	398	привет	привет	linguistic			
398-3	SPK3012	Continuing	398	>	>	linguistic			
398-4	SPK3012	Continuing	398	деп	деп	linguistic			
398-5	SPK3012	Continuing	398	уже,	уже	linguistic			End=436.243
399-0	SPK3012	Falling	399	танысып	танысып	linguistic			Begin=436.249
399-1	SPK3012	Falling	399	алған	алған	linguistic			
399-2	SPK3012	Falling	399	ғой	ғой	linguistic			
399-3	SPK3012	Falling	399	¬Шырай.	Шырай	linguistic		Anonymized=Yes	End=437.418
400-0	SPK3012	Continuing	400	Содан	Содан	linguistic			Begin=437.641
400-1	SPK3012	Continuing	400	мен	мен	linguistic			
400-2	SPK3012	Continuing	400	айтамын,	айтамын	linguistic			End=438.180
401-0	SPK3012	Continuing	401	неменеге	неменеге	linguistic			Begin=438.180
401-1	SPK3012	Continuing	401	танысасың,	танысасың	linguistic			End=439.067
402-0	SPK3012	Falling	402	неге	неге	linguistic			Begin=439.067
402-1	SPK3012	Falling	402	тыныш	тыныш	linguistic			
402-2	SPK3012	Falling	402	жүрмейсің	жүрмейсің	linguistic			
402-3	SPK3012	Falling	402	деп.	деп	linguistic			End=440.418
403-0	SPK3013	Rising	403	¬Шырайға	Шырайға	linguistic		Anonymized=Yes	Begin=440.547
403-1	SPK3013	Rising	403	ұрстың	ұрстың	linguistic			
403-2	SPK3013	Rising	403	ба?	ба	linguistic			End=442.276
404-0	SPK3012	Falling	404	Тура	Тура	linguistic			Begin=442.256
404-1	SPK3012	Falling	404	сол	сол	linguistic			
404-2	SPK3012	Falling	404	кезде	кезде	linguistic			
404-3	SPK3012	Falling	404	мен	мен	linguistic			
404-4	SPK3012	Falling	404	¬Шыраймен	Шыраймен	linguistic		Anonymized=Yes	
404-5	SPK3012	Falling	404	ұрсыса	ұрсыса	linguistic			
404-6	SPK3012	Falling	404	жаздадым.	жаздадым	linguistic			End=444.114
405-0	SPK3013	undefined	405	@@	@@	linguistic			Begin=442.346|End=443.279
406-0	SPK3013	Continuing	406	Онда	Онда	linguistic			Begin=448.675
406-1	SPK3013	Continuing	406	өйтетін	өйтетін	linguistic			
406-2	SPK3013	Continuing	406	болсақ,	болсақ	linguistic			End=449.459
407-0	SPK3013	Continuing	407	сені	сені	linguistic			Begin=449.459
407-1	SPK3013	Continuing	407	Алматыдан,	Алматыдан	linguistic			End=450.439
408-0	SPK3013	Continuing	408	жарты	жарты	linguistic			Begin=450.655
408-1	SPK3013	Continuing	408	жолға	жолға	linguistic			
408-2	SPK3013	Continuing	408	дейін	дейін	linguistic			
408-3	SPK3013	Continuing	408	келіп,	келіп	linguistic			End=452.601
409-0	SPK3013	Continuing	409	Үржардан	Үржардан	linguistic			Begin=452.834
409-1	SPK3013	Continuing	409	салып	салып	linguistic			
409-2	SPK3013	Continuing	409	жібереміз	жібереміз	linguistic			
409-3	SPK3013	Continuing	409	бе	бе	linguistic			
409-4	SPK3013	Continuing	409	сені	сені	linguistic			
409-5	SPK3013	Continuing	409	таксиге,	таксиге	linguistic			End=454.722
410-0	SPK3013	Continuing	410	или	или	linguistic			Begin=454.722
410-1	SPK3013	Continuing	410	Алматыдан,	Алматыдан	linguistic			End=455.689
411-0	SPK3012	Falling	411	А:.	А	linguistic		Prolongation=0	Begin=456.129|End=456.609
412-0	SPK3012	Rising	412	П-	П	linguistic		Interrupted=Yes	Begin=456.773
412-1	SPK3012	Rising	412	поезд	поезд	linguistic			
412-2	SPK3012	Rising	412	жоқ	жоқ	linguistic			
412-3	SPK3012	Rising	412	деп	деп	linguistic			
412-4	SPK3012	Rising	412	ойлайсың	ойлайсың	linguistic			
412-5	SPK3012	Rising	412	ба?	ба	linguistic			End=458.259
413-0	SPK3012	Rising	413	Қарайын	Қарайын	linguistic			Begin=458.270
413-1	SPK3012	Rising	413	ба?	ба	linguistic			End=459.229
414-0	SPK3013	Falling	414	А.	А	linguistic			Begin=459.062|End=459.757
415-0	SPK3012	Falling	415	Поезд	Поезд	linguistic			Begin=460.089
415-1	SPK3012	Falling	415	жоқ	жоқ	linguistic			
415-2	SPK3012	Falling	415	деп	деп	linguistic			
415-3	SPK3012	Falling	415	ойлайсың	ойлайсың	linguistic			
415-4	SPK3012	Falling	415	ба.	ба	linguistic			End=461.369
416-0	SPK3013	Continuing	416	Ол,	Ол	linguistic			Begin=461.857|End=462.364
417-0	SPK3013	Falling	417	қарап	қарап	linguistic			Begin=462.450
417-1	SPK3013	Falling	417	қою	қою	linguistic			
417-2	SPK3013	Falling	417	керек.	керек	linguistic			End=463.141
418-0	SPK3013	Continuing	418	Просто	Просто	linguistic			Begin=463.141
418-1	SPK3013	Continuing	418	орын	орын	linguistic			
418-2	SPK3013	Continuing	418	бар	бар	linguistic			
418-3	SPK3013	Continuing	418	болса,	болса	linguistic			End=464.445
419-0	SPK3013	Continuing	419	сидячиймен,	сидячиймен	linguistic			Begin=464.445|End=465.196
420-0	SPK3013	Falling	420	бері	бері	linguistic			Begin=465.196
420-1	SPK3013	Falling	420	қарай	қарай	linguistic			
420-2	SPK3013	Falling	420	қайтатын.	қайтатын	linguistic			End=465.952
421-0	SPK3013	Continuing	421	В	В	linguistic			Begin=465.952
421-1	SPK3013	Continuing	421	принципе	принципе	linguistic			
421-2	SPK3013	Continuing	421	бері	бері	linguistic			
421-3	SPK3013	Continuing	421	қарай	қарай	linguistic			
421-4	SPK3013	Continuing	421	қайтатын	қайтатын	linguistic			
421-5	SPK3013	Continuing	421	бар	бар	linguistic			
421-6	SPK3013	Continuing	421	шығар,	шығар	linguistic			End=467.263
422-0	SPK3013	Falling	422	ары	ары	linguistic			Begin=467.263
422-1	SPK3013	Falling	422	қарай	қарай	linguistic			
422-2	SPK3013	Falling	422	баратын	баратын	linguistic			
422-3	SPK3013	Falling	422	жоқ	жоқ	linguistic			
422-4	SPK3013	Falling	422	қой.	қой	linguistic			End=468.648
423-0	SPK3012	Continuing	423	¬Шырайлар,	Шырайлар	linguistic		Anonymized=Yes	Begin=469.776|End=470.632
424-0	SPK3012	Rising	424	он	он	linguistic			Begin=470.735
424-1	SPK3012	Rising	424	бесі	бесі	linguistic			
424-2	SPK3012	Rising	424	күні	күні	linguistic			
424-3	SPK3012	Rising	424	шығады?	шығады	linguistic			End=472.223
425-0	SPK3012	Continuing	425	¬Дана	Дана	linguistic		Anonymized=Yes	Begin=472.568
425-1	SPK3012	Continuing	425	мен	мен	linguistic			
425-2	SPK3012	Continuing	425	¬Шырай	Шырай	linguistic		Anonymized=Yes	
425-3	SPK3012	Continuing	425	шығады	шығады	linguistic			
425-4	SPK3012	Continuing	425	Семейден,	Семейден	linguistic			End=474.560
426-0	SPK3012	Continuing	426	а:	а	linguistic		Prolongation=0	Begin=474.915
426-1	SPK3012	Continuing	426	м:,	м	linguistic		Prolongation=0	End=475.959
427-0	SPK3013	Rising	427	¬Бибарыс	Бибарыс	linguistic		Anonymized=Yes	Begin=476.107
427-1	SPK3013	Rising	427	Ақсуаттың	Ақсуаттың	linguistic			
427-2	SPK3013	Rising	427	неменесінен	неменесінен	linguistic			
427-3	SPK3013	Rising	427	отырады	отырады	linguistic			
427-4	SPK3013	Rising	427	ма?	ма	linguistic			End=478.087
428-0	SPK3012	Continuing	428	¬Бибарыс,	Бибарыс	linguistic		Anonymized=Yes	Begin=477.966|End=478.587
429-0	SPK3012	Continuing	429	содан	содан	linguistic			Begin=478.587
429-1	SPK3012	Continuing	429	кейін	кейін	linguistic			
429-2	SPK3012	Continuing	429	келіп	келіп	linguistic			
429-3	SPK3012	Continuing	429	Семейден,	Семейден	linguistic			End=479.844
430-0	SPK3012	Continuing	430	самолет	самолет	linguistic			Begin=479.857
430-1	SPK3012	Continuing	430	пе,	пе	linguistic			End=480.500
431-0	SPK3012	Continuing	431	вот,	вот	linguistic			Begin=480.500|End=480.751
432-0	SPK3012	Falling	432	самолетке	самолетке	linguistic			Begin=480.753
432-1	SPK3012	Falling	432	отырады	отырады	linguistic			
432-2	SPK3012	Falling	432	ғой	ғой	linguistic			
432-3	SPK3012	Falling	432	деймін.	деймін	linguistic			End=481.855
433-0	SPK3012	Falling	433	Содан	Содан	linguistic			Begin=482.587
433-1	SPK3012	Falling	433	кейін	кейін	linguistic			
433-2	SPK3012	Falling	433	¬Шырай	Шырай	linguistic		Anonymized=Yes	
433-3	SPK3012	Falling	433	немене	немене	linguistic			
433-4	SPK3012	Falling	433	деп	деп	linguistic			
433-5	SPK3012	Falling	433	отырды.	отырды	linguistic			End=483.858
434-0	SPK3012	Continuing	434	Типа,	Типа	linguistic			Begin=484.694|End=485.243
435-0	SPK3012	undefined	435	COUGHS	COUGHS	paraverbal	_		Begin=485.377|End=486.249
436-0	SPK3012	Continuing	436	¬Данаға	Данаға	linguistic		Anonymized=Yes	Begin=487.441
436-1	SPK3012	Continuing	436	айттым,	айттым	linguistic			End=488.591
437-0	SPK3012	Continuing	437	бірдей,	бірдей	linguistic			Begin=488.757|End=489.528
438-0	SPK3012	Continuing	438	купеден,	купеден	linguistic			Begin=489.668|End=490.567
439-0	SPK3012	Continuing	439	бірақ	бірақ	linguistic			Begin=490.567
439-1	SPK3012	Continuing	439	екі	екі	linguistic			
439-2	SPK3012	Continuing	439	түрлі	түрлі	linguistic			
439-3	SPK3012	Continuing	439	вагон	вагон	linguistic			
439-4	SPK3012	Continuing	439	болады	болады	linguistic			
439-5	SPK3012	Continuing	439	ғой,	ғой	linguistic			End=491.888
440-0	SPK3012	Continuing	440	содан	содан	linguistic			Begin=492.252
440-1	SPK3012	Continuing	440	орын	орын	linguistic			
440-2	SPK3012	Continuing	440	алайық,	алайық	linguistic			End=493.134
441-0	SPK3012	Falling	441	потом	потом	linguistic			Begin=493.282
441-1	SPK3012	Falling	441	тура	тура	linguistic			
441-2	SPK3012	Falling	441	сонымен	сонымен	linguistic			
441-3	SPK3012	Falling	441	ауыстырып	ауыстырып	linguistic			
441-4	SPK3012	Falling	441	аламыз	аламыз	linguistic			
441-5	SPK3012	Falling	441	деп.	деп	linguistic			End=494.718
442-0	SPK3012	Continuing	442	Типа	Типа	linguistic			Begin=494.718
442-1	SPK3012	Continuing	442	сен	сен	linguistic			
442-2	SPK3012	Continuing	442	астында	астында	linguistic			
442-3	SPK3012	Continuing	442	мен	мен	linguistic			
442-4	SPK3012	Continuing	442	үстінде,	үстінде	linguistic			End=496.013
443-0	SPK3012	Continuing	443	ауысып	ауысып	linguistic			Begin=496.013
443-1	SPK3012	Continuing	443	аламын	аламын	linguistic			
443-2	SPK3012	Continuing	443	деп,	деп	linguistic			End=496.500
444-0	SPK3012	Falling	444	¬Дана	Дана	linguistic		Anonymized=Yes	Begin=496.503
444-1	SPK3012	Falling	444	ұқпаған	ұқпаған	linguistic			
444-2	SPK3012	Falling	444	ғой.	ғой	linguistic			End=497.517
445-0	SPK3012	Continuing	445	Бір	Бір	linguistic			Begin=497.702
445-1	SPK3012	Continuing	445	вагоннан,	вагоннан	linguistic			End=498.574
446-0	SPK3012	Continuing	446	бірақ	бірақ	linguistic			Begin=498.574
446-1	SPK3012	Continuing	446	өзінікін	өзінікін	linguistic			
446-2	SPK3012	Continuing	446	мына,	мына	linguistic			End=499.371
447-0	SPK3012	Continuing	447	е:ң	ең	linguistic		Prolongation=0	Begin=499.371
447-1	SPK3012	Continuing	447	туалетке	туалетке	linguistic			
447-2	SPK3012	Continuing	447	жақын	жақын	linguistic			
447-3	SPK3012	Continuing	447	сасық	сасық	linguistic			
447-4	SPK3012	Continuing	447	жері	жері	linguistic			
447-5	SPK3012	Continuing	447	бар	бар	linguistic			
447-6	SPK3012	Continuing	447	ғой,	ғой	linguistic			End=501.060
448-0	SPK3012	Falling	448	сол	сол	linguistic			Begin=501.060
448-1	SPK3012	Falling	448	жерден	жерден	linguistic			
448-2	SPK3012	Falling	448	алыпты.	алыпты	linguistic			End=501.891
449-0	SPK3012	Falling	449	Бірақ	Бірақ	linguistic			Begin=501.944
449-1	SPK3012	Falling	449	Тальго	Тальго	linguistic			
449-2	SPK3012	Falling	449	екен.	екен	linguistic			End=502.879
450-0	SPK3012	Falling	450	Купе.	Купе	linguistic			Begin=503.797|End=504.790
451-0	SPK3012	Continuing	451	Сол	Сол	linguistic			Begin=505.726
451-1	SPK3012	Continuing	451	екеуі	екеуі	linguistic			
451-2	SPK3012	Continuing	451	барады,	барады	linguistic			End=506.573
452-0	SPK3012	Continuing	452	он	он	linguistic			Begin=506.943
452-1	SPK3012	Continuing	452	бесі	бесі	linguistic			
452-2	SPK3012	Continuing	452	күні,	күні	linguistic			End=507.830
453-0	SPK3013	undefined	453	STARTS_WASHING_DISHES	STARTS_WASHING_DISHES	paraverbal	_		Begin=507.301|End=508.153
454-0	SPK3012	Continuing	454	одан	одан	linguistic			Begin=508.391
454-1	SPK3012	Continuing	454	кейін,	кейін	linguistic			End=509.317
455-0	SPK3012	Continuing	455	ы:,	ы	linguistic		Prolongation=0	Begin=509.757|End=510.616
456-0	SPK3012	Continuing	456	какой-то,	какой-то	linguistic			Begin=510.734|End=512.035
457-0	SPK3012	Continuing	457	Қытайда,	Қытайда	linguistic			Begin=512.255|End=512.837
458-0	SPK3012	Continuing	458	Қазақстанға,	Қазақстанға	linguistic			Begin=512.837|End=513.506
459-0	SPK3012	Rising	459	жақын	жақын	linguistic			Begin=513.506
459-1	SPK3012	Rising	459	жағы	жағы	linguistic			
459-2	SPK3012	Rising	459	бар	бар	linguistic			
459-3	SPK3012	Rising	459	ғой?	ғой	linguistic			End=514.654
460-0	SPK3013	Falling	460	Мхм.	Мхм	linguistic			Begin=514.624|End=515.345
461-0	SPK3012	Continuing	461	Сол	Сол	linguistic			Begin=515.250
461-1	SPK3012	Continuing	461	жерге,	жерге	linguistic			End=516.027
462-0	SPK3012	Falling	462	барамыз	барамыз	linguistic			Begin=516.027
462-1	SPK3012	Falling	462	деді.	деді	linguistic			End=516.905
463-0	SPK3013	Rising	463	Қытай	Қытай	linguistic			Begin=517.799
463-1	SPK3013	Rising	463	деді?	деді	linguistic			End=518.678
464-0	SPK3012	Falling	464	Қытай.	Қытай	linguistic			Begin=518.639|End=519.288
465-0	SPK3012	Rising	465	Одан	Одан	linguistic			Begin=519.586
465-1	SPK3012	Rising	465	кейін	кейін	linguistic			
465-2	SPK3012	Rising	465	возможно	возможно	linguistic			
465-3	SPK3012	Rising	465	Қырғызстанға?	Қырғызстанға	linguistic			End=521.518
466-0	SPK3012	Continuing	466	Но	Но	linguistic			Begin=521.943
466-1	SPK3012	Continuing	466	Қырғызстанға	Қырғызстанға	linguistic			
466-2	SPK3012	Continuing	466	может	может	linguistic			
466-3	SPK3012	Continuing	466	не	не	linguistic			
466-4	SPK3012	Continuing	466	получится,	получится	linguistic			End=523.728
467-0	SPK3012	Continuing	467	и	и	linguistic			Begin=524.387
467-1	SPK3012	Continuing	467	потом,	потом	linguistic			End=525.107
468-0	SPK3012	Continuing	468	келіп,	келіп	linguistic			Begin=525.451|End=525.921
469-0	SPK3012	Continuing	469	а:,	а	linguistic		Prolongation=0	Begin=526.550|End=527.108
470-0	SPK3012	Continuing	470	той	той	linguistic			Begin=527.206
470-1	SPK3012	Continuing	470	жиырма,	жиырма	linguistic			End=528.043
471-0	SPK3012	Falling	471	екісі	екісі	linguistic			Begin=528.048
471-1	SPK3012	Falling	471	ғой	ғой	linguistic			
471-2	SPK3012	Falling	471	деймін.	деймін	linguistic			End=529.283
472-0	SPK3013	Falling	472	Мхм.	Мхм	linguistic			Begin=529.056|End=529.743
473-0	SPK3012	Continuing	473	Жиырма	Жиырма	linguistic			Begin=530.149
473-1	SPK3012	Continuing	473	екісі	екісі	linguistic			
473-2	SPK3012	Continuing	473	тойға	тойға	linguistic			
473-3	SPK3012	Continuing	473	барады,	барады	linguistic			End=530.995
474-0	SPK3012	Continuing	474	одан	одан	linguistic			Begin=531.014
474-1	SPK3012	Continuing	474	¬Шырай	Шырай	linguistic		Anonymized=Yes	
474-2	SPK3012	Continuing	474	келеді	келеді	linguistic			
474-3	SPK3012	Continuing	474	де,	де	linguistic			End=532.475
475-0	SPK3012	Continuing	475	жиырма	жиырма	linguistic			Begin=532.500
475-1	SPK3012	Continuing	475	үші,	үші	linguistic			End=533.201
476-0	SPK3012	Continuing	476	жиырма	жиырма	linguistic			Begin=533.201
476-1	SPK3012	Continuing	476	төртінде	төртінде	linguistic			
476-2	SPK3012	Continuing	476	ме,	ме	linguistic			End=534.057
477-0	SPK3012	Falling	477	бір	бір	linguistic			Begin=534.057
477-1	SPK3012	Falling	477	күні	күні	linguistic			
477-2	SPK3012	Falling	477	тағы	тағы	linguistic			
477-3	SPK3012	Falling	477	тойға	тойға	linguistic			
477-4	SPK3012	Falling	477	барады.	барады	linguistic			End=535.168
478-0	SPK3012	Continuing	478	¬Самал	Самал	linguistic		Anonymized=Yes	Begin=535.528
478-1	SPK3012	Continuing	478	деген	деген	linguistic			
478-2	SPK3012	Continuing	478	қыз	қыз	linguistic			
478-3	SPK3012	Continuing	478	бар,	бар	linguistic			End=536.466
479-0	SPK3012	Falling	479	Ақсуатта	Ақсуатта	linguistic			Begin=536.466
479-1	SPK3012	Falling	479	¬Самал	Самал	linguistic		Anonymized=Yes	
479-2	SPK3012	Falling	479	деген	деген	linguistic			
479-3	SPK3012	Falling	479	қыз	қыз	linguistic			
479-4	SPK3012	Falling	479	бар.	бар	linguistic			End=537.543
480-0	SPK3012	Continuing	480	Соның	Соның	linguistic			Begin=538.331
480-1	SPK3012	Continuing	480	тойына,	тойына	linguistic			End=539.105
481-0	SPK3012	Falling	481	подружка	подружка	linguistic			Begin=539.105
481-1	SPK3012	Falling	481	невесты.	невесты	linguistic			End=540.048
482-0	SPK3013	Continuing	482	¬Сая,	Сая	linguistic		Anonymized=Yes	Begin=542.644|End=543.173
483-0	SPK3013	Continuing	483	олар	олар	linguistic			Begin=543.677
483-1	SPK3013	Continuing	483	Қытайға,	Қытайға	linguistic			End=544.469
484-0	SPK3013	Rising	484	неменеге	неменеге	linguistic			Begin=544.469
484-1	SPK3013	Rising	484	барады?	барады	linguistic			End=545.627
485-0	SPK3012	Rising	485	Білмеймін?	Білмеймін	linguistic			Begin=546.514|End=547.398
486-0	SPK3012	Falling	486	¬Бибарыс	Бибарыс	linguistic		Anonymized=Yes	Begin=547.779
486-1	SPK3012	Falling	486	барғысы	барғысы	linguistic			
486-2	SPK3012	Falling	486	келетін	келетін	linguistic			
486-3	SPK3012	Falling	486	шығар.	шығар	linguistic			End=548.792
487-0	SPK3013	Falling	487	#####.	#####	unknown			Begin=547.985|End=549.394
488-0	SPK3012	Falling	488	¬Бибарыс	Бибарыс	linguistic		Anonymized=Yes	Begin=549.375
488-1	SPK3012	Falling	488	барғысы	барғысы	linguistic			
488-2	SPK3012	Falling	488	келіп	келіп	linguistic			
488-3	SPK3012	Falling	488	жүр.	жүр	linguistic			End=550.894
489-0	SPK3013	Rising	489	Жоқ	Жоқ	linguistic			Begin=550.421
489-1	SPK3013	Rising	489	Қырғызстанда	Қырғызстанда	linguistic			
489-2	SPK3013	Rising	489	Ыстықкөлге	Ыстықкөлге	linguistic			
489-3	SPK3013	Rising	489	барады	барады	linguistic			
489-4	SPK3013	Rising	489	ма?	ма	linguistic			End=552.132
490-0	SPK3013	Falling	490	Иссыкульге.	Иссыкульге	linguistic			Begin=552.190|End=553.068
491-0	SPK3012	Continuing	491	Солай,	Солай	linguistic			Begin=552.461|End=553.111
492-0	SPK3012	Falling	492	солай	солай	linguistic			Begin=553.111
492-1	SPK3012	Falling	492	шығар.	шығар	linguistic			End=553.893
493-0	SPK3012	Falling	493	Или	Или	linguistic			Begin=553.908
493-1	SPK3012	Falling	493	Бишкек	Бишкек	linguistic			
493-2	SPK3012	Falling	493	может.	может	linguistic			End=554.913
494-0	SPK3013	Continuing	494	Ты	Ты	linguistic			Begin=554.697
494-1	SPK3013	Continuing	494	узнай	узнай	linguistic			
494-2	SPK3013	Continuing	494	этот,	этот	linguistic			End=555.549
495-0	SPK3013	Continuing	495	немене,	немене	linguistic			Begin=555.549|End=556.403
496-0	SPK3013	Continuing	496	соткадан	соткадан	linguistic			Begin=557.462
496-1	SPK3013	Continuing	496	білесің	білесің	linguistic			
496-2	SPK3013	Continuing	496	бе,	бе	linguistic			End=558.256
497-0	SPK3013	Rising	497	Иссыкульге	Иссыкульге	linguistic			Begin=558.259
497-1	SPK3013	Rising	497	немене	немене	linguistic			
497-2	SPK3013	Rising	497	керек	керек	linguistic			
497-3	SPK3013	Rising	497	пе?	пе	linguistic			End=559.715
498-0	SPK3012	undefined	498	(H)	(H)	_			Begin=560.312|End=560.754
499-0	SPK3012	Continuing	499	Мен	Мен	linguistic			Begin=560.759
499-1	SPK3012	Continuing	499	немене	немене	linguistic			
499-2	SPK3012	Continuing	499	көрдім,	көрдім	linguistic			End=561.788
500-0	SPK3012	Continuing	500	А:,	А	linguistic		Prolongation=0	Begin=562.337|End=562.690
501-0	SPK3013	Continuing	501	Виза	Виза	linguistic	_		Begin=562.711|End=563.360
502-0	SPK3012	Continuing	502	какой-то	какой-то	linguistic	_		Begin=562.711|End=563.432
503-0	SPK3013	Continuing	503	ай-,	ай	linguistic		Interrupted=Yes	Begin=563.361|End=563.911
504-0	SPK3012	Falling	504	виза	виза	linguistic			Begin=564.475
504-1	SPK3012	Falling	504	керек	керек	linguistic			
504-2	SPK3012	Falling	504	жоқ	жоқ	linguistic			
504-3	SPK3012	Falling	504	қой	қой	linguistic			
504-4	SPK3012	Falling	504	деймін.	деймін	linguistic			End=565.539
505-0	SPK3013	Rising	505	Загран	Загран	linguistic			Begin=564.543
505-1	SPK3013	Rising	505	паспорт	паспорт	linguistic			
505-2	SPK3013	Rising	505	керек	керек	linguistic			
505-3	SPK3013	Rising	505	пе?	пе	linguistic			End=565.932
506-0	SPK3012	Falling	506	Керек	Керек	linguistic			Begin=565.687
506-1	SPK3012	Falling	506	жоқ	жоқ	linguistic			
506-2	SPK3012	Falling	506	қой	қой	linguistic			
506-3	SPK3012	Falling	506	деймін.	деймін	linguistic			End=566.269
507-0	SPK3012	Continuing	507	Білмеймін,	Білмеймін	linguistic			Begin=566.269|End=566.581
508-0	SPK3012	Continuing	508	қазір	қазір	linguistic			Begin=566.581
508-1	SPK3012	Continuing	508	қараймын,	қараймын	linguistic			End=567.453
509-0	SPK3012	Continuing	509	немене,	немене	linguistic			Begin=567.453|End=568.015
510-0	SPK3012	Continuing	510	а:,	а	linguistic		Prolongation=0	Begin=568.052|End=568.552
511-0	SPK3012	Continuing	511	бір	бір	linguistic			Begin=568.552
511-1	SPK3012	Continuing	511	видео	видео	linguistic			
511-2	SPK3012	Continuing	511	жіберді	жіберді	linguistic			
511-3	SPK3012	Continuing	511	типа,	типа	linguistic			End=569.553
512-0	SPK3012	Interrupted	512	жаңадан—	жаңадан	linguistic		Interrupted=Yes	Begin=570.333|End=570.999
513-0	SPK3014	Rising	513	Мама	Мама	linguistic			Begin=571.108
513-1	SPK3014	Rising	513	мынаны	мынаны	linguistic			
513-2	SPK3014	Rising	513	көрдің	көрдің	linguistic			
513-3	SPK3014	Rising	513	бе	бе	linguistic			
513-4	SPK3014	Rising	513	ей?	ей	linguistic			End=572.420
514-0	SPK3014	Falling	514	#.	#	unknown			Begin=573.825|End=574.463
515-0	SPK3013	Falling	515	А.	А	linguistic			Begin=574.479|End=575.398
516-0	SPK3014	Falling	516	Светті.	Светті	linguistic			Begin=574.891|End=575.858
517-0	SPK3013	Continuing	517	Ойбай,	Ойбай	linguistic			Begin=576.497|End=576.986
518-0	SPK3013	Continuing	518	папа	папа	linguistic			Begin=576.986
518-1	SPK3013	Continuing	518	екеуің	екеуің	linguistic			
518-2	SPK3013	Continuing	518	бөлісіп	бөлісіп	linguistic			
518-3	SPK3013	Continuing	518	жүрсіңдер	жүрсіңдер	linguistic			
518-4	SPK3013	Continuing	518	ме,	ме	linguistic			End=578.061
519-0	SPK3013	Continuing	519	қазір	қазір	linguistic			Begin=578.061
519-1	SPK3013	Continuing	519	подожди,	подожди	linguistic			End=578.536
520-0	SPK3013	Continuing	520	мен	мен	linguistic			Begin=578.536
520-1	SPK3013	Continuing	520	жуып	жуып	linguistic			
520-2	SPK3013	Continuing	520	алайын,	алайын	linguistic			End=579.169
521-0	SPK3013	Falling	521	#######.	#######	unknown			Begin=579.169|End=579.946
522-0	SPK3012	Continuing	522	Немене,	Немене	linguistic			Begin=580.560|End=580.986
523-0	SPK3012	Continuing	523	ы:,	ы	linguistic		Prolongation=0	Begin=580.986|End=581.533
524-0	SPK3012	Continuing	524	какой-то	какой-то	linguistic			Begin=581.613
524-1	SPK3012	Continuing	524	автобус,	автобус	linguistic			End=582.356
525-0	SPK3012	Continuing	525	па:,	па	linguistic		Prolongation=1	Begin=582.389|End=582.737
526-0	SPK3012	Continuing	526	или:,	или	linguistic		Prolongation=2	Begin=582.739|End=583.448
527-0	SPK3012	Continuing	527	пойыз	пойыз	linguistic			Begin=583.783
527-1	SPK3012	Continuing	527	ба,	ба	linguistic			End=584.668
528-0	SPK3012	Continuing	528	жүргізіпті	жүргізіпті	linguistic			Begin=584.746
528-1	SPK3012	Continuing	528	типа,	типа	linguistic			End=585.893
529-0	SPK3013	Rising	529	Иссыкульге	Иссыкульге	linguistic			Begin=585.729
529-1	SPK3013	Rising	529	иә?	иә	linguistic			End=587.027
530-0	SPK3012	Continuing	530	вот	вот	linguistic			Begin=585.893
530-1	SPK3012	Continuing	530	такой,	такой	linguistic			End=586.437
531-0	SPK3012	Falling	531	классный	классный	linguistic			Begin=587.019
531-1	SPK3012	Falling	531	да.	да	linguistic			End=587.993
532-0	SPK3013	Rising	532	Вот	Вот	linguistic			Begin=588.882
532-1	SPK3013	Rising	532	мен	мен	linguistic			
532-2	SPK3013	Rising	532	соны	соны	linguistic			
532-3	SPK3013	Rising	532	ойлап	ойлап	linguistic			
532-4	SPK3013	Rising	532	тұрмын	тұрмын	linguistic			
532-5	SPK3013	Rising	532	да?	да	linguistic			End=590.603
533-0	SPK3013	Continuing	533	Может,	Может	linguistic			Begin=591.149|End=591.891
534-0	SPK3013	Falling	534	Алакөлге	Алакөлге	linguistic			Begin=591.891
534-1	SPK3013	Falling	534	де	де	linguistic			
534-2	SPK3013	Falling	534	не	не	linguistic			
534-3	SPK3013	Falling	534	надо.	надо	linguistic			End=593.052
535-0	SPK3012	Continuing	535	Бомба	Бомба	linguistic			Begin=593.090
535-1	SPK3012	Continuing	535	тұр	тұр	linguistic			
535-2	SPK3012	Continuing	535	ғой,	ғой	linguistic			End=593.723
536-0	SPK3012	Falling	536	жейсің	жейсің	linguistic			Begin=593.723
536-1	SPK3012	Falling	536	бе	бе	linguistic			
536-2	SPK3012	Falling	536	мороженое.	мороженое	linguistic			End=594.500
537-0	SPK3014	Falling	537	A.	A	linguistic			Begin=594.354|End=594.843
538-0	SPK3012	Falling	538	Менікін	Менікін	linguistic			Begin=594.500
538-1	SPK3012	Falling	538	жей	жей	linguistic			
538-2	SPK3012	Falling	538	бер.	бер	linguistic			End=595.344
539-0	SPK3012	Falling	539	¬Сәкенге	Сәкенге	linguistic		Anonymized=Yes	Begin=596.074
539-1	SPK3012	Falling	539	айтамын.	айтамын	linguistic			End=597.407
540-0	SPK3014	undefined	540	BEGINS_IMITATING_MONKEY_NOISES	BEGINS_IMITATING_MONKEY_NOISES	paraverbal	_		Begin=597.036|End=600.350
541-0	SPK3014	Continuing	541	Ой	Ой	linguistic			Begin=600.512
541-1	SPK3014	Continuing	541	¬Сая	Сая	linguistic		Anonymized=Yes	
541-2	SPK3014	Continuing	541	братан,	братан	linguistic			End=601.715
542-0	SPK3014	Continuing	542	лучший,	лучший	linguistic			Begin=601.715|End=602.475
543-0	SPK3014	Falling	543	қойшы	қойшы	linguistic			Begin=602.600
543-1	SPK3014	Falling	543	сасықсың	сасықсың	linguistic			
543-2	SPK3014	Falling	543	қойшы.	қойшы	linguistic			End=604.452
544-0	SPK3012	Falling	544	########.	########	unknown			Begin=603.848|End=605.168
545-0	SPK3013	Falling	545	##########.	##########	unknown			Begin=605.672|End=608.097
546-0	SPK3014	Falling	546	###.	###	unknown			Begin=608.002|End=609.534
547-0	SPK3012	Falling	547	######.	######	unknown			Begin=610.025|End=611.570
548-0	SPK3014	Continuing	548	Мен	Мен	linguistic			Begin=611.750
548-1	SPK3014	Continuing	548	қайдан	қайдан	linguistic			
548-2	SPK3014	Continuing	548	білемін,	білемін	linguistic			End=613.008
549-0	SPK3014	Falling	549	####.	####	unknown			Begin=613.008|End=614.162
550-0	SPK3013	Continuing	550	Әйту	Әйту	linguistic			Begin=615.389
550-1	SPK3013	Continuing	550	оятқанда,	оятқанда	linguistic			End=616.405
551-0	SPK3013	Continuing	551	ұйықылы	ұйықылы	linguistic			Begin=616.405
551-1	SPK3013	Continuing	551	ояу	ояу	linguistic			
551-2	SPK3013	Continuing	551	келіп,	келіп	linguistic			End=617.027
552-0	SPK3013	Falling	552	қарашы	қарашы	linguistic			Begin=617.027
552-1	SPK3013	Falling	552	бүйтіп	бүйтіп	linguistic			
552-2	SPK3013	Falling	552	тұрасың	тұрасың	linguistic			
552-3	SPK3013	Falling	552	ғой	ғой	linguistic			
552-4	SPK3013	Falling	552	¬Сәкен	Сәкен	linguistic		Anonymized=Yes	
552-5	SPK3013	Falling	552	қарашы.	қарашы	linguistic			End=618.360
553-0	SPK3013	undefined	553	PARODIZES_HER_SON	PARODIZES_HER_SON	paraverbal	_		Begin=618.614|End=619.689
554-0	SPK3013	Continuing	554	Аю	Аю	linguistic			Begin=619.689
554-1	SPK3013	Continuing	554	ұқсап,	ұқсап	linguistic			End=620.454
555-0	SPK3013	Falling	555	бүйтіп	бүйтіп	linguistic			Begin=620.482
555-1	SPK3013	Falling	555	келесің	келесің	linguistic			
555-2	SPK3013	Falling	555	де	де	linguistic			
555-3	SPK3013	Falling	555	жатасың.	жатасың	linguistic			End=622.066
556-0	SPK3014	Falling	556	Не	Не	linguistic			Begin=622.525
556-1	SPK3014	Falling	556	смешно.	смешно	linguistic			End=623.433
557-0	SPK3013	Continuing	557	Күнге,	Күнге	linguistic			Begin=623.782|End=624.519
558-0	SPK3013	Interrupted	558	сен	сен	linguistic			Begin=624.787
558-1	SPK3013	Interrupted	558	мына	мына	linguistic			
558-2	SPK3013	Interrupted	558	жақта	жақта	linguistic			
558-3	SPK3013	Interrupted	558	күнге—	күнге	linguistic		Interrupted=Yes	End=626.148
559-0	SPK3014	Falling	559	Это	Это	linguistic			Begin=625.371
559-1	SPK3014	Falling	559	чистый	чистый	linguistic			
559-2	SPK3014	Falling	559	же	же	linguistic			
559-3	SPK3014	Falling	559	да.	да	linguistic			End=626.240
560-0	SPK3013	Continuing	560	Отырып	Отырып	linguistic			Begin=626.321
560-1	SPK3013	Continuing	560	жеші,	жеші	linguistic			End=627.135
561-0	SPK3013	Falling	561	мынаны	мынаны	linguistic			Begin=627.148
561-1	SPK3013	Falling	561	түсірме.	түсірме	linguistic			End=627.763
562-0	SPK3014	Rising	562	Чистый	Чистый	linguistic			Begin=627.595
562-1	SPK3014	Rising	562	ма?	ма	linguistic			End=628.222
563-0	SPK3013	Falling	563	Чистый	Чистый	linguistic			Begin=628.087
563-1	SPK3013	Falling	563	иә.	иә	linguistic			End=629.013
564-0	SPK3013	Falling	564	Мынау	Мынау	linguistic			Begin=629.310
564-1	SPK3013	Falling	564	мына	мына	linguistic			
564-2	SPK3013	Falling	564	жақта	жақта	linguistic			
564-3	SPK3013	Falling	564	күнге	күнге	linguistic			
564-4	SPK3013	Falling	564	жатады.	жатады	linguistic			End=630.614
565-0	SPK3014	Falling	565	Не	Не	linguistic			Begin=630.517
565-1	SPK3014	Falling	565	чистый.	чистый	linguistic			End=631.583
566-0	SPK3013	Falling	566	Чистый	Чистый	linguistic			Begin=632.030
566-1	SPK3013	Falling	566	ғой	ғой	linguistic			
566-2	SPK3013	Falling	566	ей.	ей	linguistic			End=632.920
567-0	SPK3014	Falling	567	Су	Су	linguistic			Begin=633.194
567-1	SPK3014	Falling	567	ше.	ше	linguistic			End=634.006
568-0	SPK3012	Falling	568	Төге	Төге	linguistic			Begin=634.655
568-1	SPK3012	Falling	568	салмайсың	салмайсың	linguistic			
568-2	SPK3012	Falling	568	ба.	ба	linguistic			End=636.175
569-0	SPK3013	Continuing	569	Кім,	Кім	linguistic			Begin=635.951|End=636.696
570-0	SPK3014	Falling	570	М:.	М	linguistic		Prolongation=0	Begin=636.734|End=637.524
571-0	SPK3013	Continuing	571	Еще	Еще	linguistic			Begin=639.398
571-1	SPK3013	Continuing	571	ана	ана	linguistic			
571-2	SPK3013	Continuing	571	жақта,	жақта	linguistic			End=640.452
572-0	SPK3013	Continuing	572	содан	содан	linguistic			Begin=640.452
572-1	SPK3013	Continuing	572	ойлып	ойлып	linguistic			
572-2	SPK3013	Continuing	572	қоямын	қоямын	linguistic			
572-3	SPK3013	Continuing	572	менің	менің	linguistic			
572-4	SPK3013	Continuing	572	қызым	қызым	linguistic			
572-5	SPK3013	Continuing	572	күнде,	күнде	linguistic			End=641.817
573-0	SPK3013	Falling	573	күнде	күнде	linguistic			Begin=641.817
573-1	SPK3013	Falling	573	жатады	жатады	linguistic			
573-2	SPK3013	Falling	573	екен	екен	linguistic			
573-3	SPK3013	Falling	573	ғой.	ғой	linguistic			End=642.864
574-0	SPK3012	Continuing	574	Мен,	Мен	linguistic			Begin=645.369|End=645.771
575-0	SPK3012	Continuing	575	мен	мен	linguistic			Begin=645.929
575-1	SPK3012	Continuing	575	келгелі	келгелі	linguistic			
575-2	SPK3012	Continuing	575	бар	бар	linguistic			
575-3	SPK3012	Continuing	575	ғой,	ғой	linguistic			End=647.074
576-0	SPK3012	Falling	576	##	##	unknown			Begin=647.148
576-1	SPK3012	Falling	576	жатқан	жатқан	linguistic			
576-2	SPK3012	Falling	576	жоқпын	жоқпын	linguistic			
576-3	SPK3012	Falling	576	ғой.	ғой	linguistic			End=648.229
577-0	SPK3012	Falling	577	Қонақтар	Қонақтар	linguistic			Begin=648.229
577-1	SPK3012	Falling	577	болды.	болды	linguistic			End=649.511
578-0	SPK3012	Continuing	578	Сен	Сен	linguistic			Begin=650.096
578-1	SPK3012	Continuing	578	Алматыдан	Алматыдан	linguistic			
578-2	SPK3012	Continuing	578	келгелі,	келгелі	linguistic			End=651.389
579-0	SPK3012	Continuing	579	мен,	мен	linguistic			Begin=651.389|End=651.783
580-0	SPK3012	Continuing	580	спальная,	спальная	linguistic			Begin=651.844|End=652.621
581-0	SPK3012	Continuing	581	десткийға	десткийға	linguistic			Begin=652.621
581-1	SPK3012	Continuing	581	ғана	ғана	linguistic			
581-2	SPK3012	Continuing	581	жаттым,	жаттым	linguistic			End=653.500
582-0	SPK3012	Continuing	582	үлкен	үлкен	linguistic			Begin=653.500
582-1	SPK3012	Continuing	582	үйде,	үйде	linguistic			End=654.022
583-0	SPK3012	Continuing	583	всегда	всегда	linguistic			Begin=654.022
583-1	SPK3012	Continuing	583	біреу	біреу	linguistic			
583-2	SPK3012	Continuing	583	болды,	болды	linguistic			End=654.689
584-0	SPK3012	Falling	584	жатқан	жатқан	linguistic			Begin=654.689
584-1	SPK3012	Falling	584	жоқпын	жоқпын	linguistic			
584-2	SPK3012	Falling	584	жо:қ.	жоқ	linguistic		Prolongation=1	End=655.804
585-0	SPK3012	Interrupted	585	Я	Я	linguistic			Begin=657.087
585-1	SPK3012	Interrupted	585	просто	просто	linguistic			
585-2	SPK3012	Interrupted	585	не	не	linguistic			
585-3	SPK3012	Interrupted	585	пом—	пом	linguistic		Interrupted=Yes	End=658.067
586-0	SPK3012	Falling	586	А.	А	linguistic			Begin=658.067|End=658.655
587-0	SPK3012	Continuing	587	Бір	Бір	linguistic			Begin=658.788
587-1	SPK3012	Continuing	587	екі	екі	linguistic			
587-2	SPK3012	Continuing	587	рет	рет	linguistic			
587-3	SPK3012	Continuing	587	иә,	иә	linguistic			End=659.452
588-0	SPK3012	Falling	588	бір	бір	linguistic			Begin=659.452
588-1	SPK3012	Falling	588	екі	екі	linguistic			
588-2	SPK3012	Falling	588	рет	рет	linguistic			
588-3	SPK3012	Falling	588	қана.	қана	linguistic			End=660.391
589-0	SPK3013	Falling	589	Ана.	Ана	linguistic			Begin=662.189|End=663.134
590-0	SPK3013	Continuing	590	####,	####	unknown			Begin=666.236|End=667.258
591-0	SPK3013	Continuing	591	##,	##	unknown			Begin=667.258|End=667.898
592-0	SPK3013	Falling	592	#######.	#######	unknown			Begin=668.906|End=670.941
593-0	SPK3013	Continuing	593	Просто	Просто	linguistic			Begin=671.882
593-1	SPK3013	Continuing	593	ана	ана	linguistic			
593-2	SPK3013	Continuing	593	жолы	жолы	linguistic			
593-3	SPK3013	Continuing	593	әгі	әгі	linguistic			
593-4	SPK3013	Continuing	593	кім,	кім	linguistic			End=672.689
594-0	SPK3013	Rising	594	¬Қымбат	Қымбат	linguistic		Anonymized=Yes	Begin=672.689
594-1	SPK3013	Rising	594	айтты	айтты	linguistic			
594-2	SPK3013	Rising	594	ғой?	ғой	linguistic			End=673.668
595-0	SPK3013	Falling	595	Ұлыңызға	Ұлыңызға	linguistic			Begin=673.668
595-1	SPK3013	Falling	595	загран	загран	linguistic			
595-2	SPK3013	Falling	595	жасап	жасап	linguistic			
595-3	SPK3013	Falling	595	қойсаңызшы	қойсаңызшы	linguistic			
595-4	SPK3013	Falling	595	деп.	деп	linguistic			End=675.837
596-0	SPK3012	Falling	596	Иә.	Иә	linguistic			Begin=676.755|End=677.341
597-0	SPK3013	Continuing	597	####,	####	unknown			Begin=677.848|End=678.930
598-0	SPK3013	Continuing	598	жоқ	жоқ	linguistic			Begin=678.930
598-1	SPK3013	Continuing	598	ана,	ана	linguistic			End=679.614
599-0	SPK3013	Continuing	599	Иссыкульге	Иссыкульге	linguistic			Begin=679.634
599-1	SPK3013	Continuing	599	если,	если	linguistic			End=680.476
600-0	SPK3013	Continuing	600	загран	загран	linguistic			Begin=680.476
600-1	SPK3013	Continuing	600	паспорт	паспорт	linguistic			
600-2	SPK3013	Continuing	600	керек	керек	linguistic			
600-3	SPK3013	Continuing	600	жоқ	жоқ	linguistic			
600-4	SPK3013	Continuing	600	болса,	болса	linguistic			End=682.503
601-0	SPK3013	Rising	601	қарамасам	қарамасам	linguistic			Begin=683.039
601-1	SPK3013	Rising	601	ба	ба	linguistic			
601-2	SPK3013	Rising	601	өзі?	өзі	linguistic			End=683.879
602-0	SPK3013	Continuing	602	Ыстықкөлге	Ыстықкөлге	linguistic			Begin=683.879
602-1	SPK3013	Continuing	602	қалай	қалай	linguistic			
602-2	SPK3013	Continuing	602	баруға	баруға	linguistic			
602-3	SPK3013	Continuing	602	болады,	болады	linguistic			End=685.228
603-0	SPK3013	Continuing	603	ана,	ана	linguistic			Begin=685.241|End=685.496
604-0	SPK3013	Falling	604	гидтар	гидтар	linguistic			Begin=685.504
604-1	SPK3013	Falling	604	немелер.	немелер	linguistic			End=686.502
605-0	SPK3013	Continuing	605	Жасайды	Жасайды	linguistic			Begin=686.810
605-1	SPK3013	Continuing	605	ғой	ғой	linguistic			
605-2	SPK3013	Continuing	605	типа	типа	linguistic			
605-3	SPK3013	Continuing	605	немелер,	немелер	linguistic			End=688.550
606-0	SPK3012	Falling	606	Тур	Тур	linguistic			Begin=688.398
606-1	SPK3012	Falling	606	секілді.	секілді	linguistic			End=689.781
607-0	SPK3013	Falling	607	##	##	unknown			Begin=688.737
607-1	SPK3013	Falling	607	секілді.	секілді	linguistic			End=690.223
608-0	SPK3012	Falling	608	М.	М	linguistic			Begin=689.843|End=691.119
609-0	SPK3013	Rising	609	Қазір	Қазір	linguistic			Begin=694.377
609-1	SPK3013	Rising	609	тыныш	тыныш	linguistic			
609-2	SPK3013	Rising	609	қой	қой	linguistic			
609-3	SPK3013	Rising	609	иә?	иә	linguistic			End=695.617
610-0	SPK3012	Falling	610	¬Сания.	Сания	linguistic		Anonymized=Yes	Begin=694.495|End=695.311
611-0	SPK3013	Rising	611	Қырғызстан	Қырғызстан	linguistic			Begin=695.777
611-1	SPK3013	Rising	611	иә?	иә	linguistic			End=696.608
612-0	SPK3013	Falling	612	шекарасы.	шекарасы	linguistic			Begin=696.608|End=697.510
613-0	SPK3012	Interrupted	613	Қыр—	Қыр	linguistic		Interrupted=Yes	Begin=697.257|End=697.812
614-0	SPK3012	Rising	614	Иә?	Иә	linguistic			Begin=697.820|End=698.770
615-0	SPK3012	Falling	615	Ештеңе	Ештеңе	linguistic			Begin=698.770
615-1	SPK3012	Falling	615	болмайды	болмайды	linguistic			
615-2	SPK3012	Falling	615	ғой.	ғой	linguistic			End=699.967
616-0	SPK3013	Falling	616	Соны	Соны	linguistic			Begin=699.320
616-1	SPK3013	Falling	616	айтамын.	айтамын	linguistic			End=700.137
617-0	SPK3012	Continuing	617	Мен,	Мен	linguistic			Begin=701.187|End=701.796
618-0	SPK3012	Continuing	618	немене,	немене	linguistic			Begin=701.796|End=702.437
619-0	SPK3012	Continuing	619	¬Сания,	Сания	linguistic		Anonymized=Yes	Begin=702.744|End=703.304
620-0	SPK3012	Falling	620	ММЖ-сын	ММЖ-сын	linguistic			Begin=703.304
620-1	SPK3012	Falling	620	алыпты.	алыпты	linguistic			End=704.265
621-0	SPK3013	Falling	621	Алып	Алып	linguistic			Begin=704.686
621-1	SPK3013	Falling	621	па.	па	linguistic			End=705.626
622-0	SPK3013	Falling	622	Ну	Ну	linguistic			Begin=705.626
622-1	SPK3013	Falling	622	молодец	молодец	linguistic			
622-2	SPK3013	Falling	622	(H).	(H)	_			End=707.063
623-0	SPK3013	Continuing	623	Енді	Енді	linguistic			Begin=707.063
623-1	SPK3013	Continuing	623	ол	ол	linguistic			
623-2	SPK3013	Continuing	623	недеген	недеген	linguistic			
623-3	SPK3013	Continuing	623	сөз	сөз	linguistic			
623-4	SPK3013	Continuing	623	енді	енді	linguistic			
623-5	SPK3013	Continuing	623	ол,	ол	linguistic			End=708.546
624-0	SPK3013	Falling	624	сол	сол	linguistic			Begin=708.546
624-1	SPK3013	Falling	624	жерде	жерде	linguistic			
624-2	SPK3013	Falling	624	қала	қала	linguistic			
624-3	SPK3013	Falling	624	береді	береді	linguistic			
624-4	SPK3013	Falling	624	ме.	ме	linguistic			End=709.781
625-0	SPK3012	Rising	625	Енді?	Енді	linguistic			Begin=709.210|End=709.765
626-0	SPK3012	Continuing	626	Мен,	Мен	linguistic			Begin=709.765|End=710.679
627-0	SPK3012	Continuing	627	мне	мне	linguistic			Begin=710.686
627-1	SPK3012	Continuing	627	легче	легче	linguistic			
627-2	SPK3012	Continuing	627	получить	получить	linguistic			
627-3	SPK3012	Continuing	627	визу	визу	linguistic			
627-4	SPK3012	Continuing	627	в	в	linguistic			
627-5	SPK3012	Continuing	627	Литву,	Литву	linguistic			End=712.421
628-0	SPK3012	Continuing	628	потому	потому	linguistic			Begin=712.421
628-1	SPK3012	Continuing	628	что	что	linguistic			
628-2	SPK3012	Continuing	628	я	я	linguistic			
628-3	SPK3012	Continuing	628	как	как	linguistic			
628-4	SPK3012	Continuing	628	типа	типа	linguistic			
628-5	SPK3012	Continuing	628	могу,	могу	linguistic			End=714.054
629-0	SPK3012	Falling	629	как	как	linguistic			Begin=714.060
629-1	SPK3012	Falling	629	друзьям	друзьям	linguistic			
629-2	SPK3012	Falling	629	еду.	еду	linguistic			End=715.346
630-0	SPK3012	Falling	630	##.	##	unknown			Begin=715.886|End=716.451
631-0	SPK3013	Continuing	631	Анандай	Анандай	linguistic			Begin=716.285
631-1	SPK3013	Continuing	631	друзья,	друзья	linguistic			End=717.160
632-0	SPK3012	Continuing	632	Через	Через	linguistic			Begin=716.493
632-1	SPK3012	Continuing	632	семьи,	семьи	linguistic			End=717.842
633-0	SPK3012	Continuing	633	родственники,	родственники	linguistic			Begin=717.875|End=718.654
634-0	SPK3012	Continuing	634	и	и	linguistic			Begin=718.660
634-1	SPK3012	Continuing	634	друзья	друзья	linguistic			
634-2	SPK3012	Continuing	634	деген	деген	linguistic			
634-3	SPK3012	Continuing	634	тоже	тоже	linguistic			
634-4	SPK3012	Continuing	634	қосылып	қосылып	linguistic			
634-5	SPK3012	Continuing	634	тұр	тұр	linguistic			
634-6	SPK3012	Continuing	634	екен,	екен	linguistic			End=720.101
635-0	SPK3012	Continuing	635	иә,	иә	linguistic			Begin=720.109|End=720.494
636-0	SPK3012	Continuing	636	жіберді	жіберді	linguistic			Begin=720.561
636-1	SPK3012	Continuing	636	бір	бір	linguistic			
636-2	SPK3012	Continuing	636	немене,	немене	linguistic			End=721.273
637-0	SPK3012	Continuing	637	правила	правила	linguistic			Begin=721.303
637-1	SPK3012	Continuing	637	ма	ма	linguistic			
637-2	SPK3012	Continuing	637	бірдеңесін,	бірдеңесін	linguistic			End=722.175
638-0	SPK3012	Falling	638	визаның.	визаның	linguistic			Begin=722.175|End=722.884
639-0	SPK3013	Falling	639	М:.	М	linguistic		Prolongation=0	Begin=723.738|End=724.351
640-0	SPK3012	Continuing	640	Вот,	Вот	linguistic			Begin=725.118|End=725.595
641-0	SPK3012	Continuing	641	и,	и	linguistic			Begin=725.654|End=726.228
642-0	SPK3012	Continuing	642	мен	мен	linguistic			Begin=726.574
642-1	SPK3012	Continuing	642	просто,	просто	linguistic			End=726.946
643-0	SPK3012	Continuing	643	айттым	айттым	linguistic			Begin=726.946
643-1	SPK3012	Continuing	643	ба,	ба	linguistic			End=727.631
644-0	SPK3012	Continuing	644	неменеге,	неменеге	linguistic			Begin=727.631|End=728.136
645-0	SPK3012	Continuing	645	либо	либо	linguistic			Begin=728.960
645-1	SPK3012	Continuing	645	Грузияға,	Грузияға	linguistic			End=729.642
646-0	SPK3012	Continuing	646	либо	либо	linguistic			Begin=729.647
646-1	SPK3012	Continuing	646	Литваға	Литваға	linguistic			
646-2	SPK3012	Continuing	646	барамыз	барамыз	linguistic			
646-3	SPK3012	Continuing	646	деп	деп	linguistic			
646-4	SPK3012	Continuing	646	октябрьде,	октябрьде	linguistic			End=731.306
647-0	SPK3012	Continuing	647	и	и	linguistic			Begin=732.081
647-1	SPK3012	Continuing	647	мен	мен	linguistic			
647-2	SPK3012	Continuing	647	тосқанмын,	тосқанмын	linguistic			End=732.884
648-0	SPK3012	Continuing	648	¬Санияның,	Санияның	linguistic		Anonymized=Yes	Begin=732.946|End=733.523
649-0	SPK3012	Continuing	649	ММЖ-сын,	ММЖ-сын	linguistic			Begin=733.529|End=734.190
650-0	SPK3012	Continuing	650	чтобы,	чтобы	linguistic			Begin=734.363|End=734.744
651-0	SPK3012	Continuing	651	вдруг	вдруг	linguistic			Begin=734.904
651-1	SPK3012	Continuing	651	мен,	мен	linguistic			End=735.982
652-0	SPK3012	Continuing	652	а,	а	linguistic			Begin=735.982|End=736.252
653-0	SPK3012	Continuing	653	Литваға	Литваға	linguistic			Begin=736.256
653-1	SPK3012	Continuing	653	там	там	linguistic			
653-2	SPK3012	Continuing	653	үш	үш	linguistic			
653-3	SPK3012	Continuing	653	жүз	жүз	linguistic			
653-4	SPK3012	Continuing	653	мыңға	мыңға	linguistic			
653-5	SPK3012	Continuing	653	билет	билет	linguistic			
653-6	SPK3012	Continuing	653	алып	алып	linguistic			
653-7	SPK3012	Continuing	653	қоямын,	қоямын	linguistic			End=738.065
654-0	SPK3012	Continuing	654	туда	туда	linguistic			Begin=738.065
654-1	SPK3012	Continuing	654	обратно,	обратно	linguistic			End=738.735
655-0	SPK3012	Continuing	655	оказывается,	оказывается	linguistic			Begin=738.735|End=739.369
656-0	SPK3012	Falling	656	октябрьге	октябрьге	linguistic			Begin=739.603
656-1	SPK3012	Falling	656	үш	үш	linguistic			
656-2	SPK3012	Falling	656	жүз	жүз	linguistic			
656-3	SPK3012	Falling	656	мың	мың	linguistic			
656-4	SPK3012	Falling	656	екен.	екен	linguistic			End=740.713
657-0	SPK3012	Falling	657	Туда	Туда	linguistic			Begin=741.102
657-1	SPK3012	Falling	657	обратно.	обратно	linguistic			End=742.022
658-0	SPK3013	Falling	658	Недеген	Недеген	linguistic			Begin=742.580
658-1	SPK3013	Falling	658	қымбат	қымбат	linguistic			
658-2	SPK3013	Falling	658	ей	ей	linguistic			
658-3	SPK3013	Falling	658	билеті.	билеті	linguistic			End=744.445
659-0	SPK3012	Rising	659	Қымбат	Қымбат	linguistic			Begin=744.396
659-1	SPK3012	Rising	659	па?	па	linguistic			End=745.090
660-0	SPK3012	Falling	660	Пойдет.	Пойдет	linguistic			Begin=745.498|End=746.175
661-0	SPK3012	Falling	661	Одан	Одан	linguistic			Begin=746.330
661-1	SPK3012	Falling	661	да	да	linguistic			
661-2	SPK3012	Falling	661	қымбатырақ	қымбатырақ	linguistic			
661-3	SPK3012	Falling	661	болған	болған	linguistic			
661-4	SPK3012	Falling	661	бұрында.	бұрында	linguistic			End=747.697
662-0	SPK3013	Continuing	662	##,	##	unknown			Begin=747.648|End=748.070
663-0	SPK3013	Continuing	663	Турцияға	Турцияға	linguistic			Begin=748.070
663-1	SPK3013	Continuing	663	мысалы,	мысалы	linguistic			End=748.998
664-0	SPK3013	Continuing	664	алдыннан	алдыннан	linguistic			Begin=749.029
664-1	SPK3013	Continuing	664	алсаң,	алсаң	linguistic			End=750.125
665-0	SPK3013	Continuing	665	жүз	жүз	linguistic			Begin=750.142
665-1	SPK3013	Continuing	665	елу	елу	linguistic			
665-2	SPK3013	Continuing	665	мыңға,	мыңға	linguistic			End=751.077
666-0	SPK3013	Falling	666	сондайға	сондайға	linguistic			Begin=751.077
666-1	SPK3013	Falling	666	аласың	аласың	linguistic			
666-2	SPK3013	Falling	666	ғой	ғой	linguistic			
666-3	SPK3013	Falling	666	дегенім	дегенім	linguistic			
666-4	SPK3013	Falling	666	ғой.	ғой	linguistic			End=752.607
667-0	SPK3012	Continuing	667	Грузияға,	Грузияға	linguistic			Begin=752.089|End=753.238
668-0	SPK3012	Continuing	668	где-то,	где-то	linguistic			Begin=753.386|End=754.147
669-0	SPK3012	Continuing	669	жүз	жүз	linguistic			Begin=754.147
669-1	SPK3012	Continuing	669	елу	елу	linguistic			
669-2	SPK3012	Continuing	669	мың:,	мың	linguistic		Prolongation=2	End=755.495
670-0	SPK3013	Rising	670	Елу	Елу	linguistic			Begin=754.229
670-1	SPK3013	Rising	670	мың	мың	linguistic			
670-2	SPK3013	Rising	670	дейді?	дейді	linguistic			End=755.503
671-0	SPK3012	Continuing	671	жоқ,	жоқ	linguistic			Begin=755.720|End=756.607
672-0	SPK3012	Falling	672	это	это	linguistic			Begin=756.611
672-1	SPK3012	Falling	672	зависит	зависит	linguistic			
672-2	SPK3012	Falling	672	еще	еще	linguistic			
672-3	SPK3012	Falling	672	Атыраудан	Атыраудан	linguistic			
672-4	SPK3012	Falling	672	алсаң	алсаң	linguistic			
672-5	SPK3012	Falling	672	мысалы.	мысалы	linguistic			End=758.125
673-0	SPK3012	Continuing	673	Қай	Қай	linguistic			Begin=758.445
673-1	SPK3012	Continuing	673	қала	қала	linguistic			
673-2	SPK3012	Continuing	673	а:,	а	linguistic		Prolongation=0	End=759.729
674-0	SPK3012	Falling	674	қай	қай	linguistic			Begin=759.862
674-1	SPK3012	Falling	674	күні	күні	linguistic			
674-2	SPK3012	Falling	674	аласың.	аласың	linguistic			End=761.592
675-0	SPK3013	Continuing	675	А,	А	linguistic			Begin=759.894|End=760.439
676-0	SPK3013	Continuing	676	Кутаиси	Кутаиси	linguistic			Begin=760.455
676-1	SPK3013	Continuing	676	деген,	деген	linguistic			End=761.403
677-0	SPK3013	Rising	677	елдің	елдің	linguistic			Begin=761.403
677-1	SPK3013	Rising	677	бәрі	бәрі	linguistic			
677-2	SPK3013	Rising	677	сонда	сонда	linguistic			
677-3	SPK3013	Rising	677	барады	барады	linguistic			
677-4	SPK3013	Rising	677	ғой?	ғой	linguistic			End=762.422
678-0	SPK3013	Continuing	678	Сол	Сол	linguistic			Begin=762.445
678-1	SPK3013	Continuing	678	Астанадан	Астанадан	linguistic			
678-2	SPK3013	Continuing	678	Кутисиға,	Кутисиға	linguistic			End=763.527
679-0	SPK3013	Continuing	679	елу	елу	linguistic			Begin=763.527
679-1	SPK3013	Continuing	679	мың	мың	linguistic			
679-2	SPK3013	Continuing	679	екен,	екен	linguistic			End=764.086
680-0	SPK3013	Continuing	680	барып	барып	linguistic			Begin=764.086
680-1	SPK3013	Continuing	680	қайтқан,	қайтқан	linguistic			End=764.536
681-0	SPK3013	Falling	681	еще	еще	linguistic			Begin=764.536
681-1	SPK3013	Falling	681	осы	осы	linguistic			
681-2	SPK3013	Falling	681	сезонда.	сезонда	linguistic			End=765.527
