token_id	speaker	iu_type	tu_id	span	form	type	modality	features	align
0-0	SPK7002	Rising	0	құрамы	құрамы	linguistic	_		Begin=0.000
0-1	SPK7002	Rising	0	қандай	қандай	linguistic	_		End=1.200
1-0	SPK7003	undefined	1	(Hx)	(Hx)	_	_		Begin=1.725|End=2.259
2-0	SPK7003	Falling	2	эластан	эластан	linguistic	_		Begin=3.081|End=3.730
3-0	SPK7002	Rising	3	неше	неше	linguistic	_		Begin=4.270
3-1	SPK7002	Rising	3	эластаны	эластаны	linguistic	_		End=5.510
4-0	SPK7003	Continuing	4	жазды	жазды	linguistic	_		Begin=5.239
4-1	SPK7003	Continuing	4	ғой	ғой	linguistic	_		End=5.773
5-0	SPK7003	Falling	5	cotton	cotton	linguistic	_		Begin=5.773
5-1	SPK7003	Falling	5	эластан	эластан	linguistic	_		
5-2	SPK7003	Falling	5	дейді	дейді	linguistic	_		End=6.831
6-0	SPK7002	Continuing	6	енді	енді	linguistic	_		Begin=8.410
6-1	SPK7002	Continuing	6	белгілі	белгілі	linguistic	_		
6-2	SPK7002	Continuing	6	ғой	ғой	linguistic	_		End=9.220
7-0	SPK7002	Falling	7	эластан	эластан	linguistic	_		Begin=9.230
7-1	SPK7002	Falling	7	қосылатыны	қосылатыны	linguistic	_		End=10.180
8-0	SPK7003	Falling	8	иә	иә	linguistic	_		Begin=9.552
8-1	SPK7003	Falling	8	иә	иә	linguistic	_		End=10.129
9-0	SPK7003	Continuing	9	бірақ	бірақ	linguistic	_		Begin=10.129
9-1	SPK7003	Continuing	9	енді	енді	linguistic	_		
9-2	SPK7003	Continuing	9	мен	мен	linguistic	_		
9-3	SPK7003	Continuing	9	білмеймін	білмеймін	linguistic	_		End=10.985
10-0	SPK7002	Rising	10	қанша	қанша	linguistic	_		Begin=10.180
10-1	SPK7002	Rising	10	қосылған	қосылған	linguistic	_		End=11.540
11-0	SPK7003	Continuing	11	ж-	ж	linguistic	_	Interrupted=Yes	Begin=10.985
11-1	SPK7003	Continuing	11	несі	несі	linguistic	_		End=11.687
12-0	SPK7003	Continuing	12	қоспасы	қоспасы	linguistic	_		Begin=11.687
12-1	SPK7003	Continuing	12	жазылып	жазылып	linguistic	_		
12-2	SPK7003	Continuing	12	тұрған	тұрған	linguistic	_		
12-3	SPK7003	Continuing	12	жоқ	жоқ	linguistic	_		End=12.586
13-0	SPK7003	undefined	13	¬Айжан	Айжан	linguistic	_	Anonymized=Yes	Begin=12.586|End=12.893
14-0	SPK7003	Falling	14	пайыз	пайыз	linguistic	_		Begin=13.148
14-1	SPK7003	Falling	14	бойынша	бойынша	linguistic	_		
14-2	SPK7003	Falling	14	жазылып	жазылып	linguistic	_		
14-3	SPK7003	Falling	14	тұрған	тұрған	linguistic	_		
14-4	SPK7003	Falling	14	жоқ	жоқ	linguistic	_		End=14.610
15-0	SPK7002	Rising	15	пайызы	пайызы	linguistic	_		Begin=15.400
15-1	SPK7002	Rising	15	жоқ	жоқ	linguistic	_		
15-2	SPK7002	Rising	15	па	па	linguistic	_		End=16.570
16-0	SPK7003	Continuing	16	пайыз	пайыз	linguistic	_		Begin=16.946
16-1	SPK7003	Continuing	16	жоқ	жоқ	linguistic	_		End=17.326
17-0	SPK7003	Falling	17	иә	иә	linguistic	_		Begin=17.326|End=17.595
18-0	SPK7002	Continuing	18	бірақ	бірақ	linguistic	_		Begin=17.435|End=17.990
19-0	SPK7002	Continuing	19	не	не	linguistic	_		Begin=17.990
19-1	SPK7002	Continuing	19	ғой	ғой	linguistic	_		End=18.560
20-0	SPK7002	Continuing	20	хилфигер	хилфигер	linguistic	_		Begin=18.560|End=19.680
21-0	SPK7002	Continuing	21	ыы	ыы	linguistic	_		Begin=21.060|End=21.560
22-0	SPK7003	Rising	22	көп	көп	linguistic	_		Begin=21.225
22-1	SPK7003	Rising	22	қоспайды	қоспайды	linguistic	_		
22-2	SPK7003	Rising	22	ма	ма	linguistic	_		End=22.249
23-0	SPK7002	Continuing	23	мен	мен	linguistic	_		Begin=21.560|End=21.950
24-0	SPK7002	Continuing	24	иә	иә	linguistic	_		Begin=23.050|End=23.410
25-0	SPK7002	Falling	25	көп	көп	linguistic	_		Begin=23.410
25-1	SPK7002	Falling	25	қоспайды	қоспайды	linguistic	_		End=24.200
26-0	SPK7002	Continuing	26	олардікі	олардікі	linguistic	_		Begin=24.200
26-1	SPK7002	Continuing	26	қанша	қанша	linguistic	_		
26-2	SPK7002	Continuing	26	дегенмен	дегенмен	linguistic	_		End=25.630
27-0	SPK7002	Falling	27	хлопогы	хлопогы	linguistic	_		Begin=25.630
27-1	SPK7002	Falling	27	көбірек	көбірек	linguistic	_		
27-2	SPK7002	Falling	27	болады	болады	linguistic	_		End=27.800
28-0	SPK7003	Falling	28	мақтасы	мақтасы	linguistic	_		Begin=29.254
28-1	SPK7003	Falling	28	мынау	мынау	linguistic	_		End=30.129
29-0	SPK7002	Continuing	29	жаңағы	жаңағы	linguistic	_		Begin=29.880|End=30.530
30-0	SPK7003	Continuing	30	былай	былай	linguistic	_		Begin=30.129
30-1	SPK7003	Continuing	30	жаман	жаман	linguistic	_		
30-2	SPK7003	Continuing	30	емес	емес	linguistic	_		End=31.028
31-0	SPK7002	Continuing	31	иә:	иә	linguistic	_	Prolongation=1	Begin=30.530|End=31.040
32-0	SPK7003	Falling	32	сияқты	сияқты	linguistic	_		Begin=31.028|End=31.595
33-0	SPK7002	Continuing	33	полиэстер	полиэстер	linguistic	_		Begin=31.040|End=31.620
34-0	SPK7002	Falling	34	синтетика	синтетика	linguistic	_		Begin=31.620
34-1	SPK7002	Falling	34	көп	көп	linguistic	_		
34-2	SPK7002	Falling	34	болмайды	болмайды	linguistic	_		End=33.180
35-0	SPK7002	Continuing	35	соны	соны	linguistic	_		Begin=33.853|End=34.320
36-0	SPK7002	Falling	36	ойлап	ойлап	linguistic	_		Begin=34.320
36-1	SPK7002	Falling	36	отырмын	отырмын	linguistic	_		
36-2	SPK7002	Falling	36	да	да	linguistic	_		End=35.240
37-0	SPK7002	Continuing	37	бұл	бұл	linguistic	_		Begin=35.240
37-1	SPK7002	Continuing	37	он	он	linguistic	_		
37-2	SPK7002	Continuing	37	алайын	алайын	linguistic	_		
37-3	SPK7002	Continuing	37	дейді	дейді	linguistic	_		End=36.750
38-0	SPK7002	Falling	38	он	он	linguistic	_		Begin=36.750
38-1	SPK7002	Falling	38	емес	емес	linguistic	_		End=37.660
39-0	SPK7003	Rising	39	он	он	linguistic	_		Begin=37.562
39-1	SPK7003	Rising	39	екі	екі	linguistic	_		
39-2	SPK7003	Rising	39	ме	ме	linguistic	_		End=38.235
40-0	SPK7002	Interrupted	40	он	он	linguistic	_		Begin=38.350
40-1	SPK7002	Interrupted	40	екі	екі	linguistic	_		
40-2	SPK7002	Interrupted	40	алға-	алға	linguistic	_	Interrupted=Yes	End=39.000
41-0	SPK7002	Rising	41	алсақ	алсақ	linguistic	_		Begin=39.000
41-1	SPK7002	Rising	41	қайтеді	қайтеді	linguistic	_		End=39.850
42-0	SPK7002	Continuing	42	себебі	себебі	linguistic	_		Begin=39.850
42-1	SPK7002	Continuing	42	мыналар	мыналар	linguistic	_		End=40.830
43-0	SPK7002	Continuing	43	кішкене	кішкене	linguistic	_		Begin=40.830|End=41.320
44-0	SPK7002	Falling	44	модельдері	модельдері	linguistic	_		Begin=41.320
44-1	SPK7002	Falling	44	приталенный	приталенный	linguistic	_		
44-2	SPK7002	Falling	44	болады	болады	linguistic	_		End=43.010
45-0	SPK7003	Continuing	45	иә	иә	linguistic	_		Begin=43.523
45-1	SPK7003	Continuing	45	иә	иә	linguistic	_		End=43.937
46-0	SPK7003	Falling	46	он	он	linguistic	_		Begin=43.937
46-1	SPK7003	Falling	46	екі	екі	linguistic	_		
46-2	SPK7003	Falling	46	алу	алу	linguistic	_		
46-3	SPK7003	Falling	46	керек	керек	linguistic	_		
46-4	SPK7003	Falling	46	сияқты	сияқты	linguistic	_		End=44.965
47-0	SPK7002	Continuing	47	он	он	linguistic	_		Begin=44.680
47-1	SPK7002	Continuing	47	екі	екі	linguistic	_		
47-2	SPK7002	Continuing	47	алсақ	алсақ	linguistic	_		End=45.410
48-0	SPK7002	Continuing	48	кішкене	кішкене	linguistic	_		Begin=45.410
48-1	SPK7002	Continuing	48	кеңдеу	кеңдеу	linguistic	_		End=46.380
49-0	SPK7002	Continuing	49	ана	ана	linguistic	_		Begin=46.380
49-1	SPK7002	Continuing	49	не	не	linguistic	_		
49-2	SPK7002	Continuing	49	еткенде	еткенде	linguistic	_		
49-3	SPK7002	Continuing	49	де	де	linguistic	_		End=47.370
50-0	SPK7003	Falling	50	иә	иә	linguistic	_		Begin=47.033|End=47.518
51-0	SPK7002	Continuing	51	бірақ	бірақ	linguistic	_		Begin=47.540|End=47.930
52-0	SPK7002	Continuing	52	слишком	слишком	linguistic	_		Begin=47.930
52-1	SPK7002	Continuing	52	үлкен	үлкен	linguistic	_		End=48.810
53-0	SPK7002	Rising	53	болып	болып	linguistic	_		Begin=48.810
53-1	SPK7002	Rising	53	кетпес	кетпес	linguistic	_		
53-2	SPK7002	Rising	53	пе	пе	linguistic	_		
53-3	SPK7002	Rising	53	екен	екен	linguistic	_		End=49.650
54-0	SPK7002	Rising	54	қалай	қалай	linguistic	_		Begin=49.660
54-1	SPK7002	Rising	54	ойлайсың	ойлайсың	linguistic	_		End=50.720
55-0	SPK7003	Continuing	55	¬Айжан	Айжан	linguistic	_	Anonymized=Yes	Begin=51.879|End=52.158
56-0	SPK7003	Continuing	56	ол	ол	linguistic	_		Begin=52.158
56-1	SPK7003	Continuing	56	деген	деген	linguistic	_		End=52.711
57-0	SPK7003	Continuing	57	иә:	иә	linguistic	_	Prolongation=1	Begin=52.711|End=53.172
58-0	SPK7003	Continuing	58	не	не	linguistic	_		Begin=53.172
58-1	SPK7003	Continuing	58	ғой	ғой	linguistic	_		End=53.634
59-0	SPK7003	Falling	59	coverall	coverall	linguistic	_		Begin=55.009|End=55.711
60-0	SPK7003	Continuing	60	coverall	coverall	linguistic	_		Begin=55.711
60-1	SPK7003	Continuing	60	болған	болған	linguistic	_		
60-2	SPK7003	Continuing	60	соң	соң	linguistic	_		End=56.470
61-0	SPK7002	Rising	61	ол	ол	linguistic	_		Begin=56.310
61-1	SPK7002	Rising	61	не	не	linguistic	_		
61-2	SPK7002	Rising	61	деген	деген	linguistic	_		End=57.310
62-0	SPK7003	Continuing	62	ол	ол	linguistic	_		Begin=56.470
62-1	SPK7003	Continuing	62	деген	деген	linguistic	_		End=56.975
63-0	SPK7003	Falling	63	иә	иә	linguistic	_		Begin=56.975
63-1	SPK7003	Falling	63	иә	иә	linguistic	_		End=57.538
64-0	SPK7003	Continuing	64	ол	ол	linguistic	_		Begin=57.538
64-1	SPK7003	Continuing	64	деген	деген	linguistic	_		End=57.989
65-0	SPK7003	Falling	65	кең	кең	linguistic	_		Begin=57.989
65-1	SPK7003	Falling	65	болғаны	болғаны	linguistic	_		
65-2	SPK7003	Falling	65	да	да	linguistic	_		
65-3	SPK7003	Falling	65	жақсы	жақсы	linguistic	_		End=58.965
66-0	SPK7002	Continuing	66	жоқ	жоқ	linguistic	_		Begin=59.741|End=60.240
67-0	SPK7002	Continuing	67	coverall	coverall	linguistic	_		Begin=60.240
67-1	SPK7002	Continuing	67	деген	деген	linguistic	_		End=60.870
68-0	SPK7002	Rising	68	не	не	linguistic	_		Begin=60.870
68-1	SPK7002	Rising	68	зат	зат	linguistic	_		
68-2	SPK7002	Rising	68	ол	ол	linguistic	_		End=61.650
69-0	SPK7003	Falling	69	комбинезон	комбинезон	linguistic	_		Begin=61.792|End=62.614
70-0	SPK7002	Falling	70	а:	а	linguistic	_	Prolongation=0	Begin=62.660|End=63.460
71-0	SPK7002	Continuing	71	оны	оны	linguistic	_		Begin=64.650
71-1	SPK7002	Continuing	71	айта	айта	linguistic	_		
71-2	SPK7002	Continuing	71	бермейсің	бермейсің	linguistic	_		
71-3	SPK7002	Continuing	71	бе	бе	linguistic	_		End=65.650
72-0	SPK7003	Continuing	72	ағылшын	ағылшын	linguistic	_		Begin=65.143|End=65.475
73-0	SPK7003	Falling	73	ағылшын	ағылшын	linguistic	_		Begin=65.475
73-1	SPK7003	Falling	73	тілінде	тілінде	linguistic	_		
73-2	SPK7003	Falling	73	coverall	coverall	linguistic	_		
73-3	SPK7003	Falling	73	дейді	дейді	linguistic	_		
73-4	SPK7003	Falling	73	ғой	ғой	linguistic	_		
73-5	SPK7003	Falling	73	мынаны	мынаны	linguistic	_		End=67.139
74-0	SPK7002	Falling	74	комбинезон	комбинезон	linguistic	_		Begin=65.650
74-1	SPK7002	Falling	74	деп	деп	linguistic	_		End=66.630
75-0	SPK7003	Falling	75	coverall	coverall	linguistic	_		Begin=68.989
75-1	SPK7003	Falling	75	деген	деген	linguistic	_		
75-2	SPK7003	Falling	75	жазуы	жазуы	linguistic	_		
75-3	SPK7003	Falling	75	бар	бар	linguistic	_		End=69.836
76-0	SPK7002	Continuing	76	комбинезон	комбинезон	linguistic	_		Begin=70.140
76-1	SPK7002	Continuing	76	деп	деп	linguistic	_		End=70.810
77-0	SPK7002	Rising	77	айтпайсың	айтпайсың	linguistic	_		Begin=70.910
77-1	SPK7002	Rising	77	ба	ба	linguistic	_		End=71.390
78-0	SPK7002	Continuing	78	басқа	басқа	linguistic	_		Begin=71.400
78-1	SPK7002	Continuing	78	бірдеңелерді	бірдеңелерді	linguistic	_		
78-2	SPK7002	Continuing	78	айтып	айтып	linguistic	_		End=72.450
79-0	SPK7002	Falling	79	басымды	басымды	linguistic	_		Begin=72.450
79-1	SPK7002	Falling	79	қатырмай-ақ	қатырмай-ақ	linguistic	_		End=73.740
80-0	SPK7002	undefined	80	(H)	(H)	_	_		Begin=74.740|End=75.280
81-0	SPK7002	undefined	81	(Hx)	(Hx)	_	_		Begin=75.280|End=76.090
82-0	SPK7002	Continuing	82	ұзындығын	ұзындығын	linguistic	_		Begin=76.090
82-1	SPK7002	Continuing	82	қарашы	қарашы	linguistic	_		End=77.080
83-0	SPK7002	Continuing	83	несін	несін	linguistic	_		Begin=77.080|End=77.880
84-0	SPK7003	Continuing	84	ұзындығын	ұзындығын	linguistic	_		Begin=78.725
84-1	SPK7003	Continuing	84	болғанда	болғанда	linguistic	_		End=79.413
85-0	SPK7003	Falling	85	оны	оны	linguistic	_		Begin=79.413
85-1	SPK7003	Falling	85	қысқартуға	қысқартуға	linguistic	_		
85-2	SPK7003	Falling	85	болады	болады	linguistic	_		
85-3	SPK7003	Falling	85	ғой	ғой	linguistic	_		
85-4	SPK7003	Falling	85	астын	астын	linguistic	_		End=80.610
86-0	SPK7002	Interrupted	86	жа-	жа	linguistic	_	Interrupted=Yes	Begin=79.490|End=79.990
87-0	SPK7002	Interrupted	87	жал-	жал	linguistic	_	Interrupted=Yes	Begin=80.040|End=80.310
88-0	SPK7002	Falling	88	жо:қ	жоқ	linguistic	_	Prolongation=1	Begin=80.310|End=80.840
89-0	SPK7003	Falling	89	жо-	жо	linguistic	_	Interrupted=Yes	Begin=80.610
89-1	SPK7003	Falling	89	жоқ	жоқ	linguistic	_		End=81.067
90-0	SPK7002	Falling	90	жақ	жақ	linguistic	_		Begin=80.850|End=81.340
91-0	SPK7003	Continuing	91	мынаны	мынаны	linguistic	_		Begin=81.067
91-1	SPK7003	Continuing	91	қара	қара	linguistic	_		End=81.451
92-0	SPK7003	Falling	92	міне	міне	linguistic	_		Begin=81.451|End=81.860
93-0	SPK7002	Falling	93	ол	ол	linguistic	_		Begin=81.790
93-1	SPK7002	Falling	93	қысқартылған	қысқартылған	linguistic	_		
93-2	SPK7002	Falling	93	түрі	түрі	linguistic	_		
93-3	SPK7002	Falling	93	ғой	ғой	linguistic	_		End=82.940
94-0	SPK7002	Falling	94	сол	сол	linguistic	_		Begin=82.950
94-1	SPK7002	Falling	94	үшін	үшін	linguistic	_		
94-2	SPK7002	Falling	94	мен	мен	linguistic	_		
94-3	SPK7002	Falling	94	саған	саған	linguistic	_		
94-4	SPK7002	Falling	94	айтамын	айтамын	linguistic	_		End=83.800
95-0	SPK7002	Falling	95	ұзындығын	ұзындығын	linguistic	_		Begin=83.800
95-1	SPK7002	Falling	95	қара	қара	linguistic	_		
95-2	SPK7002	Falling	95	деймін	деймін	linguistic	_		End=84.830
96-0	SPK7002	Continuing	96	ұзындығын	ұзындығын	linguistic	_		Begin=84.840
96-1	SPK7002	Continuing	96	қара	қара	linguistic	_		End=86.200
97-0	SPK7002	Continuing	97	себебі	себебі	linguistic	_		Begin=86.240|End=87.210
98-0	SPK7002	Continuing	98	біздің	біздің	linguistic	_		Begin=87.210
98-1	SPK7002	Continuing	98	қыздың	қыздың	linguistic	_		
98-2	SPK7002	Continuing	98	бойы	бойы	linguistic	_		End=88.040
99-0	SPK7002	Falling	99	кішкентай	кішкентай	linguistic	_		Begin=88.040
99-1	SPK7002	Falling	99	ғой	ғой	linguistic	_		End=88.890
100-0	SPK7003	Falling	100	жиырма	жиырма	linguistic	_		Begin=88.903
100-1	SPK7003	Falling	100	жеті	жеті	linguistic	_		End=89.855
101-0	SPK7003	Falling	101	жиырма	жиырма	linguistic	_		Begin=90.696
101-1	SPK7003	Falling	101	жетіні	жетіні	linguistic	_		
101-2	SPK7003	Falling	101	қазір	қазір	linguistic	_		
101-3	SPK7003	Falling	101	көрсе-	көрсе	linguistic	_	Interrupted=Yes	
101-4	SPK7003	Falling	101	көбейту	көбейту	linguistic	_		
101-5	SPK7003	Falling	101	керекпіз	керекпіз	linguistic	_		End=92.614
102-0	SPK7003	Continuing	102	екі	екі	linguistic	_		Begin=92.614
102-1	SPK7003	Continuing	102	бүтін	бүтін	linguistic	_		End=93.586
103-0	SPK7003	Falling	103	жүзден	жүзден	linguistic	_		Begin=93.941
103-1	SPK7003	Falling	103	елу	елу	linguistic	_		
103-2	SPK7003	Falling	103	төрт	төрт	linguistic	_		End=95.182
104-0	SPK7002	Falling	104	иә	иә	linguistic	_		Begin=97.540|End=98.150
105-0	SPK7003	Falling	105	қазір	қазір	linguistic	_		Begin=97.783
105-1	SPK7003	Falling	105	қарайын	қарайын	linguistic	_		End=98.696
106-0	SPK7002	Falling	106	көбейтші	көбейтші	linguistic	_		Begin=98.740|End=99.350
107-0	SPK7003	Falling	107	қазір	қазір	linguistic	_		Begin=100.336|End=100.865
108-0	SPK7003	Falling	108	так	так	linguistic	_		Begin=101.196|End=101.610
109-0	SPK7003	Continuing	109	жиырма	жиырма	linguistic	_		Begin=102.047
109-1	SPK7003	Continuing	109	жеті	жеті	linguistic	_		
109-2	SPK7003	Continuing	109	да	да	linguistic	_		End=102.951
110-0	SPK7003	Continuing	110	жиырма	жиырма	linguistic	_		Begin=104.547
110-1	SPK7003	Continuing	110	жеті	жеті	linguistic	_		End=105.778
111-0	SPK7003	Continuing	111	көбейту	көбейту	linguistic	_		Begin=105.778|End=106.821
112-0	SPK7003	Continuing	112	екі	екі	linguistic	_		Begin=106.946
112-1	SPK7003	Continuing	112	бүтін	бүтін	linguistic	_		End=108.403
113-0	SPK7003	Falling	113	жүзден	жүзден	linguistic	_		Begin=108.403
113-1	SPK7003	Falling	113	елу	елу	linguistic	_		
113-2	SPK7003	Falling	113	тө:рт	төрт	linguistic	_	Prolongation=1	End=110.177
114-0	SPK7003	Falling	114	алпыс	алпыс	linguistic	_		Begin=111.749
114-1	SPK7003	Falling	114	сегіз	сегіз	linguistic	_		
114-2	SPK7003	Falling	114	жарым	жарым	linguistic	_		End=113.095
115-0	SPK7002	Continuing	115	алпыс	алпыс	linguistic	_		Begin=113.650
115-1	SPK7002	Continuing	115	сегіз	сегіз	linguistic	_		
115-2	SPK7002	Continuing	115	жарым	жарым	linguistic	_		End=114.630
116-0	SPK7002	Rising	116	белден	белден	linguistic	_		Begin=114.630
116-1	SPK7002	Rising	116	төмен	төмен	linguistic	_		
116-2	SPK7002	Rising	116	қарай	қарай	linguistic	_		
116-3	SPK7002	Rising	116	ма	ма	linguistic	_		End=116.040
117-0	SPK7003	Falling	117	иә	иә	linguistic	_		Begin=115.600
117-1	SPK7003	Falling	117	иә	иә	linguistic	_		End=116.417
118-0	SPK7002	Rising	118	жетпіс	жетпіс	linguistic	_		Begin=116.740
118-1	SPK7002	Rising	118	пе	пе	linguistic	_		End=117.660
119-0	SPK7002	Continuing	119	жетпіс	жетпіс	linguistic	_		Begin=118.420
119-1	SPK7002	Continuing	119	деген	деген	linguistic	_		End=119.080
120-0	SPK7002	Continuing	120	мынандайдың	мынандайдың	linguistic	_		Begin=119.080|End=119.750
121-0	SPK7002	Continuing	121	мынандай	мынандай	linguistic	_		Begin=119.750|End=120.190
122-0	SPK7002	Falling	122	болатын	болатын	linguistic	_		Begin=120.190
122-1	SPK7002	Falling	122	шығар	шығар	linguistic	_		
122-2	SPK7002	Falling	122	енді	енді	linguistic	_		End=121.170
123-0	SPK7002	Continuing	123	мына	мына	linguistic	_		Begin=122.070
123-1	SPK7002	Continuing	123	жерге	жерге	linguistic	_		
123-2	SPK7002	Continuing	123	дейін	дейін	linguistic	_		End=122.640
124-0	SPK7002	Continuing	124	неше	неше	linguistic	_		Begin=122.640|End=122.880
125-0	SPK7002	Rising	125	сексен	сексен	linguistic	_		Begin=122.880
125-1	SPK7002	Rising	125	бе	бе	linguistic	_		
125-2	SPK7002	Rising	125	еді	еді	linguistic	_		End=123.560
126-0	SPK7002	Continuing	126	тоқсан	тоқсан	linguistic	_		Begin=123.560
126-1	SPK7002	Continuing	126	ба	ба	linguistic	_		
126-2	SPK7002	Continuing	126	еді	еді	linguistic	_		End=124.370
127-0	SPK7002	Rising	127	сенікі	сенікі	linguistic	_		Begin=124.370|End=124.860
128-0	SPK7003	Falling	128	иә	иә	linguistic	_		Begin=124.797|End=125.235
129-0	SPK7003	Continuing	129	жоқ	жоқ	linguistic	_		Begin=125.840
129-1	SPK7003	Continuing	129	мына	мына	linguistic	_		End=126.215
130-0	SPK7003	Continuing	130	суретінде	суретінде	linguistic	_		Begin=126.215
130-1	SPK7003	Continuing	130	де	де	linguistic	_		
130-2	SPK7003	Continuing	130	өзі	өзі	linguistic	_		End=127.345
131-0	SPK7002	Rising	131	сексен	сексен	linguistic	_		Begin=127.040
131-1	SPK7002	Rising	131	бе	бе	linguistic	_		End=127.740
132-0	SPK7003	Continuing	132	¬Айжан	Айжан	linguistic	_	Anonymized=Yes	Begin=127.345|End=127.706
133-0	SPK7002	Rising	133	тоқсан	тоқсан	linguistic	_		Begin=127.740
133-1	SPK7002	Rising	133	ба	ба	linguistic	_		End=128.450
134-0	SPK7003	Continuing	134	суретінде	суретінде	linguistic	_		Begin=128.389
134-1	SPK7003	Continuing	134	де	де	linguistic	_		End=129.167
135-0	SPK7003	Falling	135	аяғына	аяғына	linguistic	_		Begin=129.167
135-1	SPK7003	Falling	135	дейін	дейін	linguistic	_		
135-2	SPK7003	Falling	135	келіп	келіп	linguistic	_		
135-3	SPK7003	Falling	135	тұрған	тұрған	linguistic	_		
135-4	SPK7003	Falling	135	жоқ	жоқ	linguistic	_		
135-5	SPK7003	Falling	135	қой	қой	linguistic	_		
135-6	SPK7003	Falling	135	міне	міне	linguistic	_		End=130.648
136-0	SPK7002	Continuing	136	аяғы	аяғы	linguistic	_		Begin=131.250
136-1	SPK7002	Continuing	136	болғанда	болғанда	linguistic	_		End=131.940
137-0	SPK7002	Continuing	137	ана	ана	linguistic	_		Begin=131.940|End=132.150
138-0	SPK7002	Continuing	138	по	по	linguistic	_		Begin=132.150
138-1	SPK7002	Continuing	138	щиколотку	щиколотку	linguistic	_		End=132.910
139-0	SPK7002	Falling	139	болып	болып	linguistic	_		Begin=132.910
139-1	SPK7002	Falling	139	тұр	тұр	linguistic	_		
139-2	SPK7002	Falling	139	ғой	ғой	linguistic	_		End=133.760
140-0	SPK7003	Falling	140	иә	иә	linguistic	_		Begin=133.552|End=134.004
141-0	SPK7002	Continuing	141	а:	а	linguistic	_	Prolongation=0	Begin=134.800
141-1	SPK7002	Continuing	141	жаңағы	жаңағы	linguistic	_		End=135.340
142-0	SPK7002	Continuing	142	рост	рост	linguistic	_		Begin=135.340
142-1	SPK7002	Continuing	142	модели	модели	linguistic	_		End=136.090
143-0	SPK7002	Rising	143	деген	деген	linguistic	_		Begin=136.090
143-1	SPK7002	Rising	143	жоқ	жоқ	linguistic	_		
143-2	SPK7002	Rising	143	па	па	linguistic	_		End=136.650
144-0	SPK7002	Continuing	144	ана	ана	linguistic	_		Begin=136.660
144-1	SPK7002	Continuing	144	жерде	жерде	linguistic	_		End=137.020
145-0	SPK7002	Falling	145	қарашы	қарашы	linguistic	_		Begin=137.020|End=137.290
146-0	SPK7002	Continuing	146	болатын	болатын	linguistic	_		Begin=137.290
146-1	SPK7002	Continuing	146	еді	еді	linguistic	_		End=137.780
147-0	SPK7002	Falling	147	негізі	негізі	linguistic	_		Begin=137.790|End=138.450
148-0	SPK7002	Continuing	148	киіп	киіп	linguistic	_		Begin=138.530
148-1	SPK7002	Continuing	148	тұрған	тұрған	linguistic	_		
148-2	SPK7002	Continuing	148	адамның	адамның	linguistic	_		End=139.850
149-0	SPK7002	Falling	149	бойын	бойын	linguistic	_		Begin=139.880
149-1	SPK7002	Falling	149	да	да	linguistic	_		
149-2	SPK7002	Falling	149	жазатын	жазатын	linguistic	_		
149-3	SPK7002	Falling	149	еді	еді	linguistic	_		
149-4	SPK7002	Falling	149	ғой	ғой	linguistic	_		End=141.260
150-0	SPK7002	Continuing	150	сондай	сондай	linguistic	_		Begin=143.440
150-1	SPK7002	Continuing	150	нәрсе	нәрсе	linguistic	_		End=143.950
151-0	SPK7002	Rising	151	жоқ	жоқ	linguistic	_		Begin=143.960
151-1	SPK7002	Rising	151	па	па	linguistic	_		
151-2	SPK7002	Rising	151	екен	екен	linguistic	_		End=144.640
152-0	SPK7003	Continuing	152	мына	мына	linguistic	_		Begin=144.249
152-1	SPK7003	Continuing	152	жерде	жерде	linguistic	_		End=144.850
153-0	SPK7003	Continuing	153	ы:	ы	linguistic	_	Prolongation=0	Begin=144.850|End=145.677
154-0	SPK7003	Falling	154	ондай	ондай	linguistic	_		Begin=145.677
154-1	SPK7003	Falling	154	жоқ	жоқ	linguistic	_		End=146.292
155-0	SPK7003	Falling	155	жазу	жазу	linguistic	_		Begin=146.292|End=146.749
156-0	SPK7003	Continuing	156	а:	а	linguistic	_	Prolongation=0	Begin=151.119|End=151.461
157-0	SPK7003	Continuing	157	он	он	linguistic	_		Begin=151.461
157-1	SPK7003	Continuing	157	бір	бір	linguistic	_		End=151.860
158-0	SPK7003	Falling	158	он	он	linguistic	_		Begin=151.860
158-1	SPK7003	Falling	158	бір	бір	linguistic	_		End=152.321
159-0	SPK7002	Continuing	159	не	не	linguistic	_		Begin=153.020
159-1	SPK7002	Continuing	159	зат	зат	linguistic	_		End=153.440
160-0	SPK7002	Rising	160	он	он	linguistic	_		Begin=153.440
160-1	SPK7002	Rising	160	бір	бір	linguistic	_		End=154.090
161-0	SPK7003	Continuing	161	жоқ	жоқ	linguistic	_		Begin=153.581|End=153.898
162-0	SPK7003	Falling	162	он	он	linguistic	_		Begin=153.898
162-1	SPK7003	Falling	162	бір	бір	linguistic	_		
162-2	SPK7003	Falling	162	емес	емес	linguistic	_		
162-3	SPK7003	Falling	162	ол	ол	linguistic	_		End=154.515
163-0	SPK7003	Falling	163	он	он	linguistic	_		Begin=154.515
163-1	SPK7003	Falling	163	бір	бір	linguistic	_		
163-2	SPK7003	Falling	163	емес	емес	linguistic	_		End=155.209
164-0	SPK7002	Rising	164	он	он	linguistic	_		Begin=154.840
164-1	SPK7002	Rising	164	бір	бір	linguistic	_		
164-2	SPK7002	Rising	164	жас	жас	linguistic	_		
164-3	SPK7002	Rising	164	па	па	linguistic	_		End=155.540
165-0	SPK7002	Continuing	165	он	он	linguistic	_		Begin=155.540
165-1	SPK7002	Continuing	165	бір	бір	linguistic	_		
165-2	SPK7002	Continuing	165	не	не	linguistic	_		
165-3	SPK7002	Continuing	165	зат	зат	linguistic	_		End=156.260
166-0	SPK7002	Rising	166	он	он	linguistic	_		Begin=156.260
166-1	SPK7002	Rising	166	бір	бір	linguistic	_		
166-2	SPK7002	Rising	166	не	не	linguistic	_		
166-3	SPK7002	Rising	166	зат	зат	linguistic	_		End=157.370
167-0	SPK7003	Continuing	167	а	а	linguistic	_		Begin=161.244
167-1	SPK7003	Continuing	167	мынау	мынау	linguistic	_		End=161.695
168-0	SPK7003	Falling	168	не	не	linguistic	_		Begin=161.695
168-1	SPK7003	Falling	168	ғой	ғой	linguistic	_		
168-2	SPK7003	Falling	168	мына	мына	linguistic	_		
168-3	SPK7003	Falling	168	жер	жер	linguistic	_		End=162.350
169-0	SPK7003	Falling	169	мына	мына	linguistic	_		Begin=162.350
169-1	SPK7003	Falling	169	несі	несі	linguistic	_		End=163.005
170-0	SPK7002	Continuing	170	а	а	linguistic	_		Begin=163.650|End=163.800
171-0	SPK7002	Rising	171	үсті	үсті	linguistic	_		Begin=163.820
171-1	SPK7002	Rising	171	ме	ме	linguistic	_		End=164.440
172-0	SPK7003	Falling	172	иә	иә	linguistic	_		Begin=163.872
172-1	SPK7003	Falling	172	иә	иә	linguistic	_		End=164.368
173-0	SPK7003	Continuing	173	үсті	үсті	linguistic	_		Begin=164.368|End=164.744
174-0	SPK7003	Falling	174	иә	иә	linguistic	_		Begin=164.744
174-1	SPK7003	Falling	174	иә	иә	linguistic	_		End=165.293
175-0	SPK7002	Falling	175	жо:қ	жоқ	linguistic	_	Prolongation=1	Begin=165.290|End=165.730
176-0	SPK7003	Falling	176	жоқ	жоқ	linguistic	_		Begin=165.709
176-1	SPK7003	Falling	176	жоқ	жоқ	linguistic	_		End=166.231
177-0	SPK7002	Falling	177	рост	рост	linguistic	_		Begin=165.730
177-1	SPK7002	Falling	177	модели	модели	linguistic	_		
177-2	SPK7002	Falling	177	деймін	деймін	linguistic	_		End=167.160
178-0	SPK7003	Falling	178	ондай	ондай	linguistic	_		Begin=166.231
178-1	SPK7003	Falling	178	не	не	linguistic	_		
178-2	SPK7003	Falling	178	жоқ	жоқ	linguistic	_		End=167.107
179-0	SPK7003	Falling	179	ондай	ондай	linguistic	_		Begin=167.107
179-1	SPK7003	Falling	179	не	не	linguistic	_		
179-2	SPK7003	Falling	179	жоқ	жоқ	linguistic	_		End=168.160
180-0	SPK7002	Falling	180	мейлің	мейлің	linguistic	_		Begin=171.740
180-1	SPK7002	Falling	180	онда	онда	linguistic	_		End=172.790
181-0	SPK7002	Falling	181	алып	алып	linguistic	_		Begin=173.450
181-1	SPK7002	Falling	181	қала	қала	linguistic	_		
181-2	SPK7002	Falling	181	берші	берші	linguistic	_		End=174.420
182-0	SPK7003	Rising	182	он	он	linguistic	_		Begin=174.425
182-1	SPK7003	Rising	182	екіні	екіні	linguistic	_		
182-2	SPK7003	Rising	182	ме	ме	linguistic	_		End=175.288
183-0	SPK7002	Falling	183	иә	иә	linguistic	_		Begin=176.040|End=176.480
184-0	SPK7002	Falling	184	он	он	linguistic	_		Begin=176.480
184-1	SPK7002	Falling	184	екіні	екіні	linguistic	_		
184-2	SPK7002	Falling	184	алып	алып	linguistic	_		
184-3	SPK7002	Falling	184	қал	қал	linguistic	_		End=177.560
185-0	SPK7003	Continuing	185	мынау	мынау	linguistic	_		Begin=177.669|End=178.297
186-0	SPK7003	Falling	186	petite	petite	linguistic	_		Begin=178.297
186-1	SPK7003	Falling	186	high	high	linguistic	_		
186-2	SPK7003	Falling	186	#	#	unknown	_		End=179.748
187-0	SPK7002	Falling	187	жоқ	жоқ	linguistic	_		Begin=179.740|End=179.870
188-0	SPK7002	Continuing	188	мынау	мынау	linguistic	_		Begin=179.870
188-1	SPK7002	Continuing	188	не	не	linguistic	_		
188-2	SPK7002	Continuing	188	ғой	ғой	linguistic	_		End=180.440
189-0	SPK7002	Falling	189	Келвин	Келвин	linguistic	_		Begin=180.440
189-1	SPK7002	Falling	189	Кляйн	Кляйн	linguistic	_		
189-2	SPK7002	Falling	189	ғой	ғой	linguistic	_		End=181.410
190-0	SPK7003	Continuing	190	ол	ол	linguistic	_		Begin=182.726|End=183.027
191-0	SPK7002	Continuing	191	и	и	linguistic	_		Begin=182.730|End=182.860
192-0	SPK7002	Continuing	192	а	а	linguistic	_		Begin=182.860|End=183.040
193-0	SPK7002	Rising	193	Донна	Донна	linguistic	_		Begin=183.040
193-1	SPK7002	Rising	193	Каран	Каран	linguistic	_		
193-2	SPK7002	Rising	193	ба	ба	linguistic	_		
193-3	SPK7002	Rising	193	мынау	мынау	linguistic	_		End=184.080
194-0	SPK7003	Continuing	194	иә	иә	linguistic	_		Begin=184.593|End=184.859
195-0	SPK7003	Falling	195	Донна	Донна	linguistic	_		Begin=184.859
195-1	SPK7003	Falling	195	каран	каран	linguistic	_		End=185.169
196-0	SPK7003	Falling	196	жақсы	жақсы	linguistic	_		Begin=185.169
196-1	SPK7003	Falling	196	мынау	мынау	linguistic	_		End=185.757
197-0	SPK7002	Continuing	197	Жоқ	Жоқ	linguistic	_		Begin=186.150
197-1	SPK7002	Continuing	197	ана	ана	linguistic	_		End=186.730
198-0	SPK7002	Continuing	198	SOUND_VIBRATION	SOUND_VIBRATION	paraverbal	_		Begin=186.730|End=187.430
199-0	SPK7002	Falling	199	қысқалау	қысқалау	linguistic	_		Begin=187.430
199-1	SPK7002	Falling	199	түрі	түрі	linguistic	_		
199-2	SPK7002	Falling	199	болды	болды	linguistic	_		
199-3	SPK7002	Falling	199	ғой	ғой	linguistic	_		End=188.800
200-0	SPK7003	undefined	200	(H)	(H)	_	_		Begin=188.341|End=189.045
201-0	SPK7003	Continuing	201	а	а	linguistic	_		Begin=189.124
201-1	SPK7003	Continuing	201	ол	ол	linguistic	_		End=189.571
202-0	SPK7003	Falling	202	ол	ол	linguistic	_		Begin=189.571
202-1	SPK7003	Falling	202	ашылмай	ашылмай	linguistic	_		
202-2	SPK7003	Falling	202	қалды	қалды	linguistic	_		End=190.722
203-0	SPK7002	Rising	203	неге	неге	linguistic	_		Begin=190.610
203-1	SPK7002	Rising	203	ашылмай	ашылмай	linguistic	_		
203-2	SPK7002	Rising	203	қалды	қалды	linguistic	_		End=191.550
204-0	SPK7003	Falling	204	оны	оны	linguistic	_		Begin=191.425
204-1	SPK7003	Falling	204	қайтіп	қайтіп	linguistic	_		
204-2	SPK7003	Falling	204	іздеу	іздеу	linguistic	_		
204-3	SPK7003	Falling	204	керекпіз	керекпіз	linguistic	_		End=192.492
205-0	SPK7002	Falling	205	негізі	негізі	linguistic	_		Begin=193.440
205-1	SPK7002	Falling	205	сол	сол	linguistic	_		
205-2	SPK7002	Falling	205	жақсы	жақсы	linguistic	_		
205-3	SPK7002	Falling	205	маған	маған	linguistic	_		End=194.850
206-0	SPK7002	Falling	206	ұнағаны	ұнағаны	linguistic	_		Begin=194.850
206-1	SPK7002	Falling	206	сол	сол	linguistic	_		
206-2	SPK7002	Falling	206	еді	еді	linguistic	_		End=195.660
207-0	SPK7002	Falling	207	негізі	негізі	linguistic	_		Begin=195.670|End=196.090
208-0	SPK7002	Continuing	208	тонау	тонау	linguistic	_		Begin=196.260|End=196.600
209-0	SPK7002	Rising	209	сол	сол	linguistic	_		Begin=196.600
209-1	SPK7002	Rising	209	емес	емес	linguistic	_		
209-2	SPK7002	Rising	209	пе	пе	linguistic	_		End=197.390
210-0	SPK7002	Rising	210	басқа	басқа	linguistic	_		Begin=197.390
210-1	SPK7002	Rising	210	ма	ма	linguistic	_		End=198.120
211-0	SPK7002	Continuing	211	қайсы	қайсы	linguistic	_		Begin=198.970|End=199.150
212-0	SPK7002	Falling	212	көрсетші	көрсетші	linguistic	_		Begin=199.150
212-1	SPK7002	Falling	212	аш	аш	linguistic	_		
212-2	SPK7002	Falling	212	та	та	linguistic	_		
212-3	SPK7002	Falling	212	соны	соны	linguistic	_		End=200.540
213-0	SPK7002	Falling	213	жоқ	жоқ	linguistic	_		Begin=200.650
213-1	SPK7002	Falling	213	жоқ	жоқ	linguistic	_		End=201.370
214-0	SPK7002	Continuing	214	ана	ана	linguistic	_		Begin=201.370|End=201.730
215-0	SPK7002	Falling	215	қызылдың	қызылдың	linguistic	_		Begin=201.730
215-1	SPK7002	Falling	215	қасындағы	қасындағы	linguistic	_		End=202.660
216-0	SPK7002	Rising	216	басқа	басқа	linguistic	_		Begin=204.150
216-1	SPK7002	Rising	216	ма	ма	linguistic	_		End=204.630
217-0	SPK7003	Rising	217	мынау	мынау	linguistic	_		Begin=204.332
217-1	SPK7003	Rising	217	ма	ма	linguistic	_		End=204.686
218-0	SPK7003	Falling	218	басқа	басқа	linguistic	_		Begin=204.686
218-1	SPK7003	Falling	218	мынау	мынау	linguistic	_		End=205.443
219-0	SPK7002	Rising	219	басқа	басқа	linguistic	_		Begin=205.250
219-1	SPK7002	Rising	219	ма	ма	linguistic	_		End=205.820
220-0	SPK7002	Falling	220	негізі	негізі	linguistic	_		Begin=208.070
220-1	SPK7002	Falling	220	сол	сол	linguistic	_		
220-2	SPK7002	Falling	220	жақсы	жақсы	linguistic	_		
220-3	SPK7002	Falling	220	еді	еді	linguistic	_		End=209.430
221-0	SPK7002	Continuing	221	бірінші	бірінші	linguistic	_		Begin=210.050
221-1	SPK7002	Continuing	221	соны	соны	linguistic	_		
221-2	SPK7002	Continuing	221	алу	алу	linguistic	_		
221-3	SPK7002	Continuing	221	керек	керек	linguistic	_		
221-4	SPK7002	Continuing	221	еді	еді	linguistic	_		End=211.150
222-0	SPK7002	Falling	222	негізі	негізі	linguistic	_		Begin=211.150|End=211.880
223-0	SPK7002	Continuing	223	себебі	себебі	linguistic	_		Begin=214.240
223-1	SPK7002	Continuing	223	классический	классический	linguistic	_		End=215.120
224-0	SPK7002	Continuing	224	серыйын	серыйын	linguistic	_		Begin=215.120
224-1	SPK7002	Continuing	224	кеше	кеше	linguistic	_		End=216.100
225-0	SPK7002	Falling	225	белгілеп	белгілеп	linguistic	_		Begin=216.100
225-1	SPK7002	Falling	225	қойып	қойып	linguistic	_		
225-2	SPK7002	Falling	225	едім	едім	linguistic	_		
225-3	SPK7002	Falling	225	ғой	ғой	linguistic	_		
225-4	SPK7002	Falling	225	мен	мен	linguistic	_		End=217.300
226-0	SPK7003	Continuing	226	мына	мына	linguistic	_		Begin=218.288
226-1	SPK7003	Continuing	226	жерде	жерде	linguistic	_		
226-2	SPK7003	Continuing	226	көп	көп	linguistic	_		End=218.877
227-0	SPK7003	Falling	227	основной	основной	linguistic	_		Begin=218.877
227-1	SPK7003	Falling	227	міне	міне	linguistic	_		End=219.540
228-0	SPK7003	Continuing	228	customerлар	customerлар	linguistic	_		Begin=219.540|End=220.545
229-0	SPK7002	Continuing	229	жоқ	жоқ	linguistic	_		Begin=220.240|End=220.500
230-0	SPK7002	Falling	230	бізге	бізге	linguistic	_		Begin=220.500
230-1	SPK7002	Falling	230	көбі	көбі	linguistic	_		
230-2	SPK7002	Falling	230	керек	керек	linguistic	_		
230-3	SPK7002	Falling	230	емес	емес	linguistic	_		End=221.610
231-0	SPK7003	Falling	231	көп	көп	linguistic	_		Begin=220.545|End=220.899
232-0	SPK7002	Continuing	232	бізге	бізге	linguistic	_		Begin=221.630
232-1	SPK7002	Continuing	232	именно	именно	linguistic	_		End=222.680
233-0	SPK7002	Falling	233	сол	сол	linguistic	_		Begin=222.680
233-1	SPK7002	Falling	233	модель	модель	linguistic	_		
233-2	SPK7002	Falling	233	керек	керек	linguistic	_		
233-3	SPK7002	Falling	233	еді	еді	linguistic	_		
233-4	SPK7002	Falling	233	ғой	ғой	linguistic	_		
233-5	SPK7002	Falling	233	маған	маған	linguistic	_		End=224.420
234-0	SPK7003	Falling	234	қазір	қазір	linguistic	_		Begin=224.443
234-1	SPK7003	Falling	234	табармын	табармын	linguistic	_		End=225.408
235-0	SPK7003	Falling	235	бөлек	бөлек	linguistic	_		Begin=225.487|End=226.098
236-0	SPK7003	Continuing	236	мынаны	мынаны	linguistic	_		Begin=226.098
236-1	SPK7003	Continuing	236	қарап	қарап	linguistic	_		End=226.673
237-0	SPK7003	Falling	237	бітірейін	бітірейін	linguistic	_		Begin=226.673|End=227.576
238-0	SPK7003	Falling	238	қазір	қазір	linguistic	_		Begin=229.996
238-1	SPK7003	Falling	238	қарайын	қарайын	linguistic	_		End=231.235
239-0	SPK7002	Falling	239	ашылмай	ашылмай	linguistic	_		Begin=232.050
239-1	SPK7002	Falling	239	қалды	қалды	linguistic	_		
239-2	SPK7002	Falling	239	емес	емес	linguistic	_		End=232.900
240-0	SPK7002	Falling	240	өзің	өзің	linguistic	_		Begin=232.900
240-1	SPK7002	Falling	240	жауып	жауып	linguistic	_		
240-2	SPK7002	Falling	240	тастаған	тастаған	linguistic	_		
240-3	SPK7002	Falling	240	болып	болып	linguistic	_		
240-4	SPK7002	Falling	240	тұрсың	тұрсың	linguistic	_		End=234.110
241-0	SPK7003	Falling	241	жоқ	жоқ	linguistic	_		Begin=233.691|End=233.987
242-0	SPK7003	Falling	242	а:шылмайды	ашылмайды	linguistic	_	Prolongation=0	Begin=233.987
242-1	SPK7003	Falling	242	қалды	қалды	linguistic	_		End=235.142
243-0	SPK7003	Continuing	243	арасында	арасында	linguistic	_		Begin=237.341
243-1	SPK7003	Continuing	243	ашылмай	ашылмай	linguistic	_		
243-2	SPK7003	Continuing	243	қалады	қалады	linguistic	_		End=238.363
244-0	SPK7003	Continuing	244	сосын	сосын	linguistic	_		Begin=238.363
244-1	SPK7003	Continuing	244	бір	бір	linguistic	_		End=238.762
245-0	SPK7003	Falling	245	үш	үш	linguistic	_		Begin=238.762
245-1	SPK7003	Falling	245	төрт	төрт	linguistic	_		
245-2	SPK7003	Falling	245	күннен	күннен	linguistic	_		
245-3	SPK7003	Falling	245	қайтып	қайтып	linguistic	_		
245-4	SPK7003	Falling	245	ашылады	ашылады	linguistic	_		End=240.155
246-0	SPK7003	Continuing	246	мына	мына	linguistic	_		Begin=242.080
246-1	SPK7003	Continuing	246	ішіндегі	ішіндегі	linguistic	_		
246-2	SPK7003	Continuing	246	IPA	IPA	linguistic	_		End=243.155
247-0	SPK7003	Continuing	247	IP	IP	linguistic	_		Begin=243.934
247-1	SPK7003	Continuing	247	адресі	адресі	linguistic	_		
247-2	SPK7003	Continuing	247	Қазақстан	Қазақстан	linguistic	_		
247-3	SPK7003	Continuing	247	болғасын	болғасын	linguistic	_		End=245.492
248-0	SPK7003	Falling	248	олар	олар	linguistic	_		Begin=245.492
248-1	SPK7003	Falling	248	блокировать	блокировать	linguistic	_		
248-2	SPK7003	Falling	248	етіп	етіп	linguistic	_		
248-3	SPK7003	Falling	248	тастауы	тастауы	linguistic	_		
248-4	SPK7003	Falling	248	мүмкін	мүмкін	linguistic	_		End=246.748
249-0	SPK7003	Continuing	249	себебі	себебі	linguistic	_		Begin=249.191
249-1	SPK7003	Continuing	249	де	де	linguistic	_		
249-2	SPK7003	Continuing	249	мына	мына	linguistic	_		
249-3	SPK7003	Continuing	249	кейбіреулері	кейбіреулері	linguistic	_		
249-4	SPK7003	Continuing	249	сатылса	сатылса	linguistic	_		End=250.691
250-0	SPK7003	Falling	250	кейбіреулері	кейбіреулері	linguistic	_		Begin=250.691
250-1	SPK7003	Falling	250	Қазақстанға	Қазақстанға	linguistic	_		
250-2	SPK7003	Falling	250	сатылмайды	сатылмайды	linguistic	_		End=252.186
251-0	SPK7003	Continuing	251	сол	сол	linguistic	_		Begin=252.306
251-1	SPK7003	Continuing	251	себептен	себептен	linguistic	_		
251-2	SPK7003	Continuing	251	бұлар	бұлар	linguistic	_		
251-3	SPK7003	Continuing	251	IP	IP	linguistic	_		
251-4	SPK7003	Continuing	251	адресін	адресін	linguistic	_		End=254.173
252-0	SPK7003	Falling	252	тұс-	тұс	linguistic	_	Interrupted=Yes	Begin=254.173
252-1	SPK7003	Falling	252	тұс-	тұс	linguistic	_	Interrupted=Yes	
252-2	SPK7003	Falling	252	қайтып	қайтып	linguistic	_		
252-3	SPK7003	Falling	252	ашуға	ашуға	linguistic	_		
252-4	SPK7003	Falling	252	болады	болады	linguistic	_		End=255.284
253-0	SPK7003	Continuing	253	құрама	құрама	linguistic	_		Begin=257.142
253-1	SPK7003	Continuing	253	штаттарына	штаттарына	linguistic	_		End=257.890
254-0	SPK7003	Continuing	254	ne	ne	linguistic	_		Begin=257.890|End=258.244
255-0	SPK7003	Falling	255	не	не	linguistic	_		Begin=258.244
255-1	SPK7003	Falling	255	жасаймыз	жасаймыз	linguistic	_		End=258.912
256-0	SPK7003	Continuing	256	не	не	linguistic	_		Begin=258.912|End=259.540
257-0	SPK7003	undefined	257	(H)	(H)	_	_		Begin=259.540|End=260.779
258-0	SPK7003	Falling	258	доставка	доставка	linguistic	_		Begin=261.589
258-1	SPK7003	Falling	258	жасаймыз	жасаймыз	linguistic	_		End=262.691
259-0	SPK7002	Rising	259	сонда	сонда	linguistic	_		Begin=263.870
259-1	SPK7002	Rising	259	##	##	unknown	_		
259-2	SPK7002	Rising	259	##	##	unknown	_		
259-3	SPK7002	Rising	259	тастаған	тастаған	linguistic	_		
259-4	SPK7002	Rising	259	біреу	біреу	linguistic	_		
259-5	SPK7002	Rising	259	ма	ма	linguistic	_		
259-6	SPK7002	Rising	259	не	не	linguistic	_		End=265.970
260-0	SPK7003	undefined	260	(H)	(H)	_	_		Begin=268.244|End=268.974
261-0	SPK7002	Falling	261	солай	солай	linguistic	_		Begin=268.640
261-1	SPK7002	Falling	261	болып	болып	linguistic	_		
261-2	SPK7002	Falling	261	тұр	тұр	linguistic	_		
261-3	SPK7002	Falling	261	ғой	ғой	linguistic	_		End=269.200
262-0	SPK7002	Continuing	262	ана	ана	linguistic	_		Begin=269.200
262-1	SPK7002	Continuing	262	жерге	жерге	linguistic	_		End=269.890
263-0	SPK7002	Falling	263	шығарып	шығарып	linguistic	_		Begin=270.660
263-1	SPK7002	Falling	263	таста	таста	linguistic	_		
263-2	SPK7002	Falling	263	онда	онда	linguistic	_		End=271.630
264-0	SPK7003	Falling	264	иә	иә	linguistic	_		Begin=273.894|End=274.363
265-0	SPK7003	Rising	265	сендер	сендер	linguistic	_		Begin=274.363
265-1	SPK7003	Rising	265	не	не	linguistic	_		
265-2	SPK7003	Rising	265	қарап	қарап	linguistic	_		
265-3	SPK7003	Rising	265	отырсыңдар	отырсыңдар	linguistic	_		End=275.523
266-0	SPK7002	Falling	266	сені	сені	linguistic	_		Begin=275.920
266-1	SPK7002	Falling	266	қарап	қарап	linguistic	_		
266-2	SPK7002	Falling	266	отырмыз	отырмыз	linguistic	_		End=277.062
267-0	SPK7003	undefined	267	(H)	(H)	_	_		Begin=276.142|End=276.709
268-0	SPK7002	Continuing	268	сол	сол	linguistic	_		Begin=277.062
268-1	SPK7002	Continuing	268	қарап	қарап	linguistic	_		
268-2	SPK7002	Continuing	268	отырған	отырған	linguistic	_		End=277.719
269-0	SPK7002	Falling	269	нәрсеңді	нәрсеңді	linguistic	_		Begin=277.725|End=278.425
270-0	SPK7003	undefined	270	YAWN	YAWN	paraverbal	_		Begin=279.301|End=280.819
271-0	SPK7003	Continuing	271	иә	иә	linguistic	_		Begin=280.819|End=281.611
272-0	SPK7003	Continuing	272	иә	иә	linguistic	_		Begin=281.611|End=282.567
273-0	SPK7003	Falling	273	иә	иә	linguistic	_		Begin=282.567|End=284.001
274-0	SPK7002	Rising	274	енді	енді	linguistic	_		Begin=285.504
274-1	SPK7002	Rising	274	не	не	linguistic	_		
274-2	SPK7002	Rising	274	зат	зат	linguistic	_		
274-3	SPK7002	Rising	274	анау	анау	linguistic	_		End=286.365
275-0	SPK7002	Continuing	275	қарап	қарап	linguistic	_		Begin=286.365
275-1	SPK7002	Continuing	275	отырған	отырған	linguistic	_		End=287.012
276-0	SPK7002	Continuing	276	ана	ана	linguistic	_		Begin=287.012|End=287.247
277-0	SPK7002	Rising	277	қызыл	қызыл	linguistic	_		Begin=287.247
277-1	SPK7002	Rising	277	майкасы	майкасы	linguistic	_		
277-2	SPK7002	Rising	277	не	не	linguistic	_		
277-3	SPK7002	Rising	277	зат	зат	linguistic	_		End=288.740
278-0	SPK7003	Continuing	278	жоқ	жоқ	linguistic	_		Begin=289.443|End=290.049
279-0	SPK7003	Falling	279	ана	ана	linguistic	_		Begin=290.049
279-1	SPK7003	Falling	279	алдындағы	алдындағы	linguistic	_		
279-2	SPK7003	Falling	279	мынаны	мынаны	linguistic	_		
279-3	SPK7003	Falling	279	қалай	қалай	linguistic	_		
279-4	SPK7003	Falling	279	ба-	ба	linguistic	_	Interrupted=Yes	End=291.102
280-0	SPK7003	Falling	280	бәсе	бәсе	linguistic	_		Begin=291.102
280-1	SPK7003	Falling	280	өзгеру	өзгеру	linguistic	_		
280-2	SPK7003	Falling	280	керек	керек	linguistic	_		
280-3	SPK7003	Falling	280	шығар	шығар	linguistic	_		End=292.067
281-0	SPK7003	Continuing	281	нешеде	нешеде	linguistic	_		Begin=294.987|End=295.647
282-0	SPK7003	Interrupted	282	сағат	сағат	linguistic	_		Begin=295.647
282-1	SPK7003	Interrupted	282	нешеде	нешеде	linguistic	_		
282-2	SPK7003	Interrupted	282	келемін-	келемін	linguistic	_	Interrupted=Yes	End=296.567
283-0	SPK7003	Rising	283	жаяу	жаяу	linguistic	_		Begin=296.567
283-1	SPK7003	Rising	283	келем	келем	linguistic	_		
283-2	SPK7003	Rising	283	деді	деді	linguistic	_		
283-3	SPK7003	Rising	283	ме	ме	linguistic	_		End=297.403
284-0	SPK7002	Continuing	284	иә	иә	linguistic	_		Begin=297.923|End=298.328
285-0	SPK7002	Falling	285	өзі	өзі	linguistic	_		Begin=298.335
285-1	SPK7002	Falling	285	келе	келе	linguistic	_		
285-2	SPK7002	Falling	285	береді	береді	linguistic	_		End=299.342
286-0	SPK7003	Interrupted	286	ис-	ис	linguistic	_	Interrupted=Yes	Begin=300.744|End=300.992
287-0	SPK7003	Rising	287	не	не	linguistic	_		Begin=300.992
287-1	SPK7003	Rising	287	істеп	істеп	linguistic	_		
287-2	SPK7003	Rising	287	отырлар	отырлар	linguistic	_		
287-3	SPK7003	Rising	287	олар	олар	linguistic	_		End=301.824
288-0	SPK7002	Continuing	288	олар	олар	linguistic	_		Begin=302.181|End=302.820
289-0	SPK7003	Rising	289	walts	walts	linguistic	_		Begin=302.740
289-1	SPK7003	Rising	289	па	па	linguistic	_		End=303.363
290-0	SPK7002	Interrupted	290	вып-	вып	linguistic	_	Interrupted=Yes	Begin=302.820|End=303.190
291-0	SPK7002	Falling	291	иә:	иә	linguistic	_	Prolongation=1	Begin=303.371|End=303.708
292-0	SPK7002	Continuing	292	выпускной	выпускной	linguistic	_		Begin=303.808|End=304.708
293-0	SPK7002	Falling	293	а	а	linguistic	_		Begin=304.797
293-1	SPK7002	Falling	293	выпускной	выпускной	linguistic	_		
293-2	SPK7002	Falling	293	емес	емес	linguistic	_		End=305.724
294-0	SPK7002	Continuing	294	последний	последний	linguistic	_		Begin=305.797|End=306.329
295-0	SPK7002	Continuing	295	звоно:к	звонок	linguistic	_	Prolongation=4	Begin=306.503|End=307.224
296-0	SPK7002	Continuing	296	подготовка	подготовка	linguistic	_		Begin=308.434
296-1	SPK7002	Continuing	296	к	к	linguistic	_		
296-2	SPK7002	Continuing	296	линейке	линейке	linguistic	_		End=309.782
297-0	SPK7002	Continuing	297	и:	и	linguistic	_	Prolongation=0	Begin=310.876|End=311.761
298-0	SPK7002	Continuing	298	там	там	linguistic	_		Begin=311.761
298-1	SPK7002	Continuing	298	уже	уже	linguistic	_		End=312.082
299-0	SPK7002	Continuing	299	школьный	школьный	linguistic	_		Begin=312.082
299-1	SPK7002	Continuing	299	вальс	вальс	linguistic	_		
299-2	SPK7002	Continuing	299	деді	деді	linguistic	_		
299-3	SPK7002	Continuing	299	ме	ме	linguistic	_		End=313.071
300-0	SPK7002	Falling	300	бірдеңе	бірдеңе	linguistic	_		Begin=313.103
300-1	SPK7002	Falling	300	деді	деді	linguistic	_		End=314.403
301-0	SPK7002	undefined	301	(H)	(H)	_	_		Begin=314.703|End=315.424
302-0	SPK7003	Continuing	302	а:	а	linguistic	_	Prolongation=0	Begin=315.947|End=316.425
303-0	SPK7002	Falling	303	өздерінің	өздерінің	linguistic	_		Begin=316.118
303-1	SPK7002	Falling	303	дайындығы	дайындығы	linguistic	_		End=317.824
304-0	SPK7003	Rising	304	не	не	linguistic	_		Begin=316.425
304-1	SPK7003	Rising	304	ме	ме	linguistic	_		End=317.080
305-0	SPK7003	Rising	305	жаттығу	жаттығу	linguistic	_		Begin=317.762
305-1	SPK7003	Rising	305	ма	ма	linguistic	_		End=318.390
306-0	SPK7002	Continuing	306	иә	иә	linguistic	_		Begin=318.650|End=319.029
307-0	SPK7002	Falling	307	репетиция	репетиция	linguistic	_		Begin=319.029|End=320.250
308-0	SPK7002	Rising	308	енді	енді	linguistic	_		Begin=321.713
308-1	SPK7002	Rising	308	неше	неше	linguistic	_		End=322.418
309-0	SPK7003	Rising	309	күнде	күнде	linguistic	_		Begin=322.169
309-1	SPK7003	Rising	309	жасайды	жасайды	linguistic	_		
309-2	SPK7003	Rising	309	ма	ма	linguistic	_		
309-3	SPK7003	Rising	309	сонда	сонда	linguistic	_		End=323.089
310-0	SPK7002	Continuing	310	иә	иә	linguistic	_		Begin=323.513|End=323.613
311-0	SPK7002	Continuing	311	күнде	күнде	linguistic	_		Begin=323.613
311-1	SPK7002	Continuing	311	жасайды	жасайды	linguistic	_		End=324.066
312-0	SPK7002	Falling	312	азғантай	азғантай	linguistic	_		Begin=324.066
312-1	SPK7002	Falling	312	күн	күн	linguistic	_		
312-2	SPK7002	Falling	312	қалды	қалды	linguistic	_		
312-3	SPK7002	Falling	312	ғой	ғой	linguistic	_		End=325.361
313-0	SPK7003	undefined	313	(H)	(H)	_	_		Begin=324.815|End=325.731
314-0	SPK7003	Falling	314	а	а	linguistic	_		Begin=325.771|End=326.700
315-0	SPK7002	Continuing	315	енді	енді	linguistic	_		Begin=326.040
315-1	SPK7002	Continuing	315	кеше	кеше	linguistic	_		End=326.545
316-0	SPK7002	Continuing	316	он	он	linguistic	_		Begin=326.566
316-1	SPK7002	Continuing	316	сегізіне	сегізіне	linguistic	_		
316-2	SPK7002	Continuing	316	бітті	бітті	linguistic	_		
316-3	SPK7002	Continuing	316	ғой	ғой	linguistic	_		End=327.434
317-0	SPK7002	Falling	317	соңғы	соңғы	linguistic	_		Begin=327.434
317-1	SPK7002	Falling	317	емтихандары	емтихандары	linguistic	_		End=329.018
318-0	SPK7002	Continuing	318	түгел	түгел	linguistic	_		Begin=330.271
318-1	SPK7002	Continuing	318	параллель	параллель	linguistic	_		
318-2	SPK7002	Continuing	318	босағандықтан	босағандықтан	linguistic	_		End=331.729
319-0	SPK7003	Falling	319	иә	иә	linguistic	_		Begin=330.877|End=331.306
320-0	SPK7002	Continuing	320	енді	енді	linguistic	_		Begin=331.755
320-1	SPK7002	Continuing	320	өздері	өздері	linguistic	_		End=332.482
321-0	SPK7002	Falling	321	анандай	анандай	linguistic	_		Begin=332.482
321-1	SPK7002	Falling	321	дайындық	дайындық	linguistic	_		
321-2	SPK7002	Falling	321	жүргізеділер	жүргізеділер	linguistic	_		End=334.171
322-0	SPK7003	undefined	322	(H)	(H)	_	_		Begin=333.602|End=334.248
323-0	SPK7003	Falling	323	иә:	иә	linguistic	_	Prolongation=1	Begin=338.244|End=339.235
324-0	SPK7002	undefined	324	(Hx)	(Hx)	_	_		Begin=343.208|End=343.687
325-0	SPK7002	Continuing	325	сен	сен	linguistic	_		Begin=343.792|End=344.224
326-0	SPK7002	Rising	326	не	не	linguistic	_		Begin=344.224
326-1	SPK7002	Rising	326	іздеп	іздеп	linguistic	_		
326-2	SPK7002	Rising	326	отырсың	отырсың	linguistic	_		End=345.371
327-0	SPK7003	Continuing	327	тек	тек	linguistic	_		Begin=345.324|End=345.793
328-0	SPK7003	Falling	328	жай	жай	linguistic	_		Begin=345.793
328-1	SPK7003	Falling	328	қарап	қарап	linguistic	_		
328-2	SPK7003	Falling	328	отырмын	отырмын	linguistic	_		
328-3	SPK7003	Falling	328	мен	мен	linguistic	_		End=346.686
329-0	SPK7002	Continuing	329	жай	жай	linguistic	_		Begin=347.145
329-1	SPK7002	Continuing	329	емес	емес	linguistic	_		End=347.582
330-0	SPK7002	Falling	330	жаңағыны	жаңағыны	linguistic	_		Begin=347.718
330-1	SPK7002	Falling	330	ашсаңшы	ашсаңшы	linguistic	_		End=348.608
331-0	SPK7003	Continuing	331	қазір	қазір	linguistic	_		Begin=348.536
331-1	SPK7003	Continuing	331	қазір	қазір	linguistic	_		End=349.271
332-0	SPK7003	Falling	332	қараймын	қараймын	linguistic	_		Begin=349.271
332-1	SPK7003	Falling	332	қараймын	қараймын	linguistic	_		End=349.881
333-0	SPK7002	undefined	333	##	##	unknown	_		Begin=350.503
333-1	SPK7002	undefined	333	IN_A_WHISPER	IN_A_WHISPER	paraverbal	_		End=351.161
334-0	SPK7003	Falling	334	қазір	қазір	linguistic	_		Begin=350.886
334-1	SPK7003	Falling	334	кішкене	кішкене	linguistic	_		
334-2	SPK7003	Falling	334	шыдай	шыдай	linguistic	_		
334-3	SPK7003	Falling	334	тұр	тұр	linguistic	_		End=352.018
335-0	SPK7003	Continuing	335	оны	оны	linguistic	_		Begin=356.757
335-1	SPK7003	Continuing	335	да	да	linguistic	_		
335-2	SPK7003	Continuing	335	ашу	ашу	linguistic	_		
335-3	SPK7003	Continuing	335	үшін	үшін	linguistic	_		End=357.868
336-0	SPK7003	Falling	336	не	не	linguistic	_		Begin=357.868
336-1	SPK7003	Falling	336	керек	керек	linguistic	_		
336-2	SPK7003	Falling	336	қой	қой	linguistic	_		End=358.709
337-0	SPK7003	Falling	337	екеу	екеу	linguistic	_		Begin=360.970|End=361.850
338-0	SPK7003	Falling	338	қараймын	қараймын	linguistic	_		Begin=363.846
338-1	SPK7003	Falling	338	енді	енді	linguistic	_		End=364.726
339-0	SPK7003	Rising	339	ол	ол	linguistic	_		Begin=367.271
339-1	SPK7003	Rising	339	қандай	қандай	linguistic	_		
339-2	SPK7003	Rising	339	еді	еді	linguistic	_		End=368.111
340-0	SPK7003	Rising	340	Калвин	Калвин	linguistic	_		Begin=368.111
340-1	SPK7003	Rising	340	Кляйн	Кляйн	linguistic	_		
340-2	SPK7003	Rising	340	ба	ба	linguistic	_		End=369.213
341-0	SPK7002	Falling	341	соны	соны	linguistic	_		Begin=369.987
341-1	SPK7002	Falling	341	білмеймін	білмеймін	linguistic	_		End=370.750
342-0	SPK7002	Rising	342	кляйн	кляйн	linguistic	_		Begin=370.750
342-1	SPK7002	Rising	342	ба	ба	linguistic	_		End=371.345
343-0	SPK7002	Rising	343	донна	донна	linguistic	_		Begin=371.445
343-1	SPK7002	Rising	343	каран	каран	linguistic	_		
343-2	SPK7002	Rising	343	ба	ба	linguistic	_		End=372.492
344-0	SPK7003	Falling	344	қазір	қазір	linguistic	_		Begin=372.337|End=372.890
345-0	SPK7002	Continuing	345	бірдеңе	бірдеңе	linguistic	_		Begin=374.045
345-1	SPK7002	Continuing	345	еді	еді	linguistic	_		End=374.592
346-0	SPK7002	Falling	346	әйтеуір	әйтеуір	linguistic	_		Begin=374.692|End=375.061
347-0	SPK7002	undefined	347	(H)	(H)	_	_		Begin=376.087|End=376.913
348-0	SPK7003	Continuing	348	қазір	қазір	linguistic	_		Begin=376.744|End=377.191
349-0	SPK7003	Falling	349	қазі:р	қазір	linguistic	_	Prolongation=3	Begin=377.191|End=378.120
350-0	SPK7002	Continuing	350	қайсысы	қайсысы	linguistic	_		Begin=377.892
350-1	SPK7002	Continuing	350	екен	екен	linguistic	_		End=378.397
351-0	SPK7002	undefined	351	(Hx)	(Hx)	_	_		Begin=378.740|End=379.513
352-0	SPK7002	Falling	352	не	не	linguistic	_		Begin=380.161
352-1	SPK7002	Falling	352	уверена	уверена	linguistic	_		
352-2	SPK7002	Falling	352	болып	болып	linguistic	_		
352-3	SPK7002	Falling	352	тұрмын	тұрмын	linguistic	_		End=381.140
353-0	SPK7002	Continuing	353	қайсысы	қайсысы	linguistic	_		Begin=381.161
353-1	SPK7002	Continuing	353	екенін	екенін	linguistic	_		End=381.655
354-0	SPK7002	Falling	354	есімде	есімде	linguistic	_		Begin=381.655
354-1	SPK7002	Falling	354	жоқ	жоқ	linguistic	_		End=382.697
355-0	SPK7002	Continuing	355	бірақ	бірақ	linguistic	_		Begin=383.687|End=383.950
356-0	SPK7002	Falling	356	моделькасы	моделькасы	linguistic	_		Begin=384.040
356-1	SPK7002	Falling	356	жақсы	жақсы	linguistic	_		
356-2	SPK7002	Falling	356	еді	еді	linguistic	_		End=385.334
357-0	SPK7003	Falling	357	ы:м	ым	linguistic	_	Prolongation=0	Begin=385.589|End=386.408
358-0	SPK7003	Falling	358	қазір	қазір	linguistic	_		Begin=391.408
358-1	SPK7003	Falling	358	қарармыз	қарармыз	linguistic	_		End=392.430
359-0	SPK7003	Rising	359	бала	бала	linguistic	_		Begin=401.607
359-1	SPK7003	Rising	359	не	не	linguistic	_		
359-2	SPK7003	Rising	359	істеп	істеп	linguistic	_		
359-3	SPK7003	Rising	359	жатыр	жатыр	linguistic	_		End=402.403
360-0	SPK7002	Continuing	360	ол	ол	linguistic	_		Begin=404.376
360-1	SPK7002	Continuing	360	бала	бала	linguistic	_		
360-2	SPK7002	Continuing	360	енді	енді	linguistic	_		End=405.155
361-0	SPK7002	Continuing	361	сабағы	сабағы	linguistic	_		Begin=405.950
361-1	SPK7002	Continuing	361	біткесін	біткесін	linguistic	_		End=407.187
362-0	SPK7002	Continuing	362	не	не	linguistic	_		Begin=408.297
362-1	SPK7002	Continuing	362	істесе	істесе	linguistic	_		
362-2	SPK7002	Continuing	362	де	де	linguistic	_		End=408.966
363-0	SPK7002	Falling	363	өзі	өзі	linguistic	_		Begin=408.966
363-1	SPK7002	Falling	363	біледі	біледі	linguistic	_		End=409.708
364-0	SPK7002	Continuing	364	кеше	кеше	linguistic	_		Begin=411.503
364-1	SPK7002	Continuing	364	репетиторство	репетиторство	linguistic	_		
364-2	SPK7002	Continuing	364	жасаған	жасаған	linguistic	_		
364-3	SPK7002	Continuing	364	балалары	балалары	linguistic	_		End=413.682
365-0	SPK7003	Falling	365	иә	иә	linguistic	_		Begin=414.231|End=414.735
366-0	SPK7002	Continuing	366	биологиядан	биологиядан	linguistic	_		Begin=415.703|End=416.824
367-0	SPK7002	Continuing	367	қырықтан	қырықтан	linguistic	_		Begin=417.255|End=417.745
368-0	SPK7002	Continuing	368	отыз	отыз	linguistic	_		Begin=417.766
368-1	SPK7002	Continuing	368	төрт	төрт	linguistic	_		
368-2	SPK7002	Continuing	368	жинап	жинап	linguistic	_		End=418.503
369-0	SPK7002	Falling	369	бес	бес	linguistic	_		Begin=418.503
369-1	SPK7002	Falling	369	алыпты	алыпты	linguistic	_		End=419.471
370-0	SPK7003	Rising	370	өзі	өзі	linguistic	_		Begin=419.660|End=420.315
371-0	SPK7003	Rising	371	өзі	өзі	linguistic	_		Begin=420.315
371-1	SPK7003	Rising	371	қанша	қанша	linguistic	_		End=421.169
372-0	SPK7002	Continuing	372	өзі	өзі	linguistic	_		Begin=420.713|End=421.103
373-0	SPK7002	Falling	373	қырықтан	қырықтан	linguistic	_		Begin=421.103
373-1	SPK7002	Falling	373	отыз	отыз	linguistic	_		
373-2	SPK7002	Falling	373	жеті	жеті	linguistic	_		
373-3	SPK7002	Falling	373	жинапты	жинапты	linguistic	_		End=422.840
374-0	SPK7003	undefined	374	(Hx)	(Hx)	_	_		Begin=422.824|End=423.846
375-0	SPK7002	Continuing	375	біздің	біздің	linguistic	_		Begin=424.245
375-1	SPK7002	Continuing	375	бала	бала	linguistic	_		End=424.961
376-0	SPK7002	Continuing	376	мектеп	мектеп	linguistic	_		Begin=424.961
376-1	SPK7002	Continuing	376	бітірмесе	бітірмесе	linguistic	_		
376-2	SPK7002	Continuing	376	де	де	linguistic	_		End=425.987
377-0	SPK7002	Falling	377	мұғалім	мұғалім	linguistic	_		Begin=426.076
377-1	SPK7002	Falling	377	болып	болып	linguistic	_		
377-2	SPK7002	Falling	377	істей	істей	linguistic	_		
377-3	SPK7002	Falling	377	алатын	алатын	linguistic	_		
377-4	SPK7002	Falling	377	түрі	түрі	linguistic	_		
377-5	SPK7002	Falling	377	бар	бар	linguistic	_		
377-6	SPK7002	Falling	377	ғой	ғой	linguistic	_		End=428.324
378-0	SPK7003	Continuing	378	сол	сол	linguistic	_		Begin=429.381|End=429.801
379-0	SPK7003	Continuing	379	кімге	кімге	linguistic	_		Begin=429.801|End=430.439
380-0	SPK7003	Continuing	380	кім	кім	linguistic	_		Begin=430.439|End=430.810
381-0	SPK7003	Continuing	381	тек	тек	linguistic	_		Begin=430.810
381-1	SPK7003	Continuing	381	бір	бір	linguistic	_		
381-2	SPK7003	Continuing	381	бала	бала	linguistic	_		
381-3	SPK7003	Continuing	381	ма	ма	linguistic	_		End=431.465
382-0	SPK7003	Rising	382	көшір-	көшір	linguistic	_	Interrupted=Yes	Begin=431.465
382-1	SPK7003	Rising	382	үйрететін	үйрететін	linguistic	_		End=432.368
383-0	SPK7003	Rising	383	бір	бір	linguistic	_		Begin=432.368
383-1	SPK7003	Rising	383	балаға	балаға	linguistic	_		
383-2	SPK7003	Rising	383	үйретіп	үйретіп	linguistic	_		
383-3	SPK7003	Rising	383	жүр	жүр	linguistic	_		
383-4	SPK7003	Rising	383	ме	ме	linguistic	_		
383-5	SPK7003	Rising	383	соны	соны	linguistic	_		End=433.487
384-0	SPK7002	Continuing	384	соны	соны	linguistic	_		Begin=433.603
384-1	SPK7002	Continuing	384	не	не	linguistic	_		
384-2	SPK7002	Continuing	384	уверена	уверена	linguistic	_		End=434.408
385-0	SPK7002	Falling	385	бірақ	бірақ	linguistic	_		Begin=434.408
385-1	SPK7002	Falling	385	бір	бір	linguistic	_		
385-2	SPK7002	Falling	385	баланың	баланың	linguistic	_		
385-3	SPK7002	Falling	385	атын	атын	linguistic	_		
385-4	SPK7002	Falling	385	айтады	айтады	linguistic	_		End=435.992
386-0	SPK7003	Rising	386	шамалы	шамалы	linguistic	_		Begin=437.240
386-1	SPK7003	Rising	386	оқитын	оқитын	linguistic	_		
386-2	SPK7003	Rising	386	болған	болған	linguistic	_		
386-3	SPK7003	Rising	386	ба	ба	linguistic	_		
386-4	SPK7003	Rising	386	ол	ол	linguistic	_		End=438.434
387-0	SPK7002	Continuing	387	білмеймін	білмеймін	linguistic	_		Begin=440.350|End=440.703
388-0	SPK7002	Falling	388	қалай	қалай	linguistic	_		Begin=440.703
388-1	SPK7002	Falling	388	екенін	екенін	linguistic	_		End=441.629
389-0	SPK7002	Continuing	389	не	не	linguistic	_		Begin=442.676|End=443.071
390-0	SPK7002	Continuing	390	үші	үші	linguistic	_		Begin=443.071
390-1	SPK7002	Continuing	390	бар	бар	linguistic	_		
390-2	SPK7002	Continuing	390	сияқты	сияқты	linguistic	_		End=443.818
391-0	SPK7002	Falling	391	тоқсанда	тоқсанда	linguistic	_		Begin=443.818|End=444.855
392-0	SPK7003	Falling	392	а:	а	linguistic	_	Prolongation=0	Begin=444.801|End=445.248
393-0	SPK7003	Rising	393	кім	кім	linguistic	_		Begin=445.248
393-1	SPK7003	Rising	393	қалай	қалай	linguistic	_		End=446.107
394-0	SPK7003	Rising	394	Дани	Дани	linguistic	_		Begin=446.363|End=447.191
395-0	SPK7002	Continuing	395	¬Данияр	Данияр	linguistic	_	Anonymized=Yes	Begin=448.045
395-1	SPK7002	Continuing	395	да	да	linguistic	_		End=448.503
396-0	SPK7002	Continuing	396	нашарлады	нашарлады	linguistic	_		Begin=448.503
396-1	SPK7002	Continuing	396	деп	деп	linguistic	_		End=449.403
397-0	SPK7002	Continuing	397	қайта	қайта	linguistic	_		Begin=449.403
397-1	SPK7002	Continuing	397	қайта	қайта	linguistic	_		
397-2	SPK7002	Continuing	397	өткенде	өткенде	linguistic	_		End=450.192
398-0	SPK7002	Falling	398	мамасын	мамасын	linguistic	_		Begin=450.192
398-1	SPK7002	Falling	398	шақырып	шақырып	linguistic	_		
398-2	SPK7002	Falling	398	жүр	жүр	linguistic	_		
398-3	SPK7002	Falling	398	ғой	ғой	linguistic	_		End=451.792
399-0	SPK7003	Falling	399	а:	а	linguistic	_	Prolongation=0	Begin=452.536|End=453.602
400-0	SPK7002	Continuing	400	енді	енді	linguistic	_		Begin=456.745|End=457.092
401-0	SPK7002	Continuing	401	ішінде	ішінде	linguistic	_		Begin=457.092|End=457.555
402-0	SPK7002	Continuing	402	біздің	біздің	linguistic	_		Begin=457.555
402-1	SPK7002	Continuing	402	бала	бала	linguistic	_		
402-2	SPK7002	Continuing	402	мен	мен	linguistic	_		End=458.292
403-0	SPK7002	Continuing	403	тағы	тағы	linguistic	_		Begin=458.292
403-1	SPK7002	Continuing	403	бір	бір	linguistic	_		End=458.955
404-0	SPK7002	Continuing	404	жаңағы	жаңағы	linguistic	_		Begin=461.540|End=461.897
405-0	SPK7002	Falling	405	екінші	екінші	linguistic	_		Begin=461.908
405-1	SPK7002	Falling	405	подгруппадан	подгруппадан	linguistic	_		
405-2	SPK7002	Falling	405	бір	бір	linguistic	_		
405-3	SPK7002	Falling	405	бала	бала	linguistic	_		End=463.697
406-0	SPK7002	Falling	406	екі	екі	linguistic	_		Begin=464.545
406-1	SPK7002	Falling	406	Жары	Жары	linguistic	_		
406-2	SPK7002	Falling	406	бала	бала	linguistic	_		End=465.845
407-0	SPK7002	Continuing	407	жақсы	жақсы	linguistic	_		Begin=466.640
407-1	SPK7002	Continuing	407	оқиды	оқиды	linguistic	_		End=466.971
408-0	SPK7002	Falling	408	сосын	сосын	linguistic	_		Begin=466.971
408-1	SPK7002	Falling	408	тағы	тағы	linguistic	_		
408-2	SPK7002	Falling	408	бір	бір	linguistic	_		
408-3	SPK7002	Falling	408	қызды	қызды	linguistic	_		
408-4	SPK7002	Falling	408	айтып	айтып	linguistic	_		
408-5	SPK7002	Falling	408	жатыр	жатыр	linguistic	_		
408-6	SPK7002	Falling	408	еді	еді	linguistic	_		End=468.682
409-0	SPK7003	Falling	409	ыхым	ыхым	linguistic	_		Begin=468.894|End=469.509
410-0	SPK7002	Continuing	410	сол	сол	linguistic	_		Begin=471.740
410-1	SPK7002	Continuing	410	ана	ана	linguistic	_		
410-2	SPK7002	Continuing	410	бала	бала	linguistic	_		
410-3	SPK7002	Continuing	410	екеуі	екеуі	linguistic	_		End=472.950
411-0	SPK7002	Continuing	411	класстың	класстың	linguistic	_		Begin=473.534
411-1	SPK7002	Continuing	411	ішінде	ішінде	linguistic	_		End=474.661
412-0	SPK7003	Rising	412	баяғы	баяғы	linguistic	_		Begin=473.939
412-1	SPK7003	Rising	412	неге	неге	linguistic	_		
412-2	SPK7003	Rising	412	баратын	баратын	linguistic	_		
412-3	SPK7003	Rising	412	ба	ба	linguistic	_		End=475.018
413-0	SPK7003	Rising	413	ана	ана	linguistic	_		Begin=475.018
413-1	SPK7003	Rising	413	ағылшын	ағылшын	linguistic	_		
413-2	SPK7003	Rising	413	тілге	тілге	linguistic	_		
413-3	SPK7003	Rising	413	баратын	баратын	linguistic	_		
413-4	SPK7003	Rising	413	ба	ба	linguistic	_		End=476.275
414-0	SPK7002	Continuing	414	жоқ	жоқ	linguistic	_		Begin=476.245|End=476.587
415-0	SPK7002	Continuing	415	ағылшынға	ағылшынға	linguistic	_		Begin=476.587
415-1	SPK7002	Continuing	415	бармайды	бармайды	linguistic	_		
415-2	SPK7002	Continuing	415	олар	олар	linguistic	_		End=477.782
416-0	SPK7002	Continuing	416	жаңағы	жаңағы	linguistic	_		Begin=477.782
416-1	SPK7002	Continuing	416	папасы	папасы	linguistic	_		End=478.892
417-0	SPK7002	Continuing	417	Америкада	Америкада	linguistic	_		Begin=479.592
417-1	SPK7002	Continuing	417	стажироваться	стажироваться	linguistic	_		
417-2	SPK7002	Continuing	417	етіп	етіп	linguistic	_		End=481.071
418-0	SPK7002	Falling	418	сол	сол	linguistic	_		Begin=481.071
418-1	SPK7002	Falling	418	жерден	жерден	linguistic	_		
418-2	SPK7002	Falling	418	келген	келген	linguistic	_		
418-3	SPK7002	Falling	418	бала	бала	linguistic	_		
418-4	SPK7002	Falling	418	ғой	ғой	linguistic	_		End=482.266
419-0	SPK7002	Continuing	419	білмеймін	білмеймін	linguistic	_		Begin=482.266|End=482.629
420-0	SPK7003	Falling	420	а:	а	linguistic	_	Prolongation=0	Begin=482.540|End=483.284
421-0	SPK7002	Falling	421	неше	неше	linguistic	_		Begin=482.629
421-1	SPK7002	Falling	421	жыл	жыл	linguistic	_		
421-2	SPK7002	Falling	421	стажироваться	стажироваться	linguistic	_		
421-3	SPK7002	Falling	421	еткен	еткен	linguistic	_		End=484.224
422-0	SPK7002	Continuing	422	ол	ол	linguistic	_		Begin=484.340
422-1	SPK7002	Continuing	422	баланың	баланың	linguistic	_		
422-2	SPK7002	Continuing	422	да	да	linguistic	_		
422-3	SPK7002	Continuing	422	ағылшыны	ағылшыны	linguistic	_		
422-4	SPK7002	Continuing	422	жақсы	жақсы	linguistic	_		End=486.055
423-0	SPK7002	Continuing	423	математикасы	математикасы	linguistic	_		Begin=486.055|End=486.640
424-0	SPK7002	Falling	424	логикасы	логикасы	linguistic	_		Begin=486.640
424-1	SPK7002	Falling	424	мықты	мықты	linguistic	_		End=487.603
425-0	SPK7002	Falling	425	физикасы	физикасы	linguistic	_		Begin=487.603
425-1	SPK7002	Falling	425	жақсы	жақсы	linguistic	_		End=488.687
426-0	SPK7003	undefined	426	(H)	(H)	_	_		Begin=487.726|End=488.501
427-0	SPK7002	Falling	427	екеуі	екеуі	linguistic	_		Begin=489.024
427-1	SPK7002	Falling	427	жарысады	жарысады	linguistic	_		
427-2	SPK7002	Falling	427	да	да	linguistic	_		
427-3	SPK7002	Falling	427	жүреді	жүреді	linguistic	_		End=490.645
428-0	SPK7002	Falling	428	класста	класста	linguistic	_		Begin=491.158
428-1	SPK7002	Falling	428	да	да	linguistic	_		
428-2	SPK7002	Falling	428	сол	сол	linguistic	_		End=492.050
429-0	SPK7003	Falling	429	ы:	ы	linguistic	_	Prolongation=0	Begin=491.266|End=492.005
430-0	SPK7002	Continuing	430	тоқсан	тоқсан	linguistic	_		Begin=492.050
430-1	SPK7002	Continuing	430	сайын	сайын	linguistic	_		End=492.875
431-0	SPK7003	Continuing	431	а	а	linguistic	_		Begin=492.195|End=492.762
432-0	SPK7003	Rising	432	қай	қай	linguistic	_		Begin=492.762
432-1	SPK7003	Rising	432	мектепте	мектепте	linguistic	_		
432-2	SPK7003	Rising	432	оқыды	оқыды	linguistic	_		
432-3	SPK7003	Rising	432	ол	ол	linguistic	_		End=493.841
433-0	SPK7002	Continuing	433	біресе	біресе	linguistic	_		Begin=492.875
433-1	SPK7002	Continuing	433	анау	анау	linguistic	_		
433-2	SPK7002	Continuing	433	бірінші	бірінші	linguistic	_		End=493.740
434-0	SPK7002	Falling	434	мынау	мынау	linguistic	_		Begin=493.740
434-1	SPK7002	Falling	434	екінші	екінші	linguistic	_		End=494.375
435-0	SPK7002	Falling	435	біресе	біресе	linguistic	_		Begin=494.375
435-1	SPK7002	Falling	435	анау	анау	linguistic	_		
435-2	SPK7002	Falling	435	не	не	linguistic	_		End=495.334
436-0	SPK7003	Continuing	436	мына	мына	linguistic	_		Begin=495.027
436-1	SPK7003	Continuing	436	мектепке	мектепке	linguistic	_		
436-2	SPK7003	Continuing	436	дейін	дейін	linguistic	_		End=495.863
437-0	SPK7002	undefined	437	(H)	(H)	_	_		Begin=495.334|End=496.226
438-0	SPK7003	Rising	438	қай	қай	linguistic	_		Begin=495.863
438-1	SPK7003	Rising	438	мектепте	мектепте	linguistic	_		
438-2	SPK7003	Rising	438	оқыды	оқыды	linguistic	_		End=496.611
439-0	SPK7002	Continuing	439	(Hx)	(Hx)	_	_		Begin=496.861
439-1	SPK7002	Continuing	439	ы:	ы	linguistic	_	Prolongation=0	End=497.172
440-0	SPK7002	Falling	440	оныншы	оныншы	linguistic	_		Begin=497.172
440-1	SPK7002	Falling	440	мектептен	мектептен	linguistic	_		
440-2	SPK7002	Falling	440	келген	келген	linguistic	_		
440-3	SPK7002	Falling	440	ау	ау	linguistic	_		
440-4	SPK7002	Falling	440	деймін	деймін	linguistic	_		End=498.875
441-0	SPK7002	undefined	441	(Hx)	(Hx)	_	_		Begin=498.875|End=499.947
442-0	SPK7003	Falling	442	а:	а	linguistic	_	Prolongation=0	Begin=500.023|End=500.828
443-0	SPK7002	Continuing	443	былай	былай	linguistic	_		Begin=504.142
443-1	SPK7002	Continuing	443	енді	енді	linguistic	_		End=505.045
444-0	SPK7002	Continuing	444	ол	ол	linguistic	_		Begin=505.071
444-1	SPK7002	Continuing	444	бала	бала	linguistic	_		
444-2	SPK7002	Continuing	444	мектепке	мектепке	linguistic	_		
444-3	SPK7002	Continuing	444	өзі	өзі	linguistic	_		End=506.395
445-0	SPK7003	Continuing	445	ол	ол	linguistic	_		Begin=505.372
445-1	SPK7003	Continuing	445	не	не	linguistic	_		
445-2	SPK7003	Continuing	445	ме	ме	linguistic	_		End=506.253
446-0	SPK7002	Continuing	446	несі	несі	linguistic	_		Begin=506.395|End=507.227
447-0	SPK7003	Rising	447	Америкада	Америкада	linguistic	_		Begin=506.492
447-1	SPK7003	Rising	447	туған	туған	linguistic	_		
447-2	SPK7003	Rising	447	ба	ба	linguistic	_		
447-3	SPK7003	Rising	447	ол	ол	linguistic	_		End=507.881
448-0	SPK7002	Falling	448	жо:қ	жоқ	linguistic	_	Prolongation=1	Begin=507.928|End=508.434
449-0	SPK7002	Falling	449	осынан	осынан	linguistic	_		Begin=508.434
449-1	SPK7002	Falling	449	кеткен	кеткен	linguistic	_		
449-2	SPK7002	Falling	449	ғой	ғой	linguistic	_		End=509.740
450-0	SPK7003	Falling	450	а:	а	linguistic	_	Prolongation=0	Begin=510.492|End=511.505
451-0	SPK7002	Continuing	451	осынан	осынан	linguistic	_		Begin=511.038
451-1	SPK7002	Continuing	451	кетіп	кетіп	linguistic	_		End=511.941
452-0	SPK7003	Rising	452	а	а	linguistic	_		Begin=511.655
452-1	SPK7003	Rising	452	әкесі	әкесі	linguistic	_		
452-2	SPK7003	Rising	452	қайда	қайда	linguistic	_		
452-3	SPK7003	Rising	452	істейді	істейді	linguistic	_		End=512.868
453-0	SPK7002	Falling	453	білмеймін	білмеймін	linguistic	_		Begin=513.285|End=513.778
454-0	SPK7003	Rising	454	ТШО	ТШО	linguistic	_		Begin=514.492|End=515.178
455-0	SPK7002	Falling	455	білмеймін	білмеймін	linguistic	_		Begin=515.285|End=516.298
456-0	SPK7002	Continuing	456	дым	дым	linguistic	_		Begin=516.330
456-1	SPK7002	Continuing	456	дым	дым	linguistic	_		
456-2	SPK7002	Continuing	456	дым	дым	linguistic	_		End=516.928
457-0	SPK7002	Falling	457	білмеймін	білмеймін	linguistic	_		Begin=516.947|End=517.506
458-0	SPK7002	Continuing	458	ондай	ондай	linguistic	_		Begin=517.506|End=517.895
459-0	SPK7002	Falling	459	информация	информация	linguistic	_		Begin=517.895
459-1	SPK7002	Falling	459	жоқ	жоқ	linguistic	_		
459-2	SPK7002	Falling	459	менде	менде	linguistic	_		End=519.499
460-0	SPK7003	Falling	460	а	а	linguistic	_		Begin=522.487|End=523.085
461-0	SPK7002	Continuing	461	әйтеуір	әйтеуір	linguistic	_		Begin=523.343|End=523.798
462-0	SPK7002	Continuing	462	не	не	linguistic	_		Begin=523.798|End=524.369
463-0	SPK7002	Continuing	463	ы:	ы	linguistic	_	Prolongation=0	Begin=526.045|End=526.765
464-0	SPK7002	Continuing	464	математический	математический	linguistic	_		Begin=526.765
464-1	SPK7002	Continuing	464	склад	склад	linguistic	_		
464-2	SPK7002	Continuing	464	ума	ума	linguistic	_		End=528.317
465-0	SPK7002	Falling	465	логикасы	логикасы	linguistic	_		Begin=528.317
465-1	SPK7002	Falling	465	мықты	мықты	linguistic	_		
465-2	SPK7002	Falling	465	ол	ол	linguistic	_		
465-3	SPK7002	Falling	465	баланың	баланың	linguistic	_		End=529.850
466-0	SPK7003	undefined	466	(H)	(H)	_	_		Begin=529.735|End=530.518
467-0	SPK7003	Continuing	467	шешесі	шешесі	linguistic	_		Begin=530.633
467-1	SPK7003	Continuing	467	қарап	қарап	linguistic	_		
467-2	SPK7003	Continuing	467	отырған	отырған	linguistic	_		
467-3	SPK7003	Continuing	467	шығар	шығар	linguistic	_		End=532.142
468-0	SPK7003	Falling	468	сабағына	сабағына	linguistic	_		Begin=532.142|End=532.859
469-0	SPK7002	Continuing	469	негізі	негізі	linguistic	_		Begin=534.753
469-1	SPK7002	Continuing	469	мен	мен	linguistic	_		
469-2	SPK7002	Continuing	469	естіп	естіп	linguistic	_		
469-3	SPK7002	Continuing	469	едім	едім	linguistic	_		End=535.727
470-0	SPK7002	Continuing	470	мамасы:	мамасы	linguistic	_	Prolongation=5	Begin=535.727|End=537.019
471-0	SPK7002	Falling	471	Есеновте	Есеновте	linguistic	_		Begin=537.019
471-1	SPK7002	Falling	471	сабақ	сабақ	linguistic	_		
471-2	SPK7002	Falling	471	береді	береді	linguistic	_		
471-3	SPK7002	Falling	471	деп	деп	linguistic	_		End=538.493
472-0	SPK7003	Falling	472	а:	а	linguistic	_	Prolongation=0	Begin=539.027|End=539.899
473-0	SPK7002	Continuing	473	бірақ	бірақ	linguistic	_		Begin=539.350
473-1	SPK7002	Continuing	473	қазір	қазір	linguistic	_		End=539.921
474-0	SPK7002	Continuing	474	декретныйда	декретныйда	linguistic	_		Begin=539.921
474-1	SPK7002	Continuing	474	отырған	отырған	linguistic	_		
474-2	SPK7002	Continuing	474	адам	адам	linguistic	_		
474-3	SPK7002	Continuing	474	сияқты	сияқты	linguistic	_		End=541.324
475-0	SPK7002	Continuing	475	бірақ	бірақ	linguistic	_		Begin=541.324
475-1	SPK7002	Continuing	475	қай	қай	linguistic	_		
475-2	SPK7002	Continuing	475	пәннен	пәннен	linguistic	_		
475-3	SPK7002	Continuing	475	береді	береді	linguistic	_		End=542.201
476-0	SPK7002	Falling	476	білмеймін	білмеймін	linguistic	_		Begin=542.201|End=542.740
477-0	SPK7003	undefined	477	(H)	(H)	_	_		Begin=542.310|End=543.226
478-0	SPK7002	Continuing	478	қазір	қазір	linguistic	_		Begin=543.941
478-1	SPK7002	Continuing	478	жұмыс	жұмыс	linguistic	_		
478-2	SPK7002	Continuing	478	жасамайды	жасамайды	linguistic	_		End=544.804
479-0	SPK7002	Falling	479	кішкентай	кішкентай	linguistic	_		Begin=544.804
479-1	SPK7002	Falling	479	баласы	баласы	linguistic	_		
479-2	SPK7002	Falling	479	бар	бар	linguistic	_		End=545.753
480-0	SPK7002	Continuing	480	жасқа	жасқа	linguistic	_		Begin=545.889
480-1	SPK7002	Continuing	480	толған	толған	linguistic	_		
480-2	SPK7002	Continuing	480	ба	ба	linguistic	_		End=546.941
481-0	SPK7002	Continuing	481	толмаған	толмаған	linguistic	_		Begin=546.941
481-1	SPK7002	Continuing	481	ба	ба	linguistic	_		End=547.811
482-0	SPK7002	Continuing	482	толса	толса	linguistic	_		Begin=547.811
482-1	SPK7002	Continuing	482	да	да	linguistic	_		End=548.149
483-0	SPK7002	Continuing	483	жақында	жақында	linguistic	_		Begin=548.149
483-1	SPK7002	Continuing	483	толған	толған	linguistic	_		
483-2	SPK7002	Continuing	483	ба	ба	linguistic	_		End=549.012
484-0	SPK7002	Continuing	484	сондай	сондай	linguistic	_		Begin=549.019|End=549.330
485-0	SPK7002	Falling	485	бір	бір	linguistic	_		Begin=549.330
485-1	SPK7002	Falling	485	не	не	linguistic	_		End=550.051
486-0	SPK7002	undefined	486	(Hx)	(Hx)	_	_		Begin=550.694|End=551.220
487-0	SPK7002	Continuing	487	ым:	ым	linguistic	_	Prolongation=1	Begin=551.220|End=551.636
488-0	SPK7002	Continuing	488	алдында	алдында	linguistic	_		Begin=551.636|End=551.986
489-0	SPK7002	Continuing	489	ана	ана	linguistic	_		Begin=551.986
489-1	SPK7002	Continuing	489	физикаға	физикаға	linguistic	_		End=552.623
490-0	SPK7002	Continuing	490	бірге	бірге	linguistic	_		Begin=552.623
490-1	SPK7002	Continuing	490	қатысып	қатысып	linguistic	_		
490-2	SPK7002	Continuing	490	жүрді	жүрді	linguistic	_		
490-3	SPK7002	Continuing	490	ғой	ғой	linguistic	_		End=553.642
491-0	SPK7002	Continuing	491	неге	неге	linguistic	_		Begin=553.655|End=554.064
492-0	SPK7002	Falling	492	Uniqқа	Uniqқа	linguistic	_		Begin=554.064|End=554.467
493-0	SPK7002	Falling	493	сол	сол	linguistic	_		Begin=554.467
493-1	SPK7002	Falling	493	бала	бала	linguistic	_		End=555.129
494-0	SPK7003	Falling	494	иә	иә	linguistic	_		Begin=555.125|End=555.563
495-0	SPK7002	Continuing	495	сол	сол	linguistic	_		Begin=556.642
495-1	SPK7002	Continuing	495	екеуі	екеуі	linguistic	_		
495-2	SPK7002	Continuing	495	жарысып	жарысып	linguistic	_		End=557.642
496-0	SPK7002	Falling	496	келе	келе	linguistic	_		Begin=557.642
496-1	SPK7002	Falling	496	жатқан	жатқан	linguistic	_		End=558.103
497-0	SPK7002	Rising	497	қайда	қайда	linguistic	_		Begin=558.214
497-1	SPK7002	Rising	497	шығып	шығып	linguistic	_		
497-2	SPK7002	Rising	497	кеткенсің	кеткенсің	linguistic	_		End=559.214
498-0	SPK7002	Falling	498	тағы	тағы	linguistic	_		Begin=559.214|End=560.019
499-0	SPK7002	Falling	499	сені	сені	linguistic	_		Begin=560.928
499-1	SPK7002	Falling	499	айтамын	айтамын	linguistic	_		End=561.629
500-0	SPK7002	Rising	500	қайда	қайда	linguistic	_		Begin=561.629
500-1	SPK7002	Rising	500	шығып	шығып	linguistic	_		
500-2	SPK7002	Rising	500	кеткенсің	кеткенсің	linguistic	_		End=562.928
501-0	SPK7003	Continuing	501	жоқ	жоқ	linguistic	_		Begin=562.023|End=562.253
502-0	SPK7003	Continuing	502	мен	мен	linguistic	_		Begin=562.253|End=562.501
503-0	SPK7003	Continuing	503	мен	мен	linguistic	_		Begin=562.881|End=563.341
504-0	SPK7002	Continuing	504	сен	сен	linguistic	_		Begin=562.928
504-1	SPK7002	Continuing	504	басқа	басқа	linguistic	_		
504-2	SPK7002	Continuing	504	отдельда	отдельда	linguistic	_		End=563.571
505-0	SPK7003	Continuing	505	болдым	болдым	linguistic	_		Begin=563.341|End=563.726
506-0	SPK7002	Falling	506	жүрсің	жүрсің	linguistic	_		Begin=563.571|End=564.428
507-0	SPK7003	Continuing	507	болдым	болдым	linguistic	_		Begin=563.726|End=563.996
508-0	SPK7003	Continuing	508	болдым	болдым	linguistic	_		Begin=563.996
508-1	SPK7003	Continuing	508	мінә	мінә	linguistic	_		End=564.501
509-0	SPK7003	Falling	509	болдым	болдым	linguistic	_		Begin=564.501|End=565.240
510-0	SPK7002	Continuing	510	сен	сен	linguistic	_		Begin=564.986
510-1	SPK7002	Continuing	510	деген	деген	linguistic	_		End=565.337
511-0	SPK7002	Falling	511	басқа	басқа	linguistic	_		Begin=565.337
511-1	SPK7002	Falling	511	отдельда	отдельда	linguistic	_		
511-2	SPK7002	Falling	511	жүрсің	жүрсің	linguistic	_		End=566.558
512-0	SPK7003	Falling	512	енді	енді	linguistic	_		Begin=565.417
512-1	SPK7003	Falling	512	мынаны	мынаны	linguistic	_		
512-2	SPK7003	Falling	512	мен	мен	linguistic	_		
512-3	SPK7003	Falling	512	қарап	қарап	linguistic	_		
512-4	SPK7003	Falling	512	жатырмын	жатырмын	linguistic	_		End=566.704
513-0	SPK7003	Falling	513	иә	иә	linguistic	_		Begin=566.704|End=567.178
514-0	SPK7003	Continuing	514	айтпақшы	айтпақшы	linguistic	_		Begin=568.448|End=569.240
515-0	SPK7002	Continuing	515	мен	мен	linguistic	_		Begin=568.564
515-1	SPK7002	Continuing	515	әлі	әлі	linguistic	_		
515-2	SPK7002	Continuing	515	күтіп	күтіп	linguistic	_		
515-3	SPK7002	Continuing	515	отырмын	отырмын	linguistic	_		End=569.363
516-0	SPK7002	Continuing	516	бұл	бұл	linguistic	_		Begin=569.363
516-1	SPK7002	Continuing	516	басқа	басқа	linguistic	_		
516-2	SPK7002	Continuing	516	отдельды:	отдельды	linguistic	_	Prolongation=7	End=570.278
517-0	SPK7002	Falling	517	қыдырып	қыдырып	linguistic	_		Begin=570.278
517-1	SPK7002	Falling	517	жүр	жүр	linguistic	_		
517-2	SPK7002	Falling	517	арқайын	арқайын	linguistic	_		End=571.376
518-0	SPK7003	Rising	518	мынау	мынау	linguistic	_		Begin=573.253
518-1	SPK7003	Rising	518	ма	ма	linguistic	_		End=573.872
519-0	SPK7002	Falling	519	жоқ	жоқ	linguistic	_		Begin=574.558|End=574.843
520-0	SPK7002	Continuing	520	қайсы	қайсы	linguistic	_		Begin=574.843|End=574.928
521-0	SPK7002	Falling	521	мен	мен	linguistic	_		Begin=574.928
521-1	SPK7002	Falling	521	өзім	өзім	linguistic	_		
521-2	SPK7002	Falling	521	қарайыншы	қарайыншы	linguistic	_		End=575.999
522-0	SPK7003	Falling	522	мә	мә	linguistic	_		Begin=576.748
522-1	SPK7003	Falling	522	сен	сен	linguistic	_		
522-2	SPK7003	Falling	522	қара	қара	linguistic	_		End=577.501
523-0	SPK7002	undefined	523	(Hx)	(Hx)	_	_		Begin=577.603|End=578.304
524-0	SPK7003	Continuing	524	мә	мә	linguistic	_		Begin=580.248
524-1	SPK7003	Continuing	524	әлде	әлде	linguistic	_		End=580.585
525-0	SPK7003	Rising	525	мынау	мынау	linguistic	_		Begin=580.585
525-1	SPK7003	Rising	525	ма	ма	linguistic	_		End=580.956
526-0	SPK7003	Falling	526	мынау	мынау	linguistic	_		Begin=581.514
526-1	SPK7003	Falling	526	саған	саған	linguistic	_		End=582.257
527-0	SPK7003	undefined	527	(H)	(H)	_	_		Begin=583.474|End=584.213
528-0	SPK7002	Continuing	528	оны	оны	linguistic	_		Begin=583.480
528-1	SPK7002	Continuing	528	маған	маған	linguistic	_		
528-2	SPK7002	Continuing	528	емес	емес	linguistic	_		End=584.499
529-0	SPK7002	Continuing	529	біз	біз	linguistic	_		Begin=584.499
529-1	SPK7002	Continuing	529	саған	саған	linguistic	_		
529-2	SPK7002	Continuing	529	сыйлаймыз	сыйлаймыз	linguistic	_		End=585.714
530-0	SPK7002	Falling	530	алып	алып	linguistic	_		Begin=585.714
530-1	SPK7002	Falling	530	беріп	беріп	linguistic	_		End=586.616
531-0	SPK7002	Continuing	531	тұра	тұра	linguistic	_		Begin=589.343
531-1	SPK7002	Continuing	531	ғой	ғой	linguistic	_		End=589.616
532-0	SPK7003	Falling	532	а:й	ай	linguistic	_	Prolongation=0	Begin=589.394|End=589.766
533-0	SPK7002	Falling	533	өзім	өзім	linguistic	_		Begin=589.616
533-1	SPK7002	Falling	533	қарайын	қарайын	linguistic	_		End=590.558
534-0	SPK7002	Falling	534	тұра	тұра	linguistic	_		Begin=592.032
534-1	SPK7002	Falling	534	ғой	ғой	linguistic	_		End=592.577
535-0	SPK7002	Continuing	535	дүкеннің	дүкеннің	linguistic	_		Begin=592.837
535-1	SPK7002	Continuing	535	ішінде	ішінде	linguistic	_		
535-2	SPK7002	Continuing	535	жүрсің	жүрсің	linguistic	_		End=594.129
536-0	SPK7002	Falling	536	ұмытпа	ұмытпа	linguistic	_		Begin=594.129|End=594.837
537-0	SPK7003	Falling	537	иә	иә	linguistic	_		Begin=595.067|End=595.660
538-0	SPK7002	Continuing	538	онлайн	онлайн	linguistic	_		Begin=595.740
538-1	SPK7002	Continuing	538	болса	болса	linguistic	_		
538-2	SPK7002	Continuing	538	да	да	linguistic	_		End=596.324
539-0	SPK7002	Falling	539	дүкен	дүкен	linguistic	_		Begin=596.324
539-1	SPK7002	Falling	539	ғой	ғой	linguistic	_		End=597.038
540-0	SPK7003	Rising	540	не	не	linguistic	_		Begin=597.965
540-1	SPK7003	Rising	540	болды	болды	linguistic	_		End=598.611
541-0	SPK7002	undefined	541	(Hx)	(Hx)	_	_		Begin=601.746|End=602.376
542-0	SPK7003	Falling	542	қара	қара	linguistic	_		Begin=602.138
542-1	SPK7003	Falling	542	ал	ал	linguistic	_		End=602.625
543-0	SPK7003	Falling	543	сұра	сұра	linguistic	_		Begin=603.753|End=604.461
544-0	SPK7003	Falling	544	көрсет	көрсет	linguistic	_		Begin=605.182|End=605.797
545-0	SPK7002	Rising	545	түсіндіріп	түсіндіріп	linguistic	_		Begin=605.740
545-1	SPK7002	Rising	545	айтасың	айтасың	linguistic	_		
545-2	SPK7002	Rising	545	ба	ба	linguistic	_		End=607.188
546-0	SPK7003	undefined	546	(Hx)	(Hx)	_	_		Begin=608.487|End=609.474
547-0	SPK7002	Rising	547	анау	анау	linguistic	_		Begin=610.837
547-1	SPK7002	Rising	547	өтіп	өтіп	linguistic	_		
547-2	SPK7002	Rising	547	кеткен	кеткен	linguistic	_		
547-3	SPK7002	Rising	547	емес	емес	linguistic	_		
547-4	SPK7002	Rising	547	пе	пе	linguistic	_		
547-5	SPK7002	Rising	547	екен	екен	linguistic	_		End=612.168
548-0	SPK7002	Falling	548	біз	біз	linguistic	_		Begin=612.168
548-1	SPK7002	Falling	548	қарап	қарап	linguistic	_		
548-2	SPK7002	Falling	548	отырғанда	отырғанда	linguistic	_		End=613.389
549-0	SPK7002	Continuing	549	бірақ	бірақ	linguistic	_		Begin=614.727
549-1	SPK7002	Continuing	549	бәрі	бәрі	linguistic	_		
549-2	SPK7002	Continuing	549	размер	размер	linguistic	_		End=615.538
550-0	SPK7002	Falling	550	бірдей	бірдей	linguistic	_		Begin=615.538
550-1	SPK7002	Falling	550	өтіп	өтіп	linguistic	_		
550-2	SPK7002	Falling	550	кету	кету	linguistic	_		
550-3	SPK7002	Falling	550	мүмкін	мүмкін	linguistic	_		
550-4	SPK7002	Falling	550	емес	емес	linguistic	_		
550-5	SPK7002	Falling	550	қой	қой	linguistic	_		End=617.110
551-0	SPK7003	Continuing	551	жоқ	жоқ	linguistic	_		Begin=617.731|End=618.005
552-0	SPK7003	Continuing	552	ол	ол	linguistic	_		Begin=618.005|End=618.297
553-0	SPK7003	Interrupted	553	кіш-	кіш	linguistic	_	Interrupted=Yes	Begin=618.297|End=618.651
554-0	SPK7003	Continuing	554	кішкенеден	кішкенеден	linguistic	_		Begin=618.651
554-1	SPK7003	Continuing	554	кейін	кейін	linguistic	_		
554-2	SPK7003	Continuing	554	шығады	шығады	linguistic	_		End=619.580
555-0	SPK7003	Falling	555	үш	үш	linguistic	_		Begin=619.580
555-1	SPK7003	Falling	555	төрт	төрт	linguistic	_		
555-2	SPK7003	Falling	555	күннен	күннен	linguistic	_		
555-3	SPK7003	Falling	555	кейін	кейін	linguistic	_		End=620.412
556-0	SPK7003	Continuing	556	жоқ	жоқ	linguistic	_		Begin=620.412
556-1	SPK7003	Continuing	556	болып	болып	linguistic	_		
556-2	SPK7003	Continuing	556	кетеді	кетеді	linguistic	_		
556-3	SPK7003	Continuing	556	де	де	linguistic	_		End=621.138
557-0	SPK7003	Falling	557	шығады	шығады	linguistic	_		Begin=621.138|End=621.478
558-0	SPK7003	Continuing	558	өткенде	өткенде	linguistic	_		Begin=621.478
558-1	SPK7003	Continuing	558	де	де	linguistic	_		
558-2	SPK7003	Continuing	558	бір	бір	linguistic	_		
558-3	SPK7003	Continuing	558	нәрсе	нәрсе	linguistic	_		End=622.740
559-0	SPK7003	Falling	559	сөйтіп	сөйтіп	linguistic	_		Begin=622.740
559-1	SPK7003	Falling	559	жоқ	жоқ	linguistic	_		
559-2	SPK7003	Falling	559	болып	болып	linguistic	_		
559-3	SPK7003	Falling	559	кеткен	кеткен	linguistic	_		End=623.930
560-0	SPK7002	undefined	560	COUGH	COUGH	paraverbal	_		Begin=624.551|End=624.999
561-0	SPK7002	Continuing	561	мынау	мынау	linguistic	_		Begin=624.999|End=625.233
562-0	SPK7002	Continuing	562	бірінші	бірінші	linguistic	_		Begin=625.233
562-1	SPK7002	Continuing	562	бетінен	бетінен	linguistic	_		
562-2	SPK7002	Continuing	562	қараған	қараған	linguistic	_		
562-3	SPK7002	Continuing	562	жоқсың	жоқсың	linguistic	_		End=626.655
563-0	SPK7002	Rising	563	солай	солай	linguistic	_		Begin=626.655
563-1	SPK7002	Rising	563	ма	ма	linguistic	_		End=627.382
564-0	SPK7003	Continuing	564	жоқ	жоқ	linguistic	_		Begin=627.297|End=627.664
565-0	SPK7003	Continuing	565	бірінші	бірінші	linguistic	_		Begin=627.664
565-1	SPK7003	Continuing	565	беті	беті	linguistic	_		End=628.080
566-0	SPK7003	Falling	566	мен	мен	linguistic	_		Begin=628.080
566-1	SPK7003	Falling	566	оны	оны	linguistic	_		
566-2	SPK7003	Falling	566	қарадым	қарадым	linguistic	_		
566-3	SPK7003	Falling	566	ғой	ғой	linguistic	_		End=628.965
567-0	SPK7003	Falling	567	қайтіп	қайтіп	linguistic	_		Begin=629.629
567-1	SPK7003	Falling	567	қарасаңшы	қарасаңшы	linguistic	_		End=630.695
568-0	SPK7002	Continuing	568	что	что	linguistic	_		Begin=631.740
568-1	SPK7002	Continuing	568	то	то	linguistic	_		
568-2	SPK7002	Continuing	568	мынау	мынау	linguistic	_		End=632.077
569-0	SPK7002	Falling	569	бірінші	бірінші	linguistic	_		Begin=632.077
569-1	SPK7002	Falling	569	бет	бет	linguistic	_		
569-2	SPK7002	Falling	569	емес	емес	linguistic	_		
569-3	SPK7002	Falling	569	сияқты	сияқты	linguistic	_		
569-4	SPK7002	Falling	569	ғой	ғой	linguistic	_		End=633.480
570-0	SPK7002	Continuing	570	тым	тым	linguistic	_		Begin=638.590
570-1	SPK7002	Continuing	570	жақсы	жақсы	linguistic	_		
570-2	SPK7002	Continuing	570	іздеп	іздеп	linguistic	_		End=639.733
571-0	SPK7002	Continuing	571	тауып	тауып	linguistic	_		Begin=639.733|End=639.986
572-0	SPK7002	Continuing	572	ашып	ашып	linguistic	_		Begin=639.986
572-1	SPK7002	Continuing	572	қойған	қойған	linguistic	_		
572-2	SPK7002	Continuing	572	бетімді	бетімді	linguistic	_		End=641.103
573-0	SPK7002	Falling	573	қайда	қайда	linguistic	_		Begin=641.103
573-1	SPK7002	Falling	573	жауып	жауып	linguistic	_		
573-2	SPK7002	Falling	573	тастағансың	тастағансың	linguistic	_		End=642.350
574-0	SPK7003	Continuing	574	ашылмай	ашылмай	linguistic	_		Begin=641.540
574-1	SPK7003	Continuing	574	қалды	қалды	linguistic	_		End=642.492
575-0	SPK7003	Falling	575	енді	енді	linguistic	_		Begin=642.492
575-1	SPK7003	Falling	575	қайтіп	қайтіп	linguistic	_		
575-2	SPK7003	Falling	575	аштым	аштым	linguistic	_		End=643.509
576-0	SPK7002	Continuing	576	мына	мына	linguistic	_		Begin=657.681
576-1	SPK7002	Continuing	576	жерде	жерде	linguistic	_		
576-2	SPK7002	Continuing	576	бар	бар	linguistic	_		
576-3	SPK7002	Continuing	576	ғой	ғой	linguistic	_		End=658.317
577-0	SPK7002	Continuing	577	сол	сол	linguistic	_		Begin=658.317|End=658.837
578-0	SPK7002	Falling	578	донна	донна	linguistic	_		Begin=659.071
578-1	SPK7002	Falling	578	каран	каран	linguistic	_		
578-2	SPK7002	Falling	578	көріп	көріп	linguistic	_		
578-3	SPK7002	Falling	578	жатқан	жатқан	linguistic	_		
578-4	SPK7002	Falling	578	жоқпын	жоқпын	linguistic	_		End=660.558
579-0	SPK7002	Continuing	579	сен	сен	linguistic	_		Begin=660.558
579-1	SPK7002	Continuing	579	белгілеп	белгілеп	linguistic	_		End=661.382
580-0	SPK7002	Rising	580	бөліп	бөліп	linguistic	_		Begin=661.382
580-1	SPK7002	Rising	580	тастаған	тастаған	linguistic	_		
580-2	SPK7002	Rising	580	жоқсың	жоқсың	linguistic	_		
580-3	SPK7002	Rising	580	ба	ба	linguistic	_		End=662.694
581-0	SPK7002	Falling	581	донна	донна	linguistic	_		Begin=662.694
581-1	SPK7002	Falling	581	каранды	каранды	linguistic	_		
581-2	SPK7002	Falling	581	бөлек	бөлек	linguistic	_		End=663.999
582-0	SPK7002	Rising	582	а	а	linguistic	_		Begin=664.980|End=665.376
583-0	SPK7002	Rising	583	¬Серік	Серік	linguistic	_	Anonymized=Yes	Begin=665.376|End=666.058
584-0	SPK7003	Falling	584	жоқ	жоқ	linguistic	_		Begin=665.978|End=666.576
585-0	SPK7002	Falling	585	мына	мына	linguistic	_		Begin=667.746
585-1	SPK7002	Falling	585	жерде	жерде	linguistic	_		
585-2	SPK7002	Falling	585	тек	тек	linguistic	_		
585-3	SPK7002	Falling	585	келвин	келвин	linguistic	_		
585-4	SPK7002	Falling	585	кляйнның	кляйнның	linguistic	_		
585-5	SPK7002	Falling	585	нелері	нелері	linguistic	_		
585-6	SPK7002	Falling	585	тұр	тұр	linguistic	_		End=669.603
586-0	SPK7003	Continuing	586	иә	иә	linguistic	_		Begin=669.386|End=669.580
587-0	SPK7003	Continuing	587	соны	соны	linguistic	_		Begin=669.580
587-1	SPK7003	Continuing	587	ашшы	ашшы	linguistic	_		End=670.147
588-0	SPK7003	Continuing	588	мына	мына	linguistic	_		Begin=683.363|End=683.886
589-0	SPK7003	Continuing	589	үйлер	үйлер	linguistic	_		Begin=683.886|End=684.253
590-0	SPK7003	Falling	590	түсіп	түсіп	linguistic	_		Begin=684.253
590-1	SPK7003	Falling	590	жатқан	жатқан	linguistic	_		
590-2	SPK7003	Falling	590	сияқты	сияқты	linguistic	_		End=685.231
591-0	SPK7002	Rising	591	қай	қай	linguistic	_		Begin=685.486
591-1	SPK7002	Rising	591	үй	үй	linguistic	_		End=686.090
592-0	SPK7003	Continuing	592	кез	кез	linguistic	_		Begin=686.169
592-1	SPK7003	Continuing	592	келген	келген	linguistic	_		
592-2	SPK7003	Continuing	592	үй	үй	linguistic	_		End=687.222
593-0	SPK7003	Continuing	593	мына	мына	linguistic	_		Begin=687.222|End=687.514
594-0	SPK7003	Continuing	594	менің	менің	linguistic	_		Begin=687.514
594-1	SPK7003	Continuing	594	кеше	кеше	linguistic	_		End=688.018
595-0	SPK7003	Continuing	595	риелторлардың	риелторлардың	linguistic	_		Begin=688.018
595-1	SPK7003	Continuing	595	несін	несін	linguistic	_		
595-2	SPK7003	Continuing	595	қарап	қарап	linguistic	_		
595-3	SPK7003	Continuing	595	отырмын	отырмын	linguistic	_		End=689.753
596-0	SPK7003	Falling	596	стористерін	стористерін	linguistic	_		Begin=689.753|End=690.806
597-0	SPK7003	Continuing	597	кілең	кілең	linguistic	_		Begin=691.487
597-1	SPK7003	Continuing	597	жаңа	жаңа	linguistic	_		End=692.125
598-0	SPK7003	Continuing	598	не	не	linguistic	_		Begin=692.125
598-1	SPK7003	Continuing	598	алдында	алдында	linguistic	_		End=692.983
599-0	SPK7002	Rising	599	кәдімгі	кәдімгі	linguistic	_		Begin=692.804
599-1	SPK7002	Rising	599	квартира	квартира	linguistic	_		
599-2	SPK7002	Rising	599	ма	ма	linguistic	_		End=693.714
600-0	SPK7002	Continuing	600	жоқ	жоқ	linguistic	_		Begin=693.714|End=693.753
601-0	SPK7002	Rising	601	жер	жер	linguistic	_		Begin=693.753
601-1	SPK7002	Rising	601	үй	үй	linguistic	_		
601-2	SPK7002	Rising	601	ма	ма	linguistic	_		End=694.590
602-0	SPK7003	Falling	602	квартира	квартира	linguistic	_		Begin=694.514|End=695.226
603-0	SPK7002	undefined	603	###	###	unknown	_		Begin=694.590|End=695.058
604-0	SPK7003	Continuing	604	квартира	квартира	linguistic	_		Begin=695.231|End=695.611
605-0	SPK7003	Falling	605	иә	иә	linguistic	_		Begin=695.611|End=696.164
606-0	SPK7003	Continuing	606	кілең	кілең	linguistic	_		Begin=696.554
606-1	SPK7003	Continuing	606	жаңағы	жаңағы	linguistic	_		End=697.133
607-0	SPK7003	Continuing	607	ы:	ы	linguistic	_	Prolongation=0	Begin=697.133
607-1	SPK7003	Continuing	607	он	он	linguistic	_		
607-2	SPK7003	Continuing	607	миллион	миллион	linguistic	_		End=698.186
608-0	SPK7003	Continuing	608	ценасын	ценасын	linguistic	_		Begin=698.527
608-1	SPK7003	Continuing	608	снижет	снижет	linguistic	_		End=699.487
609-0	SPK7003	Falling	609	тоғыз	тоғыз	linguistic	_		Begin=699.487
609-1	SPK7003	Falling	609	жарым	жарым	linguistic	_		
609-2	SPK7003	Falling	609	деп	деп	linguistic	_		
609-3	SPK7003	Falling	609	шығады	шығады	linguistic	_		End=700.757
610-0	SPK7003	Falling	610	сондай	сондай	linguistic	_		Begin=701.248|End=701.934
611-0	SPK7002	Continuing	611	и:	и	linguistic	_	Prolongation=0	Begin=702.434
611-1	SPK7002	Continuing	611	құрсын	құрсын	linguistic	_		End=703.032
612-0	SPK7002	Continuing	612	түсіп	түсіп	linguistic	_		Begin=703.032
612-1	SPK7002	Continuing	612	жатыр	жатыр	linguistic	_		
612-2	SPK7002	Continuing	612	дегенге	дегенге	linguistic	_		End=703.843
613-0	SPK7003	Continuing	613	өткенде	өткенде	linguistic	_		Begin=703.120|End=703.580
614-0	SPK7003	Continuing	614	интернетке	интернетке	linguistic	_		Begin=703.580
614-1	SPK7003	Continuing	614	де	де	linguistic	_		
614-2	SPK7003	Continuing	614	шықты	шықты	linguistic	_		
614-3	SPK7003	Continuing	614	ғой	ғой	linguistic	_		End=704.394
615-0	SPK7003	Continuing	615	Ақтауда	Ақтауда	linguistic	_		Begin=704.394
615-1	SPK7003	Continuing	615	не	не	linguistic	_		End=705.257
616-0	SPK7002	Falling	616	біршама	біршама	linguistic	_		Begin=705.077
616-1	SPK7002	Falling	616	түскен	түскен	linguistic	_		
616-2	SPK7002	Falling	616	шығар	шығар	linguistic	_		
616-3	SPK7002	Falling	616	десем	десем	linguistic	_		End=706.441
617-0	SPK7003	Continuing	617	жоқ	жоқ	linguistic	_		Begin=707.576|End=707.815
618-0	SPK7003	Continuing	618	ол	ол	linguistic	_		Begin=707.815|End=708.142
619-0	SPK7003	Continuing	619	біршама	біршама	linguistic	_		Begin=708.142|End=708.540
620-0	SPK7003	Falling	620	сразу	сразу	linguistic	_		Begin=708.540
620-1	SPK7003	Falling	620	түспейді	түспейді	linguistic	_		
620-2	SPK7003	Falling	620	ғой	ғой	linguistic	_		End=709.877
621-0	SPK7002	Continuing	621	енді	енді	linguistic	_		Begin=713.817
621-1	SPK7002	Continuing	621	ажиотаж	ажиотаж	linguistic	_		End=714.545
622-0	SPK7002	Continuing	622	бум	бум	linguistic	_		Begin=714.545
622-1	SPK7002	Continuing	622	дегендер	дегендер	linguistic	_		End=715.519
623-0	SPK7002	Continuing	623	біткен	біткен	linguistic	_		Begin=715.519
623-1	SPK7002	Continuing	623	шығар	шығар	linguistic	_		
623-2	SPK7002	Continuing	623	енді	енді	linguistic	_		End=716.278
624-0	SPK7003	Continuing	624	бітті	бітті	linguistic	_		Begin=716.036|End=716.563
625-0	SPK7002	Continuing	625	өзінің	өзінің	linguistic	_		Begin=716.278
625-1	SPK7002	Continuing	625	бағасына	бағасына	linguistic	_		End=716.921
626-0	SPK7003	Falling	626	бәрі	бәрі	linguistic	_		Begin=716.563|End=717.027
627-0	SPK7002	Falling	627	келейін	келейін	linguistic	_		Begin=716.921
627-1	SPK7002	Falling	627	деп	деп	linguistic	_		
627-2	SPK7002	Falling	627	жатқан	жатқан	linguistic	_		
627-3	SPK7002	Falling	627	шығар	шығар	linguistic	_		End=718.006
628-0	SPK7003	undefined	628	(H)	(H)	_	_		Begin=718.009|End=718.602
629-0	SPK7003	Continuing	629	мына	мына	linguistic	_		Begin=718.607
629-1	SPK7003	Continuing	629	үш	үш	linguistic	_		
629-2	SPK7003	Continuing	629	бөлмелі	бөлмелі	linguistic	_		End=719.824
630-0	SPK7003	Continuing	630	он	он	linguistic	_		Begin=719.824
630-1	SPK7003	Continuing	630	алтыншы	алтыншы	linguistic	_		End=720.655
631-0	SPK7003	Continuing	631	шағын	шағын	linguistic	_		Begin=720.655
631-1	SPK7003	Continuing	631	аудан	аудан	linguistic	_		End=721.417
632-0	SPK7003	Falling	632	ЖК	ЖК	linguistic	_		Begin=721.417
632-1	SPK7003	Falling	632	Адал	Адал	linguistic	_		
632-2	SPK7003	Falling	632	дейді	дейді	linguistic	_		End=722.713
633-0	SPK7003	Falling	633	жүзі	жүзі	linguistic	_		Begin=723.726
633-1	SPK7003	Falling	633	черновой	черновой	linguistic	_		End=724.793
634-0	SPK7003	Falling	634	жиырма	жиырма	linguistic	_		Begin=726.368
634-1	SPK7003	Falling	634	бір	бір	linguistic	_		End=727.138
635-0	SPK7002	Falling	635	таба	таба	linguistic	_		Begin=736.538
635-1	SPK7002	Falling	635	алмай	алмай	linguistic	_		
635-2	SPK7002	Falling	635	тұрмын	тұрмын	linguistic	_		End=737.149
636-0	SPK7002	Continuing	636	мынаны	мынаны	linguistic	_		Begin=737.149
636-1	SPK7002	Continuing	636	қарашы	қарашы	linguistic	_		End=737.707
637-0	SPK7002	Falling	637	өткен	өткен	linguistic	_		Begin=737.707
637-1	SPK7002	Falling	637	заказ	заказ	linguistic	_		
637-2	SPK7002	Falling	637	беріп	беріп	linguistic	_		
637-3	SPK7002	Falling	637	тастауым	тастауым	linguistic	_		
637-4	SPK7002	Falling	637	ғой	ғой	linguistic	_		End=739.746
638-0	SPK7003	Continuing	638	оны	оны	linguistic	_		Begin=738.713
638-1	SPK7003	Continuing	638	нені	нені	linguistic	_		
638-2	SPK7003	Continuing	638	қарашы	қарашы	linguistic	_		End=739.514
639-0	SPK7003	Continuing	639	ана	ана	linguistic	_		Begin=739.514|End=740.111
640-0	SPK7003	Continuing	640	Калвин	Калвин	linguistic	_		Begin=740.111
640-1	SPK7003	Continuing	640	Кляйн	Кляйн	linguistic	_		End=740.642
641-0	SPK7003	Continuing	641	джинсы	джинсы	linguistic	_		Begin=740.642|End=741.023
642-0	SPK7003	Continuing	642	¬Айжан	Айжан	linguistic	_	Anonymized=Yes	Begin=741.023|End=741.341
643-0	SPK7003	Falling	643	тек	тек	linguistic	_		Begin=741.341
643-1	SPK7003	Falling	643	мен	мен	linguistic	_		
643-2	SPK7003	Falling	643	оны	оны	linguistic	_		
643-3	SPK7003	Falling	643	ашқан	ашқан	linguistic	_		
643-4	SPK7003	Falling	643	жоқпын	жоқпын	linguistic	_		End=742.726
644-0	SPK7003	Falling	644	бұл	бұл	linguistic	_		Begin=743.996
644-1	SPK7003	Falling	644	сол	сол	linguistic	_		
644-2	SPK7003	Falling	644	жерде	жерде	linguistic	_		
644-3	SPK7003	Falling	644	шығар	шығар	linguistic	_		End=745.240
645-0	SPK7002	Continuing	645	ол	ол	linguistic	_		Begin=745.525
645-1	SPK7002	Continuing	645	джинсы	джинсы	linguistic	_		
645-2	SPK7002	Continuing	645	емес	емес	linguistic	_		End=746.168
646-0	SPK7002	Falling	646	ол	ол	linguistic	_		Begin=746.168
646-1	SPK7002	Falling	646	классический	классический	linguistic	_		
646-2	SPK7002	Falling	646	зат	зат	linguistic	_		
646-3	SPK7002	Falling	646	қой	қой	linguistic	_		End=747.733
647-0	SPK7002	Continuing	647	мен	мен	linguistic	_		Begin=752.240
647-1	SPK7002	Continuing	647	ашқанның	ашқанның	linguistic	_		
647-2	SPK7002	Continuing	647	бәрін	бәрін	linguistic	_		
647-3	SPK7002	Continuing	647	жауып	жауып	linguistic	_		End=753.467
648-0	SPK7002	Rising	648	нең	нең	linguistic	_		Begin=753.467
648-1	SPK7002	Rising	648	бар	бар	linguistic	_		
648-2	SPK7002	Rising	648	еді	еді	linguistic	_		
648-3	SPK7002	Rising	648	сенің	сенің	linguistic	_		End=754.746
649-0	SPK7002	Continuing	649	мен	мен	linguistic	_		Begin=758.473
649-1	SPK7002	Continuing	649	ғой	ғой	linguistic	_		End=758.902
650-0	SPK7002	Continuing	650	өзіме	өзіме	linguistic	_		Begin=758.902
650-1	SPK7002	Continuing	650	керегімді	керегімді	linguistic	_		End=759.688
651-0	SPK7002	Continuing	651	ірікте:п	іріктеп	linguistic	_	Prolongation=5	Begin=759.688|End=760.304
652-0	SPK7002	Falling	652	тым	тым	linguistic	_		Begin=760.304
652-1	SPK7002	Falling	652	жақсы	жақсы	linguistic	_		
652-2	SPK7002	Falling	652	қылып	қылып	linguistic	_		
652-3	SPK7002	Falling	652	қойдым	қойдым	linguistic	_		End=761.733
653-0	SPK7002	Continuing	653	еще	еще	linguistic	_		Begin=771.642
653-1	SPK7002	Continuing	653	өткенде	өткенде	linguistic	_		
653-2	SPK7002	Continuing	653	менің	менің	linguistic	_		
653-3	SPK7002	Continuing	653	ашқандарым	ашқандарым	linguistic	_		End=772.720
654-0	SPK7002	Continuing	654	жоқ	жоқ	linguistic	_		Begin=772.720
654-1	SPK7002	Continuing	654	сияқты	сияқты	linguistic	_		
654-2	SPK7002	Continuing	654	ғой	ғой	linguistic	_		End=773.408
655-0	SPK7002	Falling	655	мына	мына	linguistic	_		Begin=773.408
655-1	SPK7002	Falling	655	жерде	жерде	linguistic	_		End=774.227
656-0	SPK7003	undefined	656	а:	а	linguistic	_	Prolongation=0	Begin=780.886|End=781.576
657-0	SPK7002	Falling	657	қарашы	қарашы	linguistic	_		Begin=781.376
657-1	SPK7002	Falling	657	мынаны	мынаны	linguistic	_		End=782.545
658-0	SPK7002	Rising	658	мынандай	мынандай	linguistic	_		Begin=783.623
658-1	SPK7002	Rising	658	ертең	ертең	linguistic	_		
658-2	SPK7002	Rising	658	аламыз	аламыз	linguistic	_		
658-3	SPK7002	Rising	658	ба	ба	linguistic	_		End=784.714
659-0	SPK7001	Falling	659	skinny	skinny	linguistic	_		Begin=788.627
659-1	SPK7001	Falling	659	ғой	ғой	linguistic	_		
659-2	SPK7001	Falling	659	мынау	мынау	linguistic	_		End=789.740
660-0	SPK7002	Continuing	660	мынау	мынау	linguistic	_		Begin=790.354
660-1	SPK7002	Continuing	660	ғой	ғой	linguistic	_		End=790.834
661-0	SPK7001	undefined	661	а:	а	linguistic	_	Prolongation=0	Begin=790.485|End=790.935
662-0	SPK7002	Falling	662	біздің	біздің	linguistic	_		Begin=790.834
662-1	SPK7002	Falling	662	қарағанымыз	қарағанымыз	linguistic	_		End=791.601
663-0	SPK7001	Falling	663	алайық	алайық	linguistic	_		Begin=792.426|End=792.926
664-0	SPK7002	Falling	664	#	#	unknown	_		Begin=795.503
664-1	SPK7002	Falling	664	болып	болып	linguistic	_		
664-2	SPK7002	Falling	664	тұр	тұр	linguistic	_		End=796.252
665-0	SPK7002	Rising	665	мынау	мынау	linguistic	_		Begin=796.870
665-1	SPK7002	Rising	665	шы	шы	linguistic	_		End=797.525
666-0	SPK7002	Rising	666	мынаны	мынаны	linguistic	_		Begin=798.878
666-1	SPK7002	Rising	666	қарап	қарап	linguistic	_		
666-2	SPK7002	Rising	666	па	па	linguistic	_		
666-3	SPK7002	Rising	666	едік	едік	linguistic	_		End=800.030
667-0	SPK7001	Falling	667	ы:м	ым	linguistic	_	Prolongation=0	Begin=800.053|End=801.502
668-0	SPK7001	Falling	668	мынау	мынау	linguistic	_		Begin=802.621
668-1	SPK7001	Falling	668	да	да	linguistic	_		
668-2	SPK7001	Falling	668	ниче	ниче	linguistic	_		End=803.943
669-0	SPK7001	Falling	669	цветі	цветі	linguistic	_		Begin=803.943|End=804.485
670-0	SPK7001	Continuing	670	¬Айжан	Айжан	linguistic	_	Anonymized=Yes	Begin=805.629
670-1	SPK7001	Continuing	670	мынау	мынау	linguistic	_		
670-2	SPK7001	Continuing	670	слишком	слишком	linguistic	_		End=806.172
671-0	SPK7001	Falling	671	цветі	цветі	linguistic	_		Begin=806.172|End=806.926
672-0	SPK7002	Falling	672	мынау	мынау	linguistic	_		Begin=808.183
672-1	SPK7002	Falling	672	бар	бар	linguistic	_		End=808.776
673-0	SPK7002	Falling	673	енді	енді	linguistic	_		Begin=808.776
673-1	SPK7002	Falling	673	мынау	мынау	linguistic	_		
673-2	SPK7002	Falling	673	жырығы	жырығы	linguistic	_		
673-3	SPK7002	Falling	673	бар	бар	linguistic	_		End=810.252
674-0	SPK7002	Rising	674	қайсы	қайсы	linguistic	_		Begin=812.245|End=812.638
675-0	SPK7001	Falling	675	ыхым	ыхым	linguistic	_		Begin=812.248|End=812.867
676-0	SPK7002	Rising	676	мынау	мынау	linguistic	_		Begin=812.638
676-1	SPK7002	Rising	676	ма	ма	linguistic	_		End=813.296
677-0	SPK7002	Rising	677	мынау	мынау	linguistic	_		Begin=813.434
677-1	SPK7002	Rising	677	ма	ма	linguistic	_		End=814.198
678-0	SPK7001	Falling	678	да	да	linguistic	_		Begin=813.629|End=813.960
679-0	SPK7001	Falling	679	жо-	жо	linguistic	_	Interrupted=Yes	Begin=813.960
679-1	SPK7001	Falling	679	жоқ	жоқ	linguistic	_		End=814.528
680-0	SPK7001	Falling	680	мынау	мынау	linguistic	_		Begin=814.528|End=814.935
681-0	SPK7002	Falling	681	сосын	сосын	linguistic	_		Begin=817.427
681-1	SPK7002	Falling	681	мынау	мынау	linguistic	_		
681-2	SPK7002	Falling	681	бар	бар	linguistic	_		End=818.452
682-0	SPK7002	Continuing	682	классик	классик	linguistic	_		Begin=818.580
682-1	SPK7002	Continuing	682	дегені	дегені	linguistic	_		End=819.643
683-0	SPK7002	Rising	683	мынау	мынау	linguistic	_		Begin=820.335
683-1	SPK7002	Rising	683	ма	ма	linguistic	_		
683-2	SPK7002	Rising	683	еді	еді	linguistic	_		End=820.997
684-0	SPK7002	Rising	684	қарағанымыз	қарағанымыз	linguistic	_		Begin=820.997|End=821.654
685-0	SPK7001	Falling	685	жоқ	жоқ	linguistic	_		Begin=823.248|End=823.790
686-0	SPK7001	Falling	686	мынау	мынау	linguistic	_		Begin=825.850
686-1	SPK7001	Falling	686	шығар	шығар	linguistic	_		End=826.604
687-0	SPK7001	Falling	687	светлыйын	светлыйын	linguistic	_		Begin=829.443
687-1	SPK7001	Falling	687	қараған	қараған	linguistic	_		
687-2	SPK7001	Falling	687	жоқпыз	жоқпыз	linguistic	_		
687-3	SPK7001	Falling	687	ғой	ғой	linguistic	_		End=831.062
688-0	SPK7003	Continuing	688	онда	онда	linguistic	_		Begin=830.496|End=831.252
689-0	SPK7003	Falling	689	ана	ана	linguistic	_		Begin=831.252
689-1	SPK7003	Falling	689	фильтрді	фильтрді	linguistic	_		
689-2	SPK7003	Falling	689	алып	алып	linguistic	_		
689-3	SPK7003	Falling	689	таста	таста	linguistic	_		End=832.496
690-0	SPK7003	Falling	690	басынан	басынан	linguistic	_		Begin=832.496
690-1	SPK7003	Falling	690	бастап	бастап	linguistic	_		
690-2	SPK7003	Falling	690	түгел	түгел	linguistic	_		
690-3	SPK7003	Falling	690	қара	қара	linguistic	_		End=833.715
691-0	SPK7003	Falling	691	¬Айжан	Айжан	linguistic	_	Anonymized=Yes	Begin=833.715|End=833.983
692-0	SPK7003	Continuing	692	екі	екі	linguistic	_		Begin=833.983
692-1	SPK7003	Continuing	692	мың	мың	linguistic	_		End=834.910
693-0	SPK7003	Falling	693	үш	үш	linguistic	_		Begin=834.910
693-1	SPK7003	Falling	693	мың	мың	linguistic	_		
693-2	SPK7003	Falling	693	зат	зат	linguistic	_		
693-3	SPK7003	Falling	693	бар	бар	linguistic	_		
693-4	SPK7003	Falling	693	шығар	шығар	linguistic	_		End=836.105
694-0	SPK7002	Rising	694	мынау	мынау	linguistic	_		Begin=835.744
694-1	SPK7002	Rising	694	ма	ма	linguistic	_		End=836.206
695-0	SPK7003	Continuing	695	одан	одан	linguistic	_		Begin=836.861
695-1	SPK7003	Continuing	695	да	да	linguistic	_		
695-2	SPK7003	Continuing	695	бетер	бетер	linguistic	_		End=837.886
696-0	SPK7003	Falling	696	жақсысы	жақсысы	linguistic	_		Begin=837.886
696-1	SPK7003	Falling	696	табылар	табылар	linguistic	_		End=838.642
697-0	SPK7001	Falling	697	түсі	түсі	linguistic	_		Begin=840.460
697-1	SPK7001	Falling	697	әдемі	әдемі	linguistic	_		End=841.451
698-0	SPK7002	undefined	698	(Hx)	(Hx)	_	_		Begin=840.485|End=841.869
699-0	SPK7002	Rising	699	а	а	linguistic	_		Begin=841.869|End=842.225
700-0	SPK7001	Falling	700	түсі	түсі	linguistic	_		Begin=842.172
700-1	SPK7001	Falling	700	әдемі	әдемі	linguistic	_		End=843.070
701-0	SPK7002	Rising	701	мынаның	мынаның	linguistic	_		Begin=842.845
701-1	SPK7002	Rising	701	ба	ба	linguistic	_		End=843.489
702-0	SPK7001	Falling	702	иә	иә	linguistic	_		Begin=843.655|End=844.392
703-0	SPK7002	Rising	703	несі	несі	linguistic	_		Begin=844.307
703-1	SPK7002	Rising	703	шы	шы	linguistic	_		End=845.163
704-0	SPK7001	Falling	704	андай	андай	linguistic	_		Begin=845.562|End=846.231
705-0	SPK7002	Falling	705	ы:м	ым	linguistic	_	Prolongation=0	Begin=846.273|End=846.706
706-0	SPK7001	Falling	706	нормально	нормально	linguistic	_		Begin=846.723|End=847.629
707-0	SPK7002	Falling	707	мынаны	мынаны	linguistic	_		Begin=847.518
707-1	SPK7002	Falling	707	қара	қара	linguistic	_		
707-2	SPK7002	Falling	707	енді	енді	linguistic	_		End=848.196
708-0	SPK7001	Continuing	708	классик	классик	linguistic	_		Begin=848.180|End=848.731
709-0	SPK7001	Falling	709	деп	деп	linguistic	_		Begin=848.731
709-1	SPK7001	Falling	709	тұр	тұр	linguistic	_		
709-2	SPK7001	Falling	709	ғой	ғой	linguistic	_		End=849.358
710-0	SPK7001	Falling	710	нормально	нормально	linguistic	_		Begin=850.528
710-1	SPK7001	Falling	710	сияқты	сияқты	linguistic	_		End=851.477
711-0	SPK7001	Falling	711	көрдік	көрдік	linguistic	_		Begin=856.155
711-1	SPK7001	Falling	711	қой	қой	linguistic	_		End=856.731
712-0	SPK7001	Falling	712	өткенде	өткенде	linguistic	_		Begin=856.731
712-1	SPK7001	Falling	712	мына	мына	linguistic	_		
712-2	SPK7001	Falling	712	джинсиды	джинсиды	linguistic	_		End=857.790
713-0	SPK7002	Rising	713	осыны	осыны	linguistic	_		Begin=857.557
713-1	SPK7002	Rising	713	көрдік	көрдік	linguistic	_		
713-2	SPK7002	Rising	713	пе	пе	linguistic	_		End=858.432
714-0	SPK7001	Continuing	714	осыны	осыны	linguistic	_		Begin=859.231|End=859.782
715-0	SPK7001	Falling	715	сияқты	сияқты	linguistic	_		Begin=859.782|End=860.324
716-0	SPK7001	Falling	716	а	а	linguistic	_		Begin=861.528
716-1	SPK7001	Falling	716	жоқ	жоқ	linguistic	_		End=862.121
717-0	SPK7001	Falling	717	осыны	осыны	linguistic	_		Begin=862.943
717-1	SPK7001	Falling	717	емес	емес	linguistic	_		End=863.757
718-0	SPK7002	Falling	718	кілең	кілең	linguistic	_		Begin=864.264
718-1	SPK7002	Falling	718	түсі	түсі	linguistic	_		
718-2	SPK7002	Falling	718	әдемі	әдемі	linguistic	_		
718-3	SPK7002	Falling	718	екен	екен	linguistic	_		End=865.446
719-0	SPK7001	Continuing	719	иә	иә	linguistic	_		Begin=865.621|End=866.087
720-0	SPK7001	Continuing	720	бірақ	бірақ	linguistic	_		Begin=866.087
720-1	SPK7001	Continuing	720	ол	ол	linguistic	_		End=866.435
721-0	SPK7001	Falling	721	ана	ана	linguistic	_		Begin=866.435
721-1	SPK7001	Falling	721	джинсидың	джинсидың	linguistic	_		
721-2	SPK7001	Falling	721	түсіндей	түсіндей	linguistic	_		
721-3	SPK7001	Falling	721	ғой	ғой	linguistic	_		
721-4	SPK7001	Falling	721	ол	ол	linguistic	_		End=867.782
722-0	SPK7002	Falling	722	ы:м	ым	linguistic	_	Prolongation=0	Begin=868.340|End=869.047
723-0	SPK7002	Continuing	723	басы	басы	linguistic	_		Begin=873.244
723-1	SPK7002	Continuing	723	жастыққа	жастыққа	linguistic	_		
723-2	SPK7002	Continuing	723	тиді:	тиді	linguistic	_	Prolongation=3	End=874.566
724-0	SPK7002	Falling	724	әндетіп	әндетіп	linguistic	_		Begin=874.566
724-1	SPK7002	Falling	724	бастады:	бастады	linguistic	_	Prolongation=6	End=876.076
725-0	SPK7002	Rising	725	солай	солай	linguistic	_		Begin=876.696
725-1	SPK7002	Rising	725	ма	ма	linguistic	_		End=877.268
726-0	SPK7003	Falling	726	иә	иә	linguistic	_		Begin=877.740|End=878.544
727-0	SPK7002	Continuing	727	ән	ән	linguistic	_		Begin=879.076
727-1	SPK7002	Continuing	727	айтып	айтып	linguistic	_		
727-2	SPK7002	Continuing	727	жатқаныңды	жатқаныңды	linguistic	_		
727-3	SPK7002	Continuing	727	естіп	естіп	linguistic	_		
727-4	SPK7002	Continuing	727	жатсың	жатсың	linguistic	_		
727-5	SPK7002	Continuing	727	ба	ба	linguistic	_		End=880.268
728-0	SPK7002	Rising	728	өзіңді	өзіңді	linguistic	_		Begin=880.268|End=880.922
729-0	SPK7003	Falling	729	жоқ	жоқ	linguistic	_		Begin=881.740|End=882.618
730-0	SPK7002	Continuing	730	э	э	linguistic	_		Begin=883.182|End=883.586
731-0	SPK7002	Falling	731	ән	ән	linguistic	_		Begin=883.586
731-1	SPK7002	Falling	731	күшті	күшті	linguistic	_		
731-2	SPK7002	Falling	731	кетіп	кетіп	linguistic	_		
731-3	SPK7002	Falling	731	жатыр	жатыр	linguistic	_		
731-4	SPK7002	Falling	731	ғой	ғой	linguistic	_		End=884.735
732-0	SPK7003	Rising	732	не	не	linguistic	_		Begin=885.764
732-1	SPK7003	Rising	732	туралы	туралы	linguistic	_		End=886.642
733-0	SPK7002	Falling	733	ән	ән	linguistic	_		Begin=885.869
733-1	SPK7002	Falling	733	##	##	unknown	_		
733-2	SPK7002	Falling	733	#	#	unknown	_		End=886.965
734-0	SPK7002	Falling	734	мынау	мынау	linguistic	_		Begin=889.331|End=889.739
735-0	SPK7002	Falling	735	артынан	артынан	linguistic	_		Begin=889.739
735-1	SPK7002	Falling	735	қара	қара	linguistic	_		End=890.961
736-0	SPK7001	Falling	736	ыхым	ыхым	linguistic	_		Begin=890.706|End=891.341
737-0	SPK7002	Rising	737	түсі	түсі	linguistic	_		Begin=891.153
737-1	SPK7002	Rising	737	қалай	қалай	linguistic	_		End=891.946
738-0	SPK7001	Falling	738	сол	сол	linguistic	_		Begin=891.918
738-1	SPK7001	Falling	738	нормально	нормально	linguistic	_		End=892.858
739-0	SPK7001	Falling	739	мынау	мынау	linguistic	_		Begin=892.858
739-1	SPK7001	Falling	739	әдемі	әдемі	linguistic	_		End=893.494
740-0	SPK7002	Continuing	740	онда	онда	linguistic	_		Begin=894.715|End=895.403
741-0	SPK7002	Falling	741	осыны	осыны	linguistic	_		Begin=895.403
741-1	SPK7002	Falling	741	белгілейік	белгілейік	linguistic	_		End=896.348
742-0	SPK7002	Continuing	742	мә	мә	linguistic	_		Begin=896.580|End=896.841
743-0	SPK7002	Falling	743	мынау	мынау	linguistic	_		Begin=896.841
743-1	SPK7002	Falling	743	мынандай	мынандай	linguistic	_		End=897.740
744-0	SPK7001	Falling	744	size	size	linguistic	_		Begin=899.740
744-1	SPK7001	Falling	744	chart-тан	chart-тан	linguistic	_		
744-2	SPK7001	Falling	744	қарасаңшы	қарасаңшы	linguistic	_		End=901.189
745-0	SPK7001	undefined	745	(H)	(H)	_	_		Begin=904.401|End=905.426
746-0	SPK7001	undefined	746	(Hx)	(Hx)	_	_		Begin=905.426|End=906.731
747-0	SPK7001	Falling	747	мынау	мынау	linguistic	_		Begin=906.731
747-1	SPK7001	Falling	747	еді	еді	linguistic	_		
747-2	SPK7001	Falling	747	ғой	ғой	linguistic	_		
747-3	SPK7001	Falling	747	менікі	менікі	linguistic	_		End=908.163
748-0	SPK7001	Rising	748	да	да	linguistic	_		Begin=908.536|End=909.163
749-0	SPK7002	Rising	749	мынау	мынау	linguistic	_		Begin=909.073
749-1	SPK7002	Rising	749	ма	ма	linguistic	_		End=909.740
750-0	SPK7001	Falling	750	сол	сол	linguistic	_		Begin=909.748
750-1	SPK7001	Falling	750	сияқты	сияқты	linguistic	_		End=910.451
751-0	SPK7002	Falling	751	иә	иә	linguistic	_		Begin=910.274|End=910.782
752-0	SPK7002	Rising	752	он	он	linguistic	_		Begin=910.782
752-1	SPK7002	Rising	752	екі	екі	linguistic	_		End=911.485
753-0	SPK7001	Falling	753	он	он	linguistic	_		Begin=911.392
753-1	SPK7001	Falling	753	екі	екі	linguistic	_		End=912.104
754-0	SPK7002	Falling	754	енді	енді	linguistic	_		Begin=914.129
754-1	SPK7002	Falling	754	он	он	linguistic	_		
754-2	SPK7002	Falling	754	төрт	төрт	linguistic	_		
754-3	SPK7002	Falling	754	үлкен	үлкен	linguistic	_		
754-4	SPK7002	Falling	754	болатын	болатын	linguistic	_		
754-5	SPK7002	Falling	754	шығар	шығар	linguistic	_		End=916.274
755-0	SPK7001	Continuing	755	иә	иә	linguistic	_		Begin=916.028|End=916.409
756-0	SPK7001	Falling	756	он	он	linguistic	_		Begin=916.409
756-1	SPK7001	Falling	756	төрт	төрт	linguistic	_		
756-2	SPK7001	Falling	756	үлкен	үлкен	linguistic	_		End=917.324
757-0	SPK7002	Falling	757	он	он	linguistic	_		Begin=917.485
757-1	SPK7002	Falling	757	екі	екі	linguistic	_		End=918.087
758-0	SPK7002	Continuing	758	онда	онда	linguistic	_		Begin=921.680
758-1	SPK7002	Continuing	758	не	не	linguistic	_		End=922.045
759-0	SPK7002	Rising	759	осыны	осыны	linguistic	_		Begin=922.045
759-1	SPK7002	Rising	759	қоямыз	қоямыз	linguistic	_		
759-2	SPK7002	Rising	759	ба	ба	linguistic	_		
759-3	SPK7002	Rising	759	не	не	linguistic	_		End=922.901
760-0	SPK7001	Falling	760	осыны	осыны	linguistic	_		Begin=923.596
760-1	SPK7001	Falling	760	алайық	алайық	linguistic	_		End=924.596
761-0	SPK7001	Rising	761	басқасы	басқасы	linguistic	_		Begin=926.392
761-1	SPK7001	Rising	761	жоқ	жоқ	linguistic	_		
761-2	SPK7001	Rising	761	па	па	linguistic	_		End=927.384
762-0	SPK7002	Continuing	762	білмеймін	білмеймін	linguistic	_		Begin=929.240|End=929.553
763-0	SPK7002	Continuing	763	осыны	осыны	linguistic	_		Begin=929.553
763-1	SPK7002	Continuing	763	қарадым	қарадым	linguistic	_		
763-2	SPK7002	Continuing	763	мен	мен	linguistic	_		End=930.519
764-0	SPK7002	Continuing	764	енді	енді	linguistic	_		Begin=930.519
764-1	SPK7002	Continuing	764	қарайық	қарайық	linguistic	_		
764-2	SPK7002	Continuing	764	мына	мына	linguistic	_		
764-3	SPK7002	Continuing	764	жерді	жерді	linguistic	_		End=931.451
765-0	SPK7002	Continuing	765	басқа	басқа	linguistic	_		Begin=931.451|End=931.985
766-0	SPK7002	Continuing	766	жоқ	жоқ	linguistic	_		Begin=931.985|End=932.477
767-0	SPK7002	Rising	767	қай	қай	linguistic	_		Begin=932.477
767-1	SPK7002	Rising	767	жер	жер	linguistic	_		
767-2	SPK7002	Rising	767	еді	еді	linguistic	_		End=933.418
768-0	SPK7002	Continuing	768	қосымша	қосымша	linguistic	_		Begin=933.418
768-1	SPK7002	Continuing	768	жаңа	жаңа	linguistic	_		End=934.290
769-0	SPK7002	Rising	769	мынау	мынау	linguistic	_		Begin=934.451
769-1	SPK7002	Rising	769	ма	ма	linguistic	_		
769-2	SPK7002	Rising	769	еді	еді	linguistic	_		End=935.138
770-0	SPK7002	Falling	770	менің	менің	linguistic	_		Begin=935.138
770-1	SPK7002	Falling	770	отырғаным	отырғаным	linguistic	_		End=936.011
771-0	SPK7002	Rising	771	мынау	мынау	linguistic	_		Begin=937.841
771-1	SPK7002	Rising	771	ма	ма	linguistic	_		
771-2	SPK7002	Rising	771	еді	еді	linguistic	_		End=938.511
772-0	SPK7002	Interrupted	772	мынау	мынау	linguistic	_		Begin=938.511
772-1	SPK7002	Interrupted	772	сияқты	сияқты	linguistic	_		
772-2	SPK7002	Interrupted	772	по-	по	linguistic	_	Interrupted=Yes	End=939.536
773-0	SPK7002	Continuing	773	э:	э	linguistic	_	Prolongation=0	Begin=940.138|End=940.545
774-0	SPK7002	Falling	774	мынаны	мынаны	linguistic	_		Begin=940.545
774-1	SPK7002	Falling	774	қара	қара	linguistic	_		End=941.146
775-0	SPK7002	Continuing	775	келвин	келвин	linguistic	_		Begin=941.146
775-1	SPK7002	Continuing	775	кляйнды	кляйнды	linguistic	_		
775-2	SPK7002	Continuing	775	ашып	ашып	linguistic	_		
775-3	SPK7002	Continuing	775	алып	алып	linguistic	_		End=941.909
776-0	SPK7002	Falling	776	жоқ	жоқ	linguistic	_		Begin=941.909
776-1	SPK7002	Falling	776	дейді	дейді	linguistic	_		End=942.689
777-0	SPK7002	Continuing	777	мен	мен	linguistic	_		Begin=943.248
777-1	SPK7002	Continuing	777	айтам	айтам	linguistic	_		
777-2	SPK7002	Continuing	777	ғой	ғой	linguistic	_		End=943.723
778-0	SPK7002	Falling	778	мынау	мынау	linguistic	_		Begin=943.723
778-1	SPK7002	Falling	778	донна	донна	linguistic	_		
778-2	SPK7002	Falling	778	каран	каран	linguistic	_		
778-3	SPK7002	Falling	778	сияқты	сияқты	linguistic	_		End=945.028
779-0	SPK7002	Continuing	779	қосайық	қосайық	linguistic	_		Begin=946.935|End=947.341
780-0	SPK7002	Falling	780	сол	сол	linguistic	_		Begin=947.341|End=947.909
781-0	SPK7002	Rising	781	что	что	linguistic	_		Begin=949.604|End=950.087
782-0	SPK7002	Rising	782	не	не	linguistic	_		Begin=955.002
782-1	SPK7002	Rising	782	зат	зат	linguistic	_		End=955.435
783-0	SPK7002	Continuing	783	а:	а	linguistic	_	Prolongation=0	Begin=955.435|End=955.663
784-0	SPK7002	Falling	784	мінекей	мінекей	linguistic	_		Begin=955.663|End=956.079
785-0	SPK7002	Continuing	785	енді	енді	linguistic	_		Begin=965.536
785-1	SPK7002	Continuing	785	осынан	осынан	linguistic	_		
785-2	SPK7002	Continuing	785	қарайық	қарайық	linguistic	_		End=966.435
786-0	SPK7002	Falling	786	қалай	қалай	linguistic	_		Begin=966.435
786-1	SPK7002	Falling	786	болатынын	болатынын	linguistic	_		End=967.367
787-0	SPK7002	Continuing	787	ол	ол	linguistic	_		Begin=969.545
787-1	SPK7002	Continuing	787	өтуі	өтуі	linguistic	_		
787-2	SPK7002	Continuing	787	мүмкін	мүмкін	linguistic	_		
787-3	SPK7002	Continuing	787	емес	емес	linguistic	_		End=970.723
788-0	SPK7002	Continuing	788	ол	ол	linguistic	_		Begin=970.723
788-1	SPK7002	Continuing	788	деген	деген	linguistic	_		End=971.629
789-0	SPK7002	Falling	789	нелер	нелер	linguistic	_		Begin=971.909
789-1	SPK7002	Falling	789	көп	көп	linguistic	_		
789-2	SPK7002	Falling	789	еді	еді	linguistic	_		
789-3	SPK7002	Falling	789	ғой	ғой	linguistic	_		End=973.189
790-0	SPK7001	Rising	790	не	не	linguistic	_		Begin=973.731
790-1	SPK7001	Rising	790	іздеп	іздеп	linguistic	_		
790-2	SPK7001	Rising	790	жатырсың	жатырсың	linguistic	_		End=974.697
791-0	SPK7002	Continuing	791	өткенде	өткенде	linguistic	_		Begin=975.646
791-1	SPK7002	Continuing	791	ана	ана	linguistic	_		End=976.070
792-0	SPK7002	Rising	792	есіңде	есіңде	linguistic	_		Begin=976.070
792-1	SPK7002	Rising	792	ме	ме	linguistic	_		End=976.655
793-0	SPK7002	Continuing	793	мынандай	мынандай	linguistic	_		Begin=976.655
793-1	SPK7002	Continuing	793	қысқаша	қысқаша	linguistic	_		
793-2	SPK7002	Continuing	793	келген	келген	linguistic	_		End=977.799
794-0	SPK7002	Continuing	794	мына	мына	linguistic	_		Begin=977.799
794-1	SPK7002	Continuing	794	жерінде	жерінде	linguistic	_		
794-2	SPK7002	Continuing	794	разрезі	разрезі	linguistic	_		
794-3	SPK7002	Continuing	794	бар	бар	linguistic	_		End=979.112
795-0	SPK7002	Falling	795	күшті:	күшті	linguistic	_	Prolongation=4	Begin=979.112
795-1	SPK7002	Falling	795	юбка	юбка	linguistic	_		
795-2	SPK7002	Falling	795	брюки	брюки	linguistic	_		
795-3	SPK7002	Falling	795	тауып	тауып	linguistic	_		
795-4	SPK7002	Falling	795	едік	едік	linguistic	_		
795-5	SPK7002	Falling	795	қой	қой	linguistic	_		End=980.723
796-0	SPK7001	Falling	796	а:	а	linguistic	_	Prolongation=0	Begin=980.748|End=981.799
797-0	SPK7002	Falling	797	донна	донна	linguistic	_		Begin=981.740
797-1	SPK7002	Falling	797	каран	каран	linguistic	_		
797-2	SPK7002	Falling	797	еді	еді	linguistic	_		End=982.723
798-0	SPK7002	Continuing	798	сол	сол	linguistic	_		Begin=982.723
798-1	SPK7002	Continuing	798	донна	донна	linguistic	_		
798-2	SPK7002	Continuing	798	каран	каран	linguistic	_		
798-3	SPK7002	Continuing	798	сияқты	сияқты	linguistic	_		End=983.850
799-0	SPK7002	Falling	799	келвин	келвин	linguistic	_		Begin=983.850
799-1	SPK7002	Falling	799	кляйн	кляйн	linguistic	_		
799-2	SPK7002	Falling	799	емес	емес	linguistic	_		
799-3	SPK7002	Falling	799	ол	ол	linguistic	_		End=984.909
800-0	SPK7002	Falling	800	соны	соны	linguistic	_		Begin=985.570
800-1	SPK7002	Falling	800	таба	таба	linguistic	_		
800-2	SPK7002	Falling	800	алмай	алмай	linguistic	_		
800-3	SPK7002	Falling	800	отырмын	отырмын	linguistic	_		
800-4	SPK7002	Falling	800	мен	мен	linguistic	_		End=987.079
801-0	SPK7002	Continuing	801	бұл	бұл	linguistic	_		Begin=988.841
801-1	SPK7002	Continuing	801	жоқ	жоқ	linguistic	_		
801-2	SPK7002	Continuing	801	жоқ	жоқ	linguistic	_		End=989.562
802-0	SPK7002	Continuing	802	##	##	unknown	_		Begin=989.562|End=989.943
803-0	SPK7002	Falling	803	там	там	linguistic	_		Begin=989.943
803-1	SPK7002	Falling	803	келвин	келвин	linguistic	_		
803-2	SPK7002	Falling	803	кляйн	кляйн	linguistic	_		
803-3	SPK7002	Falling	803	емес	емес	linguistic	_		
803-4	SPK7002	Falling	803	ол	ол	linguistic	_		End=991.231
804-0	SPK7002	Rising	804	осындай	осындай	linguistic	_		Begin=995.629
804-1	SPK7002	Rising	804	емес	емес	linguistic	_		
804-2	SPK7002	Rising	804	пе	пе	linguistic	_		End=996.384
805-0	SPK7002	Falling	805	жоқ	жоқ	linguistic	_		Begin=996.384|End=996.689
806-0	SPK7002	Falling	806	бұл	бұл	linguistic	_		Begin=996.689
806-1	SPK7002	Falling	806	басқа	басқа	linguistic	_		End=997.214
807-0	SPK7002	Continuing	807	типа	типа	linguistic	_		Begin=998.731
807-1	SPK7002	Continuing	807	осындай	осындай	linguistic	_		End=999.375
808-0	SPK7002	Falling	808	бірақ	бірақ	linguistic	_		Begin=999.375
808-1	SPK7002	Falling	808	басқаша	басқаша	linguistic	_		
808-2	SPK7002	Falling	808	еді	еді	linguistic	_		
808-3	SPK7002	Falling	808	ғой	ғой	linguistic	_		End=1000.511
809-0	SPK7001	Falling	809	ыхым	ыхым	linguistic	_		Begin=1000.435|End=1000.926
810-0	SPK7001	Continuing	810	может	может	linguistic	_		Begin=1002.850|End=1003.265
811-0	SPK7001	Falling	811	оларда	оларда	linguistic	_		Begin=1003.265
811-1	SPK7001	Falling	811	не	не	linguistic	_		
811-2	SPK7001	Falling	811	шығар	шығар	linguistic	_		End=1004.019
812-0	SPK7001	Continuing	812	там	там	linguistic	_		Begin=1004.112|End=1004.748
813-0	SPK7001	Falling	813	сайттан	сайттан	linguistic	_		Begin=1004.748
813-1	SPK7001	Falling	813	алып	алып	linguistic	_		
813-2	SPK7001	Falling	813	тастайды	тастайды	linguistic	_		End=1006.045
814-0	SPK7001	Continuing	814	потом	потом	linguistic	_		Begin=1006.045
814-1	SPK7001	Continuing	814	қайтадан	қайтадан	linguistic	_		End=1007.257
815-0	SPK7002	Falling	815	жоқ	жоқ	linguistic	_		Begin=1007.748|End=1008.468
816-0	SPK7001	Falling	816	қосады	қосады	linguistic	_		Begin=1008.375|End=1009.045
817-0	SPK7002	Continuing	817	ол	ол	linguistic	_		Begin=1008.960|End=1009.477
818-0	SPK7002	Continuing	818	папаң	папаң	linguistic	_		Begin=1009.477
818-1	SPK7002	Continuing	818	алып	алып	linguistic	_		
818-2	SPK7002	Continuing	818	тастаған	тастаған	linguistic	_		End=1010.257
819-0	SPK7002	Continuing	819	просто	просто	linguistic	_		Begin=1010.257
819-1	SPK7002	Continuing	819	донна	донна	linguistic	_		
819-2	SPK7002	Continuing	819	каран	каран	linguistic	_		End=1011.146
820-0	SPK7002	Falling	820	сосын	сосын	linguistic	_		Begin=1011.146
820-1	SPK7002	Falling	820	ғой	ғой	linguistic	_		End=1012.045
821-0	SPK7001	Falling	821	бес	бес	linguistic	_		Begin=1014.646
821-1	SPK7001	Falling	821	бет	бет	linguistic	_		
821-2	SPK7001	Falling	821	екен	екен	linguistic	_		End=1015.748
822-0	SPK7002	Continuing	822	көресің	көресің	linguistic	_		Begin=1018.850|End=1019.248
823-0	SPK7002	Falling	823	енді	енді	linguistic	_		Begin=1019.248
823-1	SPK7002	Falling	823	келвин	келвин	linguistic	_		
823-2	SPK7002	Falling	823	кляйн	кляйн	linguistic	_		
823-3	SPK7002	Falling	823	қосылды	қосылды	linguistic	_		End=1020.282
824-0	SPK7002	Continuing	824	сол	сол	linguistic	_		Begin=1020.282
824-1	SPK7002	Continuing	824	мана	мана	linguistic	_		
824-2	SPK7002	Continuing	824	кілең	кілең	linguistic	_		End=1020.943
825-0	SPK7002	Continuing	825	а:м	ам	linguistic	_	Prolongation=0	Begin=1020.943|End=1021.477
826-0	SPK7002	Falling	826	донна	донна	linguistic	_		Begin=1021.477
826-1	SPK7002	Falling	826	каран	каран	linguistic	_		
826-2	SPK7002	Falling	826	қосылды	қосылды	linguistic	_		End=1022.331
827-0	SPK7002	Continuing	827	мана	мана	linguistic	_		Begin=1022.331
827-1	SPK7002	Continuing	827	деген	деген	linguistic	_		End=1022.764
828-0	SPK7002	undefined	828	кіле:ң	кілең	linguistic	_	Prolongation=3	Begin=1022.764|End=1023.235
829-0	SPK7002	Falling	829	келвин	келвин	linguistic	_		Begin=1023.235
829-1	SPK7002	Falling	829	кляйн	кляйн	linguistic	_		
829-2	SPK7002	Falling	829	болып	болып	linguistic	_		
829-3	SPK7002	Falling	829	тұр	тұр	linguistic	_		
829-4	SPK7002	Falling	829	еді	еді	linguistic	_		
829-5	SPK7002	Falling	829	ғой	ғой	linguistic	_		End=1024.465
830-0	SPK7002	Continuing	830	көресің	көресің	linguistic	_		Begin=1026.903|End=1027.345
831-0	SPK7002	Falling	831	мынандайлар	мынандайлар	linguistic	_		Begin=1027.345
831-1	SPK7002	Falling	831	жоқ	жоқ	linguistic	_		
831-2	SPK7002	Falling	831	еді	еді	linguistic	_		
831-3	SPK7002	Falling	831	мана	мана	linguistic	_		End=1028.345
832-0	SPK7001	Falling	832	ы:м	ым	linguistic	_	Prolongation=0	Begin=1028.358|End=1029.477
833-0	SPK7002	Rising	833	көрдің	көрдің	linguistic	_		Begin=1029.850|End=1030.259
834-0	SPK7001	Falling	834	ыхы	ыхы	linguistic	_		Begin=1030.231|End=1030.918
835-0	SPK7002	Continuing	835	мынау	мынау	linguistic	_		Begin=1030.696
835-1	SPK7002	Continuing	835	кішкене	кішкене	linguistic	_		
835-2	SPK7002	Continuing	835	бірақ	бірақ	linguistic	_		End=1031.403
836-0	SPK7002	Continuing	836	мына	мына	linguistic	_		Begin=1031.403
836-1	SPK7002	Continuing	836	бел	бел	linguistic	_		
836-2	SPK7002	Continuing	836	жағын	жағын	linguistic	_		
836-3	SPK7002	Continuing	836	қарашы	қарашы	linguistic	_		End=1032.316
837-0	SPK7002	Continuing	837	мына	мына	linguistic	_		Begin=1032.316
837-1	SPK7002	Continuing	837	ілгегі	ілгегі	linguistic	_		
837-2	SPK7002	Continuing	837	саған	саған	linguistic	_		End=1033.071
838-0	SPK7002	Falling	838	не	не	linguistic	_		Begin=1033.071
838-1	SPK7002	Falling	838	болып	болып	linguistic	_		
838-2	SPK7002	Falling	838	тұратын	тұратын	linguistic	_		
838-3	SPK7002	Falling	838	шығар	шығар	linguistic	_		End=1034.350
839-0	SPK7002	Continuing	839	просто	просто	linguistic	_		Begin=1034.538
839-1	SPK7002	Continuing	839	мешать	мешать	linguistic	_		
839-2	SPK7002	Continuing	839	етіп	етіп	linguistic	_		
839-3	SPK7002	Continuing	839	тұратын	тұратын	linguistic	_		
839-4	SPK7002	Continuing	839	сияқты	сияқты	linguistic	_		End=1036.158
840-0	SPK7002	Falling	840	әйтеуір	әйтеуір	linguistic	_		Begin=1036.158|End=1036.812
841-0	SPK7002	Falling	841	мынау	мынау	linguistic	_		Begin=1038.302
841-1	SPK7002	Falling	841	күшті	күшті	linguistic	_		
841-2	SPK7002	Falling	841	еді	еді	linguistic	_		End=1038.889
842-0	SPK7002	Falling	842	моделькісі	моделькісі	linguistic	_		Begin=1038.889|End=1039.913
843-0	SPK7002	Continuing	843	иә	иә	linguistic	_		Begin=1040.595|End=1040.874
844-0	SPK7002	Falling	844	осылар	осылар	linguistic	_		Begin=1040.874
844-1	SPK7002	Falling	844	ғой	ғой	linguistic	_		
844-2	SPK7002	Falling	844	өткенде	өткенде	linguistic	_		
844-3	SPK7002	Falling	844	қарағанымыз	қарағанымыз	linguistic	_		End=1042.312
845-0	SPK7002	Falling	845	міне	міне	linguistic	_		Begin=1043.302|End=1043.773
846-0	SPK7002	Continuing	846	мынаның	мынаның	linguistic	_		Begin=1043.773|End=1044.148
847-0	SPK7002	Falling	847	қара	қара	linguistic	_		Begin=1044.148
847-1	SPK7002	Falling	847	түрі	түрі	linguistic	_		
847-2	SPK7002	Falling	847	ғой	ғой	linguistic	_		
847-3	SPK7002	Falling	847	міне	міне	linguistic	_		End=1045.105
848-0	SPK7001	Falling	848	а:	а	linguistic	_	Prolongation=0	Begin=1045.113|End=1046.070
849-0	SPK7002	Falling	849	міне	міне	linguistic	_		Begin=1045.340|End=1045.691
850-0	SPK7002	Continuing	850	осы	осы	linguistic	_		Begin=1047.768
850-1	SPK7002	Continuing	850	еді	еді	linguistic	_		
850-2	SPK7002	Continuing	850	ғой	ғой	linguistic	_		End=1048.206
851-0	SPK7002	Falling	851	біздің	біздің	linguistic	_		Begin=1048.206
851-1	SPK7002	Falling	851	қарап	қарап	linguistic	_		
851-2	SPK7002	Falling	851	кеткеніміз	кеткеніміз	linguistic	_		End=1049.345
852-0	SPK7001	Falling	852	иә	иә	linguistic	_		Begin=1048.257
852-1	SPK7001	Falling	852	иә	иә	linguistic	_		
852-2	SPK7001	Falling	852	иә	иә	linguistic	_		
852-3	SPK7001	Falling	852	иә	иә	linguistic	_		
852-4	SPK7001	Falling	852	иә	иә	linguistic	_		End=1049.663
853-0	SPK7002	Continuing	853	ойбай	ойбай	linguistic	_		Begin=1050.244|End=1050.773
854-0	SPK7002	Continuing	854	сасқаннан	сасқаннан	linguistic	_		Begin=1051.590|End=1051.985
855-0	SPK7002	Falling	855	басқа	басқа	linguistic	_		Begin=1051.985
855-1	SPK7002	Falling	855	затқа	затқа	linguistic	_		
855-2	SPK7002	Falling	855	басып	басып	linguistic	_		
855-3	SPK7002	Falling	855	кеткенбіз	кеткенбіз	linguistic	_		
855-4	SPK7002	Falling	855	ғой	ғой	linguistic	_		
855-5	SPK7002	Falling	855	деймін	деймін	linguistic	_		End=1053.562
856-0	SPK7002	Continuing	856	осы	осы	linguistic	_		Begin=1055.437
856-1	SPK7002	Continuing	856	ғой	ғой	linguistic	_		End=1055.869
857-0	SPK7002	Falling	857	менің	менің	linguistic	_		Begin=1055.869
857-1	SPK7002	Falling	857	айтып	айтып	linguistic	_		
857-2	SPK7002	Falling	857	отырғаным	отырғаным	linguistic	_		End=1056.778
858-0	SPK7002	Falling	858	өмірдің	өмірдің	linguistic	_		Begin=1057.139
858-1	SPK7002	Falling	858	рахаты	рахаты	linguistic	_		
858-2	SPK7002	Falling	858	сол	сол	linguistic	_		
858-3	SPK7002	Falling	858	ғой	ғой	linguistic	_		End=1058.605
859-0	SPK7001	undefined	859	@@@	@@@	linguistic	_		Begin=1058.587|End=1059.629
860-0	SPK7002	Continuing	860	дүкен	дүкен	linguistic	_		Begin=1060.177
860-1	SPK7002	Continuing	860	аралап	аралап	linguistic	_		
860-2	SPK7002	Continuing	860	жүрі:п	жүріп	linguistic	_	Prolongation=3	End=1061.619
861-0	SPK7002	Rising	861	солай	солай	linguistic	_		Begin=1063.345
861-1	SPK7002	Rising	861	ма	ма	linguistic	_		End=1063.831
862-0	SPK7003	Rising	862	ау	ау	linguistic	_		Begin=1066.459|End=1067.032
863-0	SPK7002	Continuing	863	дүкен	дүкен	linguistic	_		Begin=1067.225
863-1	SPK7002	Continuing	863	аралап	аралап	linguistic	_		
863-2	SPK7002	Continuing	863	жүрі:п	жүріп	linguistic	_	Prolongation=3	End=1068.350
864-0	SPK7002	Continuing	864	арасында	арасында	linguistic	_		Begin=1068.350
864-1	SPK7002	Continuing	864	демалып	демалып	linguistic	_		
864-2	SPK7002	Continuing	864	қойға:н	қойған	linguistic	_	Prolongation=4	End=1069.850
865-0	SPK7003	Falling	865	иә	иә	linguistic	_		Begin=1069.790|End=1070.197
866-0	SPK7002	Rising	866	осы	осы	linguistic	_		Begin=1069.850
866-1	SPK7002	Rising	866	ғой	ғой	linguistic	_		
866-2	SPK7002	Rising	866	да	да	linguistic	_		End=1070.302
867-0	SPK7002	Falling	867	өмірдің	өмірдің	linguistic	_		Begin=1070.302
867-1	SPK7002	Falling	867	қызығы	қызығы	linguistic	_		
867-2	SPK7002	Falling	867	сол	сол	linguistic	_		
867-3	SPK7002	Falling	867	ғой	ғой	linguistic	_		End=1071.696
868-0	SPK7003	Falling	868	жоқ	жоқ	linguistic	_		Begin=1071.672|End=1072.197
869-0	SPK7002	Continuing	869	бері	бері	linguistic	_		Begin=1071.749
869-1	SPK7002	Continuing	869	кел	кел	linguistic	_		End=1072.129
870-0	SPK7002	Falling	870	мынау	мынау	linguistic	_		Begin=1072.129
870-1	SPK7002	Falling	870	менің	менің	linguistic	_		
870-2	SPK7002	Falling	870	айтқаным	айтқаным	linguistic	_		End=1073.014
871-0	SPK7002	Falling	871	қарашы	қарашы	linguistic	_		Begin=1073.014|End=1073.639
872-0	SPK7003	Rising	872	қайсы	қайсы	linguistic	_		Begin=1073.163|End=1074.019
873-0	SPK7003	Continuing	873	бірақ	бірақ	linguistic	_		Begin=1076.706|End=1077.019
874-0	SPK7003	Falling	874	түсі	түсі	linguistic	_		Begin=1077.019
874-1	SPK7003	Falling	874	басқа	басқа	linguistic	_		
874-2	SPK7003	Falling	874	болды	болды	linguistic	_		
874-3	SPK7003	Falling	874	ғой	ғой	linguistic	_		End=1077.867
875-0	SPK7002	Falling	875	міне	міне	linguistic	_		Begin=1077.946
875-1	SPK7002	Falling	875	міне	міне	linguistic	_		End=1078.725
876-0	SPK7002	Falling	876	аштым	аштым	linguistic	_		Begin=1078.725|End=1079.312
877-0	SPK7003	Falling	877	иә	иә	linguistic	_		Begin=1079.290
877-1	SPK7003	Falling	877	иә	иә	linguistic	_		End=1080.197
878-0	SPK7003	Rising	878	осы	осы	linguistic	_		Begin=1080.197
878-1	SPK7003	Rising	878	ма	ма	linguistic	_		End=1080.816
879-0	SPK7002	Falling	879	осы	осы	linguistic	_		Begin=1080.465|End=1081.110
880-0	SPK7002	Falling	880	иә	иә	linguistic	_		Begin=1081.110|End=1081.590
881-0	SPK7001	Falling	881	күшті	күшті	linguistic	_		Begin=1081.613|End=1082.542
882-0	SPK7003	Continuing	882	а	а	linguistic	_		Begin=1082.468
882-1	SPK7003	Continuing	882	мына	мына	linguistic	_		
882-2	SPK7003	Continuing	882	шы	шы	linguistic	_		End=1083.028
883-0	SPK7003	Rising	883	DKNY	DKNY	linguistic	_		Begin=1083.028|End=1083.613
884-0	SPK7001	Falling	884	осы	осы	linguistic	_		Begin=1083.621|End=1084.231
885-0	SPK7002	Continuing	885	осы	осы	linguistic	_		Begin=1084.244
885-1	SPK7002	Continuing	885	міне	міне	linguistic	_		End=1084.754
886-0	SPK7002	Falling	886	DKNY	DKNY	linguistic	_		Begin=1084.754|End=1085.408
887-0	SPK7003	Continuing	887	жоқ	жоқ	linguistic	_		Begin=1085.570|End=1086.129
888-0	SPK7003	Continuing	888	тағы	тағы	linguistic	_		Begin=1086.129
888-1	SPK7003	Continuing	888	да	да	linguistic	_		
888-2	SPK7003	Continuing	888	DKNY	DKNY	linguistic	_		
888-3	SPK7003	Continuing	888	болды	болды	linguistic	_		
888-4	SPK7003	Continuing	888	ғой	ғой	linguistic	_		
888-5	SPK7003	Continuing	888	ана	ана	linguistic	_		End=1087.214
889-0	SPK7003	Falling	889	классика	классика	linguistic	_		Begin=1087.214|End=1088.104
890-0	SPK7003	Falling	890	қара	қара	linguistic	_		Begin=1088.629|End=1089.418
891-0	SPK7002	Falling	891	сен	сен	linguistic	_		Begin=1090.139
891-1	SPK7002	Falling	891	мынаны	мынаны	linguistic	_		
891-2	SPK7002	Falling	891	қарасаңшы	қарасаңшы	linguistic	_		End=1090.941
892-0	SPK7002	Interrupted	892	мына	мына	linguistic	_		Begin=1090.941
892-1	SPK7002	Interrupted	892	қандай	қандай	linguistic	_		
892-2	SPK7002	Interrupted	892	күшті	күшті	linguistic	_		
892-3	SPK7002	Interrupted	892	бол-	бол	linguistic	_	Interrupted=Yes	End=1092.009
893-0	SPK7003	Falling	893	көрдім	көрдім	linguistic	_		Begin=1091.774
893-1	SPK7003	Falling	893	иә	иә	linguistic	_		End=1092.138
894-0	SPK7003	Falling	894	көрдім	көрдім	linguistic	_		Begin=1092.138|End=1092.468
895-0	SPK7003	Falling	895	жақсы	жақсы	linguistic	_		Begin=1092.468|End=1093.104
896-0	SPK7002	Rising	896	қалай	қалай	linguistic	_		Begin=1093.201
896-1	SPK7002	Rising	896	көріп	көріп	linguistic	_		
896-2	SPK7002	Rising	896	жатырсың	жатырсың	linguistic	_		End=1094.033
897-0	SPK7001	undefined	897	@	@	linguistic	_		Begin=1094.731|End=1095.468
898-0	SPK7003	Continuing	898	и	и	linguistic	_		Begin=1095.341
898-1	SPK7003	Continuing	898	көрдім	көрдім	linguistic	_		End=1096.028
899-0	SPK7003	Continuing	899	көрдім	көрдім	linguistic	_		Begin=1096.028
899-1	SPK7003	Continuing	899	ғой	ғой	linguistic	_		
899-2	SPK7003	Continuing	899	оны	оны	linguistic	_		End=1097.104
900-0	SPK7003	Continuing	900	иә	иә	linguistic	_		Begin=1098.545|End=1098.816
901-0	SPK7003	Falling	901	осы	осы	linguistic	_		Begin=1098.816|End=1099.028
902-0	SPK7003	Falling	902	көрдім	көрдім	linguistic	_		Begin=1099.028
902-1	SPK7003	Falling	902	ғой	ғой	linguistic	_		End=1099.689
903-0	SPK7002	Falling	903	онмен	онмен	linguistic	_		Begin=1101.807
903-1	SPK7002	Falling	903	бітеді	бітеді	linguistic	_		End=1102.865
904-0	SPK7001	Falling	904	а:	а	linguistic	_	Prolongation=0	Begin=1104.121|End=1104.926
905-0	SPK7001	Falling	905	а	а	linguistic	_		Begin=1105.740
905-1	SPK7001	Falling	905	нет	нет	linguistic	_		End=1106.240
906-0	SPK7001	Falling	906	он	он	linguistic	_		Begin=1106.240
906-1	SPK7001	Falling	906	нормально	нормально	linguistic	_		End=1107.045
907-0	SPK7001	Continuing	907	менікі	менікі	linguistic	_		Begin=1108.350
907-1	SPK7001	Continuing	907	отыз	отыз	linguistic	_		
907-2	SPK7001	Continuing	907	жарым	жарым	linguistic	_		
907-3	SPK7001	Continuing	907	еді	еді	linguistic	_		
907-4	SPK7001	Continuing	907	ғой	ғой	linguistic	_		End=1109.485
908-0	SPK7001	Falling	908	мынаны	мынаны	linguistic	_		Begin=1109.485
908-1	SPK7001	Falling	908	қара	қара	linguistic	_		End=1110.324
909-0	SPK7001	Falling	909	сегіз	сегіз	linguistic	_		Begin=1111.935
909-1	SPK7001	Falling	909	бен	бен	linguistic	_		
909-2	SPK7001	Falling	909	онның	онның	linguistic	_		
909-3	SPK7001	Falling	909	арасы	арасы	linguistic	_		End=1113.062
910-0	SPK7001	Falling	910	онды	онды	linguistic	_		Begin=1113.062
910-1	SPK7001	Falling	910	алсақ	алсақ	linguistic	_		
910-2	SPK7001	Falling	910	болатын	болатын	linguistic	_		
910-3	SPK7001	Falling	910	шығар	шығар	linguistic	_		End=1115.129
911-0	SPK7002	Falling	911	бар	бар	linguistic	_		Begin=1114.884
911-1	SPK7002	Falling	911	кезінде	кезінде	linguistic	_		
911-2	SPK7002	Falling	911	алып	алып	linguistic	_		
911-3	SPK7002	Falling	911	тастау	тастау	linguistic	_		
911-4	SPK7002	Falling	911	керек	керек	linguistic	_		
911-5	SPK7002	Falling	911	шығар	шығар	linguistic	_		End=1116.687
912-0	SPK7003	Rising	912	ертең	ертең	linguistic	_		Begin=1117.274
912-1	SPK7003	Rising	912	бесінші	бесінші	linguistic	_		
912-2	SPK7003	Rising	912	күн	күн	linguistic	_		
912-3	SPK7003	Rising	912	бе	бе	linguistic	_		End=1118.392
913-0	SPK7001	Continuing	913	оларда	оларда	linguistic	_		Begin=1118.621|End=1119.426
914-0	SPK7001	Falling	914	төртінші	төртінші	linguistic	_		Begin=1119.426
914-1	SPK7001	Falling	914	күн	күн	linguistic	_		
914-2	SPK7001	Falling	914	болады	болады	linguistic	_		
914-3	SPK7001	Falling	914	ғой	ғой	linguistic	_		End=1120.553
915-0	SPK7003	undefined	915	(Hx)	(Hx)	_	_		Begin=1121.562|End=1122.062
916-0	SPK7001	Falling	916	алтыншы	алтыншы	linguistic	_		Begin=1121.884
916-1	SPK7001	Falling	916	күні	күні	linguistic	_		
916-2	SPK7001	Falling	916	қарау	қарау	linguistic	_		
916-3	SPK7001	Falling	916	керек	керек	linguistic	_		End=1123.028
917-0	SPK7003	Continuing	917	ертең	ертең	linguistic	_		Begin=1122.426|End=1122.799
918-0	SPK7003	Continuing	918	су:ббота	суббота	linguistic	_	Prolongation=1	Begin=1122.799
918-1	SPK7003	Continuing	918	күні	күні	linguistic	_		End=1124.087
919-0	SPK7001	Falling	919	иә	иә	linguistic	_		Begin=1124.248|End=1124.918
920-0	SPK7003	Continuing	920	тұрып	тұрып	linguistic	_		Begin=1124.833|End=1125.231
921-0	SPK7003	Continuing	921	оянған	оянған	linguistic	_		Begin=1125.231|End=1125.723
922-0	SPK7003	Interrupted	922	суббо-	суббо	linguistic	_	Interrupted=Yes	Begin=1125.723|End=1126.367
923-0	SPK7003	Continuing	923	сенбі	сенбі	linguistic	_		Begin=1126.367
923-1	SPK7003	Continuing	923	күні	күні	linguistic	_		
923-2	SPK7003	Continuing	923	таңертең	таңертең	linguistic	_		
923-3	SPK7003	Continuing	923	оянасың	оянасың	linguistic	_		
923-4	SPK7003	Continuing	923	ғой	ғой	linguistic	_		End=1127.926
924-0	SPK7003	Continuing	924	шайыңды	шайыңды	linguistic	_		Begin=1127.926
924-1	SPK7003	Continuing	924	ішесің	ішесің	linguistic	_		End=1128.723
925-0	SPK7003	Continuing	925	содан	содан	linguistic	_		Begin=1128.723
925-1	SPK7003	Continuing	925	кейін	кейін	linguistic	_		End=1129.731
926-0	SPK7003	Continuing	926	размерін	размерін	linguistic	_		Begin=1129.731|End=1130.172
927-0	SPK7003	Falling	927	бағасымен	бағасымен	linguistic	_		Begin=1130.172
927-1	SPK7003	Falling	927	жазып	жазып	linguistic	_		
927-2	SPK7003	Falling	927	жібересің	жібересің	linguistic	_		End=1131.240
928-0	SPK7002	Falling	928	жалпылдап	жалпылдап	linguistic	_		Begin=1131.148
928-1	SPK7002	Falling	928	хабарласасың	хабарласасың	linguistic	_		End=1132.677
929-0	SPK7003	Falling	929	иә	иә	linguistic	_		Begin=1133.367|End=1133.931
930-0	SPK7002	Continuing	930	Калифорния	Калифорния	linguistic	_		Begin=1134.047|End=1134.552
931-0	SPK7002	Continuing	931	привет	привет	linguistic	_		Begin=1134.552|End=1134.917
932-0	SPK7002	Falling	932	@қалайсыңыз	@қалайсыңыз	linguistic	_		Begin=1134.917
932-1	SPK7002	Falling	932	@деп	@деп	linguistic	_		End=1135.927
933-0	SPK7001	Falling	933	иә	иә	linguistic	_		Begin=1136.223|End=1136.968
934-0	SPK7003	Continuing	934	сосын	сосын	linguistic	_		Begin=1136.841|End=1137.138
935-0	SPK7003	Continuing	935	суббота	суббота	linguistic	_		Begin=1137.138
935-1	SPK7003	Continuing	935	күні	күні	linguistic	_		End=1137.570
936-0	SPK7003	Falling	936	түсқайта	түсқайта	linguistic	_		Begin=1137.570
936-1	SPK7003	Falling	936	жазып	жазып	linguistic	_		
936-2	SPK7003	Falling	936	жіберерсің	жіберерсің	linguistic	_		End=1138.502
937-0	SPK7002	Continuing	937	көресің	көресің	linguistic	_		Begin=1138.364|End=1138.667
938-0	SPK7002	Continuing	938	сол	сол	linguistic	_		Begin=1138.667
938-1	SPK7002	Continuing	938	мына-	мына	linguistic	_	Interrupted=Yes	
938-2	SPK7002	Continuing	938	мынандай	мынандай	linguistic	_		
938-3	SPK7002	Continuing	938	нелері	нелері	linguistic	_		End=1139.816
939-0	SPK7002	Continuing	939	несі	несі	linguistic	_		Begin=1139.816|End=1140.706
940-0	SPK7001	Falling	940	ыхым	ыхым	linguistic	_		Begin=1140.536|End=1141.197
941-0	SPK7003	undefined	941	(Hx)	(Hx)	_	_		Begin=1140.740|End=1141.333
942-0	SPK7003	undefined	942	(H)	(H)	_	_		Begin=1141.333|End=1142.994
943-0	SPK7003	Continuing	943	Macy's-ті	Macy's-ті	linguistic	_		Begin=1143.935
943-1	SPK7003	Continuing	943	көрсетпеу	көрсетпеу	linguistic	_		
943-2	SPK7003	Continuing	943	керек	керек	linguistic	_		
943-3	SPK7003	Continuing	943	еді	еді	linguistic	_		End=1145.307
944-0	SPK7003	Falling	944	¬Айжан	Айжан	linguistic	_	Anonymized=Yes	Begin=1145.307
944-1	SPK7003	Falling	944	сендерге	сендерге	linguistic	_		End=1145.918
945-0	SPK7003	undefined	945	@@@	@@@	linguistic	_		Begin=1145.918|End=1147.494
946-0	SPK7002	Falling	946	ы	ы	linguistic	_		Begin=1147.408|End=1147.754
947-0	SPK7002	Falling	947	енді	енді	linguistic	_		Begin=1147.754|End=1148.129
948-0	SPK7002	undefined	948	@@@@	@@@@	linguistic	_		Begin=1148.129|End=1149.288
949-0	SPK7003	undefined	949	@	@	linguistic	_		Begin=1148.706|End=1149.231
950-0	SPK7002	Falling	950	@енді	@енді	linguistic	_		Begin=1149.288
950-1	SPK7002	Falling	950	@өміріңде	@өміріңде	linguistic	_		
950-2	SPK7002	Falling	950	@сөй-	@сөй	linguistic	_	Interrupted=Yes	
950-3	SPK7002	Falling	950	@сөйтіп	@сөйтіп	linguistic	_		
950-4	SPK7002	Falling	950	@өкініп	@өкініп	linguistic	_		
950-5	SPK7002	Falling	950	@отыр	@отыр	linguistic	_		End=1151.884
951-0	SPK7002	Falling	951	бекер	бекер	linguistic	_		Begin=1151.884
951-1	SPK7002	Falling	951	көрсеттім	көрсеттім	linguistic	_		
951-2	SPK7002	Falling	951	а:у	ау	linguistic	_	Prolongation=0	
951-3	SPK7002	Falling	951	деп	деп	linguistic	_		End=1153.403
952-0	SPK7001	Falling	952	үстіндегі	үстіндегі	linguistic	_		Begin=1153.392
952-1	SPK7001	Falling	952	рубашкасы	рубашкасы	linguistic	_		
952-2	SPK7001	Falling	952	күшті	күшті	linguistic	_		End=1155.146
953-0	SPK7002	Rising	953	сенікі	сенікі	linguistic	_		Begin=1156.042
953-1	SPK7002	Rising	953	жоқ	жоқ	linguistic	_		
953-2	SPK7002	Rising	953	па	па	linguistic	_		
953-3	SPK7002	Rising	953	мынандай	мынандай	linguistic	_		End=1157.124
954-0	SPK7001	Rising	954	рубашка	рубашка	linguistic	_		Begin=1158.350
954-1	SPK7001	Rising	954	ма	ма	linguistic	_		End=1159.401
955-0	SPK7002	Falling	955	рубашка	рубашка	linguistic	_		Begin=1159.816
955-1	SPK7002	Falling	955	емес	емес	linguistic	_		
955-2	SPK7002	Falling	955	қой	қой	linguistic	_		End=1160.523
956-0	SPK7002	Falling	956	кофточка	кофточка	linguistic	_		Begin=1160.523
956-1	SPK7002	Falling	956	ғой	ғой	linguistic	_		End=1161.139
957-0	SPK7002	Continuing	957	рубашка	рубашка	linguistic	_		Begin=1161.139
957-1	SPK7002	Continuing	957	деген	деген	linguistic	_		End=1161.677
958-0	SPK7002	Rising	958	ілгек	ілгек	linguistic	_		Begin=1161.677
958-1	SPK7002	Rising	958	болмайтын	болмайтын	linguistic	_		
958-2	SPK7002	Rising	958	ба	ба	linguistic	_		
958-3	SPK7002	Rising	958	еді	еді	linguistic	_		End=1162.489
959-0	SPK7002	Falling	959	алдында	алдында	linguistic	_		Begin=1162.489
959-1	SPK7002	Falling	959	мынандай	мынандай	linguistic	_		End=1163.504
960-0	SPK7001	Continuing	960	ну	ну	linguistic	_		Begin=1163.240
960-1	SPK7001	Continuing	960	какая	какая	linguistic	_		End=1163.841
961-0	SPK7001	Falling	961	блузка	блузка	linguistic	_		Begin=1163.841|End=1164.155
962-0	SPK7001	Falling	962	ладно	ладно	linguistic	_		Begin=1164.155|End=1164.833
963-0	SPK7003	Continuing	963	Macy's	Macy's	linguistic	_		Begin=1166.113|End=1166.536
964-0	SPK7003	Continuing	964	бірақ	бірақ	linguistic	_		Begin=1166.536|End=1166.841
965-0	SPK7003	Falling	965	Macy's	Macy's	linguistic	_		Begin=1166.841
965-1	SPK7003	Falling	965	жақсы	жақсы	linguistic	_		End=1167.689
966-0	SPK7002	Continuing	966	қарасаңшы	қарасаңшы	linguistic	_		Begin=1167.744
966-1	SPK7002	Continuing	966	мынандай	мынандай	linguistic	_		End=1168.509
967-0	SPK7002	Continuing	967	Top	Top	linguistic	_		Begin=1168.509|End=1168.744
968-0	SPK7002	Falling	968	Top	Top	linguistic	_		Begin=1168.744
968-1	SPK7002	Falling	968	деп	деп	linguistic	_		End=1169.590
969-0	SPK7001	Falling	969	қара	қара	linguistic	_		Begin=1169.833|End=1170.418
970-0	SPK7001	Falling	970	қарашы	қарашы	linguistic	_		Begin=1170.418|End=1170.994
971-0	SPK7003	Continuing	971	жұмыста	жұмыста	linguistic	_		Begin=1171.748|End=1172.121
972-0	SPK7003	Continuing	972	американецтер	американецтер	linguistic	_		Begin=1172.121
972-1	SPK7003	Continuing	972	болғанда	болғанда	linguistic	_		End=1173.138
973-0	SPK7002	Rising	973	мынау	мынау	linguistic	_		Begin=1172.946
973-1	SPK7002	Rising	973	ма	ма	linguistic	_		
973-2	SPK7002	Rising	973	еді	еді	linguistic	_		End=1173.629
974-0	SPK7003	Falling	974	сол	сол	linguistic	_		Begin=1173.519
974-1	SPK7003	Falling	974	жақтан	жақтан	linguistic	_		
974-2	SPK7003	Falling	974	алдыртатын	алдыртатын	linguistic	_		
974-3	SPK7003	Falling	974	едік	едік	linguistic	_		
974-4	SPK7003	Falling	974	қой	қой	linguistic	_		End=1174.985
975-0	SPK7002	Continuing	975	а	а	linguistic	_		Begin=1174.547|End=1174.951
976-0	SPK7002	Falling	976	осы	осы	linguistic	_		Begin=1174.951
976-1	SPK7002	Falling	976	жерде	жерде	linguistic	_		
976-2	SPK7002	Falling	976	ғой	ғой	linguistic	_		End=1175.562
977-0	SPK7001	Continuing	977	мынау	мынау	linguistic	_		Begin=1176.680
977-1	SPK7001	Continuing	977	не	не	linguistic	_		
977-2	SPK7001	Continuing	977	ғой	ғой	linguistic	_		End=1177.579
978-0	SPK7001	Falling	978	шалбарлар	шалбарлар	linguistic	_		Begin=1177.579
978-1	SPK7001	Falling	978	ғой	ғой	linguistic	_		End=1178.435
979-0	SPK7002	Continuing	979	біреуді	біреуді	linguistic	_		Begin=1178.254
979-1	SPK7002	Continuing	979	тапсаңшы	тапсаңшы	linguistic	_		End=1179.129
980-0	SPK7002	Continuing	980	осы	осы	linguistic	_		Begin=1179.441
980-1	SPK7002	Continuing	980	жерден	жерден	linguistic	_		
980-2	SPK7002	Continuing	980	ашамыз	ашамыз	linguistic	_		
980-3	SPK7002	Continuing	980	да	да	linguistic	_		End=1180.475
981-0	SPK7002	Falling	981	мінекей	мінекей	linguistic	_		Begin=1180.475|End=1180.999
982-0	SPK7001	Continuing	982	м	м	linguistic	_		Begin=1181.002|End=1182.028
983-0	SPK7001	Falling	983	ал	ал	linguistic	_		Begin=1182.307|End=1183.401
984-0	SPK7002	Rising	984	қайсы	қайсы	linguistic	_		Begin=1182.576
984-1	SPK7002	Rising	984	еді	еді	linguistic	_		End=1183.432
985-0	SPK7002	Rising	985	мынау	мынау	linguistic	_		Begin=1183.432
985-1	SPK7002	Rising	985	ма	ма	linguistic	_		End=1184.163
986-0	SPK7002	Falling	986	жо:қ	жоқ	linguistic	_	Prolongation=1	Begin=1184.163|End=1184.672
987-0	SPK7001	Falling	987	жоқ	жоқ	linguistic	_		Begin=1184.867|End=1185.714
988-0	SPK7001	Rising	988	tops	tops	linguistic	_		Begin=1188.782|End=1189.435
989-0	SPK7002	Continuing	989	о:	о	linguistic	_	Prolongation=0	Begin=1189.143|End=1189.653
990-0	SPK7002	Falling	990	осынан	осынан	linguistic	_		Begin=1189.653
990-1	SPK7002	Falling	990	қараймыз	қараймыз	linguistic	_		End=1190.562
991-0	SPK7001	Rising	991	blouse	blouse	linguistic	_		Begin=1195.562
991-1	SPK7001	Rising	991	деген	деген	linguistic	_		
991-2	SPK7001	Rising	991	жоқ	жоқ	linguistic	_		
991-3	SPK7001	Rising	991	па	па	linguistic	_		End=1197.121
992-0	SPK7002	Continuing	992	ал	ал	linguistic	_		Begin=1195.730
992-1	SPK7002	Continuing	992	енді	енді	linguistic	_		End=1196.220
993-0	SPK7002	Rising	993	не	не	linguistic	_		Begin=1196.220
993-1	SPK7002	Rising	993	істейсің	істейсің	linguistic	_		End=1196.750
994-0	SPK7001	Continuing	994	top	top	linguistic	_		Begin=1198.155
994-1	SPK7001	Continuing	994	style	style	linguistic	_		End=1198.807
995-0	SPK7001	Falling	995	дегеннен	дегеннен	linguistic	_		Begin=1198.807
995-1	SPK7001	Falling	995	қарашы	қарашы	linguistic	_		End=1200.070
996-0	SPK7003	undefined	996	YAWN	YAWN	paraverbal	_		Begin=1201.807|End=1203.214
997-0	SPK7002	undefined	997	и	и	linguistic	_		Begin=1202.110
997-1	SPK7002	undefined	997	бәрін	бәрін	linguistic	_		
997-2	SPK7002	undefined	997	қарай	қарай	linguistic	_		
997-3	SPK7002	undefined	997	берейік	берейік	linguistic	_		End=1203.080
998-0	SPK7002	undefined	998	просто	просто	linguistic	_		Begin=1203.083|End=1203.303
999-0	SPK7002	undefined	999	не	не	linguistic	_		Begin=1203.303|End=1203.623
1000-0	SPK7002	undefined	1000	бренд	бренд	linguistic	_		Begin=1203.623
1000-1	SPK7002	undefined	1000	пен	пен	linguistic	_		End=1204.357
1001-0	SPK7002	undefined	1001	нені	нені	linguistic	_		Begin=1204.357
1001-1	SPK7002	undefined	1001	сайлап	сайлап	linguistic	_		
1001-2	SPK7002	undefined	1001	алайық	алайық	linguistic	_		End=1204.996
1002-0	SPK7002	undefined	1002	өзімізге	өзімізге	linguistic	_		Begin=1204.996|End=1205.858
1003-0	SPK7002	undefined	1003	не	не	linguistic	_		Begin=1206.775
1003-1	SPK7002	undefined	1003	зат	зат	linguistic	_		
1003-2	SPK7002	undefined	1003	еді	еді	linguistic	_		
1003-3	SPK7002	undefined	1003	анау	анау	linguistic	_		End=1207.239
1004-0	SPK7002	undefined	1004	анау	анау	linguistic	_		Begin=1207.239|End=1207.511
1005-0	SPK7002	undefined	1005	жаңағы	жаңағы	linguistic	_		Begin=1207.511|End=1207.910
1006-0	SPK7002	undefined	1006	Донна	Донна	linguistic	_		Begin=1208.326
1006-1	SPK7002	undefined	1006	Каран	Каран	linguistic	_		
1006-2	SPK7002	undefined	1006	ғой	ғой	linguistic	_		End=1209.089
1007-0	SPK7002	undefined	1007	үсті	үсті	linguistic	_		Begin=1210.023
1007-1	SPK7002	undefined	1007	де	де	linguistic	_		End=1210.281
1008-0	SPK7002	undefined	1008	Донна	Донна	linguistic	_		Begin=1210.281
1008-1	SPK7002	undefined	1008	Каран	Каран	linguistic	_		
1008-2	SPK7002	undefined	1008	шығар	шығар	linguistic	_		End=1210.906
1009-0	SPK7002	undefined	1009	деп	деп	linguistic	_		Begin=1210.906
1009-1	SPK7002	undefined	1009	ойлаймын	ойлаймын	linguistic	_		End=1211.401
1010-0	SPK7002	undefined	1010	енді	енді	linguistic	_		Begin=1211.401
1010-1	SPK7002	undefined	1010	мен	мен	linguistic	_		End=1211.995
