token_id	speaker	iu_type	iu_id	tu_id	span	form	type	modality	features	align
0-0	SPK4006	Continuing	0	_	Ыы,	Ыы	linguistic	_	_	Begin=0.48|End=0.78
1-0	SPK4006	Continuing	1	_	жаңа,	жаңа	linguistic	_	_	Begin=0.78|End=1.32
2-0	SPK4006	Continuing	2	_	GRE,	GRE	linguistic	_	_	Begin=1.586|End=2.03
3-0	SPK4006	Continuing	3	_	ға,	ға	linguistic	_	_	Begin=2.03|End=2.522
4-0	SPK4006	Continuing	4	_	бұрыннан	бұрыннан	linguistic	_	_	Begin=3.15
4-1	SPK4006	Continuing	4	_	естігенмін,	естігенмін	linguistic	_	_	End=4.0
5-0	SPK4006	Continuing	5	_	дайындалу	дайындалу	linguistic	_	_	Begin=4.0
5-1	SPK4006	Continuing	5	_	үшін,	үшін	linguistic	_	_	End=4.57
6-0	SPK4006	Continuing	6	_	Magoosh	Magoosh	linguistic	_	_	Begin=4.62
6-1	SPK4006	Continuing	6	_	деген,	деген	linguistic	_	_	End=5.26
7-0	SPK4006	Falling	7	_	не	не	linguistic	_	_	Begin=5.26
7-1	SPK4006	Falling	7	_	бар	бар	linguistic	_	_	_
7-2	SPK4006	Falling	7	_	деп.	деп	linguistic	_	_	End=5.86
8-0	SPK4007	Falling	8	_	Мхм.	Мхм	linguistic	_	_	Begin=6.31|End=6.64
9-0	SPK4006	Falling	9	_	Приложение.	Приложение	linguistic	_	_	Begin=6.96|End=7.5
10-0	SPK4006	Falling	10	_	Сөз	Сөз	linguistic	_	_	Begin=7.757
10-1	SPK4006	Falling	10	_	жаттауға	жаттауға	linguistic	_	_	_
10-2	SPK4006	Falling	10	_	арналған.	арналған	linguistic	_	_	End=8.721
11-0	SPK4006	Continuing	11	_	Соны	Соны	linguistic	_	_	Begin=9.556
11-1	SPK4006	Continuing	11	_	қарап,	қарап	linguistic	_	_	End=10.11
12-0	SPK4006	Continuing	12	_	бірнеше	бірнеше	linguistic	_	_	Begin=10.11
12-1	SPK4006	Continuing	12	_	сөздерді,	сөздерді	linguistic	_	_	End=11.31
13-0	SPK4006	Continuing	13	_	там,	там	linguistic	_	_	Begin=12.09|End=12.37
14-0	SPK4006	undefined	14	_	о–	о–	linguistic	_	_	Begin=12.82|End=13.087
15-0	SPK4006	Continuing	15	_	оқып	оқып	linguistic	_	_	Begin=13.1
15-1	SPK4006	Continuing	15	_	үйреніп,	үйреніп	linguistic	_	_	End=13.85
16-0	SPK4006	Falling	16	_	көріп	көріп	linguistic	_	_	Begin=13.85
16-1	SPK4006	Falling	16	_	едім.	едім	linguistic	_	_	End=14.14
17-0	SPK4007	Falling	17	_	Мхм.	Мхм	linguistic	_	_	Begin=14.37|End=14.79
18-0	SPK4006	Continuing	18	_	Қиын	Қиын	linguistic	_	_	Begin=14.78
18-1	SPK4006	Continuing	18	_	сөздер,	сөздер	linguistic	_	_	End=15.48
19-0	SPK4006	Continuing	19	_	кәдімгі,	кәдімгі	linguistic	_	_	Begin=15.48|End=15.93
20-0	SPK4006	Continuing	20	_	біз,	біз	linguistic	_	_	Begin=15.93|End=16.34
21-0	SPK4006	Continuing	21	_	көп	көп	linguistic	_	_	Begin=16.513
21-1	SPK4006	Continuing	21	_	қолданбайтын:,	қолданбайтын	linguistic	_	Prolongation=11	End=17.38
22-0	SPK4006	Continuing	22	_	тексттарда	тексттарда	linguistic	_	_	Begin=17.44
22-1	SPK4006	Continuing	22	_	да,	да	linguistic	_	_	End=18.09
23-0	SPK4006	Falling	23	_	көп	көп	linguistic	_	_	Begin=18.1
23-1	SPK4006	Falling	23	_	кездесе	кездесе	linguistic	_	_	_
23-2	SPK4006	Falling	23	_	бермейтін:.	бермейтін	linguistic	_	Prolongation=8	End=19.53
24-0	SPK4007	Falling	24	_	Мысалы.	Мысалы	linguistic	_	_	Begin=20.974|End=21.576
25-0	SPK4006	Continuing	25	_	Там:,	Там	linguistic	_	Prolongation=2	Begin=22.652|End=23.245
26-0	SPK4006	Falling	26	_	venerate.	venerate	linguistic	_	_	Begin=23.801|End=24.706
27-0	SPK4007	Falling	27	_	Mмм.	Mмм	linguistic	_	_	Begin=25.866|End=26.425
28-0	SPK4006	Continuing	28	_	Немесе,	Немесе	linguistic	_	_	Begin=26.45|End=27.3
29-0	SPK4006	Continuing	29	_	мысалы,	мысалы	linguistic	_	_	Begin=27.358|End=27.672
30-0	SPK4006	Continuing	30	_	mercurial,	mercurial	linguistic	_	_	Begin=27.68|End=28.35
31-0	SPK4006	Continuing	31	_	деген,	деген	linguistic	_	_	Begin=28.35|End=28.64
32-0	SPK4006	Continuing	32	_	қандай	қандай	linguistic	_	_	Begin=28.64
32-1	SPK4006	Continuing	32	_	мағына	мағына	linguistic	_	_	_
32-2	SPK4006	Continuing	32	_	білдіреді,	білдіреді	linguistic	_	_	End=29.52
33-0	SPK4006	Rising	33	_	деп	деп	linguistic	_	_	Begin=29.52
33-1	SPK4006	Rising	33	_	ойлайсың?	ойлайсың	linguistic	_	_	End=30.19
34-0	SPK4007	Rising	34	_	Mercurial?	Mercurial	linguistic	_	_	Begin=31.515|End=32.337
35-0	SPK4007	undefined	35	_	Планета	Планета	linguistic	_	_	Begin=32.942
35-1	SPK4007	undefined	35	_	ғой–	ғой–	linguistic	_	_	End=33.56
36-0	SPK4007	undefined	36	_	@@	@@	linguistic	_	_	Begin=33.57|End=34.47
37-0	SPK4007	Continuing	37	_	Mercury,	Mercury	linguistic	_	_	Begin=34.72|End=35.33
38-0	SPK4007	Falling	38	_	деп	деп	linguistic	_	_	Begin=35.33
38-1	SPK4007	Falling	38	_	айтсам	айтсам	linguistic	_	_	_
38-2	SPK4007	Falling	38	_	иә.	иә	linguistic	_	_	End=36.01
39-0	SPK4006	Continuing	39	_	Жоқ	Жоқ	linguistic	_	_	Begin=36.547
39-1	SPK4006	Continuing	39	_	ол,	ол	linguistic	_	_	End=36.95
40-0	SPK4006	Continuing	40	_	ыыы,	ыыы	linguistic	_	_	Begin=36.95|End=37.75
41-0	SPK4006	Falling	41	_	сын	сын	linguistic	_	_	Begin=37.871
41-1	SPK4006	Falling	41	_	есім.	есім	linguistic	_	_	End=38.566
42-0	SPK4007	Falling	42	_	Ааа.	Ааа	linguistic	_	_	Begin=39.173|End=39.84
43-0	SPK4006	Falling	43	_	Mercurial.	Mercurial	linguistic	_	_	Begin=41.36|End=41.94
44-0	SPK4007	Continuing	44	_	Типо,	Типо	linguistic	_	_	Begin=41.79|End=41.97
45-0	SPK4007	Rising	45	_	какой-то?	какой-то	linguistic	_	_	Begin=41.97|End=42.52
46-0	SPK4006	Rising	46	_	А?	А	linguistic	_	_	Begin=42.849|End=43.117
47-0	SPK4007	Continuing	47	_	Какой-то,	Какой-то	linguistic	_	_	Begin=43.203|End=43.66
48-0	SPK4007	Rising	48	_	деген	деген	linguistic	_	_	Begin=43.66
48-1	SPK4007	Rising	48	_	сияқты	сияқты	linguistic	_	_	_
48-2	SPK4007	Rising	48	_	ма?	ма	linguistic	_	_	End=44.2
49-0	SPK4006	Falling	49	_	Иә.	Иә	linguistic	_	_	Begin=44.14|End=44.575
50-0	SPK4006	Falling	50	_	Mercurial.	Mercurial	linguistic	_	_	Begin=44.643|End=45.347
51-0	SPK4007	Continuing	51	_	Ммм,	Ммм	linguistic	_	_	Begin=47.636|End=48.574
52-0	SPK4007	Continuing	52	_	типо,	типо	linguistic	_	_	Begin=48.884|End=49.394
53-0	SPK4007	Continuing	53	_	spectacular,	spectacular	linguistic	_	_	Begin=51.173|End=52.4
54-0	SPK4007	undefined	54	_	###	###	unknown	_	_	Begin=52.4|End=52.94
55-0	SPK4007	Rising	55	_	деген	деген	linguistic	_	_	Begin=52.94
55-1	SPK4007	Rising	55	_	сияқты	сияқты	linguistic	_	_	_
55-2	SPK4007	Rising	55	_	ма?	ма	linguistic	_	_	End=53.73
56-0	SPK4006	Falling	56	_	О	О	linguistic	_	_	Begin=54.007
56-1	SPK4006	Falling	56	_	жоқ.	жоқ	linguistic	_	_	End=54.47
57-0	SPK4006	Continuing	57	_	Обычно,	Обычно	linguistic	_	_	Begin=54.77|End=55.35
58-0	SPK4006	Continuing	58	_	мінезі	мінезі	linguistic	_	_	Begin=55.35
58-1	SPK4006	Continuing	58	_	#,	#	unknown	_	_	End=56.49
59-0	SPK4006	Continuing	59	_	құбылмалы:,	құбылмалы	linguistic	_	Prolongation=8	Begin=56.49|End=57.1
60-0	SPK4006	Continuing	60	_	деген	деген	linguistic	_	_	Begin=57.1
60-1	SPK4006	Continuing	60	_	сияқты,	сияқты	linguistic	_	_	End=57.85
61-0	SPK4006	Falling	61	_	мағынада.	мағынада	linguistic	_	_	Begin=57.85|End=58.543
62-0	SPK4006	Falling	62	_	Ой	Ой	linguistic	_	_	Begin=60.609
62-1	SPK4006	Falling	62	_	сорри.	сорри	linguistic	_	_	End=61.141
63-0	SPK4006	Continuing	63	_	Ананы	Ананы	linguistic	_	_	Begin=61.755
63-1	SPK4006	Continuing	63	_	жақын	жақын	linguistic	_	_	_
63-2	SPK4006	Continuing	63	_	жерге	жерге	linguistic	_	_	_
63-3	SPK4006	Continuing	63	_	қойып	қойып	linguistic	_	_	_
63-4	SPK4006	Continuing	63	_	қояйыншы,	қояйыншы	linguistic	_	_	End=62.882
64-0	SPK4007	Falling	64	_	Мхм.	Мхм	linguistic	_	_	Begin=63.458|End=63.919
65-0	SPK4006	Continuing	65	_	А	А	linguistic	_	_	Begin=63.62
65-1	SPK4006	Continuing	65	_	то	то	linguistic	_	_	_
65-2	SPK4006	Continuing	65	_	біздің	біздің	linguistic	_	_	_
65-3	SPK4006	Continuing	65	_	ана,	ана	linguistic	_	_	End=64.06
66-0	SPK4006	Continuing	66	_	айтып	айтып	linguistic	_	_	Begin=64.06
66-1	SPK4006	Continuing	66	_	жатқанымыз,	жатқанымыз	linguistic	_	_	End=64.83
67-0	SPK4006	Falling	67	_	естіліп	естіліп	linguistic	_	_	Begin=64.83
67-1	SPK4006	Falling	67	_	жатқан	жатқан	linguistic	_	_	_
67-2	SPK4006	Falling	67	_	жоқ	жоқ	linguistic	_	_	_
67-3	SPK4006	Falling	67	_	сияқты.	сияқты	linguistic	_	_	End=65.91
68-0	SPK4007	Falling	68	_	Мхм.	Мхм	linguistic	_	_	Begin=66.688|End=67.189
69-0	SPK4007	Continuing	69	_	#,	#	unknown	_	_	Begin=67.818|End=68.35
70-0	SPK4007	Continuing	70	_	қай	қай	linguistic	_	_	Begin=68.35
70-1	SPK4007	Continuing	70	_	киімді	киімді	linguistic	_	_	_
70-2	SPK4007	Continuing	70	_	аламын,	аламын	linguistic	_	_	End=69.24
71-0	SPK4007	Rising	71	_	қайсысын	қайсысын	linguistic	_	_	Begin=69.24
71-1	SPK4007	Rising	71	_	алмаймын?	алмаймын	linguistic	_	_	End=70.059
72-0	SPK4007	Continuing	72	_	Сол	Сол	linguistic	_	_	Begin=71.385
72-1	SPK4007	Continuing	72	_	уайым	уайым	linguistic	_	_	_
72-2	SPK4007	Continuing	72	_	болды	болды	linguistic	_	_	_
72-3	SPK4007	Continuing	72	_	ше,	ше	linguistic	_	_	End=72.008
73-0	SPK4007	Falling	73	_	маған.	маған	linguistic	_	_	Begin=72.03|End=72.35
74-0	SPK4007	Continuing	74	_	Қазір	Қазір	linguistic	_	_	Begin=75.473
74-1	SPK4007	Continuing	74	_	анда,	анда	linguistic	_	_	End=75.83
75-0	SPK4007	Falling	75	_	он	он	linguistic	_	_	Begin=76.959
75-1	SPK4007	Falling	75	_	сегіз	сегіз	linguistic	_	_	_
75-2	SPK4007	Falling	75	_	дейді.	дейді	linguistic	_	_	End=77.671
76-0	SPK4006	Rising	76	_	Градус?	Градус	linguistic	_	_	Begin=78.079|End=78.419
77-0	SPK4007	Falling	77	_	Аха.	Аха	linguistic	_	_	Begin=78.644|End=79.211
78-0	SPK4006	Falling	78	_	Жаңбыр	Жаңбыр	linguistic	_	_	Begin=79.763
78-1	SPK4006	Falling	78	_	жауып	жауып	linguistic	_	_	_
78-2	SPK4006	Falling	78	_	жатыр.	жатыр	linguistic	_	_	End=80.325
79-0	SPK4007	Continuing	79	_	Жұма	Жұма	linguistic	_	_	Begin=80.706
79-1	SPK4007	Continuing	79	_	деген,	деген	linguistic	_	_	End=81.19
80-0	SPK4007	Falling	80	_	ыстық	ыстық	linguistic	_	_	Begin=81.19
80-1	SPK4007	Falling	80	_	болады.	болады	linguistic	_	_	End=81.69
81-0	SPK4007	undefined	81	_	Вообще	Вообще	linguistic	_	_	Begin=81.69
81-1	SPK4007	undefined	81	_	##	##	unknown	_	_	End=82.59
82-0	SPK4006	Continuing	82	_	А	А	linguistic	_	_	Begin=82.763
82-1	SPK4006	Continuing	82	_	сен,	сен	linguistic	_	_	End=83.07
83-0	SPK4006	Rising	83	_	екі	екі	linguistic	_	_	Begin=83.07
83-1	SPK4006	Rising	83	_	аптаға	аптаға	linguistic	_	_	_
83-2	SPK4006	Rising	83	_	барасың	барасың	linguistic	_	_	_
83-3	SPK4006	Rising	83	_	ғой?	ғой	linguistic	_	_	End=84.076
84-0	SPK4007	Falling	84	_	Мхм.	Мхм	linguistic	_	_	Begin=84.076|End=84.68
85-0	SPK4006	Continuing	85	_	Этот,	Этот	linguistic	_	_	Begin=84.815|End=85.586
86-0	SPK4006	Continuing	86	_	қатты,	қатты	linguistic	_	_	Begin=87.23|End=87.38
87-0	SPK4006	Continuing	87	_	қалың	қалың	linguistic	_	_	Begin=87.38
87-1	SPK4006	Continuing	87	_	киімдеріңді,	киімдеріңді	linguistic	_	_	End=88.17
88-0	SPK4006	Falling	88	_	алмай-ақ	алмай-ақ	linguistic	_	_	Begin=88.17
88-1	SPK4006	Falling	88	_	қойсай.	қойсай	linguistic	_	_	End=89.04
89-0	SPK4006	Continuing	89	_	¬Керімде	Керімде	linguistic	_	Anonymized=Yes	Begin=89.041
89-1	SPK4006	Continuing	89	_	бар	бар	linguistic	_	_	_
89-2	SPK4006	Continuing	89	_	шығар,	шығар	linguistic	_	_	End=90.148
90-0	SPK4006	Continuing	90	_	более	более	linguistic	_	_	Begin=90.596
90-1	SPK4006	Continuing	90	_	менее,	менее	linguistic	_	_	End=91.17
91-0	SPK4006	Falling	91	_	жылы	жылы	linguistic	_	_	Begin=91.17
91-1	SPK4006	Falling	91	_	киімдер.	киімдер	linguistic	_	_	End=91.964
92-0	SPK4007	Falling	92	_	Мхм.	Мхм	linguistic	_	_	Begin=92.26|End=92.94
93-0	SPK4006	Continuing	93	_	Просто	Просто	linguistic	_	_	Begin=93.526
93-1	SPK4006	Continuing	93	_	сен,	сен	linguistic	_	_	End=93.82
94-0	SPK4006	Continuing	94	_	ары	ары	linguistic	_	_	Begin=93.82
94-1	SPK4006	Continuing	94	_	бері	бері	linguistic	_	_	_
94-2	SPK4006	Continuing	94	_	жүресің,	жүресің	linguistic	_	_	End=94.55
95-0	SPK4006	Continuing	95	_	ана,	ана	linguistic	_	_	Begin=94.55|End=94.96
96-0	SPK4006	Falling	96	_	той	той	linguistic	_	_	Begin=94.96
96-1	SPK4006	Falling	96	_	болатын	болатын	linguistic	_	_	_
96-2	SPK4006	Falling	96	_	ауылға	ауылға	linguistic	_	_	_
96-3	SPK4006	Falling	96	_	барасың.	барасың	linguistic	_	_	End=96.29
97-0	SPK4007	Falling	97	_	Сол	Сол	linguistic	_	_	Begin=96.566
97-1	SPK4007	Falling	97	_	ғой.	ғой	linguistic	_	_	End=96.873
98-0	SPK4006	Continuing	98	_	Каждый	Каждый	linguistic	_	_	Begin=97.48
98-1	SPK4006	Continuing	98	_	раз,	раз	linguistic	_	_	End=98.0
99-0	SPK4006	Continuing	99	_	заттарыңды,	заттарыңды	linguistic	_	_	Begin=98.0|End=98.39
100-0	SPK4006	Continuing	100	_	көтеріп	көтеріп	linguistic	_	_	Begin=98.39
100-1	SPK4006	Continuing	100	_	жүрген,	жүрген	linguistic	_	_	End=99.12
101-0	SPK4006	Falling	101	_	қиын	қиын	linguistic	_	_	Begin=99.12
101-1	SPK4006	Falling	101	_	болады.	болады	linguistic	_	_	End=99.79
102-0	SPK4006	Continuing	102	_	Мен	Мен	linguistic	_	_	Begin=102.511
102-1	SPK4006	Continuing	102	_	де	де	linguistic	_	_	_
102-2	SPK4006	Continuing	102	_	короче,	короче	linguistic	_	_	End=102.92
103-0	SPK4006	Falling	103	_	қалың	қалың	linguistic	_	_	Begin=102.92
103-1	SPK4006	Falling	103	_	заттарымды	заттарымды	linguistic	_	_	_
103-2	SPK4006	Falling	103	_	алмаймын.	алмаймын	linguistic	_	_	End=103.95
104-0	SPK4007	undefined	104	_	@	@	linguistic	_	_	Begin=104.074|End=105.54
105-0	SPK4006	Continuing	105	_	Теннисқа,	Теннисқа	linguistic	_	_	Begin=133.951|End=134.909
106-0	SPK4006	Continuing	106	_	¬Майя,	Майя	linguistic	_	Anonymized=Yes	Begin=136.238|End=136.88
107-0	SPK4006	Continuing	107	_	¬Асқар,	Асқар	linguistic	_	Anonymized=Yes	Begin=136.88|End=137.547
108-0	SPK4006	Continuing	108	_	¬Раисов,	Раисов	linguistic	_	Anonymized=Yes	Begin=137.606|End=138.4
109-0	SPK4006	Continuing	109	_	төртеуіміз,	төртеуіміз	linguistic	_	_	Begin=138.4|End=138.85
110-0	SPK4006	Falling	110	_	баратын	баратын	linguistic	_	_	Begin=138.85
110-1	SPK4006	Falling	110	_	шығармыз.	шығармыз	linguistic	_	_	End=139.51
111-0	SPK4007	Falling	111	_	Ммм	Ммм	linguistic	_	_	Begin=140.29|End=140.7
112-0	SPK4006	Continuing	112	_	В	В	linguistic	_	_	Begin=140.29
112-1	SPK4006	Continuing	112	_	принципе	принципе	linguistic	_	_	End=140.53
113-0	SPK4006	Falling	113	_	¬Асқарға	Асқарға	linguistic	_	Anonymized=Yes	Begin=140.53
113-1	SPK4006	Falling	113	_	да	да	linguistic	_	_	_
113-2	SPK4006	Falling	113	_	айттық.	айттық	linguistic	_	_	End=141.51
114-0	SPK4006	Continuing	114	_	Мен,	Мен	linguistic	_	_	Begin=141.51|End=141.72
115-0	SPK4006	Continuing	115	_	ана,	ана	linguistic	_	_	Begin=141.721|End=141.95
116-0	SPK4006	Continuing	116	_	Миньоны	Миньоны	linguistic	_	_	Begin=141.95
116-1	SPK4006	Continuing	116	_	деген,	деген	linguistic	_	_	End=142.66
117-0	SPK4006	Falling	117	_	фильді	фильді	linguistic	_	_	Begin=142.66
117-1	SPK4006	Falling	117	_	көргім	көргім	linguistic	_	_	_
117-2	SPK4006	Falling	117	_	келеді.	келеді	linguistic	_	_	End=143.579
118-0	SPK4006	Continuing	118	_	Ой,	Ой	linguistic	_	_	Begin=143.698|End=143.855
119-0	SPK4006	Falling	119	_	мультфильм.	мультфильм	linguistic	_	_	Begin=143.9|End=144.44
120-0	SPK4007	Rising	120	_	Көргім	Көргім	linguistic	_	_	Begin=145.13
120-1	SPK4007	Rising	120	_	келеді?	келеді	linguistic	_	_	End=145.845
121-0	SPK4006	Falling	121	_	Иә.	Иә	linguistic	_	_	Begin=146.221|End=146.635
122-0	SPK4006	Continuing	122	_	Айтам	Айтам	linguistic	_	_	Begin=147.056
122-1	SPK4006	Continuing	122	_	ғой	ғой	linguistic	_	_	_
122-2	SPK4006	Continuing	122	_	деймін,	деймін	linguistic	_	_	End=147.807
123-0	SPK4006	Continuing	123	_	теннистан	теннистан	linguistic	_	_	Begin=147.83
123-1	SPK4006	Continuing	123	_	кейін	кейін	linguistic	_	_	_
123-2	SPK4006	Continuing	123	_	барайықшы,	барайықшы	linguistic	_	_	End=148.84
124-0	SPK4006	Falling	124	_	деп.	деп	linguistic	_	_	Begin=148.84|End=149.263
125-0	SPK4007	Falling	125	_	Ммм.	Ммм	linguistic	_	_	Begin=149.442|End=150.039
126-0	SPK4007	Continuing	126	_	Нет	Нет	linguistic	_	_	Begin=151.231
126-1	SPK4007	Continuing	126	_	#,	#	unknown	_	_	End=151.59
127-0	SPK4007	Falling	127	_	күшті	күшті	linguistic	_	_	Begin=151.59
127-1	SPK4007	Falling	127	_	болып	болып	linguistic	_	_	_
127-2	SPK4007	Falling	127	_	жатыр.	жатыр	linguistic	_	_	End=152.266
128-0	SPK4006	Falling	128	_	Иә.	Иә	linguistic	_	_	Begin=152.329|End=152.881
129-0	SPK4006	Continuing	129	_	Жаңа,	Жаңа	linguistic	_	_	Begin=152.95|End=153.25
130-0	SPK4006	Falling	130	_	андай	андай	linguistic	_	_	Begin=153.25
130-1	SPK4006	Falling	130	_	рил	рил	linguistic	_	_	_
130-2	SPK4006	Falling	130	_	көрдім.	көрдім	linguistic	_	_	End=154.187
131-0	SPK4007	Falling	131	_	Мхм.	Мхм	linguistic	_	_	Begin=154.473|End=154.783
132-0	SPK4006	Continuing	132	_	Анау,	Анау	linguistic	_	_	Begin=154.78|End=155.12
133-0	SPK4006	Rising	133	_	Гру	Гру	linguistic	_	_	Begin=155.44
133-1	SPK4006	Rising	133	_	ма?	ма	linguistic	_	_	End=156.007
134-0	SPK4006	Rising	134	_	Как	Как	linguistic	_	_	Begin=156.224
134-1	SPK4006	Rising	134	_	его	его	linguistic	_	_	_
134-2	SPK4006	Rising	134	_	звали?	звали	linguistic	_	_	End=156.987
135-0	SPK4006	undefined	135	_	Главно	Главно	linguistic	_	_	Begin=157.175
135-1	SPK4006	undefined	135	_	перс–	перс–	linguistic	_	_	End=157.73
136-0	SPK4006	Continuing	136	_	ну,	ну	linguistic	_	_	Begin=157.827|End=158.13
137-0	SPK4006	Continuing	137	_	анау	анау	linguistic	_	_	Begin=158.343
137-1	SPK4006	Continuing	137	_	злой,	злой	linguistic	_	_	End=158.8
138-0	SPK4006	Falling	138	_	отрицательный.	отрицательный	linguistic	_	_	Begin=158.81|End=159.69
139-0	SPK4007	Falling	139	_	Ыыы.	Ыыы	linguistic	_	_	Begin=160.196|End=161.75
140-0	SPK4006	Continuing	140	_	Короче,	Короче	linguistic	_	_	Begin=161.778|End=162.06
141-0	SPK4006	Continuing	141	_	соның,	соның	linguistic	_	_	Begin=162.06|End=162.25
142-0	SPK4006	Continuing	142	_	түрін,	түрін	linguistic	_	_	Begin=162.25|End=162.922
143-0	SPK4007	Falling	143	_	Аха.	Аха	linguistic	_	_	Begin=163.027|End=163.261
144-0	SPK4006	Continuing	144	_	ыы,	ыы	linguistic	_	_	Begin=163.247|End=163.59
145-0	SPK4006	Continuing	145	_	андай,	андай	linguistic	_	_	Begin=164.932|End=165.132
146-0	SPK4006	Continuing	146	_	кішкентай	кішкентай	linguistic	_	_	Begin=165.237
146-1	SPK4006	Continuing	146	_	миньондардан,	миньондардан	linguistic	_	_	End=166.262
147-0	SPK4006	Continuing	147	_	ыы,	ыы	linguistic	_	_	Begin=166.53|End=166.72
148-0	SPK4006	Falling	148	_	салып	салып	linguistic	_	_	Begin=166.73
148-1	SPK4006	Falling	148	_	жасаған.	жасаған	linguistic	_	_	End=167.49
149-0	SPK4007	Falling	149	_	Ааа	Ааа	linguistic	_	_	Begin=167.627|End=168.334
150-0	SPK4006	Continuing	150	_	Бір	Бір	linguistic	_	_	Begin=167.627
150-1	SPK4006	Continuing	150	_	адам	адам	linguistic	_	_	End=168.068
151-0	SPK4006	Continuing	151	_	каждый,	каждый	linguistic	_	_	Begin=168.187|End=168.574
152-0	SPK4006	undefined	152	_	миньон	миньон	linguistic	_	_	Begin=168.62
152-1	SPK4006	undefined	152	_	ре–	ре–	linguistic	_	_	End=169.329
153-0	SPK4006	Falling	153	_	суретін	суретін	linguistic	_	_	Begin=169.966
153-1	SPK4006	Falling	153	_	салып	салып	linguistic	_	_	_
153-2	SPK4006	Falling	153	_	отырған.	отырған	linguistic	_	_	End=170.799
154-0	SPK4007	undefined	154	_	@@	@@	linguistic	_	_	Begin=171.451|End=171.935
155-0	SPK4006	undefined	155	_	SINGING	SINGING	linguistic	_	_	Begin=176.013|End=178.722
156-0	SPK4007	Continuing	156	_	Сонда,	Сонда	linguistic	_	_	Begin=180.16|End=180.99
157-0	SPK4007	Continuing	157	_	GRE,	GRE	linguistic	_	_	Begin=180.99|End=181.86
158-0	SPK4007	Continuing	158	_	бүкіл,	бүкіл	linguistic	_	_	Begin=182.896|End=183.25
159-0	SPK4007	Rising	159	_	университтерге	университтерге	linguistic	_	_	Begin=183.25
159-1	SPK4007	Rising	159	_	керек	керек	linguistic	_	_	_
159-2	SPK4007	Rising	159	_	пе?	пе	linguistic	_	_	End=184.601
160-0	SPK4006	Falling	160	_	Бүкіліне	Бүкіліне	linguistic	_	_	Begin=184.607
160-1	SPK4006	Falling	160	_	емес.	емес	linguistic	_	_	End=185.458
161-0	SPK4007	Rising	161	_	Или	Или	linguistic	_	_	Begin=185.28
161-1	SPK4007	Rising	161	_	желательно?	желательно	linguistic	_	_	End=186.27
162-0	SPK4006	undefined	162	_	Мен	Мен	linguistic	_	_	Begin=185.69
162-1	SPK4006	undefined	162	_	негізі–	негізі–	linguistic	_	_	End=186.27
163-0	SPK4006	Falling	163	_	Желательно.	Желательно	linguistic	_	_	Begin=187.258|End=188.139
164-0	SPK4006	Continuing	164	_	Бірақ	Бірақ	linguistic	_	_	Begin=188.579
164-1	SPK4006	Continuing	164	_	мен,	мен	linguistic	_	_	End=188.97
165-0	SPK4006	Falling	165	_	кейбір	кейбір	linguistic	_	_	Begin=188.97
165-1	SPK4006	Falling	165	_	универлерді	универлерді	linguistic	_	_	_
165-2	SPK4006	Falling	165	_	қарадым.	қарадым	linguistic	_	_	End=190.108
166-0	SPK4006	Falling	166	_	Мысалы.	Мысалы	linguistic	_	_	Begin=190.24|End=190.43
167-0	SPK4006	Falling	167	_	Erasmusқа	Erasmusқа	linguistic	_	_	Begin=190.43
167-1	SPK4006	Falling	167	_	керек	керек	linguistic	_	_	_
167-2	SPK4006	Falling	167	_	емес.	емес	linguistic	_	_	End=191.54
168-0	SPK4007	Falling	168	_	Мхм.	Мхм	linguistic	_	_	Begin=191.85|End=192.17
169-0	SPK4006	Continuing	169	_	Ыы,	Ыы	linguistic	_	_	Begin=193.111|End=193.6
170-0	SPK4006	Continuing	170	_	Германиядағы,	Германиядағы	linguistic	_	_	Begin=193.64|End=194.46
171-0	SPK4006	Continuing	171	_	кейбір	кейбір	linguistic	_	_	Begin=194.49
171-1	SPK4006	Continuing	171	_	универлерді,	универлерді	linguistic	_	_	End=195.45
172-0	SPK4006	Continuing	172	_	қарағанда,	қарағанда	linguistic	_	_	Begin=195.45|End=195.99
173-0	SPK4006	Continuing	173	_	кейбіріне	кейбіріне	linguistic	_	_	Begin=196.216
173-1	SPK4006	Continuing	173	_	керек,	керек	linguistic	_	_	End=196.877
174-0	SPK4006	Continuing	174	_	кейбіріне,	кейбіріне	linguistic	_	_	Begin=197.046|End=197.4
175-0	SPK4006	Falling	175	_	керек	керек	linguistic	_	_	Begin=197.4
175-1	SPK4006	Falling	175	_	емес.	емес	linguistic	_	_	End=197.929
176-0	SPK4007	Falling	176	_	Ммм.	Ммм	linguistic	_	_	Begin=198.397|End=199.119
177-0	SPK4006	Falling	177	_	Ммм.	Ммм	linguistic	_	_	Begin=199.792|End=200.497
178-0	SPK4006	Continuing	178	_	ыы,	ыы	linguistic	_	_	Begin=201.55|End=201.78
179-0	SPK4006	Continuing	179	_	Там	Там	linguistic	_	_	Begin=201.78
179-1	SPK4006	Continuing	179	_	GREдың,	GREдың	linguistic	_	_	End=202.892
180-0	SPK4006	Falling	180	_	ол	ол	linguistic	_	_	Begin=203.237
180-1	SPK4006	Falling	180	_	да	да	linguistic	_	_	_
180-2	SPK4006	Falling	180	_	SAT	SAT	linguistic	_	_	_
180-3	SPK4006	Falling	180	_	сияқты.	сияқты	linguistic	_	_	End=204.11
181-0	SPK4006	Continuing	181	_	Ішінде,	Ішінде	linguistic	_	_	Begin=204.12|End=204.84
182-0	SPK4006	Continuing	182	_	Subject	Subject	linguistic	_	_	Begin=204.841
182-1	SPK4006	Continuing	182	_	testтары,	testтары	linguistic	_	_	End=205.77
183-0	SPK4006	Falling	183	_	де	де	linguistic	_	_	Begin=205.77
183-1	SPK4006	Falling	183	_	болады	болады	linguistic	_	_	_
183-2	SPK4006	Falling	183	_	екен.	екен	linguistic	_	_	End=206.668
184-0	SPK4007	Falling	184	_	Ммм.	Ммм	linguistic	_	_	Begin=207.088|End=207.598
185-0	SPK4007	Continuing	185	_	Там:,	Там	linguistic	_	Prolongation=2	Begin=207.904|End=208.312
186-0	SPK4007	Continuing	186	_	сен	сен	linguistic	_	_	Begin=208.39
186-1	SPK4007	Continuing	186	_	бір	бір	linguistic	_	_	_
186-2	SPK4007	Continuing	186	_	айда,	айда	linguistic	_	_	End=209.05
187-0	SPK4007	Continuing	187	_	дайындалып,	дайындалып	linguistic	_	_	Begin=209.05|End=209.47
188-0	SPK4007	Rising	188	_	үлгеремін	үлгеремін	linguistic	_	_	Begin=209.47
188-1	SPK4007	Rising	188	_	дейсің	дейсің	linguistic	_	_	_
188-2	SPK4007	Rising	188	_	ба?	ба	linguistic	_	_	End=210.24
189-0	SPK4007	Falling	189	_	Ол	Ол	linguistic	_	_	Begin=210.31
189-1	SPK4007	Falling	189	_	қиын	қиын	linguistic	_	_	_
189-2	SPK4007	Falling	189	_	дейді	дейді	linguistic	_	_	_
189-3	SPK4007	Falling	189	_	ғой	ғой	linguistic	_	_	_
189-4	SPK4007	Falling	189	_	бәрі.	бәрі	linguistic	_	_	End=211.1
190-0	SPK4006	Falling	190	_	GRE	GRE	linguistic	_	_	Begin=211.086
190-1	SPK4006	Falling	190	_	қиын	қиын	linguistic	_	_	_
190-2	SPK4006	Falling	190	_	иә.	иә	linguistic	_	_	End=211.95
191-0	SPK4006	Continuing	191	_	Оған	Оған	linguistic	_	_	Begin=211.95
191-1	SPK4006	Continuing	191	_	бір	бір	linguistic	_	_	_
191-2	SPK4006	Continuing	191	_	ай,	ай	linguistic	_	_	End=212.59
192-0	SPK4006	Falling	192	_	бір	бір	linguistic	_	_	Begin=212.596
192-1	SPK4006	Falling	192	_	айда	айда	linguistic	_	_	_
192-2	SPK4006	Falling	192	_	дайындалмайтын	дайындалмайтын	linguistic	_	_	_
192-3	SPK4006	Falling	192	_	шығармын.	шығармын	linguistic	_	_	End=214.02
193-0	SPK4006	Falling	193	_	Ааа.	Ааа	linguistic	_	_	Begin=214.666|End=215.375
194-0	SPK4006	Continuing	194	_	Примерно,	Примерно	linguistic	_	_	Begin=215.67|End=216.07
195-0	SPK4006	Continuing	195	_	октябрьге,	октябрьге	linguistic	_	_	Begin=216.07|End=217.0
196-0	SPK4006	Continuing	196	_	жазғым:,	жазғым	linguistic	_	Prolongation=5	Begin=217.408|End=217.78
197-0	SPK4007	Falling	197	_	Ммм.	Ммм	linguistic	_	_	Begin=217.635|End=219.48
198-0	SPK4006	Falling	198	_	кеп	кеп	linguistic	_	_	Begin=217.78
198-1	SPK4006	Falling	198	_	жатыр.	жатыр	linguistic	_	_	End=218.464
199-0	SPK4006	Falling	199	_	Ммм.	Ммм	linguistic	_	_	Begin=219.807|End=220.421
200-0	SPK4006	Continuing	200	_	В	В	linguistic	_	_	Begin=220.5
200-1	SPK4006	Continuing	200	_	принципе,	принципе	linguistic	_	_	End=221.52
201-0	SPK4006	Continuing	201	_	GREді,	GREді	linguistic	_	_	Begin=221.52|End=222.34
202-0	SPK4006	Continuing	202	_	егер,	егер	linguistic	_	_	Begin=222.34|End=222.9
203-0	SPK4006	Continuing	203	_	үйден,	үйден	linguistic	_	_	Begin=223.268|End=223.68
204-0	SPK4006	Continuing	204	_	онлайн	онлайн	linguistic	_	_	Begin=223.68
204-1	SPK4006	Continuing	204	_	тапсыратын,	тапсыратын	linguistic	_	_	End=225.271
205-0	SPK4006	Continuing	205	_	түрі	түрі	linguistic	_	_	Begin=225.801
205-1	SPK4006	Continuing	205	_	болса,	болса	linguistic	_	_	End=226.547
206-0	SPK4007	Falling	206	_	Мхм.	Мхм	linguistic	_	_	Begin=226.619|End=227.119
207-0	SPK4006	undefined	207	_	(H)	(H)	inhale	_	_	Begin=227.24|End=227.62
208-0	SPK4006	undefined	208	_	(Hx)	(Hx)	exhale	_	_	Begin=227.74|End=228.34
209-0	SPK4006	Continuing	209	_	даже,	даже	linguistic	_	_	Begin=228.503|End=228.8
210-0	SPK4006	Continuing	210	_	ертеңгі	ертеңгі	linguistic	_	_	Begin=228.8
210-1	SPK4006	Continuing	210	_	күнге,	күнге	linguistic	_	_	End=229.52
211-0	SPK4006	Falling	211	_	жазыла	жазыла	linguistic	_	_	Begin=229.52
211-1	SPK4006	Falling	211	_	беруге	беруге	linguistic	_	_	_
211-2	SPK4006	Falling	211	_	болады.	болады	linguistic	_	_	End=230.704
212-0	SPK4007	Falling	212	_	Ммм.	Ммм	linguistic	_	_	Begin=231.487|End=232.076
213-0	SPK4006	Continuing	213	_	Бірақ,	Бірақ	linguistic	_	_	Begin=232.797|End=233.349
214-0	SPK4006	Continuing	214	_	мен	мен	linguistic	_	_	Begin=234.185
214-1	SPK4006	Continuing	214	_	білмеймін,	білмеймін	linguistic	_	_	End=234.667
215-0	SPK4006	Continuing	215	_	негізі,	негізі	linguistic	_	_	Begin=234.68|End=235.3
216-0	SPK4006	Continuing	216	_	ыы,	ыы	linguistic	_	_	Begin=235.3|End=235.53
217-0	SPK4006	Continuing	217	_	көп	көп	linguistic	_	_	Begin=235.59
217-1	SPK4006	Continuing	217	_	жерге,	жерге	linguistic	_	_	End=236.22
218-0	SPK4006	Continuing	218	_	үлгеру	үлгеру	linguistic	_	_	Begin=236.22
218-1	SPK4006	Continuing	218	_	үшін,	үшін	linguistic	_	_	End=237.05
219-0	SPK4006	Continuing	219	_	октябрьдің,	октябрьдің	linguistic	_	_	Begin=237.383|End=237.948
220-0	SPK4006	Continuing	220	_	басында	басында	linguistic	_	_	Begin=237.95
220-1	SPK4006	Continuing	220	_	тапсыру	тапсыру	linguistic	_	_	_
220-2	SPK4006	Continuing	220	_	керек	керек	linguistic	_	_	_
220-3	SPK4006	Continuing	220	_	шығар,	шығар	linguistic	_	_	End=238.8
221-0	SPK4006	Falling	221	_	деп	деп	linguistic	_	_	Begin=238.84
221-1	SPK4006	Falling	221	_	ойлап	ойлап	linguistic	_	_	_
221-2	SPK4006	Falling	221	_	жатырмын.	жатырмын	linguistic	_	_	End=239.52
222-0	SPK4006	Continuing	222	_	Бірақ,	Бірақ	linguistic	_	_	Begin=239.569|End=240.068
223-0	SPK4006	Continuing	223	_	октябрьдің	октябрьдің	linguistic	_	_	Begin=240.626
223-1	SPK4006	Continuing	223	_	басына	басына	linguistic	_	_	_
223-2	SPK4006	Continuing	223	_	дейін,	дейін	linguistic	_	_	End=241.39
224-0	SPK4006	Continuing	224	_	жақсылап,	жақсылап	linguistic	_	_	Begin=241.39|End=241.98
225-0	SPK4006	Rising	225	_	дайындала	дайындала	linguistic	_	_	Begin=241.98
225-1	SPK4006	Rising	225	_	аламын	аламын	linguistic	_	_	_
225-2	SPK4006	Rising	225	_	ба?	ба	linguistic	_	_	End=242.87
226-0	SPK4007	Falling	226	_	Ммм.	Ммм	linguistic	_	_	Begin=243.312|End=243.829
227-0	SPK4006	Rising	227	_	Жоқ	Жоқ	linguistic	_	_	Begin=244.15
227-1	SPK4006	Rising	227	_	па?	па	linguistic	_	_	End=244.35
228-0	SPK4006	Falling	228	_	Білмеймін.	Білмеймін	linguistic	_	_	Begin=244.35|End=244.76
229-0	SPK4006	undefined	229	_	(Hx)	(Hx)	exhale	_	_	Begin=245.359|End=245.829
230-0	SPK4006	undefined	230	_	А–	А–	linguistic	_	_	Begin=246.129|End=246.509
231-0	SPK4006	Continuing	231	_	IELTSты,	IELTSты	linguistic	_	_	Begin=246.696|End=247.09
232-0	SPK4006	Continuing	232	_	көп	көп	linguistic	_	_	Begin=247.09
232-1	SPK4006	Continuing	232	_	созбай,	созбай	linguistic	_	_	End=247.64
233-0	SPK4006	Continuing	233	_	тапсырып	тапсырып	linguistic	_	_	Begin=247.64
233-1	SPK4006	Continuing	233	_	тастағым	тастағым	linguistic	_	_	_
233-2	SPK4006	Continuing	233	_	келіп	келіп	linguistic	_	_	_
233-3	SPK4006	Continuing	233	_	жатыр,	жатыр	linguistic	_	_	End=248.78
234-0	SPK4006	Falling	234	_	ол.	ол	linguistic	_	_	Begin=248.78|End=249.08
235-0	SPK4007	Falling	235	_	Мхм.	Мхм	linguistic	_	_	Begin=250.055|End=250.689
236-0	SPK4006	Continuing	236	_	В	В	linguistic	_	_	Begin=250.89
236-1	SPK4006	Continuing	236	_	принципе,	принципе	linguistic	_	_	End=251.845
237-0	SPK4006	Continuing	237	_	қиын	қиын	linguistic	_	_	Begin=252.39
237-1	SPK4006	Continuing	237	_	емес,	емес	linguistic	_	_	End=252.78
238-0	SPK4006	Falling	238	_	сияқты.	сияқты	linguistic	_	_	Begin=252.82|End=253.05
239-0	SPK4007	Falling	239	_	Мхм.	Мхм	linguistic	_	_	Begin=253.878|End=254.35
240-0	SPK4006	Continuing	240	_	Бүгін,	Бүгін	linguistic	_	_	Begin=256.09|End=256.42
241-0	SPK4006	Continuing	241	_	еще,	еще	linguistic	_	_	Begin=256.45|End=256.65
242-0	SPK4006	Continuing	242	_	бір,	бір	linguistic	_	_	Begin=256.67|End=256.87
243-0	SPK4006	undefined	243	_	(H)	(H)	inhale	_	_	Begin=257.125|End=257.522
244-0	SPK4006	Continuing	244	_	мектептен:,	мектептен	linguistic	_	Prolongation=8	Begin=257.692|End=257.978
245-0	SPK4006	Falling	245	_	бір	бір	linguistic	_	_	Begin=258.41
245-1	SPK4006	Falling	245	_	қызбен	қызбен	linguistic	_	_	_
245-2	SPK4006	Falling	245	_	сөйлестім.	сөйлестім	linguistic	_	_	End=259.62
246-0	SPK4007	Falling	246	_	Мхм.	Мхм	linguistic	_	_	Begin=259.766|End=260.07
247-0	SPK4006	Continuing	247	_	Тоже	Тоже	linguistic	_	_	Begin=260.755
247-1	SPK4006	Continuing	247	_	біздің	біздің	linguistic	_	_	_
247-2	SPK4006	Continuing	247	_	потокта,	потокта	linguistic	_	_	End=261.478
248-0	SPK4006	Continuing	248	_	бірақ,	бірақ	linguistic	_	_	Begin=261.49|End=261.69
249-0	SPK4006	Continuing	249	_	басқа,	басқа	linguistic	_	_	Begin=261.71|End=262.17
250-0	SPK4006	Falling	250	_	сыныпта	сыныпта	linguistic	_	_	Begin=262.17
250-1	SPK4006	Falling	250	_	оқыған.	оқыған	linguistic	_	_	End=263.265
251-0	SPK4007	Falling	251	_	Мхм.	Мхм	linguistic	_	_	Begin=263.476|End=263.765
252-0	SPK4006	Continuing	252	_	Ол,	Ол	linguistic	_	_	Begin=263.924|End=264.22
253-0	SPK4006	Continuing	253	_	тоже,	тоже	linguistic	_	_	Begin=264.22|End=264.916
254-0	SPK4006	Continuing	254	_	екі	екі	linguistic	_	_	Begin=265.27
254-1	SPK4006	Continuing	254	_	үш	үш	linguistic	_	_	_
254-2	SPK4006	Continuing	254	_	апта	апта	linguistic	_	_	_
254-3	SPK4006	Continuing	254	_	дайындалып,	дайындалып	linguistic	_	_	End=266.18
255-0	SPK4006	Falling	255	_	тапсыра	тапсыра	linguistic	_	_	Begin=266.21
255-1	SPK4006	Falling	255	_	салыпты.	салыпты	linguistic	_	_	End=267.22
256-0	SPK4007	Rising	256	_	Нені?	Нені	linguistic	_	_	Begin=268.125|End=268.558
257-0	SPK4006	Falling	257	_	IELTSты.	IELTSты	linguistic	_	_	Begin=268.904|End=269.591
258-0	SPK4007	Falling	258	_	Ааа.	Ааа	linguistic	_	_	Begin=269.965|End=270.51
259-0	SPK4007	Continuing	259	_	Мне	Мне	linguistic	_	_	Begin=271.41
259-1	SPK4007	Continuing	259	_	кажется,	кажется	linguistic	_	_	End=271.927
260-0	SPK4007	Continuing	260	_	анда	анда	linguistic	_	_	Begin=271.95
260-1	SPK4007	Continuing	260	_	просто,	просто	linguistic	_	_	End=272.49
261-0	SPK4007	Falling	261	_	форматын	форматын	linguistic	_	_	Begin=272.49
261-1	SPK4007	Falling	261	_	еске	еске	linguistic	_	_	_
261-2	SPK4007	Falling	261	_	түсіресің	түсіресің	linguistic	_	_	_
261-3	SPK4007	Falling	261	_	да.	да	linguistic	_	_	End=274.196
262-0	SPK4006	Falling	262	_	Иә.	Иә	linguistic	_	_	Begin=274.186|End=274.596
263-0	SPK4006	Continuing	263	_	IELTS,	IELTS	linguistic	_	_	Begin=274.922|End=275.364
264-0	SPK4006	Continuing	264	_	ыы,	ыы	linguistic	_	_	Begin=275.42|End=275.75
265-0	SPK4006	Continuing	265	_	ана	ана	linguistic	_	_	Begin=275.75
265-1	SPK4006	Continuing	265	_	жақта,	жақта	linguistic	_	_	End=276.868
266-0	SPK4006	Continuing	266	_	GRE	GRE	linguistic	_	_	Begin=277.129
266-1	SPK4006	Continuing	266	_	ол,	ол	linguistic	_	_	End=277.86
267-0	SPK4006	Continuing	267	_	тек	тек	linguistic	_	_	Begin=278.07
267-1	SPK4006	Continuing	267	_	қана:,	қана	linguistic	_	Prolongation=3	End=279.06
268-0	SPK4006	Continuing	268	_	там	там	linguistic	_	_	Begin=279.651
268-1	SPK4006	Continuing	268	_	короче,	короче	linguistic	_	_	End=280.34
269-0	SPK4006	Continuing	269	_	и	и	linguistic	_	_	Begin=280.36
269-1	SPK4006	Continuing	269	_	математика,	математика	linguistic	_	_	End=281.379
270-0	SPK4007	Falling	270	_	Ааа.	Ааа	linguistic	_	_	Begin=281.477|End=282.399
271-0	SPK4006	undefined	271	_	и:–	и–	linguistic	_	Prolongation=0	Begin=282.63|End=283.31
272-0	SPK4007	Continuing	272	_	ну	ну	linguistic	_	_	Begin=282.93
272-1	SPK4007	Continuing	272	_	они	они	linguistic	_	_	_
272-2	SPK4007	Continuing	272	_	вычисляют,	вычисляют	linguistic	_	_	End=283.58
273-0	SPK4007	Falling	273	_	там.	там	linguistic	_	_	Begin=283.58|End=283.94
274-0	SPK4006	Falling	274	_	Да.	Да	linguistic	_	_	Begin=284.41|End=284.84
275-0	SPK4006	Continuing	275	_	и:,	и	linguistic	_	Prolongation=0	Begin=284.879|End=285.377
276-0	SPK4006	Continuing	276	_	мынандай,	мынандай	linguistic	_	_	Begin=285.457|End=285.79
277-0	SPK4006	Falling	277	_	сөздері	сөздері	linguistic	_	_	Begin=285.79
277-1	SPK4006	Falling	277	_	де	де	linguistic	_	_	_
277-2	SPK4006	Falling	277	_	бар.	бар	linguistic	_	_	End=286.769
278-0	SPK4006	Continuing	278	_	Жаңа,	Жаңа	linguistic	_	_	Begin=288.16|End=288.34
279-0	SPK4006	Continuing	279	_	бір	бір	linguistic	_	_	Begin=288.34
279-1	SPK4006	Continuing	279	_	practice	practice	linguistic	_	_	_
279-2	SPK4006	Continuing	279	_	тестты,	тестты	linguistic	_	_	End=289.17
280-0	SPK4006	Falling	280	_	қарап	қарап	linguistic	_	_	Begin=289.17
280-1	SPK4006	Falling	280	_	едім.	едім	linguistic	_	_	End=289.924
281-0	SPK4007	Falling	281	_	Мхм.	Мхм	linguistic	_	_	Begin=290.191|End=290.527
282-0	SPK4006	Continuing	282	_	Андай,	Андай	linguistic	_	_	Begin=290.607|End=291.145
283-0	SPK4006	Continuing	283	_	irregular,	irregular	linguistic	_	_	Begin=291.321|End=291.96
284-0	SPK4006	Rising	284	_	форма	форма	linguistic	_	_	Begin=291.96
284-1	SPK4006	Rising	284	_	тұр	тұр	linguistic	_	_	_
284-2	SPK4006	Rising	284	_	да?	да	linguistic	_	_	End=292.951
285-0	SPK4007	Falling	285	_	Мхм.	Мхм	linguistic	_	_	Begin=292.949|End=293.334
286-0	SPK4006	Continuing	286	_	Когда,	Когда	linguistic	_	_	Begin=293.444|End=293.99
287-0	SPK4006	Continuing	287	_	обычно,	обычно	linguistic	_	_	Begin=293.99|End=294.86
288-0	SPK4006	Rising	288	_	ауданын	ауданын	linguistic	_	_	Begin=295.02
288-1	SPK4006	Rising	288	_	табу	табу	linguistic	_	_	_
288-2	SPK4006	Rising	288	_	оңай	оңай	linguistic	_	_	_
288-3	SPK4006	Rising	288	_	ғой?	ғой	linguistic	_	_	End=296.141
289-0	SPK4006	Continuing	289	_	Тең	Тең	linguistic	_	_	Begin=296.35
289-1	SPK4006	Continuing	289	_	бүйірлі,	бүйірлі	linguistic	_	_	End=296.74
290-0	SPK4006	Falling	290	_	үшбұрыш	үшбұрыш	linguistic	_	_	Begin=296.74
290-1	SPK4006	Falling	290	_	болса.	болса	linguistic	_	_	End=297.628
291-0	SPK4007	Falling	291	_	Мхм.	Мхм	linguistic	_	_	Begin=297.842|End=298.09
292-0	SPK4006	Continuing	292	_	Ананың,	Ананың	linguistic	_	_	Begin=298.098|End=298.51
293-0	SPK4006	Continuing	293	_	формасы,	формасы	linguistic	_	_	Begin=298.51|End=299.27
294-0	SPK4006	Continuing	294	_	бір	бір	linguistic	_	_	Begin=299.27
294-1	SPK4006	Continuing	294	_	түрлі,	түрлі	linguistic	_	_	End=299.66
295-0	SPK4006	Continuing	295	_	и,	и	linguistic	_	_	Begin=299.66|End=300.2
296-0	SPK4006	Falling	296	_	точный	точный	linguistic	_	_	Begin=300.43
296-1	SPK4006	Falling	296	_	формуланы	формуланы	linguistic	_	_	_
296-2	SPK4006	Falling	296	_	білмейсің.	білмейсің	linguistic	_	_	End=301.58
297-0	SPK4006	Continuing	297	_	И	И	linguistic	_	_	Begin=301.58
297-1	SPK4006	Continuing	297	_	там,	там	linguistic	_	_	End=301.81
298-0	SPK4006	Falling	298	_	сұрақ.	сұрақ	linguistic	_	_	Begin=301.88|End=302.46
299-0	SPK4006	Continuing	299	_	Там	Там	linguistic	_	_	Begin=303.07
299-1	SPK4006	Continuing	299	_	ауданын	ауданын	linguistic	_	_	_
299-2	SPK4006	Continuing	299	_	табу	табу	linguistic	_	_	_
299-3	SPK4006	Continuing	299	_	керек,	керек	linguistic	_	_	End=304.13
300-0	SPK4006	Falling	300	_	деген	деген	linguistic	_	_	Begin=304.13
300-1	SPK4006	Falling	300	_	сияқты.	сияқты	linguistic	_	_	End=304.78
301-0	SPK4007	Falling	301	_	Ммм.	Ммм	linguistic	_	_	Begin=305.44|End=306.05
302-0	SPK4006	Continuing	302	_	Соның	Соның	linguistic	_	_	Begin=306.62
302-1	SPK4006	Continuing	302	_	бәрін,	бәрін	linguistic	_	_	End=307.18
303-0	SPK4006	Falling	303	_	еске	еске	linguistic	_	_	Begin=307.2
303-1	SPK4006	Falling	303	_	түсіру	түсіру	linguistic	_	_	_
303-2	SPK4006	Falling	303	_	керек.	керек	linguistic	_	_	End=308.017
304-0	SPK4007	Falling	304	_	Мхм.	Мхм	linguistic	_	_	Begin=309.13|End=309.458
305-0	SPK4006	undefined	305	_	SINGING	SINGING	linguistic	_	_	Begin=311.153|End=319.73
306-0	SPK4006	undefined	306	_	(H)	(H)	inhale	_	_	Begin=329.792|End=330.03
307-0	SPK4006	Continuing	307	_	Жаңа,	Жаңа	linguistic	_	_	Begin=330.03|End=330.5
308-0	SPK4006	Continuing	308	_	¬Асқармен,	Асқармен	linguistic	_	Anonymized=Yes	Begin=330.7|End=331.22
309-0	SPK4006	Continuing	309	_	ыы,	ыы	linguistic	_	_	Begin=331.24|End=331.84
310-0	SPK4006	Continuing	310	_	сөйлесіп	сөйлесіп	linguistic	_	_	Begin=331.86
310-1	SPK4006	Continuing	310	_	жүрген	жүрген	linguistic	_	_	_
310-2	SPK4006	Continuing	310	_	кезде,	кезде	linguistic	_	_	End=333.05
311-0	SPK4007	Falling	311	_	Мхм.	Мхм	linguistic	_	_	Begin=333.21|End=333.62
312-0	SPK4006	Continuing	312	_	не	не	linguistic	_	_	Begin=333.537
312-1	SPK4006	Continuing	312	_	туралы,	туралы	linguistic	_	_	End=334.215
313-0	SPK4006	Falling	313	_	сөйлестік.	сөйлестік	linguistic	_	_	Begin=335.618|End=336.152
314-0	SPK4006	Continuing	314	_	Ыы,	Ыы	linguistic	_	_	Begin=336.324|End=336.882
315-0	SPK4006	Continuing	315	_	мен	мен	linguistic	_	_	Begin=337.423
315-1	SPK4006	Continuing	315	_	өткен,	өткен	linguistic	_	_	End=337.74
316-0	SPK4006	Continuing	316	_	суббота,	суббота	linguistic	_	_	Begin=337.74|End=338.35
317-0	SPK4006	Continuing	317	_	күні,	күні	linguistic	_	_	Begin=338.35|End=338.71
318-0	SPK4006	Continuing	318	_	case,	case	linguistic	_	_	Begin=338.769|End=339.17
319-0	SPK4006	Continuing	319	_	клабқа,	клабқа	linguistic	_	_	Begin=339.209|End=339.81
320-0	SPK4006	Continuing	320	_	барған	барған	linguistic	_	_	Begin=339.87
320-1	SPK4006	Continuing	320	_	кезде,	кезде	linguistic	_	_	End=340.613
321-0	SPK4006	Continuing	321	_	mergers	mergers	linguistic	_	_	Begin=340.626
321-1	SPK4006	Continuing	321	_	and,	and	linguistic	_	_	End=341.12
322-0	SPK4006	Continuing	322	_	acquisitions	acquisitions	linguistic	_	_	Begin=341.12
322-1	SPK4006	Continuing	322	_	кейсті,	кейсті	linguistic	_	_	End=342.0
323-0	SPK4006	Continuing	323	_	қалай,	қалай	linguistic	_	_	Begin=342.0|End=342.52
324-0	SPK4006	Continuing	324	_	шешу	шешу	linguistic	_	_	Begin=342.52
324-1	SPK4006	Continuing	324	_	керек	керек	linguistic	_	_	_
324-2	SPK4006	Continuing	324	_	екенін,	екенін	linguistic	_	_	End=343.713
325-0	SPK4006	Falling	325	_	түсінгенмін.	түсінгенмін	linguistic	_	_	Begin=344.228|End=344.8
326-0	SPK4007	Falling	326	_	Мхм.	Мхм	linguistic	_	_	Begin=345.045|End=345.403
327-0	SPK4006	undefined	327	_	Mergers–	Mergers–	linguistic	_	_	Begin=345.634|End=345.939
328-0	SPK4006	Continuing	328	_	Mergers,	Mergers	linguistic	_	_	Begin=346.26|End=346.57
329-0	SPK4006	Continuing	329	_	деген,	деген	linguistic	_	_	Begin=346.57|End=347.01
330-0	SPK4006	undefined	330	_	екі	екі	linguistic	_	_	Begin=347.01|End=347.43
331-0	SPK4006	Continuing	331	_	компания	компания	linguistic	_	_	Begin=347.44
331-1	SPK4006	Continuing	331	_	бірге	бірге	linguistic	_	_	_
331-2	SPK4006	Continuing	331	_	қосылғанда,	қосылғанда	linguistic	_	_	End=348.71
332-0	SPK4006	Continuing	332	_	acquisitions,	acquisitions	linguistic	_	_	Begin=348.71|End=349.537
333-0	SPK4006	Continuing	333	_	ыы,	ыы	linguistic	_	_	Begin=350.082|End=350.28
334-0	SPK4006	Continuing	334	_	это	это	linguistic	_	_	Begin=350.28
334-1	SPK4006	Continuing	334	_	когда,	когда	linguistic	_	_	End=350.68
335-0	SPK4006	Continuing	335	_	одна,	одна	linguistic	_	_	Begin=350.69|End=351.03
336-0	SPK4006	Continuing	336	_	компания,	компания	linguistic	_	_	Begin=351.03|End=351.684
337-0	SPK4006	Continuing	337	_	типо,	типо	linguistic	_	_	Begin=352.2|End=352.33
338-0	SPK4006	Continuing	338	_	поглощает,	поглощает	linguistic	_	_	Begin=352.33|End=352.91
339-0	SPK4006	Falling	339	_	и	и	linguistic	_	_	Begin=352.91
339-1	SPK4006	Falling	339	_	выкупает	выкупает	linguistic	_	_	_
339-2	SPK4006	Falling	339	_	другую.	другую	linguistic	_	_	End=353.69
340-0	SPK4007	Falling	340	_	Мхм.	Мхм	linguistic	_	_	Begin=354.068|End=354.388
341-0	SPK4006	Continuing	341	_	И:,	И	linguistic	_	Prolongation=0	Begin=355.345|End=355.78
342-0	SPK4006	Continuing	342	_	это:,	это	linguistic	_	Prolongation=2	Begin=355.8|End=356.531
343-0	SPK4006	Continuing	343	_	самый	самый	linguistic	_	_	Begin=356.54
343-1	SPK4006	Continuing	343	_	быстрый,	быстрый	linguistic	_	_	End=357.46
344-0	SPK4006	Continuing	344	_	способ,	способ	linguistic	_	_	Begin=357.46|End=357.839
345-0	SPK4006	Continuing	345	_	ну:,	ну	linguistic	_	Prolongation=1	Begin=359.085|End=359.468
346-0	SPK4006	Falling	346	_	хорошо	хорошо	linguistic	_	_	Begin=359.47
346-1	SPK4006	Falling	346	_	вырасти.	вырасти	linguistic	_	_	End=360.78
347-0	SPK4007	undefined	347	_	Мхх	Мхх	linguistic	_	_	Begin=360.925|End=361.28
348-0	SPK4006	Continuing	348	_	За	За	linguistic	_	_	Begin=361.34
348-1	SPK4006	Continuing	348	_	короткое,	короткое	linguistic	_	_	End=361.93
349-0	SPK4006	Falling	349	_	время.	время	linguistic	_	_	Begin=361.952|End=362.37
350-0	SPK4006	Continuing	350	_	Потому	Потому	linguistic	_	_	Begin=362.37
350-1	SPK4006	Continuing	350	_	что,	что	linguistic	_	_	End=362.73
351-0	SPK4006	Continuing	351	_	органически,	органически	linguistic	_	_	Begin=362.73|End=363.74
352-0	SPK4006	Falling	352	_	ты	ты	linguistic	_	_	Begin=364.656
352-1	SPK4006	Falling	352	_	так	так	linguistic	_	_	_
352-2	SPK4006	Falling	352	_	быстро	быстро	linguistic	_	_	_
352-3	SPK4006	Falling	352	_	не	не	linguistic	_	_	_
352-4	SPK4006	Falling	352	_	вырастишь.	вырастишь	linguistic	_	_	End=365.903
353-0	SPK4007	Falling	353	_	Ммм.	Ммм	linguistic	_	_	Begin=366.18|End=366.68
354-0	SPK4006	Continuing	354	_	И	И	linguistic	_	_	Begin=366.62
354-1	SPK4006	Continuing	354	_	вот,	вот	linguistic	_	_	End=366.87
355-0	SPK4006	Continuing	355	_	суть	суть	linguistic	_	_	Begin=366.87
355-1	SPK4006	Continuing	355	_	в	в	linguistic	_	_	_
355-2	SPK4006	Continuing	355	_	том,	том	linguistic	_	_	End=367.53
356-0	SPK4006	undefined	356	_	что–	что–	linguistic	_	_	Begin=367.53|End=368.01
357-0	SPK4006	Continuing	357	_	ыы,	ыы	linguistic	_	_	Begin=368.01|End=368.49
358-0	SPK4006	Continuing	358	_	Мысалы,	Мысалы	linguistic	_	_	Begin=368.97|End=369.32
359-0	SPK4006	Continuing	359	_	Амазонның	Амазонның	linguistic	_	_	Begin=369.32
359-1	SPK4006	Continuing	359	_	да,	да	linguistic	_	_	End=370.11
360-0	SPK4006	Continuing	360	_	сондай,	сондай	linguistic	_	_	Begin=370.14|End=370.6
361-0	SPK4006	Continuing	361	_	дочерний	дочерний	linguistic	_	_	Begin=370.61
361-1	SPK4006	Continuing	361	_	компаниялары,	компаниялары	linguistic	_	_	End=371.62
362-0	SPK4006	Falling	362	_	көп	көп	linguistic	_	_	Begin=371.62
362-1	SPK4006	Falling	362	_	екен.	екен	linguistic	_	_	End=372.3
363-0	SPK4006	Continuing	363	_	Допустим,	Допустим	linguistic	_	_	Begin=372.691|End=372.97
364-0	SPK4006	Continuing	364	_	біреуі,	біреуі	linguistic	_	_	Begin=372.97|End=373.24
365-0	SPK4006	Continuing	365	_	визамен	визамен	linguistic	_	_	Begin=373.24
365-1	SPK4006	Continuing	365	_	айналысады,	айналысады	linguistic	_	_	End=374.37
366-0	SPK4006	Rising	366	_	да?	да	linguistic	_	_	Begin=374.37|End=374.65
367-0	SPK4007	Falling	367	_	Мхм.	Мхм	linguistic	_	_	Begin=374.74|End=374.97
368-0	SPK4006	Continuing	368	_	И	И	linguistic	_	_	Begin=374.987
368-1	SPK4006	Continuing	368	_	олар,	олар	linguistic	_	_	End=375.36
369-0	SPK4006	Continuing	369	_	каждый	каждый	linguistic	_	_	Begin=375.36
369-1	SPK4006	Continuing	369	_	раз,	раз	linguistic	_	_	End=375.67
370-0	SPK4006	Continuing	370	_	виза:,	виза	linguistic	_	Prolongation=3	Begin=376.04|End=377.27
371-0	SPK4006	Continuing	371	_	сұрақтарына	сұрақтарына	linguistic	_	_	Begin=377.73
371-1	SPK4006	Continuing	371	_	келгенде,	келгенде	linguistic	_	_	End=378.51
372-0	SPK4006	Continuing	372	_	новый	новый	linguistic	_	_	Begin=378.51
372-1	SPK4006	Continuing	372	_	адаммен,	адаммен	linguistic	_	_	End=379.45
373-0	SPK4006	Continuing	373	_	ыы,	ыы	linguistic	_	_	Begin=380.729|End=381.01
374-0	SPK4006	Continuing	374	_	жұмыс	жұмыс	linguistic	_	_	Begin=381.01
374-1	SPK4006	Continuing	374	_	істемей,	істемей	linguistic	_	_	End=381.6
375-0	SPK4006	Continuing	375	_	просто,	просто	linguistic	_	_	Begin=381.6|End=382.33
376-0	SPK4006	Falling	376	_	outsource'ить	outsource'ить	linguistic	_	_	Begin=382.945
376-1	SPK4006	Falling	376	_	етеді.	етеді	linguistic	_	_	End=383.908
377-0	SPK4006	Continuing	377	_	Со:л,	Сол	linguistic	_	Prolongation=1	Begin=384.4|End=384.58
378-0	SPK4006	Rising	378	_	нені?	нені	linguistic	_	_	Begin=384.58|End=385.13
379-0	SPK4007	Falling	379	_	Ммм.	Ммм	linguistic	_	_	Begin=385.468|End=387.063
380-0	SPK4006	Continuing	380	_	Ыы,	Ыы	linguistic	_	_	Begin=386.99|End=387.17
381-0	SPK4006	Continuing	381	_	неге,	неге	linguistic	_	_	Begin=387.17|End=387.66
382-0	SPK4006	Falling	382	_	сол	сол	linguistic	_	_	Begin=388.06
382-1	SPK4006	Falling	382	_	компанияға.	компанияға	linguistic	_	_	End=388.878
383-0	SPK4006	Falling	383	_	Сол	Сол	linguistic	_	_	Begin=389.57
383-1	SPK4006	Falling	383	_	функцияны	функцияны	linguistic	_	_	_
383-2	SPK4006	Falling	383	_	үндеген	үндеген	linguistic	_	_	_
383-3	SPK4006	Falling	383	_	сияқты.	сияқты	linguistic	_	_	End=390.89
384-0	SPK4006	Continuing	384	_	Британ,	Британ	linguistic	_	_	Begin=391.383|End=391.841
385-0	SPK4006	Continuing	385	_	ыы,	ыы	linguistic	_	_	Begin=392.036|End=392.426
386-0	SPK4006	Continuing	386	_	басқа,	басқа	linguistic	_	_	Begin=392.64|End=393.16
387-0	SPK4006	undefined	387	_	сұрақтарға	сұрақтарға	linguistic	_	_	Begin=393.18|End=393.65
388-0	SPK4006	Continuing	388	_	келген	келген	linguistic	_	_	Begin=393.65
388-1	SPK4006	Continuing	388	_	кезде,	кезде	linguistic	_	_	End=394.26
389-0	SPK4006	undefined	389	_	бір–	бір–	linguistic	_	_	Begin=394.26|End=394.737
390-0	SPK4007	Falling	390	_	Ммм.	Ммм	linguistic	_	_	Begin=395.47|End=396.155
391-0	SPK4006	Continuing	391	_	и	и	linguistic	_	_	Begin=396.098
391-1	SPK4006	Continuing	391	_	это	это	linguistic	_	_	_
391-2	SPK4006	Continuing	391	_	было,	было	linguistic	_	_	End=396.57
392-0	SPK4006	Continuing	392	_	прикольно,	прикольно	linguistic	_	_	Begin=396.57|End=397.05
393-0	SPK4006	Continuing	393	_	потому	потому	linguistic	_	_	Begin=397.765
393-1	SPK4006	Continuing	393	_	что	что	linguistic	_	_	_
393-2	SPK4006	Continuing	393	_	біз	біз	linguistic	_	_	_
393-3	SPK4006	Continuing	393	_	өткенде,	өткенде	linguistic	_	_	End=398.87
394-0	SPK4006	Continuing	394	_	ыы,	ыы	linguistic	_	_	Begin=399.03|End=399.49
395-0	SPK4006	Continuing	395	_	сол,	сол	linguistic	_	_	Begin=399.66|End=399.85
396-0	SPK4006	Continuing	396	_	кейстарды	кейстарды	linguistic	_	_	Begin=399.85
396-1	SPK4006	Continuing	396	_	қарастырған	қарастырған	linguistic	_	_	_
396-2	SPK4006	Continuing	396	_	кезде,	кезде	linguistic	_	_	End=401.45
397-0	SPK4007	Falling	397	_	Мхм.	Мхм	linguistic	_	_	Begin=401.45|End=401.734
398-0	SPK4006	Continuing	398	_	түсіндік,	түсіндік	linguistic	_	_	Begin=402.61|End=402.926
399-0	SPK4006	Continuing	399	_	қандай,	қандай	linguistic	_	_	Begin=403.104|End=403.807
400-0	SPK4006	Continuing	400	_	цельдарда	цельдарда	linguistic	_	_	Begin=404.027
400-1	SPK4006	Continuing	400	_	жасалатынын,	жасалатынын	linguistic	_	_	End=404.85
401-0	SPK4006	Falling	401	_	mergers	mergers	linguistic	_	_	Begin=404.918
401-1	SPK4006	Falling	401	_	and	and	linguistic	_	_	_
401-2	SPK4006	Falling	401	_	acquisitions.	acquisitions	linguistic	_	_	End=406.11
402-0	SPK4006	Continuing	402	_	Мысалы,	Мысалы	linguistic	_	_	Begin=406.113|End=406.63
403-0	SPK4006	undefined	403	_	(H)	(H)	inhale	_	_	Begin=406.643|End=406.899
404-0	SPK4006	Continuing	404	_	ыы,	ыы	linguistic	_	_	Begin=407.158|End=407.34
405-0	SPK4006	Continuing	405	_	Магнум,	Магнум	linguistic	_	_	Begin=407.34|End=408.035
406-0	SPK4006	Continuing	406	_	ыы,	ыы	linguistic	_	_	Begin=408.565|End=408.894
407-0	SPK4006	Continuing	407	_	условно,	условно	linguistic	_	_	Begin=409.143|End=409.84
408-0	SPK4006	Continuing	408	_	ұн	ұн	linguistic	_	_	Begin=409.94
408-1	SPK4006	Continuing	408	_	шығаратын,	шығаратын	linguistic	_	_	End=410.58
409-0	SPK4006	Continuing	409	_	фирмамен,	фирмамен	linguistic	_	_	Begin=410.62|End=411.36
410-0	SPK4007	Falling	410	_	Мхм.	Мхм	linguistic	_	_	Begin=411.54|End=411.905
411-0	SPK4006	Continuing	411	_	фирманы,	фирманы	linguistic	_	_	Begin=412.761|End=413.27
412-0	SPK4006	Rising	412	_	сатып	сатып	linguistic	_	_	Begin=413.27
412-1	SPK4006	Rising	412	_	алу	алу	linguistic	_	_	_
412-2	SPK4006	Rising	412	_	мүмкін	мүмкін	linguistic	_	_	_
412-3	SPK4006	Rising	412	_	да?	да	linguistic	_	_	End=414.276
413-0	SPK4007	Falling	413	_	Мхм.	Мхм	linguistic	_	_	Begin=414.44|End=414.777
414-0	SPK4006	Falling	414	_	Мысалы	Мысалы	linguistic	_	_	Begin=414.79
414-1	SPK4006	Falling	414	_	Цеснаны.	Цеснаны	linguistic	_	_	End=415.827
415-0	SPK4006	Continuing	415	_	Сөйтіп,	Сөйтіп	linguistic	_	_	Begin=416.501|End=416.88
416-0	SPK4006	Continuing	416	_	өзінің,	өзінің	linguistic	_	_	Begin=416.88|End=417.68
417-0	SPK4006	Continuing	417	_	дүкендерінде,	дүкендерінде	linguistic	_	_	Begin=417.871|End=418.53
418-0	SPK4006	Continuing	418	_	тек	тек	linguistic	_	_	Begin=418.53
418-1	SPK4006	Continuing	418	_	қана,	қана	linguistic	_	_	End=418.84
419-0	SPK4006	Falling	419	_	Цеснаны	Цеснаны	linguistic	_	_	Begin=418.84
419-1	SPK4006	Falling	419	_	сатуы	сатуы	linguistic	_	_	_
419-2	SPK4006	Falling	419	_	мүмкін.	мүмкін	linguistic	_	_	End=420.071
420-0	SPK4006	Continuing	420	_	Немесе,	Немесе	linguistic	_	_	Begin=420.322|End=420.8
421-0	SPK4006	Continuing	421	_	өзінің	өзінің	linguistic	_	_	Begin=420.8
421-1	SPK4006	Continuing	421	_	дүкендерінде,	дүкендерінде	linguistic	_	_	End=421.95
422-0	SPK4006	Continuing	422	_	Цесна,	Цесна	linguistic	_	_	Begin=422.405|End=422.69
423-0	SPK4006	Continuing	423	_	өз	өз	linguistic	_	_	Begin=422.7
423-1	SPK4006	Continuing	423	_	компаниясы,	компаниясы	linguistic	_	_	End=423.54
424-0	SPK4006	Continuing	424	_	болғандықтан,	болғандықтан	linguistic	_	_	Begin=423.54|End=424.14
425-0	SPK4007	Falling	425	_	Мхм.	Мхм	linguistic	_	_	Begin=424.34|End=424.51
426-0	SPK4006	Continuing	426	_	Оны,	Оны	linguistic	_	_	Begin=424.75|End=424.9
427-0	SPK4006	Continuing	427	_	арзан	арзан	linguistic	_	_	Begin=424.9
427-1	SPK4006	Continuing	427	_	бағаға	бағаға	linguistic	_	_	_
427-2	SPK4006	Continuing	427	_	сатып,	сатып	linguistic	_	_	End=426.08
428-0	SPK4006	Continuing	428	_	басқа:,	басқа	linguistic	_	Prolongation=4	Begin=426.737|End=427.024
429-0	SPK4006	Continuing	429	_	поставщиктардың	поставщиктардың	linguistic	_	_	Begin=427.48
429-1	SPK4006	Continuing	429	_	ұнын,	ұнын	linguistic	_	_	End=428.43
430-0	SPK4006	undefined	430	_	қымбат	қымбат	linguistic	_	_	Begin=428.43
430-1	SPK4006	undefined	430	_	қылып	қылып	linguistic	_	_	_
430-2	SPK4006	undefined	430	_	c–	c–	linguistic	_	_	End=429.53
431-0	SPK4006	Continuing	431	_	қымбат	қымбат	linguistic	_	_	Begin=429.726
431-1	SPK4006	Continuing	431	_	бағаға,	бағаға	linguistic	_	_	End=430.45
432-0	SPK4006	Falling	432	_	қоюы	қоюы	linguistic	_	_	Begin=430.45
432-1	SPK4006	Falling	432	_	мүмкін.	мүмкін	linguistic	_	_	End=431.11
433-0	SPK4007	Falling	433	_	Ммм.	Ммм	linguistic	_	_	Begin=431.526|End=432.0
434-0	SPK4006	Continuing	434	_	Сол	Сол	linguistic	_	_	Begin=432.181
434-1	SPK4006	Continuing	434	_	кезде,	кезде	linguistic	_	_	End=432.88
435-0	SPK4006	Continuing	435	_	Цеснаның	Цеснаның	linguistic	_	_	Begin=433.788
435-1	SPK4006	Continuing	435	_	саудасы	саудасы	linguistic	_	_	_
435-2	SPK4006	Continuing	435	_	жақсы	жақсы	linguistic	_	_	_
435-3	SPK4006	Continuing	435	_	жүреді,	жүреді	linguistic	_	_	End=435.085
436-0	SPK4006	Falling	436	_	деген	деген	linguistic	_	_	Begin=435.085
436-1	SPK4006	Falling	436	_	сияқты.	сияқты	linguistic	_	_	End=436.003
437-0	SPK4007	Falling	437	_	Ммм.	Ммм	linguistic	_	_	Begin=436.286|End=437.162
438-0	SPK4006	Continuing	438	_	Сондай	Сондай	linguistic	_	_	Begin=443.843
438-1	SPK4006	Continuing	438	_	сондай,	сондай	linguistic	_	_	End=444.32
439-0	SPK4006	Falling	439	_	нәрсені	нәрсені	linguistic	_	_	Begin=444.32
439-1	SPK4006	Falling	439	_	біліп	біліп	linguistic	_	_	_
439-2	SPK4006	Falling	439	_	алдым.	алдым	linguistic	_	_	End=445.405
440-0	SPK4007	Continuing	440	_	Мен	Мен	linguistic	_	_	Begin=452.52
440-1	SPK4007	Continuing	440	_	андай,	андай	linguistic	_	_	End=453.131
441-0	SPK4007	Continuing	441	_	прода:жи,	продажи	linguistic	_	Prolongation=4	Begin=453.16|End=453.9
442-0	SPK4007	Continuing	442	_	би:знес,	бизнес	linguistic	_	Prolongation=1	Begin=453.91|End=454.53
443-0	SPK4007	Continuing	443	_	вообще	вообще	linguistic	_	_	Begin=454.53
443-1	SPK4007	Continuing	443	_	ондайға,	ондайға	linguistic	_	_	End=455.48
444-0	SPK4007	Falling	444	_	қызығушылық	қызығушылық	linguistic	_	_	Begin=455.48
444-1	SPK4007	Falling	444	_	жоқ	жоқ	linguistic	_	_	_
444-2	SPK4007	Falling	444	_	екен.	екен	linguistic	_	_	End=456.589
445-0	SPK4007	undefined	445	_	@@	@@	linguistic	_	_	Begin=456.736|End=457.268
446-0	SPK4006	Continuing	446	_	Иә,	Иә	linguistic	_	_	Begin=457.706|End=457.99
447-0	SPK4006	Falling	447	_	байқадым.	байқадым	linguistic	_	_	Begin=457.99|End=459.009
448-0	SPK4007	Falling	448	_	Ммм.	Ммм	linguistic	_	_	Begin=459.027|End=459.595
449-0	SPK4007	Continuing	449	_	Давайте	Давайте	linguistic	_	_	Begin=460.64
449-1	SPK4007	Continuing	449	_	мен,	мен	linguistic	_	_	End=461.1
450-0	SPK4007	Continuing	450	_	идея	идея	linguistic	_	_	Begin=461.1
450-1	SPK4007	Continuing	450	_	берем,	берем	linguistic	_	_	End=461.73
451-0	SPK4007	undefined	451	_	сендер	сендер	linguistic	_	_	Begin=461.73
451-1	SPK4007	undefined	451	_	маған–	маған–	linguistic	_	_	End=462.48
452-0	SPK4006	Falling	452	_	Воплоти.	Воплоти	linguistic	_	_	Begin=462.577|End=463.74
453-0	SPK4007	Falling	453	_	Бизнес	Бизнес	linguistic	_	_	Begin=462.821
453-1	SPK4007	Falling	453	_	ашу	ашу	linguistic	_	_	_
453-2	SPK4007	Falling	453	_	керексіңдер.	керексіңдер	linguistic	_	_	End=463.52
454-0	SPK4006	Falling	454	_	Иә.	Иә	linguistic	_	_	Begin=463.74|End=464.05
455-0	SPK4006	undefined	455	_	(H)	(H)	inhale	_	_	Begin=464.05|End=464.593
456-0	SPK4006	Rising	456	_	Күшті	Күшті	linguistic	_	_	Begin=467.224
456-1	SPK4006	Rising	456	_	ғой	ғой	linguistic	_	_	_
456-2	SPK4006	Rising	456	_	иә?	иә	linguistic	_	_	End=467.99
457-0	SPK4007	Falling	457	_	Мхм.	Мхм	linguistic	_	_	Begin=468.774|End=469.356
458-0	SPK4006	Continuing	458	_	Мен	Мен	linguistic	_	_	Begin=473.362
458-1	SPK4006	Continuing	458	_	бірақ,	бірақ	linguistic	_	_	End=473.74
459-0	SPK4006	Continuing	459	_	қайсысына	қайсысына	linguistic	_	_	Begin=473.74
459-1	SPK4006	Continuing	459	_	икемім,	икемім	linguistic	_	_	End=474.405
460-0	SPK4006	Falling	460	_	бар	бар	linguistic	_	_	Begin=474.415
460-1	SPK4006	Falling	460	_	екенімді	екенімді	linguistic	_	_	_
460-2	SPK4006	Falling	460	_	білмеймін.	білмеймін	linguistic	_	_	End=475.474
461-0	SPK4006	Falling	461	_	Продажаға	Продажаға	linguistic	_	_	Begin=475.839
461-1	SPK4006	Falling	461	_	да	да	linguistic	_	_	_
461-2	SPK4006	Falling	461	_	икемім	икемім	linguistic	_	_	_
461-3	SPK4006	Falling	461	_	жоқ.	жоқ	linguistic	_	_	End=477.105
462-0	SPK4006	undefined	462	_	(H)	(H)	inhale	_	_	Begin=477.33|End=477.849
463-0	SPK4007	Continuing	463	_	SMM,	SMM	linguistic	_	_	Begin=478.505|End=478.87
464-0	SPK4007	undefined	464	_	##	##	unknown	_	_	Begin=478.87|End=479.754
465-0	SPK4006	Continuing	465	_	Несіне	Несіне	linguistic	_	_	Begin=479.706
465-1	SPK4006	Continuing	465	_	де,	де	linguistic	_	_	End=480.746
466-0	SPK4006	Continuing	466	_	икемім	икемім	linguistic	_	_	Begin=480.99
466-1	SPK4006	Continuing	466	_	жоқ,	жоқ	linguistic	_	_	End=481.59
467-0	SPK4006	Falling	467	_	идеясына	идеясына	linguistic	_	_	Begin=481.63
467-1	SPK4006	Falling	467	_	да.	да	linguistic	_	_	End=482.62
468-0	SPK4006	Continuing	468	_	SMM,	SMM	linguistic	_	_	Begin=482.737|End=483.163
469-0	SPK4006	Falling	469	_	SMM	SMM	linguistic	_	_	Begin=483.21
469-1	SPK4006	Falling	469	_	маған	маған	linguistic	_	_	_
469-2	SPK4006	Falling	469	_	ұнаған	ұнаған	linguistic	_	_	_
469-3	SPK4006	Falling	469	_	жоқ.	жоқ	linguistic	_	_	End=484.358
470-0	SPK4007	Rising	470	_	Иә?	Иә	linguistic	_	_	Begin=484.864|End=485.191
471-0	SPK4006	Continuing	471	_	Андай,	Андай	linguistic	_	_	Begin=485.65|End=486.04
472-0	SPK4006	Continuing	472	_	мысалы	мысалы	linguistic	_	_	Begin=488.051
472-1	SPK4006	Continuing	472	_	уақытымды	уақытымды	linguistic	_	_	_
472-2	SPK4006	Continuing	472	_	бөлемін	бөлемін	linguistic	_	_	_
472-3	SPK4006	Continuing	472	_	да,	да	linguistic	_	_	End=489.29
473-0	SPK4006	Continuing	473	_	бірақ,	бірақ	linguistic	_	_	Begin=489.29|End=489.69
474-0	SPK4006	Continuing	474	_	одан,	одан	linguistic	_	_	Begin=489.69|End=490.12
475-0	SPK4006	Continuing	475	_	какой-то	какой-то	linguistic	_	_	Begin=490.12
475-1	SPK4006	Continuing	475	_	удовлетворение:,	удовлетворение	linguistic	_	Prolongation=13	End=491.8
476-0	SPK4006	Continuing	476	_	результат,	результат	linguistic	_	_	Begin=491.8|End=492.42
477-0	SPK4006	Continuing	477	_	өзім	өзім	linguistic	_	_	Begin=492.42
477-1	SPK4006	Continuing	477	_	үшін,	үшін	linguistic	_	_	End=493.22
478-0	SPK4006	Falling	478	_	значимый	значимый	linguistic	_	_	Begin=493.22
478-1	SPK4006	Falling	478	_	результат	результат	linguistic	_	_	_
478-2	SPK4006	Falling	478	_	көрмеймін.	көрмеймін	linguistic	_	_	End=494.745
479-0	SPK4007	Falling	479	_	Ммм.	Ммм	linguistic	_	_	Begin=495.03|End=495.55
480-0	SPK4006	Rising	480	_	Ту	Ту	linguistic	_	_	Begin=495.67
480-1	SPK4006	Rising	480	_	мына	мына	linguistic	_	_	_
480-2	SPK4006	Rising	480	_	қағазды	қағазды	linguistic	_	_	_
480-3	SPK4006	Rising	480	_	қайда	қайда	linguistic	_	_	_
480-4	SPK4006	Rising	480	_	ілсем	ілсем	linguistic	_	_	_
480-5	SPK4006	Rising	480	_	болады?	болады	linguistic	_	_	End=496.823
481-0	SPK4006	Continuing	481	_	Сен:,	Сен	linguistic	_	Prolongation=2	Begin=497.033|End=497.349
482-0	SPK4006	Falling	482	_	неменеңе	неменеңе	linguistic	_	_	Begin=497.39
482-1	SPK4006	Falling	482	_	қоя	қоя	linguistic	_	_	_
482-2	SPK4006	Falling	482	_	салайыншы.	салайыншы	linguistic	_	_	End=498.38
483-0	SPK4007	Continuing	483	_	Ішіне,	Ішіне	linguistic	_	_	Begin=498.662|End=499.22
484-0	SPK4007	Falling	484	_	салсаңшы.	салсаңшы	linguistic	_	_	Begin=499.22|End=499.682
485-0	SPK4007	Continuing	485	_	Сала	Сала	linguistic	_	_	Begin=504.01
485-1	SPK4007	Continuing	485	_	берші,	берші	linguistic	_	_	End=504.415
486-0	SPK4007	Falling	486	_	үстіне.	үстіне	linguistic	_	_	Begin=504.415|End=505.019
487-0	SPK4006	undefined	487	_	SINGING	SINGING	linguistic	_	_	Begin=506.783|End=511.52
488-0	SPK4007	Continuing	488	_	Come	Come	linguistic	_	_	Begin=512.013
488-1	SPK4007	Continuing	488	_	one	one	linguistic	_	_	_
488-2	SPK4007	Continuing	488	_	Barbie,	Barbie	linguistic	_	_	End=513.022
489-0	SPK4007	Falling	489	_	let's	let's	linguistic	_	_	Begin=514.068
489-1	SPK4007	Falling	489	_	go	go	linguistic	_	_	_
489-2	SPK4007	Falling	489	_	party.	party	linguistic	_	_	End=515.302
490-0	SPK4006	Continuing	490	_	А:,	А	linguistic	_	Prolongation=0	Begin=566.28|End=566.64
491-0	SPK4006	Continuing	491	_	Катя,	Катя	linguistic	_	_	Begin=566.64|End=566.95
492-0	SPK4006	Rising	492	_	Сафарованы	Сафарованы	linguistic	_	_	Begin=566.95
492-1	SPK4006	Rising	492	_	білесің	білесің	linguistic	_	_	_
492-2	SPK4006	Rising	492	_	бе?	бе	linguistic	_	_	End=568.205
493-0	SPK4007	Falling	493	_	Мхм	Мхм	linguistic	_	_	Begin=568.23
493-1	SPK4007	Falling	493	_	мхм.	мхм	linguistic	_	_	End=568.88
494-0	SPK4006	Continuing	494	_	Бүгін,	Бүгін	linguistic	_	_	Begin=569.571|End=570.04
495-0	SPK4006	Continuing	495	_	сториздарын,	сториздарын	linguistic	_	_	Begin=570.427|End=570.91
496-0	SPK4006	Continuing	496	_	испанша	испанша	linguistic	_	_	Begin=570.91
496-1	SPK4006	Continuing	496	_	салды	салды	linguistic	_	_	_
496-2	SPK4006	Continuing	496	_	да,	да	linguistic	_	_	End=572.071
497-0	SPK4006	Continuing	497	_	там,	там	linguistic	_	_	Begin=572.14|End=572.41
498-0	SPK4006	Falling	498	_	тексты:н.	текстын	linguistic	_	Prolongation=5	Begin=572.41|End=573.45
499-0	SPK4006	Continuing	499	_	Ыы,	Ыы	linguistic	_	_	Begin=574.03|End=574.47
500-0	SPK4007	Rising	500	_	Она	Она	linguistic	_	_	Begin=574.965
500-1	SPK4007	Rising	500	_	что	что	linguistic	_	_	_
500-2	SPK4007	Rising	500	_	испанский	испанский	linguistic	_	_	_
500-3	SPK4007	Rising	500	_	знает?	знает	linguistic	_	_	End=575.857
501-0	SPK4006	undefined	501	_	##	##	unknown	_	_	Begin=574.989|End=575.803
502-0	SPK4006	Continuing	502	_	Иә,	Иә	linguistic	_	_	Begin=576.242|End=576.51
503-0	SPK4006	Continuing	503	_	Испанияда,	Испанияда	linguistic	_	_	Begin=576.51|End=577.15
504-0	SPK4006	Falling	504	_	тұрады	тұрады	linguistic	_	_	Begin=577.15
504-1	SPK4006	Falling	504	_	ғой.	ғой	linguistic	_	_	End=577.55
505-0	SPK4006	Continuing	505	_	Который	Который	linguistic	_	_	Begin=577.962
505-1	SPK4006	Continuing	505	_	Холостяктың,	Холостяктың	linguistic	_	_	End=578.72
506-0	SPK4006	Falling	506	_	несі.	несі	linguistic	_	_	Begin=578.775|End=579.812
507-0	SPK4007	Continuing	507	_	Ааа,	Ааа	linguistic	_	_	Begin=578.954|End=579.43
508-0	SPK4007	Falling	508	_	всё	всё	linguistic	_	_	Begin=579.43
508-1	SPK4007	Falling	508	_	всё.	всё	linguistic	_	_	End=580.022
509-0	SPK4006	Continuing	509	_	А	А	linguistic	_	_	Begin=580.289
509-1	SPK4006	Continuing	509	_	сен	сен	linguistic	_	_	_
509-2	SPK4006	Continuing	509	_	кім,	кім	linguistic	_	_	End=580.695
510-0	SPK4006	Rising	510	_	туралы	туралы	linguistic	_	_	Begin=580.695
510-1	SPK4006	Rising	510	_	ойладың?	ойладың	linguistic	_	_	End=581.506
511-0	SPK4007	undefined	511	_	(Hx)	(Hx)	exhale	_	_	Begin=582.315|End=582.91
512-0	SPK4007	Continuing	512	_	Шатасып	Шатасып	linguistic	_	_	Begin=582.91
512-1	SPK4007	Continuing	512	_	жібердім,	жібердім	linguistic	_	_	End=583.64
513-0	SPK4007	Falling	513	_	басқа	басқа	linguistic	_	_	Begin=583.64
513-1	SPK4007	Falling	513	_	біреумен.	біреумен	linguistic	_	_	End=584.56
514-0	SPK4006	Continuing	514	_	А,	А	linguistic	_	_	Begin=584.563|End=585.077
515-0	SPK4006	Continuing	515	_	Вот	Вот	linguistic	_	_	Begin=585.397
515-1	SPK4006	Continuing	515	_	ол,	ол	linguistic	_	_	End=585.7
516-0	SPK4006	Falling	516	_	Испанияда	Испанияда	linguistic	_	_	Begin=585.84
516-1	SPK4006	Falling	516	_	тұрады	тұрады	linguistic	_	_	_
516-2	SPK4006	Falling	516	_	ғой.	ғой	linguistic	_	_	End=586.52
517-0	SPK4006	Continuing	517	_	И	И	linguistic	_	_	Begin=586.52
517-1	SPK4006	Continuing	517	_	бүгін,	бүгін	linguistic	_	_	End=586.925
518-0	SPK4006	Continuing	518	_	салон	салон	linguistic	_	_	Begin=586.925
518-1	SPK4006	Continuing	518	_	красотыйдан,	красотыйдан	linguistic	_	_	End=587.94
519-0	SPK4006	Continuing	519	_	историяларды,	историяларды	linguistic	_	_	Begin=587.995|End=588.977
520-0	SPK4006	Continuing	520	_	процедураларды,	процедураларды	linguistic	_	_	Begin=589.05|End=589.986
521-0	SPK4007	Falling	521	_	Мхм.	Мхм	linguistic	_	_	Begin=590.206|End=590.588
522-0	SPK4006	Continuing	522	_	испанша,	испанша	linguistic	_	_	Begin=590.47|End=590.81
523-0	SPK4006	Falling	523	_	описывать	описывать	linguistic	_	_	Begin=590.81
523-1	SPK4006	Falling	523	_	етіп	етіп	linguistic	_	_	_
523-2	SPK4006	Falling	523	_	салды	салды	linguistic	_	_	_
523-3	SPK4006	Falling	523	_	да.	да	linguistic	_	_	End=592.235
524-0	SPK4007	Falling	524	_	Мхм.	Мхм	linguistic	_	_	Begin=592.266|End=592.567
525-0	SPK4006	Continuing	525	_	И	И	linguistic	_	_	Begin=592.53
525-1	SPK4006	Continuing	525	_	мен	мен	linguistic	_	_	_
525-2	SPK4006	Continuing	525	_	ана,	ана	linguistic	_	_	End=592.87
526-0	SPK4006	Continuing	526	_	текстті	текстті	linguistic	_	_	Begin=592.87
526-1	SPK4006	Continuing	526	_	түсінген	түсінген	linguistic	_	_	_
526-2	SPK4006	Continuing	526	_	кезде,	кезде	linguistic	_	_	End=593.86
527-0	SPK4006	Falling	527	_	қатты	қатты	linguistic	_	_	Begin=593.86
527-1	SPK4006	Falling	527	_	қуандым.	қуандым	linguistic	_	_	End=594.714
528-0	SPK4007	undefined	528	_	@@	@@	linguistic	_	_	Begin=594.771|End=596.273
529-0	SPK4006	Continuing	529	_	Ммм,	Ммм	linguistic	_	_	Begin=616.35|End=616.58
530-0	SPK4006	Continuing	530	_	жаңағы,	жаңағы	linguistic	_	_	Begin=616.62|End=616.94
531-0	SPK4006	Continuing	531	_	¬Медина	Медина	linguistic	_	Anonymized=Yes	Begin=616.94
531-1	SPK4006	Continuing	531	_	деген	деген	linguistic	_	_	_
531-2	SPK4006	Continuing	531	_	қыз,	қыз	linguistic	_	_	End=617.86
532-0	SPK4006	Continuing	532	_	біздің	біздің	linguistic	_	_	Begin=617.86
532-1	SPK4006	Continuing	532	_	мектептегі,	мектептегі	linguistic	_	_	End=618.85
533-0	SPK4007	Falling	533	_	Мхм.	Мхм	linguistic	_	_	Begin=618.93|End=619.503
534-0	SPK4006	Continuing	534	_	SMGда,	SMGда	linguistic	_	_	Begin=619.648|End=620.19
535-0	SPK4006	Falling	535	_	оқиды	оқиды	linguistic	_	_	Begin=620.19
535-1	SPK4006	Falling	535	_	да.	да	linguistic	_	_	End=621.18
536-0	SPK4007	Falling	536	_	Мхм.	Мхм	linguistic	_	_	Begin=620.878|End=621.317
537-0	SPK4006	Continuing	537	_	И:,	И	linguistic	_	Prolongation=0	Begin=621.338|End=621.921
538-0	SPK4006	Continuing	538	_	оның,	оның	linguistic	_	_	Begin=622.053|End=622.36
539-0	SPK4006	Continuing	539	_	мысалы,	мысалы	linguistic	_	_	Begin=622.38|End=622.61
540-0	SPK4006	Continuing	540	_	мейджоры,	мейджоры	linguistic	_	_	Begin=622.63|End=623.01
541-0	SPK4006	Falling	541	_	геология.	геология	linguistic	_	_	Begin=623.01|End=623.65
542-0	SPK4006	Continuing	542	_	Олардың,	Олардың	linguistic	_	_	Begin=623.65|End=624.0
543-0	SPK4006	Continuing	543	_	потогында,	потогында	linguistic	_	_	Begin=624.0|End=624.63
544-0	SPK4006	Falling	544	_	жеті-ақ	жеті-ақ	linguistic	_	_	Begin=624.63
544-1	SPK4006	Falling	544	_	адам	адам	linguistic	_	_	_
544-2	SPK4006	Falling	544	_	бар.	бар	linguistic	_	_	End=625.56
545-0	SPK4006	Continuing	545	_	И	И	linguistic	_	_	Begin=626.109
545-1	SPK4006	Continuing	545	_	олар	олар	linguistic	_	_	_
545-2	SPK4006	Continuing	545	_	кәдімгі,	кәдімгі	linguistic	_	_	End=626.76
546-0	SPK4006	Falling	546	_	класс	класс	linguistic	_	_	Begin=626.76
546-1	SPK4006	Falling	546	_	сияқты.	сияқты	linguistic	_	_	End=627.48
547-0	SPK4006	Continuing	547	_	Мысалы,	Мысалы	linguistic	_	_	Begin=627.48|End=628.15
548-0	SPK4006	Continuing	548	_	ыы,	ыы	linguistic	_	_	Begin=628.585|End=628.834
549-0	SPK4006	Continuing	549	_	егер	егер	linguistic	_	_	Begin=628.95
549-1	SPK4006	Continuing	549	_	оған,	оған	linguistic	_	_	End=629.32
550-0	SPK4006	Continuing	550	_	расписаниясы,	расписаниясы	linguistic	_	_	Begin=629.32|End=630.04
551-0	SPK4006	Continuing	551	_	дұрыс	дұрыс	linguistic	_	_	Begin=630.05
551-1	SPK4006	Continuing	551	_	сәйкес	сәйкес	linguistic	_	_	_
551-2	SPK4006	Continuing	551	_	келмесе,	келмесе	linguistic	_	_	End=631.38
552-0	SPK4006	Continuing	552	_	ыы,	ыы	linguistic	_	_	Begin=631.813|End=632.02
553-0	SPK4006	Continuing	553	_	А	А	linguistic	_	_	Begin=632.04
553-1	SPK4006	Continuing	553	_	там,	там	linguistic	_	_	End=632.31
554-0	SPK4006	Continuing	554	_	school	school	linguistic	_	_	Begin=632.31
554-1	SPK4006	Continuing	554	_	manager	manager	linguistic	_	_	_
554-2	SPK4006	Continuing	554	_	ма,	ма	linguistic	_	_	End=633.37
555-0	SPK4006	Continuing	555	_	advisor	advisor	linguistic	_	_	Begin=633.37
555-1	SPK4006	Continuing	555	_	ма,	ма	linguistic	_	_	End=634.314
556-0	SPK4006	Continuing	556	_	сол	сол	linguistic	_	_	Begin=634.45
556-1	SPK4006	Continuing	556	_	үшін,	үшін	linguistic	_	_	End=634.9
557-0	SPK4006	Continuing	557	_	өзгертіп	өзгертіп	linguistic	_	_	Begin=634.9
557-1	SPK4006	Continuing	557	_	бере	бере	linguistic	_	_	_
557-2	SPK4006	Continuing	557	_	алады,	алады	linguistic	_	_	End=635.67
558-0	SPK4006	Continuing	558	_	бірдеменің	бірдеменің	linguistic	_	_	Begin=635.67
558-1	SPK4006	Continuing	558	_	расписаниясын,	расписаниясын	linguistic	_	_	End=636.83
559-0	SPK4006	Falling	559	_	деген	деген	linguistic	_	_	Begin=636.83
559-1	SPK4006	Falling	559	_	сияқты.	сияқты	linguistic	_	_	End=637.705
560-0	SPK4006	undefined	560	_	Немесе	Немесе	linguistic	_	_	Begin=638.305
560-1	SPK4006	undefined	560	_	оларда	оларда	linguistic	_	_	End=638.79
561-0	SPK4006	Falling	561	_	field	field	linguistic	_	_	Begin=638.79
561-1	SPK4006	Falling	561	_	tripтар	tripтар	linguistic	_	_	_
561-2	SPK4006	Falling	561	_	көп	көп	linguistic	_	_	_
561-3	SPK4006	Falling	561	_	болады.	болады	linguistic	_	_	End=640.156
562-0	SPK4007	Falling	562	_	Мхм.	Мхм	linguistic	_	_	Begin=640.43|End=640.83
563-0	SPK4006	Continuing	563	_	Ыы,	Ыы	linguistic	_	_	Begin=640.832|End=641.31
564-0	SPK4006	Continuing	564	_	олар,	олар	linguistic	_	_	Begin=641.31|End=641.61
565-0	SPK4006	Continuing	565	_	екінші	екінші	linguistic	_	_	Begin=641.61
565-1	SPK4006	Continuing	565	_	курста,	курста	linguistic	_	_	End=642.41
566-0	SPK4006	Continuing	566	_	бір	бір	linguistic	_	_	Begin=642.41
566-1	SPK4006	Continuing	566	_	рет,	рет	linguistic	_	_	End=642.63
567-0	SPK4006	Falling	567	_	Ақтауға	Ақтауға	linguistic	_	_	Begin=642.65
567-1	SPK4006	Falling	567	_	барып	барып	linguistic	_	_	_
567-2	SPK4006	Falling	567	_	келген.	келген	linguistic	_	_	End=643.796
568-0	SPK4007	Falling	568	_	Мхм.	Мхм	linguistic	_	_	Begin=644.036|End=644.402
569-0	SPK4006	Continuing	569	_	Ол	Ол	linguistic	_	_	Begin=644.372
569-1	SPK4006	Continuing	569	_	кезде,	кезде	linguistic	_	_	End=644.801
570-0	SPK4006	Continuing	570	_	хотя,	хотя	linguistic	_	_	Begin=645.009|End=645.592
571-0	SPK4006	Continuing	571	_	ыы,	ыы	linguistic	_	_	Begin=645.77|End=646.12
572-0	SPK4006	Continuing	572	_	карантин,	карантин	linguistic	_	_	Begin=646.12|End=646.8
573-0	SPK4006	Continuing	573	_	ограничениялары,	ограничениялары	linguistic	_	_	Begin=646.8|End=647.59
574-0	SPK4006	Falling	574	_	қатты	қатты	linguistic	_	_	Begin=647.59
574-1	SPK4006	Falling	574	_	болды.	болды	linguistic	_	_	End=648.464
575-0	SPK4006	Continuing	575	_	Бір	Бір	linguistic	_	_	Begin=649.145
575-1	SPK4006	Continuing	575	_	рет,	рет	linguistic	_	_	End=649.48
576-0	SPK4006	Falling	576	_	Таразға	Таразға	linguistic	_	_	Begin=649.48
576-1	SPK4006	Falling	576	_	барып	барып	linguistic	_	_	_
576-2	SPK4006	Falling	576	_	келіпті.	келіпті	linguistic	_	_	End=650.32
577-0	SPK4006	Continuing	577	_	И,	И	linguistic	_	_	Begin=650.32|End=650.68
578-0	SPK4006	Continuing	578	_	Таразда,	Таразда	linguistic	_	_	Begin=650.68|End=651.583
579-0	SPK4006	Continuing	579	_	бізде,	бізде	linguistic	_	_	Begin=651.75|End=651.97
580-0	SPK4006	Continuing	580	_	Арай	Арай	linguistic	_	_	Begin=651.97
580-1	SPK4006	Continuing	580	_	плаза	плаза	linguistic	_	_	_
580-2	SPK4006	Continuing	580	_	деген,	деген	linguistic	_	_	End=652.73
581-0	SPK4006	Falling	581	_	отель	отель	linguistic	_	_	Begin=652.73
581-1	SPK4006	Falling	581	_	бар.	бар	linguistic	_	_	End=653.702
582-0	SPK4006	undefined	582	_	Со–	Со–	linguistic	_	_	Begin=653.88|End=654.1
583-0	SPK4006	Continuing	583	_	Сол	Сол	linguistic	_	_	Begin=654.1
583-1	SPK4006	Continuing	583	_	отельда	отельда	linguistic	_	_	_
583-2	SPK4006	Continuing	583	_	тұрған	тұрған	linguistic	_	_	_
583-3	SPK4006	Continuing	583	_	олар,	олар	linguistic	_	_	End=655.47
584-0	SPK4006	Falling	584	_	мысалы.	мысалы	linguistic	_	_	Begin=655.47|End=656.177
585-0	SPK4007	undefined	585	_	CLICKING_THE_TONGUE	CLICKING_THE_TONGUE	linguistic	_	_	Begin=656.014|End=656.64
586-0	SPK4006	Continuing	586	_	Жақында,	Жақында	linguistic	_	_	Begin=656.795|End=657.16
587-0	SPK4006	Continuing	587	_	күзде,	күзде	linguistic	_	_	Begin=657.16|End=657.49
588-0	SPK4006	Falling	588	_	Алтайға	Алтайға	linguistic	_	_	Begin=657.49
588-1	SPK4006	Falling	588	_	барады.	барады	linguistic	_	_	End=658.617
589-0	SPK4006	Falling	589	_	Күшті	Күшті	linguistic	_	_	Begin=661.443
589-1	SPK4006	Falling	589	_	короче.	короче	linguistic	_	_	End=662.287
590-0	SPK4007	Falling	590	_	Ммм.	Ммм	linguistic	_	_	Begin=662.334|End=663.024
591-0	SPK4007	Continuing	591	_	Сыймай	Сыймай	linguistic	_	_	Begin=678.36
591-1	SPK4007	Continuing	591	_	барады	барады	linguistic	_	_	_
591-2	SPK4007	Continuing	591	_	ғой,	ғой	linguistic	_	_	End=679.59
592-0	SPK4007	Falling	592	_	сыймай.	сыймай	linguistic	_	_	Begin=679.59|End=680.25
593-0	SPK4006	undefined	593	_	@@@	@@@	linguistic	_	_	Begin=680.255|End=681.138
594-0	SPK4006	Continuing	594	_	А,	А	linguistic	_	_	Begin=681.92|End=681.96
595-0	SPK4006	Continuing	595	_	мына	мына	linguistic	_	_	Begin=681.98
595-1	SPK4006	Continuing	595	_	жерді,	жерді	linguistic	_	_	End=682.44
596-0	SPK4006	Rising	596	_	ашуға	ашуға	linguistic	_	_	Begin=682.44
596-1	SPK4006	Rising	596	_	болмай	болмай	linguistic	_	_	_
596-2	SPK4006	Rising	596	_	ма?	ма	linguistic	_	_	End=683.3
597-0	SPK4007	Falling	597	_	Жо	Жо	linguistic	_	_	Begin=683.246
597-1	SPK4007	Falling	597	_	жоқ.	жоқ	linguistic	_	_	End=683.857
598-0	SPK4006	Continuing	598	_	#	#	unknown	_	_	Begin=683.3
598-1	SPK4006	Continuing	598	_	деген	деген	linguistic	_	_	_
598-2	SPK4006	Continuing	598	_	сияқты,	сияқты	linguistic	_	_	End=684.048
599-0	SPK4006	Falling	599	_	ғой.	ғой	linguistic	_	_	Begin=684.23|End=684.53
600-0	SPK4007	Continuing	600	_	Короче	Короче	linguistic	_	_	Begin=684.57
600-1	SPK4007	Continuing	600	_	мынау,	мынау	linguistic	_	_	End=684.94
601-0	SPK4007	Continuing	601	_	пакет	пакет	linguistic	_	_	Begin=684.94
601-1	SPK4007	Continuing	601	_	бар,	бар	linguistic	_	_	End=685.72
602-0	SPK4007	Falling	602	_	құрысын.	құрысын	linguistic	_	_	Begin=685.72|End=686.013
603-0	SPK4007	Continuing	603	_	Қараймын,	Қараймын	linguistic	_	_	Begin=690.252|End=690.75
604-0	SPK4007	Falling	604	_	ғой.	ғой	linguistic	_	_	Begin=690.75|End=691.211
605-0	SPK4006	Continuing	605	_	Мен	Мен	linguistic	_	_	Begin=694.808
605-1	SPK4006	Continuing	605	_	де	де	linguistic	_	_	_
605-2	SPK4006	Continuing	605	_	негізі,	негізі	linguistic	_	_	End=695.31
606-0	SPK4006	Continuing	606	_	кейбір	кейбір	linguistic	_	_	Begin=695.31
606-1	SPK4006	Continuing	606	_	заттарымды,	заттарымды	linguistic	_	_	End=696.03
607-0	SPK4006	Falling	607	_	жуым	жуым	linguistic	_	_	Begin=696.03
607-1	SPK4006	Falling	607	_	келіп	келіп	linguistic	_	_	_
607-2	SPK4006	Falling	607	_	еді.	еді	linguistic	_	_	End=697.04
608-0	SPK4006	Continuing	608	_	Вот,	Вот	linguistic	_	_	Begin=710.775|End=711.152
609-0	SPK4006	Continuing	609	_	сенде,	сенде	linguistic	_	_	Begin=711.339|End=711.75
610-0	SPK4006	Continuing	610	_	GREға,	GREға	linguistic	_	_	Begin=711.75|End=712.696
611-0	SPK4006	Continuing	611	_	ыы,	ыы	linguistic	_	_	Begin=713.094|End=713.86
612-0	SPK4006	Continuing	612	_	регистрировать	регистрировать	linguistic	_	_	Begin=713.921
612-1	SPK4006	Continuing	612	_	етсең,	етсең	linguistic	_	_	End=715.128
613-0	SPK4007	Falling	613	_	Мхм.	Мхм	linguistic	_	_	Begin=715.251|End=715.52
614-0	SPK4006	Continuing	614	_	жаныңда,	жаныңда	linguistic	_	_	Begin=715.616|End=715.85
615-0	SPK4006	Continuing	615	_	біреумен,	біреумен	linguistic	_	_	Begin=715.85|End=716.2
616-0	SPK4006	Continuing	616	_	дайындалған,	дайындалған	linguistic	_	_	Begin=716.24|End=717.08
617-0	SPK4006	undefined	617	_	нес–	нес–	linguistic	_	_	Begin=717.37|End=717.67
618-0	SPK4006	Continuing	618	_	не	не	linguistic	_	_	Begin=717.67
618-1	SPK4006	Continuing	618	_	сияқты,	сияқты	linguistic	_	_	End=718.33
619-0	SPK4006	Falling	619	_	қызығырақ	қызығырақ	linguistic	_	_	Begin=718.33
619-1	SPK4006	Falling	619	_	сияқты.	сияқты	linguistic	_	_	End=719.221
620-0	SPK4007	Falling	620	_	Ммм.	Ммм	linguistic	_	_	Begin=719.847|End=720.486
621-0	SPK4006	Continuing	621	_	Қызығырақтан	Қызығырақтан	linguistic	_	_	Begin=721.367
621-1	SPK4006	Continuing	621	_	бұрын,	бұрын	linguistic	_	_	End=722.22
622-0	SPK4006	Continuing	622	_	кішкене,	кішкене	linguistic	_	_	Begin=722.22|End=722.82
623-0	SPK4007	Rising	623	_	Нацеленность?	Нацеленность	linguistic	_	_	Begin=723.529|End=724.416
624-0	SPK4006	undefined	624	_	вовлеченность–	вовлеченность–	linguistic	_	_	Begin=723.535|End=724.41
625-0	SPK4006	Falling	625	_	Иә.	Иә	linguistic	_	_	Begin=724.41|End=725.2
626-0	SPK4007	Falling	626	_	Ммм.	Ммм	linguistic	_	_	Begin=725.01|End=725.673
627-0	SPK4007	Continuing	627	_	I	I	linguistic	_	_	Begin=728.226
627-1	SPK4007	Continuing	627	_	am	am	linguistic	_	_	_
627-2	SPK4007	Continuing	627	_	not,	not	linguistic	_	_	End=728.71
628-0	SPK4007	Falling	628	_	sure.	sure	linguistic	_	_	Begin=728.71|End=729.366
629-0	SPK4006	Continuing	629	_	Там	Там	linguistic	_	_	Begin=729.949
629-1	SPK4006	Continuing	629	_	бір-бірімен,	бір-бірімен	linguistic	_	_	End=730.58
630-0	SPK4006	Falling	630	_	жарысып	жарысып	linguistic	_	_	Begin=730.58
630-1	SPK4006	Falling	630	_	тұр	тұр	linguistic	_	_	_
630-2	SPK4006	Falling	630	_	оқитындай.	оқитындай	linguistic	_	_	End=731.702
631-0	SPK4006	Continuing	631	_	I	I	linguistic	_	_	Begin=732.241
631-1	SPK4006	Continuing	631	_	am	am	linguistic	_	_	_
631-2	SPK4006	Continuing	631	_	not	not	linguistic	_	_	_
631-3	SPK4006	Continuing	631	_	sure,	sure	linguistic	_	_	End=732.88
632-0	SPK4006	Continuing	632	_	что,	что	linguistic	_	_	Begin=732.88|End=733.38
633-0	SPK4006	Continuing	633	_	будешь	будешь	linguistic	_	_	Begin=733.73
633-1	SPK4006	Continuing	633	_	в	в	linguistic	_	_	_
633-2	SPK4006	Continuing	633	_	целом	целом	linguistic	_	_	_
633-3	SPK4006	Continuing	633	_	сдавать,	сдавать	linguistic	_	_	End=734.46
634-0	SPK4006	Continuing	634	_	или,	или	linguistic	_	_	Begin=734.47|End=734.88
635-0	SPK4006	Rising	635	_	в	в	linguistic	_	_	Begin=734.88
635-1	SPK4006	Rising	635	_	ближайшее	ближайшее	linguistic	_	_	_
635-2	SPK4006	Rising	635	_	время?	время	linguistic	_	_	End=735.83
636-0	SPK4007	Falling	636	_	В	В	linguistic	_	_	Begin=735.707
636-1	SPK4007	Falling	636	_	целом	целом	linguistic	_	_	_
636-2	SPK4007	Falling	636	_	сдавать.	сдавать	linguistic	_	_	End=736.491
637-0	SPK4006	Rising	637	_	В	В	linguistic	_	_	Begin=736.651
637-1	SPK4006	Rising	637	_	целом?	целом	linguistic	_	_	End=737.1
638-0	SPK4007	Falling	638	_	Мхм.	Мхм	linguistic	_	_	Begin=737.18|End=737.88
639-0	SPK4006	Continuing	639	_	Мм,	Мм	linguistic	_	_	Begin=737.857|End=738.157
640-0	SPK4006	Continuing	640	_	ты	ты	linguistic	_	_	Begin=738.327
640-1	SPK4006	Continuing	640	_	не	не	linguistic	_	_	_
640-2	SPK4006	Continuing	640	_	хочешь,	хочешь	linguistic	_	_	End=739.0
641-0	SPK4006	Rising	641	_	на	на	linguistic	_	_	Begin=739.0
641-1	SPK4006	Rising	641	_	магистратуру?	магистратуру	linguistic	_	_	End=739.85
642-0	SPK4007	Falling	642	_	Нет.	Нет	linguistic	_	_	Begin=740.388|End=740.917
643-0	SPK4007	Continuing	643	_	Ну	Ну	linguistic	_	_	Begin=741.426
643-1	SPK4007	Continuing	643	_	типо,	типо	linguistic	_	_	End=742.15
644-0	SPK4007	Continuing	644	_	GRE:,	GRE	linguistic	_	Prolongation=2	Begin=743.967|End=744.86
645-0	SPK4006	Continuing	645	_	Керек	Керек	linguistic	_	_	Begin=744.831
645-1	SPK4006	Continuing	645	_	емес,	емес	linguistic	_	_	End=745.23
646-0	SPK4006	Falling	646	_	универге	универге	linguistic	_	_	Begin=745.23
646-1	SPK4006	Falling	646	_	де.	де	linguistic	_	_	End=746.04
647-0	SPK4007	Falling	647	_	Иә.	Иә	linguistic	_	_	Begin=745.3|End=746.39
648-0	SPK4007	Falling	648	_	Ну	Ну	linguistic	_	_	Begin=749.7
648-1	SPK4007	Falling	648	_	я	я	linguistic	_	_	_
648-2	SPK4007	Falling	648	_	знаю	знаю	linguistic	_	_	_
648-3	SPK4007	Falling	648	_	что	что	linguistic	_	_	_
648-4	SPK4007	Falling	648	_	это	это	linguistic	_	_	_
648-5	SPK4007	Falling	648	_	плюс.	плюс	linguistic	_	_	End=750.74
649-0	SPK4007	undefined	649	_	Просто–	Просто–	linguistic	_	_	Begin=751.35|End=751.68
650-0	SPK4007	undefined	650	_	(Hx)	(Hx)	exhale	_	_	Begin=751.68|End=752.011
651-0	SPK4006	Rising	651	_	Басыңда	Басыңда	linguistic	_	_	Begin=752.434
651-1	SPK4006	Rising	651	_	ауыртқың	ауыртқың	linguistic	_	_	_
651-2	SPK4006	Rising	651	_	келіп	келіп	linguistic	_	_	_
651-3	SPK4006	Rising	651	_	тұрған	тұрған	linguistic	_	_	_
651-4	SPK4006	Rising	651	_	жоқ	жоқ	linguistic	_	_	_
651-5	SPK4006	Rising	651	_	па?	па	linguistic	_	_	End=753.589
652-0	SPK4007	Falling	652	_	Иә.	Иә	linguistic	_	_	Begin=753.58|End=753.951
653-0	SPK4006	Continuing	653	_	Менде	Менде	linguistic	_	_	Begin=754.052
653-1	SPK4006	Continuing	653	_	негізі,	негізі	linguistic	_	_	_
653-2	SPK4006	Continuing	653	_	өзім,	өзім	linguistic	_	_	End=754.86
654-0	SPK4006	Continuing	654	_	өзіме,	өзіме	linguistic	_	_	Begin=754.86|End=755.31
655-0	SPK4006	Continuing	655	_	артық	артық	linguistic	_	_	Begin=755.31
655-1	SPK4006	Continuing	655	_	головная	головная	linguistic	_	_	_
655-2	SPK4006	Continuing	655	_	боль,	боль	linguistic	_	_	End=756.24
656-0	SPK4006	Falling	656	_	тауып	тауып	linguistic	_	_	Begin=756.26
656-1	SPK4006	Falling	656	_	алып	алып	linguistic	_	_	_
656-2	SPK4006	Falling	656	_	отырғанымды	отырғанымды	linguistic	_	_	_
656-3	SPK4006	Falling	656	_	білемін.	білемін	linguistic	_	_	End=757.377
657-0	SPK4007	Continuing	657	_	Стой,	Стой	linguistic	_	_	Begin=756.68|End=757.303
658-0	SPK4007	Continuing	658	_	я	я	linguistic	_	_	Begin=757.65
658-1	SPK4007	Continuing	658	_	знаю	знаю	linguistic	_	_	_
658-2	SPK4007	Continuing	658	_	что,	что	linguistic	_	_	End=758.38
659-0	SPK4007	Continuing	659	_	мен	мен	linguistic	_	_	Begin=758.38
659-1	SPK4007	Continuing	659	_	магамен,	магамен	linguistic	_	_	End=758.96
660-0	SPK4007	Continuing	660	_	немен,	немен	linguistic	_	_	Begin=758.96|End=759.42
661-0	SPK4007	Falling	661	_	үлгермейтін	үлгермейтін	linguistic	_	_	Begin=759.44
661-1	SPK4007	Falling	661	_	сияқтымын.	сияқтымын	linguistic	_	_	End=760.478
662-0	SPK4007	Continuing	662	_	Дайындалып,	Дайындалып	linguistic	_	_	Begin=762.222|End=762.7
663-0	SPK4007	Falling	663	_	жүрейін.	жүрейін	linguistic	_	_	Begin=762.7|End=763.23
664-0	SPK4007	Continuing	664	_	Еще	Еще	linguistic	_	_	Begin=764.472
664-1	SPK4007	Continuing	664	_	документы,	документы	linguistic	_	_	End=765.12
665-0	SPK4007	Continuing	665	_	вроде	вроде	linguistic	_	_	Begin=765.12
665-1	SPK4007	Continuing	665	_	нужно	нужно	linguistic	_	_	_
665-2	SPK4007	Continuing	665	_	будет	будет	linguistic	_	_	_
665-3	SPK4007	Continuing	665	_	собирать,	собирать	linguistic	_	_	End=766.27
666-0	SPK4007	Falling	666	_	еще	еще	linguistic	_	_	Begin=766.27
666-1	SPK4007	Falling	666	_	GREға	GREға	linguistic	_	_	_
666-2	SPK4007	Falling	666	_	дайындалуға.	дайындалуға	linguistic	_	_	End=767.66
667-0	SPK4007	Continuing	667	_	Еще	Еще	linguistic	_	_	Begin=768.02
667-1	SPK4007	Continuing	667	_	магамен:,	магамен	linguistic	_	Prolongation=6	End=768.8
668-0	SPK4006	Continuing	668	_	Иә:,	Иә	linguistic	_	Prolongation=1	Begin=768.13|End=768.728
669-0	SPK4007	Continuing	669	_	еще	еще	linguistic	_	_	Begin=768.8
669-1	SPK4007	Continuing	669	_	бір	бір	linguistic	_	_	_
669-2	SPK4007	Continuing	669	_	нәрсе,	нәрсе	linguistic	_	_	End=769.59
670-0	SPK4007	Falling	670	_	нәрсе.	нәрсе	linguistic	_	_	Begin=769.59|End=770.02
671-0	SPK4006	Continuing	671	_	Өткенде,	Өткенде	linguistic	_	_	Begin=774.379|End=774.975
672-0	SPK4006	Continuing	672	_	мен	мен	linguistic	_	_	Begin=775.164
672-1	SPK4006	Continuing	672	_	жаңа,	жаңа	linguistic	_	_	End=775.896
673-0	SPK4006	Continuing	673	_	папа	папа	linguistic	_	_	Begin=776.416
673-1	SPK4006	Continuing	673	_	мамамен,	мамамен	linguistic	_	_	End=776.96
674-0	SPK4006	Continuing	674	_	сөйлеспей	сөйлеспей	linguistic	_	_	Begin=776.98
674-1	SPK4006	Continuing	674	_	тұрып,	тұрып	linguistic	_	_	End=777.845
675-0	SPK4006	Continuing	675	_	түсінбей	түсінбей	linguistic	_	_	Begin=778.291
675-1	SPK4006	Continuing	675	_	отырдым	отырдым	linguistic	_	_	_
675-2	SPK4006	Continuing	675	_	да,	да	linguistic	_	_	End=778.89
676-0	SPK4006	Continuing	676	_	маған,	маған	linguistic	_	_	Begin=778.89|End=779.08
677-0	SPK4006	Continuing	677	_	тапсырайын	тапсырайын	linguistic	_	_	Begin=779.08
677-1	SPK4006	Continuing	677	_	ба,	ба	linguistic	_	_	End=779.86
678-0	SPK4006	Falling	678	_	тапсырмайын	тапсырмайын	linguistic	_	_	Begin=779.86
678-1	SPK4006	Falling	678	_	ба:.	ба	linguistic	_	Prolongation=1	End=781.056
679-0	SPK4006	Continuing	679	_	Қандай	Қандай	linguistic	_	_	Begin=781.43
679-1	SPK4006	Continuing	679	_	универді	универді	linguistic	_	_	_
679-2	SPK4006	Continuing	679	_	таңдаймын,	таңдаймын	linguistic	_	_	End=782.52
680-0	SPK4006	Falling	680	_	деген	деген	linguistic	_	_	Begin=782.52
680-1	SPK4006	Falling	680	_	сияқты.	сияқты	linguistic	_	_	End=783.208
681-0	SPK4007	Falling	681	_	Мхм.	Мхм	linguistic	_	_	Begin=783.22|End=783.92
682-0	SPK4006	Continuing	682	_	Сөйтіп,	Сөйтіп	linguistic	_	_	Begin=784.009|End=784.33
683-0	SPK4006	Continuing	683	_	анау,	анау	linguistic	_	_	Begin=784.54|End=784.86
684-0	SPK4006	Continuing	684	_	¬Серік	Серік	linguistic	_	Anonymized=Yes	Begin=784.86
684-1	SPK4006	Continuing	684	_	бар	бар	linguistic	_	_	_
684-2	SPK4006	Continuing	684	_	емес	емес	linguistic	_	_	_
684-3	SPK4006	Continuing	684	_	па,	па	linguistic	_	_	End=785.65
685-0	SPK4006	Rising	685	_	¬Маралбеков?	Маралбеков	linguistic	_	Anonymized=Yes	Begin=785.65|End=786.356
686-0	SPK4007	Falling	686	_	Мхм.	Мхм	linguistic	_	_	Begin=786.649|End=786.995
687-0	SPK4006	Continuing	687	_	Сол	Сол	linguistic	_	_	Begin=787.008
687-1	SPK4006	Continuing	687	_	өткенде,	өткенде	linguistic	_	_	End=787.4
688-0	SPK4006	Rising	688	_	вебинар	вебинар	linguistic	_	_	Begin=787.4
688-1	SPK4006	Rising	688	_	өткізіп	өткізіп	linguistic	_	_	_
688-2	SPK4006	Rising	688	_	еді	еді	linguistic	_	_	_
688-3	SPK4006	Rising	688	_	ғой?	ғой	linguistic	_	_	End=788.761
689-0	SPK4007	Falling	689	_	Мхм.	Мхм	linguistic	_	_	Begin=788.835|End=789.197
690-0	SPK4006	Continuing	690	_	Страницасына	Страницасына	linguistic	_	_	Begin=789.226
690-1	SPK4006	Continuing	690	_	кірдім,	кірдім	linguistic	_	_	End=790.321
691-0	SPK4006	Falling	691	_	записі	записі	linguistic	_	_	Begin=790.638
691-1	SPK4006	Falling	691	_	бар	бар	linguistic	_	_	_
691-2	SPK4006	Falling	691	_	ма	ма	linguistic	_	_	_
691-3	SPK4006	Falling	691	_	екен	екен	linguistic	_	_	_
691-4	SPK4006	Falling	691	_	деп.	деп	linguistic	_	_	End=791.538
692-0	SPK4006	Continuing	692	_	Сөйтсем,	Сөйтсем	linguistic	_	_	Begin=791.728|End=791.92
693-0	SPK4006	Falling	693	_	записі	записі	linguistic	_	_	Begin=791.92
693-1	SPK4006	Falling	693	_	да	да	linguistic	_	_	_
693-2	SPK4006	Falling	693	_	жоқ.	жоқ	linguistic	_	_	End=793.008
694-0	SPK4007	Falling	694	_	Ммм.	Ммм	linguistic	_	_	Begin=793.619|End=794.264
695-0	SPK4006	Continuing	695	_	Бірақ	Бірақ	linguistic	_	_	Begin=794.911
695-1	SPK4006	Continuing	695	_	жаздым,	жаздым	linguistic	_	_	End=795.49
696-0	SPK4006	Continuing	696	_	оған,	оған	linguistic	_	_	Begin=795.578|End=796.06
697-0	SPK4006	undefined	697	_	сенен	сенен	linguistic	_	_	Begin=796.343
697-1	SPK4006	undefined	697	_	graduate–	graduate–	linguistic	_	_	End=797.006
698-0	SPK4006	Continuing	698	_	Саған	Саған	linguistic	_	_	Begin=797.3
698-1	SPK4006	Continuing	698	_	graduate	graduate	linguistic	_	_	_
698-2	SPK4006	Continuing	698	_	school	school	linguistic	_	_	_
698-3	SPK4006	Continuing	698	_	туралы,	туралы	linguistic	_	_	End=798.22
699-0	SPK4006	Continuing	699	_	сұрақ	сұрақ	linguistic	_	_	Begin=798.22
699-1	SPK4006	Continuing	699	_	қоюға	қоюға	linguistic	_	_	_
699-2	SPK4006	Continuing	699	_	бола	бола	linguistic	_	_	_
699-3	SPK4006	Continuing	699	_	ма,	ма	linguistic	_	_	End=799.06
700-0	SPK4006	Falling	700	_	деді.	деді	linguistic	_	_	Begin=799.06|End=799.508
701-0	SPK4006	Falling	701	_	Дедім.	Дедім	linguistic	_	_	Begin=799.89|End=800.4
702-0	SPK4007	Falling	702	_	Мхм.	Мхм	linguistic	_	_	Begin=800.425|End=800.856
703-0	SPK4006	Continuing	703	_	Ол,	Ол	linguistic	_	_	Begin=801.053|End=801.28
704-0	SPK4006	Falling	704	_	окей	окей	linguistic	_	_	Begin=801.28
704-1	SPK4006	Falling	704	_	деді.	деді	linguistic	_	_	End=801.92
705-0	SPK4006	Continuing	705	_	Ертең	Ертең	linguistic	_	_	Begin=803.916
705-1	SPK4006	Continuing	705	_	сұраймын,	сұраймын	linguistic	_	_	End=804.59
706-0	SPK4006	Falling	706	_	наверно.	наверно	linguistic	_	_	Begin=804.59|End=805.289
707-0	SPK4006	undefined	707	_	Примерно	Примерно	linguistic	_	_	Begin=805.725|End=805.93
708-0	SPK4006	Continuing	708	_	қанша,	қанша	linguistic	_	_	Begin=805.93|End=806.32
709-0	SPK4006	Continuing	709	_	программаға,	программаға	linguistic	_	_	Begin=806.32|End=806.96
710-0	SPK4006	Continuing	710	_	подавать	подавать	linguistic	_	_	Begin=806.96
710-1	SPK4006	Continuing	710	_	еткен,	еткен	linguistic	_	_	End=807.72
711-0	SPK4006	Continuing	711	_	эффективно,	эффективно	linguistic	_	_	Begin=807.72|End=808.18
712-0	SPK4006	Continuing	712	_	потому	потому	linguistic	_	_	Begin=808.2
712-1	SPK4006	Continuing	712	_	что,	что	linguistic	_	_	End=808.77
713-0	SPK4006	Continuing	713	_	каждыйына,	каждыйына	linguistic	_	_	Begin=808.77|End=809.402
714-0	SPK4006	Continuing	714	_	тапсыра	тапсыра	linguistic	_	_	Begin=809.64
714-1	SPK4006	Continuing	714	_	берсең,	берсең	linguistic	_	_	End=810.351
715-0	SPK4006	Continuing	715	_	ну,	ну	linguistic	_	_	Begin=811.02|End=811.28
716-0	SPK4006	Falling	716	_	ақшаң	ақшаң	linguistic	_	_	Begin=811.28
716-1	SPK4006	Falling	716	_	да	да	linguistic	_	_	_
716-2	SPK4006	Falling	716	_	көп	көп	linguistic	_	_	_
716-3	SPK4006	Falling	716	_	кетеді.	кетеді	linguistic	_	_	End=812.402
717-0	SPK4006	undefined	717	_	Одан	Одан	linguistic	_	_	Begin=812.738
717-1	SPK4006	undefined	717	_	кейін–	кейін–	linguistic	_	_	End=813.286
718-0	SPK4007	Falling	718	_	Мхм.	Мхм	linguistic	_	_	Begin=812.87|End=813.25
719-0	SPK4006	Continuing	719	_	Вот,	Вот	linguistic	_	_	Begin=815.145|End=815.55
720-0	SPK4006	Continuing	720	_	можно	можно	linguistic	_	_	Begin=815.69
720-1	SPK4006	Continuing	720	_	ли,	ли	linguistic	_	_	End=816.14
721-0	SPK4006	Continuing	721	_	как	как	linguistic	_	_	Begin=816.14
721-1	SPK4006	Continuing	721	_	то,	то	linguistic	_	_	End=816.5
722-0	SPK4006	Continuing	722	_	заранее,	заранее	linguistic	_	_	Begin=816.5|End=816.96
723-0	SPK4006	Continuing	723	_	просчитать	просчитать	linguistic	_	_	Begin=816.96
723-1	SPK4006	Continuing	723	_	свои	свои	linguistic	_	_	_
723-2	SPK4006	Continuing	723	_	шансы,	шансы	linguistic	_	_	End=818.1
724-0	SPK4006	Rising	724	_	бір	бір	linguistic	_	_	Begin=818.1
724-1	SPK4006	Rising	724	_	жаққа	жаққа	linguistic	_	_	_
724-2	SPK4006	Rising	724	_	тапсыратын?	тапсыратын	linguistic	_	_	End=819.04
725-0	SPK4007	Falling	725	_	Мхм.	Мхм	linguistic	_	_	Begin=819.422|End=819.799
726-0	SPK4006	Continuing	726	_	Ой,	Ой	linguistic	_	_	Begin=819.79|End=820.29
727-0	SPK4006	Falling	727	_	түсуіңнің.	түсуіңнің	linguistic	_	_	Begin=820.29|End=821.15
728-0	SPK4006	Continuing	728	_	Чтобы,	Чтобы	linguistic	_	_	Begin=821.36|End=822.15
729-0	SPK4006	Continuing	729	_	в	в	linguistic	_	_	Begin=822.996
729-1	SPK4006	Continuing	729	_	принципе,	принципе	linguistic	_	_	End=823.5
730-0	SPK4006	undefined	730	_	ж–	ж–	linguistic	_	_	Begin=823.51|End=823.89
731-0	SPK4006	Continuing	731	_	жақсы	жақсы	linguistic	_	_	Begin=823.89
731-1	SPK4006	Continuing	731	_	түсе	түсе	linguistic	_	_	_
731-2	SPK4006	Continuing	731	_	алатын,	алатын	linguistic	_	_	End=824.9
732-0	SPK4006	Continuing	732	_	жерге	жерге	linguistic	_	_	Begin=824.9
732-1	SPK4006	Continuing	732	_	ғана,	ғана	linguistic	_	_	End=825.61
733-0	SPK4006	Falling	733	_	тапсыратындай.	тапсыратындай	linguistic	_	_	Begin=825.61|End=826.27
734-0	SPK4007	Falling	734	_	Ммм.	Ммм	linguistic	_	_	Begin=826.536|End=828.057
735-0	SPK4007	Falling	735	_	Иә.	Иә	linguistic	_	_	Begin=834.323|End=834.854
736-0	SPK4006	undefined	736	_	SINGING	SINGING	linguistic	_	_	Begin=856.853|End=865.12
737-0	SPK4006	undefined	737	_	HISSING	HISSING	linguistic	_	_	Begin=865.12|End=865.49
738-0	SPK4007	Rising	738	_	Не	Не	linguistic	_	_	Begin=865.844
738-1	SPK4007	Rising	738	_	болды?	болды	linguistic	_	_	End=866.28
739-0	SPK4007	undefined	739	_	@	@	linguistic	_	_	Begin=866.28|End=866.74
740-0	SPK4006	Falling	740	_	Білмеймін.	Білмеймін	linguistic	_	_	Begin=867.11|End=867.51
741-0	SPK4006	Falling	741	_	Тітіркеніп	Тітіркеніп	linguistic	_	_	Begin=867.51
741-1	SPK4006	Falling	741	_	кеттім.	кеттім	linguistic	_	_	End=868.31
742-0	SPK4007	undefined	742	_	Сен	Сен	linguistic	_	_	Begin=871.107
742-1	SPK4007	undefined	742	_	таксимен–	таксимен–	linguistic	_	_	End=871.74
743-0	SPK4007	Continuing	743	_	###,	###	unknown	_	_	Begin=871.74|End=872.29
744-0	SPK4007	Continuing	744	_	түнде,	түнде	linguistic	_	_	Begin=872.29|End=872.95
745-0	SPK4007	Falling	745	_	###.	###	unknown	_	_	Begin=872.95|End=873.353
746-0	SPK4006	Continuing	746	_	Мама,	Мама	linguistic	_	_	Begin=877.78|End=878.1
747-0	SPK4006	Continuing	747	_	¬Аружанды,	Аружанды	linguistic	_	Anonymized=Yes	Begin=878.1|End=878.64
748-0	SPK4006	Continuing	748	_	күтпей-ақ	күтпей-ақ	linguistic	_	_	Begin=878.64
748-1	SPK4006	Continuing	748	_	қой,	қой	linguistic	_	_	End=879.09
749-0	SPK4006	Continuing	749	_	ол	ол	linguistic	_	_	Begin=879.09
749-1	SPK4006	Continuing	749	_	бүгін	бүгін	linguistic	_	_	_
749-2	SPK4006	Continuing	749	_	келмейді,	келмейді	linguistic	_	_	End=879.79
750-0	SPK4006	Falling	750	_	дей	дей	linguistic	_	_	Begin=879.79
750-1	SPK4006	Falling	750	_	ме.	ме	linguistic	_	_	End=880.218
751-0	SPK4007	undefined	751	_	@@@	@@@	linguistic	_	_	Begin=880.05|End=881.18
752-0	SPK4006	Continuing	752	_	Сен	Сен	linguistic	_	_	Begin=891.634
752-1	SPK4006	Continuing	752	_	мектепте,	мектепте	linguistic	_	_	End=892.06
753-0	SPK4006	Continuing	753	_	биден	биден	linguistic	_	_	Begin=892.13
753-1	SPK4006	Continuing	753	_	басқа,	басқа	linguistic	_	_	End=892.74
754-0	SPK4006	Continuing	754	_	бірдемемен,	бірдемемен	linguistic	_	_	Begin=892.81|End=893.24
755-0	SPK4006	Rising	755	_	айналысатынсың	айналысатынсың	linguistic	_	_	Begin=893.24
755-1	SPK4006	Rising	755	_	ба?	ба	linguistic	_	_	End=894.19
756-0	SPK4007	Falling	756	_	Ммм.	Ммм	linguistic	_	_	Begin=895.537|End=896.08
757-0	SPK4007	Falling	757	_	Гончаркаға.	Гончаркаға	linguistic	_	_	Begin=896.08|End=896.66
758-0	SPK4006	undefined	758	_	GASPING	GASPING	linguistic	_	_	Begin=897.013|End=897.31
759-0	SPK4006	Rising	759	_	Шын	Шын	linguistic	_	_	Begin=897.32
759-1	SPK4006	Rising	759	_	ба?	ба	linguistic	_	_	End=897.92
760-0	SPK4007	Falling	760	_	Мхм.	Мхм	linguistic	_	_	Begin=897.941|End=898.524
761-0	SPK4006	Falling	761	_	Мә.	Мә	linguistic	_	_	Begin=898.601|End=898.938
762-0	SPK4006	Continuing	762	_	Сен	Сен	linguistic	_	_	Begin=899.0
762-1	SPK4006	Continuing	762	_	оныншыда,	оныншыда	linguistic	_	_	End=899.78
763-0	SPK4006	Continuing	763	_	сен,	сен	linguistic	_	_	Begin=899.78|End=899.94
764-0	SPK4006	Falling	764	_	###.	###	unknown	_	_	Begin=899.94|End=900.33
765-0	SPK4006	undefined	765	_	@@@	@@@	linguistic	_	_	Begin=900.33|End=901.707
766-0	SPK4006	undefined	766	_	(H)	(H)	inhale	_	_	Begin=901.914|End=902.387
767-0	SPK4006	Continuing	767	_	Суреттері:,	Суреттері	linguistic	_	Prolongation=8	Begin=902.46|End=903.18
768-0	SPK4006	Continuing	768	_	бірдемесі,	бірдемесі	linguistic	_	_	Begin=903.18|End=903.71
769-0	SPK4006	Continuing	769	_	бар	бар	linguistic	_	_	Begin=903.71
769-1	SPK4006	Continuing	769	_	ма,	ма	linguistic	_	_	End=903.93
770-0	SPK4006	Rising	770	_	оның?	оның	linguistic	_	_	Begin=903.97|End=904.15
771-0	SPK4007	Continuing	771	_	Иә	Иә	linguistic	_	_	Begin=905.65
771-1	SPK4007	Continuing	771	_	бар	бар	linguistic	_	_	_
771-2	SPK4007	Continuing	771	_	сияқты,	сияқты	linguistic	_	_	End=906.29
772-0	SPK4007	Falling	772	_	на	на	linguistic	_	_	Begin=906.32
772-1	SPK4007	Falling	772	_	старом	старом	linguistic	_	_	_
772-2	SPK4007	Falling	772	_	ноутбуке.	ноутбуке	linguistic	_	_	End=907.4
773-0	SPK4007	Falling	773	_	Қарау	Қарау	linguistic	_	_	Begin=907.41
773-1	SPK4007	Falling	773	_	керек.	керек	linguistic	_	_	End=908.13
774-0	SPK4006	Falling	774	_	Ну.	Ну	linguistic	_	_	Begin=908.192|End=908.79
775-0	SPK4007	Continuing	775	_	Ну	Ну	linguistic	_	_	Begin=910.647
775-1	SPK4007	Continuing	775	_	не	не	linguistic	_	_	_
775-2	SPK4007	Continuing	775	_	так	так	linguistic	_	_	_
775-3	SPK4007	Continuing	775	_	что	что	linguistic	_	_	_
775-4	SPK4007	Continuing	775	_	прям,	прям	linguistic	_	_	End=911.28
776-0	SPK4007	Continuing	776	_	прям,	прям	linguistic	_	_	Begin=911.28|End=911.59
777-0	SPK4007	Continuing	777	_	профессионал,	профессионал	linguistic	_	_	Begin=911.59|End=912.15
778-0	SPK4007	Falling	778	_	болған	болған	linguistic	_	_	Begin=912.15
778-1	SPK4007	Falling	778	_	жоқпын.	жоқпын	linguistic	_	_	End=912.759
779-0	SPK4007	Continuing	779	_	Просто,	Просто	linguistic	_	_	Begin=912.82|End=913.44
780-0	SPK4007	Falling	780	_	бос	бос	linguistic	_	_	Begin=913.44
780-1	SPK4007	Falling	780	_	уақытта.	уақытта	linguistic	_	_	End=914.35
781-0	SPK4006	Continuing	781	_	Күшті	Күшті	linguistic	_	_	Begin=915.27
781-1	SPK4006	Continuing	781	_	ғой,	ғой	linguistic	_	_	End=915.72
782-0	SPK4006	Falling	782	_	бәрібір.	бәрібір	linguistic	_	_	Begin=915.72|End=916.265
783-0	SPK4007	undefined	783	_	##	##	unknown	_	_	Begin=917.51|End=918.624
784-0	SPK4006	Continuing	784	_	Сендерде,	Сендерде	linguistic	_	_	Begin=918.56|End=919.12
785-0	SPK4006	Continuing	785	_	сондай	сондай	linguistic	_	_	Begin=919.12
785-1	SPK4006	Continuing	785	_	гончаркадан:,	гончаркадан	linguistic	_	Prolongation=10	End=920.22
786-0	SPK4006	Rising	786	_	не	не	linguistic	_	_	Begin=920.22
786-1	SPK4006	Rising	786	_	болды	болды	linguistic	_	_	_
786-2	SPK4006	Rising	786	_	ма?	ма	linguistic	_	_	End=921.002
787-0	SPK4007	undefined	787	_	Ну	Ну	linguistic	_	_	Begin=921.136
787-1	SPK4007	undefined	787	_	там–	там–	linguistic	_	_	End=921.54
788-0	SPK4006	Rising	788	_	Кружок	Кружок	linguistic	_	_	Begin=921.39
788-1	SPK4006	Rising	788	_	сияқты?	сияқты	linguistic	_	_	End=922.15
789-0	SPK4007	Falling	789	_	Иә.	Иә	linguistic	_	_	Begin=922.284|End=922.806
790-0	SPK4006	Falling	790	_	Аа.	Аа	linguistic	_	_	Begin=923.02|End=923.42
791-0	SPK4007	undefined	791	_	#	#	unknown	_	_	Begin=923.4|End=924.216
792-0	SPK4007	Rising	792	_	Сен	Сен	linguistic	_	_	Begin=926.71
792-1	SPK4007	Rising	792	_	ше?	ше	linguistic	_	_	End=927.17
793-0	SPK4007	Falling	793	_	не	не	linguistic	_	_	Begin=927.17
793-1	SPK4007	Falling	793	_	істедің.	істедің	linguistic	_	_	End=927.649
794-0	SPK4006	Continuing	794	_	Мен,	Мен	linguistic	_	_	Begin=928.93|End=929.529
795-0	SPK4007	Continuing	795	_	Много	Много	linguistic	_	_	Begin=929.45
795-1	SPK4007	Continuing	795	_	читала,	читала	linguistic	_	_	End=930.17
796-0	SPK4007	Falling	796	_	деші.	деші	linguistic	_	_	Begin=930.17|End=930.83
797-0	SPK4006	Continuing	797	_	Жоқ	Жоқ	linguistic	_	_	Begin=932.358
797-1	SPK4006	Continuing	797	_	мен:,	мен	linguistic	_	Prolongation=2	End=933.07
798-0	SPK4006	Continuing	798	_	жоғарғы	жоғарғы	linguistic	_	_	Begin=933.07
798-1	SPK4006	Continuing	798	_	кластарда	кластарда	linguistic	_	_	_
798-2	SPK4006	Continuing	798	_	ғана,	ғана	linguistic	_	_	End=934.42
799-0	SPK4006	Falling	799	_	көп	көп	linguistic	_	_	Begin=934.42
799-1	SPK4006	Falling	799	_	оқып	оқып	linguistic	_	_	_
799-2	SPK4006	Falling	799	_	бастадым.	бастадым	linguistic	_	_	End=935.36
800-0	SPK4007	Rising	800	_	А	А	linguistic	_	_	Begin=935.465
800-1	SPK4007	Rising	800	_	да?	да	linguistic	_	_	End=935.872
801-0	SPK4006	Continuing	801	_	Жоқ	Жоқ	linguistic	_	_	Begin=936.409
801-1	SPK4006	Continuing	801	_	мен,	мен	linguistic	_	_	End=936.79
802-0	SPK4006	Continuing	802	_	кішкентай	кішкентай	linguistic	_	_	Begin=936.79
802-1	SPK4006	Continuing	802	_	кезімнен,	кезімнен	linguistic	_	_	End=937.71
803-0	SPK4006	Falling	803	_	негізі	негізі	linguistic	_	_	Begin=937.71
803-1	SPK4006	Falling	803	_	көп	көп	linguistic	_	_	_
803-2	SPK4006	Falling	803	_	оқитынмын.	оқитынмын	linguistic	_	_	End=938.653
804-0	SPK4007	Falling	804	_	Мхм.	Мхм	linguistic	_	_	Begin=938.694|End=939.057
805-0	SPK4006	Continuing	805	_	Ыы,	Ыы	linguistic	_	_	Begin=939.154|End=939.681
806-0	SPK4006	Continuing	806	_	НИШқа	НИШқа	linguistic	_	_	Begin=939.739
806-1	SPK4006	Continuing	806	_	дейінгі	дейінгі	linguistic	_	_	_
806-2	SPK4006	Continuing	806	_	мектепте,	мектепте	linguistic	_	_	End=940.989
807-0	SPK4007	Falling	807	_	Мхм.	Мхм	linguistic	_	_	Begin=941.2|End=941.522
808-0	SPK4006	Continuing	808	_	ана	ана	linguistic	_	_	Begin=941.4
808-1	SPK4006	Continuing	808	_	там,	там	linguistic	_	_	End=941.957
809-0	SPK4006	undefined	809	_	оқы–	оқы–	linguistic	_	_	Begin=942.151|End=942.52
810-0	SPK4006	Continuing	810	_	оқырман,	оқырман	linguistic	_	_	Begin=942.52|End=943.19
811-0	SPK4006	Falling	811	_	кітабы	кітабы	linguistic	_	_	Begin=943.19
811-1	SPK4006	Falling	811	_	болады	болады	linguistic	_	_	_
811-2	SPK4006	Falling	811	_	ғой.	ғой	linguistic	_	_	End=944.29
812-0	SPK4006	Continuing	812	_	Ну	Ну	linguistic	_	_	Begin=944.29
812-1	SPK4006	Continuing	812	_	күнделік,	күнделік	linguistic	_	_	End=944.87
813-0	SPK4006	Continuing	813	_	сияқты,	сияқты	linguistic	_	_	Begin=944.87|End=945.526
814-0	SPK4006	Continuing	814	_	кітапханада,	кітапханада	linguistic	_	_	Begin=945.937|End=946.34
815-0	SPK4006	Falling	815	_	выдавать	выдавать	linguistic	_	_	Begin=946.34
815-1	SPK4006	Falling	815	_	ететін.	ететін	linguistic	_	_	End=947.327
816-0	SPK4007	Continuing	816	_	Аха,	Аха	linguistic	_	_	Begin=947.49|End=947.79
817-0	SPK4007	Falling	817	_	аха.	аха	linguistic	_	_	Begin=947.79|End=948.07
818-0	SPK4006	Continuing	818	_	Там,	Там	linguistic	_	_	Begin=948.921|End=949.464
819-0	SPK4006	Continuing	819	_	мен,	мен	linguistic	_	_	Begin=949.73|End=950.0
820-0	SPK4006	Continuing	820	_	бір	бір	linguistic	_	_	Begin=950.0
820-1	SPK4006	Continuing	820	_	жылдың	жылдың	linguistic	_	_	_
820-2	SPK4006	Continuing	820	_	ішінде,	ішінде	linguistic	_	_	End=950.88
821-0	SPK4006	Continuing	821	_	сондайдың,	сондайдың	linguistic	_	_	Begin=950.88|End=951.38
822-0	SPK4006	Continuing	822	_	бірнешеуін,	бірнешеуін	linguistic	_	_	Begin=951.38|End=951.91
823-0	SPK4006	Falling	823	_	бітіріп	бітіріп	linguistic	_	_	Begin=951.91
823-1	SPK4006	Falling	823	_	тастайтынмын.	тастайтынмын	linguistic	_	_	End=952.689
824-0	SPK4006	Continuing	824	_	Ну	Ну	linguistic	_	_	Begin=952.824
824-1	SPK4006	Continuing	824	_	то	то	linguistic	_	_	_
824-2	SPK4006	Continuing	824	_	есть,	есть	linguistic	_	_	End=953.127
825-0	SPK4006	Continuing	825	_	мне	мне	linguistic	_	_	Begin=953.21
825-1	SPK4006	Continuing	825	_	заводили	заводили	linguistic	_	_	_
825-2	SPK4006	Continuing	825	_	новую	новую	linguistic	_	_	_
825-3	SPK4006	Continuing	825	_	книжку,	книжку	linguistic	_	_	End=954.59
826-0	SPK4006	Continuing	826	_	потому	потому	linguistic	_	_	Begin=954.59
826-1	SPK4006	Continuing	826	_	что,	что	linguistic	_	_	End=955.38
827-0	SPK4006	Continuing	827	_	я,	я	linguistic	_	_	Begin=955.45|End=955.91
828-0	SPK4006	Continuing	828	_	уже,	уже	linguistic	_	_	Begin=955.91|End=956.46
829-0	SPK4006	Continuing	829	_	кучу	кучу	linguistic	_	_	Begin=956.588
829-1	SPK4006	Continuing	829	_	книг,	книг	linguistic	_	_	End=957.16
830-0	SPK4006	Continuing	830	_	взяла,	взяла	linguistic	_	_	Begin=957.16|End=957.44
831-0	SPK4006	Falling	831	_	деген	деген	linguistic	_	_	Begin=957.44
831-1	SPK4006	Falling	831	_	сияқты.	сияқты	linguistic	_	_	End=957.89
832-0	SPK4007	Falling	832	_	Ммм.	Ммм	linguistic	_	_	Begin=958.06|End=958.533
833-0	SPK4006	Continuing	833	_	Бірақ,	Бірақ	linguistic	_	_	Begin=958.511|End=958.78
834-0	SPK4006	Continuing	834	_	мен	мен	linguistic	_	_	Begin=958.78
834-1	SPK4006	Continuing	834	_	НИШқа	НИШқа	linguistic	_	_	_
834-2	SPK4006	Continuing	834	_	келген	келген	linguistic	_	_	_
834-3	SPK4006	Continuing	834	_	кезде,	кезде	linguistic	_	_	End=960.063
835-0	SPK4007	Falling	835	_	Мхм.	Мхм	linguistic	_	_	Begin=960.281|End=960.687
836-0	SPK4006	Continuing	836	_	Аа,	Аа	linguistic	_	_	Begin=960.661|End=960.97
837-0	SPK4006	Continuing	837	_	почему	почему	linguistic	_	_	Begin=960.97
837-1	SPK4006	Continuing	837	_	то,	то	linguistic	_	_	End=961.73
838-0	SPK4006	Continuing	838	_	ондай,	ондай	linguistic	_	_	Begin=961.73|End=962.26
839-0	SPK4006	Continuing	839	_	кітапқа	кітапқа	linguistic	_	_	Begin=962.26
839-1	SPK4006	Continuing	839	_	қызығушылығым,	қызығушылығым	linguistic	_	_	End=963.49
840-0	SPK4006	Falling	840	_	тоқтап	тоқтап	linguistic	_	_	Begin=963.49
840-1	SPK4006	Falling	840	_	қалды.	қалды	linguistic	_	_	End=964.03
841-0	SPK4007	Falling	841	_	Мхм.	Мхм	linguistic	_	_	Begin=964.347|End=964.586
842-0	SPK4006	Continuing	842	_	Бірақ,	Бірақ	linguistic	_	_	Begin=964.58|End=964.92
843-0	SPK4006	undefined	843	_	жоғарғы	жоғарғы	linguistic	_	_	Begin=964.92
843-1	SPK4006	undefined	843	_	кластарда–	кластарда–	linguistic	_	_	End=966.056
844-0	SPK4006	Continuing	844	_	А,	А	linguistic	_	_	Begin=966.939|End=967.28
845-0	SPK4006	Continuing	845	_	тоқтап	тоқтап	linguistic	_	_	Begin=967.28
845-1	SPK4006	Continuing	845	_	қалды,	қалды	linguistic	_	_	End=968.01
846-0	SPK4006	Continuing	846	_	потому	потому	linguistic	_	_	Begin=968.01
846-1	SPK4006	Continuing	846	_	что,	что	linguistic	_	_	End=968.75
847-0	SPK4006	Continuing	847	_	мен,	мен	linguistic	_	_	Begin=968.75|End=969.19
848-0	SPK4006	Continuing	848	_	ыы,	ыы	linguistic	_	_	Begin=969.19|End=969.707
849-0	SPK4006	Continuing	849	_	көркем	көркем	linguistic	_	_	Begin=970.892
849-1	SPK4006	Continuing	849	_	әдеби,	әдеби	linguistic	_	_	End=971.8
850-0	SPK4006	Continuing	850	_	шығарма,	шығарма	linguistic	_	_	Begin=971.8|End=972.26
851-0	SPK4006	Falling	851	_	оқығым	оқығым	linguistic	_	_	Begin=972.26
851-1	SPK4006	Falling	851	_	келген	келген	linguistic	_	_	_
851-2	SPK4006	Falling	851	_	жоқ.	жоқ	linguistic	_	_	End=973.031
852-0	SPK4007	Falling	852	_	Ммм.	Ммм	linguistic	_	_	Begin=973.28|End=973.94
853-0	SPK4007	undefined	853	_	Мхм	Мхм	linguistic	_	_	Begin=973.94
853-1	SPK4007	undefined	853	_	мхм	мхм	linguistic	_	_	End=974.56
854-0	SPK4006	Continuing	854	_	Ыы,	Ыы	linguistic	_	_	Begin=974.608|End=975.071
855-0	SPK4006	Continuing	855	_	Бірақ,	Бірақ	linguistic	_	_	Begin=975.18|End=975.551
856-0	SPK4006	Continuing	856	_	мен,	мен	linguistic	_	_	Begin=975.822|End=976.2
857-0	SPK4006	Continuing	857	_	сондай	сондай	linguistic	_	_	Begin=976.216
857-1	SPK4006	Continuing	857	_	нәрсені	нәрсені	linguistic	_	_	_
857-2	SPK4006	Continuing	857	_	ғана,	ғана	linguistic	_	_	End=976.95
858-0	SPK4006	Continuing	858	_	оқуға	оқуға	linguistic	_	_	Begin=976.95
858-1	SPK4006	Continuing	858	_	болады,	болады	linguistic	_	_	End=977.83
859-0	SPK4006	Falling	859	_	деп	деп	linguistic	_	_	Begin=977.83
859-1	SPK4006	Falling	859	_	ойладым.	ойладым	linguistic	_	_	End=978.372
860-0	SPK4007	Falling	860	_	Ммм.	Ммм	linguistic	_	_	Begin=978.59|End=979.281
861-0	SPK4006	Continuing	861	_	Потому	Потому	linguistic	_	_	Begin=978.62
861-1	SPK4006	Continuing	861	_	что,	что	linguistic	_	_	End=979.01
862-0	SPK4006	Continuing	862	_	non	non	linguistic	_	_	Begin=979.01
862-1	SPK4006	Continuing	862	_	fiction,	fiction	linguistic	_	_	End=979.61
863-0	SPK4006	Continuing	863	_	кітаптар	кітаптар	linguistic	_	_	Begin=979.66
863-1	SPK4006	Continuing	863	_	бар	бар	linguistic	_	_	_
863-2	SPK4006	Continuing	863	_	екенін,	екенін	linguistic	_	_	End=980.53
864-0	SPK4006	Falling	864	_	білмедім.	білмедім	linguistic	_	_	Begin=980.53|End=980.93
865-0	SPK4006	Continuing	865	_	Ал,	Ал	linguistic	_	_	Begin=981.79|End=982.37
866-0	SPK4006	Continuing	866	_	жоғарғы	жоғарғы	linguistic	_	_	Begin=982.47
866-1	SPK4006	Continuing	866	_	кластарда,	кластарда	linguistic	_	_	End=983.74
867-0	SPK4006	Continuing	867	_	non	non	linguistic	_	_	Begin=983.828
867-1	SPK4006	Continuing	867	_	fiction	fiction	linguistic	_	_	_
867-2	SPK4006	Continuing	867	_	кітаптарды,	кітаптарды	linguistic	_	_	End=984.97
868-0	SPK4006	Continuing	868	_	оқи	оқи	linguistic	_	_	Begin=984.99
868-1	SPK4006	Continuing	868	_	бастадым	бастадым	linguistic	_	_	_
868-2	SPK4006	Continuing	868	_	да,	да	linguistic	_	_	End=985.8
869-0	SPK4006	Continuing	869	_	маған	маған	linguistic	_	_	Begin=985.8
869-1	SPK4006	Continuing	869	_	сол	сол	linguistic	_	_	_
869-2	SPK4006	Continuing	869	_	нәрсенің,	нәрсенің	linguistic	_	_	End=986.75
870-0	SPK4006	Continuing	870	_	ұнайтыным	ұнайтыным	linguistic	_	_	Begin=986.75
870-1	SPK4006	Continuing	870	_	түсіндім	түсіндім	linguistic	_	_	_
870-2	SPK4006	Continuing	870	_	да,	да	linguistic	_	_	End=987.74
871-0	SPK4006	Falling	871	_	қайтадап	қайтадап	linguistic	_	_	Begin=987.74
871-1	SPK4006	Falling	871	_	оқи	оқи	linguistic	_	_	_
871-2	SPK4006	Falling	871	_	бастадым.	бастадым	linguistic	_	_	End=988.55
872-0	SPK4006	Continuing	872	_	А,	А	linguistic	_	_	Begin=989.42|End=989.77
873-0	SPK4006	Continuing	873	_	мектепте,	мектепте	linguistic	_	_	Begin=989.77|End=990.18
874-0	SPK4006	Continuing	874	_	жүрген	жүрген	linguistic	_	_	Begin=990.19
874-1	SPK4006	Continuing	874	_	кезде,	кезде	linguistic	_	_	End=991.404
875-0	SPK4006	Rising	875	_	мен	мен	linguistic	_	_	Begin=992.661
875-1	SPK4006	Rising	875	_	не	не	linguistic	_	_	_
875-2	SPK4006	Rising	875	_	істедім?	істедім	linguistic	_	_	End=993.48
876-0	SPK4006	Continuing	876	_	Мен,	Мен	linguistic	_	_	Begin=994.042|End=994.39
877-0	SPK4006	Continuing	877	_	Student	Student	linguistic	_	_	Begin=994.39
877-1	SPK4006	Continuing	877	_	Government-та	Government-та	linguistic	_	_	_
877-2	SPK4006	Continuing	877	_	болдым,	болдым	linguistic	_	_	End=995.62
878-0	SPK4006	Falling	878	_	бір	бір	linguistic	_	_	Begin=995.62
878-1	SPK4006	Falling	878	_	жыл.	жыл	linguistic	_	_	End=996.261
879-0	SPK4006	Continuing	879	_	Бірақ,	Бірақ	linguistic	_	_	Begin=998.663|End=999.09
880-0	SPK4006	Continuing	880	_	А,	А	linguistic	_	_	Begin=1000.072|End=1000.2
881-0	SPK4006	Continuing	881	_	олимпиадаға,	олимпиадаға	linguistic	_	_	Begin=1000.2|End=1000.74
882-0	SPK4006	Falling	882	_	бір	бір	linguistic	_	_	Begin=1000.74
882-1	SPK4006	Falling	882	_	рет	рет	linguistic	_	_	_
882-2	SPK4006	Falling	882	_	қатыстым.	қатыстым	linguistic	_	_	End=1001.737
883-0	SPK4006	Continuing	883	_	Просто,	Просто	linguistic	_	_	Begin=1002.33|End=1002.86
884-0	SPK4006	Continuing	884	_	ыы,	ыы	linguistic	_	_	Begin=1002.883|End=1003.23
885-0	SPK4006	Continuing	885	_	жаңа,	жаңа	linguistic	_	_	Begin=1003.23|End=1003.76
886-0	SPK4006	Continuing	886	_	мектеп,	мектеп	linguistic	_	_	Begin=1003.877|End=1004.3
887-0	SPK4006	undefined	887	_	п–	п–	linguistic	_	_	Begin=1004.495|End=1004.788
888-0	SPK4006	Continuing	888	_	папа	папа	linguistic	_	_	Begin=1004.83
888-1	SPK4006	Continuing	888	_	мамамен,	мамамен	linguistic	_	_	End=1005.43
889-0	SPK4006	Continuing	889	_	¬Ерлан:,	Ерлан	linguistic	_	Anonymized=Yes|Prolongation=4	Begin=1005.43|End=1006.15
890-0	SPK4006	undefined	890	_	олимп–	олимп–	linguistic	_	_	Begin=1006.15|End=1006.56
891-0	SPK4006	Continuing	891	_	олимпиадасы,	олимпиадасы	linguistic	_	_	Begin=1006.56|End=1007.45
892-0	SPK4006	Continuing	892	_	туралы,	туралы	linguistic	_	_	Begin=1007.46|End=1007.79
893-0	SPK4006	Continuing	893	_	сөйлесе	сөйлесе	linguistic	_	_	Begin=1007.79
893-1	SPK4006	Continuing	893	_	бастадық	бастадық	linguistic	_	_	_
893-2	SPK4006	Continuing	893	_	та,	та	linguistic	_	_	End=1008.82
894-0	SPK4007	Falling	894	_	Мхм.	Мхм	linguistic	_	_	Begin=1008.81|End=1009.21
895-0	SPK4006	Continuing	895	_	и	и	linguistic	_	_	Begin=1009.95
895-1	SPK4006	Continuing	895	_	мен,	мен	linguistic	_	_	End=1010.401
896-0	SPK4006	Continuing	896	_	однокласниктарым,	однокласниктарым	linguistic	_	_	Begin=1010.604|End=1011.28
897-0	SPK4006	Continuing	897	_	есіме	есіме	linguistic	_	_	Begin=1011.32
897-1	SPK4006	Continuing	897	_	түсіп,	түсіп	linguistic	_	_	End=1011.64
898-0	SPK4006	Falling	898	_	кетті.	кетті	linguistic	_	_	Begin=1011.64|End=1012.4
899-0	SPK4006	Continuing	899	_	Ыы,	Ыы	linguistic	_	_	Begin=1012.868|End=1013.242
900-0	SPK4006	Rising	900	_	¬Мансұрды	Мансұрды	linguistic	_	Anonymized=Yes	Begin=1013.44
900-1	SPK4006	Rising	900	_	білесің	білесің	linguistic	_	_	_
900-2	SPK4006	Rising	900	_	ғой?	ғой	linguistic	_	_	End=1014.631
901-0	SPK4007	Falling	901	_	Мхм.	Мхм	linguistic	_	_	Begin=1014.774|End=1015.169
902-0	SPK4006	Continuing	902	_	¬Кәрім	Кәрім	linguistic	_	Anonymized=Yes	Begin=1015.247
902-1	SPK4006	Continuing	902	_	екеуі,	екеуі	linguistic	_	_	End=1016.05
903-0	SPK4006	Continuing	903	_	физикадан,	физикадан	linguistic	_	_	Begin=1016.1|End=1016.47
904-0	SPK4006	Continuing	904	_	проект,	проект	linguistic	_	_	Begin=1016.47|End=1016.87
905-0	SPK4006	Falling	905	_	жазатын.	жазатын	linguistic	_	_	Begin=1016.87|End=1017.453
906-0	SPK4006	Continuing	906	_	И:,	И	linguistic	_	Prolongation=0	Begin=1017.778|End=1018.15
907-0	SPK4006	Continuing	907	_	Байқоңырға,	Байқоңырға	linguistic	_	_	Begin=1018.2|End=1018.73
908-0	SPK4006	Continuing	908	_	барып	барып	linguistic	_	_	Begin=1018.73
908-1	SPK4006	Continuing	908	_	келді,	келді	linguistic	_	_	End=1019.25
909-0	SPK4006	Falling	909	_	¬Мансұр.	Мансұр	linguistic	_	Anonymized=Yes	Begin=1019.25|End=1019.74
910-0	SPK4007	Falling	910	_	Ммм.	Ммм	linguistic	_	_	Begin=1019.833|End=1020.506
911-0	SPK4006	Continuing	911	_	И	И	linguistic	_	_	Begin=1020.762
911-1	SPK4006	Continuing	911	_	олар,	олар	linguistic	_	_	End=1021.363
912-0	SPK4006	Continuing	912	_	ыы,	ыы	linguistic	_	_	Begin=1021.772|End=1021.987
913-0	SPK4006	Continuing	913	_	кәдімгі,	кәдімгі	linguistic	_	_	Begin=1022.08|End=1022.44
914-0	SPK4006	Continuing	914	_	бір	бір	linguistic	_	_	Begin=1022.48
914-1	SPK4006	Continuing	914	_	шынымен	шынымен	linguistic	_	_	_
914-2	SPK4006	Continuing	914	_	проект,	проект	linguistic	_	_	End=1023.45
915-0	SPK4006	Continuing	915	_	написали:,	написали	linguistic	_	Prolongation=7	Begin=1023.45|End=1024.16
916-0	SPK4006	Falling	916	_	кореецтарға.	кореецтарға	linguistic	_	_	Begin=1024.346|End=1025.32
917-0	SPK4006	Continuing	917	_	Ну	Ну	linguistic	_	_	Begin=1025.39
917-1	SPK4006	Continuing	917	_	Кореядан,	Кореядан	linguistic	_	_	End=1026.01
918-0	SPK4006	Continuing	918	_	какой-то,	какой-то	linguistic	_	_	Begin=1026.02|End=1026.45
919-0	SPK4006	Continuing	919	_	бизнесмендарға,	бизнесмендарға	linguistic	_	_	Begin=1026.45|End=1027.44
920-0	SPK4007	Falling	920	_	Мхм.	Мхм	linguistic	_	_	Begin=1027.442|End=1027.837
921-0	SPK4006	Continuing	921	_	Бір:,	Бір	linguistic	_	Prolongation=2	Begin=1029.044|End=1029.37
922-0	SPK4006	Continuing	922	_	нәрсе,	нәрсе	linguistic	_	_	Begin=1029.37|End=1029.75
923-0	SPK4006	Falling	923	_	жасап	жасап	linguistic	_	_	Begin=1029.75
923-1	SPK4006	Falling	923	_	берді.	берді	linguistic	_	_	End=1030.319
924-0	SPK4006	Continuing	924	_	Даже,	Даже	linguistic	_	_	Begin=1030.472|End=1030.88
925-0	SPK4006	Continuing	925	_	не	не	linguistic	_	_	Begin=1030.88
925-1	SPK4006	Continuing	925	_	екені,	екені	linguistic	_	_	End=1031.41
926-0	SPK4006	Falling	926	_	есімде	есімде	linguistic	_	_	Begin=1031.41
926-1	SPK4006	Falling	926	_	емес.	емес	linguistic	_	_	End=1032.106
927-0	SPK4007	Falling	927	_	Мхм.	Мхм	linguistic	_	_	Begin=1032.122|End=1032.668
928-0	SPK4006	Continuing	928	_	Но:,	Но	linguistic	_	Prolongation=1	Begin=1033.079|End=1033.528
929-0	SPK4006	Continuing	929	_	ыы,	ыы	linguistic	_	_	Begin=1033.644|End=1034.017
930-0	SPK4006	Continuing	930	_	какое-то	какое-то	linguistic	_	_	Begin=1034.17
930-1	SPK4006	Continuing	930	_	умное,	умное	linguistic	_	_	End=1034.99
931-0	SPK4006	Continuing	931	_	технологическое,	технологическое	linguistic	_	_	Begin=1034.99|End=1035.82
932-0	SPK4006	Falling	932	_	решение	решение	linguistic	_	_	Begin=1035.82
932-1	SPK4006	Falling	932	_	болды	болды	linguistic	_	_	_
932-2	SPK4006	Falling	932	_	да.	да	linguistic	_	_	End=1036.99
933-0	SPK4006	Continuing	933	_	И	И	linguistic	_	_	Begin=1037.489
933-1	SPK4006	Continuing	933	_	мы	мы	linguistic	_	_	_
933-2	SPK4006	Continuing	933	_	такие,	такие	linguistic	_	_	End=1037.97
934-0	SPK4006	Falling	934	_	уау	уау	linguistic	_	_	Begin=1037.97
934-1	SPK4006	Falling	934	_	деп.	деп	linguistic	_	_	End=1038.801
935-0	SPK4007	Falling	935	_	Молодцы.	Молодцы	linguistic	_	_	Begin=1039.54|End=1040.11
936-0	SPK4007	Continuing	936	_	Неге	Неге	linguistic	_	_	Begin=1044.604
936-1	SPK4007	Continuing	936	_	саған,	саған	linguistic	_	_	End=1045.08
937-0	SPK4007	Continuing	937	_	fiction,	fiction	linguistic	_	_	Begin=1045.08|End=1045.46
938-0	SPK4007	Rising	938	_	ұнамайды?	ұнамайды	linguistic	_	_	Begin=1045.46|End=1045.802
939-0	SPK4007	Continuing	939	_	Ыы,	Ыы	linguistic	_	_	Begin=1046.08|End=1046.415
940-0	SPK4007	Continuing	940	_	помнишь	помнишь	linguistic	_	_	Begin=1046.42
940-1	SPK4007	Continuing	940	_	мен,	мен	linguistic	_	_	End=1047.162
941-0	SPK4007	Continuing	941	_	ыы,	ыы	linguistic	_	_	Begin=1047.189|End=1047.495
942-0	SPK4007	Continuing	942	_	бір	бір	linguistic	_	_	Begin=1047.51
942-1	SPK4007	Continuing	942	_	рет	рет	linguistic	_	_	_
942-2	SPK4007	Continuing	942	_	инстаграмға,	инстаграмға	linguistic	_	_	End=1048.47
943-0	SPK4007	Rising	943	_	салдым	салдым	linguistic	_	_	Begin=1048.47
943-1	SPK4007	Rising	943	_	ғой?	ғой	linguistic	_	_	End=1049.119
944-0	SPK4007	Continuing	944	_	ыы,	ыы	linguistic	_	_	Begin=1049.451|End=1049.705
945-0	SPK4006	Rising	945	_	Мынаны	Мынаны	linguistic	_	_	Begin=1049.656
945-1	SPK4006	Rising	945	_	ма?	ма	linguistic	_	_	End=1050.179
946-0	SPK4006	Rising	946	_	PS	PS	linguistic	_	_	Begin=1050.636
946-1	SPK4006	Rising	946	_	I	I	linguistic	_	_	_
946-2	SPK4006	Rising	946	_	love	love	linguistic	_	_	_
946-3	SPK4006	Rising	946	_	you-ды	you-ды	linguistic	_	_	_
946-4	SPK4006	Rising	946	_	ма?	ма	linguistic	_	_	End=1051.809
947-0	SPK4007	Falling	947	_	Жо	Жо	linguistic	_	_	Begin=1052.053
947-1	SPK4007	Falling	947	_	жоқ.	жоқ	linguistic	_	_	End=1052.613
948-0	SPK4006	Falling	948	_	Или	Или	linguistic	_	_	Begin=1052.14
948-1	SPK4006	Falling	948	_	нет.	нет	linguistic	_	_	End=1052.571
949-0	SPK4007	Continuing	949	_	Да,	Да	linguistic	_	_	Begin=1052.68|End=1052.93
950-0	SPK4007	Continuing	950	_	PS	PS	linguistic	_	_	Begin=1052.93
950-1	SPK4007	Continuing	950	_	I	I	linguistic	_	_	_
950-2	SPK4007	Continuing	950	_	lo:ve	love	linguistic	_	Prolongation=1	_
950-3	SPK4007	Continuing	950	_	you,	you	linguistic	_	_	End=1053.66
951-0	SPK4007	Continuing	951	_	там,	там	linguistic	_	_	Begin=1053.66|End=1053.93
952-0	SPK4007	undefined	952	_	(H)	(H)	inhale	_	_	Begin=1053.985|End=1054.169
953-0	SPK4007	Continuing	953	_	И:,	И	linguistic	_	Prolongation=0	Begin=1054.32|End=1054.82
954-0	SPK4007	Continuing	954	_	типо,	типо	linguistic	_	_	Begin=1054.82|End=1055.26
955-0	SPK4007	Continuing	955	_	бір,	бір	linguistic	_	_	Begin=1055.26|End=1055.54
956-0	SPK4007	Continuing	956	_	сипатта:п	сипаттап	linguistic	_	Prolongation=6	Begin=1055.752
956-1	SPK4007	Continuing	956	_	айтамын	айтамын	linguistic	_	_	_
956-2	SPK4007	Continuing	956	_	ғой,	ғой	linguistic	_	_	End=1056.83
957-0	SPK4007	Falling	957	_	кітаптарды.	кітаптарды	linguistic	_	_	Begin=1056.83|End=1057.478
958-0	SPK4006	Falling	958	_	Мхм.	Мхм	linguistic	_	_	Begin=1057.622|End=1057.975
959-0	SPK4007	Continuing	959	_	И	И	linguistic	_	_	Begin=1057.87
959-1	SPK4007	Continuing	959	_	сен	сен	linguistic	_	_	_
959-2	SPK4007	Continuing	959	_	айтасың,	айтасың	linguistic	_	_	End=1058.56
960-0	SPK4007	Continuing	960	_	типо,	типо	linguistic	_	_	Begin=1058.56|End=1058.79
961-0	SPK4007	Continuing	961	_	мә	мә	linguistic	_	_	Begin=1058.79
961-1	SPK4007	Continuing	961	_	сен	сен	linguistic	_	_	_
961-2	SPK4007	Continuing	961	_	күшті,	күшті	linguistic	_	_	End=1059.37
962-0	SPK4007	Falling	962	_	сипаттайсың	сипаттайсың	linguistic	_	_	Begin=1059.37
962-1	SPK4007	Falling	962	_	деп.	деп	linguistic	_	_	End=1060.42
963-0	SPK4007	Continuing	963	_	Вот,	Вот	linguistic	_	_	Begin=1060.48|End=1060.94
964-0	SPK4006	Falling	964	_	Мм.	Мм	linguistic	_	_	Begin=1060.53|End=1060.915
965-0	SPK4007	Continuing	965	_	это	это	linguistic	_	_	Begin=1060.94
965-1	SPK4007	Continuing	965	_	за	за	linguistic	_	_	_
965-2	SPK4007	Continuing	965	_	то	то	linguistic	_	_	_
965-3	SPK4007	Continuing	965	_	что,	что	linguistic	_	_	End=1061.45
966-0	SPK4007	Falling	966	_	мен	мен	linguistic	_	_	Begin=1061.45
966-1	SPK4007	Falling	966	_	fiction	fiction	linguistic	_	_	_
966-2	SPK4007	Falling	966	_	оқып	оқып	linguistic	_	_	_
966-3	SPK4007	Falling	966	_	жүрмін.	жүрмін	linguistic	_	_	End=1062.468
967-0	SPK4007	Continuing	967	_	Типо,	Типо	linguistic	_	_	Begin=1063.374|End=1063.62
968-0	SPK4007	Continuing	968	_	саған,	саған	linguistic	_	_	Begin=1063.62|End=1063.95
969-0	SPK4007	Continuing	969	_	может	может	linguistic	_	_	Begin=1063.95
969-1	SPK4007	Continuing	969	_	и	и	linguistic	_	_	_
969-2	SPK4007	Continuing	969	_	сюжет,	сюжет	linguistic	_	_	End=1064.83
970-0	SPK4007	Continuing	970	_	ничего	ничего	linguistic	_	_	Begin=1064.83
970-1	SPK4007	Continuing	970	_	не	не	linguistic	_	_	_
970-2	SPK4007	Continuing	970	_	даст,	даст	linguistic	_	_	End=1065.52
971-0	SPK4006	Falling	971	_	Аха.	Аха	linguistic	_	_	Begin=1065.71|End=1066.109
972-0	SPK4007	Continuing	972	_	но	но	linguistic	_	_	Begin=1065.872
972-1	SPK4007	Continuing	972	_	сенің,	сенің	linguistic	_	_	End=1066.444
973-0	SPK4007	Continuing	973	_	тіліңді,	тіліңді	linguistic	_	_	Begin=1066.54|End=1066.97
974-0	SPK4007	Continuing	974	_	былай,	былай	linguistic	_	_	Begin=1066.97|End=1067.35
975-0	SPK4007	Falling	975	_	бай	бай	linguistic	_	_	Begin=1067.35
975-1	SPK4007	Falling	975	_	қылады.	қылады	linguistic	_	_	End=1067.77
976-0	SPK4006	Continuing	976	_	Иә,	Иә	linguistic	_	_	Begin=1068.16|End=1068.555
977-0	SPK4006	Falling	977	_	сол	сол	linguistic	_	_	Begin=1068.58
977-1	SPK4006	Falling	977	_	шығар.	шығар	linguistic	_	_	End=1069.1
978-0	SPK4006	undefined	978	_	Менің–	Менің–	linguistic	_	_	Begin=1069.569|End=1069.88
979-0	SPK4006	Continuing	979	_	менде,	менде	linguistic	_	_	Begin=1069.88|End=1070.25
980-0	SPK4006	Continuing	980	_	андай	андай	linguistic	_	_	Begin=1070.25
980-1	SPK4006	Continuing	980	_	сияқты,	сияқты	linguistic	_	_	End=1070.91
981-0	SPK4006	Continuing	981	_	мен,	мен	linguistic	_	_	Begin=1070.91|End=1071.09
982-0	SPK4006	Continuing	982	_	бүкіл	бүкіл	linguistic	_	_	Begin=1071.09
982-1	SPK4006	Continuing	982	_	нәрседе,	нәрседе	linguistic	_	_	End=1071.89
983-0	SPK4006	Continuing	983	_	как	как	linguistic	_	_	Begin=1071.89
983-1	SPK4006	Continuing	983	_	будто,	будто	linguistic	_	_	End=1072.36
984-0	SPK4006	Continuing	984	_	маған,	маған	linguistic	_	_	Begin=1072.36|End=1072.76
985-0	SPK4006	Continuing	985	_	что	что	linguistic	_	_	Begin=1073.246
985-1	SPK4006	Continuing	985	_	я	я	linguistic	_	_	_
985-2	SPK4006	Continuing	985	_	из	из	linguistic	_	_	_
985-3	SPK4006	Continuing	985	_	этого	этого	linguistic	_	_	_
985-4	SPK4006	Continuing	985	_	возьму,	возьму	linguistic	_	_	End=1074.42
986-0	SPK4006	Continuing	986	_	деген,	деген	linguistic	_	_	Begin=1074.42|End=1074.73
987-0	SPK4006	Falling	987	_	сияқты.	сияқты	linguistic	_	_	Begin=1074.73|End=1075.09
988-0	SPK4006	Continuing	988	_	Ну,	Ну	linguistic	_	_	Begin=1075.14|End=1075.41
989-0	SPK4007	Falling	989	_	Мхм.	Мхм	linguistic	_	_	Begin=1075.22|End=1075.58
990-0	SPK4006	Continuing	990	_	типо	типо	linguistic	_	_	Begin=1075.41
990-1	SPK4006	Continuing	990	_	ради	ради	linguistic	_	_	_
990-2	SPK4006	Continuing	990	_	чего,	чего	linguistic	_	_	End=1076.18
991-0	SPK4006	Continuing	991	_	я	я	linguistic	_	_	Begin=1076.18
991-1	SPK4006	Continuing	991	_	читаю,	читаю	linguistic	_	_	End=1076.78
992-0	SPK4006	Continuing	992	_	деген:,	деген	linguistic	_	Prolongation=4	Begin=1076.79|End=1077.44
993-0	SPK4006	Falling	993	_	сияқты	сияқты	linguistic	_	_	Begin=1077.44
993-1	SPK4006	Falling	993	_	да.	да	linguistic	_	_	End=1078.16
994-0	SPK4007	Falling	994	_	Ммм.	Ммм	linguistic	_	_	Begin=1078.329|End=1078.834
995-0	SPK4006	Continuing	995	_	И,	И	linguistic	_	_	Begin=1078.901|End=1079.492
996-0	SPK4006	Continuing	996	_	как	как	linguistic	_	_	Begin=1080.539
996-1	SPK4006	Continuing	996	_	будто,	будто	linguistic	_	_	End=1081.534
997-0	SPK4006	Continuing	997	_	fiction	fiction	linguistic	_	_	Begin=1081.775
997-1	SPK4006	Continuing	997	_	оқып	оқып	linguistic	_	_	_
997-2	SPK4006	Continuing	997	_	жатқан	жатқан	linguistic	_	_	_
997-3	SPK4006	Continuing	997	_	кезде,	кезде	linguistic	_	_	End=1083.05
998-0	SPK4006	undefined	998	_	менде	менде	linguistic	_	_	Begin=1083.05
998-1	SPK4006	undefined	998	_	андай	андай	linguistic	_	_	End=1083.86
999-0	SPK4006	undefined	999	_	end	end	linguistic	_	_	Begin=1083.86
999-1	SPK4006	undefined	999	_	goal–	goal–	linguistic	_	_	End=1084.71
1000-0	SPK4007	Falling	1000	_	Информация	Информация	linguistic	_	_	Begin=1084.1
1000-1	SPK4007	Falling	1000	_	жоқ.	жоқ	linguistic	_	_	End=1084.788
1001-0	SPK4007	undefined	1001	_	(Hx)	(Hx)	exhale	_	_	Begin=1084.85|End=1085.24
1002-0	SPK4006	Continuing	1002	_	Иә,	Иә	linguistic	_	_	Begin=1085.22|End=1085.48
1003-0	SPK4006	Falling	1003	_	end	end	linguistic	_	_	Begin=1085.48
1003-1	SPK4006	Falling	1003	_	goal	goal	linguistic	_	_	_
1003-2	SPK4006	Falling	1003	_	жоқ.	жоқ	linguistic	_	_	End=1086.32
1004-0	SPK4007	Falling	1004	_	Ммм.	Ммм	linguistic	_	_	Begin=1086.494|End=1087.062
1005-0	SPK4006	Continuing	1005	_	Типо	Типо	linguistic	_	_	Begin=1086.507
1005-1	SPK4006	Continuing	1005	_	мен,	мен	linguistic	_	_	End=1087.047
1006-0	SPK4006	undefined	1006	_	мына–	мына–	linguistic	_	_	Begin=1087.08|End=1087.3
1007-0	SPK4006	Continuing	1007	_	мынандай	мынандай	linguistic	_	_	Begin=1087.3
1007-1	SPK4006	Continuing	1007	_	информация	информация	linguistic	_	_	_
1007-2	SPK4006	Continuing	1007	_	алғым	алғым	linguistic	_	_	_
1007-3	SPK4006	Continuing	1007	_	келіп	келіп	linguistic	_	_	_
1007-4	SPK4006	Continuing	1007	_	отыр,	отыр	linguistic	_	_	End=1088.78
1008-0	SPK4006	Falling	1008	_	деген	деген	linguistic	_	_	Begin=1088.78
1008-1	SPK4006	Falling	1008	_	сияқты.	сияқты	linguistic	_	_	End=1089.469
1009-0	SPK4006	Continuing	1009	_	Бірақ	Бірақ	linguistic	_	_	Begin=1089.968
1009-1	SPK4006	Continuing	1009	_	маған,	маған	linguistic	_	_	End=1090.38
1010-0	SPK4007	Falling	1010	_	Не	Не	linguistic	_	_	Begin=1090.05
1010-1	SPK4007	Falling	1010	_	воображение	воображение	linguistic	_	_	_
1010-2	SPK4007	Falling	1010	_	деші.	деші	linguistic	_	_	End=1091.58
1011-0	SPK4006	Continuing	1011	_	Граф	Граф	linguistic	_	_	Begin=1090.38
1011-1	SPK4006	Continuing	1011	_	Монте	Монте	linguistic	_	_	_
1011-2	SPK4006	Continuing	1011	_	Кристо,	Кристо	linguistic	_	_	End=1091.31
1012-0	SPK4006	Falling	1012	_	қатты	қатты	linguistic	_	_	Begin=1091.31
1012-1	SPK4006	Falling	1012	_	ұнады.	ұнады	linguistic	_	_	End=1092.069
1013-0	SPK4007	Falling	1013	_	Да.	Да	linguistic	_	_	Begin=1092.214|End=1092.57
1014-0	SPK4007	Falling	1014	_	Граф	Граф	linguistic	_	_	Begin=1092.57
1014-1	SPK4007	Falling	1014	_	Монте	Монте	linguistic	_	_	_
1014-2	SPK4007	Falling	1014	_	Кристо.	Кристо	linguistic	_	_	End=1093.226
1015-0	SPK4006	Continuing	1015	_	Прям,	Прям	linguistic	_	_	Begin=1093.408|End=1093.737
1016-0	SPK4006	Continuing	1016	_	анау,	анау	linguistic	_	_	Begin=1093.861|End=1094.736
1017-0	SPK4006	Falling	1017	_	әдебиеттен.	әдебиеттен	linguistic	_	_	Begin=1095.97|End=1096.863
1018-0	SPK4007	Continuing	1018	_	Мен	Мен	linguistic	_	_	Begin=1096.11
1018-1	SPK4007	Continuing	1018	_	оны,	оны	linguistic	_	_	End=1096.47
1019-0	SPK4007	Continuing	1019	_	жетінші	жетінші	linguistic	_	_	Begin=1096.48
1019-1	SPK4007	Continuing	1019	_	сыныпта,	сыныпта	linguistic	_	_	End=1097.22
1020-0	SPK4007	Falling	1020	_	оқыдым.	оқыдым	linguistic	_	_	Begin=1097.22|End=1097.78
1021-0	SPK4006	Rising	1021	_	Жетінші	Жетінші	linguistic	_	_	Begin=1097.804
1021-1	SPK4006	Rising	1021	_	сыныпта?	сыныпта	linguistic	_	_	End=1098.66
1022-0	SPK4007	Falling	1022	_	Иә.	Иә	linguistic	_	_	Begin=1098.687|End=1099.11
1023-0	SPK4006	Falling	1023	_	Охо.	Охо	linguistic	_	_	Begin=1098.84|End=1099.32
1024-0	SPK4007	Continuing	1024	_	Бізде	Бізде	linguistic	_	_	Begin=1099.65
1024-1	SPK4007	Continuing	1024	_	программада	программада	linguistic	_	_	_
1024-2	SPK4007	Continuing	1024	_	болды	болды	linguistic	_	_	_
1024-3	SPK4007	Continuing	1024	_	вроде	вроде	linguistic	_	_	_
1024-4	SPK4007	Continuing	1024	_	ол,	ол	linguistic	_	_	End=1100.9
1025-0	SPK4007	Continuing	1025	_	просто,	просто	linguistic	_	_	Begin=1100.9|End=1101.42
1026-0	SPK4007	Continuing	1026	_	литература,	литература	linguistic	_	_	Begin=1101.42|End=1102.01
1027-0	SPK4007	Falling	1027	_	орыс	орыс	linguistic	_	_	Begin=1102.486
1027-1	SPK4007	Falling	1027	_	тілінен.	тілінен	linguistic	_	_	End=1103.171
1028-0	SPK4006	Continuing	1028	_	Біздің	Біздің	linguistic	_	_	Begin=1103.96
1028-1	SPK4006	Continuing	1028	_	орыс	орыс	linguistic	_	_	_
1028-2	SPK4006	Continuing	1028	_	сыныбындағылар,	сыныбындағылар	linguistic	_	_	End=1104.91
1029-0	SPK4006	Continuing	1029	_	ондайлар,	ондайлар	linguistic	_	_	Begin=1104.91|End=1105.56
1030-0	SPK4006	Rising	1030	_	бар?	бар	linguistic	_	_	Begin=1105.56|End=1105.93
1031-0	SPK4006	Falling	1031	_	Вроде.	Вроде	linguistic	_	_	Begin=1105.94|End=1106.635
1032-0	SPK4007	Falling	1032	_	Иә.	Иә	linguistic	_	_	Begin=1106.893|End=1107.238
1033-0	SPK4006	undefined	1033	_	М–	М–	linguistic	_	_	Begin=1107.94|End=1108.384
1034-0	SPK4006	Continuing	1034	_	бірақ,	бірақ	linguistic	_	_	Begin=1108.571|End=1108.93
1035-0	SPK4006	Falling	1035	_	менде	менде	linguistic	_	_	Begin=1108.93
1035-1	SPK4006	Falling	1035	_	андай	андай	linguistic	_	_	_
1035-2	SPK4006	Falling	1035	_	болды.	болды	linguistic	_	_	End=1109.71
1036-0	SPK4006	Continuing	1036	_	Мен	Мен	linguistic	_	_	Begin=1109.71
1036-1	SPK4006	Continuing	1036	_	прям,	прям	linguistic	_	_	End=1110.29
1037-0	SPK4006	Falling	1037	_	я	я	linguistic	_	_	Begin=1111.096
1037-1	SPK4006	Falling	1037	_	жила	жила	linguistic	_	_	_
1037-2	SPK4006	Falling	1037	_	с	с	linguistic	_	_	_
1037-3	SPK4006	Falling	1037	_	этими	этими	linguistic	_	_	_
1037-4	SPK4006	Falling	1037	_	героями.	героями	linguistic	_	_	End=1112.67
1038-0	SPK4007	undefined	1038	_	@@@	@@@	linguistic	_	_	Begin=1112.665|End=1114.33
1039-0	SPK4006	Continuing	1039	_	Переживала,	Переживала	linguistic	_	_	Begin=1112.692|End=1113.55
1040-0	SPK4006	Falling	1040	_	за	за	linguistic	_	_	Begin=1113.55
1040-1	SPK4006	Falling	1040	_	него.	него	linguistic	_	_	End=1114.294
1041-0	SPK4006	Continuing	1041	_	Ана	Ана	linguistic	_	_	Begin=1114.449
1041-1	SPK4006	Continuing	1041	_	кітап,	кітап	linguistic	_	_	End=1115.2
1042-0	SPK4006	Continuing	1042	_	жапқаннан	жапқаннан	linguistic	_	_	Begin=1115.2
1042-1	SPK4006	Continuing	1042	_	кейін	кейін	linguistic	_	_	_
1042-2	SPK4006	Continuing	1042	_	да,	да	linguistic	_	_	End=1116.03
1043-0	SPK4006	Continuing	1043	_	мен	мен	linguistic	_	_	Begin=1116.054
1043-1	SPK4006	Continuing	1043	_	бір	бір	linguistic	_	_	_
1043-2	SPK4006	Continuing	1043	_	апта,	апта	linguistic	_	_	End=1116.76
1044-0	SPK4007	undefined	1044	_	@@@	@@@	linguistic	_	_	Begin=1116.604|End=1120.444
1045-0	SPK4006	Continuing	1045	_	сол,	сол	linguistic	_	_	Begin=1116.76|End=1117.34
1046-0	SPK4006	Continuing	1046	_	графтың,	графтың	linguistic	_	_	Begin=1117.34|End=1118.03
1047-0	SPK4006	Continuing	1047	_	несін,	несін	linguistic	_	_	Begin=1118.03|End=1118.37
1048-0	SPK4006	Falling	1048	_	жағдайын	жағдайын	linguistic	_	_	Begin=1118.37
1048-1	SPK4006	Falling	1048	_	ойлап	ойлап	linguistic	_	_	_
1048-2	SPK4006	Falling	1048	_	жүрген	жүрген	linguistic	_	_	_
1048-3	SPK4006	Falling	1048	_	шығармын.	шығармын	linguistic	_	_	End=1119.54
1049-0	SPK4007	undefined	1049	_	@	@	linguistic	_	_	Begin=1122.004|End=1122.345
1050-0	SPK4007	undefined	1050	_	@@	@@	linguistic	_	_	Begin=1126.322|End=1127.022
1051-0	SPK4006	Continuing	1051	_	Маған,	Маған	linguistic	_	_	Begin=1132.103|End=1132.47
1052-0	SPK4006	Continuing	1052	_	қатты	қатты	linguistic	_	_	Begin=1132.47
1052-1	SPK4006	Continuing	1052	_	әсер	әсер	linguistic	_	_	_
1052-2	SPK4006	Continuing	1052	_	қалдырған,	қалдырған	linguistic	_	_	End=1133.68
1053-0	SPK4006	Falling	1053	_	сол	сол	linguistic	_	_	Begin=1133.68
1053-1	SPK4006	Falling	1053	_	кітап.	кітап	linguistic	_	_	End=1134.52
1054-0	SPK4007	Continuing	1054	_	Ол,	Ол	linguistic	_	_	Begin=1134.578|End=1134.975
1055-0	SPK4007	Continuing	1055	_	жақсы,	жақсы	linguistic	_	_	Begin=1135.799|End=1136.21
1056-0	SPK4007	undefined	1056	_	иә–	иә–	linguistic	_	_	Begin=1136.21|End=1136.93
1057-0	SPK4006	Continuing	1057	_	Сен,	Сен	linguistic	_	_	Begin=1136.69|End=1136.87
1058-0	SPK4006	Continuing	1058	_	ұшқан	ұшқан	linguistic	_	_	Begin=1136.87
1058-1	SPK4006	Continuing	1058	_	ұяны	ұяны	linguistic	_	_	_
1058-2	SPK4006	Continuing	1058	_	оқыдың	оқыдың	linguistic	_	_	_
1058-3	SPK4006	Continuing	1058	_	ба,	ба	linguistic	_	_	End=1137.77
1059-0	SPK4006	Continuing	1059	_	айтпақшы,	айтпақшы	linguistic	_	_	Begin=1137.77|End=1138.13
1060-0	SPK4006	Rising	1060	_	соныңа	соныңа	linguistic	_	_	Begin=1138.13
1060-1	SPK4006	Rising	1060	_	дейін?	дейін	linguistic	_	_	End=1138.67
1061-0	SPK4007	Falling	1061	_	Оқыдым.	Оқыдым	linguistic	_	_	Begin=1138.778|End=1139.14
1062-0	SPK4007	undefined	1062	_	@@@	@@@	linguistic	_	_	Begin=1139.14|End=1140.47
1063-0	SPK4007	Continuing	1063	_	Созып,	Созып	linguistic	_	_	Begin=1140.846|End=1141.272
1064-0	SPK4007	Continuing	1064	_	созып,	созып	linguistic	_	_	Begin=1141.419|End=1141.714
1065-0	SPK4007	Falling	1065	_	қанша.	қанша	linguistic	_	_	Begin=1142.42|End=1142.75
1066-0	SPK4007	Continuing	1066	_	Мен	Мен	linguistic	_	_	Begin=1142.75
1066-1	SPK4007	Continuing	1066	_	оны,	оны	linguistic	_	_	End=1143.21
1067-0	SPK4007	Continuing	1067	_	білесің	білесің	linguistic	_	_	Begin=1143.21
1067-1	SPK4007	Continuing	1067	_	бе,	бе	linguistic	_	_	End=1143.68
1068-0	SPK4007	Continuing	1068	_	ұят-ай:,	ұят-ай	linguistic	_	Prolongation=5	Begin=1143.68|End=1144.36
1069-0	SPK4007	Continuing	1069	_	жиырмасыншы	жиырмасыншы	linguistic	_	_	Begin=1144.427
1069-1	SPK4007	Continuing	1069	_	жылы,	жылы	linguistic	_	_	End=1145.31
1070-0	SPK4007	Falling	1070	_	перед	перед	linguistic	_	_	Begin=1145.31
1070-1	SPK4007	Falling	1070	_	карантином	карантином	linguistic	_	_	_
1070-2	SPK4007	Falling	1070	_	взяла.	взяла	linguistic	_	_	End=1146.28
1071-0	SPK4007	Continuing	1071	_	И,	И	linguistic	_	_	Begin=1146.28|End=1146.566
1072-0	SPK4007	undefined	1072	_	##	##	unknown	_	_	Begin=1146.971|End=1147.81
1073-0	SPK4006	Rising	1073	_	Просто	Просто	linguistic	_	_	Begin=1147.791
1073-1	SPK4006	Rising	1073	_	саған	саған	linguistic	_	_	_
1073-2	SPK4006	Rising	1073	_	ештеңе	ештеңе	linguistic	_	_	_
1073-3	SPK4006	Rising	1073	_	деген	деген	linguistic	_	_	_
1073-4	SPK4006	Rising	1073	_	жоқ	жоқ	linguistic	_	_	_
1073-5	SPK4006	Rising	1073	_	па?	па	linguistic	_	_	End=1148.96
1074-0	SPK4006	Continuing	1074	_	Кеш,	Кеш	linguistic	_	_	Begin=1148.99|End=1149.26
1075-0	SPK4006	Falling	1075	_	өткізгеніңді.	өткізгеніңді	linguistic	_	_	Begin=1149.26|End=1150.51
1076-0	SPK4007	Falling	1076	_	Ымым.	Ымым	linguistic	_	_	Begin=1149.75|End=1150.27
1077-0	SPK4007	Falling	1077	_	Вообще	Вообще	linguistic	_	_	Begin=1150.502
1077-1	SPK4007	Falling	1077	_	ештеңе	ештеңе	linguistic	_	_	_
1077-2	SPK4007	Falling	1077	_	деген	деген	linguistic	_	_	_
1077-3	SPK4007	Falling	1077	_	жоқ.	жоқ	linguistic	_	_	End=1151.122
1078-0	SPK4006	Falling	1078	_	Та:к.	Так	linguistic	_	Prolongation=1	Begin=1154.244|End=1155.1
1079-0	SPK4007	undefined	1079	_	SINGING	SINGING	linguistic	_	_	Begin=1157.068|End=1173.11
1080-0	SPK4007	Rising	1080	_	Мә?	Мә	linguistic	_	_	Begin=1173.274|End=1173.73
1081-0	SPK4007	Continuing	1081	_	Сол,	Сол	linguistic	_	_	Begin=1173.73|End=1174.09
1082-0	SPK4007	undefined	1082	_	(H)	(H)	inhale	_	_	Begin=1174.14|End=1174.36
1083-0	SPK4007	Continuing	1083	_	ненің,	ненің	linguistic	_	_	Begin=1174.36|End=1174.78
1084-0	SPK4007	Continuing	1084	_	концертіне,	концертіне	linguistic	_	_	Begin=1174.84|End=1175.27
1085-0	SPK4007	Falling	1085	_	түспей	түспей	linguistic	_	_	Begin=1175.27
1085-1	SPK4007	Falling	1085	_	қалдық	қалдық	linguistic	_	_	_
1085-2	SPK4007	Falling	1085	_	қо:й.	қой	linguistic	_	Prolongation=1	End=1176.622
1086-0	SPK4006	Rising	1086	_	¬Рауан	Рауан	linguistic	_	Anonymized=Yes	Begin=1177.579
1086-1	SPK4006	Rising	1086	_	¬Қайырбековтың	Қайырбековтың	linguistic	_	Anonymized=Yes	_
1086-2	SPK4006	Rising	1086	_	ба?	ба	linguistic	_	_	End=1178.549
1087-0	SPK4007	Falling	1087	_	Иә.	Иә	linguistic	_	_	Begin=1178.65|End=1179.44
1088-0	SPK4006	Rising	1088	_	Оның	Оның	linguistic	_	_	Begin=1179.5
1088-1	SPK4006	Rising	1088	_	концерті	концерті	linguistic	_	_	_
1088-2	SPK4006	Rising	1088	_	болды	болды	linguistic	_	_	_
1088-3	SPK4006	Rising	1088	_	ма	ма	linguistic	_	_	_
1088-4	SPK4006	Rising	1088	_	не?	не	linguistic	_	_	End=1180.75
1089-0	SPK4006	Falling	1089	_	Ааа.	Ааа	linguistic	_	_	Begin=1181.312|End=1182.19
1090-0	SPK4007	Falling	1090	_	Шестого.	Шестого	linguistic	_	_	Begin=1181.657|End=1182.284
1091-0	SPK4006	Continuing	1091	_	Бізд	Бізд	linguistic	_	_	Begin=1182.19
1091-1	SPK4006	Continuing	1091	_	өткенде,	өткенде	linguistic	_	_	End=1182.87
1092-0	SPK4006	undefined	1092	_	бе–	бе–	linguistic	_	_	Begin=1183.1|End=1183.21
1093-0	SPK4006	Rising	1093	_	бесі	бесі	linguistic	_	_	Begin=1183.21
1093-1	SPK4006	Rising	1093	_	күні	күні	linguistic	_	_	_
1093-2	SPK4006	Rising	1093	_	болды	болды	linguistic	_	_	_
1093-3	SPK4006	Rising	1093	_	иә?	иә	linguistic	_	_	End=1184.37
1094-0	SPK4007	Falling	1094	_	Иә.	Иә	linguistic	_	_	Begin=1184.39|End=1185.07
1095-0	SPK4006	Falling	1095	_	Біз	Біз	linguistic	_	_	Begin=1184.45
1095-1	SPK4006	Falling	1095	_	еще	еще	linguistic	_	_	_
1095-2	SPK4006	Falling	1095	_	¬Жұмабектің	Жұмабектің	linguistic	_	Anonymized=Yes	_
1095-3	SPK4006	Falling	1095	_	концертіне	концертіне	linguistic	_	_	_
1095-4	SPK4006	Falling	1095	_	бардық.	бардық	linguistic	_	_	End=1186.192
1096-0	SPK4007	Falling	1096	_	Иә.	Иә	linguistic	_	_	Begin=1186.241|End=1186.74
1097-0	SPK4006	Continuing	1097	_	Мен	Мен	linguistic	_	_	Begin=1186.747
1097-1	SPK4006	Continuing	1097	_	жиырма	жиырма	linguistic	_	_	_
1097-2	SPK4006	Continuing	1097	_	тоғызы	тоғызы	linguistic	_	_	_
1097-3	SPK4006	Continuing	1097	_	күні,	күні	linguistic	_	_	End=1187.82
1098-0	SPK4006	Falling	1098	_	бір	бір	linguistic	_	_	Begin=1187.82
1098-1	SPK4006	Falling	1098	_	концертте	концертте	linguistic	_	_	_
1098-2	SPK4006	Falling	1098	_	волонтер	волонтер	linguistic	_	_	_
1098-3	SPK4006	Falling	1098	_	боламын.	боламын	linguistic	_	_	End=1189.315
1099-0	SPK4007	Falling	1099	_	Мхм.	Мхм	linguistic	_	_	Begin=1189.48|End=1189.822
1100-0	SPK4006	Continuing	1100	_	You	You	linguistic	_	_	Begin=1190.15
1100-1	SPK4006	Continuing	1100	_	fest	fest	linguistic	_	_	_
1100-2	SPK4006	Continuing	1100	_	деген	деген	linguistic	_	_	_
1100-3	SPK4006	Continuing	1100	_	бе,	бе	linguistic	_	_	End=1190.91
1101-0	SPK4006	Rising	1101	_	Youth	Youth	linguistic	_	_	Begin=1190.91
1101-1	SPK4006	Rising	1101	_	fest	fest	linguistic	_	_	_
1101-2	SPK4006	Rising	1101	_	деген	деген	linguistic	_	_	_
1101-3	SPK4006	Rising	1101	_	бе?	бе	linguistic	_	_	End=1192.1
1102-0	SPK4007	Falling	1102	_	Мхм.	Мхм	linguistic	_	_	Begin=1192.384|End=1192.661
1103-0	SPK4006	Continuing	1103	_	Барыс	Барыс	linguistic	_	_	Begin=1192.45
1103-1	SPK4006	Continuing	1103	_	арена	арена	linguistic	_	_	_
1103-2	SPK4006	Continuing	1103	_	жақта,	жақта	linguistic	_	_	End=1193.25
1104-0	SPK4006	Falling	1104	_	open	open	linguistic	_	_	Begin=1193.25
1104-1	SPK4006	Falling	1104	_	air	air	linguistic	_	_	_
1104-2	SPK4006	Falling	1104	_	болады.	болады	linguistic	_	_	End=1194.306
1105-0	SPK4006	Continuing	1105	_	Бірақ,	Бірақ	linguistic	_	_	Begin=1195.174|End=1195.569
1106-0	SPK4006	Continuing	1106	_	ыы,	ыы	linguistic	_	_	Begin=1195.82|End=1196.26
1107-0	SPK4006	Falling	1107	_	кім	кім	linguistic	_	_	Begin=1197.068
1107-1	SPK4006	Falling	1107	_	выступать	выступать	linguistic	_	_	_
1107-2	SPK4006	Falling	1107	_	ететінін	ететінін	linguistic	_	_	_
1107-3	SPK4006	Falling	1107	_	білмеймін.	білмеймін	linguistic	_	_	End=1198.608
1108-0	SPK4007	Falling	1108	_	Мхм.	Мхм	linguistic	_	_	Begin=1198.696|End=1199.338
1109-0	SPK4006	Falling	1109	_	Точный	Точный	linguistic	_	_	Begin=1200.039
1109-1	SPK4006	Falling	1109	_	список	список	linguistic	_	_	_
1109-2	SPK4006	Falling	1109	_	айтылмады.	айтылмады	linguistic	_	_	End=1201.16
1110-0	SPK4006	undefined	1110	_	(H)	(H)	inhale	_	_	Begin=1201.16|End=1201.55
1111-0	SPK4006	Continuing	1111	_	Мен	Мен	linguistic	_	_	Begin=1201.578
1111-1	SPK4006	Continuing	1111	_	оның,	оның	linguistic	_	_	End=1201.78
1112-0	SPK4006	Continuing	1112	_	ватсап	ватсап	linguistic	_	_	Begin=1201.78
1112-1	SPK4006	Continuing	1112	_	группасына	группасына	linguistic	_	_	_
1112-2	SPK4006	Continuing	1112	_	қосылған	қосылған	linguistic	_	_	_
1112-3	SPK4006	Continuing	1112	_	жоқпын,	жоқпын	linguistic	_	_	End=1203.32
1113-0	SPK4006	Falling	1113	_	айтпақшы.	айтпақшы	linguistic	_	_	Begin=1203.32|End=1203.996
1114-0	SPK4006	Continuing	1114	_	Бірақ,	Бірақ	linguistic	_	_	Begin=1204.43|End=1204.767
1115-0	SPK4006	Continuing	1115	_	ол	ол	linguistic	_	_	Begin=1204.81
1115-1	SPK4006	Continuing	1115	_	жақта,	жақта	linguistic	_	_	End=1205.49
1116-0	SPK4006	Continuing	1116	_	қазақстандық,	қазақстандық	linguistic	_	_	Begin=1206.266|End=1206.91
1117-0	SPK4006	Continuing	1117	_	и:	и	linguistic	_	Prolongation=0	Begin=1206.91
1117-1	SPK4006	Continuing	1117	_	ресейлік,	ресейлік	linguistic	_	_	End=1207.73
1118-0	SPK4006	undefined	1118	_	эстрада	эстрада	linguistic	_	_	Begin=1207.983
1118-1	SPK4006	undefined	1118	_	концерт–	концерт–	linguistic	_	_	End=1208.81
1119-0	SPK4006	Continuing	1119	_	ыы,	ыы	linguistic	_	_	Begin=1208.81|End=1209.24
1120-0	SPK4006	Continuing	1120	_	жұлдыздары,	жұлдыздары	linguistic	_	_	Begin=1209.24|End=1210.17
1121-0	SPK4006	Falling	1121	_	күтеді.	күтеді	linguistic	_	_	Begin=1210.17|End=1210.66
1122-0	SPK4007	Falling	1122	_	Ммм.	Ммм	linguistic	_	_	Begin=1211.31|End=1212.058
1123-0	SPK4006	Continuing	1123	_	Надеюсь,	Надеюсь	linguistic	_	_	Begin=1211.698|End=1212.228
1124-0	SPK4006	Falling	1124	_	қызық.	қызық	linguistic	_	_	Begin=1212.398|End=1213.06
1125-0	SPK4006	Continuing	1125	_	Ну,	Ну	linguistic	_	_	Begin=1213.06|End=1213.26
1126-0	SPK4006	Falling	1126	_	күшті	күшті	linguistic	_	_	Begin=1213.26
1126-1	SPK4006	Falling	1126	_	жұлдыздар	жұлдыздар	linguistic	_	_	_
1126-2	SPK4006	Falling	1126	_	болады.	болады	linguistic	_	_	End=1214.467
1127-0	SPK4007	undefined	1127	_	#	#	unknown	_	_	Begin=1214.764|End=1215.524
1128-0	SPK4007	Falling	1128	_	Хорошо.	Хорошо	linguistic	_	_	Begin=1242.066|End=1243.007
1129-0	SPK4007	undefined	1129	_	SINGING	SINGING	linguistic	_	_	Begin=1245.606|End=1251.15
1130-0	SPK4006	Continuing	1130	_	Кешегүні,	Кешегүні	linguistic	_	_	Begin=1252.131|End=1252.53
1131-0	SPK4006	undefined	1131	_	¬Нұрланмен	Нұрланмен	linguistic	_	Anonymized=Yes	Begin=1252.53|End=1253.18
1132-0	SPK4006	Falling	1132	_	теннис	теннис	linguistic	_	_	Begin=1253.18
1132-1	SPK4006	Falling	1132	_	туралы	туралы	linguistic	_	_	_
1132-2	SPK4006	Falling	1132	_	сөйлестік	сөйлестік	linguistic	_	_	_
1132-3	SPK4006	Falling	1132	_	та.	та	linguistic	_	_	End=1254.762
1133-0	SPK4007	Falling	1133	_	Аха.	Аха	linguistic	_	_	Begin=1254.858|End=1255.328
1134-0	SPK4006	Continuing	1134	_	Ыы,	Ыы	linguistic	_	_	Begin=1255.6|End=1256.643
1135-0	SPK4006	Continuing	1135	_	И	И	linguistic	_	_	Begin=1257.651
1135-1	SPK4006	Continuing	1135	_	мен	мен	linguistic	_	_	_
1135-2	SPK4006	Continuing	1135	_	айттым,	айттым	linguistic	_	_	End=1258.34
1136-0	SPK4006	Continuing	1136	_	негізі,	негізі	linguistic	_	_	Begin=1258.34|End=1258.78
1137-0	SPK4006	Continuing	1137	_	¬Рыбакинаның:,	Рыбакинаның	linguistic	_	Anonymized=Yes|Prolongation=10	Begin=1258.78|End=1259.79
1138-0	SPK4006	Continuing	1138	_	жеңісі,	жеңісі	linguistic	_	_	Begin=1259.79|End=1260.82
1139-0	SPK4007	Falling	1139	_	Мхм.	Мхм	linguistic	_	_	Begin=1261.27|End=1262.01
1140-0	SPK4006	Continuing	1140	_	ыы,	ыы	linguistic	_	_	Begin=1263.035|End=1263.54
1141-0	SPK4006	Continuing	1141	_	больше,	больше	linguistic	_	_	Begin=1263.54|End=1264.01
1142-0	SPK4006	Continuing	1142	_	one	one	linguistic	_	_	Begin=1264.01
1142-1	SPK4006	Continuing	1142	_	time,	time	linguistic	_	_	End=1264.52
1143-0	SPK4006	Falling	1143	_	кейс	кейс	linguistic	_	_	Begin=1264.52
1143-1	SPK4006	Falling	1143	_	болатын	болатын	linguistic	_	_	_
1143-2	SPK4006	Falling	1143	_	шығар.	шығар	linguistic	_	_	End=1265.74
1144-0	SPK4007	Rising	1144	_	Неге?	Неге	linguistic	_	_	Begin=1265.97|End=1266.25
1145-0	SPK4006	Continuing	1145	_	Ыы,	Ыы	linguistic	_	_	Begin=1266.297|End=1266.95
1146-0	SPK4006	Continuing	1146	_	Как	Как	linguistic	_	_	Begin=1267.07
1146-1	SPK4006	Continuing	1146	_	сказать,	сказать	linguistic	_	_	End=1267.675
1147-0	SPK4006	Continuing	1147	_	мысалы,	мысалы	linguistic	_	_	Begin=1268.191|End=1268.58
1148-0	SPK4006	Continuing	1148	_	¬Баландин	Баландин	linguistic	_	Anonymized=Yes	Begin=1268.58
1148-1	SPK4006	Continuing	1148	_	да,	да	linguistic	_	_	End=1269.584
1149-0	SPK4006	Continuing	1149	_	екі	екі	linguistic	_	_	Begin=1269.634
1149-1	SPK4006	Continuing	1149	_	мың	мың	linguistic	_	_	_
1149-2	SPK4006	Continuing	1149	_	он	он	linguistic	_	_	_
1149-3	SPK4006	Continuing	1149	_	алтыншы	алтыншы	linguistic	_	_	_
1149-4	SPK4006	Continuing	1149	_	жылы,	жылы	linguistic	_	_	End=1270.63
1150-0	SPK4006	Continuing	1150	_	жүзуден,	жүзуден	linguistic	_	_	Begin=1270.63|End=1271.36
1151-0	SPK4006	Rising	1151	_	алтын	алтын	linguistic	_	_	Begin=1271.36
1151-1	SPK4006	Rising	1151	_	алды	алды	linguistic	_	_	_
1151-2	SPK4006	Rising	1151	_	ғой?	ғой	linguistic	_	_	End=1272.18
1152-0	SPK4007	Falling	1152	_	Мхм.	Мхм	linguistic	_	_	Begin=1272.39|End=1272.896
1153-0	SPK4006	Continuing	1153	_	Бірақ	Бірақ	linguistic	_	_	Begin=1272.598
1153-1	SPK4006	Continuing	1153	_	одан	одан	linguistic	_	_	_
1153-2	SPK4006	Continuing	1153	_	кейін,	кейін	linguistic	_	_	End=1273.28
1154-0	SPK4006	Continuing	1154	_	бізде	бізде	linguistic	_	_	Begin=1273.28
1154-1	SPK4006	Continuing	1154	_	жүзу,	жүзу	linguistic	_	_	End=1273.84
1155-0	SPK4006	Falling	1155	_	күшті	күшті	linguistic	_	_	Begin=1273.84
1155-1	SPK4006	Falling	1155	_	дамып	дамып	linguistic	_	_	_
1155-2	SPK4006	Falling	1155	_	кеткен	кеткен	linguistic	_	_	_
1155-3	SPK4006	Falling	1155	_	жоқ	жоқ	linguistic	_	_	_
1155-4	SPK4006	Falling	1155	_	қой.	қой	linguistic	_	_	End=1275.142
1156-0	SPK4007	Falling	1156	_	Ммм.	Ммм	linguistic	_	_	Begin=1275.506|End=1276.04
1157-0	SPK4006	Continuing	1157	_	Ыы,	Ыы	linguistic	_	_	Begin=1276.056|End=1276.672
1158-0	SPK4007	Continuing	1158	_	Ему	Ему	linguistic	_	_	Begin=1277.062
1158-1	SPK4007	Continuing	1158	_	просто,	просто	linguistic	_	_	End=1277.64
1159-0	SPK4007	Continuing	1159	_	повезло,	повезло	linguistic	_	_	Begin=1277.64|End=1278.11
1160-0	SPK4007	Falling	1160	_	деп	деп	linguistic	_	_	Begin=1278.11
1160-1	SPK4007	Falling	1160	_	па.	па	linguistic	_	_	End=1278.52
1161-0	SPK4007	undefined	1161	_	@	@	linguistic	_	_	Begin=1278.52|End=1279.02
1162-0	SPK4006	Continuing	1162	_	Жоқ,	Жоқ	linguistic	_	_	Begin=1278.83|End=1279.08
1163-0	SPK4006	Falling	1163	_	повезло	повезло	linguistic	_	_	Begin=1279.08
1163-1	SPK4006	Falling	1163	_	емес.	емес	linguistic	_	_	End=1280.0
1164-0	SPK4007	Falling	1164	_	Мхм.	Мхм	linguistic	_	_	Begin=1280.365|End=1280.75
1165-0	SPK4006	Continuing	1165	_	Ол	Ол	linguistic	_	_	Begin=1280.736
1165-1	SPK4006	Continuing	1165	_	күшті:,	күшті	linguistic	_	Prolongation=4	End=1281.81
1166-0	SPK4006	Continuing	1166	_	спортсмен,	спортсмен	linguistic	_	_	Begin=1281.833|End=1282.522
1167-0	SPK4006	Continuing	1167	_	бірақ,	бірақ	linguistic	_	_	Begin=1282.944|End=1283.398
1168-0	SPK4006	Continuing	1168	_	это	это	linguistic	_	_	Begin=1283.669
1168-1	SPK4006	Continuing	1168	_	не	не	linguistic	_	_	_
1168-2	SPK4006	Continuing	1168	_	означает	означает	linguistic	_	_	_
1168-3	SPK4006	Continuing	1168	_	что,	что	linguistic	_	_	End=1284.51
1169-0	SPK4006	Continuing	1169	_	у	у	linguistic	_	_	Begin=1284.51
1169-1	SPK4006	Continuing	1169	_	нас	нас	linguistic	_	_	_
1169-2	SPK4006	Continuing	1169	_	в	в	linguistic	_	_	_
1169-3	SPK4006	Continuing	1169	_	Казахстане,	Казахстане	linguistic	_	_	End=1285.44
1170-0	SPK4006	Continuing	1170	_	сильная	сильная	linguistic	_	_	Begin=1285.44
1170-1	SPK4006	Continuing	1170	_	школа	школа	linguistic	_	_	_
1170-2	SPK4006	Continuing	1170	_	тенниса,	тенниса	linguistic	_	_	End=1286.69
1171-0	SPK4006	Falling	1171	_	деген	деген	linguistic	_	_	Begin=1286.69
1171-1	SPK4006	Falling	1171	_	сияқты.	сияқты	linguistic	_	_	End=1287.2
1172-0	SPK4007	Falling	1172	_	Ммм.	Ммм	linguistic	_	_	Begin=1287.668|End=1288.521
1173-0	SPK4006	Continuing	1173	_	Вот	Вот	linguistic	_	_	Begin=1288.38
1173-1	SPK4006	Continuing	1173	_	сол,	сол	linguistic	_	_	End=1288.74
1174-0	SPK4006	Falling	1174	_	туралы	туралы	linguistic	_	_	Begin=1288.74
1174-1	SPK4006	Falling	1174	_	айтып	айтып	linguistic	_	_	_
1174-2	SPK4006	Falling	1174	_	еді.	еді	linguistic	_	_	End=1289.597
1175-0	SPK4007	undefined	1175	_	Мхм	Мхм	linguistic	_	_	Begin=1290.095
1175-1	SPK4007	undefined	1175	_	мхм	мхм	linguistic	_	_	End=1290.86
1176-0	SPK4006	Continuing	1176	_	По	По	linguistic	_	_	Begin=1291.09
1176-1	SPK4006	Continuing	1176	_	сути	сути	linguistic	_	_	_
1176-2	SPK4006	Continuing	1176	_	¬Асқар	Асқар	linguistic	_	Anonymized=Yes	_
1176-3	SPK4006	Continuing	1176	_	айтады,	айтады	linguistic	_	_	End=1292.17
1177-0	SPK4006	Continuing	1177	_	бізде	бізде	linguistic	_	_	Begin=1292.17
1177-1	SPK4006	Continuing	1177	_	қазір,	қазір	linguistic	_	_	End=1293.02
1178-0	SPK4006	Continuing	1178	_	ыы,	ыы	linguistic	_	_	Begin=1293.02|End=1293.775
1179-0	SPK4006	Continuing	1179	_	этот,	этот	linguistic	_	_	Begin=1294.038|End=1294.783
1180-0	SPK4006	Continuing	1180	_	table	table	linguistic	_	_	Begin=1295.31
1180-1	SPK4006	Continuing	1180	_	tennis,	tennis	linguistic	_	_	End=1295.82
1181-0	SPK4006	undefined	1181	_	жақс–	жақс–	linguistic	_	_	Begin=1295.82|End=1296.14
1182-0	SPK4006	Falling	1182	_	жақсы	жақсы	linguistic	_	_	Begin=1296.14
1182-1	SPK4006	Falling	1182	_	дамып	дамып	linguistic	_	_	_
1182-2	SPK4006	Falling	1182	_	жатыр	жатыр	linguistic	_	_	_
1182-3	SPK4006	Falling	1182	_	деп.	деп	linguistic	_	_	End=1297.275
1183-0	SPK4007	Falling	1183	_	Ммм.	Ммм	linguistic	_	_	Begin=1297.43|End=1298.268
1184-0	SPK4006	Rising	1184	_	Не	Не	linguistic	_	_	Begin=1297.64
1184-1	SPK4006	Rising	1184	_	үшін	үшін	linguistic	_	_	_
1184-2	SPK4006	Rising	1184	_	деп	деп	linguistic	_	_	_
1184-3	SPK4006	Rising	1184	_	ойлайсың?	ойлайсың	linguistic	_	_	End=1298.51
