token_id	 speaker	 iu_type    	 tu_id	 span                 	 form                 	 type      	 modality	 features                      	 align
0-0     	 SPK0032	 Continuing 	     0	 Сонда                	 Сонда                	 linguistic	         	                               	 Begin=0.150
0-1     	 SPK0032	 Continuing 	     0	 өлшетсем,            	 өлшетсем             	 linguistic	         	                               	 End=1.520
1-0     	 SPK0032	 Continuing 	     1	 алдында              	 алдында              	 linguistic	         	                               	 Begin=2.062
1-1     	 SPK0032	 Continuing 	     1	 білмеймін            	 білмеймін            	 linguistic
1-2     	 SPK0032	 Continuing 	     1	 бір,                 	 бір                  	 linguistic	         	                               	 End=3.243
2-0     	 SPK0032	 Continuing 	     2	 кішкене              	 кішкене              	 linguistic	         	                               	 Begin=3.243
2-1     	 SPK0032	 Continuing 	     2	 ашты                 	 ашты                 	 linguistic
2-2     	 SPK0032	 Continuing 	     2	 құрт                 	 құрт                 	 linguistic
2-3     	 SPK0032	 Continuing 	     2	 жедім,               	 жедім                	 linguistic	         	                               	 End=4.338
3-0     	 SPK0032	 Falling    	     3	 ###                  	 ###                  	 unknown   	 _       	                               	 Begin=4.338|End=5.038
4-0     	 SPK0032	 Interrupted	     4	 Е                    	 Е                    	 linguistic	         	                               	 Begin=5.242
4-1     	 SPK0032	 Interrupted	     4	 бір                  	 бір                  	 linguistic
4-2     	 SPK0032	 Interrupted	     4	 кіти                 	 кіти                 	 linguistic
4-3     	 SPK0032	 Interrupted	     4	 варя—                	 варя                 	 linguistic	         	 Interrupted=Yes               	 End=6.356
5-0     	 SPK0032	 Continuing 	     5	 ненің                	 ненің                	 linguistic	         	                               	 Begin=6.362
5-1     	 SPK0032	 Continuing 	     5	 вареньесінен         	 вареньесінен         	 linguistic
5-2     	 SPK0032	 Continuing 	     5	 жеп                  	 жеп                  	 linguistic
5-3     	 SPK0032	 Continuing 	     5	 едім,                	 едім                 	 linguistic	         	                               	 End=7.889
6-0     	 SPK0032	 Falling    	     6	 мойылдың             	 мойылдың             	 linguistic	         	                               	 Begin=8.070
6-1     	 SPK0032	 Falling    	     6	 бір                  	 бір                  	 linguistic
6-2     	 SPK0032	 Falling    	     6	 ##                   	 ##                   	 unknown   	 _       	                               	 End=9.196
7-0     	 SPK0032	 Falling    	     7	 Әкәу                 	 Әкәу                 	 linguistic	         	                               	 Begin=9.295
7-1     	 SPK0032	 Falling    	     7	 сегіз                	 сегіз                	 linguistic
7-2     	 SPK0032	 Falling    	     7	 де                   	 де                   	 linguistic
7-3     	 SPK0032	 Falling    	     7	 үш                   	 үш                   	 linguistic
7-4     	 SPK0032	 Falling    	     7	 болып                	 болып                	 linguistic
7-5     	 SPK0032	 Falling    	     7	 қойды.               	 қойды                	 linguistic	         	                               	 End=10.506
8-0     	 SPK0032	 Falling    	     8	 Содан                	 Содан                	 linguistic	         	                               	 Begin=10.506
8-1     	 SPK0032	 Falling    	     8	 өтірік               	 өтірік               	 linguistic
8-2     	 SPK0032	 Falling    	     8	 өлшеді               	 өлшеді               	 linguistic
8-3     	 SPK0032	 Falling    	     8	 ғой                  	 ғой                  	 linguistic
8-4     	 SPK0032	 Falling    	     8	 дедім.               	 дедім                	 linguistic	         	                               	 End=12.333
9-0     	 SPK0032	 Falling    	     9	 ###                  	 ###                  	 unknown   	 _       	                               	 Begin=12.390|End=13.065
10-0    	 SPK0027	 Rising     	    10	 Түк                  	 Түк                  	 linguistic	         	                               	 Begin=12.826
10-1    	 SPK0027	 Rising     	    10	 етпейді              	 етпейді              	 linguistic
10-2    	 SPK0027	 Rising     	    10	 ол?                  	 ол                   	 linguistic	         	                               	 End=13.491
11-0    	 SPK0027	 Continuing 	    11	 Тамақ                	 Тамақ                	 linguistic	         	                               	 Begin=13.491
11-1    	 SPK0027	 Continuing 	    11	 ішкеннен             	 ішкеннен             	 linguistic
11-2    	 SPK0027	 Continuing 	    11	 кейін,               	 кейін                	 linguistic	         	                               	 End=14.499
12-0    	 SPK0027	 Rising     	    12	 сегіз                	 сегіз                	 linguistic	         	                               	 Begin=14.499
12-1    	 SPK0027	 Rising     	    12	 де                   	 де                   	 linguistic
12-2    	 SPK0027	 Rising     	    12	 үш                   	 үш                   	 linguistic
12-3    	 SPK0027	 Rising     	    12	 нормально.           	 нормально            	 linguistic	         	                               	 End=15.818
13-0    	 SPK0027	 Falling    	    13	 Ол                   	 Ол                   	 linguistic	         	                               	 Begin=15.871
13-1    	 SPK0027	 Falling    	    13	 екі                  	 екі                  	 linguistic
13-2    	 SPK0027	 Falling    	    13	 сағаттан             	 сағаттан             	 linguistic
13-3    	 SPK0027	 Falling    	    13	 кейін                	 кейін                	 linguistic
13-4    	 SPK0027	 Falling    	    13	 барып                	 барып                	 linguistic
13-5    	 SPK0027	 Falling    	    13	 қортылады            	 қортылады            	 linguistic
13-6    	 SPK0027	 Falling    	    13	 ғой.                 	 ғой                  	 linguistic	         	                               	 End=18.015
14-0    	 SPK0032	 Falling    	    14	 Тамақ                	 Тамақ                	 linguistic	         	                               	 Begin=18.015
14-1    	 SPK0032	 Falling    	    14	 ішкенім              	 ішкенім              	 linguistic
14-2    	 SPK0032	 Falling    	    14	 жоқ.                 	 жоқ                  	 linguistic	         	                               	 End=18.744
15-0    	 SPK0032	 Continuing 	    15	 Түстен               	 Түстен               	 linguistic	         	                               	 Begin=18.744
15-1    	 SPK0032	 Continuing 	    15	 кей:ін,              	 кейін                	 linguistic	         	 Prolongation=2                	 End=19.369
16-0    	 SPK0032	 Continuing 	    16	 ана                  	 ана                  	 linguistic	         	                               	 Begin=19.369
16-1    	 SPK0032	 Continuing 	    16	 жерде,               	 жерде                	 linguistic	         	                               	 End=19.933
17-0    	 SPK0032	 Falling    	    17	 далада               	 далада               	 linguistic	         	                               	 Begin=19.933
17-1    	 SPK0032	 Falling    	    17	 отырғанда.           	 отырғанда            	 linguistic	         	                               	 End=20.700
18-0    	 SPK0032	 Continuing 	    18	 Содан                	 Содан                	 linguistic	         	                               	 Begin=23.842
18-1    	 SPK0032	 Continuing 	    18	 кейін                	 кейін                	 linguistic
18-2    	 SPK0032	 Continuing 	    18	 айттым,              	 айттым               	 linguistic	         	                               	 End=24.587
19-0    	 SPK0032	 Continuing 	    19	 менің,               	 менің                	 linguistic	         	                               	 Begin=24.609|End=24.883
20-0    	 SPK0032	 Continuing 	    20	 баламда              	 баламда              	 linguistic	         	                               	 Begin=24.896
20-1    	 SPK0032	 Continuing 	    20	 да                   	 да                   	 linguistic
20-2    	 SPK0032	 Continuing 	    20	 бар                  	 бар                  	 linguistic
20-3    	 SPK0032	 Continuing 	    20	 дедім,               	 дедім                	 linguistic	         	                               	 End=25.979
21-0    	 SPK0032	 Falling    	    21	 мына                 	 мына                 	 linguistic	         	                               	 Begin=25.987
21-1    	 SPK0032	 Falling    	    21	 сияқ-.               	 сияқ                 	 linguistic	         	 Interrupted=Yes               	 End=26.599
22-0    	 SPK0032	 Continuing 	    22	 Соны                 	 Соны                 	 linguistic	         	                               	 Begin=26.599
22-1    	 SPK0032	 Continuing 	    22	 алып                 	 алып                 	 linguistic
22-2    	 SPK0032	 Continuing 	    22	 келіп,               	 келіп                	 linguistic	         	                               	 End=27.512
23-0    	 SPK0032	 Continuing 	    23	 өлшетіп              	 өлшетіп              	 linguistic	         	                               	 Begin=27.555
23-1    	 SPK0032	 Continuing 	    23	 алам,                	 алам                 	 linguistic	         	                               	 End=28.470
24-0    	 SPK0032	 Falling    	    24	 барғанда.            	 барғанда             	 linguistic	         	                               	 Begin=28.470|End=29.356
25-0    	 SPK0027	 Falling    	    25	 Иә                   	 Иә                   	 linguistic	         	                               	 Begin=29.517
25-1    	 SPK0027	 Falling    	    25	 өлшетіп              	 өлшетіп              	 linguistic
25-2    	 SPK0027	 Falling    	    25	 ал                   	 ал                   	 linguistic
25-3    	 SPK0027	 Falling    	    25	 ¬Сәкенге.            	 Сәкенге              	 linguistic	         	 Anonymized=Yes                	 End=31.043
26-0    	 SPK0027	 Falling    	    26	 Мен                  	 Мен                  	 linguistic	         	                               	 Begin=31.773
26-1    	 SPK0027	 Falling    	    26	 де                   	 де                   	 linguistic
26-2    	 SPK0027	 Falling    	    26	 өлшей                	 өлшей                	 linguistic
26-3    	 SPK0027	 Falling    	    26	 аламын.              	 аламын               	 linguistic	         	                               	 End=32.843
27-0    	 SPK0027	 Continuing 	    27	 Так,                 	 Так                  	 linguistic	         	                               	 Begin=32.857|End=33.761
28-0    	 SPK0027	 undefined  	    28	 (Hx)                 	 (Hx)                 	 _         	         	                               	 Begin=34.863|End=35.782
29-0    	 SPK0027	 undefined  	    29	 OPENS_LID_OF_A_BOWL  	 OPENS_LID_OF_A_BOWL  	 paraverbal	 _       	                               	 Begin=36.772|End=37.267
30-0    	 SPK0027	 Continuing 	    30	 Балаң                	 Балаң                	 linguistic	         	                               	 Begin=40.532
30-1    	 SPK0027	 Continuing 	    30	 шаршап               	 шаршап               	 linguistic
30-2    	 SPK0027	 Continuing 	    30	 қалды                	 қалды                	 linguistic
30-3    	 SPK0027	 Continuing 	    30	 сенің.               	 сенің                	 linguistic	         	                               	 End=41.966
31-0    	 SPK0027	 Falling    	    31	 Жалқау               	 Жалқау               	 linguistic	         	                               	 Begin=41.972
31-1    	 SPK0027	 Falling    	    31	 балаң.               	 балаң                	 linguistic	         	                               	 End=42.681
32-0    	 SPK0032	 Continuing 	    32	 Дем                  	 Дем                  	 linguistic	         	                               	 Begin=44.598
32-1    	 SPK0032	 Continuing 	    32	 алып                 	 алып                 	 linguistic
32-2    	 SPK0032	 Continuing 	    32	 ал,                  	 ал                   	 linguistic	         	                               	 End=45.125
33-0    	 SPK0032	 Falling    	    33	 кешкене              	 кешкене              	 linguistic	         	                               	 Begin=45.125
33-1    	 SPK0032	 Falling    	    33	 мынауыңды            	 мынауыңды            	 linguistic
33-2    	 SPK0032	 Falling    	    33	 салып                	 салып                	 linguistic
33-3    	 SPK0032	 Falling    	    33	 қой                  	 қой                  	 linguistic
33-4    	 SPK0032	 Falling    	    33	 да                   	 да                   	 linguistic	         	                               	 End=46.467
34-0    	 SPK0027	 Falling    	    34	 Ұйықтап              	 Ұйықтап              	 linguistic	         	                               	 Begin=46.502
34-1    	 SPK0027	 Falling    	    34	 қалайын              	 қалайын              	 linguistic
34-2    	 SPK0027	 Falling    	    34	 @ба.                 	 @ба                  	 linguistic	         	                               	 End=47.244
35-0    	 SPK0027	 undefined  	    35	 @@@                  	 @@@                  	 linguistic	 _       	                               	 Begin=47.244|End=47.659
36-0    	 SPK0027	 undefined  	    36	 @бүркеніп            	 @бүркеніп            	 linguistic	         	                               	 Begin=47.659
36-1    	 SPK0027	 undefined  	    36	 @жатып               	 @жатып               	 linguistic
36-2    	 SPK0027	 undefined  	    36	 @@                   	 @@                   	 linguistic	 _       	                               	 End=48.646
37-0    	 SPK0027	 undefined  	    37	 @@                   	 @@                   	 linguistic	 _       	                               	 Begin=48.646|End=49.319
38-0    	 SPK0032	 Rising     	    38	 Анаған               	 Анаған               	 linguistic	         	                               	 Begin=51.525
38-1    	 SPK0032	 Rising     	    38	 бұқтырасың           	 бұқтырасың           	 linguistic
38-2    	 SPK0032	 Rising     	    38	 ба?                  	 ба                   	 linguistic	         	                               	 End=53.130
39-0    	 SPK0027	 Falling    	    39	 Мынаған.             	 Мынаған              	 linguistic	         	                               	 Begin=53.385|End=54.473
40-0    	 SPK0027	 undefined  	    40	 CLOSES_THE_LID       	 CLOSES_THE_LID       	 paraverbal	 _       	                               	 Begin=54.897|End=55.388
41-0    	 SPK0027	 undefined  	    41	 SPK0027_WASHES_DISHES	 SPK0027_WASHES_DISHES	 paraverbal	 _       	                               	 Begin=61.315|End=62.177
42-0    	 SPK0027	 Falling    	    42	 Всегда               	 Всегда               	 linguistic	         	                               	 Begin=62.395
42-1    	 SPK0027	 Falling    	    42	 осыған               	 осыған               	 linguistic
42-2    	 SPK0027	 Falling    	    42	 істеймін             	 істеймін             	 linguistic
42-3    	 SPK0027	 Falling    	    42	 мен.                 	 мен                  	 linguistic	         	                               	 End=64.043
43-0    	 SPK0032	 Continuing 	    43	 Менің                	 Менің                	 linguistic	         	                               	 Begin=66.427
43-1    	 SPK0032	 Continuing 	    43	 бір                  	 бір                  	 linguistic
43-2    	 SPK0032	 Continuing 	    43	 ескі,                	 ескі                 	 linguistic	         	                               	 End=67.397
44-0    	 SPK0032	 Continuing 	    44	 копейнигімді         	 копейнигімді         	 linguistic	         	                               	 Begin=67.397
44-1    	 SPK0032	 Continuing 	    44	 білгенім             	 білгенім             	 linguistic
44-2    	 SPK0032	 Continuing 	    44	 жоқ                  	 жоқ                  	 linguistic
44-3    	 SPK0032	 Continuing 	    44	 қой                  	 қой                  	 linguistic
44-4    	 SPK0032	 Continuing 	    44	 менің,               	 менің                	 linguistic	         	                               	 End=68.973
45-0    	 SPK0032	 Falling    	    45	 есім                 	 есім                 	 linguistic	         	                               	 Begin=68.984
45-1    	 SPK0032	 Falling    	    45	 шығып                	 шығып                	 linguistic
45-2    	 SPK0032	 Falling    	    45	 кетті                	 кетті                	 linguistic
45-3    	 SPK0032	 Falling    	    45	 ғой.                 	 ғой                  	 linguistic	         	                               	 End=70.273
46-0    	 SPK0032	 Falling    	    46	 ¬Жанарға             	 Жанарға              	 linguistic	         	 Anonymized=Yes                	 Begin=70.468
46-1    	 SPK0032	 Falling    	    46	 бере                 	 бере                 	 linguistic
46-2    	 SPK0032	 Falling    	    46	 салғанмын.           	 салғанмын            	 linguistic	         	                               	 End=71.494
47-0    	 SPK0032	 Falling    	    47	 ¬Жанар               	 Жанар                	 linguistic	         	 Anonymized=Yes                	 Begin=71.658
47-1    	 SPK0032	 Falling    	    47	 сұрағаннан           	 сұрағаннан           	 linguistic
47-2    	 SPK0032	 Falling    	    47	 кейін.               	 кейін                	 linguistic	         	                               	 End=73.078
48-0    	 SPK0032	 Continuing 	    48	 Өстіп                	 Өстіп                	 linguistic	         	                               	 Begin=73.440
48-1    	 SPK0032	 Continuing 	    48	 ап-,                 	 ап                   	 linguistic	         	 Interrupted=Yes               	 End=74.130
49-0    	 SPK0032	 Continuing 	    49	 апайымен             	 апайымен             	 linguistic	         	                               	 Begin=74.130
49-1    	 SPK0032	 Continuing 	    49	 әгі,                 	 әгі                  	 linguistic	         	                               	 End=75.150
50-0    	 SPK0032	 Falling    	    50	 банкі                	 банкі                	 linguistic	         	                               	 Begin=75.153
50-1    	 SPK0032	 Falling    	    50	 не                   	 не                   	 linguistic
50-2    	 SPK0032	 Falling    	    50	 етіп                 	 етіп                 	 linguistic
50-3    	 SPK0032	 Falling    	    50	 жүрейінші            	 жүрейінші            	 linguistic
50-4    	 SPK0032	 Falling    	    50	 деп.                 	 деп                  	 linguistic	         	                               	 End=76.799
51-0    	 SPK0032	 Falling    	    51	 Содан                	 Содан                	 linguistic	         	                               	 Begin=77.218
51-1    	 SPK0032	 Falling    	    51	 кейінгі              	 кейінгі              	 linguistic
51-2    	 SPK0032	 Falling    	    51	 ақ                   	 ақ                   	 linguistic
51-3    	 SPK0032	 Falling    	    51	 шелек                	 шелек                	 linguistic
51-4    	 SPK0032	 Falling    	    51	 ол.                  	 ол                   	 linguistic	         	                               	 End=78.903
52-0    	 SPK0027	 Falling    	    52	 Сағынып              	 Сағынып              	 linguistic	         	                               	 Begin=83.077
52-1    	 SPK0027	 Falling    	    52	 отырсың              	 отырсың              	 linguistic
52-2    	 SPK0027	 Falling    	    52	 ба.                  	 ба                   	 linguistic	         	                               	 End=84.288
53-0    	 SPK0032	 Falling    	    53	 ¬Ақмана              	 Ақмана               	 linguistic	         	 Anonymized=Yes                	 Begin=83.911
53-1    	 SPK0032	 Falling    	    53	 дейді.               	 дейді                	 linguistic	         	                               	 End=85.169
54-0    	 SPK0032	 Continuing 	    54	 Мұқым                	 Мұқым                	 linguistic	         	                               	 Begin=85.416
54-1    	 SPK0032	 Continuing 	    54	 столовойдың,         	 столовойдың          	 linguistic	         	                               	 End=86.794
55-0    	 SPK0032	 Continuing 	    55	 екі                  	 екі                  	 linguistic	         	                               	 Begin=86.819
55-1    	 SPK0032	 Continuing 	    55	 жәшік,               	 жәшік                	 linguistic	         	                               	 End=87.546
56-0    	 SPK0032	 Continuing 	    56	 ыдысы                	 ыдысы                	 linguistic	         	                               	 Begin=87.546
56-1    	 SPK0032	 Continuing 	    56	 бар                  	 бар                  	 linguistic
56-2    	 SPK0032	 Continuing 	    56	 екен                 	 екен                 	 linguistic
56-3    	 SPK0032	 Continuing 	    56	 дейді,               	 дейді                	 linguistic	         	                               	 End=88.499
57-0    	 SPK0032	 Falling    	    57	 тәрелкесі            	 тәрелкесі            	 linguistic	         	                               	 Begin=88.505
57-1    	 SPK0032	 Falling    	    57	 дейді.               	 дейді                	 linguistic	         	                               	 End=89.713
58-0    	 SPK0027	 Falling    	    58	 Сарғайып             	 Сарғайып             	 linguistic	         	                               	 Begin=89.370
58-1    	 SPK0027	 Falling    	    58	 кеткен               	 кеткен               	 linguistic
58-2    	 SPK0027	 Falling    	    58	 шығар                	 шығар                	 linguistic
58-3    	 SPK0027	 Falling    	    58	 мама.                	 мама                 	 linguistic	         	                               	 End=90.703
59-0    	 SPK0032	 Falling    	    59	 Аа.                  	 Аа                   	 linguistic	         	                               	 Begin=90.340|End=91.021
60-0    	 SPK0027	 Falling    	    60	 Сарғайып             	 Сарғайып             	 linguistic	         	                               	 Begin=91.240
60-1    	 SPK0027	 Falling    	    60	 кеткен               	 кеткен               	 linguistic
60-2    	 SPK0027	 Falling    	    60	 шығар                	 шығар                	 linguistic
60-3    	 SPK0027	 Falling    	    60	 ол.                  	 ол                   	 linguistic	         	                               	 End=92.673
61-0    	 SPK0032	 Continuing 	    61	 Ойбай                	 Ойбай                	 linguistic	         	                               	 Begin=93.023
61-1    	 SPK0032	 Continuing 	    61	 ол,                  	 ол                   	 linguistic	         	                               	 End=93.651
62-0    	 SPK0032	 Falling    	    62	 сарғайтпайды         	 сарғайтпайды         	 linguistic	         	                               	 Begin=93.651
62-1    	 SPK0032	 Falling    	    62	 да.                  	 да                   	 linguistic	         	                               	 End=94.786
63-0    	 SPK0032	 Continuing 	    63	 Бауырының            	 Бауырының            	 linguistic	         	                               	 Begin=94.847
63-1    	 SPK0032	 Continuing 	    63	 магазиніне           	 магазиніне           	 linguistic
63-2    	 SPK0032	 Continuing 	    63	 қойып                	 қойып                	 linguistic
63-3    	 SPK0032	 Continuing 	    63	 үш                   	 үш                   	 linguistic
63-4    	 SPK0032	 Continuing 	    63	 жүзде:н,             	 жүзден               	 linguistic	         	 Prolongation=4                	 End=97.057
64-0    	 SPK0032	 Falling    	    64	 сатты                	 сатты                	 linguistic	         	                               	 Begin=97.057
64-1    	 SPK0032	 Falling    	    64	 дейді.               	 дейді                	 linguistic	         	                               	 End=98.224
65-0    	 SPK0027	 Falling    	    65	 Аа.                  	 Аа                   	 linguistic	         	                               	 Begin=98.693|End=99.296
66-0    	 SPK0032	 Falling    	    66	 ¬Айнар               	 Айнар                	 linguistic	         	 Anonymized=Yes                	 Begin=99.245
66-1    	 SPK0032	 Falling    	    66	 айтады.              	 айтады               	 linguistic	         	                               	 End=100.256
67-0    	 SPK0032	 Continuing 	    67	 Содан                	 Содан                	 linguistic	         	                               	 Begin=100.750
67-1    	 SPK0032	 Continuing 	    67	 кейін                	 кейін                	 linguistic
67-2    	 SPK0032	 Continuing 	    67	 дейді,               	 дейді                	 linguistic	         	                               	 End=101.612
68-0    	 SPK0032	 Continuing 	    68	 мына                 	 мына                 	 linguistic	         	                               	 Begin=101.624
68-1    	 SPK0032	 Continuing 	    68	 әгі,                 	 әгі                  	 linguistic	         	                               	 End=102.124
69-0    	 SPK0032	 Continuing 	    69	 алюминиевый          	 алюминиевый          	 linguistic	         	                               	 Begin=102.127
69-1    	 SPK0032	 Continuing 	    69	 қасық                	 қасық                	 linguistic
69-2    	 SPK0032	 Continuing 	    69	 дейді,               	 дейді                	 linguistic	         	                               	 End=103.539
70-0    	 SPK0032	 Falling    	    70	 жүз                  	 жүз                  	 linguistic	         	                               	 Begin=103.539
70-1    	 SPK0032	 Falling    	    70	 теңгеден             	 теңгеден             	 linguistic
70-2    	 SPK0032	 Falling    	    70	 дейді.               	 дейді                	 linguistic	         	                               	 End=104.641
71-0    	 SPK0032	 Falling    	    71	 ¬Сайгүл              	 Сайгүл               	 linguistic	         	 Anonymized=Yes                	 Begin=104.859
71-1    	 SPK0032	 Falling    	    71	 алып                 	 алып                 	 linguistic
71-2    	 SPK0032	 Falling    	    71	 қойды                	 қойды                	 linguistic
71-3    	 SPK0032	 Falling    	    71	 дейді                	 дейді                	 linguistic
71-4    	 SPK0032	 Falling    	    71	 ей.                  	 ей                   	 linguistic	         	                               	 End=107.140
72-0    	 SPK0027	 Falling    	    72	 Аа.                  	 Аа                   	 linguistic	         	                               	 Begin=106.909|End=107.849
73-0    	 SPK0032	 Continuing 	    73	 Содан                	 Содан                	 linguistic	         	                               	 Begin=107.421
73-1    	 SPK0032	 Continuing 	    73	 кейін                	 кейін                	 linguistic
73-2    	 SPK0032	 Continuing 	    73	 деді,                	 деді                 	 linguistic	         	                               	 End=108.492
74-0    	 SPK0032	 Continuing 	    74	 десертный            	 десертный            	 linguistic	         	                               	 Begin=108.492
74-1    	 SPK0032	 Continuing 	    74	 деген                	 деген                	 linguistic
74-2    	 SPK0032	 Continuing 	    74	 кішкене-кішкене      	 кішкене-кішкене      	 linguistic
74-3    	 SPK0032	 Continuing 	    74	 әгі,                 	 әгі                  	 linguistic	         	                               	 End=110.484
75-0    	 SPK0027	 Falling    	    75	 Иә.                  	 Иә                   	 linguistic	         	                               	 Begin=109.706|End=110.225
76-0    	 SPK0032	 Falling    	    76	 гүлі                 	 гүлі                 	 linguistic	         	                               	 Begin=110.484
76-1    	 SPK0032	 Falling    	    76	 жоқ                  	 жоқ                  	 linguistic
76-2    	 SPK0032	 Falling    	    76	 ақ                   	 ақ                   	 linguistic
76-3    	 SPK0032	 Falling    	    76	 тәрелке.             	 тәрелке              	 linguistic	         	                               	 End=112.546
77-0    	 SPK0027	 Falling    	    77	 Мхм.                 	 Мхм                  	 linguistic	         	                               	 Begin=112.811|End=113.454
78-0    	 SPK0032	 Continuing 	    78	 Соны,                	 Соны                 	 linguistic	         	                               	 Begin=113.312|End=113.762
79-0    	 SPK0032	 Continuing 	    79	 екі                  	 екі                  	 linguistic	         	                               	 Begin=114.429
79-1    	 SPK0032	 Continuing 	    79	 жүзде:н,             	 жүзден               	 linguistic	         	 Prolongation=4                	 End=115.343
80-0    	 SPK0032	 Continuing 	    80	 жүз                  	 жүз                  	 linguistic	         	                               	 Begin=115.343
80-1    	 SPK0032	 Continuing 	    80	 елуден,              	 елуден               	 linguistic	         	                               	 End=116.015
81-0    	 SPK0032	 Falling    	    81	 сатты                	 сатты                	 linguistic	         	                               	 Begin=116.015
81-1    	 SPK0032	 Falling    	    81	 дейді.               	 дейді                	 linguistic	         	                               	 End=117.123
82-0    	 SPK0032	 Continuing 	    82	 Анау,                	 Анау                 	 linguistic	         	                               	 Begin=118.890|End=119.999
83-0    	 SPK0032	 Continuing 	    83	 ¬Жалғас              	 Жалғас               	 linguistic	         	 Anonymized=Yes                	 Begin=120.187
83-1    	 SPK0032	 Continuing 	    83	 неде,                	 неде                 	 linguistic	         	                               	 End=120.796
84-0    	 SPK0032	 Continuing 	    84	 неде                 	 неде                 	 linguistic	         	                               	 Begin=120.796
84-1    	 SPK0032	 Continuing 	    84	 істеді               	 істеді               	 linguistic
84-2    	 SPK0032	 Continuing 	    84	 ғой,                 	 ғой                  	 linguistic	         	                               	 End=121.653
85-0    	 SPK0032	 Falling    	    85	 столовойда           	 столовойда           	 linguistic	         	                               	 Begin=121.716
85-1    	 SPK0032	 Falling    	    85	 істеген              	 істеген              	 linguistic
85-2    	 SPK0032	 Falling    	    85	 ғой.                 	 ғой                  	 linguistic	         	                               	 End=123.537
86-0    	 SPK0027	 Continuing 	    86	 Иә,                  	 Иә                   	 linguistic	         	                               	 Begin=122.455|End=122.582
87-0    	 SPK0027	 Falling    	    87	 білемін              	 білемін              	 linguistic	         	                               	 Begin=122.582
87-1    	 SPK0027	 Falling    	    87	 оны.                 	 оны                  	 linguistic	         	                               	 End=122.991
88-0    	 SPK0027	 Falling    	    88	 Аха.                 	 Аха                  	 linguistic	         	                               	 Begin=123.078|End=123.637
89-0    	 SPK0032	 Continuing 	    89	 Одан                 	 Одан                 	 linguistic	         	                               	 Begin=123.621
89-1    	 SPK0032	 Continuing 	    89	 кейін                	 кейін                	 linguistic
89-2    	 SPK0032	 Continuing 	    89	 мына,                	 мына                 	 linguistic	         	                               	 End=124.538
90-0    	 SPK0032	 Continuing 	    90	 неде,                	 неде                 	 linguistic	         	                               	 Begin=124.565|End=124.888
91-0    	 SPK0032	 Falling    	    91	 СПТУ-да              	 СПТУ-да              	 linguistic	         	                               	 Begin=124.888
91-1    	 SPK0032	 Falling    	    91	 істеген.             	 істеген              	 linguistic	         	                               	 End=126.174
92-0    	 SPK0032	 Falling    	    92	 Дача                 	 Дача                 	 linguistic	         	                               	 Begin=127.799
92-1    	 SPK0032	 Falling    	    92	 алып                 	 алып                 	 linguistic
92-2    	 SPK0032	 Falling    	    92	 алыпты               	 алыпты               	 linguistic
92-3    	 SPK0032	 Falling    	    92	 олар.                	 олар                 	 linguistic	         	                               	 End=129.140
93-0    	 SPK0027	 Falling    	    93	 Қай                  	 Қай                  	 linguistic	         	                               	 Begin=129.658
93-1    	 SPK0027	 Falling    	    93	 жақтан.              	 жақтан               	 linguistic	         	                               	 End=130.544
94-0    	 SPK0032	 Falling    	    94	 Семейден.            	 Семейден             	 linguistic	         	                               	 Begin=130.751|End=131.623
95-0    	 SPK0027	 Continuing 	    95	 Ол,                  	 Ол                   	 linguistic	         	                               	 Begin=131.647|End=131.986
96-0    	 SPK0032	 Falling    	    96	 ##                   	 ##                   	 unknown   	 _       	                               	 Begin=131.754|End=132.346
97-0    	 SPK0027	 Rising     	    97	 кімдермен            	 кімдермен            	 linguistic	         	                               	 Begin=131.986
97-1    	 SPK0027	 Rising     	    97	 тұрып                	 тұрып                	 linguistic
97-2    	 SPK0027	 Rising     	    97	 жатыр?               	 жатыр                	 linguistic	         	                               	 End=133.185
98-0    	 SPK0032	 Falling    	    98	 ¬Төремен.            	 Төремен              	 linguistic	         	 Anonymized=Yes                	 Begin=133.199|End=134.001
99-0    	 SPK0032	 Falling    	    99	 ##                   	 ##                   	 unknown   	 _       	                               	 Begin=135.013|End=135.802
100-0   	 SPK0027	 Continuing 	   100	 Жер                  	 Жер                  	 linguistic	         	                               	 Begin=135.185
100-1   	 SPK0027	 Continuing 	   100	 үй                   	 үй                   	 linguistic
100-2   	 SPK0027	 Continuing 	   100	 алды,                	 алды                 	 linguistic	         	                               	 End=135.766
101-0   	 SPK0027	 Falling    	   101	 жер                  	 жер                  	 linguistic	         	                               	 Begin=135.848
101-1   	 SPK0027	 Falling    	   101	 үй.                  	 үй                   	 linguistic	         	                               	 End=136.344
102-0   	 SPK0032	 Continuing 	   102	 Екінші               	 Екінші               	 linguistic	         	                               	 Begin=135.963
102-1   	 SPK0032	 Continuing 	   102	 әгі,                 	 әгі                  	 linguistic	         	                               	 End=136.484
103-0   	 SPK0032	 Continuing 	   103	 ¬Зеңгі               	 Зеңгі                	 linguistic	         	 Anonymized=Yes                	 Begin=136.484
103-1   	 SPK0032	 Continuing 	   103	 Бабамен,             	 Бабамен              	 linguistic	         	                               	 End=137.741
104-0   	 SPK0027	 Falling    	   104	 Білемін              	 Білемін              	 linguistic	         	                               	 Begin=137.842
104-1   	 SPK0027	 Falling    	   104	 ¬Төрені.             	 Төрені               	 linguistic	         	 Anonymized=Yes                	 End=138.934
105-0   	 SPK0032	 Falling    	   105	 ¬Зеңгі               	 Зеңгі                	 linguistic	         	 Anonymized=Yes                	 Begin=139.063
105-1   	 SPK0032	 Falling    	   105	 Бабамен              	 Бабамен              	 linguistic
105-2   	 SPK0032	 Falling    	   105	 тұрып                	 тұрып                	 linguistic
105-3   	 SPK0032	 Falling    	   105	 жатыр.               	 жатыр                	 linguistic	         	                               	 End=140.532
106-0   	 SPK0027	 Continuing 	   106	 Неше,                	 Неше                 	 linguistic	         	                               	 Begin=145.403|End=146.055
107-0   	 SPK0027	 Interrupted	   107	 неше—                	 неше                 	 linguistic	         	 Interrupted=Yes               	 Begin=146.605|End=147.093
108-0   	 SPK0027	 Rising     	   108	 жер                  	 жер                  	 linguistic	         	                               	 Begin=147.225
108-1   	 SPK0027	 Rising     	   108	 үйде                 	 үйде                 	 linguistic
108-2   	 SPK0027	 Rising     	   108	 тұра                 	 тұра                 	 linguistic
108-3   	 SPK0027	 Rising     	   108	 ма?                  	 ма                   	 linguistic	         	                               	 End=148.260
109-0   	 SPK0032	 Continuing 	   109	 Жоқ,                 	 Жоқ                  	 linguistic	         	                               	 Begin=148.576|End=148.944
110-0   	 SPK0032	 Falling    	   110	 жетінші              	 жетінші              	 linguistic	         	                               	 Begin=148.944
110-1   	 SPK0032	 Falling    	   110	 этаж                 	 этаж                 	 linguistic
110-2   	 SPK0032	 Falling    	   110	 дейді.               	 дейді                	 linguistic	         	                               	 End=150.123
111-0   	 SPK0032	 Falling    	   111	 Төрт                 	 Төрт                 	 linguistic	         	                               	 Begin=150.717
111-1   	 SPK0032	 Falling    	   111	 бөлмелі              	 бөлмелі              	 linguistic
111-2   	 SPK0032	 Falling    	   111	 үй                   	 үй                   	 linguistic
111-3   	 SPK0032	 Falling    	   111	 алыпты               	 алыпты               	 linguistic
111-4   	 SPK0032	 Falling    	   111	 дейді.               	 дейді                	 linguistic	         	                               	 End=152.033
112-0   	 SPK0032	 Continuing 	   112	 И                    	 И                    	 linguistic	         	                               	 Begin=152.033
112-1   	 SPK0032	 Continuing 	   112	 үш                   	 үш                   	 linguistic
112-2   	 SPK0032	 Continuing 	   112	 бөлмелі              	 бөлмелі              	 linguistic
112-3   	 SPK0032	 Continuing 	   112	 ме,                  	 ме                   	 linguistic	         	                               	 End=152.756
113-0   	 SPK0032	 Continuing 	   113	 төрт                 	 төрт                 	 linguistic	         	                               	 Begin=152.756
113-1   	 SPK0032	 Continuing 	   113	 бөлмелі              	 бөлмелі              	 linguistic
113-2   	 SPK0032	 Continuing 	   113	 дей                  	 дей                  	 linguistic
113-3   	 SPK0032	 Continuing 	   113	 ме,                  	 ме                   	 linguistic	         	                               	 End=153.601
114-0   	 SPK0032	 Continuing 	   114	 ¬Кеңесбай,           	 Кеңесбай             	 linguistic	         	 Anonymized=Yes                	 Begin=153.601|End=154.278
115-0   	 SPK0032	 Continuing 	   115	 фотосын              	 фотосын              	 linguistic	         	                               	 Begin=154.803
115-1   	 SPK0032	 Continuing 	   115	 жіберді              	 жіберді              	 linguistic
115-2   	 SPK0032	 Continuing 	   115	 деп                  	 деп                  	 linguistic
115-3   	 SPK0032	 Continuing 	   115	 ағаң                 	 ағаң                 	 linguistic
115-4   	 SPK0032	 Continuing 	   115	 айтып,               	 айтып                	 linguistic	         	                               	 End=156.050
116-0   	 SPK0032	 Falling    	   116	 әкең                 	 әкең                 	 linguistic	         	                               	 Begin=156.050
116-1   	 SPK0032	 Falling    	   116	 айтып                	 айтып                	 linguistic
116-2   	 SPK0032	 Falling    	   116	 отырған.             	 отырған              	 linguistic	         	                               	 End=156.979
117-0   	 SPK0027	 Rising     	   117	 Семейден?            	 Семейден             	 linguistic	         	                               	 Begin=156.895|End=157.655
118-0   	 SPK0032	 Falling    	   118	 Семейден             	 Семейден             	 linguistic	         	                               	 Begin=157.861
118-1   	 SPK0032	 Falling    	   118	 иә.                  	 иә                   	 linguistic	         	                               	 End=158.550
119-0   	 SPK0032	 Falling    	   119	 Жетінші              	 Жетінші              	 linguistic	         	                               	 Begin=158.553
119-1   	 SPK0032	 Falling    	   119	 этаж                 	 этаж                 	 linguistic
119-2   	 SPK0032	 Falling    	   119	 деп                  	 деп                  	 linguistic
119-3   	 SPK0032	 Falling    	   119	 айтты                	 айтты                	 linguistic
119-4   	 SPK0032	 Falling    	   119	 дейді.               	 дейді                	 linguistic	         	                               	 End=160.109
120-0   	 SPK0027	 Falling    	   120	 Мхм.                 	 Мхм                  	 linguistic	         	                               	 Begin=160.029|End=160.634
121-0   	 SPK0032	 Continuing 	   121	 Аналар               	 Аналар               	 linguistic	         	                               	 Begin=162.228
121-1   	 SPK0032	 Continuing 	   121	 үйін,                	 үйін                 	 linguistic	         	                               	 End=163.123
122-0   	 SPK0032	 Continuing 	   122	 сатып,               	 сатып                	 linguistic	         	                               	 Begin=163.123|End=163.588
123-0   	 SPK0032	 Falling    	   123	 ¬Төрелер.            	 Төрелер              	 linguistic	         	 Anonymized=Yes                	 Begin=164.707|End=165.556
124-0   	 SPK0032	 Falling    	   124	 ¬Төреде              	 Төреде               	 linguistic	         	 Anonymized=Yes                	 Begin=166.505
124-1   	 SPK0032	 Falling    	   124	 үй                   	 үй                   	 linguistic
124-2   	 SPK0032	 Falling    	   124	 де                   	 де                   	 linguistic
124-3   	 SPK0032	 Falling    	   124	 жоқ                  	 жоқ                  	 linguistic
124-4   	 SPK0032	 Falling    	   124	 қой.                 	 қой                  	 linguistic	         	                               	 End=168.179
125-0   	 SPK0027	 Falling    	   125	 А.                   	 А                    	 linguistic	         	                               	 Begin=168.308|End=168.983
126-0   	 SPK0032	 Continuing 	   126	 ¬Төре                	 Төре                 	 linguistic	 _       	 Anonymized=Yes                	 Begin=169.264
126-1   	 SPK0032	 Continuing 	   126	 де                   	 де                   	 linguistic	 _
126-2   	 SPK0032	 Continuing 	   126	 сол                  	 сол                  	 linguistic	 _       	                               	 End=170.120
127-0   	 SPK0032	 Falling    	   127	 бір                  	 бір                  	 linguistic	         	                               	 Begin=170.120
127-1   	 SPK0032	 Falling    	   127	 бөлмелі              	 бөлмелі              	 linguistic
127-2   	 SPK0032	 Falling    	   127	 үйде                 	 үйде                 	 linguistic
127-3   	 SPK0032	 Falling    	   127	 тұрған.              	 тұрған               	 linguistic	         	                               	 End=171.269
128-0   	 SPK0032	 Continuing 	   128	 Үйін                 	 Үйін                 	 linguistic	         	                               	 Begin=171.279
128-1   	 SPK0032	 Continuing 	   128	 сатып                	 сатып                	 linguistic
128-2   	 SPK0032	 Continuing 	   128	 жібер-,              	 жібер                	 linguistic	         	 Interrupted=Yes               	 End=172.006
129-0   	 SPK0032	 Falling    	   129	 екеуі                	 екеуі                	 linguistic	         	                               	 Begin=172.006
129-1   	 SPK0032	 Falling    	   129	 ¬Төренің             	 Төренің              	 linguistic	         	 Anonymized=Yes
129-2   	 SPK0032	 Falling    	   129	 қолына               	 қолына               	 linguistic
129-3   	 SPK0032	 Falling    	   129	 барыпты.             	 барыпты              	 linguistic	         	                               	 End=173.759
130-0   	 SPK0032	 Falling    	   130	 ¬Төренің.            	 Төренің              	 linguistic	         	 Anonymized=Yes                	 Begin=173.759|End=174.446
131-0   	 SPK0027	 Falling    	   131	 Аа.                  	 Аа                   	 linguistic	         	                               	 Begin=174.055|End=174.621
132-0   	 SPK0027	 Rising     	   132	 Бір                  	 Бір                  	 linguistic	         	                               	 Begin=174.621
132-1   	 SPK0027	 Rising     	   132	 комнаталықта         	 комнаталықта         	 linguistic
132-2   	 SPK0027	 Rising     	   132	 тұрып                	 тұрып                	 linguistic
132-3   	 SPK0027	 Rising     	   132	 па?                  	 па                   	 linguistic	         	                               	 End=176.060
133-0   	 SPK0032	 Falling    	   133	 А.                   	 А                    	 linguistic	         	                               	 Begin=176.047|End=176.906
134-0   	 SPK0027	 Rising     	   134	 ¬Төреде              	 Төреде               	 linguistic	         	 Anonymized=Yes                	 Begin=177.026
134-1   	 SPK0027	 Rising     	   134	 үй                   	 үй                   	 linguistic
134-2   	 SPK0027	 Rising     	   134	 болмап               	 болмап               	 linguistic
134-3   	 SPK0027	 Rising     	   134	 па                   	 па                   	 linguistic
134-4   	 SPK0027	 Rising     	   134	 еді?                 	 еді                  	 linguistic	         	                               	 End=178.424
135-0   	 SPK0032	 Falling    	   135	 Болған               	 Болған               	 linguistic	         	                               	 Begin=178.945
135-1   	 SPK0032	 Falling    	   135	 жоқ                  	 жоқ                  	 linguistic
135-2   	 SPK0032	 Falling    	   135	 дейді.               	 дейді                	 linguistic	         	                               	 End=180.045
136-0   	 SPK0032	 Continuing 	   136	 Екеуі                	 Екеуі                	 linguistic	         	                               	 Begin=180.049
136-1   	 SPK0032	 Continuing 	   136	 де,                  	 де                   	 linguistic	         	                               	 End=180.454
137-0   	 SPK0032	 Falling    	   137	 бір                  	 бір                  	 linguistic	         	                               	 Begin=180.481
137-1   	 SPK0032	 Falling    	   137	 бөлмелі              	 бөлмелі              	 linguistic
137-2   	 SPK0032	 Falling    	   137	 үйде                 	 үйде                 	 linguistic
137-3   	 SPK0032	 Falling    	   137	 тұрыпты              	 тұрыпты              	 linguistic
137-4   	 SPK0032	 Falling    	   137	 дейді.               	 дейді                	 linguistic	         	                               	 End=181.795
138-0   	 SPK0032	 Falling    	   138	 Қайдан               	 Қайдан               	 linguistic	         	                               	 Begin=181.817
138-1   	 SPK0032	 Falling    	   138	 білейін              	 білейін              	 linguistic
138-2   	 SPK0032	 Falling    	   138	 әкәм.                	 әкәм                 	 linguistic	         	                               	 End=183.093
139-0   	 SPK0032	 Continuing 	   139	 Содан                	 Содан                	 linguistic	         	                               	 Begin=184.425
139-1   	 SPK0032	 Continuing 	   139	 анау,                	 анау                 	 linguistic	         	                               	 End=185.270
140-0   	 SPK0032	 Continuing 	   140	 ұлы                  	 ұлы                  	 linguistic	         	                               	 Begin=185.270
140-1   	 SPK0032	 Continuing 	   140	 үйленгеннен          	 үйленгеннен          	 linguistic
140-2   	 SPK0032	 Continuing 	   140	 кейін,               	 кейін                	 linguistic	         	                               	 End=185.956
141-0   	 SPK0032	 Interrupted	   141	 енді                 	 енді                 	 linguistic	         	                               	 Begin=185.956
141-1   	 SPK0032	 Interrupted	   141	 қызы—                	 қызы                 	 linguistic	         	 Interrupted=Yes               	 End=186.952
142-0   	 SPK0027	 Rising     	   142	 Мама                 	 Мама                 	 linguistic	         	                               	 Begin=186.197
142-1   	 SPK0027	 Rising     	   142	 осы                  	 осы                  	 linguistic
142-2   	 SPK0027	 Rising     	   142	 ¬Төре                	 Төре                 	 linguistic	         	 Anonymized=Yes
142-3   	 SPK0027	 Rising     	   142	 біздің               	 біздің               	 linguistic
142-4   	 SPK0027	 Rising     	   142	 ¬Жарасқа             	 Жарасқа              	 linguistic	         	 Anonymized=Yes
142-5   	 SPK0027	 Rising     	   142	 келген               	 келген               	 linguistic
142-6   	 SPK0027	 Rising     	   142	 жоқ                  	 жоқ                  	 linguistic
142-7   	 SPK0027	 Rising     	   142	 иә?                  	 иә                   	 linguistic	         	                               	 End=188.820
143-0   	 SPK0032	 Falling    	   143	 Келген               	 Келген               	 linguistic	         	                               	 Begin=188.526
143-1   	 SPK0032	 Falling    	   143	 жоқ.                 	 жоқ                  	 linguistic	         	                               	 End=189.378
144-0   	 SPK0032	 Falling    	   144	 ¬Өркен               	 Өркен                	 linguistic	         	 Anonymized=Yes                	 Begin=189.378
144-1   	 SPK0032	 Falling    	   144	 де                   	 де                   	 linguistic
144-2   	 SPK0032	 Falling    	   144	 келген               	 келген               	 linguistic
144-3   	 SPK0032	 Falling    	   144	 жоқ.                 	 жоқ                  	 linguistic	         	                               	 End=190.831
145-0   	 SPK0027	 Rising     	   145	 ¬Өркен               	 Өркен                	 linguistic	         	 Anonymized=Yes                	 Begin=191.472
145-1   	 SPK0027	 Rising     	   145	 де                   	 де                   	 linguistic
145-2   	 SPK0027	 Rising     	   145	 келген               	 келген               	 linguistic
145-3   	 SPK0027	 Rising     	   145	 жоқ                  	 жоқ                  	 linguistic
145-4   	 SPK0027	 Rising     	   145	 па?                  	 па                   	 linguistic	         	                               	 End=192.891
146-0   	 SPK0032	 Falling    	   146	 ¬Өркен               	 Өркен                	 linguistic	         	 Anonymized=Yes                	 Begin=192.031
146-1   	 SPK0032	 Falling    	   146	 де                   	 де                   	 linguistic
146-2   	 SPK0032	 Falling    	   146	 келген               	 келген               	 linguistic
146-3   	 SPK0032	 Falling    	   146	 жоқ.                 	 жоқ                  	 linguistic	         	                               	 End=193.149
147-0   	 SPK0032	 Falling    	   147	 Әгі                  	 Әгі                  	 linguistic	         	                               	 Begin=193.177
147-1   	 SPK0032	 Falling    	   147	 ¬Жанасылдың          	 Жанасылдың           	 linguistic	         	 Anonymized=Yes
147-2   	 SPK0032	 Falling    	   147	 боқтайтыны           	 боқтайтыны           	 linguistic
147-3   	 SPK0032	 Falling    	   147	 сол                  	 сол                  	 linguistic
147-4   	 SPK0032	 Falling    	   147	 ғой.                 	 ғой                  	 linguistic	         	                               	 End=194.511
148-0   	 SPK0032	 Continuing 	   148	 Әкеңнің              	 Әкеңнің              	 linguistic	         	                               	 Begin=194.544
148-1   	 SPK0032	 Continuing 	   148	 аузын                	 аузын                	 linguistic
148-2   	 SPK0032	 Continuing 	   148	 сігейіндер,          	 сігейіндер           	 linguistic	         	                               	 End=195.815
149-0   	 SPK0032	 Continuing 	   149	 неменеге             	 неменеге             	 linguistic	         	                               	 Begin=195.815
149-1   	 SPK0032	 Continuing 	   149	 не                   	 не                   	 linguistic
149-2   	 SPK0032	 Continuing 	   149	 етесің               	 етесің               	 linguistic
149-3   	 SPK0032	 Continuing 	   149	 сен                  	 сен                  	 linguistic
149-4   	 SPK0032	 Continuing 	   149	 осы,                 	 осы                  	 linguistic	         	                               	 End=197.668
150-0   	 SPK0032	 Continuing 	   150	 біреуі               	 біреуі               	 linguistic	         	                               	 Begin=197.668
150-1   	 SPK0032	 Continuing 	   150	 де                   	 де                   	 linguistic
150-2   	 SPK0032	 Continuing 	   150	 келген               	 келген               	 linguistic
150-3   	 SPK0032	 Continuing 	   150	 жоқ                  	 жоқ                  	 linguistic
150-4   	 SPK0032	 Continuing 	   150	 солардың,            	 солардың             	 linguistic	         	                               	 End=198.878
151-0   	 SPK0032	 Falling    	   151	 ##                   	 ##                   	 unknown   	 _       	                               	 Begin=198.878|End=199.324
152-0   	 SPK0027	 Falling    	   152	 Аа.                  	 Аа                   	 linguistic	         	                               	 Begin=199.653|End=200.574
153-0   	 SPK0027	 Rising     	   153	 Недеген              	 Недеген              	 linguistic	         	                               	 Begin=203.720
153-1   	 SPK0027	 Rising     	   153	 оңбаған              	 оңбаған              	 linguistic
153-2   	 SPK0027	 Rising     	   153	 ей?                  	 ей                   	 linguistic	         	                               	 End=204.947
154-0   	 SPK0027	 Falling    	   154	 Олар                 	 Олар                 	 linguistic	         	                               	 Begin=204.952
154-1   	 SPK0027	 Falling    	   154	 вообще.              	 вообще               	 linguistic	         	                               	 End=205.979
155-0   	 SPK0027	 Falling    	   155	 А.                   	 А                    	 linguistic	         	                               	 Begin=206.879|End=207.708
156-0   	 SPK0027	 Continuing 	   156	 Соны                 	 Соны                 	 linguistic	         	                               	 Begin=210.655
156-1   	 SPK0027	 Continuing 	   156	 ¬Сәдөк               	 Сәдөк                	 linguistic	         	 Anonymized=Yes
156-2   	 SPK0027	 Continuing 	   156	 ¬Сәде-,              	 Сәде                 	 linguistic	         	 Interrupted=Yes|Anonymized=Yes	 End=211.939
157-0   	 SPK0027	 Continuing 	   157	 кім                  	 кім                  	 linguistic	         	                               	 Begin=211.945
157-1   	 SPK0027	 Continuing 	   157	 еді                  	 еді                  	 linguistic
157-2   	 SPK0027	 Continuing 	   157	 ###                  	 ###                  	 unknown   	 _       	                               	 End=212.986
158-0   	 SPK0027	 Continuing 	   158	 кім                  	 кім                  	 linguistic	         	                               	 Begin=212.986
158-1   	 SPK0027	 Continuing 	   158	 еді                  	 еді                  	 linguistic
158-2   	 SPK0027	 Continuing 	   158	 әгі,                 	 әгі                  	 linguistic	         	                               	 End=213.378
159-0   	 SPK0032	 Falling    	   159	 А.                   	 А                    	 linguistic	         	                               	 Begin=213.121|End=213.782
160-0   	 SPK0027	 Continuing 	   160	 ¬Жарқын#,            	 Жарқын#              	 linguistic	         	 Anonymized=Yes                	 Begin=213.378|End=213.898
161-0   	 SPK0027	 Rising     	   161	 әкелері              	 әкелері              	 linguistic	         	                               	 Begin=213.898
161-1   	 SPK0027	 Rising     	   161	 айтпай               	 айтпай               	 linguistic
161-2   	 SPK0027	 Rising     	   161	 ма?                  	 ма                   	 linguistic	         	                               	 End=215.268
162-0   	 SPK0032	 Continuing 	   162	 Мына                 	 Мына                 	 linguistic	         	                               	 Begin=215.695
162-1   	 SPK0032	 Continuing 	   162	 ¬Жарқын,             	 Жарқын               	 linguistic	         	 Anonymized=Yes                	 End=216.357
163-0   	 SPK0032	 Falling    	   163	 адам                 	 адам                 	 linguistic	         	                               	 Begin=216.357
163-1   	 SPK0032	 Falling    	   163	 дедің                	 дедің                	 linguistic
163-2   	 SPK0032	 Falling    	   163	 ғой.                 	 ғой                  	 linguistic	         	                               	 End=217.432
164-0   	 SPK0032	 Continuing 	   164	 салпыауыз            	 салпыауыз            	 linguistic	         	                               	 Begin=218.243
164-1   	 SPK0032	 Continuing 	   164	 қатын                	 қатын                	 linguistic
164-2   	 SPK0032	 Continuing 	   164	 не                   	 не                   	 linguistic
164-3   	 SPK0032	 Continuing 	   164	 дейді,               	 дейді                	 linguistic	         	                               	 End=219.567
165-0   	 SPK0032	 Falling    	   165	 соны                 	 соны                 	 linguistic	         	                               	 Begin=219.580
165-1   	 SPK0032	 Falling    	   165	 істейді              	 істейді              	 linguistic
165-2   	 SPK0032	 Falling    	   165	 ол.                  	 ол                   	 linguistic	         	                               	 End=220.871
166-0   	 SPK0032	 Rising     	   166	 Мынандай             	 Мынандай             	 linguistic	         	                               	 Begin=223.608
166-1   	 SPK0032	 Rising     	   166	 езілгені             	 езілгені             	 linguistic
166-2   	 SPK0032	 Rising     	   166	 тұра                 	 тұра                 	 linguistic
166-3   	 SPK0032	 Rising     	   166	 берсін               	 берсін               	 linguistic
166-4   	 SPK0032	 Rising     	   166	 иә?                  	 иә                   	 linguistic	         	                               	 End=224.959
167-0   	 SPK0032	 Falling    	   167	 Компотқа.            	 Компотқа             	 linguistic	         	                               	 Begin=224.959|End=225.695
168-0   	 SPK0032	 Falling    	   168	 ##                   	 ##                   	 unknown   	 _       	                               	 Begin=225.698|End=226.450
169-0   	 SPK0027	 Falling    	   169	 Иә.                  	 Иә                   	 linguistic	         	                               	 Begin=226.137|End=227.108
170-0   	 SPK0032	 Continuing 	   170	 Мынандай             	 Мынандай             	 linguistic	         	                               	 Begin=228.445
170-1   	 SPK0032	 Continuing 	   170	 тым                  	 тым                  	 linguistic
170-2   	 SPK0032	 Continuing 	   170	 қаттылар,            	 қаттылар             	 linguistic	         	                               	 End=229.533
171-0   	 SPK0032	 Falling    	   171	 керек                	 керек                	 linguistic	         	                               	 Begin=229.533
171-1   	 SPK0032	 Falling    	   171	 жоқ.                 	 жоқ                  	 linguistic	         	                               	 End=229.952
172-0   	 SPK0032	 Falling    	   172	 ####                 	 ####                 	 unknown   	 _       	                               	 Begin=229.952|End=231.060
173-0   	 SPK0032	 Continuing 	   173	 Кейбіреуі            	 Кейбіреуі            	 linguistic	         	                               	 Begin=231.952
173-1   	 SPK0032	 Continuing 	   173	 пыспай,              	 пыспай               	 linguistic	         	                               	 End=233.080
174-0   	 SPK0032	 Continuing 	   174	 екеуі                	 екеуі                	 linguistic	         	                               	 Begin=233.080
174-1   	 SPK0032	 Continuing 	   174	 айырылмай,           	 айырылмай            	 linguistic	         	                               	 End=233.925
175-0   	 SPK0032	 Rising     	   175	 кетіп                	 кетіп                	 linguistic	         	                               	 Begin=233.925
175-1   	 SPK0032	 Rising     	   175	 қалған               	 қалған               	 linguistic
175-2   	 SPK0032	 Rising     	   175	 екеуі?               	 екеуі                	 linguistic	         	                               	 End=235.040
176-0   	 SPK0032	 Continuing 	   176	 Осыны                	 Осыны                	 linguistic	         	                               	 Begin=236.722
176-1   	 SPK0032	 Continuing 	   176	 бір                  	 бір                  	 linguistic
176-2   	 SPK0032	 Continuing 	   176	 жауып                	 жауып                	 linguistic
176-3   	 SPK0032	 Continuing 	   176	 көрші,               	 көрші                	 linguistic	         	                               	 End=238.401
177-0   	 SPK0032	 Falling    	   177	 өзі                  	 өзі                  	 linguistic	         	                               	 Begin=238.401
177-1   	 SPK0032	 Falling    	   177	 қазір                	 қазір                	 linguistic
177-2   	 SPK0032	 Falling    	   177	 бірінші              	 бірінші              	 linguistic
177-3   	 SPK0032	 Falling    	   177	 рет.                 	 рет                  	 linguistic	         	                               	 End=240.222
178-0   	 SPK0027	 Continuing 	   178	 Жоқ                  	 Жоқ                  	 linguistic	         	                               	 Begin=239.952
178-1   	 SPK0027	 Continuing 	   178	 андағын              	 андағын              	 linguistic
178-2   	 SPK0027	 Continuing 	   178	 мен,                 	 мен                  	 linguistic	         	                               	 End=240.979
179-0   	 SPK0027	 Falling    	   179	 жәй                  	 жәй                  	 linguistic	         	                               	 Begin=240.979
179-1   	 SPK0027	 Falling    	   179	 компот               	 компот               	 linguistic
179-2   	 SPK0027	 Falling    	   179	 қайнатамын.          	 қайнатамын           	 linguistic	         	                               	 End=242.253
180-0   	 SPK0032	 Falling    	   180	 Иә                   	 Иә                   	 linguistic	         	                               	 Begin=242.297
180-1   	 SPK0032	 Falling    	   180	 иә.                  	 иә                   	 linguistic	         	                               	 End=242.810
181-0   	 SPK0032	 Rising     	   181	 Қайнатасың           	 Қайнатасың           	 linguistic	         	                               	 Begin=242.810
181-1   	 SPK0032	 Rising     	   181	 ба?                  	 ба                   	 linguistic	         	                               	 End=243.736
182-0   	 SPK0027	 Falling    	   182	 Жәй                  	 Жәй                  	 linguistic	         	                               	 Begin=243.825
182-1   	 SPK0027	 Falling    	   182	 қайнатамын.          	 қайнатамын           	 linguistic	         	                               	 End=244.887
183-0   	 SPK0032	 Rising     	   183	 Ее?                  	 Ее                   	 linguistic	         	                               	 Begin=244.640|End=244.981
184-0   	 SPK0027	 Falling    	   184	 Ішкенге.             	 Ішкенге              	 linguistic	         	                               	 Begin=244.939|End=245.837
185-0   	 SPK0032	 Falling    	   185	 Иә                   	 Иә                   	 linguistic	         	                               	 Begin=244.986
185-1   	 SPK0032	 Falling    	   185	 иә.                  	 иә                   	 linguistic	         	                               	 End=245.759
186-0   	 SPK0032	 Continuing 	   186	 Иә,                  	 Иә                   	 linguistic	         	                               	 Begin=245.776|End=246.114
187-0   	 SPK0032	 Continuing 	   187	 жарайды,             	 жарайды              	 linguistic	         	                               	 Begin=246.114|End=246.553
188-0   	 SPK0032	 Continuing 	   188	 ыдысқа,              	 ыдысқа               	 linguistic	         	                               	 Begin=246.567|End=247.499
189-0   	 SPK0032	 Continuing 	   189	 компотқа,            	 компотқа             	 linguistic	         	                               	 Begin=257.499|End=258.148
190-0   	 SPK0032	 Continuing 	   190	 вареньеға,           	 вареньеға            	 linguistic	         	                               	 Begin=258.148|End=258.719
191-0   	 SPK0032	 Continuing 	   191	 зияны                	 зияны                	 linguistic	         	                               	 Begin=258.719
191-1   	 SPK0032	 Continuing 	   191	 жоқ,                 	 жоқ                  	 linguistic	         	                               	 End=259.493
192-0   	 SPK0032	 Falling    	   192	 ішпейміз.            	 ішпейміз             	 linguistic	         	                               	 Begin=259.499|End=259.999
193-0   	 SPK0032	 Continuing 	   193	 Әкең                 	 Әкең                 	 linguistic	         	                               	 Begin=259.999
193-1   	 SPK0032	 Continuing 	   193	 ішпейді,             	 ішпейді              	 linguistic	         	                               	 End=260.702
194-0   	 SPK0032	 Falling    	   194	 мен                  	 мен                  	 linguistic	         	                               	 Begin=260.722
194-1   	 SPK0032	 Falling    	   194	 ішпеймін.            	 ішпеймін             	 linguistic	         	                               	 End=261.486
195-0   	 SPK0032	 Falling    	   195	 Балалар              	 Балалар              	 linguistic	         	                               	 Begin=262.090
195-1   	 SPK0032	 Falling    	   195	 ішеді.               	 ішеді                	 linguistic	         	                               	 End=263.276
196-0   	 SPK0032	 Continuing 	   196	 Мен                  	 Мен                  	 linguistic	         	                               	 Begin=313.997
196-1   	 SPK0032	 Continuing 	   196	 ендеше,              	 ендеше               	 linguistic	         	                               	 End=314.873
197-0   	 SPK0032	 Continuing 	   197	 мына                 	 мына                 	 linguistic	         	                               	 Begin=314.873
197-1   	 SPK0032	 Continuing 	   197	 сенің                	 сенің                	 linguistic
197-2   	 SPK0032	 Continuing 	   197	 үйің#,               	 үйің#                	 linguistic	         	                               	 End=316.015
198-0   	 SPK0032	 Continuing 	   198	 есіктеріңнің         	 есіктеріңнің         	 linguistic	         	                               	 Begin=316.015
198-1   	 SPK0032	 Continuing 	   198	 артындағы            	 артындағы            	 linguistic
198-2   	 SPK0032	 Continuing 	   198	 есік                 	 есік                 	 linguistic
198-3   	 SPK0032	 Continuing 	   198	 солардікі            	 солардікі            	 linguistic
198-4   	 SPK0032	 Continuing 	   198	 екен                 	 екен                 	 linguistic
198-5   	 SPK0032	 Continuing 	   198	 деп,                 	 деп                  	 linguistic	         	                               	 End=318.526
199-0   	 SPK0032	 Falling    	   199	 мен                  	 мен                  	 linguistic	         	                               	 Begin=318.526
199-1   	 SPK0032	 Falling    	   199	 ана                  	 ана                  	 linguistic
199-2   	 SPK0032	 Falling    	   199	 кемпірді.            	 кемпірді             	 linguistic	         	                               	 End=319.473
200-0   	 SPK0032	 Falling    	   200	 ##                   	 ##                   	 unknown   	 _       	                               	 Begin=321.236|End=322.310
201-0   	 SPK0027	 Falling    	   201	 Жоқ.                 	 Жоқ                  	 linguistic	         	                               	 Begin=321.452|End=322.136
202-0   	 SPK0027	 Falling    	   202	 Үстінде              	 Үстінде              	 linguistic	         	                               	 Begin=322.342
202-1   	 SPK0027	 Falling    	   202	 тұрады.              	 тұрады               	 linguistic	         	                               	 End=323.247
203-0   	 SPK0032	 Continuing 	   203	 Үстіңгі              	 Үстіңгі              	 linguistic	         	                               	 Begin=323.284
203-1   	 SPK0032	 Continuing 	   203	 этажда,              	 этажда               	 linguistic	         	                               	 End=324.096
204-0   	 SPK0032	 Rising     	   204	 иә?                  	 иә                   	 linguistic	         	                               	 Begin=324.096|End=324.484
205-0   	 SPK0027	 Falling    	   205	 Мхм.                 	 Мхм                  	 linguistic	         	                               	 Begin=324.711|End=325.372
206-0   	 SPK0027	 Falling    	   206	 Үшінші               	 Үшінші               	 linguistic	         	                               	 Begin=326.229
206-1   	 SPK0027	 Falling    	   206	 этажда               	 этажда               	 linguistic
206-2   	 SPK0027	 Falling    	   206	 тұрады.              	 тұрады               	 linguistic	         	                               	 End=327.324
207-0   	 SPK0032	 Falling    	   207	 М-м-м                	 М-м-м                	 linguistic	 _       	                               	 Begin=328.068|End=329.292
208-0   	 SPK0027	 undefined  	   208	 (Hx)                 	 (Hx)                 	 _         	         	                               	 Begin=340.784|End=341.436
209-0   	 SPK0027	 undefined  	   209	 Қазақстан            	 Қазақстан            	 linguistic	 B-SING  	                               	 Begin=382.857|End=385.984
210-0   	 SPK0032	 Rising     	   210	 Кешке                	 Кешке                	 linguistic	         	                               	 Begin=391.898
210-1   	 SPK0032	 Rising     	   210	 бірақ                	 бірақ                	 linguistic
210-2   	 SPK0032	 Rising     	   210	 келеді               	 келеді               	 linguistic
210-3   	 SPK0032	 Rising     	   210	 иә?                  	 иә                   	 linguistic	         	                               	 End=392.984
211-0   	 SPK0032	 Falling    	   211	 ¬Сәкен.              	 Сәкен                	 linguistic	         	 Anonymized=Yes                	 Begin=392.992|End=393.585
212-0   	 SPK0027	 Continuing 	   212	 Ой                   	 Ой                   	 linguistic	         	                               	 Begin=394.375
212-1   	 SPK0027	 Continuing 	   212	 ол,                  	 ол                   	 linguistic	         	                               	 End=394.636
213-0   	 SPK0027	 Falling    	   213	 таксовать            	 таксовать            	 linguistic	         	                               	 Begin=394.636
213-1   	 SPK0027	 Falling    	   213	 етіп                 	 етіп                 	 linguistic
213-2   	 SPK0027	 Falling    	   213	 жүр.                 	 жүр                  	 linguistic	         	                               	 End=395.715
214-0   	 SPK0027	 Falling    	   214	 Обедке               	 Обедке               	 linguistic	         	                               	 Begin=397.265
214-1   	 SPK0027	 Falling    	   214	 өзі                  	 өзі                  	 linguistic
214-2   	 SPK0027	 Falling    	   214	 келмей               	 келмей               	 linguistic
214-3   	 SPK0027	 Falling    	   214	 жүр                  	 жүр                  	 linguistic
214-4   	 SPK0027	 Falling    	   214	 ғой.                 	 ғой                  	 linguistic	         	                               	 End=398.734
215-0   	 SPK0027	 Rising     	   215	 Білмеймін?           	 Білмеймін            	 linguistic	         	                               	 Begin=398.742|End=399.214
216-0   	 SPK0027	 Continuing 	   216	 Бауырының            	 Бауырының            	 linguistic	         	                               	 Begin=399.430
216-1   	 SPK0027	 Continuing 	   216	 үйінен               	 үйінен               	 linguistic
216-2   	 SPK0027	 Continuing 	   216	 ішті                 	 ішті                 	 linguistic
216-3   	 SPK0027	 Continuing 	   216	 ме,                  	 ме                   	 linguistic	         	                               	 End=400.794
217-0   	 SPK0032	 Falling    	   217	 Ее.                  	 Ее                   	 linguistic	         	                               	 Begin=401.714|End=402.761
218-0   	 SPK0027	 Falling    	   218	 жоқ                  	 жоқ                  	 linguistic	         	                               	 Begin=402.335
218-1   	 SPK0027	 Falling    	   218	 қой                  	 қой                  	 linguistic
218-2   	 SPK0027	 Falling    	   218	 әйту.                	 әйту                 	 linguistic	         	                               	 End=403.324
219-0   	 SPK0027	 Continuing 	   219	 Маған                	 Маған                	 linguistic	         	                               	 Begin=404.117
219-1   	 SPK0027	 Continuing 	   219	 мешать               	 мешать               	 linguistic
219-2   	 SPK0027	 Continuing 	   219	 етпейін,             	 етпейін              	 linguistic	         	                               	 End=405.632
220-0   	 SPK0027	 Falling    	   220	 @деп                 	 @деп                 	 linguistic	         	                               	 Begin=405.632
220-1   	 SPK0027	 Falling    	   220	 @жатқан              	 @жатқан              	 linguistic
220-2   	 SPK0027	 Falling    	   220	 @.                   	 @                    	 linguistic	         	                               	 End=406.171
221-0   	 SPK0032	 Falling    	   221	 Аа.                  	 Аа                   	 linguistic	         	                               	 Begin=406.140|End=406.929
222-0   	 SPK0027	 Falling    	   222	 Маған                	 Маған                	 linguistic	         	                               	 Begin=406.820
222-1   	 SPK0027	 Falling    	   222	 мешать               	 мешать               	 linguistic
222-2   	 SPK0027	 Falling    	   222	 етпейінші            	 етпейінші            	 linguistic
222-3   	 SPK0027	 Falling    	   222	 деп                  	 деп                  	 linguistic
222-4   	 SPK0027	 Falling    	   222	 жатқан               	 жатқан               	 linguistic
222-5   	 SPK0027	 Falling    	   222	 шығар.               	 шығар                	 linguistic	         	                               	 End=408.757
223-0   	 SPK0032	 Falling    	   223	 Ее.                  	 Ее                   	 linguistic	         	                               	 Begin=409.925|End=410.164
224-0   	 SPK0032	 Continuing 	   224	 Мынасын,             	 Мынасын              	 linguistic	         	                               	 Begin=410.170|End=410.669
225-0   	 SPK0032	 Falling    	   225	 істеп                	 істеп                	 linguistic	         	                               	 Begin=410.669
225-1   	 SPK0032	 Falling    	   225	 алсын                	 алсын                	 linguistic
225-2   	 SPK0032	 Falling    	   225	 деп                  	 деп                  	 linguistic
225-3   	 SPK0032	 Falling    	   225	 пе.                  	 пе                   	 linguistic	         	                               	 End=411.595
226-0   	 SPK0027	 Continuing 	   226	 Осы                  	 Осы                  	 linguistic	         	                               	 Begin=411.333
226-1   	 SPK0027	 Continuing 	   226	 бір                  	 бір                  	 linguistic
226-2   	 SPK0027	 Continuing 	   226	 @,                   	 @                    	 linguistic	         	                               	 End=412.503
227-0   	 SPK0027	 Falling    	   227	 иә.                  	 иә                   	 linguistic	         	                               	 Begin=412.515|End=412.833
228-0   	 SPK0027	 Falling    	   228	 Мен                  	 Мен                  	 linguistic	         	                               	 Begin=413.282
228-1   	 SPK0027	 Falling    	   228	 пысықпын             	 пысықпын             	 linguistic
228-2   	 SPK0027	 Falling    	   228	 ғой.                 	 ғой                  	 linguistic	         	                               	 End=414.095
229-0   	 SPK0027	 Falling    	   229	 Тез-тез              	 Тез-тез              	 linguistic	         	                               	 Begin=414.095
229-1   	 SPK0027	 Falling    	   229	 істеймін             	 істеймін             	 linguistic
229-2   	 SPK0027	 Falling    	   229	 бәрін.               	 бәрін                	 linguistic	         	                               	 End=415.031
230-0   	 SPK0027	 undefined  	   230	 @@@                  	 @@@                  	 linguistic	 _       	                               	 Begin=415.031|End=415.723
231-0   	 SPK0027	 Continuing 	   231	 Жартысын,            	 Жартысын             	 linguistic	         	                               	 Begin=419.677|End=420.104
232-0   	 SPK0027	 Continuing 	   232	 лақтырып             	 лақтырып             	 linguistic	         	                               	 Begin=420.104
232-1   	 SPK0027	 Continuing 	   232	 жіберген             	 жіберген             	 linguistic
232-2   	 SPK0027	 Continuing 	   232	 шығарсың             	 шығарсың             	 linguistic
232-3   	 SPK0027	 Continuing 	   232	 деп,                 	 деп                  	 linguistic	         	                               	 End=421.193
233-0   	 SPK0027	 Falling    	   233	 сөйлеп               	 сөйлеп               	 linguistic	         	                               	 Begin=421.200
233-1   	 SPK0027	 Falling    	   233	 келеді               	 келеді               	 linguistic
233-2   	 SPK0027	 Falling    	   233	 қазір.               	 қазір                	 linguistic	         	                               	 End=422.472
234-0   	 SPK0032	 Rising     	   234	 Лақтырып             	 Лақтырып             	 linguistic	         	                               	 Begin=423.121
234-1   	 SPK0032	 Rising     	   234	 жібердің             	 жібердің             	 linguistic
234-2   	 SPK0032	 Rising     	   234	 бе                   	 бе                   	 linguistic
234-3   	 SPK0032	 Rising     	   234	 деп                  	 деп                  	 linguistic
234-4   	 SPK0032	 Rising     	   234	 пе?                  	 пе                   	 linguistic	         	                               	 End=424.622
235-0   	 SPK0027	 Falling    	   235	 Иә.                  	 Иә                   	 linguistic	         	                               	 Begin=424.606|End=424.961
236-0   	 SPK0032	 Continuing 	   236	 Лақтырған,           	 Лақтырған            	 linguistic	         	                               	 Begin=426.890|End=427.622
237-0   	 SPK0032	 Rising     	   237	 түк                  	 түк                  	 linguistic	         	                               	 Begin=427.640
237-1   	 SPK0032	 Rising     	   237	 те                   	 те                   	 linguistic
237-2   	 SPK0032	 Rising     	   237	 жоқ?                 	 жоқ                  	 linguistic	         	                               	 End=428.239
238-0   	 SPK0032	 Continuing 	   238	 Біздің               	 Біздің               	 linguistic	         	                               	 Begin=441.829
238-1   	 SPK0032	 Continuing 	   238	 ¬Кеңесхан,           	 Кеңесхан             	 linguistic	         	 Anonymized=Yes                	 End=443.000
239-0   	 SPK0032	 Continuing 	   239	 әкімнің,             	 әкімнің              	 linguistic	         	                               	 Begin=443.019|End=443.993
240-0   	 SPK0032	 Falling    	   240	 бірдеңесі            	 бірдеңесі            	 linguistic	         	                               	 Begin=443.993
240-1   	 SPK0032	 Falling    	   240	 болып                	 болып                	 linguistic
240-2   	 SPK0032	 Falling    	   240	 сайланыпты           	 сайланыпты           	 linguistic
240-3   	 SPK0032	 Falling    	   240	 деймін               	 деймін               	 linguistic
240-4   	 SPK0032	 Falling    	   240	 әйту.                	 әйту                 	 linguistic	         	                               	 End=446.301
241-0   	 SPK0032	 Falling    	   241	 ¬Кеңесханды          	 Кеңесханды           	 linguistic	         	 Anonymized=Yes                	 Begin=447.102
241-1   	 SPK0032	 Falling    	   241	 айтамын.             	 айтамын              	 linguistic	         	                               	 End=448.285
242-0   	 SPK0027	 Continuing 	   242	 Замның,              	 Замның               	 linguistic	         	                               	 Begin=448.189|End=448.867
243-0   	 SPK0027	 Continuing 	   243	 әкімнің,             	 әкімнің              	 linguistic	         	                               	 Begin=448.951|End=449.627
244-0   	 SPK0027	 Falling    	   244	 замының              	 замының              	 linguistic	         	                               	 Begin=449.629
244-1   	 SPK0027	 Falling    	   244	 көмекшісі.           	 көмекшісі            	 linguistic	         	                               	 End=450.984
245-0   	 SPK0032	 Falling    	   245	 Замның               	 Замның               	 linguistic	         	                               	 Begin=453.135
245-1   	 SPK0032	 Falling    	   245	 көмекшісі            	 көмекшісі            	 linguistic
245-2   	 SPK0032	 Falling    	   245	 ғой                  	 ғой                  	 linguistic
245-3   	 SPK0032	 Falling    	   245	 иә.                  	 иә                   	 linguistic	         	                               	 End=454.961
246-0   	 SPK0027	 Falling    	   246	 Иә.                  	 Иә                   	 linguistic	         	                               	 Begin=454.541|End=455.129
247-0   	 SPK0032	 Continuing 	   247	 Содан,               	 Содан                	 linguistic	         	                               	 Begin=456.663|End=457.042
248-0   	 SPK0032	 Continuing 	   248	 ¬Талғатқа            	 Талғатқа             	 linguistic	         	 Anonymized=Yes                	 Begin=457.047
248-1   	 SPK0032	 Continuing 	   248	 звандап,             	 звандап              	 linguistic	         	                               	 End=458.154
249-0   	 SPK0032	 Continuing 	   249	 жұмыс                	 жұмыс                	 linguistic	         	                               	 Begin=458.154
249-1   	 SPK0032	 Continuing 	   249	 тауып                	 тауып                	 linguistic
249-2   	 SPK0032	 Continuing 	   249	 қойдым,              	 қойдым               	 linguistic	         	                               	 End=459.265
250-0   	 SPK0032	 Continuing 	   250	 келсін               	 келсін               	 linguistic	         	                               	 Begin=459.265
250-1   	 SPK0032	 Continuing 	   250	 дейді,               	 дейді                	 linguistic	         	                               	 End=460.117
251-0   	 SPK0032	 Falling    	   251	 #                    	 #                    	 unknown   	 _       	                               	 Begin=460.668|End=460.987
252-0   	 SPK0032	 Continuing 	   252	 Әгі                  	 Әгі                  	 linguistic	         	                               	 Begin=461.069
252-1   	 SPK0032	 Continuing 	   252	 оқуына               	 оқуына               	 linguistic
252-2   	 SPK0032	 Continuing 	   252	 да,                  	 да                   	 linguistic	         	                               	 End=462.292
253-0   	 SPK0032	 Continuing 	   253	 бәріне,              	 бәріне               	 linguistic	         	                               	 Begin=462.292|End=463.184
254-0   	 SPK0032	 Continuing 	   254	 барып                	 барып                	 linguistic	         	                               	 Begin=463.199
254-1   	 SPK0032	 Continuing 	   254	 тұрады,              	 тұрады               	 linguistic	         	                               	 End=463.720
255-0   	 SPK0032	 Falling    	   255	 жарысына             	 жарысына             	 linguistic	         	                               	 Begin=463.722
255-1   	 SPK0032	 Falling    	   255	 да                   	 да                   	 linguistic
255-2   	 SPK0032	 Falling    	   255	 деп.                 	 деп                  	 linguistic	         	                               	 End=464.794
256-0   	 SPK0027	 Falling    	   256	 Аха.                 	 Аха                  	 linguistic	         	                               	 Begin=465.292|End=465.779
257-0   	 SPK0032	 Falling    	   257	 Ол                   	 Ол                   	 linguistic	         	                               	 Begin=465.839
257-1   	 SPK0032	 Falling    	   257	 барған.              	 барған               	 linguistic	         	                               	 End=466.642
258-0   	 SPK0032	 Falling    	   258	 Білмеймін            	 Білмеймін            	 linguistic	         	                               	 Begin=466.666
258-1   	 SPK0032	 Falling    	   258	 соны.                	 соны                 	 linguistic	         	                               	 End=467.317
259-0   	 SPK0032	 Continuing 	   259	 Тос                  	 Тос                  	 linguistic	         	                               	 Begin=467.339
259-1   	 SPK0032	 Continuing 	   259	 деген                	 деген                	 linguistic
259-2   	 SPK0032	 Continuing 	   259	 бе,                  	 бе                   	 linguistic	         	                               	 End=468.315
260-0   	 SPK0032	 Falling    	   260	 тегі.                	 тегі                 	 linguistic	         	                               	 Begin=468.647|End=469.257
261-0   	 SPK0027	 Falling    	   261	 Немене               	 Немене               	 linguistic	         	                               	 Begin=469.194
261-1   	 SPK0027	 Falling    	   261	 жұмыс.               	 жұмыс                	 linguistic	         	                               	 End=470.294
262-0   	 SPK0032	 Falling    	   262	 Сол                  	 Сол                  	 linguistic	         	                               	 Begin=471.331
262-1   	 SPK0032	 Falling    	   262	 әкімнің              	 әкімнің              	 linguistic
262-2   	 SPK0032	 Falling    	   262	 несінде              	 несінде              	 linguistic
262-3   	 SPK0032	 Falling    	   262	 істейді.             	 істейді              	 linguistic	         	                               	 End=472.838
263-0   	 SPK0032	 Falling    	   263	 Сол                  	 Сол                  	 linguistic	         	                               	 Begin=473.179
263-1   	 SPK0032	 Falling    	   263	 жерде                	 жерде                	 linguistic
263-2   	 SPK0032	 Falling    	   263	 бірдеңе              	 бірдеңе              	 linguistic
263-3   	 SPK0032	 Falling    	   263	 істейді.             	 істейді              	 linguistic	         	                               	 End=474.489
264-0   	 SPK0032	 Continuing 	   264	 Шауып                	 Шауып                	 linguistic	         	                               	 Begin=474.536
264-1   	 SPK0032	 Continuing 	   264	 кел,                 	 кел                  	 linguistic	         	                               	 End=475.100
265-0   	 SPK0032	 Falling    	   265	 барып                	 барып                	 linguistic	         	                               	 Begin=475.116
265-1   	 SPK0032	 Falling    	   265	 келдер               	 келдер               	 linguistic
265-2   	 SPK0032	 Falling    	   265	 ғой                  	 ғой                  	 linguistic
265-3   	 SPK0032	 Falling    	   265	 деймін.              	 деймін               	 linguistic	         	                               	 End=476.056
266-0   	 SPK0032	 Continuing 	   266	 Мынау                	 Мынау                	 linguistic	         	                               	 Begin=478.809
266-1   	 SPK0032	 Continuing 	   266	 ұлдың,               	 ұлдың                	 linguistic	         	                               	 End=479.500
267-0   	 SPK0032	 Rising     	   267	 түрін                	 түрін                	 linguistic	         	                               	 Begin=479.500
267-1   	 SPK0032	 Rising     	   267	 көрдің               	 көрдің               	 linguistic
267-2   	 SPK0032	 Rising     	   267	 бе                   	 бе                   	 linguistic
267-3   	 SPK0032	 Rising     	   267	 сен?                 	 сен                  	 linguistic	         	                               	 End=480.433
268-0   	 SPK0032	 Rising     	   268	 Көрген               	 Көрген               	 linguistic	         	                               	 Begin=480.529
268-1   	 SPK0032	 Rising     	   268	 жоқсың               	 жоқсың               	 linguistic
268-2   	 SPK0032	 Rising     	   268	 иә?                  	 иә                   	 linguistic	         	                               	 End=481.626
269-0   	 SPK0027	 Continuing 	   269	 Әне                  	 Әне                  	 linguistic	         	                               	 Begin=485.126
269-1   	 SPK0027	 Continuing 	   269	 көрген               	 көрген               	 linguistic
269-2   	 SPK0027	 Continuing 	   269	 кісі,                	 кісі                 	 linguistic	         	                               	 End=486.149
270-0   	 SPK0027	 Falling    	   270	 үйде.                	 үйде                 	 linguistic	         	                               	 Begin=486.157|End=486.752
271-0   	 SPK0032	 Falling    	   271	 А.                   	 А                    	 linguistic	         	                               	 Begin=487.110|End=487.616
272-0   	 SPK0027	 Continuing 	   272	 ¬Сәкөш,              	 Сәкөш                	 linguistic	         	 Anonymized=Yes                	 Begin=487.752|End=488.094
273-0   	 SPK0027	 Falling    	   273	 ¬Бекзат              	 Бекзат               	 linguistic	         	 Anonymized=Yes                	 Begin=488.094
273-1   	 SPK0027	 Falling    	   273	 көрген.              	 көрген               	 linguistic	         	                               	 End=488.860
274-0   	 SPK0032	 Rising     	   274	 Түрін                	 Түрін                	 linguistic	         	                               	 Begin=490.768
274-1   	 SPK0032	 Rising     	   274	 бе?                  	 бе                   	 linguistic	         	                               	 End=491.815
275-0   	 SPK0027	 Falling    	   275	 Иә.                  	 Иә                   	 linguistic	         	                               	 Begin=491.494|End=491.821
276-0   	 SPK0032	 Continuing 	   276	 Бірақ                	 Бірақ                	 linguistic	         	                               	 Begin=493.565
276-1   	 SPK0032	 Continuing 	   276	 ол,                  	 ол                   	 linguistic	         	                               	 End=494.252
277-0   	 SPK0032	 Falling    	   277	 кіти                 	 кіти                 	 linguistic	         	                               	 Begin=494.260
277-1   	 SPK0032	 Falling    	   277	 ғой.                 	 ғой                  	 linguistic	         	                               	 End=494.895
278-0   	 SPK0014	 Continuing 	   278	 Кімнің,              	 Кімнің               	 linguistic	         	                               	 Begin=495.558|End=496.039
279-0   	 SPK0014	 Falling    	   279	 түрін.               	 түрін                	 linguistic	         	                               	 Begin=496.042|End=496.573
280-0   	 SPK0027	 Falling    	   280	 ¬Кеңсханның          	 Кеңсханның           	 linguistic	         	 Anonymized=Yes                	 Begin=499.703
280-1   	 SPK0027	 Falling    	   280	 ұлы.                 	 ұлы                  	 linguistic	         	                               	 End=500.784
281-0   	 SPK0032	 Continuing 	   281	 Осының               	 Осының               	 linguistic	         	                               	 Begin=500.121
281-1   	 SPK0032	 Continuing 	   281	 атын,                	 атын                 	 linguistic	         	                               	 End=500.963
282-0   	 SPK0032	 Falling    	   282	 ой-                  	 ой                   	 linguistic	         	 Interrupted=Yes               	 Begin=500.981
282-1   	 SPK0032	 Falling    	   282	 ойладым.             	 ойладым              	 linguistic	         	                               	 End=502.224
283-0   	 SPK0014	 Continuing 	   283	 Ой,                  	 Ой                   	 linguistic	         	                               	 Begin=501.442|End=501.858
284-0   	 SPK0014	 Falling    	   284	 маған                	 маған                	 linguistic	         	                               	 Begin=501.858
284-1   	 SPK0014	 Falling    	   284	 бәрі                 	 бәрі                 	 linguistic
284-2   	 SPK0014	 Falling    	   284	 бірдей.              	 бірдей               	 linguistic	         	                               	 End=502.950
285-0   	 SPK0027	 Continuing 	   285	 Бәрі                 	 Бәрі                 	 linguistic	         	                               	 Begin=504.577
285-1   	 SPK0027	 Continuing 	   285	 бірей                	 бірей                	 linguistic
285-2   	 SPK0027	 Continuing 	   285	 дейді,               	 дейді                	 linguistic	         	                               	 End=505.766
286-0   	 SPK0027	 Falling    	   286	 мама.                	 мама                 	 linguistic	         	                               	 Begin=505.769|End=506.126
287-0   	 SPK0032	 Falling    	   287	 Аа.                  	 Аа                   	 linguistic	         	                               	 Begin=506.231|End=506.907
288-0   	 SPK0027	 Falling    	   288	 Бәрі                 	 Бәрі                 	 linguistic	         	                               	 Begin=507.226
288-1   	 SPK0027	 Falling    	   288	 бірдей               	 бірдей               	 linguistic
288-2   	 SPK0027	 Falling    	   288	 дейді.               	 дейді                	 linguistic	         	                               	 End=508.333
289-0   	 SPK0032	 undefined  	   289	 @                    	 @                    	 linguistic	 _       	                               	 Begin=508.552|End=509.094
290-0   	 SPK0032	 Falling    	   290	 Пұшық                	 Пұшық                	 linguistic	         	                               	 Begin=509.521
290-1   	 SPK0032	 Falling    	   290	 па.                  	 па                   	 linguistic	         	                               	 End=510.211
291-0   	 SPK0014	 Continuing 	   291	 ¬Кеңесхан,           	 Кеңесхан             	 linguistic	         	 Anonymized=Yes                	 Begin=511.141|End=511.620
292-0   	 SPK0014	 Continuing 	   292	 барлығы,             	 барлығы              	 linguistic	         	                               	 Begin=511.620|End=512.421
293-0   	 SPK0014	 Continuing 	   293	 басқа                	 басқа                	 linguistic	         	                               	 Begin=512.440
293-1   	 SPK0014	 Continuing 	   293	 ешкімге,             	 ешкімге              	 linguistic	         	                               	 End=513.158
294-0   	 SPK0014	 Falling    	   294	 қарамайды            	 қарамайды            	 linguistic	         	                               	 Begin=513.158
294-1   	 SPK0014	 Falling    	   294	 олар.                	 олар                 	 linguistic	         	                               	 End=513.760
295-0   	 SPK0014	 Falling    	   295	 ####                 	 ####                 	 unknown   	 _       	                               	 Begin=514.721|End=515.416
296-0   	 SPK0014	 Falling    	   296	 Сізге                	 Сізге                	 linguistic	         	                               	 Begin=515.416
296-1   	 SPK0014	 Falling    	   296	 ұқсамайды            	 ұқсамайды            	 linguistic
296-2   	 SPK0014	 Falling    	   296	 ешқайсысы.           	 ешқайсысы            	 linguistic	         	                               	 End=516.494
297-0   	 SPK0014	 Falling    	   297	 ###                  	 ###                  	 unknown   	 _       	                               	 Begin=516.494|End=517.552
298-0   	 SPK0032	 Rising     	   298	 ¬Кеңесхан            	 Кеңесхан             	 linguistic	         	 Anonymized=Yes                	 Begin=517.903
298-1   	 SPK0032	 Rising     	   298	 сияқты               	 сияқты               	 linguistic
298-2   	 SPK0032	 Rising     	   298	 дей                  	 дей                  	 linguistic
298-3   	 SPK0032	 Rising     	   298	 ме?                  	 ме                   	 linguistic	         	                               	 End=519.129
299-0   	 SPK0027	 Falling    	   299	 Аха.                 	 Аха                  	 linguistic	         	                               	 Begin=519.891|End=520.659
300-0   	 SPK0032	 Continuing 	   300	 Жоқ                  	 Жоқ                  	 linguistic	         	                               	 Begin=522.365
300-1   	 SPK0032	 Continuing 	   300	 ана                  	 ана                  	 linguistic
300-2   	 SPK0032	 Continuing 	   300	 үлкен                	 үлкен                	 linguistic
300-3   	 SPK0032	 Continuing 	   300	 қызының              	 қызының              	 linguistic
300-4   	 SPK0032	 Continuing 	   300	 тұмсығы,             	 тұмсығы              	 linguistic	         	                               	 End=523.847
301-0   	 SPK0032	 Falling    	   301	 пістиген             	 пістиген             	 linguistic	         	                               	 Begin=523.865
301-1   	 SPK0032	 Falling    	   301	 ей.                  	 ей                   	 linguistic	         	                               	 End=524.780
302-0   	 SPK0027	 Rising     	   302	 Менің                	 Менің                	 linguistic	         	                               	 Begin=525.515
302-1   	 SPK0027	 Rising     	   302	 қызым                	 қызым                	 linguistic
302-2   	 SPK0027	 Rising     	   302	 ба?                  	 ба                   	 linguistic	         	                               	 End=526.334
303-0   	 SPK0032	 Falling    	   303	 Иә.                  	 Иә                   	 linguistic	         	                               	 Begin=526.422|End=526.798
304-0   	 SPK0027	 Falling    	   304	 Маған                	 Маған                	 linguistic	         	                               	 Begin=527.372
304-1   	 SPK0027	 Falling    	   304	 тартқан              	 тартқан              	 linguistic
304-2   	 SPK0027	 Falling    	   304	 ол.                  	 ол                   	 linguistic	         	                               	 End=528.078
305-0   	 SPK0032	 Falling    	   305	 Әйбәт.               	 Әйбәт                	 linguistic	         	                               	 Begin=528.767|End=529.366
306-0   	 SPK0032	 Falling    	   306	 Қыз                  	 Қыз                  	 linguistic	         	                               	 Begin=530.001
306-1   	 SPK0032	 Falling    	   306	 болып                	 болып                	 linguistic
306-2   	 SPK0032	 Falling    	   306	 қалыпты.             	 қалыпты              	 linguistic	         	                               	 End=530.677
307-0   	 SPK0032	 Falling    	   307	 Шашын                	 Шашын                	 linguistic	         	                               	 Begin=530.689
307-1   	 SPK0032	 Falling    	   307	 түйіп.               	 түйіп                	 linguistic	         	                               	 End=531.619
308-0   	 SPK0027	 Continuing 	   308	 Ойбай                	 Ойбай                	 linguistic	         	                               	 Begin=531.965
308-1   	 SPK0027	 Continuing 	   308	 мына,                	 мына                 	 linguistic	         	                               	 End=532.615
309-0   	 SPK0027	 Continuing 	   309	 менің                	 менің                	 linguistic	         	                               	 Begin=532.615
309-1   	 SPK0027	 Continuing 	   309	 ұлым,                	 ұлым                 	 linguistic	         	                               	 End=533.373
310-0   	 SPK0027	 Falling    	   310	 есін                 	 есін                 	 linguistic	         	                               	 Begin=533.373
310-1   	 SPK0027	 Falling    	   310	 шығарыпты            	 шығарыпты            	 linguistic
310-2   	 SPK0027	 Falling    	   310	 ғой.                 	 ғой                  	 linguistic	         	                               	 End=534.199
311-0   	 SPK0032	 Continuing 	   311	 Кісіні               	 Кісіні               	 linguistic	         	                               	 Begin=534.742
311-1   	 SPK0032	 Continuing 	   311	 көрсе,               	 көрсе                	 linguistic	         	                               	 End=535.727
312-0   	 SPK0032	 Falling    	   312	 осы                  	 осы                  	 linguistic	         	                               	 Begin=536.304
312-1   	 SPK0032	 Falling    	   312	 қашатын.             	 қашатын              	 linguistic	         	                               	 End=537.308
313-0   	 SPK0032	 Continuing 	   313	 Мен                  	 Мен                  	 linguistic	         	                               	 Begin=537.340
313-1   	 SPK0032	 Continuing 	   313	 сонда                	 сонда                	 linguistic
313-2   	 SPK0032	 Continuing 	   313	 ойлайтынмын,         	 ойлайтынмын          	 linguistic	         	                               	 End=538.252
314-0   	 SPK0032	 Continuing 	   314	 мынау                	 мынау                	 linguistic	         	                               	 Begin=538.252
314-1   	 SPK0032	 Continuing 	   314	 аутизм               	 аутизм               	 linguistic
314-2   	 SPK0032	 Continuing 	   314	 бе,                  	 бе                   	 linguistic	         	                               	 End=539.231
315-0   	 SPK0032	 Interrupted	   315	 недеген—             	 недеген              	 linguistic	         	 Interrupted=Yes               	 Begin=539.252|End=540.271
316-0   	 SPK0014	 Continuing 	   316	 Ойбай                	 Ойбай                	 linguistic	         	                               	 Begin=539.454
316-1   	 SPK0014	 Continuing 	   316	 апа,                 	 апа                  	 linguistic	         	                               	 End=540.599
317-0   	 SPK0014	 Continuing 	   317	 құдай                	 құдай                	 linguistic	         	                               	 Begin=540.599
317-1   	 SPK0014	 Continuing 	   317	 сақтасын,            	 сақтасын             	 linguistic	         	                               	 End=541.304
318-0   	 SPK0014	 Falling    	   318	 ана                  	 ана                  	 linguistic	         	                               	 Begin=541.304
318-1   	 SPK0014	 Falling    	   318	 қыздан.              	 қыздан               	 linguistic	         	                               	 End=542.321
319-0   	 SPK0032	 Falling    	   319	 А.                   	 А                    	 linguistic	         	                               	 Begin=542.042|End=542.515
320-0   	 SPK0014	 Continuing 	   320	 Анау,                	 Анау                 	 linguistic	         	                               	 Begin=542.813|End=543.398
321-0   	 SPK0014	 Falling    	   321	 бандит.              	 бандит               	 linguistic	         	                               	 Begin=544.158|End=544.590
322-0   	 SPK0032	 Falling    	   322	 Қайсы.               	 Қайсы                	 linguistic	         	                               	 Begin=545.173|End=545.589
323-0   	 SPK0032	 Rising     	   323	 үлкен                	 үлкен                	 linguistic	         	                               	 Begin=545.589
323-1   	 SPK0032	 Rising     	   323	 қыз                  	 қыз                  	 linguistic
323-2   	 SPK0032	 Rising     	   323	 ба?                  	 ба                   	 linguistic	         	                               	 End=546.212
324-0   	 SPK0014	 Falling    	   324	 Жоқ.                 	 Жоқ                  	 linguistic	         	                               	 Begin=546.221|End=546.805
325-0   	 SPK0014	 Falling    	   325	 Иә.                  	 Иә                   	 linguistic	         	                               	 Begin=546.876|End=547.180
326-0   	 SPK0032	 Falling    	   326	 Аа.                  	 Аа                   	 linguistic	         	                               	 Begin=547.623|End=548.012
327-0   	 SPK0014	 Falling    	   327	 Иә.                  	 Иә                   	 linguistic	         	                               	 Begin=548.157|End=548.596
328-0   	 SPK0014	 Falling    	   328	 Үлкен                	 Үлкен                	 linguistic	         	                               	 Begin=548.596
328-1   	 SPK0014	 Falling    	   328	 қыз.                 	 қыз                  	 linguistic	         	                               	 End=549.001
329-0   	 SPK0014	 Falling    	   329	 Төбелеседі           	 Төбелеседі           	 linguistic	         	                               	 Begin=549.972
329-1   	 SPK0014	 Falling    	   329	 адаммен.             	 адаммен              	 linguistic	         	                               	 End=551.189
330-0   	 SPK0014	 Continuing 	   330	 Істеме               	 Істеме               	 linguistic	         	                               	 Begin=552.103
330-1   	 SPK0014	 Continuing 	   330	 деген                	 деген                	 linguistic
330-2   	 SPK0014	 Continuing 	   330	 не-                  	 не                   	 linguistic	         	 Interrupted=Yes
330-3   	 SPK0014	 Continuing 	   330	 нәрсе-,              	 нәрсе                	 linguistic	         	 Interrupted=Yes               	 End=553.130
331-0   	 SPK0014	 Falling    	   331	 істейді.             	 істейді              	 linguistic	         	                               	 Begin=553.130|End=553.861
332-0   	 SPK0014	 Falling    	   332	 Шыбжық               	 Шыбжық               	 linguistic	         	                               	 Begin=553.861
332-1   	 SPK0014	 Falling    	   332	 қыз                  	 қыз                  	 linguistic
332-2   	 SPK0014	 Falling    	   332	 екен.                	 екен                 	 linguistic	         	                               	 End=554.676
333-0   	 SPK0014	 Continuing 	   333	 Ырбың-ырбың,         	 Ырбың-ырбың          	 linguistic	         	                               	 Begin=554.691|End=555.400
334-0   	 SPK0014	 Falling    	   334	 @@                   	 @@                   	 linguistic	 _       	                               	 Begin=555.400|End=555.748
335-0   	 SPK0032	 Continuing 	   335	 Шыбжық,              	 Шыбжық               	 linguistic	         	                               	 Begin=555.850|End=556.326
336-0   	 SPK0032	 Falling    	   336	 шыбжық.              	 шыбжық               	 linguistic	         	                               	 Begin=556.326|End=556.694
337-0   	 SPK0014	 Falling    	   337	 Өте                  	 Өте                  	 linguistic	         	                               	 Begin=556.776
337-1   	 SPK0014	 Falling    	   337	 шыбжық               	 шыбжық               	 linguistic
337-2   	 SPK0014	 Falling    	   337	 қыз                  	 қыз                  	 linguistic
337-3   	 SPK0014	 Falling    	   337	 екен.                	 екен                 	 linguistic	         	                               	 End=557.834
338-0   	 SPK0014	 Falling    	   338	 #####                	 #####                	 unknown   	 _       	                               	 Begin=558.765|End=559.873
339-0   	 SPK0027	 Continuing 	   339	 Мынаны               	 Мынаны               	 linguistic	         	                               	 Begin=561.580
339-1   	 SPK0027	 Continuing 	   339	 компотқа             	 компотқа             	 linguistic
339-2   	 SPK0027	 Continuing 	   339	 деп,                 	 деп                  	 linguistic	         	                               	 End=562.434
340-0   	 SPK0014	 Continuing 	   340	 Мынандай,            	 Мынандай             	 linguistic	         	                               	 Begin=561.930|End=562.761
341-0   	 SPK0027	 Falling    	   341	 мынаған              	 мынаған              	 linguistic	         	                               	 Begin=562.434
341-1   	 SPK0027	 Falling    	   341	 сала                 	 сала                 	 linguistic
341-2   	 SPK0027	 Falling    	   341	 салшы.               	 салшы                	 linguistic	         	                               	 End=563.373
342-0   	 SPK0014	 Rising     	   342	 терезенің            	 терезенің            	 linguistic	         	                               	 Begin=563.242
342-1   	 SPK0014	 Rising     	   342	 үстіне               	 үстіне               	 linguistic
342-2   	 SPK0014	 Rising     	   342	 шығып                	 шығып                	 linguistic
342-3   	 SPK0014	 Rising     	   342	 алады?               	 алады                	 linguistic	         	                               	 End=564.323
343-0   	 SPK0014	 Falling    	   343	 Подоконникқа.        	 Подоконникқа         	 linguistic	         	                               	 Begin=564.469|End=565.410
344-0   	 SPK0014	 Continuing 	   344	 Үстіне               	 Үстіне               	 linguistic	         	                               	 Begin=566.173
344-1   	 SPK0014	 Continuing 	   344	 шығады               	 шығады               	 linguistic
344-2   	 SPK0014	 Continuing 	   344	 да,                  	 да                   	 linguistic	         	                               	 End=566.761
345-0   	 SPK0014	 Falling    	   345	 жерге                	 жерге                	 linguistic	         	                               	 Begin=566.773
345-1   	 SPK0014	 Falling    	   345	 секіріп              	 секіріп              	 linguistic
345-2   	 SPK0014	 Falling    	   345	 кеп                  	 кеп                  	 linguistic
345-3   	 SPK0014	 Falling    	   345	 қалады.              	 қалады               	 linguistic	         	                               	 End=567.947
346-0   	 SPK0014	 Falling    	   346	 Қорықпайды           	 Қорықпайды           	 linguistic	         	                               	 Begin=568.565
346-1   	 SPK0014	 Falling    	   346	 ғой.                 	 ғой                  	 linguistic	         	                               	 End=569.170
347-0   	 SPK0032	 Falling    	   347	 Кім                  	 Кім                  	 linguistic	         	                               	 Begin=570.101
347-1   	 SPK0032	 Falling    	   347	 бе.                  	 бе                   	 linguistic	         	                               	 End=570.567
348-0   	 SPK0014	 Falling    	   348	 ¬Аружан.             	 Аружан               	 linguistic	         	 Anonymized=Yes                	 Begin=571.033|End=571.636
349-0   	 SPK0014	 Continuing 	   349	 Ана                  	 Ана                  	 linguistic	         	                               	 Begin=572.818
349-1   	 SPK0014	 Continuing 	   349	 кішкентай            	 кішкентай            	 linguistic
349-2   	 SPK0014	 Continuing 	   349	 қызды,               	 қызды                	 linguistic	         	                               	 End=573.672
350-0   	 SPK0014	 Falling    	   350	 бір                  	 бір                  	 linguistic	         	                               	 Begin=573.681
350-1   	 SPK0014	 Falling    	   350	 переді               	 переді               	 linguistic
350-2   	 SPK0014	 Falling    	   350	 екен.                	 екен                 	 linguistic	         	                               	 End=574.627
351-0   	 SPK0032	 Continuing 	   351	 Ой                   	 Ой                   	 linguistic	         	                               	 Begin=575.057
351-1   	 SPK0032	 Continuing 	   351	 кішкентай            	 кішкентай            	 linguistic
351-2   	 SPK0032	 Continuing 	   351	 шартығың,            	 шартығың             	 linguistic	         	                               	 End=576.326
352-0   	 SPK0032	 Falling    	   352	 пәле                 	 пәле                 	 linguistic	         	                               	 Begin=576.326
352-1   	 SPK0032	 Falling    	   352	 ол.                  	 ол                   	 linguistic	         	                               	 End=576.817
353-0   	 SPK0014	 Falling    	   353	 Жо:қ.                	 Жоқ                  	 linguistic	         	 Prolongation=1                	 Begin=577.042|End=577.495
354-0   	 SPK0014	 Continuing 	   354	 Наоборот,            	 Наоборот             	 linguistic	         	                               	 Begin=577.646|End=577.922
355-0   	 SPK0014	 Falling    	   355	 ол                   	 ол                   	 linguistic	         	                               	 Begin=577.922
355-1   	 SPK0014	 Falling    	   355	 не                   	 не                   	 linguistic
355-2   	 SPK0014	 Falling    	   355	 ғой.                 	 ғой                  	 linguistic	         	                               	 End=579.029
356-0   	 SPK0014	 Continuing 	   356	 Ол                   	 Ол                   	 linguistic	         	                               	 Begin=580.135
356-1   	 SPK0014	 Continuing 	   356	 вообще,              	 вообще               	 linguistic	         	                               	 End=580.666
357-0   	 SPK0014	 Falling    	   357	 үндемейді.           	 үндемейді            	 linguistic	         	                               	 Begin=580.679|End=581.079
358-0   	 SPK0032	 Falling    	   358	 Кішкене              	 Кішкене              	 linguistic	         	                               	 Begin=581.409
358-1   	 SPK0032	 Falling    	   358	 ғой                  	 ғой                  	 linguistic
358-2   	 SPK0032	 Falling    	   358	 ол.                  	 ол                   	 linguistic	         	                               	 End=582.019
359-0   	 SPK0032	 Falling    	   359	 Тамаққа              	 Тамаққа              	 linguistic	         	                               	 Begin=582.038
359-1   	 SPK0032	 Falling    	   359	 тойып                	 тойып                	 linguistic
359-2   	 SPK0032	 Falling    	   359	 алса                 	 алса                 	 linguistic
359-3   	 SPK0032	 Falling    	   359	 болды                	 болды                	 linguistic
359-4   	 SPK0032	 Falling    	   359	 дейді.               	 дейді                	 linguistic	         	                               	 End=583.769
360-0   	 SPK0032	 Continuing 	   360	 Әгі,                 	 Әгі                  	 linguistic	         	                               	 Begin=584.310|End=584.800
361-0   	 SPK0032	 Falling    	   361	 ¬Сәлім               	 Сәлім                	 linguistic	         	 Anonymized=Yes                	 Begin=584.803
361-1   	 SPK0032	 Falling    	   361	 атасы                	 атасы                	 linguistic
361-2   	 SPK0032	 Falling    	   361	 ұқсап.               	 ұқсап                	 linguistic	         	                               	 End=585.660
362-0   	 SPK0032	 Continuing 	   362	 Соны                 	 Соны                 	 linguistic	         	                               	 Begin=586.110
362-1   	 SPK0032	 Continuing 	   362	 ойладым,             	 ойладым              	 linguistic	         	                               	 End=587.108
363-0   	 SPK0032	 Continuing 	   363	 неше:                	 неше                 	 linguistic	         	 Prolongation=3                	 Begin=587.108
363-1   	 SPK0032	 Continuing 	   363	 түрлі,               	 түрлі                	 linguistic	         	                               	 End=587.853
364-0   	 SPK0032	 Continuing 	   364	 қазақтың             	 қазақтың             	 linguistic	         	                               	 Begin=587.853
364-1   	 SPK0032	 Continuing 	   364	 батырлары,           	 батырлары            	 linguistic	         	                               	 End=589.006
365-0   	 SPK0032	 Continuing 	   365	 әгі                  	 әгі                  	 linguistic	         	                               	 Begin=589.550
365-1   	 SPK0032	 Continuing 	   365	 атасына              	 атасына              	 linguistic
365-2   	 SPK0032	 Continuing 	   365	 ұйқас,               	 ұйқас                	 linguistic	         	                               	 End=590.757
366-0   	 SPK0032	 Continuing 	   366	 неге,                	 неге                 	 linguistic	         	                               	 Begin=590.757|End=591.210
367-0   	 SPK0032	 Falling    	   367	 қоймады.             	 қоймады              	 linguistic	         	                               	 Begin=592.540|End=593.173
368-0   	 SPK0032	 Falling    	   368	 ¬Сәлімге             	 Сәлімге              	 linguistic	         	 Anonymized=Yes                	 Begin=593.173
368-1   	 SPK0032	 Falling    	   368	 ұйқас                	 ұйқас                	 linguistic
368-2   	 SPK0032	 Falling    	   368	 қойғанша             	 қойғанша             	 linguistic
368-3   	 SPK0032	 Falling    	   368	 деп.                 	 деп                  	 linguistic	         	                               	 End=594.913
369-0   	 SPK0027	 Falling    	   369	 Кім                  	 Кім                  	 linguistic	         	                               	 Begin=595.667
369-1   	 SPK0027	 Falling    	   369	 деп                  	 деп                  	 linguistic
369-2   	 SPK0027	 Falling    	   369	 қойыпты.             	 қойыпты              	 linguistic	         	                               	 End=596.266
370-0   	 SPK0032	 Rising     	   370	 Абдулкәрім           	 Абдулкәрім           	 linguistic	         	                               	 Begin=596.565
370-1   	 SPK0032	 Rising     	   370	 дей                  	 дей                  	 linguistic
370-2   	 SPK0032	 Rising     	   370	 ме?                  	 ме                   	 linguistic	         	                               	 End=597.550
371-0   	 SPK0032	 Continuing 	   371	 Әугәрім              	 Әугәрім              	 linguistic	         	                               	 Begin=597.550
371-1   	 SPK0032	 Continuing 	   371	 дей                  	 дей                  	 linguistic
371-2   	 SPK0032	 Continuing 	   371	 ме,                  	 ме                   	 linguistic	         	                               	 End=598.346
372-0   	 SPK0027	 Falling    	   372	 Жо:қ.                	 Жоқ                  	 linguistic	         	 Prolongation=1                	 Begin=598.216|End=598.774
373-0   	 SPK0032	 Falling    	   373	 ###                  	 ###                  	 unknown   	 _       	                               	 Begin=598.353|End=599.103
374-0   	 SPK0027	 Falling    	   374	 Кәрім                	 Кәрім                	 linguistic	         	                               	 Begin=598.805
374-1   	 SPK0027	 Falling    	   374	 деген                	 деген                	 linguistic
374-2   	 SPK0027	 Falling    	   374	 сөз                  	 сөз                  	 linguistic
374-3   	 SPK0027	 Falling    	   374	 жоқ.                 	 жоқ                  	 linguistic	         	                               	 End=600.007
375-0   	 SPK0027	 Continuing 	   375	 Абуали               	 Абуали               	 linguistic	         	                               	 Begin=600.502
375-1   	 SPK0027	 Continuing 	   375	 ме,                  	 ме                   	 linguistic	         	                               	 End=601.701
376-0   	 SPK0027	 Falling    	   376	 Немене               	 Немене               	 linguistic	         	                               	 Begin=601.848
376-1   	 SPK0027	 Falling    	   376	 өзі.                 	 өзі                  	 linguistic	         	                               	 End=602.428
377-0   	 SPK0032	 Continuing 	   377	 Сонда                	 Сонда                	 linguistic	         	                               	 Begin=602.975
377-1   	 SPK0032	 Continuing 	   377	 әйту,                	 әйту                 	 linguistic	         	                               	 End=603.615
378-0   	 SPK0032	 Continuing 	   378	 Жантөре:,            	 Жантөре              	 linguistic	         	 Prolongation=6                	 Begin=603.615|End=604.645
379-0   	 SPK0032	 Continuing 	   379	 Күнтөре:,            	 Күнтөре              	 linguistic	         	 Prolongation=6                	 Begin=604.701|End=605.821
380-0   	 SPK0014	 Falling    	   380	 Жо:қ.                	 Жоқ                  	 linguistic	         	 Prolongation=1                	 Begin=605.080|End=605.425
381-0   	 SPK0014	 Continuing 	   381	 Олар,                	 Олар                 	 linguistic	         	                               	 Begin=605.425|End=605.998
382-0   	 SPK0014	 Falling    	   382	 қазір                	 қазір                	 linguistic	         	                               	 Begin=606.295
382-1   	 SPK0014	 Falling    	   382	 айтамын.             	 айтамын              	 linguistic	         	                               	 End=606.900
383-0   	 SPK0014	 Falling    	   383	 Қиын                 	 Қиын                 	 linguistic	         	                               	 Begin=607.019
383-1   	 SPK0014	 Falling    	   383	 ат.                  	 ат                   	 linguistic	         	                               	 End=607.623
384-0   	 SPK0014	 Continuing 	   384	 Ме-                  	 Ме                   	 linguistic	         	 Interrupted=Yes               	 Begin=607.626
384-1   	 SPK0014	 Continuing 	   384	 ме-                  	 ме                   	 linguistic	         	 Interrupted=Yes
384-2   	 SPK0014	 Continuing 	   384	 мен,                 	 мен                  	 linguistic	         	                               	 End=608.219
385-0   	 SPK0014	 Falling    	   385	 не                   	 не                   	 linguistic	         	                               	 Begin=608.219
385-1   	 SPK0014	 Falling    	   385	 запомнил             	 запомнил             	 linguistic
385-2   	 SPK0014	 Falling    	   385	 @оны.                	 @оны                 	 linguistic	         	                               	 End=608.911
386-0   	 SPK0014	 Continuing 	   386	 Үш                   	 Үш                   	 linguistic	         	                               	 Begin=608.911
386-1   	 SPK0014	 Continuing 	   386	 #                    	 #                    	 unknown   	 _       	                               	 End=609.128
387-0   	 SPK0014	 Falling    	   387	 үш                   	 үш                   	 linguistic	         	                               	 Begin=609.137
387-1   	 SPK0014	 Falling    	   387	 рет                  	 рет                  	 linguistic
387-2   	 SPK0014	 Falling    	   387	 сұрадым              	 сұрадым              	 linguistic
387-3   	 SPK0014	 Falling    	   387	 @.                   	 @                    	 linguistic	         	                               	 End=610.088
388-0   	 SPK0027	 Continuing 	   388	 Абдул,               	 Абдул                	 linguistic	         	                               	 Begin=610.091|End=611.104
389-0   	 SPK0014	 Continuing 	   389	 Абдул                	 Абдул                	 linguistic	         	                               	 Begin=611.305
389-1   	 SPK0014	 Continuing 	   389	 а-,                  	 а                    	 linguistic	         	 Interrupted=Yes               	 End=612.040
390-0   	 SPK0014	 Continuing 	   390	 кәрім:,              	 кәрім                	 linguistic	         	 Prolongation=4                	 Begin=612.766|End=613.513
391-0   	 SPK0027	 Falling    	   391	 азиз.                	 азиз                 	 linguistic	         	                               	 Begin=612.954|End=613.544
392-0   	 SPK0027	 Falling    	   392	 А-а.                 	 А-а                  	 linguistic	         	                               	 Begin=614.086|End=614.696
393-0   	 SPK0014	 Falling    	   393	 Абдулғали            	 Абдулғали            	 linguistic	         	                               	 Begin=614.829
393-1   	 SPK0014	 Falling    	   393	 ме                   	 ме                   	 linguistic
393-2   	 SPK0014	 Falling    	   393	 еді.                 	 еді                  	 linguistic	         	                               	 End=615.790
394-0   	 SPK0014	 Falling    	   394	 Абдулкарим           	 Абдулкарим           	 linguistic	         	                               	 Begin=615.809
394-1   	 SPK0014	 Falling    	   394	 ба.                  	 ба                   	 linguistic	         	                               	 End=616.639
395-0   	 SPK0014	 Rising     	   395	 Кім                  	 Кім                  	 linguistic	         	                               	 Begin=616.639
395-1   	 SPK0014	 Rising     	   395	 еді?                 	 еді                  	 linguistic	         	                               	 End=617.408
396-0   	 SPK0032	 Continuing 	   396	 Түріктің             	 Түріктің             	 linguistic	         	                               	 Begin=617.615
396-1   	 SPK0032	 Continuing 	   396	 аты                  	 аты                  	 linguistic
396-2   	 SPK0032	 Continuing 	   396	 ма,                  	 ма                   	 linguistic	         	                               	 End=618.388
397-0   	 SPK0032	 Continuing 	   397	 немене               	 немене               	 linguistic	         	                               	 Begin=618.388
397-1   	 SPK0032	 Continuing 	   397	 өзі,                 	 өзі                  	 linguistic	         	                               	 End=618.795
398-0   	 SPK0032	 Falling    	   398	 өлгені               	 өлгені               	 linguistic	         	                               	 Begin=618.795
398-1   	 SPK0032	 Falling    	   398	 құр-.                	 құр                  	 linguistic	         	 Interrupted=Yes               	 End=619.577
399-0   	 SPK0014	 Falling    	   399	 Жоқ.                 	 Жоқ                  	 linguistic	         	                               	 Begin=619.546|End=619.815
400-0   	 SPK0014	 Falling    	   400	 Ат.                  	 Ат                   	 linguistic	         	                               	 Begin=619.819|End=620.268
401-0   	 SPK0014	 Continuing 	   401	 Сондай,              	 Сондай               	 linguistic	         	                               	 Begin=620.567|End=621.270
402-0   	 SPK0014	 Rising     	   402	 діни                 	 діни                 	 linguistic	         	                               	 Begin=621.785
402-1   	 SPK0014	 Rising     	   402	 ат                   	 ат                   	 linguistic
402-2   	 SPK0014	 Rising     	   402	 қой                  	 қой                  	 linguistic
402-3   	 SPK0014	 Rising     	   402	 иә?                  	 иә                   	 linguistic	         	                               	 End=623.031
403-0   	 SPK0032	 Continuing 	   403	 Абдуләлем            	 Абдуләлем            	 linguistic	         	                               	 Begin=623.788
403-1   	 SPK0032	 Continuing 	   403	 бе,                  	 бе                   	 linguistic	         	                               	 End=625.061
404-0   	 SPK0032	 Falling    	   404	 бірдеңе.             	 бірдеңе              	 linguistic	         	                               	 Begin=625.065|End=625.526
405-0   	 SPK0014	 Continuing 	   405	 Абдулалим,           	 Абдулалим            	 linguistic	         	                               	 Begin=626.736|End=627.689
406-0   	 SPK0014	 Falling    	   406	 деді                 	 деді                 	 linguistic	         	                               	 Begin=627.689
406-1   	 SPK0014	 Falling    	   406	 ғой                  	 ғой                  	 linguistic
406-2   	 SPK0014	 Falling    	   406	 деймін.              	 деймін               	 linguistic	         	                               	 End=628.675
407-0   	 SPK0027	 Falling    	   407	 Азиз                 	 Азиз                 	 linguistic	 _       	                               	 Begin=628.053|End=628.530
408-0   	 SPK0027	 Rising     	   408	 Абдулалим            	 Абдулалим            	 linguistic	         	                               	 Begin=630.133
408-1   	 SPK0027	 Rising     	   408	 ба?                  	 ба                   	 linguistic	         	                               	 End=631.064
409-0   	 SPK0014	 Continuing 	   409	 Абдулалим,           	 Абдулалим            	 linguistic	         	                               	 Begin=631.176|End=631.896
410-0   	 SPK0014	 Falling    	   410	 ғой                  	 ғой                  	 linguistic	         	                               	 Begin=631.899
410-1   	 SPK0014	 Falling    	   410	 деймін.              	 деймін               	 linguistic	         	                               	 End=632.439
411-0   	 SPK0027	 Continuing 	   411	 Азиз                 	 Азиз                 	 linguistic	         	                               	 Begin=633.210
411-1   	 SPK0027	 Continuing 	   411	 деген,               	 деген                	 linguistic	         	                               	 End=634.068
412-0   	 SPK0027	 Falling    	   412	 кімдікі.             	 кімдікі              	 linguistic	         	                               	 Begin=634.072|End=634.790
413-0   	 SPK0014	 undefined  	   413	 Азиз                 	 Азиз                 	 linguistic	         	                               	 Begin=634.485
413-1   	 SPK0014	 undefined  	   413	 деген                	 деген                	 linguistic	         	                               	 End=635.152
414-0   	 SPK0014	 Falling    	   414	 ###                  	 ###                  	 unknown   	 _       	                               	 Begin=635.154
414-1   	 SPK0014	 Falling    	   414	 жоқ.                 	 жоқ                  	 linguistic	         	                               	 End=635.936
415-0   	 SPK0014	 Falling    	   415	 ##                   	 ##                   	 unknown   	 _       	                               	 Begin=635.953
415-1   	 SPK0014	 Falling    	   415	 деген                	 деген                	 linguistic
415-2   	 SPK0014	 Falling    	   415	 жоқ                  	 жоқ                  	 linguistic
415-3   	 SPK0014	 Falling    	   415	 ішінде.              	 ішінде               	 linguistic	         	                               	 End=637.081
416-0   	 SPK0027	 Continuing 	   416	 ¬Берметтікі          	 Берметтікі           	 linguistic	         	 Anonymized=Yes                	 Begin=638.896
416-1   	 SPK0027	 Continuing 	   416	 Азиз,                	 Азиз                 	 linguistic	         	                               	 End=639.923
417-0   	 SPK0027	 Continuing 	   417	 иә                   	 иә                   	 linguistic	         	                               	 Begin=639.923
417-1   	 SPK0027	 Continuing 	   417	 бізде,               	 бізде                	 linguistic	         	                               	 End=640.361
418-0   	 SPK0027	 Falling    	   418	 Абдулазиз.           	 Абдулазиз            	 linguistic	         	                               	 Begin=640.361|End=641.522
419-0   	 SPK0032	 Rising     	   419	 ¬Берметтің           	 Берметтің            	 linguistic	         	 Anonymized=Yes                	 Begin=641.766
419-1   	 SPK0032	 Rising     	   419	 ұлының               	 ұлының               	 linguistic
419-2   	 SPK0032	 Rising     	   419	 аты                  	 аты                  	 linguistic
419-3   	 SPK0032	 Rising     	   419	 ма?                  	 ма                   	 linguistic	         	                               	 End=642.888
420-0   	 SPK0027	 Falling    	   420	 Иә.                  	 Иә                   	 linguistic	         	                               	 Begin=642.726|End=643.326
421-0   	 SPK0032	 Falling    	   421	 Aaa.                 	 Aaa                  	 linguistic	         	                               	 Begin=644.242|End=644.854
422-0   	 SPK0032	 Continuing 	   422	 ¬Бермет,             	 Бермет               	 linguistic	         	 Anonymized=Yes                	 Begin=646.372|End=647.149
423-0   	 SPK0032	 Continuing 	   423	 ыыы,                 	 ыыы                  	 linguistic	         	                               	 Begin=647.560|End=647.992
424-0   	 SPK0032	 Continuing 	   424	 кімнің               	 кімнің               	 linguistic	         	                               	 Begin=648.006
424-1   	 SPK0032	 Continuing 	   424	 күйеуі,              	 күйеуі               	 linguistic	         	                               	 End=648.639
425-0   	 SPK0032	 Falling    	   425	 Алматыға             	 Алматыға             	 linguistic	         	                               	 Begin=648.639
425-1   	 SPK0032	 Falling    	   425	 кетіп                	 кетіп                	 linguistic
425-2   	 SPK0032	 Falling    	   425	 қалыпты              	 қалыпты              	 linguistic
425-3   	 SPK0032	 Falling    	   425	 деп                  	 деп                  	 linguistic
425-4   	 SPK0032	 Falling    	   425	 айтты                	 айтты                	 linguistic
425-5   	 SPK0032	 Falling    	   425	 дейді.               	 дейді                	 linguistic	         	                               	 End=650.700
426-0   	 SPK0032	 Falling    	   426	 ¬Жадыраның           	 Жадыраның            	 linguistic	         	 Anonymized=Yes                	 Begin=651.304
426-1   	 SPK0032	 Falling    	   426	 күйеуі.              	 күйеуі               	 linguistic	         	                               	 End=652.137
427-0   	 SPK0032	 Rising     	   427	 Сол                  	 Сол                  	 linguistic	         	                               	 Begin=652.137
427-1   	 SPK0032	 Rising     	   427	 кеткеннен            	 кеткеннен            	 linguistic
427-2   	 SPK0032	 Rising     	   427	 ол                   	 ол                   	 linguistic
427-3   	 SPK0032	 Rising     	   427	 кетіп                	 кетіп                	 linguistic
427-4   	 SPK0032	 Rising     	   427	 жүр                  	 жүр                  	 linguistic
427-5   	 SPK0032	 Rising     	   427	 ме                   	 ме                   	 linguistic
427-6   	 SPK0032	 Rising     	   427	 тегі?                	 тегі                 	 linguistic	         	                               	 End=653.881
428-0   	 SPK0027	 Falling    	   428	 Жоқ.                 	 Жоқ                  	 linguistic	         	                               	 Begin=654.606|End=654.881
429-0   	 SPK0027	 Falling    	   429	 Бір                  	 Бір                  	 linguistic	         	                               	 Begin=654.881
429-1   	 SPK0027	 Falling    	   429	 жұмыстарымен         	 жұмыстарымен         	 linguistic
429-2   	 SPK0027	 Falling    	   429	 кетті                	 кетті                	 linguistic
429-3   	 SPK0027	 Falling    	   429	 деп                  	 деп                  	 linguistic
429-4   	 SPK0027	 Falling    	   429	 отырған.             	 отырған              	 linguistic	         	                               	 End=656.454
430-0   	 SPK0032	 Falling    	   430	 Жұмысқа              	 Жұмысқа              	 linguistic	         	                               	 Begin=657.377
430-1   	 SPK0032	 Falling    	   430	 кеттік               	 кеттік               	 linguistic
430-2   	 SPK0032	 Falling    	   430	 деп                  	 деп                  	 linguistic
430-3   	 SPK0032	 Falling    	   430	 отыр.                	 отыр                 	 linguistic	         	                               	 End=658.661
431-0   	 SPK0027	 Falling    	   431	 Еее.                 	 Еее                  	 linguistic	         	                               	 Begin=658.715|End=659.442
432-0   	 SPK0027	 Continuing 	   432	 Мына                 	 Мына                 	 linguistic	         	                               	 Begin=665.213
432-1   	 SPK0027	 Continuing 	   432	 күйеуім              	 күйеуім              	 linguistic
432-2   	 SPK0027	 Continuing 	   432	 жақсы,               	 жақсы                	 linguistic	         	                               	 End=666.344
433-0   	 SPK0027	 Continuing 	   433	 маған,               	 маған                	 linguistic	         	                               	 Begin=666.352|End=666.762
434-0   	 SPK0027	 Continuing 	   434	 сен                  	 сен                  	 linguistic	         	                               	 Begin=666.782
434-1   	 SPK0027	 Continuing 	   434	 өзің                 	 өзің                 	 linguistic
434-2   	 SPK0027	 Continuing 	   434	 аман                 	 аман                 	 linguistic
434-3   	 SPK0027	 Continuing 	   434	 болсаң               	 болсаң               	 linguistic
434-4   	 SPK0027	 Continuing 	   434	 болды                	 болды                	 linguistic
434-5   	 SPK0027	 Continuing 	   434	 маған,               	 маған                	 linguistic	         	                               	 End=668.640
435-0   	 SPK0027	 Falling    	   435	 бала                 	 бала                 	 linguistic	         	                               	 Begin=668.640
435-1   	 SPK0027	 Falling    	   435	 керек                	 керек                	 linguistic
435-2   	 SPK0027	 Falling    	   435	 жоқ                  	 жоқ                  	 linguistic
435-3   	 SPK0027	 Falling    	   435	 деп                  	 деп                  	 linguistic
435-4   	 SPK0027	 Falling    	   435	 айтты                	 айтты                	 linguistic
435-5   	 SPK0027	 Falling    	   435	 дейді.               	 дейді                	 linguistic	         	                               	 End=670.478
436-0   	 SPK0027	 Falling    	   436	 Бала                 	 Бала                 	 linguistic	         	                               	 Begin=670.844
436-1   	 SPK0027	 Falling    	   436	 таппадың             	 таппадың             	 linguistic
436-2   	 SPK0027	 Falling    	   436	 деп                  	 деп                  	 linguistic
436-3   	 SPK0027	 Falling    	   436	 айтпаймын            	 айтпаймын            	 linguistic
436-4   	 SPK0027	 Falling    	   436	 депті.               	 депті                	 linguistic	         	                               	 End=672.852
437-0   	 SPK0032	 Continuing 	   437	 Кім                  	 Кім                  	 linguistic	         	                               	 Begin=670.860
437-1   	 SPK0032	 Continuing 	   437	 ана,                 	 ана                  	 linguistic	         	                               	 End=671.377
438-0   	 SPK0032	 Rising     	   438	 е                    	 е                    	 linguistic	         	                               	 Begin=672.866
438-1   	 SPK0032	 Rising     	   438	 оның                 	 оның                 	 linguistic
438-2   	 SPK0032	 Rising     	   438	 баласы               	 баласы               	 linguistic
438-3   	 SPK0032	 Rising     	   438	 бар?                 	 бар                  	 linguistic	         	                               	 End=673.766
439-0   	 SPK0032	 Continuing 	   439	 Не                   	 Не                   	 linguistic	         	                               	 Begin=673.786
439-1   	 SPK0032	 Continuing 	   439	 қылады,              	 қылады               	 linguistic	         	                               	 End=674.365
440-0   	 SPK0032	 Falling    	   440	 баланы.              	 баланы               	 linguistic	         	                               	 Begin=674.365|End=674.835
441-0   	 SPK0027	 Falling    	   441	 Ее.                  	 Ее                   	 linguistic	         	                               	 Begin=674.929|End=675.407
442-0   	 SPK0032	 Falling    	   442	 Екі                  	 Екі                  	 linguistic	         	                               	 Begin=675.696
442-1   	 SPK0032	 Falling    	   442	 ұлы                  	 ұлы                  	 linguistic
442-2   	 SPK0032	 Falling    	   442	 бар.                 	 бар                  	 linguistic	         	                               	 End=676.344
443-0   	 SPK0027	 Falling    	   443	 Еее.                 	 Еее                  	 linguistic	         	                               	 Begin=676.925|End=677.406
444-0   	 SPK0032	 Falling    	   444	 Екі-үш               	 Екі-үш               	 linguistic	         	                               	 Begin=677.295
444-1   	 SPK0032	 Falling    	   444	 баласы               	 баласы               	 linguistic
444-2   	 SPK0032	 Falling    	   444	 бар                  	 бар                  	 linguistic
444-3   	 SPK0032	 Falling    	   444	 ей.                  	 ей                   	 linguistic	         	                               	 End=678.237
445-0   	 SPK0032	 Rising     	   445	 Бір-екі              	 Бір-екі              	 linguistic	         	                               	 Begin=678.238
445-1   	 SPK0032	 Rising     	   445	 үйленген             	 үйленген             	 linguistic
445-2   	 SPK0032	 Rising     	   445	 жігіт                	 жігіт                	 linguistic
445-3   	 SPK0032	 Rising     	   445	 бұл                  	 бұл                  	 linguistic
445-4   	 SPK0032	 Rising     	   445	 да?                  	 да                   	 linguistic	         	                               	 End=679.898
446-0   	 SPK0032	 Continuing 	   446	 ¬Ақылжанов           	 Ақылжанов            	 linguistic	         	 Anonymized=Yes                	 Begin=680.215
446-1   	 SPK0032	 Continuing 	   446	 Райымбектің,         	 Райымбектің          	 linguistic	         	                               	 End=681.425
447-0   	 SPK0032	 Falling    	   447	 ұлының               	 ұлының               	 linguistic	         	                               	 Begin=681.428
447-1   	 SPK0032	 Falling    	   447	 ұлы                  	 ұлы                  	 linguistic
447-2   	 SPK0032	 Falling    	   447	 екен                 	 екен                 	 linguistic
447-3   	 SPK0032	 Falling    	   447	 ғой.                 	 ғой                  	 linguistic	         	                               	 End=682.388
448-0   	 SPK0032	 Falling    	   448	 Білеміз              	 Білеміз              	 linguistic	         	                               	 Begin=682.405
448-1   	 SPK0032	 Falling    	   448	 біз.                 	 біз                  	 linguistic	         	                               	 End=683.142
449-0   	 SPK0032	 Continuing 	   449	 ¬Гүлнәз,             	 Гүлнәз               	 linguistic	         	 Anonymized=Yes                	 Begin=683.649|End=684.194
450-0   	 SPK0032	 Falling    	   450	 ¬Назгүл              	 Назгүл               	 linguistic	         	 Anonymized=Yes                	 Begin=684.194
450-1   	 SPK0032	 Falling    	   450	 дегендер.            	 дегендер             	 linguistic	         	                               	 End=685.245
451-0   	 SPK0032	 Falling    	   451	 Баяғыда              	 Баяғыда              	 linguistic	         	                               	 Begin=686.066
451-1   	 SPK0032	 Falling    	   451	 бірге                	 бірге                	 linguistic
451-2   	 SPK0032	 Falling    	   451	 болған.              	 болған               	 linguistic	         	                               	 End=687.026
452-0   	 SPK0032	 Falling    	   452	 ###-да               	 ###-да               	 linguistic	         	                               	 Begin=687.026
452-1   	 SPK0032	 Falling    	   452	 істеген.             	 істеген              	 linguistic	         	                               	 End=688.363
453-0   	 SPK0032	 Continuing 	   453	 Әгі:,                	 Әгі                  	 linguistic	         	 Prolongation=2                	 Begin=688.818|End=689.500
454-0   	 SPK0032	 Falling    	   454	 әріп                 	 әріп                 	 linguistic	         	                               	 Begin=689.503
454-1   	 SPK0032	 Falling    	   454	 теретін              	 теретін              	 linguistic
454-2   	 SPK0032	 Falling    	   454	 болған.              	 болған               	 linguistic	         	                               	 End=690.981
455-0   	 SPK0032	 Falling    	   455	 Редакцияда.          	 Редакцияда           	 linguistic	         	                               	 Begin=691.056|End=692.014
456-0   	 SPK0027	 Rising     	   456	 Мына                 	 Мына                 	 linguistic	         	                               	 Begin=691.801
456-1   	 SPK0027	 Rising     	   456	 қазір                	 қазір                	 linguistic
456-2   	 SPK0027	 Rising     	   456	 компотқа             	 компотқа             	 linguistic
456-3   	 SPK0027	 Rising     	   456	 не                   	 не                   	 linguistic
456-4   	 SPK0027	 Rising     	   456	 етіп                 	 етіп                 	 linguistic
456-5   	 SPK0027	 Rising     	   456	 отырсың              	 отырсың              	 linguistic
456-6   	 SPK0027	 Rising     	   456	 иә?                  	 иә                   	 linguistic	         	                               	 End=693.691
457-0   	 SPK0032	 Falling    	   457	 Иә.                  	 Иә                   	 linguistic	         	                               	 Begin=693.651|End=694.095
458-0   	 SPK0032	 Continuing 	   458	 Мынаған,             	 Мынаған              	 linguistic	         	                               	 Begin=694.768|End=695.231
459-0   	 SPK0032	 Continuing 	   459	 тіпті                	 тіпті                	 linguistic	         	                               	 Begin=695.231
459-1   	 SPK0032	 Continuing 	   459	 саған                	 саған                	 linguistic
459-2   	 SPK0032	 Continuing 	   459	 толтырып             	 толтырып             	 linguistic
459-3   	 SPK0032	 Continuing 	   459	 салайын              	 салайын              	 linguistic
459-4   	 SPK0032	 Continuing 	   459	 ба,                  	 ба                   	 linguistic	         	                               	 End=696.902
460-0   	 SPK0032	 Falling    	   460	 жуылғанға            	 жуылғанға            	 linguistic	         	                               	 Begin=696.910
460-1   	 SPK0032	 Falling    	   460	 деп                  	 деп                  	 linguistic
460-2   	 SPK0032	 Falling    	   460	 отырмын.             	 отырмын              	 linguistic	         	                               	 End=698.331
461-0   	 SPK0032	 Falling    	   461	 Салайық.             	 Салайық              	 linguistic	         	                               	 Begin=699.132|End=699.657
462-0   	 SPK0032	 Continuing 	   462	 Ананы                	 Ананы                	 linguistic	         	                               	 Begin=699.657
462-1   	 SPK0032	 Continuing 	   462	 бір                  	 бір                  	 linguistic
462-2   	 SPK0032	 Continuing 	   462	 салып                	 салып                	 linguistic
462-3   	 SPK0032	 Continuing 	   462	 жібересің,           	 жібересің            	 linguistic	         	                               	 End=700.805
463-0   	 SPK0032	 Falling    	   463	 ау.                  	 ау                   	 linguistic	         	                               	 Begin=700.805|End=701.246
464-0   	 SPK0027	 Rising     	   464	 Неменеге?            	 Неменеге             	 linguistic	         	                               	 Begin=701.636|End=702.159
465-0   	 SPK0032	 Falling    	   465	 Мынау                	 Мынау                	 linguistic	         	                               	 Begin=702.111
465-1   	 SPK0032	 Falling    	   465	 жейтін               	 жейтін               	 linguistic
465-2   	 SPK0032	 Falling    	   465	 дегенің.             	 дегенің              	 linguistic	         	                               	 End=703.515
466-0   	 SPK0027	 Continuing 	   466	 Иә,                  	 Иә                   	 linguistic	         	                               	 Begin=702.729|End=703.225
467-0   	 SPK0027	 Falling    	   467	 Иә                   	 Иә                   	 linguistic	         	                               	 Begin=703.230
467-1   	 SPK0027	 Falling    	   467	 мынау                	 мынау                	 linguistic
467-2   	 SPK0027	 Falling    	   467	 жейтін.              	 жейтін               	 linguistic	         	                               	 End=704.035
468-0   	 SPK0027	 Falling    	   468	 Жуып                 	 Жуып                 	 linguistic	         	                               	 Begin=704.250
468-1   	 SPK0027	 Falling    	   468	 тастайын.            	 тастайын             	 linguistic	         	                               	 End=705.497
469-0   	 SPK0027	 Falling    	   469	 Бір                  	 Бір                  	 linguistic	         	                               	 Begin=707.455
469-1   	 SPK0027	 Falling    	   469	 шайып                	 шайып                	 linguistic
469-2   	 SPK0027	 Falling    	   469	 қояйын.              	 қояйын               	 linguistic	         	                               	 End=708.271
470-0   	 SPK0027	 Continuing 	   470	 Ит—,                 	 Ит                   	 linguistic	         	 Interrupted=Yes               	 Begin=708.326|End=708.777
471-0   	 SPK0027	 Continuing 	   471	 иістеніп             	 иістеніп             	 linguistic	         	                               	 Begin=708.824
471-1   	 SPK0027	 Continuing 	   471	 барады,              	 барады               	 linguistic	         	                               	 End=709.957
472-0   	 SPK0027	 Falling    	   472	 базданып.            	 базданып             	 linguistic	         	                               	 Begin=709.969|End=710.636
473-0   	 SPK0027	 Continuing 	   473	 Сол                  	 Сол                  	 linguistic	         	                               	 Begin=717.375
473-1   	 SPK0027	 Continuing 	   473	 іріктеп-іріктеп,     	 іріктеп-іріктеп      	 linguistic	         	                               	 End=718.513
474-0   	 SPK0027	 Falling    	   474	 бітірмесек           	 бітірмесек           	 linguistic	         	                               	 Begin=718.513
474-1   	 SPK0027	 Falling    	   474	 өзі.                 	 өзі                  	 linguistic	         	                               	 End=719.519
475-0   	 SPK0032	 Continuing 	   475	 Өй                   	 Өй                   	 linguistic	         	                               	 Begin=719.751
475-1   	 SPK0032	 Continuing 	   475	 ол,                  	 ол                   	 linguistic	         	                               	 End=720.338
476-0   	 SPK0032	 Continuing 	   476	 ¬Зульфия             	 Зульфия              	 linguistic	         	 Anonymized=Yes                	 Begin=720.341
476-1   	 SPK0032	 Continuing 	   476	 біздің,              	 біздің               	 linguistic	         	                               	 End=721.142
477-0   	 SPK0032	 Falling    	   477	 жақсы                	 жақсы                	 linguistic	         	                               	 Begin=721.143
477-1   	 SPK0032	 Falling    	   477	 келін                	 келін                	 linguistic
477-2   	 SPK0032	 Falling    	   477	 деген                	 деген                	 linguistic
477-3   	 SPK0032	 Falling    	   477	 әкең.                	 әкең                 	 linguistic	         	                               	 End=722.736
478-0   	 SPK0032	 Continuing 	   478	 Сол                  	 Сол                  	 linguistic	         	                               	 Begin=723.597
478-1   	 SPK0032	 Continuing 	   478	 ¬Әлемханның          	 Әлемханның           	 linguistic	         	 Anonymized=Yes
478-2   	 SPK0032	 Continuing 	   478	 ең                   	 ең                   	 linguistic
478-3   	 SPK0032	 Continuing 	   478	 үлкені,              	 үлкені               	 linguistic	         	                               	 End=724.818
479-0   	 SPK0032	 Continuing 	   479	 қалғаны              	 қалғаны              	 linguistic	         	                               	 Begin=724.818
479-1   	 SPK0032	 Continuing 	   479	 барлығы              	 барлығы              	 linguistic
479-2   	 SPK0032	 Continuing 	   479	 өліп                 	 өліп                 	 linguistic
479-3   	 SPK0032	 Continuing 	   479	 өліп,                	 өліп                 	 linguistic	         	                               	 End=726.782
480-0   	 SPK0032	 Falling    	   480	 әгі                  	 әгі                  	 linguistic	         	                               	 Begin=727.236
480-1   	 SPK0032	 Falling    	   480	 кемпірге.            	 кемпірге             	 linguistic	         	                               	 End=728.208
481-0   	 SPK0027	 Falling    	   481	 Ее.                  	 Ее                   	 linguistic	         	                               	 Begin=728.968|End=729.793
482-0   	 SPK0027	 Falling    	   482	 Пысық                	 Пысық                	 linguistic	         	                               	 Begin=730.393
482-1   	 SPK0027	 Falling    	   482	 кісі                 	 кісі                 	 linguistic
482-2   	 SPK0027	 Falling    	   482	 ғой                  	 ғой                  	 linguistic
482-3   	 SPK0027	 Falling    	   482	 енді.                	 енді                 	 linguistic	         	                               	 End=731.758
483-0   	 SPK0027	 Continuing 	   483	 Мама,                	 Мама                 	 linguistic	         	                               	 Begin=732.322|End=732.677
484-0   	 SPK0027	 Continuing 	   484	 қалай                	 қалай                	 linguistic	         	                               	 Begin=732.677
484-1   	 SPK0027	 Continuing 	   484	 былай,               	 былай                	 linguistic	         	                               	 End=733.343
485-0   	 SPK0027	 Continuing 	   485	 бала                 	 бала                 	 linguistic	         	                               	 Begin=733.343
485-1   	 SPK0027	 Continuing 	   485	 тапса                	 тапса                	 linguistic
485-2   	 SPK0027	 Continuing 	   485	 да,                  	 да                   	 linguistic	         	                               	 End=734.142
486-0   	 SPK0027	 Continuing 	   486	 енді,                	 енді                 	 linguistic	         	                               	 Begin=734.142|End=735.179
487-0   	 SPK0027	 Continuing 	   487	 а-                   	 а                    	 linguistic	         	 Interrupted=Yes               	 Begin=735.179
487-1   	 SPK0027	 Continuing 	   487	 зато                 	 зато                 	 linguistic
487-2   	 SPK0027	 Continuing 	   487	 ана                  	 ана                  	 linguistic
487-3   	 SPK0027	 Continuing 	   487	 кісінің,             	 кісінің              	 linguistic	         	                               	 End=736.332
488-0   	 SPK0027	 Continuing 	   488	 баласы               	 баласы               	 linguistic	         	                               	 Begin=736.334
488-1   	 SPK0027	 Continuing 	   488	 дегізіп,             	 дегізіп              	 linguistic	         	                               	 End=737.287
489-0   	 SPK0027	 Continuing 	   489	 бір                  	 бір                  	 linguistic	         	                               	 Begin=737.287
489-1   	 SPK0027	 Continuing 	   489	 семя                 	 семя                 	 linguistic
489-2   	 SPK0027	 Continuing 	   489	 ғып                  	 ғып                  	 linguistic
489-3   	 SPK0027	 Continuing 	   489	 отыр                 	 отыр                 	 linguistic
489-4   	 SPK0027	 Continuing 	   489	 ғой,                 	 ғой                  	 linguistic	         	                               	 End=738.349
490-0   	 SPK0027	 Falling    	   490	 былай                	 былай                	 linguistic	         	                               	 Begin=738.354
490-1   	 SPK0027	 Falling    	   490	 қарасаң.             	 қарасаң              	 linguistic	         	                               	 End=738.980
491-0   	 SPK0032	 Continuing 	   491	 Иә                   	 Иә                   	 linguistic	         	                               	 Begin=738.791
491-1   	 SPK0032	 Continuing 	   491	 иә,                  	 иә                   	 linguistic	         	                               	 End=739.492
492-0   	 SPK0032	 Falling    	   492	 жақсы.               	 жақсы                	 linguistic	         	                               	 Begin=739.492|End=740.264
493-0   	 SPK0027	 Continuing 	   493	 Кетіп                	 Кетіп                	 linguistic	         	                               	 Begin=740.264
493-1   	 SPK0027	 Continuing 	   493	 қалған               	 қалған               	 linguistic
493-2   	 SPK0027	 Continuing 	   493	 жо:қ,                	 жоқ                  	 linguistic	         	 Prolongation=1                	 End=741.512
494-0   	 SPK0027	 Interrupted	   494	 как                  	 как                  	 linguistic	         	                               	 Begin=741.804
494-1   	 SPK0027	 Interrupted	   494	 будто                	 будто                	 linguistic
494-2   	 SPK0027	 Interrupted	   494	 ешкім                	 ешкім                	 linguistic
494-3   	 SPK0027	 Interrupted	   494	 ###—                 	 ###                  	 unknown   	         	 Interrupted=Yes               	 End=743.063
495-0   	 SPK0032	 Falling    	   495	 Кетіп                	 Кетіп                	 linguistic	         	                               	 Begin=742.455
495-1   	 SPK0032	 Falling    	   495	 те                   	 те                   	 linguistic
495-2   	 SPK0032	 Falling    	   495	 қалды                	 қалды                	 linguistic
495-3   	 SPK0032	 Falling    	   495	 ғой                  	 ғой                  	 linguistic
495-4   	 SPK0032	 Falling    	   495	 бұл                  	 бұл                  	 linguistic
495-5   	 SPK0032	 Falling    	   495	 ей.                  	 ей                   	 linguistic	         	                               	 End=743.776
496-0   	 SPK0032	 Continuing 	   496	 ¬Алматыда            	 Алматыда             	 linguistic	         	 Anonymized=Yes                	 Begin=744.816
496-1   	 SPK0032	 Continuing 	   496	 тұрып,               	 тұрып                	 linguistic	         	                               	 End=745.516
497-0   	 SPK0032	 Continuing 	   497	 келмей               	 келмей               	 linguistic	         	                               	 Begin=745.651
497-1   	 SPK0032	 Continuing 	   497	 әйту,                	 әйту                 	 linguistic	         	                               	 End=746.841
498-0   	 SPK0032	 Falling    	   498	 қайта                	 қайта                	 linguistic	         	                               	 Begin=746.841
498-1   	 SPK0032	 Falling    	   498	 келді                	 келді                	 linguistic
498-2   	 SPK0032	 Falling    	   498	 емес                 	 емес                 	 linguistic
498-3   	 SPK0032	 Falling    	   498	 пе.                  	 пе                   	 linguistic	         	                               	 End=747.704
499-0   	 SPK0027	 Continuing 	   499	 Ол,                  	 Ол                   	 linguistic	         	                               	 Begin=748.117|End=748.362
500-0   	 SPK0027	 Rising     	   500	 мына                 	 мына                 	 linguistic	         	                               	 Begin=748.362
500-1   	 SPK0027	 Rising     	   500	 кісінің              	 кісінің              	 linguistic
500-2   	 SPK0027	 Rising     	   500	 өзі                  	 өзі                  	 linguistic
500-3   	 SPK0027	 Rising     	   500	 ғой?                 	 ғой                  	 linguistic	         	                               	 End=749.332
501-0   	 SPK0027	 Falling    	   501	 Осы                  	 Осы                  	 linguistic	         	                               	 Begin=749.343
501-1   	 SPK0027	 Falling    	   501	 жақта                	 жақта                	 linguistic
501-2   	 SPK0027	 Falling    	   501	 біреумен             	 біреумен             	 linguistic
501-3   	 SPK0027	 Falling    	   501	 тұрған.              	 тұрған               	 linguistic	         	                               	 End=750.808
502-0   	 SPK0032	 Falling    	   502	 А.                   	 А                    	 linguistic	         	                               	 Begin=750.780|End=751.294
503-0   	 SPK0027	 Falling    	   503	 ¬Әлихан              	 Әлихан               	 linguistic	         	 Anonymized=Yes                	 Begin=751.701
503-1   	 SPK0027	 Falling    	   503	 аға                  	 аға                  	 linguistic
503-2   	 SPK0027	 Falling    	   503	 осы                  	 осы                  	 linguistic
503-3   	 SPK0027	 Falling    	   503	 жақта                	 жақта                	 linguistic
503-4   	 SPK0027	 Falling    	   503	 біреумен             	 біреумен             	 linguistic
503-5   	 SPK0027	 Falling    	   503	 тұрды                	 тұрды                	 linguistic
503-6   	 SPK0027	 Falling    	   503	 емес                 	 емес                 	 linguistic
503-7   	 SPK0027	 Falling    	   503	 пе.                  	 пе                   	 linguistic	         	                               	 End=753.280
504-0   	 SPK0032	 Falling    	   504	 ¬Әлиханның           	 Әлиханның            	 linguistic	         	 Anonymized=Yes                	 Begin=753.004
504-1   	 SPK0032	 Falling    	   504	 тұрғаны              	 тұрғаны              	 linguistic
504-2   	 SPK0032	 Falling    	   504	 сол.                 	 сол                  	 linguistic	         	                               	 End=754.654
505-0   	 SPK0032	 Continuing 	   505	 Ана:,                	 Ана                  	 linguistic	         	 Prolongation=2                	 Begin=754.728|End=755.538
506-0   	 SPK0032	 Continuing 	   506	 кімнің,              	 кімнің               	 linguistic	         	                               	 Begin=755.538|End=755.975
507-0   	 SPK0032	 Continuing 	   507	 ¬Зульфияның,         	 Зульфияның           	 linguistic	         	 Anonymized=Yes                	 Begin=755.988|End=756.646
508-0   	 SPK0032	 Continuing 	   508	 апайла-              	 апайла               	 linguistic	         	 Interrupted=Yes               	 Begin=756.646
508-1   	 SPK0032	 Continuing 	   508	 (H),                 	 (H)                  	 _         	         	                               	 End=757.573
509-0   	 SPK0032	 Continuing 	   509	 немене,              	 немене               	 linguistic	         	                               	 Begin=757.593|End=757.989
510-0   	 SPK0032	 Continuing 	   510	 бірдеңесімен         	 бірдеңесімен         	 linguistic	         	                               	 Begin=757.989
510-1   	 SPK0032	 Continuing 	   510	 тұрып,               	 тұрып                	 linguistic	         	                               	 End=759.169
511-0   	 SPK0032	 Falling    	   511	 тұрыпты.             	 тұрыпты              	 linguistic	         	                               	 Begin=759.189|End=759.835
512-0   	 SPK0032	 Falling    	   512	 Білмеймін.           	 Білмеймін            	 linguistic	         	                               	 Begin=760.915|End=761.363
513-0   	 SPK0032	 Falling    	   513	 Өтірік               	 Өтірік               	 linguistic	         	                               	 Begin=761.453
513-1   	 SPK0032	 Falling    	   513	 па                   	 па                   	 linguistic
513-2   	 SPK0032	 Falling    	   513	 шын                  	 шын                  	 linguistic
513-3   	 SPK0032	 Falling    	   513	 ба                   	 ба                   	 linguistic
513-4   	 SPK0032	 Falling    	   513	 әйту.                	 әйту                 	 linguistic	         	                               	 End=762.858
514-0   	 SPK0027	 Continuing 	   514	 Жо:қ,                	 Жоқ                  	 linguistic	         	 Prolongation=1                	 Begin=762.544|End=763.025
515-0   	 SPK0027	 Falling    	   515	 бір                  	 бір                  	 linguistic	         	                               	 Begin=763.025
515-1   	 SPK0027	 Falling    	   515	 әйелмен              	 әйелмен              	 linguistic
515-2   	 SPK0027	 Falling    	   515	 тұрды                	 тұрды                	 linguistic
515-3   	 SPK0027	 Falling    	   515	 ғой                  	 ғой                  	 linguistic
515-4   	 SPK0027	 Falling    	   515	 ол                   	 ол                   	 linguistic
515-5   	 SPK0027	 Falling    	   515	 кісі                 	 кісі                 	 linguistic
515-6   	 SPK0027	 Falling    	   515	 де.                  	 де                   	 linguistic	         	                               	 End=764.955
516-0   	 SPK0032	 Falling    	   516	 Иә.                  	 Иә                   	 linguistic	         	                               	 Begin=764.765|End=765.587
517-0   	 SPK0032	 Falling    	   517	 Мынау                	 Мынау                	 linguistic	         	                               	 Begin=765.587
517-1   	 SPK0032	 Falling    	   517	 ¬Алматыда            	 Алматыда             	 linguistic	         	 Anonymized=Yes
517-2   	 SPK0032	 Falling    	   517	 содан                	 содан                	 linguistic
517-3   	 SPK0032	 Falling    	   517	 кейін                	 кейін                	 linguistic
517-4   	 SPK0032	 Falling    	   517	 үйін                 	 үйін                 	 linguistic
517-5   	 SPK0032	 Falling    	   517	 сатып                	 сатып                	 linguistic
517-6   	 SPK0032	 Falling    	   517	 келді                	 келді                	 linguistic
517-7   	 SPK0032	 Falling    	   517	 ғой.                 	 ғой                  	 linguistic	         	                               	 End=768.087
518-0   	 SPK0032	 Continuing 	   518	 Ойбай                	 Ойбай                	 linguistic	         	                               	 Begin=769.248
518-1   	 SPK0032	 Continuing 	   518	 ¬Нұрболды            	 Нұрболды             	 linguistic	         	 Anonymized=Yes
518-2   	 SPK0032	 Continuing 	   518	 тосып,               	 тосып                	 linguistic	         	                               	 End=770.402
519-0   	 SPK0032	 Continuing 	   519	 ¬Алматыда            	 Алматыда             	 linguistic	         	 Anonymized=Yes                	 Begin=770.491
519-1   	 SPK0032	 Continuing 	   519	 отыр                 	 отыр                 	 linguistic
519-2   	 SPK0032	 Continuing 	   519	 деп,                 	 деп                  	 linguistic	         	                               	 End=771.403
520-0   	 SPK0032	 Falling    	   520	 сөз                  	 сөз                  	 linguistic	         	                               	 Begin=771.730
520-1   	 SPK0032	 Falling    	   520	 ғып                  	 ғып                  	 linguistic
520-2   	 SPK0032	 Falling    	   520	 жүреді               	 жүреді               	 linguistic
520-3   	 SPK0032	 Falling    	   520	 осы                  	 осы                  	 linguistic
520-4   	 SPK0032	 Falling    	   520	 қатындар.            	 қатындар             	 linguistic	         	                               	 End=773.407
521-0   	 SPK0027	 Falling    	   521	 Қатындар             	 Қатындар             	 linguistic	         	                               	 Begin=773.756
521-1   	 SPK0027	 Falling    	   521	 айта                 	 айта                 	 linguistic
521-2   	 SPK0027	 Falling    	   521	 береді               	 береді               	 linguistic
521-3   	 SPK0027	 Falling    	   521	 емес                 	 емес                 	 linguistic
521-4   	 SPK0027	 Falling    	   521	 пе.                  	 пе                   	 linguistic	         	                               	 End=774.891
522-0   	 SPK0027	 Continuing 	   522	 Не                   	 Не                   	 linguistic	         	                               	 Begin=777.810
522-1   	 SPK0027	 Continuing 	   522	 шықса,               	 шықса                	 linguistic	         	                               	 End=778.256
523-0   	 SPK0027	 Falling    	   523	 қатындар             	 қатындар             	 linguistic	         	                               	 Begin=778.256
523-1   	 SPK0027	 Falling    	   523	 деп                  	 деп                  	 linguistic
523-2   	 SPK0027	 Falling    	   523	 шығады.              	 шығады               	 linguistic	         	                               	 End=779.763
524-0   	 SPK0027	 Falling    	   524	 Онбаган              	 Онбаган              	 linguistic	 B-VOX   	                               	 Begin=785.089|End=785.750
525-0   	 SPK0027	 Falling    	   525	 ##                   	 ##                   	 unknown   	 _       	                               	 Begin=786.593|End=787.027
526-0   	 SPK0027	 Continuing 	   526	 Ана,                 	 Ана                  	 linguistic	         	                               	 Begin=787.045|End=787.381
527-0   	 SPK0027	 Continuing 	   527	 ¬Света               	 Света                	 linguistic	         	 Anonymized=Yes                	 Begin=788.236
527-1   	 SPK0027	 Continuing 	   527	 жеңгем               	 жеңгем               	 linguistic
527-2   	 SPK0027	 Continuing 	   527	 ұқсап                	 ұқсап                	 linguistic
527-3   	 SPK0027	 Continuing 	   527	 сөйлесем,            	 сөйлесем             	 linguistic	         	                               	 End=789.719
528-0   	 SPK0027	 Continuing 	   528	 ¬Сә:кен,             	 Сәкен                	 linguistic	         	 Anonymized=Yes|Prolongation=1 	 Begin=789.719|End=790.513
529-0   	 SPK0027	 Falling    	   529	 ішегі                	 ішегі                	 linguistic	         	                               	 Begin=790.513
529-1   	 SPK0027	 Falling    	   529	 қатады.              	 қатады               	 linguistic	         	                               	 End=791.341
530-0   	 SPK0032	 undefined  	   530	 @@                   	 @@                   	 linguistic	 _       	                               	 Begin=792.043|End=793.015
531-0   	 SPK0027	 Continuing 	   531	 Это                  	 Это                  	 linguistic	 B-VOX   	                               	 Begin=792.250
531-1   	 SPK0027	 Continuing 	   531	 грязная              	 грязная              	 linguistic	 I-VOX
531-2   	 SPK0027	 Continuing 	   531	 картошка,            	 картошка             	 linguistic	 I-VOX   	                               	 End=793.314
532-0   	 SPK0027	 Falling    	   532	 это                  	 это                  	 linguistic	 I-VOX   	                               	 Begin=793.314
532-1   	 SPK0027	 Falling    	   532	 чистый               	 чистый               	 linguistic	 I-VOX
532-2   	 SPK0027	 Falling    	   532	 картошка             	 картошка             	 linguistic	 I-VOX
532-3   	 SPK0027	 Falling    	   532	 дейді                	 дейді                	 linguistic	 I-VOX   	                               	 End=794.685
533-0   	 SPK0027	 Falling    	   533	 Я                    	 Я                    	 linguistic	         	                               	 Begin=794.879
533-1   	 SPK0027	 Falling    	   533	 вот                  	 вот                  	 linguistic
533-2   	 SPK0027	 Falling    	   533	 это                  	 это                  	 linguistic
533-3   	 SPK0027	 Falling    	   533	 помыла               	 помыла               	 linguistic
533-4   	 SPK0027	 Falling    	   533	 дейді.               	 дейді                	 linguistic	         	                               	 End=796.106
534-0   	 SPK0027	 Falling    	   534	 Это                  	 Это                  	 linguistic	 B-VOX   	                               	 Begin=796.913
534-1   	 SPK0027	 Falling    	   534	 грязный              	 грязный              	 linguistic	 I-VOX
534-2   	 SPK0027	 Falling    	   534	 кір                  	 кір                  	 linguistic	 I-VOX
534-3   	 SPK0027	 Falling    	   534	 картошка             	 картошка             	 linguistic	 I-VOX   	                               	 End=798.208
535-0   	 SPK0032	 Falling    	   535	 Ол                   	 Ол                   	 linguistic	         	                               	 Begin=799.049
535-1   	 SPK0032	 Falling    	   535	 неғып                	 неғып                	 linguistic
535-2   	 SPK0032	 Falling    	   535	 жуып                 	 жуып                 	 linguistic
535-3   	 SPK0032	 Falling    	   535	 жүр.                 	 жүр                  	 linguistic	         	                               	 End=800.004
536-0   	 SPK0032	 Continuing 	   536	 ##                   	 ##                   	 unknown   	 _       	                               	 Begin=800.004
536-1   	 SPK0032	 Continuing 	   536	 шләңгімен,           	 шләңгімен            	 linguistic	         	                               	 End=800.952
537-0   	 SPK0032	 Falling    	   537	 перді                	 перді                	 linguistic	         	                               	 Begin=800.952
537-1   	 SPK0032	 Falling    	   537	 ғой                  	 ғой                  	 linguistic
537-2   	 SPK0032	 Falling    	   537	 есік                 	 есік                 	 linguistic
537-3   	 SPK0032	 Falling    	   537	 алдына.              	 алдына               	 linguistic	         	                               	 End=801.937
538-0   	 SPK0027	 Falling    	   538	 Сосын                	 Сосын                	 linguistic	         	                               	 Begin=801.867
538-1   	 SPK0027	 Falling    	   538	 мен                  	 мен                  	 linguistic
538-2   	 SPK0027	 Falling    	   538	 айттым               	 айттым               	 linguistic
538-3   	 SPK0027	 Falling    	   538	 неменеге             	 неменеге             	 linguistic
538-4   	 SPK0027	 Falling    	   538	 жуып                 	 жуып                 	 linguistic
538-5   	 SPK0027	 Falling    	   538	 жүрсің               	 жүрсің               	 linguistic
538-6   	 SPK0027	 Falling    	   538	 оны.                 	 оны                  	 linguistic	         	                               	 End=803.443
539-0   	 SPK0032	 Continuing 	   539	 Анау,                	 Анау                 	 linguistic	         	                               	 Begin=804.388|End=804.830
540-0   	 SPK0032	 Continuing 	   540	 суғарды              	 суғарды              	 linguistic	         	                               	 Begin=804.830
540-1   	 SPK0032	 Continuing 	   540	 ғой,                 	 ғой                  	 linguistic	         	                               	 End=805.526
541-0   	 SPK0032	 Falling    	   541	 соғаннан             	 соғаннан             	 linguistic	         	                               	 Begin=805.528
541-1   	 SPK0032	 Falling    	   541	 кейін                	 кейін                	 linguistic
541-2   	 SPK0032	 Falling    	   541	 батпақ               	 батпақ               	 linguistic
541-3   	 SPK0032	 Falling    	   541	 болып                	 болып                	 linguistic
541-4   	 SPK0032	 Falling    	   541	 қалды                	 қалды                	 linguistic
541-5   	 SPK0032	 Falling    	   541	 ғой.                 	 ғой                  	 linguistic	         	                               	 End=806.802
542-0   	 SPK0027	 Falling    	   542	 Да                   	 Да                   	 linguistic	         	                               	 Begin=807.164
542-1   	 SPK0027	 Falling    	   542	 она                  	 она                  	 linguistic
542-2   	 SPK0027	 Falling    	   542	 же                   	 же                   	 linguistic
542-3   	 SPK0027	 Falling    	   542	 грязная.             	 грязная              	 linguistic	         	                               	 End=808.641
543-0   	 SPK0027	 Continuing 	   543	 Әйту                 	 Әйту                 	 linguistic	         	                               	 Begin=813.265
543-1   	 SPK0027	 Continuing 	   543	 біз                  	 біз                  	 linguistic
543-2   	 SPK0027	 Continuing 	   543	 барсақ,              	 барсақ               	 linguistic	         	                               	 End=814.137
544-0   	 SPK0027	 Falling    	   544	 тамақ                	 тамақ                	 linguistic	         	                               	 Begin=814.137
544-1   	 SPK0027	 Falling    	   544	 істеп                	 істеп                	 linguistic
544-2   	 SPK0027	 Falling    	   544	 қояды.               	 қояды                	 linguistic	         	                               	 End=815.291
545-0   	 SPK0032	 Falling    	   545	 Э-э.                 	 Э-э                  	 linguistic	         	                               	 Begin=815.855|End=816.892
546-0   	 SPK0027	 Continuing 	   546	 ¬Сәкен,              	 Сәкен                	 linguistic	         	 Anonymized=Yes                	 Begin=816.424|End=816.909
547-0   	 SPK0027	 undefined  	   547	 Aхай                 	 Aхай                 	 linguistic	         	                               	 Begin=817.019
547-1   	 SPK0027	 undefined  	   547	 мы                   	 мы                   	 linguistic
547-2   	 SPK0027	 undefined  	   547	 зде—                 	 зде                  	 linguistic	         	 Interrupted=Yes
547-3   	 SPK0027	 undefined  	   547	 VOXING_SURPRISEDLY   	 VOXING_SURPRISEDLY   	 paraverbal	 _       	                               	 End=817.994
548-0   	 SPK0027	 Continuing 	   548	 Мен                  	 Мен                  	 linguistic	         	                               	 Begin=817.994
548-1   	 SPK0027	 Continuing 	   548	 айттым,              	 айттым               	 linguistic	         	                               	 End=818.354
549-0   	 SPK0027	 Falling    	   549	 Әй                   	 Әй                   	 linguistic	         	                               	 Begin=818.354
549-1   	 SPK0027	 Falling    	   549	 че                   	 че                   	 linguistic
549-2   	 SPK0027	 Falling    	   549	 то                   	 то                   	 linguistic
549-3   	 SPK0027	 Falling    	   549	 жеңгешка             	 жеңгешка             	 linguistic
549-4   	 SPK0027	 Falling    	   549	 үйде                 	 үйде                 	 linguistic
549-5   	 SPK0027	 Falling    	   549	 ме                   	 ме                   	 linguistic
549-6   	 SPK0027	 Falling    	   549	 үйде                 	 үйде                 	 linguistic
549-7   	 SPK0027	 Falling    	   549	 емес                 	 емес                 	 linguistic
549-8   	 SPK0027	 Falling    	   549	 пе.                  	 пе                   	 linguistic	         	                               	 End=820.649
550-0   	 SPK0027	 Continuing 	   550	 Че                   	 Че                   	 linguistic	         	                               	 Begin=821.190
550-1   	 SPK0027	 Continuing 	   550	 то                   	 то                   	 linguistic
550-2   	 SPK0027	 Continuing 	   550	 она                  	 она                  	 linguistic
550-3   	 SPK0027	 Continuing 	   550	 убежала              	 убежала              	 linguistic
550-4   	 SPK0027	 Continuing 	   550	 куда-то              	 куда-то              	 linguistic
550-5   	 SPK0027	 Continuing 	   550	 деп,                 	 деп                  	 linguistic	         	                               	 End=822.793
551-0   	 SPK0027	 Continuing 	   551	 кіріп                	 кіріп                	 linguistic	         	                               	 Begin=822.798
551-1   	 SPK0027	 Continuing 	   551	 бара                 	 бара                 	 linguistic
551-2   	 SPK0027	 Continuing 	   551	 жатсам,              	 жатсам               	 linguistic	         	                               	 End=823.735
552-0   	 SPK0027	 Continuing 	   552	 я                    	 я                    	 linguistic	 B-VOX   	                               	 Begin=823.735
552-1   	 SPK0027	 Continuing 	   552	 дома                 	 дома                 	 linguistic	 I-VOX
552-2   	 SPK0027	 Continuing 	   552	 деп,                 	 деп                  	 linguistic	         	                               	 End=824.428
553-0   	 SPK0027	 Falling    	   553	 шығып                	 шығып                	 linguistic	         	                               	 Begin=824.430
553-1   	 SPK0027	 Falling    	   553	 келе                 	 келе                 	 linguistic
553-2   	 SPK0027	 Falling    	   553	 жатыр.               	 жатыр                	 linguistic	         	                               	 End=825.475
554-0   	 SPK0032	 undefined  	   554	 @@@                  	 @@@                  	 linguistic	 _       	                               	 Begin=825.915|End=826.863
555-0   	 SPK0014	 Continuing 	   555	 Мама                 	 Мама                 	 linguistic	         	                               	 Begin=826.928
555-1   	 SPK0014	 Continuing 	   555	 @сен                 	 @сен                 	 linguistic
555-2   	 SPK0014	 Continuing 	   555	 мама,                	 мама                 	 linguistic	         	                               	 End=827.892
556-0   	 SPK0014	 Continuing 	   556	 андай,               	 андай                	 linguistic	         	                               	 Begin=828.201|End=828.566
557-0   	 SPK0014	 undefined  	   557	 дауыстардың          	 дауыстардың          	 linguistic	         	                               	 Begin=828.566
557-1   	 SPK0014	 undefined  	   557	 барлығын             	 барлығын             	 linguistic
557-2   	 SPK0014	 undefined  	   557	 саласың              	 саласың              	 linguistic	         	                               	 End=829.587
558-0   	 SPK0014	 undefined  	   558	 @                    	 @                    	 linguistic	 _       	                               	 Begin=830.375|End=830.861
559-0   	 SPK0014	 Falling    	   559	 #                    	 #                    	 unknown   	 _       	                               	 Begin=831.227|End=831.927
560-0   	 SPK0027	 Continuing 	   560	 Міне                 	 Міне                 	 linguistic	         	                               	 Begin=831.824
560-1   	 SPK0027	 Continuing 	   560	 менде,               	 менде                	 linguistic	         	                               	 End=832.214
561-0   	 SPK0027	 Falling    	   561	 мынанша              	 мынанша              	 linguistic	         	                               	 Begin=832.214
561-1   	 SPK0027	 Falling    	   561	 сухофрукты           	 сухофрукты           	 linguistic
561-2   	 SPK0027	 Falling    	   561	 бар.                 	 бар                  	 linguistic	         	                               	 End=833.754
562-0   	 SPK0027	 Falling    	   562	 Алма                 	 Алма                 	 linguistic	         	                               	 Begin=834.093
562-1   	 SPK0027	 Falling    	   562	 кепкен.              	 кепкен               	 linguistic	         	                               	 End=835.095
563-0   	 SPK0027	 Falling    	   563	 Орыс                 	 Орыс                 	 linguistic	         	                               	 Begin=835.510
563-1   	 SPK0027	 Falling    	   563	 подружкам            	 подружкам            	 linguistic
563-2   	 SPK0027	 Falling    	   563	 берген.              	 берген               	 linguistic	         	                               	 End=836.713
564-0   	 SPK0032	 Falling    	   564	 Орыс.                	 Орыс                 	 linguistic	         	                               	 Begin=837.177|End=837.937
565-0   	 SPK0032	 Falling    	   565	 Аха.                 	 Аха                  	 linguistic	         	                               	 Begin=838.084|End=838.890
566-0   	 SPK0032	 Continuing 	   566	 Вкусный,             	 Вкусный              	 linguistic	         	                               	 Begin=839.062|End=840.287
567-0   	 SPK0032	 Falling    	   567	 вкус-                	 вкус                 	 linguistic	         	 Interrupted=Yes               	 Begin=840.375
567-1   	 SPK0032	 Falling    	   567	 вкус-.               	 вкус                 	 linguistic	         	 Interrupted=Yes               	 End=841.885
568-0   	 SPK0032	 Continuing 	   568	 Қане,                	 Қане                 	 linguistic	         	                               	 Begin=842.225|End=842.688
569-0   	 SPK0032	 Falling    	   569	 ухх.                 	 ухх                  	 linguistic	         	                               	 Begin=843.558|End=844.170
570-0   	 SPK0027	 Falling    	   570	 Тап-таза.            	 Тап-таза             	 linguistic	         	                               	 Begin=843.682|End=844.703
571-0   	 SPK0032	 Falling    	   571	 Мөп-мөлдір           	 Мөп-мөлдір           	 linguistic	         	                               	 Begin=844.417
571-1   	 SPK0032	 Falling    	   571	 ғой                  	 ғой                  	 linguistic
571-2   	 SPK0032	 Falling    	   571	 әшейін.              	 әшейін               	 linguistic	         	                               	 End=845.730
572-0   	 SPK0027	 Falling    	   572	 Грушамен             	 Грушамен             	 linguistic	         	                               	 Begin=845.068
572-1   	 SPK0027	 Falling    	   572	 қосылған.            	 қосылған             	 linguistic	         	                               	 End=846.629
573-0   	 SPK0032	 Falling    	   573	 Ол                   	 Ол                   	 linguistic	         	                               	 Begin=846.713
573-1   	 SPK0032	 Falling    	   573	 немене               	 немене               	 linguistic
573-2   	 SPK0032	 Falling    	   573	 істейсің.            	 істейсің             	 linguistic	         	                               	 End=847.683
574-0   	 SPK0027	 Falling    	   574	 Қысқыға.             	 Қысқыға              	 linguistic	         	                               	 Begin=847.810|End=848.667
575-0   	 SPK0032	 Falling    	   575	 Компот               	 Компот               	 linguistic	         	                               	 Begin=848.746
575-1   	 SPK0032	 Falling    	   575	 істейсің.            	 істейсің             	 linguistic	         	                               	 End=849.734
576-0   	 SPK0014	 Continuing 	   576	 Қыстың               	 Қыстың               	 linguistic	         	                               	 Begin=851.121
576-1   	 SPK0014	 Continuing 	   576	 қамын,               	 қамын                	 linguistic	         	                               	 End=851.682
577-0   	 SPK0014	 Falling    	   577	 жаз                  	 жаз                  	 linguistic	         	                               	 Begin=851.682
577-1   	 SPK0014	 Falling    	   577	 ойла.                	 ойла                 	 linguistic	         	                               	 End=852.048
578-0   	 SPK0032	 Continuing 	   578	 Ол                   	 Ол                   	 linguistic	         	                               	 Begin=852.791
578-1   	 SPK0032	 Continuing 	   578	 енді                 	 енді                 	 linguistic
578-2   	 SPK0032	 Continuing 	   578	 ана,                 	 ана                  	 linguistic	         	                               	 End=853.495
579-0   	 SPK0032	 Continuing 	   579	 биік,                	 биік                 	 linguistic	         	                               	 Begin=853.495|End=853.828
580-0   	 SPK0032	 Rising     	   580	 банкі                	 банкі                	 linguistic	         	                               	 Begin=853.828
580-1   	 SPK0032	 Rising     	   580	 тұрған               	 тұрған               	 linguistic
580-2   	 SPK0032	 Rising     	   580	 жерге                	 жерге                	 linguistic
580-3   	 SPK0032	 Rising     	   580	 қоя                  	 қоя                  	 linguistic
580-4   	 SPK0032	 Rising     	   580	 сал?                 	 сал                  	 linguistic	         	                               	 End=855.424
581-0   	 SPK0027	 Falling    	   581	 Мына                 	 Мына                 	 linguistic	         	                               	 Begin=855.931
581-1   	 SPK0027	 Falling    	   581	 мескейдің            	 мескейдің            	 linguistic
581-2   	 SPK0027	 Falling    	   581	 ішінде               	 ішінде               	 linguistic
581-3   	 SPK0027	 Falling    	   581	 тұрған               	 тұрған               	 linguistic
581-4   	 SPK0027	 Falling    	   581	 ғой.                 	 ғой                  	 linguistic	         	                               	 End=857.579
582-0   	 SPK0032	 Rising     	   582	 Саласың              	 Саласың              	 linguistic	         	                               	 Begin=858.142
582-1   	 SPK0032	 Rising     	   582	 ба                   	 ба                   	 linguistic
582-2   	 SPK0032	 Rising     	   582	 анаған?              	 анаған               	 linguistic	         	                               	 End=858.967
583-0   	 SPK0027	 Falling    	   583	 Орыс                 	 Орыс                 	 linguistic	         	                               	 Begin=859.264
583-1   	 SPK0027	 Falling    	   583	 подружкаларым        	 подружкаларым        	 linguistic
583-2   	 SPK0027	 Falling    	   583	 аман                 	 аман                 	 linguistic
583-3   	 SPK0027	 Falling    	   583	 болсын.              	 болсын               	 linguistic	         	                               	 End=860.767
584-0   	 SPK0032	 Falling    	   584	 ##                   	 ##                   	 unknown   	 _       	                               	 Begin=861.308|End=862.263
585-0   	 SPK0027	 Continuing 	   585	 Жоқ,                 	 Жоқ                  	 linguistic	         	                               	 Begin=861.983|End=862.460
586-0   	 SPK0027	 Falling    	   586	 мескей               	 мескей               	 linguistic	         	                               	 Begin=862.460
586-1   	 SPK0027	 Falling    	   586	 керек                	 керек                	 linguistic
586-2   	 SPK0027	 Falling    	   586	 болып                	 болып                	 linguistic
586-3   	 SPK0027	 Falling    	   586	 тұр                  	 тұр                  	 linguistic
586-4   	 SPK0027	 Falling    	   586	 маған.               	 маған                	 linguistic	         	                               	 End=863.765
587-0   	 SPK0032	 Falling    	   587	 А.                   	 А                    	 linguistic	         	                               	 Begin=864.134|End=864.522
588-0   	 SPK0027	 Falling    	   588	 Мескейді             	 Мескейді             	 linguistic	         	                               	 Begin=864.591
588-1   	 SPK0027	 Falling    	   588	 босатып              	 босатып              	 linguistic
588-2   	 SPK0027	 Falling    	   588	 жатырмын.            	 жатырмын             	 linguistic	         	                               	 End=865.895
589-0   	 SPK0032	 Falling    	   589	 Ее.                  	 Ее                   	 linguistic	         	                               	 Begin=866.058|End=866.675
590-0   	 SPK0027	 Falling    	   590	 Компот               	 Компот               	 linguistic	         	                               	 Begin=867.783
590-1   	 SPK0027	 Falling    	   590	 қоя                  	 қоя                  	 linguistic
590-2   	 SPK0027	 Falling    	   590	 салайын              	 салайын              	 linguistic
590-3   	 SPK0027	 Falling    	   590	 деп.                 	 деп                  	 linguistic	         	                               	 End=869.270
591-0   	 SPK0032	 Continuing 	   591	 Иә,                  	 Иә                   	 linguistic	         	                               	 Begin=871.147|End=871.521
592-0   	 SPK0032	 Falling    	   592	 үлкен                	 үлкен                	 linguistic	         	                               	 Begin=871.521
592-1   	 SPK0032	 Falling    	   592	 мескейге             	 мескейге             	 linguistic
592-2   	 SPK0032	 Falling    	   592	 қайтанасың           	 қайтанасың           	 linguistic
592-3   	 SPK0032	 Falling    	   592	 екенсің              	 екенсің              	 linguistic
592-4   	 SPK0032	 Falling    	   592	 ғой.                 	 ғой                  	 linguistic	         	                               	 End=873.256
593-0   	 SPK0032	 Continuing 	   593	 Берме                	 Берме                	 linguistic	         	                               	 Begin=874.192
593-1   	 SPK0032	 Continuing 	   593	 мантоваркаңды,       	 мантоваркаңды        	 linguistic	         	                               	 End=875.510
594-0   	 SPK0032	 Falling    	   594	 керек                	 керек                	 linguistic	         	                               	 Begin=875.510
594-1   	 SPK0032	 Falling    	   594	 жоқ                  	 жоқ                  	 linguistic
594-2   	 SPK0032	 Falling    	   594	 өзі                  	 өзі                  	 linguistic
594-3   	 SPK0032	 Falling    	   594	 алады                	 алады                	 linguistic
594-4   	 SPK0032	 Falling    	   594	 олар.                	 олар                 	 linguistic	         	                               	 End=877.074
595-0   	 SPK0032	 Falling    	   595	 Бәрі                 	 Бәрі                 	 linguistic	         	                               	 Begin=877.074
595-1   	 SPK0032	 Falling    	   595	 табыс                	 табыс                	 linguistic
595-2   	 SPK0032	 Falling    	   595	 табады.              	 табады               	 linguistic	         	                               	 End=878.331
596-0   	 SPK0032	 Continuing 	   596	 Сен                  	 Сен                  	 linguistic	         	                               	 Begin=882.429
596-1   	 SPK0032	 Continuing 	   596	 де                   	 де                   	 linguistic
596-2   	 SPK0032	 Continuing 	   596	 бір                  	 бір                  	 linguistic
596-3   	 SPK0032	 Continuing 	   596	 мақұлық,             	 мақұлық              	 linguistic	         	                               	 End=883.182
597-0   	 SPK0032	 Falling    	   597	 ман-                 	 ман                  	 linguistic	         	 Interrupted=Yes               	 Begin=883.238
597-1   	 SPK0032	 Falling    	   597	 мантоваркаңды        	 мантоваркаңды        	 linguistic
597-2   	 SPK0032	 Falling    	   597	 ал                   	 ал                   	 linguistic
597-3   	 SPK0032	 Falling    	   597	 деп                  	 деп                  	 linguistic
597-4   	 SPK0032	 Falling    	   597	 айтқан               	 айтқан               	 linguistic
597-5   	 SPK0032	 Falling    	   597	 маған                	 маған                	 linguistic
597-6   	 SPK0032	 Falling    	   597	 дейді.               	 дейді                	 linguistic	         	                               	 End=885.703
598-0   	 SPK0032	 Falling    	   598	 Мен                  	 Мен                  	 linguistic	         	                               	 Begin=887.344
598-1   	 SPK0032	 Falling    	   598	 айырбасқа            	 айырбасқа            	 linguistic
598-2   	 SPK0032	 Falling    	   598	 беріп                	 беріп                	 linguistic
598-3   	 SPK0032	 Falling    	   598	 пе                   	 пе                   	 linguistic
598-4   	 SPK0032	 Falling    	   598	 едің                 	 едің                 	 linguistic
598-5   	 SPK0032	 Falling    	   598	 дедім.               	 дедім                	 linguistic	         	                               	 End=888.877
599-0   	 SPK0032	 Falling    	   599	 Өзі                  	 Өзі                  	 linguistic	         	                               	 Begin=889.347
599-1   	 SPK0032	 Falling    	   599	 өйтіп                	 өйтіп                	 linguistic
599-2   	 SPK0032	 Falling    	   599	 сөйлемеймін.         	 сөйлемеймін          	 linguistic	         	                               	 End=890.250
600-0   	 SPK0032	 Falling    	   600	 Ыза                  	 Ыза                  	 linguistic	         	                               	 Begin=890.250
600-1   	 SPK0032	 Falling    	   600	 болып                	 болып                	 linguistic
600-2   	 SPK0032	 Falling    	   600	 кеттім.              	 кеттім               	 linguistic	         	                               	 End=891.103
601-0   	 SPK0032	 Falling    	   601	 Біреуіне             	 Біреуіне             	 linguistic	         	                               	 Begin=892.363
601-1   	 SPK0032	 Falling    	   601	 осы                  	 осы                  	 linguistic
601-2   	 SPK0032	 Falling    	   601	 қатты                	 қатты                	 linguistic
601-3   	 SPK0032	 Falling    	   601	 сөйлеп               	 сөйлеп               	 linguistic
601-4   	 SPK0032	 Falling    	   601	 көргенім             	 көргенім             	 linguistic
601-5   	 SPK0032	 Falling    	   601	 жоқ.                 	 жоқ                  	 linguistic	         	                               	 End=893.910
602-0   	 SPK0032	 Falling    	   602	 Білмеймін.           	 Білмеймін            	 linguistic	         	                               	 Begin=893.958|End=894.802
603-0   	 SPK0032	 Interrupted	   603	 Ол                   	 Ол                   	 linguistic	         	                               	 Begin=895.324
603-1   	 SPK0032	 Interrupted	   603	 қайта                	 қайта                	 linguistic
603-2   	 SPK0032	 Interrupted	   603	 өзіңді               	 өзіңді               	 linguistic
603-3   	 SPK0032	 Interrupted	   603	 бо—                  	 бо                   	 linguistic	         	 Interrupted=Yes               	 End=896.683
604-0   	 SPK0032	 Continuing 	   604	 ыы                   	 ыы                   	 linguistic	 _       	                               	 Begin=896.768|End=897.431
605-0   	 SPK0032	 Continuing 	   605	 не                   	 не                   	 linguistic	         	                               	 Begin=897.431
605-1   	 SPK0032	 Continuing 	   605	 етеді,               	 етеді                	 linguistic	         	                               	 End=898.392
606-0   	 SPK0032	 Falling    	   606	 ыза                  	 ыза                  	 linguistic	         	                               	 Begin=898.429
606-1   	 SPK0032	 Falling    	   606	 қылдырып             	 қылдырып             	 linguistic
606-2   	 SPK0032	 Falling    	   606	 жібереді.            	 жібереді             	 linguistic	         	                               	 End=899.486
607-0   	 SPK0032	 Continuing 	   607	 Жездем               	 Жездем               	 linguistic	         	                               	 Begin=907.206
607-1   	 SPK0032	 Continuing 	   607	 әперді               	 әперді               	 linguistic
607-2   	 SPK0032	 Continuing 	   607	 деп,                 	 деп                  	 linguistic	         	                               	 End=908.390
608-0   	 SPK0032	 Falling    	   608	 мәз                  	 мәз                  	 linguistic	         	                               	 Begin=908.392
608-1   	 SPK0032	 Falling    	   608	 болып                	 болып                	 linguistic
608-2   	 SPK0032	 Falling    	   608	 жүрген               	 жүрген               	 linguistic
608-3   	 SPK0032	 Falling    	   608	 өзі                  	 өзі                  	 linguistic
608-4   	 SPK0032	 Falling    	   608	 қуанып.              	 қуанып               	 linguistic	         	                               	 End=910.148
609-0   	 SPK0032	 Continuing 	   609	 Сен                  	 Сен                  	 linguistic	         	                               	 Begin=910.438
609-1   	 SPK0032	 Continuing 	   609	 де                   	 де                   	 linguistic
609-2   	 SPK0032	 Continuing 	   609	 әпермепсің           	 әпермепсің           	 linguistic
609-3   	 SPK0032	 Continuing 	   609	 ғой                  	 ғой                  	 linguistic
609-4   	 SPK0032	 Continuing 	   609	 дедім                	 дедім                	 linguistic
609-5   	 SPK0032	 Continuing 	   609	 ө-,                  	 ө                    	 linguistic	         	 Interrupted=Yes               	 End=912.087
610-0   	 SPK0032	 Falling    	   610	 ¬Еконайым            	 Еконайым             	 linguistic	         	 Anonymized=Yes                	 Begin=912.087
610-1   	 SPK0032	 Falling    	   610	 әперіпті             	 әперіпті             	 linguistic
610-2   	 SPK0032	 Falling    	   610	 ғой.                 	 ғой                  	 linguistic	         	                               	 End=913.645
611-0   	 SPK0032	 Falling    	   611	 Беріпті              	 Беріпті              	 linguistic	         	                               	 Begin=914.021
611-1   	 SPK0032	 Falling    	   611	 ғой                  	 ғой                  	 linguistic
611-2   	 SPK0032	 Falling    	   611	 ақшасын.             	 ақшасын              	 linguistic	         	                               	 End=914.931
612-0   	 SPK0032	 Continuing 	   612	 Мен                  	 Мен                  	 linguistic	         	                               	 Begin=927.688
612-1   	 SPK0032	 Continuing 	   612	 білеймін             	 білеймін             	 linguistic
612-2   	 SPK0032	 Continuing 	   612	 әгі                  	 әгі                  	 linguistic
612-3   	 SPK0032	 Continuing 	   612	 былтыр,              	 былтыр               	 linguistic	         	                               	 End=928.741
613-0   	 SPK0032	 Rising     	   613	 сендер               	 сендер               	 linguistic	         	                               	 Begin=928.750
613-1   	 SPK0032	 Rising     	   613	 әкпеп-               	 әкпеп                	 linguistic	         	 Interrupted=Yes
613-2   	 SPK0032	 Rising     	   613	 әкеп                 	 әкеп                 	 linguistic
613-3   	 SPK0032	 Rising     	   613	 бердіңдер            	 бердіңдер            	 linguistic
613-4   	 SPK0032	 Rising     	   613	 ғой                  	 ғой                  	 linguistic
613-5   	 SPK0032	 Rising     	   613	 ана                  	 ана                  	 linguistic
613-6   	 SPK0032	 Rising     	   613	 біреу?               	 біреу                	 linguistic	         	                               	 End=930.351
614-0   	 SPK0032	 Falling    	   614	 Қоңыр                	 Қоңыр                	 linguistic	         	                               	 Begin=930.351
614-1   	 SPK0032	 Falling    	   614	 жұқа.                	 жұқа                 	 linguistic	         	                               	 End=931.648
615-0   	 SPK0032	 Falling    	   615	 Ол                   	 Ол                   	 linguistic	         	                               	 Begin=931.772
615-1   	 SPK0032	 Falling    	   615	 да                   	 да                   	 linguistic
615-2   	 SPK0032	 Falling    	   615	 сонда                	 сонда                	 linguistic
615-3   	 SPK0032	 Falling    	   615	 қалып                	 қалып                	 linguistic
615-4   	 SPK0032	 Falling    	   615	 қойған.              	 қойған               	 linguistic	         	                               	 End=932.719
616-0   	 SPK0032	 Continuing 	   616	 Мынау                	 Мынау                	 linguistic	         	                               	 Begin=932.847
616-1   	 SPK0032	 Continuing 	   616	 не                   	 не                   	 linguistic
616-2   	 SPK0032	 Continuing 	   616	 керек,               	 керек                	 linguistic	         	                               	 End=933.578
617-0   	 SPK0032	 Continuing 	   617	 саған                	 саған                	 linguistic	         	                               	 Begin=933.584
617-1   	 SPK0032	 Continuing 	   617	 сыймайды             	 сыймайды             	 linguistic
617-2   	 SPK0032	 Continuing 	   617	 деп,                 	 деп                  	 linguistic	         	                               	 End=934.367
618-0   	 SPK0032	 Falling    	   618	 оны                  	 оны                  	 linguistic	         	                               	 Begin=934.367
618-1   	 SPK0032	 Falling    	   618	 да                   	 да                   	 linguistic
618-2   	 SPK0032	 Falling    	   618	 алып                 	 алып                 	 linguistic
618-3   	 SPK0032	 Falling    	   618	 қалды.               	 қалды                	 linguistic	         	                               	 End=935.118
619-0   	 SPK0027	 Falling    	   619	 Қай.                 	 Қай                  	 linguistic	         	                               	 Begin=935.266|End=935.644
620-0   	 SPK0032	 Falling    	   620	 Жарайды              	 Жарайды              	 linguistic	         	                               	 Begin=935.760
620-1   	 SPK0032	 Falling    	   620	 тұра                 	 тұра                 	 linguistic
620-2   	 SPK0032	 Falling    	   620	 берсін               	 берсін               	 linguistic
620-3   	 SPK0032	 Falling    	   620	 дедім.               	 дедім                	 linguistic	         	                               	 End=936.712
621-0   	 SPK0027	 Rising     	   621	 Қай?                 	 Қай                  	 linguistic	         	                               	 Begin=936.734|End=937.204
622-0   	 SPK0032	 Continuing 	   622	 Әгі                  	 Әгі                  	 linguistic	         	                               	 Begin=937.606
622-1   	 SPK0032	 Continuing 	   622	 қоңыр                	 қоңыр                	 linguistic
622-2   	 SPK0032	 Continuing 	   622	 бір                  	 бір                  	 linguistic
622-3   	 SPK0032	 Continuing 	   622	 жұқа                 	 жұқа                 	 linguistic
622-4   	 SPK0032	 Continuing 	   622	 ¬Айсулу              	 Айсулу               	 linguistic	         	 Anonymized=Yes
622-5   	 SPK0032	 Continuing 	   622	 екеу                 	 екеу                 	 linguistic
622-6   	 SPK0032	 Continuing 	   622	 ¬Айс-,               	 Айс                  	 linguistic	         	 Interrupted=Yes|Anonymized=Yes	 End=939.482
623-0   	 SPK0032	 Continuing 	   623	 ¬Баян                	 Баян                 	 linguistic	         	 Anonymized=Yes                	 Begin=939.483
623-1   	 SPK0032	 Continuing 	   623	 екеуің,              	 екеуің               	 linguistic	         	                               	 End=940.807
624-0   	 SPK0032	 Continuing 	   624	 кім,                 	 кім                  	 linguistic	         	                               	 Begin=940.818|End=941.305
625-0   	 SPK0032	 Continuing 	   625	 сырттан              	 сырттан              	 linguistic	         	                               	 Begin=941.942
625-1   	 SPK0032	 Continuing 	   625	 кие                  	 кие                  	 linguistic
625-2   	 SPK0032	 Continuing 	   625	 салатын,             	 салатын              	 linguistic	         	                               	 End=942.952
626-0   	 SPK0032	 Falling    	   626	 жұқа.                	 жұқа                 	 linguistic	         	                               	 Begin=942.952|End=943.170
627-0   	 SPK0027	 Rising     	   627	 Кардиган?            	 Кардиган             	 linguistic	         	                               	 Begin=943.218|End=943.903
628-0   	 SPK0032	 Falling    	   628	 Иә.                  	 Иә                   	 linguistic	         	                               	 Begin=943.903|End=944.407
629-0   	 SPK0032	 Rising     	   629	 Кардиган             	 Кардиган             	 linguistic	         	                               	 Begin=944.407
629-1   	 SPK0032	 Rising     	   629	 ба?                  	 ба                   	 linguistic	         	                               	 End=945.490
630-0   	 SPK0027	 Continuing 	   630	 Көк                  	 Көк                  	 linguistic	         	                               	 Begin=945.636
630-1   	 SPK0027	 Continuing 	   630	 емес,                	 емес                 	 linguistic	         	                               	 End=946.017
631-0   	 SPK0027	 Falling    	   631	 біздікі              	 біздікі              	 linguistic	         	                               	 Begin=946.017
631-1   	 SPK0027	 Falling    	   631	 көк                  	 көк                  	 linguistic
631-2   	 SPK0027	 Falling    	   631	 қой.                 	 қой                  	 linguistic	         	                               	 End=946.986
632-0   	 SPK0027	 Falling    	   632	 Күшті.               	 Күшті                	 linguistic	         	                               	 Begin=946.986|End=947.581
633-0   	 SPK0032	 Continuing 	   633	 Көк                  	 Көк                  	 linguistic	         	                               	 Begin=947.962
633-1   	 SPK0032	 Continuing 	   633	 емес,                	 емес                 	 linguistic	         	                               	 End=948.490
634-0   	 SPK0032	 Falling    	   634	 қоңыр.               	 қоңыр                	 linguistic	         	                               	 Begin=948.493|End=949.033
635-0   	 SPK0032	 Falling    	   635	 Көк                  	 Көк                  	 linguistic	         	                               	 Begin=949.470
635-1   	 SPK0032	 Falling    	   635	 несі                 	 несі                 	 linguistic
635-2   	 SPK0032	 Falling    	   635	 бар.                 	 бар                  	 linguistic	         	                               	 End=950.939
636-0   	 SPK0027	 Continuing 	   636	 Мама,                	 Мама                 	 linguistic	         	                               	 Begin=951.874|End=952.279
637-0   	 SPK0027	 Continuing 	   637	 ол                   	 ол                   	 linguistic	         	                               	 Begin=952.633
637-1   	 SPK0027	 Continuing 	   637	 вообще               	 вообще               	 linguistic
637-2   	 SPK0027	 Continuing 	   637	 қымбат               	 қымбат               	 linguistic
637-3   	 SPK0027	 Continuing 	   637	 қой,                 	 қой                  	 linguistic	         	                               	 End=953.594
638-0   	 SPK0027	 Falling    	   638	 оны                  	 оны                  	 linguistic	         	                               	 Begin=953.594
638-1   	 SPK0027	 Falling    	   638	 неге                 	 неге                 	 linguistic
638-2   	 SPK0027	 Falling    	   638	 алып                 	 алып                 	 linguistic
638-3   	 SPK0027	 Falling    	   638	 қалады               	 қалады               	 linguistic
638-4   	 SPK0027	 Falling    	   638	 ол.                  	 ол                   	 linguistic	         	                               	 End=954.523
639-0   	 SPK0032	 Rising     	   639	 Қымбат               	 Қымбат               	 linguistic	         	                               	 Begin=955.681
639-1   	 SPK0032	 Rising     	   639	 емес                 	 емес                 	 linguistic
639-2   	 SPK0032	 Rising     	   639	 ей.                  	 ей                   	 linguistic	         	                               	 End=956.568
640-0   	 SPK0027	 Falling    	   640	 Қайсын               	 Қайсын               	 linguistic	         	                               	 Begin=957.464
640-1   	 SPK0027	 Falling    	   640	 айтып                	 айтып                	 linguistic
640-2   	 SPK0027	 Falling    	   640	 тұрсың               	 тұрсың               	 linguistic
640-3   	 SPK0027	 Falling    	   640	 сен.                 	 сен                  	 linguistic	         	                               	 End=958.511
641-0   	 SPK0032	 Continuing 	   641	 Өй,                  	 Өй                   	 linguistic	         	                               	 Begin=958.870|End=959.384
642-0   	 SPK0032	 Continuing 	   642	 Көйлектің            	 Көйлектің            	 linguistic	         	                               	 Begin=959.483
642-1   	 SPK0032	 Continuing 	   642	 сыртынан             	 сыртынан             	 linguistic
642-2   	 SPK0032	 Continuing 	   642	 кие                  	 кие                  	 linguistic
642-3   	 SPK0032	 Continuing 	   642	 салатын              	 салатын              	 linguistic
642-4   	 SPK0032	 Continuing 	   642	 бар                  	 бар                  	 linguistic
642-5   	 SPK0032	 Continuing 	   642	 ғой,                 	 ғой                  	 linguistic	         	                               	 End=961.428
643-0   	 SPK0027	 Continuing 	   643	 Мама                 	 Мама                 	 linguistic	         	                               	 Begin=962.147
643-1   	 SPK0027	 Continuing 	   643	 ол,                  	 ол                   	 linguistic	         	                               	 End=962.735
644-0   	 SPK0027	 Falling    	   644	 қымбатқа             	 қымбатқа             	 linguistic	         	                               	 Begin=962.737
644-1   	 SPK0027	 Falling    	   644	 алғанбыз             	 алғанбыз             	 linguistic
644-2   	 SPK0027	 Falling    	   644	 біз.                 	 біз                  	 linguistic	         	                               	 End=963.809
645-0   	 SPK0032	 Continuing 	   645	 Әгі,                 	 Әгі                  	 linguistic	         	                               	 Begin=964.626|End=965.154
646-0   	 SPK0032	 Continuing 	   646	 жағасы               	 жағасы               	 linguistic	         	                               	 Begin=965.262
646-1   	 SPK0032	 Continuing 	   646	 жоқ,                 	 жоқ                  	 linguistic	         	                               	 End=966.092
647-0   	 SPK0032	 Falling    	   647	 мойнында             	 мойнында             	 linguistic	         	                               	 Begin=966.093
647-1   	 SPK0032	 Falling    	   647	 бүйткен              	 бүйткен              	 linguistic
647-2   	 SPK0032	 Falling    	   647	 шүперегі             	 шүперегі             	 linguistic
647-3   	 SPK0032	 Falling    	   647	 бар.                 	 бар                  	 linguistic	         	                               	 End=967.682
648-0   	 SPK0032	 Falling    	   648	 Тоқымасы             	 Тоқымасы             	 linguistic	         	                               	 Begin=967.684
648-1   	 SPK0032	 Falling    	   648	 бар.                 	 бар                  	 linguistic	         	                               	 End=968.679
649-0   	 SPK0027	 Falling    	   649	 Оны                  	 Оны                  	 linguistic	         	                               	 Begin=968.460
649-1   	 SPK0027	 Falling    	   649	 біз                  	 біз                  	 linguistic
649-2   	 SPK0027	 Falling    	   649	 қымбатқа             	 қымбатқа             	 linguistic
649-3   	 SPK0027	 Falling    	   649	 алғанбыз             	 алғанбыз             	 linguistic
649-4   	 SPK0027	 Falling    	   649	 мама.                	 мама                 	 linguistic	         	                               	 End=969.815
650-0   	 SPK0027	 Falling    	   650	 Беларуский           	 Беларуский           	 linguistic	         	                               	 Begin=969.938
650-1   	 SPK0027	 Falling    	   650	 трикотаж             	 трикотаж             	 linguistic
650-2   	 SPK0027	 Falling    	   650	 ол.                  	 ол                   	 linguistic	         	                               	 End=971.287
651-0   	 SPK0032	 Falling    	   651	 Қайдан               	 Қайдан               	 linguistic	         	                               	 Begin=971.523
651-1   	 SPK0032	 Falling    	   651	 білем.               	 білем                	 linguistic	         	                               	 End=972.661
652-0   	 SPK0032	 Continuing 	   652	 Мен                  	 Мен                  	 linguistic	         	                               	 Begin=973.062
652-1   	 SPK0032	 Continuing 	   652	 соны,                	 соны                 	 linguistic	         	                               	 End=973.738
653-0   	 SPK0032	 Falling    	   653	 біреуден             	 біреуден             	 linguistic	         	                               	 Begin=974.625
653-1   	 SPK0032	 Falling    	   653	 әгі                  	 әгі                  	 linguistic
653-2   	 SPK0032	 Falling    	   653	 беріп                	 беріп                	 linguistic
653-3   	 SPK0032	 Falling    	   653	 жеретін              	 жеретін              	 linguistic
653-4   	 SPK0032	 Falling    	   653	 шығар.               	 шығар                	 linguistic	         	                               	 End=976.196
654-0   	 SPK0027	 Falling    	   654	 Мама                 	 Мама                 	 linguistic	         	                               	 Begin=976.628
654-1   	 SPK0027	 Falling    	   654	 ол                   	 ол                   	 linguistic
654-2   	 SPK0027	 Falling    	   654	 вообще               	 вообще               	 linguistic
654-3   	 SPK0027	 Falling    	   654	 күшті                	 күшті                	 linguistic
654-4   	 SPK0027	 Falling    	   654	 нәрсе.               	 нәрсе                	 linguistic	         	                               	 End=979.170
655-0   	 SPK0027	 Continuing 	   655	 Ананың               	 Ананың               	 linguistic	         	                               	 Begin=979.216
655-1   	 SPK0027	 Continuing 	   655	 трикотажы,           	 трикотажы            	 linguistic	         	                               	 End=980.289
656-0   	 SPK0027	 Continuing 	   656	 сен                  	 сен                  	 linguistic	         	                               	 Begin=980.289
656-1   	 SPK0027	 Continuing 	   656	 киіп                 	 киіп                 	 linguistic
656-2   	 SPK0027	 Continuing 	   656	 жүрген,              	 жүрген               	 linguistic	         	                               	 End=980.930
657-0   	 SPK0027	 Continuing 	   657	 жаман                	 жаман                	 linguistic	         	                               	 Begin=980.933
657-1   	 SPK0027	 Continuing 	   657	 Бишкектің            	 Бишкектің            	 linguistic
657-2   	 SPK0027	 Continuing 	   657	 әгі,                 	 әгі                  	 linguistic	         	                               	 End=981.962
658-0   	 SPK0027	 Falling    	   658	 бүйткенінен          	 бүйткенінен          	 linguistic	         	                               	 Begin=981.962
658-1   	 SPK0027	 Falling    	   658	 бес                  	 бес                  	 linguistic
658-2   	 SPK0027	 Falling    	   658	 есе.                 	 есе                  	 linguistic	         	                               	 End=982.931
659-0   	 SPK0032	 Continuing 	   659	 Е                    	 Е                    	 linguistic	         	                               	 Begin=982.905
659-1   	 SPK0032	 Continuing 	   659	 құдай-ай             	 құдай-ай             	 linguistic
659-2   	 SPK0032	 Continuing 	   659	 маған,               	 маған                	 linguistic	         	                               	 End=983.956
660-0   	 SPK0032	 Continuing 	   660	 маған                	 маған                	 linguistic	         	                               	 Begin=983.956
660-1   	 SPK0032	 Continuing 	   660	 кім                  	 кім                  	 linguistic
660-2   	 SPK0032	 Continuing 	   660	 қа-                  	 қа                   	 linguistic	         	 Interrupted=Yes
660-3   	 SPK0032	 Continuing 	   660	 қайбір,              	 қайбір               	 linguistic	         	                               	 End=985.601
661-0   	 SPK0032	 Falling    	   661	 тәуірін              	 тәуірін              	 linguistic	         	                               	 Begin=985.601
661-1   	 SPK0032	 Falling    	   661	 әкеп                 	 әкеп                 	 linguistic
661-2   	 SPK0032	 Falling    	   661	 берді-ей.            	 берді-ей             	 linguistic	         	                               	 End=987.101
662-0   	 SPK0027	 Falling    	   662	 Мен                  	 Мен                  	 linguistic	         	                               	 Begin=986.241
662-1   	 SPK0027	 Falling    	   662	 саған                	 саған                	 linguistic
662-2   	 SPK0027	 Falling    	   662	 просто               	 просто               	 linguistic
662-3   	 SPK0027	 Falling    	   662	 разницасын           	 разницасын           	 linguistic
662-4   	 SPK0027	 Falling    	   662	 айтып                	 айтып                	 linguistic
662-5   	 SPK0027	 Falling    	   662	 тұрмын.              	 тұрмын               	 linguistic	         	                               	 End=988.712
663-0   	 SPK0032	 Continuing 	   663	 Жоқ                  	 Жоқ                  	 linguistic	         	                               	 Begin=988.340
663-1   	 SPK0032	 Continuing 	   663	 білем,               	 білем                	 linguistic	         	                               	 End=989.103
664-0   	 SPK0032	 Continuing 	   664	 мен,                 	 мен                  	 linguistic	         	                               	 Begin=989.120|End=989.666
665-0   	 SPK0032	 Falling    	   665	 мен                  	 мен                  	 linguistic	         	                               	 Begin=989.666
665-1   	 SPK0032	 Falling    	   665	 де                   	 де                   	 linguistic
665-2   	 SPK0032	 Falling    	   665	 білемін              	 білемін              	 linguistic
665-3   	 SPK0032	 Falling    	   665	 оның                 	 оның                 	 linguistic
665-4   	 SPK0032	 Falling    	   665	 ####                 	 ####                 	 unknown
665-5   	 SPK0032	 Falling    	   665	 киім                 	 киім                 	 linguistic
665-6   	 SPK0032	 Falling    	   665	 разницасын.          	 разницасын           	 linguistic	         	                               	 End=992.563
666-0   	 SPK0032	 Falling    	   666	 Бәрін                	 Бәрін                	 linguistic	         	                               	 Begin=992.591
666-1   	 SPK0032	 Falling    	   666	 білемін.             	 білемін              	 linguistic	         	                               	 End=993.109
667-0   	 SPK0027	 Continuing 	   667	 Вот                  	 Вот                  	 linguistic	         	                               	 Begin=993.423
667-1   	 SPK0027	 Continuing 	   667	 анау,                	 анау                 	 linguistic	         	                               	 End=994.034
668-0   	 SPK0027	 Continuing 	   668	 сен                  	 сен                  	 linguistic	         	                               	 Begin=994.034
668-1   	 SPK0027	 Continuing 	   668	 айтасың              	 айтасың              	 linguistic
668-2   	 SPK0027	 Continuing 	   668	 ғой,                 	 ғой                  	 linguistic	         	                               	 End=994.771
669-0   	 SPK0027	 Falling    	   669	 анау                 	 анау                 	 linguistic	         	                               	 Begin=994.771
669-1   	 SPK0027	 Falling    	   669	 вообще               	 вообще               	 linguistic
669-2   	 SPK0027	 Falling    	   669	 күшті                	 күшті                	 linguistic
669-3   	 SPK0027	 Falling    	   669	 болатын.             	 болатын              	 linguistic	         	                               	 End=996.325
670-0   	 SPK0032	 Continuing 	   670	 Материалын,          	 Материалын           	 linguistic	         	                               	 Begin=996.114|End=996.899
671-0   	 SPK0032	 Continuing 	   671	 оның                 	 оның                 	 linguistic	         	                               	 Begin=996.899
671-1   	 SPK0032	 Continuing 	   671	 несін,               	 несін                	 linguistic	         	                               	 End=997.771
672-0   	 SPK0032	 Falling    	   672	 качествосын          	 качествосын          	 linguistic	         	                               	 Begin=997.774
672-1   	 SPK0032	 Falling    	   672	 бәрін                	 бәрін                	 linguistic
672-2   	 SPK0032	 Falling    	   672	 білемін.             	 білемін              	 linguistic	         	                               	 End=999.165
673-0   	 SPK0027	 Continuing 	   673	 ¬Жайдар              	 Жайдар               	 linguistic	         	 Anonymized=Yes                	 Begin=1000.329
673-1   	 SPK0027	 Continuing 	   673	 екеуіміз             	 екеуіміз             	 linguistic
673-2   	 SPK0027	 Continuing 	   673	 алғанда,             	 алғанда              	 linguistic	         	                               	 End=1001.358
674-0   	 SPK0027	 Falling    	   674	 Белоруссиянікін      	 Белоруссиянікін      	 linguistic	         	                               	 Begin=1001.358
674-1   	 SPK0027	 Falling    	   674	 алғанбыз.            	 алғанбыз             	 linguistic	         	                               	 End=1002.771
675-0   	 SPK0027	 Continuing 	   675	 Трикотаж             	 Трикотаж             	 linguistic	         	                               	 Begin=1003.657
675-1   	 SPK0027	 Continuing 	   675	 Белорусский,         	 Белорусский          	 linguistic	         	                               	 End=1004.797
676-0   	 SPK0027	 Falling    	   676	 анау.                	 анау                 	 linguistic	         	                               	 Begin=1004.797|End=1005.134
677-0   	 SPK0027	 Continuing 	   677	 Оны                  	 Оны                  	 linguistic	         	                               	 Begin=1008.748
677-1   	 SPK0027	 Continuing 	   677	 неге                 	 неге                 	 linguistic
677-2   	 SPK0027	 Continuing 	   677	 алып                 	 алып                 	 linguistic
677-3   	 SPK0027	 Continuing 	   677	 қала-,               	 қала                 	 linguistic	         	 Interrupted=Yes               	 End=1009.412
678-0   	 SPK0027	 Falling    	   678	 ол                   	 ол                   	 linguistic	         	                               	 Begin=1009.412
678-1   	 SPK0027	 Falling    	   678	 сымайды              	 сымайды              	 linguistic
678-2   	 SPK0027	 Falling    	   678	 ғой                  	 ғой                  	 linguistic
678-3   	 SPK0027	 Falling    	   678	 ¬Салтанатқа.         	 Салтанатқа           	 linguistic	         	 Anonymized=Yes                	 End=1010.656
679-0   	 SPK0032	 Continuing 	   679	 Жоқ,                 	 Жоқ                  	 linguistic	         	                               	 Begin=1012.039|End=1012.353
680-0   	 SPK0032	 Continuing 	   680	 сыймайды,            	 сыймайды             	 linguistic	         	                               	 Begin=1012.353|End=1012.859
681-0   	 SPK0032	 Continuing 	   681	 Кейін                	 Кейін                	 linguistic	         	                               	 Begin=1013.784
681-1   	 SPK0032	 Continuing 	   681	 аласың,              	 аласың               	 linguistic	         	                               	 End=1014.339
682-0   	 SPK0032	 Continuing 	   682	 керек                	 керек                	 linguistic	         	                               	 Begin=1014.450
682-1   	 SPK0032	 Continuing 	   682	 болса                	 болса                	 linguistic
682-2   	 SPK0032	 Continuing 	   682	 деп,                 	 деп                  	 linguistic	         	                               	 End=1015.480
683-0   	 SPK0032	 Falling    	   683	 ######               	 ######               	 unknown   	 _       	                               	 Begin=1015.920|End=1017.634
684-0   	 SPK0027	 Falling    	   684	 Сыймай               	 Сыймай               	 linguistic	         	                               	 Begin=1017.595
684-1   	 SPK0027	 Falling    	   684	 қалды                	 қалды                	 linguistic
684-2   	 SPK0027	 Falling    	   684	 ма                   	 ма                   	 linguistic
684-3   	 SPK0027	 Falling    	   684	 не.                  	 не                   	 linguistic	         	                               	 End=1018.748
685-0   	 SPK0032	 Falling    	   685	 А.                   	 А                    	 linguistic	         	                               	 Begin=1018.777|End=1019.207
686-0   	 SPK0027	 Falling    	   686	 Сыймай               	 Сыймай               	 linguistic	         	                               	 Begin=1019.527
686-1   	 SPK0027	 Falling    	   686	 қалды                	 қалды                	 linguistic
686-2   	 SPK0027	 Falling    	   686	 ма.                  	 ма                   	 linguistic	         	                               	 End=1020.171
687-0   	 SPK0032	 Continuing 	   687	 Жо:қ,                	 Жоқ                  	 linguistic	         	 Prolongation=1                	 Begin=1021.378|End=1021.992
688-0   	 SPK0032	 Falling    	   688	 сыяды.               	 сыяды                	 linguistic	         	                               	 Begin=1022.016|End=1022.743
689-0   	 SPK0032	 Continuing 	   689	 #                    	 #                    	 unknown   	 _       	                               	 Begin=1022.768|End=1023.422
690-0   	 SPK0032	 Falling    	   690	 бір                  	 бір                  	 linguistic	         	                               	 Begin=1023.438
690-1   	 SPK0032	 Falling    	   690	 келгенде             	 келгенде             	 linguistic
690-2   	 SPK0032	 Falling    	   690	 әкеп                 	 әкеп                 	 linguistic
690-3   	 SPK0032	 Falling    	   690	 берем                	 берем                	 linguistic
690-4   	 SPK0032	 Falling    	   690	 деді                 	 деді                 	 linguistic
690-5   	 SPK0032	 Falling    	   690	 ме                   	 ме                   	 linguistic
690-6   	 SPK0032	 Falling    	   690	 білмеймін.           	 білмеймін            	 linguistic	         	                               	 End=1025.057
691-0   	 SPK0032	 Falling    	   691	 Әкеп                 	 Әкеп                 	 linguistic	         	                               	 Begin=1025.062
691-1   	 SPK0032	 Falling    	   691	 беретін              	 беретін              	 linguistic
691-2   	 SPK0032	 Falling    	   691	 сияқты.              	 сияқты               	 linguistic	         	                               	 End=1026.100
692-0   	 SPK0032	 Continuing 	   692	 Содан                	 Содан                	 linguistic	         	                               	 Begin=1026.186
692-1   	 SPK0032	 Continuing 	   692	 кейін,               	 кейін                	 linguistic	         	                               	 End=1026.532
693-0   	 SPK0032	 Continuing 	   693	 ұрсып-ұрсып          	 ұрсып-ұрсып          	 linguistic	         	                               	 Begin=1026.537
693-1   	 SPK0032	 Continuing 	   693	 алады                	 алады                	 linguistic
693-2   	 SPK0032	 Continuing 	   693	 да,                  	 да                   	 linguistic	         	                               	 End=1027.437
694-0   	 SPK0032	 Continuing 	   694	 мынау                	 мынау                	 linguistic	         	                               	 Begin=1027.437
694-1   	 SPK0032	 Continuing 	   694	 не                   	 не                   	 linguistic
694-2   	 SPK0032	 Continuing 	   694	 керек,               	 керек                	 linguistic	         	                               	 End=1027.926
695-0   	 SPK0032	 Continuing 	   695	 мынау                	 мынау                	 linguistic	         	                               	 Begin=1027.926
695-1   	 SPK0032	 Continuing 	   695	 не                   	 не                   	 linguistic
695-2   	 SPK0032	 Continuing 	   695	 керек,               	 керек                	 linguistic	         	                               	 End=1028.562
696-0   	 SPK0032	 Continuing 	   696	 мынау                	 мынау                	 linguistic	         	                               	 Begin=1028.565
696-1   	 SPK0032	 Continuing 	   696	 не                   	 не                   	 linguistic
696-2   	 SPK0032	 Continuing 	   696	 керек,               	 керек                	 linguistic	         	                               	 End=1029.228
697-0   	 SPK0032	 Falling    	   697	 дейді                	 дейді                	 linguistic	         	                               	 Begin=1029.228
697-1   	 SPK0032	 Falling    	   697	 маған.               	 маған                	 linguistic	         	                               	 End=1030.004
698-0   	 SPK0032	 Continuing 	   698	 Содан                	 Содан                	 linguistic	         	                               	 Begin=1030.024
698-1   	 SPK0032	 Continuing 	   698	 бір                  	 бір                  	 linguistic
698-2   	 SPK0032	 Continuing 	   698	 көйлегім             	 көйлегім             	 linguistic
698-3   	 SPK0032	 Continuing 	   698	 бар,                 	 бар                  	 linguistic	         	                               	 End=1031.299
699-0   	 SPK0032	 Continuing 	   699	 сия                  	 сия                  	 linguistic	         	                               	 Begin=1031.455
699-1   	 SPK0032	 Continuing 	   699	 ммм                  	 ммм                  	 linguistic	 _       	                               	 End=1032.469
700-0   	 SPK0032	 Continuing 	   700	 немене               	 немене               	 linguistic	         	                               	 Begin=1032.906
700-1   	 SPK0032	 Continuing 	   700	 берген,              	 берген               	 linguistic	         	                               	 End=1033.748
701-0   	 SPK0032	 Falling    	   701	 ¬Жайдар              	 Жайдар               	 linguistic	         	 Anonymized=Yes                	 Begin=1033.887
701-1   	 SPK0032	 Falling    	   701	 өзінікін.            	 өзінікін             	 linguistic	         	                               	 End=1034.644
702-0   	 SPK0032	 Continuing 	   702	 Баяғыда:,            	 Баяғыда              	 linguistic	         	 Prolongation=6                	 Begin=1034.644|End=1035.567
703-0   	 SPK0032	 Falling    	   703	 аудылда              	 аудылда              	 linguistic	         	                               	 Begin=1035.567
703-1   	 SPK0032	 Falling    	   703	 отырғанда            	 отырғанда            	 linguistic
703-2   	 SPK0032	 Falling    	   703	 алған                	 алған                	 linguistic
703-3   	 SPK0032	 Falling    	   703	 бір.                 	 бір                  	 linguistic	         	                               	 End=1037.075
704-0   	 SPK0032	 Falling    	   704	 Велюр                	 Велюр                	 linguistic	         	                               	 Begin=1038.105
704-1   	 SPK0032	 Falling    	   704	 көйлек.              	 көйлек               	 linguistic	         	                               	 End=1038.727
705-0   	 SPK0032	 Continuing 	   705	 Мынау                	 Мынау                	 linguistic	         	                               	 Begin=1038.823
705-1   	 SPK0032	 Continuing 	   705	 не                   	 не                   	 linguistic
705-2   	 SPK0032	 Continuing 	   705	 керек                	 керек                	 linguistic
705-3   	 SPK0032	 Continuing 	   705	 саған                	 саған                	 linguistic
705-4   	 SPK0032	 Continuing 	   705	 деп,                 	 деп                  	 linguistic	         	                               	 End=1039.846
706-0   	 SPK0032	 Falling    	   706	 оны                  	 оны                  	 linguistic	         	                               	 Begin=1039.846
706-1   	 SPK0032	 Falling    	   706	 да                   	 да                   	 linguistic
706-2   	 SPK0032	 Falling    	   706	 алып                 	 алып                 	 linguistic
706-3   	 SPK0032	 Falling    	   706	 қалды.               	 қалды                	 linguistic	         	                               	 End=1040.621
707-0   	 SPK0032	 Continuing 	   707	 Керек                	 Керек                	 linguistic	         	                               	 Begin=1040.644
707-1   	 SPK0032	 Continuing 	   707	 жоқ,                 	 жоқ                  	 linguistic	         	                               	 End=1041.199
708-0   	 SPK0032	 Falling    	   708	 жарайды              	 жарайды              	 linguistic	         	                               	 Begin=1042.461
708-1   	 SPK0032	 Falling    	   708	 дедім.               	 дедім                	 linguistic	         	                               	 End=1043.645
709-0   	 SPK0032	 Falling    	   709	 Әгі                  	 Әгі                  	 linguistic	         	                               	 Begin=1047.832
709-1   	 SPK0032	 Falling    	   709	 өртемесең            	 өртемесең            	 linguistic
709-2   	 SPK0032	 Falling    	   709	 болды                	 болды                	 linguistic
709-3   	 SPK0032	 Falling    	   709	 дедім.               	 дедім                	 linguistic	         	                               	 End=1049.183
710-0   	 SPK0032	 Falling    	   710	 Өртеме               	 Өртеме               	 linguistic	         	                               	 Begin=1049.214
710-1   	 SPK0032	 Falling    	   710	 өзі.                 	 өзі                  	 linguistic	         	                               	 End=1050.384
711-0   	 SPK0027	 Falling    	   711	 Өй                   	 Өй                   	 linguistic	         	                               	 Begin=1052.893
711-1   	 SPK0027	 Falling    	   711	 жоқ                  	 жоқ                  	 linguistic
711-2   	 SPK0027	 Falling    	   711	 анау                 	 анау                 	 linguistic
711-3   	 SPK0027	 Falling    	   711	 өртейтін             	 өртейтін             	 linguistic
711-4   	 SPK0027	 Falling    	   711	 нәрсе                	 нәрсе                	 linguistic
711-5   	 SPK0027	 Falling    	   711	 емес                 	 емес                 	 linguistic
711-6   	 SPK0027	 Falling    	   711	 қой                  	 қой                  	 linguistic
711-7   	 SPK0027	 Falling    	   711	 мама.                	 мама                 	 linguistic	         	                               	 End=1054.818
712-0   	 SPK0032	 Rising     	   712	 Иә?                  	 Иә                   	 linguistic	         	                               	 Begin=1055.161|End=1055.747
713-0   	 SPK0027	 Falling    	   713	 Ана                  	 Ана                  	 linguistic	         	                               	 Begin=1055.822
713-1   	 SPK0027	 Falling    	   713	 киімді               	 киімді               	 linguistic
713-2   	 SPK0027	 Falling    	   713	 қалай                	 қалай                	 linguistic
713-3   	 SPK0027	 Falling    	   713	 өртейді              	 өртейді              	 linguistic
713-4   	 SPK0027	 Falling    	   713	 ол.                  	 ол                   	 linguistic	         	                               	 End=1057.384
714-0   	 SPK0027	 Continuing 	   714	 Ойбай                	 Ойбай                	 linguistic	         	                               	 Begin=1058.792
714-1   	 SPK0027	 Continuing 	   714	 ол,                  	 ол                   	 linguistic	         	                               	 End=1059.496
715-0   	 SPK0027	 Continuing 	   715	 су                   	 су                   	 linguistic	         	                               	 Begin=1059.498
715-1   	 SPK0027	 Continuing 	   715	 жаңа                 	 жаңа                 	 linguistic
715-2   	 SPK0027	 Continuing 	   715	 ол,                  	 ол                   	 linguistic	         	                               	 End=1060.199
716-0   	 SPK0027	 Falling    	   716	 бәлембәй             	 бәлембәй             	 linguistic	         	                               	 Begin=1060.199
716-1   	 SPK0027	 Falling    	   716	 мыңға                	 мыңға                	 linguistic
716-2   	 SPK0027	 Falling    	   716	 алынған              	 алынған              	 linguistic
716-3   	 SPK0027	 Falling    	   716	 нәрсе.               	 нәрсе                	 linguistic	         	                               	 End=1061.354
717-0   	 SPK0032	 Continuing 	   717	 Ана                  	 Ана                  	 linguistic	         	                               	 Begin=1066.501
717-1   	 SPK0032	 Continuing 	   717	 күні                 	 күні                 	 linguistic
717-2   	 SPK0032	 Continuing 	   717	 әгі,                 	 әгі                  	 linguistic	         	                               	 End=1067.073
718-0   	 SPK0032	 Continuing 	   718	 ¬Сәлімнің,           	 Сәлімнің             	 linguistic	         	 Anonymized=Yes                	 Begin=1067.153|End=1067.625
719-0   	 SPK0032	 Continuing 	   719	 сары                 	 сары                 	 linguistic	         	                               	 Begin=1067.720
719-1   	 SPK0032	 Continuing 	   719	 қызы,                	 қызы                 	 linguistic	         	                               	 End=1068.348
720-0   	 SPK0032	 Continuing 	   720	 ммм                  	 ммм                  	 linguistic	 _       	                               	 Begin=1068.779|End=1069.196
721-0   	 SPK0032	 Rising     	   721	 немене               	 немене               	 linguistic	         	                               	 Begin=1069.196
721-1   	 SPK0032	 Rising     	   721	 болды                	 болды                	 linguistic
721-2   	 SPK0032	 Rising     	   721	 ғой?                 	 ғой                  	 linguistic	         	                               	 End=1070.425
722-0   	 SPK0032	 Continuing 	   722	 мммм                 	 мммм                 	 linguistic	 _       	                               	 Begin=1072.139|End=1073.188
723-0   	 SPK0027	 Rising     	   723	 Қатым?               	 Қатым                	 linguistic	         	                               	 Begin=1072.556|End=1073.307
724-0   	 SPK0032	 undefined  	   724	 BURPS                	 BURPS                	 paraverbal	 _       	                               	 Begin=1074.775|End=1075.573
725-0   	 SPK0027	 Falling    	   725	 Қатым                	 Қатым                	 linguistic	         	                               	 Begin=1075.112
725-1   	 SPK0027	 Falling    	   725	 берді.               	 берді                	 linguistic	         	                               	 End=1075.984
726-0   	 SPK0032	 Falling    	   726	 Қатым                	 Қатым                	 linguistic	         	                               	 Begin=1076.005
726-1   	 SPK0032	 Falling    	   726	 берген.              	 берген               	 linguistic	         	                               	 End=1077.059
727-0   	 SPK0027	 Falling    	   727	 ¬Люба.               	 Люба                 	 linguistic	         	 Anonymized=Yes                	 Begin=1077.825|End=1078.322
728-0   	 SPK0032	 Falling    	   728	 Сонда                	 Сонда                	 linguistic	         	                               	 Begin=1078.453
728-1   	 SPK0032	 Falling    	   728	 шақырған.            	 шақырған             	 linguistic	         	                               	 End=1079.362
729-0   	 SPK0032	 Continuing 	   729	 Соның                	 Соның                	 linguistic	         	                               	 Begin=1080.331
729-1   	 SPK0032	 Continuing 	   729	 ана                  	 ана                  	 linguistic
729-2   	 SPK0032	 Continuing 	   729	 күйеуі               	 күйеуі               	 linguistic
729-3   	 SPK0032	 Continuing 	   729	 қандай               	 қандай               	 linguistic
729-4   	 SPK0032	 Continuing 	   729	 жақсы                	 жақсы                	 linguistic
729-5   	 SPK0032	 Continuing 	   729	 бала,                	 бала                 	 linguistic	         	                               	 End=1082.295
730-0   	 SPK0032	 Falling    	   730	 қандай               	 қандай               	 linguistic	         	                               	 Begin=1082.295
730-1   	 SPK0032	 Falling    	   730	 жақсы                	 жақсы                	 linguistic
730-2   	 SPK0032	 Falling    	   730	 сөйлейді             	 сөйлейді             	 linguistic
730-3   	 SPK0032	 Falling    	   730	 әшейін.              	 әшейін               	 linguistic	         	                               	 End=1084.000
731-0   	 SPK0027	 Falling    	   731	 Шымкент              	 Шымкент              	 linguistic	         	                               	 Begin=1083.975
731-1   	 SPK0027	 Falling    	   731	 қой                  	 қой                  	 linguistic
731-2   	 SPK0027	 Falling    	   731	 ол.                  	 ол                   	 linguistic	         	                               	 End=1084.739
732-0   	 SPK0027	 Falling    	   732	 Шымкент.             	 Шымкент              	 linguistic	         	                               	 Begin=1084.739|End=1085.478
733-0   	 SPK0032	 Falling    	   733	 Зуылдап              	 Зуылдап              	 linguistic	         	                               	 Begin=1085.462
733-1   	 SPK0032	 Falling    	   733	 тұр                  	 тұр                  	 linguistic
733-2   	 SPK0032	 Falling    	   733	 ей.                  	 ей                   	 linguistic	         	                               	 End=1087.202
734-0   	 SPK0032	 Rising     	   734	 Хм                   	 Хм                   	 linguistic	 _       	                               	 Begin=1090.556|End=1091.215
735-0   	 SPK0032	 Continuing 	   735	 ¬Люба                	 Люба                 	 linguistic	         	 Anonymized=Yes                	 Begin=1091.215
735-1   	 SPK0032	 Continuing 	   735	 жүр,                 	 жүр                  	 linguistic	         	                               	 End=1091.816
736-0   	 SPK0032	 Continuing 	   736	 басын                	 басын                	 linguistic	         	                               	 Begin=1091.819
736-1   	 SPK0032	 Continuing 	   736	 бай-,                	 бай                  	 linguistic	         	 Interrupted=Yes               	 End=1092.478
737-0   	 SPK0032	 Falling    	   737	 басына               	 басына               	 linguistic	         	                               	 Begin=1092.484
737-1   	 SPK0032	 Falling    	   737	 шыт                  	 шыт                  	 linguistic
737-2   	 SPK0032	 Falling    	   737	 байлап               	 байлап               	 linguistic
737-3   	 SPK0032	 Falling    	   737	 жүр.                 	 жүр                  	 linguistic	         	                               	 End=1094.008
738-0   	 SPK0032	 Falling    	   738	 Әйбәт                	 Әйбәт                	 linguistic	         	                               	 Begin=1094.024
738-1   	 SPK0032	 Falling    	   738	 сияқты.              	 сияқты               	 linguistic	         	                               	 End=1094.882
739-0   	 SPK0027	 Continuing 	   739	 ¬Тәкәлөктің,         	 Тәкәлөктің           	 linguistic	         	 Anonymized=Yes                	 Begin=1097.264|End=1098.117
740-0   	 SPK0027	 Continuing 	   740	 келіншегі,           	 келіншегі            	 linguistic	         	                               	 Begin=1098.117|End=1098.595
741-0   	 SPK0027	 Falling    	   741	 аяғы                 	 аяғы                 	 linguistic	         	                               	 Begin=1098.597
741-1   	 SPK0027	 Falling    	   741	 ауыр                 	 ауыр                 	 linguistic
741-2   	 SPK0027	 Falling    	   741	 екен.                	 екен                 	 linguistic	         	                               	 End=1099.408
742-0   	 SPK0032	 Falling    	   742	 Бәсе                 	 Бәсе                 	 linguistic	         	                               	 Begin=1099.833
742-1   	 SPK0032	 Falling    	   742	 екі-қабат            	 екі-қабат            	 linguistic
742-2   	 SPK0032	 Falling    	   742	 қой                  	 қой                  	 linguistic
742-3   	 SPK0032	 Falling    	   742	 дедім                	 дедім                	 linguistic
742-4   	 SPK0032	 Falling    	   742	 мен.                 	 мен                  	 linguistic	         	                               	 End=1101.725
743-0   	 SPK0032	 Continuing 	   743	 Әй,                  	 Әй                   	 linguistic	         	                               	 Begin=1102.715|End=1103.141
744-0   	 SPK0032	 Falling    	   744	 осы                  	 осы                  	 linguistic	         	                               	 Begin=1103.141
744-1   	 SPK0032	 Falling    	   744	 жазылып              	 жазылып              	 linguistic
744-2   	 SPK0032	 Falling    	   744	 кетті                	 кетті                	 linguistic
744-3   	 SPK0032	 Falling    	   744	 иә                   	 иә                   	 linguistic
744-4   	 SPK0032	 Falling    	   744	 ана                  	 ана                  	 linguistic
744-5   	 SPK0032	 Falling    	   744	 неден.               	 неден                	 linguistic	         	                               	 End=1105.191
745-0   	 SPK0027	 Falling    	   745	 Иә.                  	 Иә                   	 linguistic	         	                               	 Begin=1104.876|End=1105.246
746-0   	 SPK0032	 Continuing 	   746	 Ааа                  	 Ааа                  	 linguistic	 _       	                               	 Begin=1106.087|End=1106.597
747-0   	 SPK0032	 Continuing 	   747	 ааа                  	 ааа                  	 linguistic	 _       	                               	 Begin=1106.597|End=1106.893
748-0   	 SPK0032	 Falling    	   748	 рактан.              	 рактан               	 linguistic	         	                               	 Begin=1106.893|End=1107.778
749-0   	 SPK0027	 Falling    	   749	 Иә.                  	 Иә                   	 linguistic	         	                               	 Begin=1107.704|End=1108.302
750-0   	 SPK0032	 Falling    	   750	 Бәсе.                	 Бәсе                 	 linguistic	         	                               	 Begin=1108.859|End=1109.352
751-0   	 SPK0032	 Continuing 	   751	 Ал                   	 Ал                   	 linguistic	         	                               	 Begin=1110.582
751-1   	 SPK0032	 Continuing 	   751	 енді                 	 енді                 	 linguistic
751-2   	 SPK0032	 Continuing 	   751	 ¬Тәкөлөгің,          	 Тәкөлөгің            	 linguistic	         	 Anonymized=Yes                	 End=1111.872
752-0   	 SPK0032	 Falling    	   752	 бір                  	 бір                  	 linguistic	         	                               	 Begin=1111.874
752-1   	 SPK0032	 Falling    	   752	 тажал                	 тажал                	 linguistic
752-2   	 SPK0032	 Falling    	   752	 ғой.                 	 ғой                  	 linguistic	         	                               	 End=1112.924
753-0   	 SPK0032	 Continuing 	   753	 Келіп                	 Келіп                	 linguistic	         	                               	 Begin=1113.288
753-1   	 SPK0032	 Continuing 	   753	 отыра                	 отыра                	 linguistic
753-2   	 SPK0032	 Continuing 	   753	 салды,               	 салды                	 linguistic	         	                               	 End=1114.726
754-0   	 SPK0032	 Continuing 	   754	 содан                	 содан                	 linguistic	         	                               	 Begin=1116.192
754-1   	 SPK0032	 Continuing 	   754	 ана,                 	 ана                  	 linguistic	         	                               	 End=1117.711
755-0   	 SPK0032	 Continuing 	   755	 әшейін               	 әшейін               	 linguistic	         	                               	 Begin=1117.791
755-1   	 SPK0032	 Continuing 	   755	 келеді               	 келеді               	 linguistic
755-2   	 SPK0032	 Continuing 	   755	 де,                  	 де                   	 linguistic	         	                               	 End=1118.920
756-0   	 SPK0032	 Falling    	   756	 екі                  	 екі                  	 linguistic	         	                               	 Begin=1118.994
756-1   	 SPK0032	 Falling    	   756	 баласын              	 баласын              	 linguistic
756-2   	 SPK0032	 Falling    	   756	 екі                  	 екі                  	 linguistic
756-3   	 SPK0032	 Falling    	   756	 жағына               	 жағына               	 linguistic
756-4   	 SPK0032	 Falling    	   756	 алып                 	 алып                 	 linguistic
756-5   	 SPK0032	 Falling    	   756	 әшейін               	 әшейін               	 linguistic
756-6   	 SPK0032	 Falling    	   756	 үстелді              	 үстелді              	 linguistic
756-7   	 SPK0032	 Falling    	   756	 сыпырып              	 сыпырып              	 linguistic
756-8   	 SPK0032	 Falling    	   756	 жей                  	 жей                  	 linguistic
756-9   	 SPK0032	 Falling    	   756	 береді.              	 береді               	 linguistic	         	                               	 End=1121.948
757-0   	 SPK0027	 Continuing 	   757	 Ол                   	 Ол                   	 linguistic	         	                               	 Begin=1124.177
757-1   	 SPK0027	 Continuing 	   757	 кішкентай            	 кішкентай            	 linguistic
757-2   	 SPK0027	 Continuing 	   757	 ғой                  	 ғой                  	 linguistic
757-3   	 SPK0027	 Continuing 	   757	 үйде,                	 үйде                 	 linguistic	         	                               	 End=1125.433
758-0   	 SPK0027	 Interrupted	   758	 оған                 	 оған                 	 linguistic	         	                               	 Begin=1125.504
758-1   	 SPK0027	 Interrupted	   758	 ешкім—               	 ешкім                	 linguistic	         	 Interrupted=Yes               	 End=1126.125
759-0   	 SPK0032	 Falling    	   759	 А.                   	 А                    	 linguistic	         	                               	 Begin=1125.602|End=1126.046
760-0   	 SPK0027	 Falling    	   760	 әлі                  	 әлі                  	 linguistic	         	                               	 Begin=1126.125
760-1   	 SPK0027	 Falling    	   760	 күнге                	 күнге                	 linguistic
760-2   	 SPK0027	 Falling    	   760	 дейін                	 дейін                	 linguistic
760-3   	 SPK0027	 Falling    	   760	 кішкентай            	 кішкентай            	 linguistic
760-4   	 SPK0027	 Falling    	   760	 ол                   	 ол                   	 linguistic
760-5   	 SPK0027	 Falling    	   760	 оларға.              	 оларға               	 linguistic	         	                               	 End=1128.171
761-0   	 SPK0032	 Falling    	   761	 Кетсінші             	 Кетсінші             	 linguistic	         	                               	 Begin=1128.473
761-1   	 SPK0032	 Falling    	   761	 ары                  	 ары                  	 linguistic
761-2   	 SPK0032	 Falling    	   761	 қар-.                	 қар                  	 linguistic	         	 Interrupted=Yes               	 End=1129.502
762-0   	 SPK0032	 Continuing 	   762	 Кішкене              	 Кішкене              	 linguistic	         	                               	 Begin=1129.556
762-1   	 SPK0032	 Continuing 	   762	 бала,                	 бала                 	 linguistic	         	                               	 End=1130.063
763-0   	 SPK0032	 Falling    	   763	 ана                  	 ана                  	 linguistic	         	                               	 Begin=1130.088
763-1   	 SPK0032	 Falling    	   763	 төрт                 	 төрт                 	 linguistic
763-2   	 SPK0032	 Falling    	   763	 баланың              	 баланың              	 linguistic
763-3   	 SPK0032	 Falling    	   763	 әкесі                	 әкесі                	 linguistic
763-4   	 SPK0032	 Falling    	   763	 болғай               	 болғай               	 linguistic
763-5   	 SPK0032	 Falling    	   763	 әлек.                	 әлек                 	 linguistic	         	                               	 End=1131.893
764-0   	 SPK0032	 Falling    	   764	 Ол                   	 Ол                   	 linguistic	         	                               	 Begin=1131.924
764-1   	 SPK0032	 Falling    	   764	 келіншегі            	 келіншегі            	 linguistic
764-2   	 SPK0032	 Falling    	   764	 әйбәт.               	 әйбәт                	 linguistic	         	                               	 End=1132.912
765-0   	 SPK0032	 Falling    	   765	 Шешесі               	 Шешесі               	 linguistic	         	                               	 Begin=1132.912
765-1   	 SPK0032	 Falling    	   765	 бір                  	 бір                  	 linguistic
765-2   	 SPK0032	 Falling    	   765	 орыс                 	 орыс                 	 linguistic
765-3   	 SPK0032	 Falling    	   765	 сияқты               	 сияқты               	 linguistic
765-4   	 SPK0032	 Falling    	   765	 жәрмес.              	 жәрмес               	 linguistic	         	                               	 End=1135.187
766-0   	 SPK0032	 Continuing 	   766	 Ойбай                	 Ойбай                	 linguistic	         	                               	 Begin=1135.646
766-1   	 SPK0032	 Continuing 	   766	 әкесі                	 әкесі                	 linguistic
766-2   	 SPK0032	 Continuing 	   766	 де                   	 де                   	 linguistic
766-3   	 SPK0032	 Continuing 	   766	 немене,              	 немене               	 linguistic	         	                               	 End=1136.804
767-0   	 SPK0032	 Falling    	   767	 ##                   	 ##                   	 unknown   	 _       	                               	 Begin=1136.863|End=1137.704
768-0   	 SPK0032	 Continuing 	   768	 Бірақ                	 Бірақ                	 linguistic	         	                               	 Begin=1137.726
768-1   	 SPK0032	 Continuing 	   768	 қазақи               	 қазақи               	 linguistic
768-2   	 SPK0032	 Continuing 	   768	 екен                 	 екен                 	 linguistic
768-3   	 SPK0032	 Continuing 	   768	 әкесі,               	 әкесі                	 linguistic	         	                               	 End=1139.263
769-0   	 SPK0032	 Continuing 	   769	 қолының              	 қолының              	 linguistic	         	                               	 Begin=1139.732
769-1   	 SPK0032	 Continuing 	   769	 қап-қаралығы         	 қап-қаралығы         	 linguistic
769-2   	 SPK0032	 Continuing 	   769	 енді                 	 енді                 	 linguistic
769-3   	 SPK0032	 Continuing 	   769	 өзінің,              	 өзінің               	 linguistic	         	                               	 End=1141.804
770-0   	 SPK0032	 Continuing 	   770	 несімен              	 несімен              	 linguistic	         	                               	 Begin=1141.822
770-1   	 SPK0032	 Continuing 	   770	 құдай                	 құдай                	 linguistic
770-2   	 SPK0032	 Continuing 	   770	 сақтасын,            	 сақтасын             	 linguistic	         	                               	 End=1142.861
771-0   	 SPK0032	 Falling    	   771	 мына                 	 мына                 	 linguistic	         	                               	 Begin=1142.861
771-1   	 SPK0032	 Falling    	   771	 қолының              	 қолының              	 linguistic
771-2   	 SPK0032	 Falling    	   771	 басымен              	 басымен              	 linguistic
771-3   	 SPK0032	 Falling    	   771	 ет                   	 ет                   	 linguistic
771-4   	 SPK0032	 Falling    	   771	 турады.              	 турады               	 linguistic	         	                               	 End=1144.454
772-0   	 SPK0027	 Continuing 	   772	 Олар                 	 Олар                 	 linguistic	         	                               	 Begin=1145.000
772-1   	 SPK0027	 Continuing 	   772	 мына,                	 мына                 	 linguistic	         	                               	 End=1145.988
773-0   	 SPK0027	 Falling    	   773	 Красинада            	 Красинада            	 linguistic	         	                               	 Begin=1145.989
773-1   	 SPK0027	 Falling    	   773	 тұрады               	 тұрады               	 linguistic
773-2   	 SPK0027	 Falling    	   773	 ғой                  	 ғой                  	 linguistic
773-3   	 SPK0027	 Falling    	   773	 деймін.              	 деймін               	 linguistic	         	                               	 End=1147.205
774-0   	 SPK0027	 Falling    	   774	 Мына                 	 Мына                 	 linguistic	         	                               	 Begin=1147.978
774-1   	 SPK0027	 Falling    	   774	 жерде.               	 жерде                	 linguistic	         	                               	 End=1148.964
775-0   	 SPK0032	 Falling    	   775	 Ее.                  	 Ее                   	 linguistic	         	                               	 Begin=1148.067|End=1148.604
776-0   	 SPK0032	 Continuing 	   776	 Шешесі               	 Шешесі               	 linguistic	         	                               	 Begin=1151.576
776-1   	 SPK0032	 Continuing 	   776	 ол,                  	 ол                   	 linguistic	         	                               	 End=1152.100
777-0   	 SPK0032	 Falling    	   777	 ###                  	 ###                  	 unknown   	 _       	                               	 Begin=1152.100
777-1   	 SPK0032	 Falling    	   777	 чисто                	 чисто                	 linguistic
777-2   	 SPK0032	 Falling    	   777	 орысша               	 орысша               	 linguistic
777-3   	 SPK0032	 Falling    	   777	 сөйлеп               	 сөйлеп               	 linguistic
777-4   	 SPK0032	 Falling    	   777	 отыр.                	 отыр                 	 linguistic	         	                               	 End=1153.837
778-0   	 SPK0027	 Falling    	   778	 Мм.                  	 Мм                   	 linguistic	         	                               	 Begin=1155.745|End=1156.278
779-0   	 SPK0027	 Continuing 	   779	 Так                  	 Так                  	 linguistic	         	                               	 Begin=1157.318
779-1   	 SPK0027	 Continuing 	   779	 мына,                	 мына                 	 linguistic	         	                               	 End=1157.982
780-0   	 SPK0027	 Falling    	   780	 жуып                 	 жуып                 	 linguistic	         	                               	 Begin=1157.984
780-1   	 SPK0027	 Falling    	   780	 қояйын.              	 қояйын               	 linguistic	         	                               	 End=1158.634
781-0   	 SPK0027	 undefined  	   781	 Ее                   	 Ее                   	 linguistic	         	                               	 Begin=1159.590
781-1   	 SPK0027	 undefined  	   781	 кішкене-кішкене      	 кішкене-кішкене      	 linguistic
781-2   	 SPK0027	 undefined  	   781	 азайып               	 азайып               	 linguistic
781-3   	 SPK0027	 undefined  	   781	 бара                 	 бара                 	 linguistic
781-4   	 SPK0027	 undefined  	   781	 жатыр                	 жатыр                	 linguistic
781-5   	 SPK0027	 undefined  	   781	 @@                   	 @@                   	 linguistic	 _       	                               	 End=1161.401
782-0   	 SPK0032	 Continuing 	   782	 Азаймағанда,         	 Азаймағанда          	 linguistic	         	                               	 Begin=1161.718|End=1162.372
783-0   	 SPK0032	 Falling    	   783	 қайда                	 қайда                	 linguistic	         	                               	 Begin=1162.394
783-1   	 SPK0032	 Falling    	   783	 барады               	 барады               	 linguistic
783-2   	 SPK0032	 Falling    	   783	 ол.                  	 ол                   	 linguistic	         	                               	 End=1163.113
784-0   	 SPK0032	 Continuing 	   784	 Мынаны               	 Мынаны               	 linguistic	         	                               	 Begin=1165.288
784-1   	 SPK0032	 Continuing 	   784	 ыңғайлап             	 ыңғайлап             	 linguistic
784-2   	 SPK0032	 Continuing 	   784	 алғаннан             	 алғаннан             	 linguistic
784-3   	 SPK0032	 Continuing 	   784	 кейін                	 кейін                	 linguistic
784-4   	 SPK0032	 Continuing 	   784	 мыналардан,          	 мыналардан           	 linguistic	         	                               	 End=1166.909
785-0   	 SPK0032	 Continuing 	   785	 компот               	 компот               	 linguistic	         	                               	 Begin=1166.909
785-1   	 SPK0032	 Continuing 	   785	 турап                	 турап                	 linguistic
785-2   	 SPK0032	 Continuing 	   785	 қою                  	 қою                  	 linguistic
785-3   	 SPK0032	 Continuing 	   785	 керек,               	 керек                	 linguistic	         	                               	 End=1168.229
786-0   	 SPK0032	 Falling    	   786	 әгі                  	 әгі                  	 linguistic	         	                               	 Begin=1168.231
786-1   	 SPK0032	 Falling    	   786	 компотың             	 компотың             	 linguistic
786-2   	 SPK0032	 Falling    	   786	 де                   	 де                   	 linguistic
786-3   	 SPK0032	 Falling    	   786	 не.                  	 не                   	 linguistic	         	                               	 End=1169.479
787-0   	 SPK0027	 Continuing 	   787	 Андағы               	 Андағы               	 linguistic	         	                               	 Begin=1169.639
787-1   	 SPK0027	 Continuing 	   787	 қазір,               	 қазір                	 linguistic	         	                               	 End=1170.389
788-0   	 SPK0032	 Falling    	   788	 варенье.             	 варенье              	 linguistic	         	                               	 Begin=1169.645|End=1170.304
789-0   	 SPK0027	 Continuing 	   789	 Жоқ,                 	 Жоқ                  	 linguistic	         	                               	 Begin=1170.628|End=1170.948
790-0   	 SPK0027	 Falling    	   790	 мынау                	 мынау                	 linguistic	         	                               	 Begin=1171.238
790-1   	 SPK0027	 Falling    	   790	 компот               	 компот               	 linguistic
790-2   	 SPK0027	 Falling    	   790	 қазір.               	 қазір                	 linguistic	         	                               	 End=1172.189
791-0   	 SPK0032	 Continuing 	   791	 Жоқ                  	 Жоқ                  	 linguistic	         	                               	 Begin=1172.604
791-1   	 SPK0032	 Continuing 	   791	 ана,                 	 ана                  	 linguistic	         	                               	 End=1173.327
792-0   	 SPK0032	 Falling    	   792	 варене               	 варене               	 linguistic	         	                               	 Begin=1173.425
792-1   	 SPK0032	 Falling    	   792	 қайнатам             	 қайнатам             	 linguistic
792-2   	 SPK0032	 Falling    	   792	 десең                	 десең                	 linguistic
792-3   	 SPK0032	 Falling    	   792	 деймін.              	 деймін               	 linguistic	         	                               	 End=1175.296
793-0   	 SPK0027	 Continuing 	   793	 Иә                   	 Иә                   	 linguistic	         	                               	 Begin=1175.296
793-1   	 SPK0027	 Continuing 	   793	 ана,                 	 ана                  	 linguistic	         	                               	 End=1175.999
794-0   	 SPK0027	 Rising     	   794	 қарадан              	 қарадан              	 linguistic	         	                               	 Begin=1175.999
794-1   	 SPK0027	 Rising     	   794	 иә?                  	 иә                   	 linguistic	         	                               	 End=1177.191
795-0   	 SPK0032	 Falling    	   795	 Иә.                  	 Иә                   	 linguistic	         	                               	 Begin=1177.059|End=1177.540
796-0   	 SPK0032	 Continuing 	   796	 Анау                 	 Анау                 	 linguistic	         	                               	 Begin=1177.627
796-1   	 SPK0032	 Continuing 	   796	 қалай                	 қалай                	 linguistic
796-2   	 SPK0032	 Continuing 	   796	 шығады               	 шығады               	 linguistic
796-3   	 SPK0032	 Continuing 	   796	 екен,                	 екен                 	 linguistic	         	                               	 End=1178.727
797-0   	 SPK0032	 Falling    	   797	 көр.                 	 көр                  	 linguistic	         	                               	 Begin=1178.727|End=1179.479
798-0   	 SPK0027	 Falling    	   798	 Иә.                  	 Иә                   	 linguistic	         	                               	 Begin=1180.510|End=1181.073
799-0   	 SPK0027	 Falling    	   799	 Анау                 	 Анау                 	 linguistic	         	                               	 Begin=1182.758
799-1   	 SPK0027	 Falling    	   799	 кішкене              	 кішкене              	 linguistic
799-2   	 SPK0027	 Falling    	   799	 өзі                  	 өзі                  	 linguistic
799-3   	 SPK0027	 Falling    	   799	 тұрсын.              	 тұрсын               	 linguistic	         	                               	 End=1184.201
800-0   	 SPK0027	 Falling    	   800	 Пысса                	 Пысса                	 linguistic	         	                               	 Begin=1184.201
800-1   	 SPK0027	 Falling    	   800	 пысып                	 пысып                	 linguistic
800-2   	 SPK0027	 Falling    	   800	 қалатын              	 қалатын              	 linguistic
800-3   	 SPK0027	 Falling    	   800	 шығар                	 шығар                	 linguistic
800-4   	 SPK0027	 Falling    	   800	 жәшікте.             	 жәшікте              	 linguistic	         	                               	 End=1185.940
801-0   	 SPK0027	 Falling    	   801	 А.                   	 А                    	 linguistic	         	                               	 Begin=1186.516|End=1186.958
802-0   	 SPK0032	 Falling    	   802	 А.                   	 А                    	 linguistic	         	                               	 Begin=1187.114|End=1187.657
803-0   	 SPK0027	 Continuing 	   803	 Біраз                	 Біраз                	 linguistic	         	                               	 Begin=1188.099
803-1   	 SPK0027	 Continuing 	   803	 жәшікте              	 жәшікте              	 linguistic
803-2   	 SPK0027	 Continuing 	   803	 тұрса,               	 тұрса                	 linguistic	         	                               	 End=1188.972
804-0   	 SPK0027	 Falling    	   804	 пысып                	 пысып                	 linguistic	         	                               	 Begin=1189.102
804-1   	 SPK0027	 Falling    	   804	 кететін              	 кететін              	 linguistic
804-2   	 SPK0027	 Falling    	   804	 шығар.               	 шығар                	 linguistic	         	                               	 End=1189.890
805-0   	 SPK0032	 Falling    	   805	 Пысып                	 Пысып                	 linguistic	         	                               	 Begin=1190.382
805-1   	 SPK0032	 Falling    	   805	 кетеді.              	 кетеді               	 linguistic	         	                               	 End=1191.157
806-0   	 SPK0032	 Continuing 	   806	 Бетін                	 Бетін                	 linguistic	         	                               	 Begin=1191.725
806-1   	 SPK0032	 Continuing 	   806	 жауып                	 жауып                	 linguistic
806-2   	 SPK0032	 Continuing 	   806	 қойшы                	 қойшы                	 linguistic
806-3   	 SPK0032	 Continuing 	   806	 өзі,                 	 өзі                  	 linguistic	         	                               	 End=1192.879
807-0   	 SPK0032	 Falling    	   807	 пісіп                	 пісіп                	 linguistic	 _       	                               	 Begin=1192.896
807-1   	 SPK0032	 Falling    	   807	 кетеді               	 кетеді               	 linguistic	 _       	                               	 End=1193.616
