token_id	speaker	iu_type	iu_id	tu_id	span	form	type	modality	features	align
0-0	SPK3002	Falling	0	0	Всё	Всё	linguistic	_	_	Begin=0.831
0-1	SPK3002	Falling	0	0	енді	енді	linguistic	_	_	_
0-2	SPK3002	Falling	0	0	жанды.	жанды	linguistic	_	_	End=1.69
1-0	SPK3002	Falling	1	1	Енді	Енді	linguistic	_	_	Begin=1.693
1-1	SPK3002	Falling	1	1	қызыл	қызыл	linguistic	_	_	_
1-2	SPK3002	Falling	1	1	жанды.	жанды	linguistic	_	_	_
1-3	SPK3002	Falling	1	1	(H)	(H)	inhale	_	_	End=2.616
2-0	SPK3001	Falling	2	2	Мхм.	Мхм	linguistic	_	_	Begin=1.714|End=2.285
3-0	SPK3001	Falling	3	3	Мхм.	Мхм	linguistic	_	_	Begin=2.597|End=3.287
4-0	SPK3002	Falling	4	4	Ойбай.	Ойбай	linguistic	_	_	Begin=4.714
4-1	SPK3002	Falling	4	4	TAKES_A_SEAT	TAKES_A_SEAT	linguistic	_	_	End=5.62
5-0	SPK3002	Rising	5	5	Жиырма	Жиырма	linguistic	_	_	Begin=8.873
5-1	SPK3002	Rising	5	5	төрті?	төрті	linguistic	_	_	End=9.739
6-0	SPK3001	Falling	6	6	Мхм.	Мхм	linguistic	_	_	Begin=9.869|End=10.504
7-0	SPK3001	undefined	7	_	MOVES_THE_CHAIR	MOVES_THE_CHAIR	linguistic	_	_	Begin=11.199|End=12.438
8-0	SPK3002	Falling	8	_	#####	#####	unknown	_	_	Begin=11.199|End=12.438
9-0	SPK3002	Falling	9	7	Жиырма	Жиырма	linguistic	_	_	Begin=12.62
9-1	SPK3002	Falling	9	7	сегізі.	сегізі	linguistic	_	_	End=13.998
10-0	SPK3001	Falling	10	_	Мхм.	Мхм	linguistic	_	_	Begin=13.964|End=14.706
11-0	SPK3002	Falling	11	8	Мына	Мына	linguistic	_	_	Begin=14.338
11-1	SPK3002	Falling	11	8	жерде	жерде	linguistic	_	_	_
11-2	SPK3002	Falling	11	8	плюс	плюс	linguistic	_	_	_
11-3	SPK3002	Falling	11	8	СОР-ы	СОР-ы	linguistic	_	_	_
11-4	SPK3002	Falling	11	8	бар.	бар	linguistic	_	_	End=15.872
12-0	SPK3001	Falling	12	9	Мхм.	Мхм	linguistic	_	_	Begin=17.153|End=17.971
13-0	SPK3002	Falling	13	10	Твой	Твой	linguistic	_	_	Begin=18.422
13-1	SPK3002	Falling	13	10	шаг	шаг	linguistic	_	_	_
13-2	SPK3002	Falling	13	10	в	в	linguistic	_	_	_
13-3	SPK3002	Falling	13	10	природу.	природу	linguistic	_	_	End=20.061
14-0	SPK3001	Falling	14	11	Екеуі	Екеуі	linguistic	_	_	Begin=20.804
14-1	SPK3001	Falling	14	11	бір	бір	linguistic	_	_	_
14-2	SPK3001	Falling	14	11	сағаттық.	сағаттық	linguistic	_	_	End=22.415
15-0	SPK3002	Continuing	15	12	Мынау	Мынау	linguistic	_	_	Begin=21.913
15-1	SPK3002	Continuing	15	12	жиырма	жиырма	linguistic	_	_	_
15-2	SPK3002	Continuing	15	12	тоғызы,	тоғызы	linguistic	_	_	End=23.311
16-0	SPK3002	Continuing	16	12	жоқ,	жоқ	linguistic	_	_	Begin=23.316|End=23.661
17-0	SPK3002	Falling	17	13	бірікпейді.	бірікпейді	linguistic	_	_	Begin=23.661|End=24.368
18-0	SPK3001	Falling	18	14	Ммм.	Ммм	linguistic	_	_	Begin=23.785|End=24.128
19-0	SPK3001	undefined	19	14	Хм.	Хм	linguistic	_	_	Begin=24.232|End=24.505
20-0	SPK3001	Rising	20	16	Бірікпей	Бірікпей	linguistic	_	_	Begin=24.657
20-1	SPK3001	Rising	20	16	ме?	ме	linguistic	_	_	End=25.374
21-0	SPK3002	Falling	21	_	##	##	unknown	_	_	Begin=25.318|End=26.083
22-0	SPK3001	Falling	22	17	Мхм.	Мхм	linguistic	_	_	Begin=25.438|End=25.868
23-0	SPK3001	Falling	23	18	Екі	Екі	linguistic	_	_	Begin=26.181
23-1	SPK3001	Falling	23	18	сағат	сағат	linguistic	_	_	_
23-2	SPK3001	Falling	23	18	бола	бола	linguistic	_	_	_
23-3	SPK3001	Falling	23	18	ма.	ма	linguistic	_	_	End=27.027
24-0	SPK3002	Falling	24	19	Мхм.	Мхм	linguistic	_	_	Begin=27.075|End=27.525
25-0	SPK3002	Falling	25	20	Мынау	Мынау	linguistic	_	_	Begin=27.57
25-1	SPK3002	Falling	25	20	бірі.	бірі	linguistic	_	_	End=28.396
26-0	SPK3001	Falling	26	21	Аха.	Аха	linguistic	_	_	Begin=28.427|End=29.014
27-0	SPK3001	Falling	27	22	Содан	Содан	linguistic	_	_	Begin=30.733
27-1	SPK3001	Falling	27	22	кейін	кейін	linguistic	_	_	_
27-2	SPK3001	Falling	27	22	қаншасы	қаншасы	linguistic	_	_	_
27-3	SPK3001	Falling	27	22	болады.	болады	linguistic	_	_	End=32.593
28-0	SPK3002	undefined	28	_	STARTS_ERASING_SOMETHING_WITH_AN_ERASER	STARTS_ERASING_SOMETHING_WITH_AN_ERASER	linguistic	_	_	Begin=32.649|End=34.984
29-0	SPK3001	undefined	29	_	CLEARS_THROAT	CLEARS_THROAT	linguistic	_	_	Begin=36.609|End=37.25
30-0	SPK3002	Falling	30	23	Бірі.	Бірі	linguistic	_	_	Begin=48.445|End=49.04
31-0	SPK3002	Continuing	31	24	Сосын,	Сосын	linguistic	_	_	Begin=49.147|End=49.761
32-0	SPK3002	Rising	32	24	бесі?	бесі	linguistic	_	_	Begin=51.152|End=51.895
33-0	SPK3002	Continuing	33	25	Зеленый	Зеленый	linguistic	_	_	Begin=52.133
33-1	SPK3002	Continuing	33	25	мир,	мир	linguistic	_	_	End=53.385
34-0	SPK3002	Falling	34	26	Зверев	Зверев	linguistic	_	_	Begin=53.781
34-1	SPK3002	Falling	34	26	Ласточки.	Ласточки	linguistic	_	_	End=55.536
35-0	SPK3002	Rising	35	27	Алтысы?	Алтысы	linguistic	_	_	Begin=55.566|End=56.6
36-0	SPK3001	Falling	36	28	Сегізі.	Сегізі	linguistic	_	_	Begin=56.798|End=57.856
37-0	SPK3002	Continuing	37	29	Такс,	Такс	linguistic	_	_	Begin=59.082|End=59.942
38-0	SPK3002	Falling	38	29	сегізі.	сегізі	linguistic	_	_	Begin=59.948|End=60.919
39-0	SPK3001	Falling	39	30	Он	Он	linguistic	_	_	Begin=60.961
39-1	SPK3001	Falling	39	30	екісі.	екісі	linguistic	_	_	End=61.847
40-0	SPK3002	Falling	40	31	Кошка	Кошка	linguistic	_	_	Begin=61.847
40-1	SPK3002	Falling	40	31	на	на	linguistic	_	_	_
40-2	SPK3002	Falling	40	31	дороге.	дороге	linguistic	_	_	End=62.865
41-0	SPK3002	Falling	41	32	Он	Он	linguistic	_	_	Begin=64.406
41-1	SPK3002	Falling	41	32	екісі.	екісі	linguistic	_	_	End=65.636
42-0	SPK3001	Falling	42	33	Он	Он	linguistic	_	_	Begin=65.666
42-1	SPK3001	Falling	42	33	үші.	үші	linguistic	_	_	End=66.605
43-0	SPK3002	Falling	43	34	Белогрудка.	Белогрудка	linguistic	_	_	Begin=66.744|End=67.746
44-0	SPK3001	Falling	44	35	Он	Он	linguistic	_	_	Begin=67.945
44-1	SPK3001	Falling	44	35	үші.	үші	linguistic	_	_	End=68.867
45-0	SPK3002	Rising	45	36	Бір-ақ	Бір-ақ	linguistic	_	_	Begin=69.18
45-1	SPK3002	Rising	45	36	сағат	сағат	linguistic	_	_	_
45-2	SPK3002	Rising	45	36	па?	па	linguistic	_	_	End=70.608
46-0	SPK3001	Continuing	46	37	Міне,	Міне	linguistic	_	_	Begin=69.449|End=70.016
47-0	SPK3001	Falling	47	37	он	он	linguistic	_	_	Begin=70.02
47-1	SPK3001	Falling	47	37	үші.	үші	linguistic	_	_	End=70.584
48-0	SPK3001	Falling	48	38	Иә.	Иә	linguistic	_	_	Begin=70.773|End=71.28
49-0	SPK3001	Falling	49	39	Он	Он	linguistic	_	_	Begin=71.368
49-1	SPK3001	Falling	49	39	үші.	үші	linguistic	_	_	End=72.066
50-0	SPK3001	Falling	50	40	Мхм.	Мхм	linguistic	_	_	Begin=73.676|End=74.166
51-0	SPK3002	Falling	51	41	Екеуі	Екеуі	linguistic	_	_	Begin=74.371
51-1	SPK3002	Falling	51	41	бірге	бірге	linguistic	_	_	_
51-2	SPK3002	Falling	51	41	он	он	linguistic	_	_	_
51-3	SPK3002	Falling	51	41	үші.	үші	linguistic	_	_	End=76.42
52-0	SPK3001	Falling	52	42	Мхм.	Мхм	linguistic	_	_	Begin=75.844|End=76.415
53-0	SPK3002	Continuing	53	43	Мынау	Мынау	linguistic	_	_	Begin=76.459
53-1	SPK3002	Continuing	53	43	уже,	уже	linguistic	_	_	End=77.878
54-0	SPK3001	Falling	54	44	Он	Он	linguistic	_	_	Begin=77.439
54-1	SPK3001	Falling	54	44	бесі.	бесі	linguistic	_	_	End=78.585
55-0	SPK3002	Continuing	55	43	Мынау,	Мынау	linguistic	_	_	Begin=77.988|End=78.348
56-0	SPK3002	Falling	56	45	екі	екі	linguistic	_	_	Begin=78.348
56-1	SPK3002	Falling	56	45	сағат	сағат	linguistic	_	_	_
56-2	SPK3002	Falling	56	45	болады	болады	linguistic	_	_	_
56-3	SPK3002	Falling	56	45	екен.	екен	linguistic	_	_	End=79.889
57-0	SPK3001	undefined	57	_	CLEARS_THROAT	CLEARS_THROAT	linguistic	_	_	Begin=79.921|End=80.355
58-0	SPK3002	Falling	58	46	Екі	Екі	linguistic	_	_	Begin=81.569
58-1	SPK3002	Falling	58	46	сағат.	сағат	linguistic	_	_	End=82.332
59-0	SPK3002	Continuing	59	47	Он	Он	linguistic	_	_	Begin=82.936
59-1	SPK3002	Continuing	59	47	бесі,	бесі	linguistic	_	_	End=83.554
60-0	SPK3002	Continuing	60	47	и,	и	linguistic	_	_	Begin=83.566|End=83.766
61-0	SPK3002	Rising	61	47	он	он	linguistic	_	_	Begin=83.766
61-1	SPK3002	Rising	61	47	тоғызы	тоғызы	linguistic	_	_	_
61-2	SPK3002	Rising	61	47	деп	деп	linguistic	_	_	_
61-3	SPK3002	Rising	61	47	тұр	тұр	linguistic	_	_	_
61-4	SPK3002	Rising	61	47	иә?	иә	linguistic	_	_	End=85.195
62-0	SPK3001	Falling	62	_	Мхм.	Мхм	linguistic	_	_	Begin=84.666|End=85.365
63-0	SPK3002	Falling	63	48	Одан	Одан	linguistic	_	_	Begin=85.71
63-1	SPK3002	Falling	63	48	кейін	кейін	linguistic	_	_	_
63-2	SPK3002	Falling	63	48	СОЧ.	СОЧ	linguistic	_	_	End=86.728
64-0	SPK3001	undefined	64	_	CLEARS_THROAT	CLEARS_THROAT	linguistic	_	_	Begin=86.442|End=87.076
65-0	SPK3002	Continuing	65	49	Он	Он	linguistic	_	_	Begin=88.642
65-1	SPK3002	Continuing	65	49	бесі,	бесі	linguistic	_	_	End=89.366
66-0	SPK3002	Falling	66	50	он	он	linguistic	_	_	Begin=89.366
66-1	SPK3002	Falling	66	50	тоғыз.	тоғыз	linguistic	_	_	End=90.147
67-0	SPK3001	Falling	67	51	Мхм.	Мхм	linguistic	_	_	Begin=90.551|End=91.165
68-0	SPK3002	Continuing	68	52	Такс	Такс	linguistic	_	_	Begin=96.844
68-1	SPK3002	Continuing	68	52	мына	мына	linguistic	_	_	_
68-2	SPK3002	Continuing	68	52	жақта	жақта	linguistic	_	_	_
68-3	SPK3002	Continuing	68	52	СОЧ,	СОЧ	linguistic	_	_	End=98.061
69-0	SPK3002	Falling	69	52	жоқ.	жоқ	linguistic	_	_	Begin=98.063|End=98.615
70-0	SPK3002	undefined	70	_	DRAWS_A_LINE_ON_PAPER	DRAWS_A_LINE_ON_PAPER	linguistic	_	_	Begin=98.64|End=99.718
71-0	SPK3001	Falling	71	53	Мхм.	Мхм	linguistic	_	_	Begin=98.745|End=99.189
72-0	SPK3002	Falling	72	54	Мынау	Мынау	linguistic	_	_	Begin=99.812
72-1	SPK3002	Falling	72	54	да	да	linguistic	_	_	_
72-2	SPK3002	Falling	72	54	жоқ.	жоқ	linguistic	_	_	End=100.774
73-0	SPK3001	Rising	73	55	Неге?	Неге	linguistic	_	_	Begin=100.879|End=101.571
74-0	SPK3002	Interrupted	74	56	Енді—	Енді—	linguistic	_	Interrupted=Yes	Begin=101.622|End=102.375
75-0	SPK3002	Falling	75	57	А	А	linguistic	_	_	Begin=102.375
75-1	SPK3002	Falling	75	57	жоқ	жоқ	linguistic	_	_	_
75-2	SPK3002	Falling	75	57	мынау	мынау	linguistic	_	_	_
75-3	SPK3002	Falling	75	57	можно	можно	linguistic	_	_	_
75-4	SPK3002	Falling	75	57	былай	былай	linguistic	_	_	_
75-5	SPK3002	Falling	75	57	істей	істей	linguistic	_	_	_
75-6	SPK3002	Falling	75	57	салғанға.	салғанға	linguistic	_	_	End=104.047
76-0	SPK3001	Falling	76	58	Иә.	Иә	linguistic	_	_	Begin=103.765|End=104.247
77-0	SPK3002	Continuing	77	57	Бір-бір	Бір-бір	linguistic	_	_	Begin=104.065
77-1	SPK3002	Continuing	77	57	сағаттан	сағаттан	linguistic	_	_	_
77-2	SPK3002	Continuing	77	57	деп,	деп	linguistic	_	_	End=104.837
78-0	SPK3002	Falling	78	57	жарайды.	жарайды	linguistic	_	_	Begin=104.837|End=105.357
79-0	SPK3001	Falling	79	59	Иә.	Иә	linguistic	_	_	Begin=105.219|End=105.688
80-0	SPK3001	Falling	80	60	Соны	Соны	linguistic	_	_	Begin=106.027
80-1	SPK3001	Falling	80	60	айтып	айтып	linguistic	_	_	_
80-2	SPK3001	Falling	80	60	тұрмын	тұрмын	linguistic	_	_	_
80-3	SPK3001	Falling	80	60	ғой.	ғой	linguistic	_	_	End=106.813
81-0	SPK3002	Falling	81	61	Енді	Енді	linguistic	_	_	Begin=107.152
81-1	SPK3002	Falling	81	61	астындағысын	астындағысын	linguistic	_	_	_
81-2	SPK3002	Falling	81	61	көрген	көрген	linguistic	_	_	_
81-3	SPK3002	Falling	81	61	жоқпын	жоқпын	linguistic	_	_	_
81-4	SPK3002	Falling	81	61	#	#	unknown	_	_	End=108.808
82-0	SPK3002	Continuing	82	62	Он	Он	linguistic	_	_	Begin=114.719
82-1	SPK3002	Continuing	82	62	үші,	үші	linguistic	_	_	End=115.576
83-0	SPK3002	Continuing	83	63	он	он	linguistic	_	_	Begin=115.595
83-1	SPK3002	Continuing	83	63	үшінен	үшінен	linguistic	_	_	_
83-2	SPK3002	Continuing	83	63	кейін	кейін	linguistic	_	_	_
83-3	SPK3002	Continuing	83	63	мынау,	мынау	linguistic	_	_	End=116.78
84-0	SPK3002	Falling	84	63	он	он	linguistic	_	_	Begin=117.033
84-1	SPK3002	Falling	84	63	бесі	бесі	linguistic	_	_	_
84-2	SPK3002	Falling	84	63	күні	күні	linguistic	_	_	_
84-3	SPK3002	Falling	84	63	болады.	болады	linguistic	_	_	End=118.879
85-0	SPK3002	Continuing	85	64	Мынау,	Мынау	linguistic	_	_	Begin=118.91|End=119.433
86-0	SPK3002	Continuing	86	64	он,	он	linguistic	_	_	Begin=119.545|End=120.6
87-0	SPK3002	Falling	87	64	тоғызы	тоғызы	linguistic	_	_	Begin=120.6
87-1	SPK3002	Falling	87	64	күні	күні	linguistic	_	_	_
87-2	SPK3002	Falling	87	64	болады.	болады	linguistic	_	_	End=121.714
88-0	SPK3001	Falling	88	65	Мхм.	Мхм	linguistic	_	_	Begin=121.578|End=122.217
89-0	SPK3002	Continuing	89	66	Поэма,	Поэма	linguistic	_	_	Begin=121.908|End=122.375
90-0	SPK3002	Continuing	90	67	Неразлучные,	Неразлучные	linguistic	_	_	Begin=122.375|End=123.333
91-0	SPK3002	Rising	91	67	лебеди?	лебеди	linguistic	_	_	Begin=123.345|End=124.223
92-0	SPK3002	Falling	92	68	Плюс	Плюс	linguistic	_	_	Begin=124.509
92-1	SPK3002	Falling	92	68	СОР.	СОР	linguistic	_	_	End=125.763
93-0	SPK3001	Falling	93	69	СОЧ-ы	СОЧ-ы	linguistic	_	_	Begin=130.885
93-1	SPK3001	Falling	93	69	несі.	несі	linguistic	_	_	End=131.605
94-0	SPK3001	Continuing	94	70	СОЧ	СОЧ	linguistic	_	_	Begin=131.605
94-1	SPK3001	Continuing	94	70	деген,	деген	linguistic	_	_	End=132.129
95-0	SPK3001	Falling	95	70	болмай	болмай	linguistic	_	_	Begin=132.129
95-1	SPK3001	Falling	95	70	қалды	қалды	linguistic	_	_	_
95-2	SPK3001	Falling	95	70	ма	ма	linguistic	_	_	_
95-3	SPK3001	Falling	95	70	сонда.	сонда	linguistic	_	_	End=133.199
96-0	SPK3002	Continuing	96	71	Сенде	Сенде	linguistic	_	_	Begin=137.053
96-1	SPK3002	Continuing	96	71	мынада,	мынада	linguistic	_	_	End=137.981
97-0	SPK3002	Falling	97	71	тақырып	тақырып	linguistic	_	_	Begin=137.983
97-1	SPK3002	Falling	97	71	жетпей	жетпей	linguistic	_	_	_
97-2	SPK3002	Falling	97	71	қалды	қалды	linguistic	_	_	_
97-3	SPK3002	Falling	97	71	ғой.	ғой	linguistic	_	_	End=139.248
98-0	SPK3001	Continuing	98	72	Вот	Вот	linguistic	_	_	Begin=139.765
98-1	SPK3001	Continuing	98	72	әне:,	әне	linguistic	_	Prolongation=2	End=140.471
99-0	SPK3001	Falling	99	73	әлде	әлде	linguistic	_	_	Begin=140.914
99-1	SPK3001	Falling	99	73	екі	екі	linguistic	_	_	_
99-2	SPK3001	Falling	99	73	сағаттық	сағаттық	linguistic	_	_	_
99-3	SPK3001	Falling	99	73	па.	па	linguistic	_	_	End=142.185
100-0	SPK3002	Falling	100	74	Сенде	Сенде	linguistic	_	_	Begin=141.304
100-1	SPK3002	Falling	100	74	тақырып	тақырып	linguistic	_	_	_
100-2	SPK3002	Falling	100	74	жоқ.	жоқ	linguistic	_	_	End=142.756
101-0	SPK3002	Falling	101	74	Мынада.	Мынада	linguistic	_	_	Begin=142.761|End=143.459
102-0	SPK3002	Continuing	102	75	Мынада	Мынада	linguistic	_	_	Begin=143.785
102-1	SPK3002	Continuing	102	75	күн,	күн	linguistic	_	_	End=144.485
103-0	SPK3002	Falling	103	75	тақырып	тақырып	linguistic	_	_	Begin=144.485
103-1	SPK3002	Falling	103	75	бәрі	бәрі	linguistic	_	_	_
103-2	SPK3002	Falling	103	75	бар.	бар	linguistic	_	_	End=145.423
104-0	SPK3002	Falling	104	76	Сенде	Сенде	linguistic	_	_	Begin=145.423
104-1	SPK3002	Falling	104	76	мында	мында	linguistic	_	_	_
104-2	SPK3002	Falling	104	76	тақырып	тақырып	linguistic	_	_	_
104-3	SPK3002	Falling	104	76	жоқ	жоқ	linguistic	_	_	End=147.051
105-0	SPK3002	Continuing	105	77	Сен	Сен	linguistic	_	_	Begin=147.155
105-1	SPK3002	Continuing	105	77	мында	мында	linguistic	_	_	_
105-2	SPK3002	Continuing	105	77	бір	бір	linguistic	_	_	_
105-3	SPK3002	Continuing	105	77	тақырыпты,	тақырыпты	linguistic	_	_	End=148.038
106-0	SPK3002	Falling	106	77	екі-екі	екі-екі	linguistic	_	_	Begin=148.055
106-1	SPK3002	Falling	106	77	күннен	күннен	linguistic	_	_	_
106-2	SPK3002	Falling	106	77	қойып	қойып	linguistic	_	_	_
106-3	SPK3002	Falling	106	77	тастағансың	тастағансың	linguistic	_	_	_
106-4	SPK3002	Falling	106	77	алып.	алып	linguistic	_	_	End=149.857
107-0	SPK3001	Falling	107	78	Күн	Күн	linguistic	_	_	Begin=150.404
107-1	SPK3001	Falling	107	78	жетпей	жетпей	linguistic	_	_	_
107-2	SPK3001	Falling	107	78	қалды	қалды	linguistic	_	_	_
107-3	SPK3001	Falling	107	78	ма.	ма	linguistic	_	_	End=151.384
108-0	SPK3002	Falling	108	79	Күн	Күн	linguistic	_	_	Begin=152.38
108-1	SPK3002	Falling	108	79	бар.	бар	linguistic	_	_	End=152.938
109-0	SPK3002	Falling	109	80	Тақырып	Тақырып	linguistic	_	_	Begin=152.957
109-1	SPK3002	Falling	109	80	жоқ	жоқ	linguistic	_	_	_
109-2	SPK3002	Falling	109	80	деймін.	деймін	linguistic	_	_	End=153.852
110-0	SPK3002	Falling	110	80	Мынауыңда.	Мынауыңда	linguistic	_	_	Begin=153.901|End=154.647
111-0	SPK3001	Falling	111	81	Еее.	Еее	linguistic	_	_	Begin=154.229|End=154.643
112-0	SPK3001	Falling	112	82	Тақырып	Тақырып	linguistic	_	_	Begin=156.504
112-1	SPK3001	Falling	112	82	тұр	тұр	linguistic	_	_	_
112-2	SPK3001	Falling	112	82	ғой	ғой	linguistic	_	_	_
112-3	SPK3001	Falling	112	82	міне.	міне	linguistic	_	_	End=157.38
113-0	SPK3002	undefined	113	_	(TSK)	(TSK)	click	_	_	Begin=157.889|End=158.799
114-0	SPK3002	Falling	114	83	Мам	Мам	linguistic	_	_	Begin=158.799
114-1	SPK3002	Falling	114	83	ты	ты	linguistic	_	_	_
114-2	SPK3002	Falling	114	83	понимаешь.	понимаешь	linguistic	_	_	End=160.131
115-0	SPK3002	Falling	115	84	Тақырып	Тақырып	linguistic	_	_	Begin=160.666
115-1	SPK3002	Falling	115	84	жоқ.	жоқ	linguistic	_	_	End=161.517
116-0	SPK3002	Falling	116	85	@Мынауыңдағы	@Мынауыңдағы	linguistic	_	_	Begin=164.023
116-1	SPK3002	Falling	116	85	тақырып	тақырып	linguistic	_	_	_
116-2	SPK3002	Falling	116	85	жетпейді	жетпейді	linguistic	_	_	End=165.921
117-0	SPK3002	Continuing	117	86	(H)	(H)	inhale	_	_	Begin=165.921
117-1	SPK3002	Continuing	117	86	Мынаны	Мынаны	linguistic	_	_	_
117-2	SPK3002	Continuing	117	86	сен,	сен	linguistic	_	_	End=166.488
118-0	SPK3002	Continuing	118	86	мына	мына	linguistic	_	_	Begin=166.488
118-1	SPK3002	Continuing	118	86	жаққа,	жаққа	linguistic	_	_	End=167.033
119-0	SPK3002	Falling	119	86	екінші	екінші	linguistic	_	_	Begin=167.033
119-1	SPK3002	Falling	119	86	четвертьқа	четвертьқа	linguistic	_	_	_
119-2	SPK3002	Falling	119	86	қоя	қоя	linguistic	_	_	_
119-3	SPK3002	Falling	119	86	беріпсің.	беріпсің	linguistic	_	_	End=168.261
120-0	SPK3002	Falling	120	87	Мынау	Мынау	linguistic	_	_	Begin=168.261
120-1	SPK3002	Falling	120	87	бірінші	бірінші	linguistic	_	_	_
120-2	SPK3002	Falling	120	87	четвертьтің	четвертьтің	linguistic	_	_	_
120-3	SPK3002	Falling	120	87	сабағы	сабағы	linguistic	_	_	_
120-4	SPK3002	Falling	120	87	екен.	екен	linguistic	_	_	End=170.08
121-0	SPK3001	Continuing	121	88	Ее	Ее	linguistic	_	_	Begin=169.838
121-1	SPK3001	Continuing	121	88	жарайды,	жарайды	linguistic	_	_	End=170.113
122-0	SPK3001	Falling	122	88	соған	соған	linguistic	_	_	Begin=170.113
122-1	SPK3001	Falling	122	88	ете	ете	linguistic	_	_	_
122-2	SPK3001	Falling	122	88	бер.	бер	linguistic	_	_	End=171.022
123-0	SPK3001	Continuing	123	89	Екінші	Екінші	linguistic	_	_	Begin=171.352
123-1	SPK3001	Continuing	123	89	четверть	четверть	linguistic	_	_	_
123-2	SPK3001	Continuing	123	89	деген,	деген	linguistic	_	_	End=172.104
124-0	SPK3001	Falling	124	89	не	не	linguistic	_	_	Begin=172.105
124-1	SPK3001	Falling	124	89	имеет	имеет	linguistic	_	_	_
124-2	SPK3001	Falling	124	89	значения.	значения	linguistic	_	_	End=173.195
125-0	SPK3001	Falling	125	90	Ете	Ете	linguistic	_	_	Begin=173.655
125-1	SPK3001	Falling	125	90	бер.	бер	linguistic	_	_	End=174.241
126-0	SPK3001	Falling	126	91	Ала	Ала	linguistic	_	_	Begin=175.112
126-1	SPK3001	Falling	126	91	бер.	бер	linguistic	_	_	End=175.642
127-0	SPK3001	Falling	127	92	Шимайлап	Шимайлап	linguistic	_	_	Begin=175.829
127-1	SPK3001	Falling	127	92	сал	сал	linguistic	_	_	_
127-2	SPK3001	Falling	127	92	да.	да	linguistic	_	_	End=176.6
128-0	SPK3001	Falling	128	93	Иә.	Иә	linguistic	_	_	Begin=176.781|End=177.166
129-0	SPK3001	Falling	129	94	Шимайлап	Шимайлап	linguistic	_	_	Begin=178.171
129-1	SPK3001	Falling	129	94	сал	сал	linguistic	_	_	_
129-2	SPK3001	Falling	129	94	да	да	linguistic	_	_	_
129-3	SPK3001	Falling	129	94	ала	ала	linguistic	_	_	_
129-4	SPK3001	Falling	129	94	бер.	бер	linguistic	_	_	End=179.438
130-0	SPK3001	Falling	130	95	Андағы	Андағы	linguistic	_	_	Begin=179.438
130-1	SPK3001	Falling	130	95	нешінші	нешінші	linguistic	_	_	_
130-2	SPK3001	Falling	130	95	болып	болып	linguistic	_	_	_
130-3	SPK3001	Falling	130	95	еді.	еді	linguistic	_	_	End=180.371
131-0	SPK3001	Rising	131	96	Он	Он	linguistic	_	_	Begin=180.371
131-1	SPK3001	Rising	131	96	тоғыз?	тоғыз	linguistic	_	_	End=181.126
132-0	SPK3002	Continuing	132	97	Типа	Типа	linguistic	_	_	Begin=181.704
132-1	SPK3002	Continuing	132	97	мына,	мына	linguistic	_	_	End=182.333
133-0	SPK3002	Continuing	133	97	урокпен,	урокпен	linguistic	_	_	Begin=182.337|End=183.195
134-0	SPK3002	Continuing	134	97	мына	мына	linguistic	_	_	Begin=183.481
134-1	SPK3002	Continuing	134	97	урок	урок	linguistic	_	_	_
134-2	SPK3002	Continuing	134	97	екеуі,	екеуі	linguistic	_	_	End=185.128
135-0	SPK3001	Falling	135	98	Иә.	Иә	linguistic	_	_	Begin=185.066|End=185.5
136-0	SPK3002	Falling	136	97	қосылды.	қосылды	linguistic	_	_	Begin=185.128|End=186.026
137-0	SPK3001	Falling	137	99	Аха.	Аха	linguistic	_	_	Begin=185.869|End=186.367
138-0	SPK3002	Continuing	138	100	Мына	Мына	linguistic	_	_	Begin=186.41
138-1	SPK3002	Continuing	138	100	жерде,	жерде	linguistic	_	_	End=187.079
139-0	SPK3001	Falling	139	101	Жиырма.	Жиырма	linguistic	_	_	Begin=187.231|End=188.348
140-0	SPK3002	Falling	140	100	еще	еще	linguistic	_	_	Begin=187.269
140-1	SPK3002	Falling	140	100	СОР	СОР	linguistic	_	_	_
140-2	SPK3002	Falling	140	100	бар.	бар	linguistic	_	_	End=188.376
141-0	SPK3001	Falling	141	102	Мхм.	Мхм	linguistic	_	_	Begin=188.757|End=189.221
142-0	SPK3002	Falling	142	103	Иә.	Иә	linguistic	_	_	Begin=189.222|End=190.016
143-0	SPK3002	Continuing	143	104	Екеуі	Екеуі	linguistic	_	_	Begin=190.016
143-1	SPK3002	Continuing	143	104	қосылды,	қосылды	linguistic	_	_	End=191.455
144-0	SPK3002	Continuing	144	105	и,	и	linguistic	_	_	Begin=191.834|End=192.349
145-0	SPK3002	Continuing	145	105	плюс,	плюс	linguistic	_	_	Begin=192.747|End=193.416
146-0	SPK3002	Continuing	146	105	СОР	СОР	linguistic	_	_	Begin=194.274
146-1	SPK3002	Continuing	146	105	номер,	номер	linguistic	_	_	End=195.469
147-0	SPK3002	Falling	147	105	два	два	linguistic	_	_	Begin=195.566
147-1	SPK3002	Falling	147	105	дейді.	дейді	linguistic	_	_	End=197.144
148-0	SPK3001	Falling	148	106	Мхм.	Мхм	linguistic	_	_	Begin=196.433|End=196.99
149-0	SPK3002	Continuing	149	107	СОР	СОР	linguistic	_	_	Begin=197.247
149-1	SPK3002	Continuing	149	107	номер	номер	linguistic	_	_	_
149-2	SPK3002	Continuing	149	107	два,	два	linguistic	_	_	End=198.534
150-0	SPK3002	Continuing	150	107	бұл	бұл	linguistic	_	_	Begin=198.534
150-1	SPK3002	Continuing	150	107	бізде,	бізде	linguistic	_	_	End=199.252
151-0	SPK3002	Falling	151	107	жиырмасы	жиырмасы	linguistic	_	_	Begin=199.255
151-1	SPK3002	Falling	151	107	болады.	болады	linguistic	_	_	End=200.819
152-0	SPK3001	Falling	152	108	Мхм.	Мхм	linguistic	_	_	Begin=200.57|End=201.363
153-0	SPK3002	Continuing	153	109	Одан	Одан	linguistic	_	_	Begin=201.4
153-1	SPK3002	Continuing	153	109	кейін	кейін	linguistic	_	_	_
153-2	SPK3002	Continuing	153	109	Куриев	Куриев	linguistic	_	_	_
153-3	SPK3002	Continuing	153	109	деген,	деген	linguistic	_	_	End=203.057
154-0	SPK3002	Continuing	154	109	мынау,	мынау	linguistic	_	_	Begin=203.057|End=203.587
155-0	SPK3001	Interrupted	155	_	Неразлучим—	Неразлучим—	linguistic	_	Interrupted=Yes	Begin=203.577|End=204.455
156-0	SPK3002	Continuing	156	110	ой	ой	linguistic	_	_	Begin=203.661
156-1	SPK3002	Continuing	156	110	жоқ	жоқ	linguistic	_	_	_
156-2	SPK3002	Continuing	156	110	мына	мына	linguistic	_	_	_
156-3	SPK3002	Continuing	156	110	жерде,	жерде	linguistic	_	_	End=204.661
157-0	SPK3002	Continuing	157	110	плюс	плюс	linguistic	_	_	Begin=204.674
157-1	SPK3002	Continuing	157	110	(H),	(H)	inhale	_	_	End=205.014
158-0	SPK3002	Falling	158	110	СОЧ	СОЧ	linguistic	_	_	Begin=205.016
158-1	SPK3002	Falling	158	110	бар.	бар	linguistic	_	_	End=206.244
159-0	SPK3001	Continuing	159	111	Сөйтіп	Сөйтіп	linguistic	_	_	Begin=208.112
159-1	SPK3001	Continuing	159	111	иә,	иә	linguistic	_	_	End=208.676
160-0	SPK3001	Continuing	160	112	өзім	өзім	linguistic	_	_	Begin=208.677
160-1	SPK3001	Continuing	160	112	үйде	үйде	linguistic	_	_	_
160-2	SPK3001	Continuing	160	112	сосын	сосын	linguistic	_	_	_
160-3	SPK3001	Continuing	160	112	жөндеп	жөндеп	linguistic	_	_	_
160-4	SPK3001	Continuing	160	112	аламын,	аламын	linguistic	_	_	End=209.814
161-0	SPK3001	Falling	161	113	шығарып	шығарып	linguistic	_	_	Begin=209.814
161-1	SPK3001	Falling	161	113	аламын.	аламын	linguistic	_	_	End=210.479
162-0	SPK3001	Falling	162	114	Мхм.	Мхм	linguistic	_	_	Begin=211.837|End=212.36
163-0	SPK3002	Falling	163	115	Мен	Мен	linguistic	_	_	Begin=213.841
163-1	SPK3002	Falling	163	115	саған	саған	linguistic	_	_	_
163-2	SPK3002	Falling	163	115	мынаны	мынаны	linguistic	_	_	_
163-3	SPK3002	Falling	163	115	жібере	жібере	linguistic	_	_	_
163-4	SPK3002	Falling	163	115	саламын.	саламын	linguistic	_	_	End=215.294
164-0	SPK3001	Falling	164	116	Иә.	Иә	linguistic	_	_	Begin=214.741|End=215.116
165-0	SPK3001	Falling	165	116	Ее.	Ее	linguistic	_	_	Begin=215.245|End=215.547
166-0	SPK3002	Continuing	166	118	Со-,	Со-	linguistic	_	Interrupted=Yes	Begin=215.483|End=216.213
167-0	SPK3001	Falling	167	117	Жібере	Жібере	linguistic	_	_	Begin=215.548
167-1	SPK3001	Falling	167	117	сал	сал	linguistic	_	_	End=216.454
168-0	SPK3002	Continuing	168	118	СОЧ	СОЧ	linguistic	_	_	Begin=216.219
168-1	SPK3002	Continuing	168	118	бірінші	бірінші	linguistic	_	_	_
168-2	SPK3002	Continuing	168	118	четверть,	четверть	linguistic	_	_	End=217.303
169-0	SPK3002	Continuing	169	118	бұл	бұл	linguistic	_	_	Begin=217.303
169-1	SPK3002	Continuing	169	118	бізде,	бізде	linguistic	_	_	End=218.366
170-0	SPK3002	Continuing	170	118	жиырма,	жиырма	linguistic	_	_	Begin=218.39|End=219.34
171-0	SPK3002	Falling	171	118	екісі	екісі	linguistic	_	_	Begin=219.356
171-1	SPK3002	Falling	171	118	болады.	болады	linguistic	_	_	End=221.021
172-0	SPK3001	Falling	172	119	Мхм.	Мхм	linguistic	_	_	Begin=220.146|End=220.811
173-0	SPK3002	Continuing	173	120	Ал	Ал	linguistic	_	_	Begin=221.853
173-1	SPK3002	Continuing	173	120	мынау,	мынау	linguistic	_	_	End=222.783
174-0	SPK3002	undefined	174	_	SOUNDS_OF_ERASER_ON_PAPER	SOUNDS_OF_ERASER_ON_PAPER	linguistic	_	_	Begin=222.955|End=224.206
175-0	SPK3001	undefined	175	_	CLEARS_THROAT	CLEARS_THROAT	linguistic	_	_	Begin=225.244|End=226.077
176-0	SPK3002	Continuing	176	121	мынау	мынау	linguistic	_	_	Begin=225.955
176-1	SPK3002	Continuing	176	121	бізде,	бізде	linguistic	_	_	End=226.994
177-0	SPK3002	Continuing	177	121	бір	бір	linguistic	_	_	Begin=226.994
177-1	SPK3002	Continuing	177	121	сағат,	сағат	linguistic	_	_	End=228.241
178-0	SPK3002	Falling	178	121	жиырма	жиырма	linguistic	_	_	Begin=229.457
178-1	SPK3002	Falling	178	121	алтысы.	алтысы	linguistic	_	_	End=231.092
179-0	SPK3002	Falling	179	122	И	И	linguistic	_	_	Begin=231.361
179-1	SPK3002	Falling	179	122	мына	мына	linguistic	_	_	_
179-2	SPK3002	Falling	179	122	жерден	жерден	linguistic	_	_	_
179-3	SPK3002	Falling	179	122	только	только	linguistic	_	_	_
179-4	SPK3002	Falling	179	122	басталады.	басталады	linguistic	_	_	End=233.2
180-0	SPK3001	undefined	180	_	COUGHS	COUGHS	linguistic	_	_	Begin=232.784|End=233.143
181-0	SPK3001	Falling	181	123	Мхм.	Мхм	linguistic	_	_	Begin=233.484|End=233.823
182-0	SPK3002	Falling	182	122	Екінші	Екінші	linguistic	_	_	Begin=234.262
182-1	SPK3002	Falling	182	122	четверть.	четверть	linguistic	_	_	End=235.505
183-0	SPK3001	Falling	183	124	Мхм.	Мхм	linguistic	_	_	Begin=235.384|End=235.826
184-0	SPK3001	Falling	184	125	Дұрыс.	Дұрыс	linguistic	_	_	Begin=235.829|End=236.336
185-0	SPK3002	Continuing	185	126	Так,	Так	linguistic	_	_	Begin=239.27|End=239.723
186-0	SPK3002	Falling	186	126	мынаны	мынаны	linguistic	_	_	Begin=239.723
186-1	SPK3002	Falling	186	126	жазып	жазып	linguistic	_	_	_
186-2	SPK3002	Falling	186	126	алайыншы.	алайыншы	linguistic	_	_	End=240.496
187-0	SPK3002	Falling	187	126	Пока.	Пока	linguistic	_	_	Begin=240.496|End=241.352
188-0	SPK3001	undefined	188	_	COUGHS	COUGHS	linguistic	_	_	Begin=240.562|End=241.021
189-0	SPK3002	Falling	189	127	Немене	Немене	linguistic	_	_	Begin=241.95
189-1	SPK3002	Falling	189	127	жазып	жазып	linguistic	_	_	_
189-2	SPK3002	Falling	189	127	жаттым	жаттым	linguistic	_	_	_
189-3	SPK3002	Falling	189	127	мен.	мен	linguistic	_	_	End=243.345
190-0	SPK3002	Falling	190	128	Твой	Твой	linguistic	_	_	Begin=243.345
190-1	SPK3002	Falling	190	128	шаг	шаг	linguistic	_	_	_
190-2	SPK3002	Falling	190	128	в	в	linguistic	_	_	_
190-3	SPK3002	Falling	190	128	природу	природу	linguistic	_	_	_
190-4	SPK3002	Falling	190	128	дейді.	дейді	linguistic	_	_	End=244.82
191-0	SPK3002	Falling	191	128	Он	Он	linguistic	_	_	Begin=244.82
191-1	SPK3002	Falling	191	128	үш.	үш	linguistic	_	_	End=245.642
192-0	SPK3001	undefined	192	_	@@	@@	linguistic	_	_	Begin=256.126|End=256.978
193-0	SPK3002	Falling	193	129	Ойба:й.	Ойбай	linguistic	_	Prolongation=3	Begin=263.251|End=264.612
194-0	SPK3001	Falling	194	130	Ау.	Ау	linguistic	_	_	Begin=264.687|End=265.229
195-0	SPK3002	Rising	195	131	Дұрыс	Дұрыс	linguistic	_	_	Begin=265.66
195-1	SPK3002	Rising	195	131	иә?	иә	linguistic	_	_	End=266.639
196-0	SPK3002	Continuing	196	132	Он	Он	linguistic	_	_	Begin=266.643
196-1	SPK3002	Continuing	196	132	екі	екі	linguistic	_	_	_
196-2	SPK3002	Continuing	196	132	кетті,	кетті	linguistic	_	_	End=267.332
197-0	SPK3002	Falling	197	132	он	он	linguistic	_	_	Begin=267.332
197-1	SPK3002	Falling	197	132	үш	үш	linguistic	_	_	_
197-2	SPK3002	Falling	197	132	кетті.	кетті	linguistic	_	_	End=268.173
198-0	SPK3002	Continuing	198	133	Енді	Енді	linguistic	_	_	Begin=268.469
198-1	SPK3002	Continuing	198	133	бесі	бесі	linguistic	_	_	_
198-2	SPK3002	Continuing	198	133	дейді,	дейді	linguistic	_	_	End=269.835
199-0	SPK3002	Falling	199	134	Зеленый	Зеленый	linguistic	_	_	Begin=269.835
199-1	SPK3002	Falling	199	134	Мир.	Мир	linguistic	_	_	End=270.743
200-0	SPK3002	undefined	200	_	MOUSE_CLICKS	MOUSE_CLICKS	linguistic	_	_	Begin=272.692|End=274.454
201-0	SPK3001	Falling	201	135	Ласточки	Ласточки	linguistic	_	_	Begin=285.326
201-1	SPK3001	Falling	201	135	на	на	linguistic	_	_	_
201-2	SPK3001	Falling	201	135	паровозе.	паровозе	linguistic	_	_	End=286.873
202-0	SPK3001	Falling	202	136	Алтысы.	Алтысы	linguistic	_	_	Begin=287.058|End=287.941
203-0	SPK3001	undefined	203	_	CLEARS_THROAT	CLEARS_THROAT	linguistic	_	_	Begin=291.967|End=293.097
204-0	SPK3001	Continuing	204	137	Нәскиім,	Нәскиім	linguistic	_	_	Begin=294.477|End=295.6
205-0	SPK3001	Continuing	205	137	аяғым	аяғым	linguistic	_	_	Begin=295.617
205-1	SPK3001	Continuing	205	137	қызып	қызып	linguistic	_	_	_
205-2	SPK3001	Continuing	205	137	кетті	кетті	linguistic	_	_	_
205-3	SPK3001	Continuing	205	137	шешіп	шешіп	linguistic	_	_	_
205-4	SPK3001	Continuing	205	137	салып	салып	linguistic	_	_	End=296.799
206-0	SPK3001	Falling	206	138	тәпішке	тәпішке	linguistic	_	_	Begin=296.802
206-1	SPK3001	Falling	206	138	киіп	киіп	linguistic	_	_	_
206-2	SPK3001	Falling	206	138	келмесем.	келмесем	linguistic	_	_	End=298.037
207-0	SPK3001	undefined	207	_	CLEARS_THROAT	CLEARS_THROAT	linguistic	_	_	Begin=298.489|End=299.795
208-0	SPK3001	Rising	208	139	Мынау	Мынау	linguistic	_	_	Begin=300.906
208-1	SPK3001	Rising	208	139	сенікі	сенікі	linguistic	_	_	_
208-2	SPK3001	Rising	208	139	ме?	ме	linguistic	_	_	End=302.261
209-0	SPK3001	Falling	209	140	А.	А	linguistic	_	_	Begin=302.51|End=303.289
210-0	SPK3002	Falling	210	141	Мхм.	Мхм	linguistic	_	_	Begin=303.106|End=303.809
211-0	SPK3001	Rising	211	142	Күшті	Күшті	linguistic	_	_	Begin=303.864
211-1	SPK3001	Rising	211	142	ғой?	ғой	linguistic	_	_	End=304.763
212-0	SPK3001	Falling	212	143	Блестящий.	Блестящий	linguistic	_	_	Begin=304.884|End=305.961
213-0	SPK3001	Falling	213	144	Қашан	Қашан	linguistic	_	_	Begin=306.004
213-1	SPK3001	Falling	213	144	алдың.	алдың	linguistic	_	_	End=306.784
214-0	SPK3001	Falling	214	145	Үйден	Үйден	linguistic	_	_	Begin=306.799
214-1	SPK3001	Falling	214	145	алып	алып	linguistic	_	_	_
214-2	SPK3001	Falling	214	145	па	па	linguistic	_	_	_
214-3	SPK3001	Falling	214	145	едің.	едің	linguistic	_	_	End=307.745
215-0	SPK3002	Falling	215	146	Моссодан.	Моссодан	linguistic	_	_	Begin=307.769|End=308.895
216-0	SPK3002	Falling	216	147	Алдында	Алдында	linguistic	_	_	Begin=308.895
216-1	SPK3002	Falling	216	147	Дидар	Дидар	linguistic	_	_	_
216-2	SPK3002	Falling	216	147	апаймен	апаймен	linguistic	_	_	_
216-3	SPK3002	Falling	216	147	келген	келген	linguistic	_	_	_
216-4	SPK3002	Falling	216	147	кезде	кезде	linguistic	_	_	_
216-5	SPK3002	Falling	216	147	алғанбыз.	алғанбыз	linguistic	_	_	End=310.817
217-0	SPK3001	Falling	217	148	Ммм.	Ммм	linguistic	_	_	Begin=310.825|End=311.652
218-0	SPK3002	Falling	218	149	Сурет	Сурет	linguistic	_	_	Begin=314.397
218-1	SPK3002	Falling	218	149	салуым	салуым	linguistic	_	_	_
218-2	SPK3002	Falling	218	149	керек	керек	linguistic	_	_	_
218-3	SPK3002	Falling	218	149	қазір	қазір	linguistic	_	_	_
218-4	SPK3002	Falling	218	149	мен.	мен	linguistic	_	_	End=316.145
219-0	SPK3001	Falling	219	150	Аа.	Аа	linguistic	_	_	Begin=316.169|End=317.004
220-0	SPK3002	Continuing	220	151	Бір	Бір	linguistic	_	_	Begin=321.317
220-1	SPK3002	Continuing	220	151	адам:ды,	адамды	linguistic	_	Prolongation=3	End=322.555
221-0	SPK3002	Interrupted	221	151	қанша	қанша	linguistic	_	_	Begin=322.564
221-1	SPK3002	Interrupted	221	151	қарайды	қарайды	linguistic	_	_	_
221-2	SPK3002	Interrupted	221	151	екен	екен	linguistic	_	_	_
221-3	SPK3002	Interrupted	221	151	ана	ана	linguistic	_	_	_
221-4	SPK3002	Interrupted	221	151	мы—	мы—	linguistic	_	Interrupted=Yes	End=323.773
222-0	SPK3002	Rising	222	151	неменеде?	неменеде	linguistic	_	_	Begin=323.773|End=324.677
223-0	SPK3001	Falling	223	152	Көп	Көп	linguistic	_	_	Begin=325.247
223-1	SPK3001	Falling	223	152	қарамайды	қарамайды	linguistic	_	_	_
223-2	SPK3001	Falling	223	152	ғой	ғой	linguistic	_	_	_
223-3	SPK3001	Falling	223	152	деймін.	деймін	linguistic	_	_	End=326.565
224-0	SPK3001	Falling	224	153	Немене.	Немене	linguistic	_	_	Begin=327.934|End=328.956
225-0	SPK3001	Falling	225	154	Ау.	Ау	linguistic	_	_	Begin=330.563|End=331.156
226-0	SPK3002	Continuing	226	155	Ааа,	Ааа	linguistic	_	_	Begin=330.847|End=331.623
227-0	SPK3001	Falling	227	156	Ау.	Ау	linguistic	_	_	Begin=331.156|End=331.824
228-0	SPK3002	Continuing	228	155	немене,	немене	linguistic	_	_	Begin=331.623|End=332.242
229-0	SPK3002	Continuing	229	155	прием,	прием	linguistic	_	_	Begin=332.242|End=332.691
230-0	SPK3002	Falling	230	155	қай	қай	linguistic	_	_	Begin=332.691
230-1	SPK3002	Falling	230	155	кезден	кезден	linguistic	_	_	_
230-2	SPK3002	Falling	230	155	басталады	басталады	linguistic	_	_	_
230-3	SPK3002	Falling	230	155	екен.	екен	linguistic	_	_	End=334.221
231-0	SPK3001	Falling	231	157	С	С	linguistic	_	_	Begin=333.966
231-1	SPK3001	Falling	231	157	восьми.	восьми	linguistic	_	_	End=334.841
232-0	SPK3002	Rising	232	158	С	С	linguistic	_	_	Begin=335.127
232-1	SPK3002	Rising	232	158	восьми?	восьми	linguistic	_	_	End=336.121
233-0	SPK3001	Falling	233	159	До	До	linguistic	_	_	Begin=335.816
233-1	SPK3001	Falling	233	159	часу.	часу	linguistic	_	_	End=337.004
234-0	SPK3001	Falling	234	160	Болды.	Болды	linguistic	_	_	Begin=337.004|End=337.671
235-0	SPK3002	Falling	235	161	Аа.	Аа	linguistic	_	_	Begin=338.155|End=338.813
236-0	SPK3002	Falling	236	162	Қай	Қай	linguistic	_	_	Begin=343.823
236-1	SPK3002	Falling	236	162	больница.	больница	linguistic	_	_	End=344.901
237-0	SPK3001	Falling	237	163	Диагностика.	Диагностика	linguistic	_	_	Begin=344.917|End=346.119
238-0	SPK3002	Interrupted	238	164	Областная	Областная	linguistic	_	_	Begin=346.434
238-1	SPK3002	Interrupted	238	164	диагностиче—	диагностиче—	linguistic	_	Interrupted=Yes	End=347.86
239-0	SPK3001	Falling	239	165	Иә.	Иә	linguistic	_	_	Begin=347.381|End=347.743
240-0	SPK3002	Falling	240	166	Областоной	Областоной	linguistic	_	_	Begin=347.86
240-1	SPK3002	Falling	240	166	диагностический	диагностический	linguistic	_	_	_
240-2	SPK3002	Falling	240	166	центр	центр	linguistic	_	_	_
240-3	SPK3002	Falling	240	166	деген	деген	linguistic	_	_	_
240-4	SPK3002	Falling	240	166	бе.	бе	linguistic	_	_	End=350.05
241-0	SPK3001	Falling	241	167	Иә.	Иә	linguistic	_	_	Begin=347.872|End=348.324
242-0	SPK3001	Falling	242	168	Иә.	Иә	linguistic	_	_	Begin=348.781|End=349.271
243-0	SPK3001	Falling	243	169	Иә	Иә	linguistic	_	_	Begin=349.459
243-1	SPK3001	Falling	243	169	иә.	иә	linguistic	_	_	End=350.126
244-0	SPK3001	Interrupted	244	170	Областной	Областной	linguistic	_	_	Begin=350.137
244-1	SPK3001	Interrupted	244	170	диагностический—	диагностический—	linguistic	_	Interrupted=Yes	End=351.013
245-0	SPK3001	Falling	245	171	Әгі	Әгі	linguistic	_	_	Begin=351.013
245-1	SPK3001	Falling	245	171	Тамерланның	Тамерланның	linguistic	_	_	_
245-2	SPK3001	Falling	245	171	алдындағы.	алдындағы	linguistic	_	_	End=352.642
246-0	SPK3001	Falling	246	172	Императордың	Императордың	linguistic	_	_	Begin=352.94
246-1	SPK3001	Falling	246	172	алдында.	алдында	linguistic	_	_	End=354.569
247-0	SPK3001	Falling	247	173	Император.	Император	linguistic	_	_	Begin=354.569|End=355.481
248-0	SPK3002	Falling	248	174	Бәсе.	Бәсе	linguistic	_	_	Begin=355.444|End=355.843
249-0	SPK3002	Continuing	249	175	Тамерланның	Тамерланның	linguistic	_	_	Begin=355.843
249-1	SPK3002	Continuing	249	175	қасында,	қасында	linguistic	_	_	End=357.238
250-0	SPK3002	Falling	250	_	####	####	unknown	_	_	Begin=357.264|End=358.651
251-0	SPK3001	Continuing	251	176	Император,	Император	linguistic	_	_	Begin=357.265|End=357.826
252-0	SPK3001	Falling	252	177	Император.	Император	linguistic	_	_	Begin=357.826|End=358.517
253-0	SPK3001	Falling	253	178	Импера:тор.	Император	linguistic	_	Prolongation=5	Begin=358.973|End=359.752
254-0	SPK3001	Falling	254	179	Кешір.	Кешір	linguistic	_	_	Begin=359.756|End=360.294
255-0	SPK3002	Continuing	255	180	Такс,	Такс	linguistic	_	_	Begin=360.772|End=361.743
256-0	SPK3002	Falling	256	180	он	он	linguistic	_	_	Begin=361.747
256-1	SPK3002	Falling	256	180	үш.	үш	linguistic	_	_	End=362.586
257-0	SPK3002	Continuing	257	181	Он	Он	linguistic	_	_	Begin=362.869
257-1	SPK3002	Continuing	257	181	@үш	@үш	linguistic	_	_	End=364.065
258-0	SPK3001	undefined	258	_	KISSES_SPEAKER_SPK3002	KISSES_SPEAKER_SPK3002	linguistic	_	_	Begin=363.6|End=364.01
259-0	SPK3002	Falling	259	182	@ма:м.	@мам	linguistic	_	Prolongation=2	Begin=364.066|End=365.279
260-0	SPK3002	Falling	260	183	Он	Он	linguistic	_	_	Begin=366.6
260-1	SPK3002	Falling	260	183	үш.	үш	linguistic	_	_	End=367.503
261-0	SPK3001	Falling	261	184	¬Көркем	Көркем	linguistic	_	Anonymized=Yes	Begin=369.1
261-1	SPK3001	Falling	261	184	екеулерің	екеулерің	linguistic	_	_	_
261-2	SPK3001	Falling	261	184	ренжіспейсіңдер	ренжіспейсіңдер	linguistic	_	_	_
261-3	SPK3001	Falling	261	184	ме.	ме	linguistic	_	_	End=370.573
262-0	SPK3002	Falling	262	185	Жоқ.	Жоқ	linguistic	_	_	Begin=370.798|End=371.633
263-0	SPK3001	Falling	263	186	Ммм.	Ммм	linguistic	_	_	Begin=370.831|End=371.725
264-0	SPK3001	Continuing	264	187	¬Көркем	Көркем	linguistic	_	Anonymized=Yes	Begin=372.052
264-1	SPK3001	Continuing	264	187	саған,	саған	linguistic	_	_	End=373.082
265-0	SPK3001	Continuing	265	187	кө:п,	көп	linguistic	_	Prolongation=1	Begin=373.082|End=373.708
266-0	SPK3001	Falling	266	187	ухаживать	ухаживать	linguistic	_	_	Begin=373.708
266-1	SPK3001	Falling	266	187	етеді	етеді	linguistic	_	_	_
266-2	SPK3001	Falling	266	187	иә.	иә	linguistic	_	_	End=375.144
267-0	SPK3002	Falling	267	188	Иә:.	Иә	linguistic	_	Prolongation=1	Begin=374.817|End=375.452
268-0	SPK3001	Continuing	268	189	Нәнәм	Нәнәм	linguistic	_	_	Begin=375.321
268-1	SPK3001	Continuing	268	189	ұрса:ды,	ұрсады	linguistic	_	Prolongation=3	End=376.16
269-0	SPK3001	Falling	269	189	дейді.	дейді	linguistic	_	_	Begin=376.16|End=376.426
270-0	SPK3001	undefined	270	189	@@@	@@@	linguistic	_	_	Begin=376.45|End=377.869
271-0	SPK3001	Falling	271	190	Нәнәм	Нәнәм	linguistic	_	_	Begin=378.28
271-1	SPK3001	Falling	271	190	өлтіреді	өлтіреді	linguistic	_	_	_
271-2	SPK3001	Falling	271	190	ғой	ғой	linguistic	_	_	_
271-3	SPK3001	Falling	271	190	деп.	деп	linguistic	_	_	End=379.683
272-0	SPK3001	Continuing	272	191	Анағылар,	Анағылар	linguistic	_	_	Begin=385.694|End=386.2
273-0	SPK3001	Falling	273	191	туыссыңдар	туыссыңдар	linguistic	_	_	Begin=386.2
273-1	SPK3001	Falling	273	191	ма	ма	linguistic	_	_	_
273-2	SPK3001	Falling	273	191	деді	деді	linguistic	_	_	_
273-3	SPK3001	Falling	273	191	ме.	ме	linguistic	_	_	End=387.455
274-0	SPK3002	Falling	274	192	Мхм.	Мхм	linguistic	_	_	Begin=387.593|End=388.308
275-0	SPK3001	Falling	275	193	Ммм.	Ммм	linguistic	_	_	Begin=388.677|End=389.264
276-0	SPK3002	Continuing	276	194	Түрлерің	Түрлерің	linguistic	_	_	Begin=389.321
276-1	SPK3002	Continuing	276	194	ұқсамайды	ұқсамайды	linguistic	_	_	_
276-2	SPK3002	Continuing	276	194	ғо:й,	ғой	linguistic	_	Prolongation=1	End=390.282
277-0	SPK3002	Falling	277	194	дейді	дейді	linguistic	_	_	Begin=390.282
277-1	SPK3002	Falling	277	194	ана	ана	linguistic	_	_	_
277-2	SPK3002	Falling	277	194	қыз.	қыз	linguistic	_	_	End=391.216
278-0	SPK3001	Falling	278	195	Ее.	Ее	linguistic	_	_	Begin=391.329|End=391.732
279-0	SPK3002	Continuing	279	196	Ее	Ее	linguistic	_	_	Begin=391.647
279-1	SPK3002	Continuing	279	196	біз	біз	linguistic	_	_	_
279-2	SPK3002	Continuing	279	196	алыс	алыс	linguistic	_	_	_
279-3	SPK3002	Continuing	279	196	туыспыз,	туыспыз	linguistic	_	_	End=392.708
280-0	SPK3002	Falling	280	196	бірақ	бірақ	linguistic	_	_	Begin=392.725
280-1	SPK3002	Falling	280	196	жақын	жақын	linguistic	_	_	_
280-2	SPK3002	Falling	280	196	араласамыз	араласамыз	linguistic	_	_	_
280-3	SPK3002	Falling	280	196	дедім.	дедім	linguistic	_	_	End=394.232
281-0	SPK3001	Rising	281	197	Алыс	Алыс	linguistic	_	_	Begin=393.995
281-1	SPK3001	Rising	281	197	туысы	туысы	linguistic	_	_	_
281-2	SPK3001	Rising	281	197	несі	несі	linguistic	_	_	_
281-3	SPK3001	Rising	281	197	ей?	ей	linguistic	_	_	End=394.781
282-0	SPK3002	Continuing	282	198	Жоқ	Жоқ	linguistic	_	_	Begin=394.495
282-1	SPK3002	Continuing	282	198	енді,	енді	linguistic	_	_	End=395.026
283-0	SPK3002	Continuing	283	199	алыс	алыс	linguistic	_	_	Begin=395.026
283-1	SPK3002	Continuing	283	199	туыс	туыс	linguistic	_	_	_
283-2	SPK3002	Continuing	283	199	болған	болған	linguistic	_	_	_
283-3	SPK3002	Continuing	283	199	кезде,	кезде	linguistic	_	_	End=396.2
284-0	SPK3001	Falling	284	200	Иә.	Иә	linguistic	_	_	Begin=395.125|End=395.558
285-0	SPK3001	Falling	285	201	Иә.	Иә	linguistic	_	_	Begin=395.649|End=396.058
286-0	SPK3002	Continuing	286	199	енді	енді	linguistic	_	_	Begin=396.2
286-1	SPK3002	Continuing	286	199	біз	біз	linguistic	_	_	_
286-2	SPK3002	Continuing	286	199	бүйтіп-бүйтіп,	бүйтіп-бүйтіп	linguistic	_	_	End=397.321
287-0	SPK3001	Falling	287	202	Иә.	Иә	linguistic	_	_	Begin=396.878|End=397.172
288-0	SPK3001	Falling	288	203	Иә.	Иә	linguistic	_	_	Begin=397.172|End=397.577
289-0	SPK3002	Interrupted	289	199	менің	менің	linguistic	_	_	Begin=397.321
289-1	SPK3002	Interrupted	289	199	нағаш	нағаш	linguistic	_	_	_
289-2	SPK3002	Interrupted	289	199	атамның—	атамның—	linguistic	_	Interrupted=Yes	End=399.108
290-0	SPK3001	Continuing	290	204	Мен	Мен	linguistic	_	_	Begin=398.369
290-1	SPK3001	Continuing	290	204	бөлек,	бөлек	linguistic	_	_	End=399.017
291-0	SPK3001	Falling	291	204	қанымын	қанымын	linguistic	_	_	Begin=399.017
291-1	SPK3001	Falling	291	204	деші.	деші	linguistic	_	_	End=399.834
292-0	SPK3001	Falling	292	204	Иә.	Иә	linguistic	_	_	Begin=399.834|End=400.044
293-0	SPK3002	Falling	293	206	Иә.	Иә	linguistic	_	_	Begin=399.884|End=400.403
294-0	SPK3001	Falling	294	205	Аха.	Аха	linguistic	_	_	Begin=400.044|End=400.543
295-0	SPK3002	Continuing	295	207	Сондай-сондай	Сондай-сондай	linguistic	_	_	Begin=400.801
295-1	SPK3002	Continuing	295	207	ақ,	ақ	linguistic	_	_	End=401.451
296-0	SPK3001	Falling	296	208	Иә.	Иә	linguistic	_	_	Begin=401.416|End=401.907
297-0	SPK3002	Falling	297	207	деп	деп	linguistic	_	_	Begin=401.451
297-1	SPK3002	Falling	297	207	айттық	айттық	linguistic	_	_	_
297-2	SPK3002	Falling	297	207	қой.	қой	linguistic	_	_	End=402.127
298-0	SPK3001	undefined	298	_	(Hx)	(Hx)	exhale	_	_	Begin=401.934|End=402.378
299-0	SPK3002	Continuing	299	207	Мә:,	Мә	linguistic	_	Prolongation=1	Begin=402.294|End=402.423
300-0	SPK3002	Falling	300	209	алыс	алыс	linguistic	_	_	Begin=402.423
300-1	SPK3002	Falling	300	209	екенсіңдер	екенсіңдер	linguistic	_	_	_
300-2	SPK3002	Falling	300	209	ғой	ғой	linguistic	_	_	_
300-3	SPK3002	Falling	300	209	дейді.	дейді	linguistic	_	_	End=403.902
301-0	SPK3002	Continuing	301	210	Мен	Мен	linguistic	_	_	Begin=403.902
301-1	SPK3002	Continuing	301	210	сендерді	сендерді	linguistic	_	_	_
301-2	SPK3002	Continuing	301	210	анандай	анандай	linguistic	_	_	_
301-3	SPK3002	Continuing	301	210	типа,	типа	linguistic	_	_	End=405.0
302-0	SPK3001	undefined	302	_	(Hx)	(Hx)	exhale	_	_	Begin=404.929|End=405.284
303-0	SPK3002	Continuing	303	210	әкелерің,	әкелерің	linguistic	_	_	Begin=405.0|End=406.123
304-0	SPK3002	Continuing	304	210	или	или	linguistic	_	_	Begin=406.123
304-1	SPK3002	Continuing	304	210	мамаларың,	мамаларың	linguistic	_	_	End=406.999
305-0	SPK3002	Continuing	305	210	сестры	сестры	linguistic	_	_	Begin=406.999
305-1	SPK3002	Continuing	305	210	деген	деген	linguistic	_	_	_
305-2	SPK3002	Continuing	305	210	сияқты,	сияқты	linguistic	_	_	End=407.791
306-0	SPK3002	Falling	306	210	сондай	сондай	linguistic	_	_	Begin=407.791
306-1	SPK3002	Falling	306	210	жақын	жақын	linguistic	_	_	_
306-2	SPK3002	Falling	306	210	екен	екен	linguistic	_	_	_
306-3	SPK3002	Falling	306	210	деп	деп	linguistic	_	_	_
306-4	SPK3002	Falling	306	210	ойласам	ойласам	linguistic	_	_	_
306-5	SPK3002	Falling	306	210	дейді.	дейді	linguistic	_	_	End=409.566
307-0	SPK3001	Continuing	307	211	Айтпайсың	Айтпайсың	linguistic	_	_	Begin=408.088
307-1	SPK3001	Continuing	307	211	ба,	ба	linguistic	_	_	End=409.035
308-0	SPK3001	Continuing	308	211	мынау	мынау	linguistic	_	_	Begin=409.088
308-1	SPK3001	Continuing	308	211	менің	менің	linguistic	_	_	_
308-2	SPK3001	Continuing	308	211	ағ-,	ағ-	linguistic	_	Interrupted=Yes	End=410.015
309-0	SPK3001	Falling	309	211	қарындасының	қарындасының	linguistic	_	_	Begin=410.015
309-1	SPK3001	Falling	309	211	баласы	баласы	linguistic	_	_	End=411.3
310-0	SPK3002	Continuing	310	212	Ой	Ой	linguistic	_	_	Begin=410.1
310-1	SPK3002	Continuing	310	212	мам,	мам	linguistic	_	_	End=410.938
311-0	SPK3002	Falling	311	212	###	###	unknown	_	_	Begin=410.938
311-1	SPK3002	Falling	311	212	айттық	айттық	linguistic	_	_	_
311-2	SPK3002	Falling	311	212	қой.	қой	linguistic	_	_	End=412.953
312-0	SPK3001	Falling	312	213	Ее.	Ее	linguistic	_	_	Begin=411.449|End=411.964
313-0	SPK3001	Falling	313	214	Ұқпай	Ұқпай	linguistic	_	_	Begin=412.384
313-1	SPK3001	Falling	313	214	ма.	ма	linguistic	_	_	End=413.272
314-0	SPK3001	Falling	314	215	Алыс	Алыс	linguistic	_	_	Begin=413.272
314-1	SPK3001	Falling	314	215	емес	емес	linguistic	_	_	_
314-2	SPK3001	Falling	314	215	ол.	ол	linguistic	_	_	End=413.969
315-0	SPK3002	Falling	315	216	Мхм.	Мхм	linguistic	_	_	Begin=413.508|End=414.127
316-0	SPK3001	Continuing	316	215	Наоборот	Наоборот	linguistic	_	_	Begin=413.969
316-1	SPK3001	Continuing	316	215	жақын,	жақын	linguistic	_	_	End=414.6
317-0	SPK3001	Falling	317	215	ағайынбыз	ағайынбыз	linguistic	_	_	Begin=414.6
317-1	SPK3001	Falling	317	215	ғой.	ғой	linguistic	_	_	End=415.507
318-0	SPK3002	Falling	318	217	Жо:қ.	Жоқ	linguistic	_	Prolongation=1	Begin=415.447|End=416.042
319-0	SPK3001	Falling	319	218	Кетші	Кетші	linguistic	_	_	Begin=415.507
319-1	SPK3001	Falling	319	218	ары.	ары	linguistic	_	_	End=416.346
320-0	SPK3002	Continuing	320	219	Это	Это	linguistic	_	_	Begin=416.062
320-1	SPK3002	Continuing	320	219	жақын	жақын	linguistic	_	_	_
320-2	SPK3002	Continuing	320	219	(H),	(H)	inhale	_	_	End=417.059
321-0	SPK3002	Continuing	321	220	но,	но	linguistic	_	_	Begin=417.059|End=417.663
322-0	SPK3002	Continuing	322	220	когда	когда	linguistic	_	_	Begin=417.663
322-1	SPK3002	Continuing	322	220	біз	біз	linguistic	_	_	_
322-2	SPK3002	Continuing	322	220	бүйтіп	бүйтіп	linguistic	_	_	_
322-3	SPK3002	Continuing	322	220	айттық,	айттық	linguistic	_	_	End=418.741
323-0	SPK3002	Continuing	323	220	расшифровывать	расшифровывать	linguistic	_	_	Begin=418.741
323-1	SPK3002	Continuing	323	220	етіп	етіп	linguistic	_	_	End=419.637
324-0	SPK3002	Continuing	324	220	ну	ну	linguistic	_	_	Begin=419.707
324-1	SPK3002	Continuing	324	220	типа	типа	linguistic	_	_	_
324-2	SPK3002	Continuing	324	220	(H),	(H)	inhale	_	_	End=420.45
325-0	SPK3002	undefined	325	220	(H)	(H)	inhale	_	_	Begin=420.45|End=421.276
326-0	SPK3002	Continuing	326	220	¬Көркемнің,	Көркемнің	linguistic	_	Anonymized=Yes	Begin=421.276|End=422.278
327-0	SPK3002	Continuing	327	220	әкесінің,	әкесінің	linguistic	_	_	Begin=422.303|End=423.107
328-0	SPK3002	Continuing	328	220	әкесі	әкесі	linguistic	_	_	Begin=423.107
328-1	SPK3002	Continuing	328	220	мен,	мен	linguistic	_	_	End=423.946
329-0	SPK3002	Continuing	329	220	менің	менің	linguistic	_	_	Begin=423.946
329-1	SPK3002	Continuing	329	220	нағашы	нағашы	linguistic	_	_	_
329-2	SPK3002	Continuing	329	220	атам,	атам	linguistic	_	_	End=424.969
330-0	SPK3002	Falling	330	220	екеуі	екеуі	linguistic	_	_	Begin=424.969
330-1	SPK3002	Falling	330	220	братья	братья	linguistic	_	_	_
330-2	SPK3002	Falling	330	220	ғой	ғой	linguistic	_	_	_
330-3	SPK3002	Falling	330	220	получается.	получается	linguistic	_	_	End=426.94
331-0	SPK3001	Falling	331	221	Мхм.	Мхм	linguistic	_	_	Begin=425.934|End=426.654
332-0	SPK3002	Interrupted	332	222	Мы—	Мы—	linguistic	_	Interrupted=Yes	Begin=427.921|End=428.932
333-0	SPK3001	Falling	333	_	###	###	unknown	_	_	Begin=428.378|End=429.46
334-0	SPK3002	Continuing	334	222	¬Көркем	Көркем	linguistic	_	Anonymized=Yes	Begin=428.932
334-1	SPK3002	Continuing	334	222	просто,	просто	linguistic	_	_	End=429.56
335-0	SPK3002	Continuing	335	222	басында	басында	linguistic	_	_	Begin=429.56
335-1	SPK3002	Continuing	335	222	айтқан	айтқан	linguistic	_	_	_
335-2	SPK3002	Continuing	335	222	кезде,	кезде	linguistic	_	_	End=430.405
336-0	SPK3002	Falling	336	222	типа	типа	linguistic	_	_	Begin=430.405
336-1	SPK3002	Falling	336	222	двоюродные	двоюродные	linguistic	_	_	_
336-2	SPK3002	Falling	336	222	деп	деп	linguistic	_	_	_
336-3	SPK3002	Falling	336	222	айта	айта	linguistic	_	_	_
336-4	SPK3002	Falling	336	222	салған	салған	linguistic	_	_	_
336-5	SPK3002	Falling	336	222	ғой.	ғой	linguistic	_	_	End=432.106
337-0	SPK3001	Falling	337	223	Мхм.	Мхм	linguistic	_	_	Begin=432.319|End=432.77
338-0	SPK3002	Continuing	338	224	И:,	И	linguistic	_	Prolongation=0	Begin=432.631|End=433.104
339-0	SPK3002	Falling	339	224	ана	ана	linguistic	_	_	Begin=433.104
339-1	SPK3002	Falling	339	224	қыз	қыз	linguistic	_	_	_
339-2	SPK3002	Falling	339	224	ойлап	ойлап	linguistic	_	_	_
339-3	SPK3002	Falling	339	224	қалыпты.	қалыпты	linguistic	_	_	End=434.54
340-0	SPK3001	undefined	340	_	BURPS	BURPS	linguistic	_	_	Begin=434.695|End=436.303
341-0	SPK3001	Interrupted	341	225	Әдем—	Әдем—	linguistic	_	Interrupted=Yes	Begin=441.351|End=442.074
342-0	SPK3001	Falling	342	225	Әдемі	Әдемі	linguistic	_	_	Begin=442.074
342-1	SPK3001	Falling	342	225	қыз	қыз	linguistic	_	_	_
342-2	SPK3001	Falling	342	225	ба.	ба	linguistic	_	_	End=443.209
343-0	SPK3002	Rising	343	226	###	###	unknown	_	_	Begin=444.633
343-1	SPK3002	Rising	343	226	бе?	бе	linguistic	_	_	End=445.612
344-0	SPK3001	Falling	344	227	Көрсетші.	Көрсетші	linguistic	_	_	Begin=445.732|End=446.623
345-0	SPK3002	Falling	345	228	¬Балжа:н	Балжан	linguistic	_	Anonymized=Yes|Prolongation=4	Begin=449.948
345-1	SPK3002	Falling	345	228	қайда	қайда	linguistic	_	_	_
345-2	SPK3002	Falling	345	228	еді.	еді	linguistic	_	_	End=451.35
346-0	SPK3002	Falling	346	229	¬Балжа:н.	Балжан	linguistic	_	Anonymized=Yes|Prolongation=4	Begin=451.358|End=452.43
347-0	SPK3002	Falling	347	230	Ү	Ү	linguistic	_	_	Begin=453.804
347-1	SPK3002	Falling	347	230	деп	деп	linguistic	_	_	_
347-2	SPK3002	Falling	347	230	сақтаған	сақтаған	linguistic	_	_	_
347-3	SPK3002	Falling	347	230	екенім	екенім	linguistic	_	_	_
347-4	SPK3002	Falling	347	230	ғой.	ғой	linguistic	_	_	End=455.824
348-0	SPK3001	Falling	348	231	Ойба:й	Ойбай	linguistic	_	Prolongation=3	Begin=459.751|End=460.53
349-0	SPK3001	Continuing	349	231	Қойшы,	Қойшы	linguistic	_	_	Begin=460.54|End=460.817
350-0	SPK3001	Falling	350	231	жап-жаман	жап-жаман	linguistic	_	_	Begin=460.817
350-1	SPK3001	Falling	350	231	ғой.	ғой	linguistic	_	_	End=461.588
351-0	SPK3001	Falling	351	232	¬Бозбайдың	Бозбайдың	linguistic	_	Anonymized=Yes	Begin=461.666
351-1	SPK3001	Falling	351	232	¬Арнасы	Арнасы	linguistic	_	Anonymized=Yes	_
351-2	SPK3001	Falling	351	232	сияқты	сияқты	linguistic	_	_	_
351-3	SPK3001	Falling	351	232	ғой	ғой	linguistic	_	_	_
351-4	SPK3001	Falling	351	232	түрі	түрі	linguistic	_	_	End=463.223
352-0	SPK3002	Rising	352	233	А?	А	linguistic	_	_	Begin=463.773|End=464.272
353-0	SPK3001	Falling	353	234	¬Бозбайдың	Бозбайдың	linguistic	_	Anonymized=Yes	Begin=464.195
353-1	SPK3001	Falling	353	234	¬Арнасы	Арнасы	linguistic	_	Anonymized=Yes	_
353-2	SPK3001	Falling	353	234	сияқты	сияқты	linguistic	_	_	_
353-3	SPK3001	Falling	353	234	ғой	ғой	linguistic	_	_	_
353-4	SPK3001	Falling	353	234	түрі	түрі	linguistic	_	_	End=466.311
354-0	SPK3002	Rising	354	235	¬Бозбайдың	Бозбайдың	linguistic	_	Anonymized=Yes	Begin=466.145
354-1	SPK3002	Rising	354	235	¬Арнасы	Арнасы	linguistic	_	Anonymized=Yes	End=467.436
355-0	SPK3001	Falling	355	236	Иә.	Иә	linguistic	_	_	Begin=466.828|End=467.455
356-0	SPK3001	Falling	356	237	Бол	Бол	linguistic	_	_	Begin=471.634
356-1	SPK3001	Falling	356	237	енді.	енді	linguistic	_	_	End=471.986
357-0	SPK3001	Rising	357	238	Қайда	Қайда	linguistic	_	_	Begin=471.986
357-1	SPK3001	Rising	357	238	кетіп	кетіп	linguistic	_	_	_
357-2	SPK3001	Rising	357	238	қалдың?	қалдың	linguistic	_	_	End=472.628
358-0	SPK3002	Continuing	358	_	###	###	unknown	_	_	Begin=472.554|End=473.202
359-0	SPK3002	Falling	359	239	###	###	unknown	_	_	Begin=473.202
359-1	SPK3002	Falling	359	239	осылар.	осылар	linguistic	_	_	End=474.303
360-0	SPK3001	Rising	360	240	Кім?	Кім	linguistic	_	_	Begin=474.181|End=474.672
361-0	SPK3002	Falling	361	241	Мен	Мен	linguistic	_	_	Begin=474.601
361-1	SPK3002	Falling	361	241	группаштарым.	группаштарым	linguistic	_	_	End=475.812
362-0	SPK3001	Falling	362	242	Ммм.	Ммм	linguistic	_	_	Begin=475.635|End=476.29
363-0	SPK3002	Falling	363	243	Аа.	Аа	linguistic	_	_	Begin=477.261|End=477.816
364-0	SPK3002	Continuing	364	244	Понедельник	Понедельник	linguistic	_	_	Begin=477.944
364-1	SPK3002	Continuing	364	244	күні,	күні	linguistic	_	_	End=478.972
365-0	SPK3002	Continuing	365	244	студенческий,	студенческий	linguistic	_	_	Begin=478.972|End=479.756
366-0	SPK3002	Falling	366	244	сегіз	сегіз	linguistic	_	_	Begin=479.763
366-1	SPK3002	Falling	366	244	жүз-ақ	жүз-ақ	linguistic	_	_	_
366-2	SPK3002	Falling	366	244	теңге	теңге	linguistic	_	_	_
366-3	SPK3002	Falling	366	244	екен.	екен	linguistic	_	_	End=481.155
367-0	SPK3001	Falling	367	245	Мхм.	Мхм	linguistic	_	_	Begin=481.074|End=481.871
368-0	SPK3002	undefined	368	_	(TSK)	(TSK)	click	_	_	Begin=481.155|End=481.642
369-0	SPK3002	Falling	369	246	Хммм.	Хммм	linguistic	_	_	Begin=482.777|End=483.56
370-0	SPK3001	Falling	370	247	Немене.	Немене	linguistic	_	_	Begin=482.833|End=483.676
371-0	SPK3002	Falling	371	248	Киноға	Киноға	linguistic	_	_	Begin=484.2
371-1	SPK3002	Falling	371	248	билет.	билет	linguistic	_	_	End=485.522
372-0	SPK3001	Falling	372	249	Ммм.	Ммм	linguistic	_	_	Begin=485.8|End=486.579
373-0	SPK3002	Continuing	373	250	Біз,	Біз	linguistic	_	_	Begin=486.633|End=487.01
374-0	SPK3002	Continuing	374	250	әгі,	әгі	linguistic	_	_	Begin=487.01|End=487.275
375-0	SPK3002	Continuing	375	252	немене,	немене	linguistic	_	_	Begin=487.275|End=487.902
376-0	SPK3002	Continuing	376	253	стипендия	стипендия	linguistic	_	_	Begin=487.902
376-1	SPK3002	Continuing	376	253	түскен	түскен	linguistic	_	_	_
376-2	SPK3002	Continuing	376	253	кезде,	кезде	linguistic	_	_	End=488.694
377-0	SPK3002	Continuing	377	253	киноға	киноға	linguistic	_	_	Begin=488.694
377-1	SPK3002	Continuing	377	253	барайық	барайық	linguistic	_	_	_
377-2	SPK3002	Continuing	377	253	деген	деген	linguistic	_	_	End=489.608
378-0	SPK3002	Continuing	378	253	груптастар	груптастар	linguistic	_	_	Begin=489.608|End=490.082
379-0	SPK3002	Falling	379	253	группаластармен.	группаластармен	linguistic	_	_	Begin=490.082|End=491.07
380-0	SPK3001	Falling	380	254	Жігітің	Жігітің	linguistic	_	_	Begin=493.375
380-1	SPK3001	Falling	380	254	келмей	келмей	linguistic	_	_	_
380-2	SPK3001	Falling	380	254	жүр	жүр	linguistic	_	_	_
380-3	SPK3001	Falling	380	254	ме.	ме	linguistic	_	_	End=494.594
381-0	SPK3002	Falling	381	255	Мама	Мама	linguistic	_	_	Begin=494.833
381-1	SPK3002	Falling	381	255	қумашы.	қумашы	linguistic	_	_	End=496.236
382-0	SPK3002	undefined	382	_	@@@@	@@@@	linguistic	_	_	Begin=496.88|End=497.785
383-0	SPK3002	Rising	383	256	А?	А	linguistic	_	_	Begin=497.785|End=498.183
384-0	SPK3001	Falling	384	257	Ол	Ол	linguistic	_	_	Begin=498.347
384-1	SPK3001	Falling	384	257	мәшінмен	мәшінмен	linguistic	_	_	_
384-2	SPK3001	Falling	384	257	жүріп	жүріп	linguistic	_	_	_
384-3	SPK3001	Falling	384	257	пе	пе	linguistic	_	_	_
384-4	SPK3001	Falling	384	257	еді	еді	linguistic	_	_	_
384-5	SPK3001	Falling	384	257	сонда	сонда	linguistic	_	_	_
384-6	SPK3001	Falling	384	257	ауылда.	ауылда	linguistic	_	_	End=499.782
385-0	SPK3002	Falling	385	258	Иә.	Иә	linguistic	_	_	Begin=499.451|End=499.849
386-0	SPK3002	Falling	386	259	Қалада.	Қалада	linguistic	_	_	Begin=499.849|End=500.317
387-0	SPK3002	Falling	387	260	Иә.	Иә	linguistic	_	_	Begin=500.331|End=500.799
388-0	SPK3001	Falling	388	261	Таксовать	Таксовать	linguistic	_	_	Begin=500.985
388-1	SPK3001	Falling	388	261	ете	ете	linguistic	_	_	_
388-2	SPK3001	Falling	388	261	ме.	ме	linguistic	_	_	End=502.1
389-0	SPK3002	Falling	389	262	Жоқ.	Жоқ	linguistic	_	_	Begin=502.428|End=502.943
390-0	SPK3001	Falling	390	263	Енді.	Енді	linguistic	_	_	Begin=502.635|End=503.179
391-0	SPK3002	Falling	391	264	Кешке	Кешке	linguistic	_	_	Begin=502.959
391-1	SPK3002	Falling	391	264	дейін	дейін	linguistic	_	_	_
391-2	SPK3002	Falling	391	264	сабақ	сабақ	linguistic	_	_	_
391-3	SPK3002	Falling	391	264	онда	онда	linguistic	_	_	End=504.283
392-0	SPK3001	Falling	392	265	А.	А	linguistic	_	_	Begin=503.966|End=504.417
393-0	SPK3002	Falling	393	266	Сабақ	Сабақ	linguistic	_	_	Begin=504.298
393-1	SPK3002	Falling	393	266	деймін.	деймін	linguistic	_	_	End=505.333
394-0	SPK3001	Falling	394	267	Ааа.	Ааа	linguistic	_	_	Begin=505.34|End=505.696
395-0	SPK3002	Falling	395	268	Жиырмасы	Жиырмасы	linguistic	_	_	Begin=506.146
395-1	SPK3002	Falling	395	268	дейді.	дейді	linguistic	_	_	End=507.762
396-0	SPK3001	Falling	396	269	Қиын	Қиын	linguistic	_	_	Begin=506.668
396-1	SPK3001	Falling	396	269	дей	дей	linguistic	_	_	_
396-2	SPK3001	Falling	396	269	ме.	ме	linguistic	_	_	End=507.546
397-0	SPK3001	Falling	397	270	А.	А	linguistic	_	_	Begin=507.719|End=508.194
398-0	SPK3002	Continuing	398	271	Оларда,	Оларда	linguistic	_	_	Begin=508.605|End=509.359
399-0	SPK3002	Continuing	399	271	эмм,	эмм	linguistic	_	_	Begin=509.46|End=509.807
400-0	SPK3002	Continuing	400	271	###	###	unknown	_	_	Begin=509.807|End=510.512
401-0	SPK3002	Continuing	401	271	ойбай,	ойбай	linguistic	_	_	Begin=510.512|End=511.09
402-0	SPK3002	Continuing	402	271	олардың	олардың	linguistic	_	_	Begin=511.099
402-1	SPK3002	Continuing	402	271	бір	бір	linguistic	_	_	_
402-2	SPK3002	Continuing	402	271	семестрларын,	семестрларын	linguistic	_	_	End=512.611
403-0	SPK3002	Falling	403	271	екіге	екіге	linguistic	_	_	Begin=512.611
403-1	SPK3002	Falling	403	271	бөліп	бөліп	linguistic	_	_	_
403-2	SPK3002	Falling	403	271	тастаған	тастаған	linguistic	_	_	_
403-3	SPK3002	Falling	403	271	ғой	ғой	linguistic	_	_	_
403-4	SPK3002	Falling	403	271	еще.	еще	linguistic	_	_	End=514.103
404-0	SPK3001	Falling	404	272	Мхм	Мхм	linguistic	_	_	Begin=513.499|End=514.118
405-0	SPK3002	Continuing	405	273	Оларда	Оларда	linguistic	_	_	Begin=514.174
405-1	SPK3002	Continuing	405	273	уже,	уже	linguistic	_	_	End=514.993
406-0	SPK3002	Continuing	406	273	ааа,	ааа	linguistic	_	_	Begin=515.097|End=515.533
407-0	SPK3002	Continuing	407	273	рубежка	рубежка	linguistic	_	_	Begin=515.557
407-1	SPK3002	Continuing	407	273	болып	болып	linguistic	_	_	_
407-2	SPK3002	Continuing	407	273	жатыр	жатыр	linguistic	_	_	_
407-3	SPK3002	Continuing	407	273	типа	типа	linguistic	_	_	_
407-4	SPK3002	Continuing	407	273	бізде,	бізде	linguistic	_	_	End=517.623
408-0	SPK3002	Continuing	408	273	жеті	жеті	linguistic	_	_	Begin=517.623
408-1	SPK3002	Continuing	408	273	аптадан	аптадан	linguistic	_	_	_
408-2	SPK3002	Continuing	408	273	кейін,	кейін	linguistic	_	_	End=518.454
409-0	SPK3002	Continuing	409	273	рейтинговая	рейтинговая	linguistic	_	_	Begin=518.462
409-1	SPK3002	Continuing	409	273	неделя	неделя	linguistic	_	_	_
409-2	SPK3002	Continuing	409	273	сияқты	сияқты	linguistic	_	_	_
409-3	SPK3002	Continuing	409	273	бірнәрсе	бірнәрсе	linguistic	_	_	_
409-4	SPK3002	Continuing	409	273	болады	болады	linguistic	_	_	_
409-5	SPK3002	Continuing	409	273	ғой,	ғой	linguistic	_	_	End=520.417
410-0	SPK3002	Falling	410	274	сондай	сондай	linguistic	_	_	Begin=520.884
410-1	SPK3002	Falling	410	274	бір	бір	linguistic	_	_	_
410-2	SPK3002	Falling	410	274	нәрсе	нәрсе	linguistic	_	_	_
410-3	SPK3002	Falling	410	274	дейді	дейді	linguistic	_	_	_
410-4	SPK3002	Falling	410	274	дейді	дейді	linguistic	_	_	_
410-5	SPK3002	Falling	410	274	дейді.	дейді	linguistic	_	_	End=523.143
411-0	SPK3001	Falling	411	275	Ммм.	Ммм	linguistic	_	_	Begin=523.111|End=523.562
412-0	SPK3001	Falling	412	276	¬Сәкөш	Сәкөш	linguistic	_	Anonymized=Yes	Begin=524.925
412-1	SPK3001	Falling	412	276	те	те	linguistic	_	_	_
412-2	SPK3001	Falling	412	276	осында	осында	linguistic	_	_	_
412-3	SPK3001	Falling	412	276	емес	емес	linguistic	_	_	_
412-4	SPK3001	Falling	412	276	пе.	пе	linguistic	_	_	End=526.297
413-0	SPK3002	Continuing	413	277	¬Сәкөш,	Сәкөш	linguistic	_	Anonymized=Yes	Begin=526.363|End=527.043
414-0	SPK3001	Falling	414	278	¬Сайгүл.	Сайгүл	linguistic	_	Anonymized=Yes	Begin=526.613|End=527.336
415-0	SPK3002	Falling	415	277	иә.	иә	linguistic	_	_	Begin=527.043|End=527.49
416-0	SPK3001	Falling	416	278	Ее.	Ее	linguistic	_	_	Begin=527.336|End=527.612
417-0	SPK3002	Rising	417	280	¬Сәкөш?	Сәкөш	linguistic	_	Anonymized=Yes	Begin=527.795|End=528.471
418-0	SPK3001	Falling	418	281	¬Сә-	Сә-	linguistic	_	Interrupted=Yes|Anonymized=Yes	Begin=528.046
418-1	SPK3001	Falling	418	281	¬Сә-	Сә-	linguistic	_	Interrupted=Yes|Anonymized=Yes	_
418-2	SPK3001	Falling	418	281	¬Сәкөш	Сәкөш	linguistic	_	Anonymized=Yes	_
418-3	SPK3001	Falling	418	281	пе	пе	linguistic	_	_	_
418-4	SPK3001	Falling	418	281	еді.	еді	linguistic	_	_	End=529.91
419-0	SPK3002	Falling	419	_	###	###	unknown	_	_	Begin=529.147|End=529.806
420-0	SPK3001	Falling	420	282	Ааа.	Ааа	linguistic	_	_	Begin=529.91|End=530.354
421-0	SPK3002	Continuing	421	283	Ее,	Ее	linguistic	_	_	Begin=530.068|End=530.3
422-0	SPK3002	Falling	422	283	¬Арман	Арман	linguistic	_	Anonymized=Yes	Begin=530.303
422-1	SPK3002	Falling	422	283	машина	машина	linguistic	_	_	_
422-2	SPK3002	Falling	422	283	алған	алған	linguistic	_	_	_
422-3	SPK3002	Falling	422	283	ба.	ба	linguistic	_	_	End=531.709
423-0	SPK3001	Falling	423	284	Білмеймін.	Білмеймін	linguistic	_	_	Begin=531.613|End=532.275
424-0	SPK3002	Falling	424	285	Мәшін	Мәшін	linguistic	_	_	Begin=532.157
424-1	SPK3002	Falling	424	285	алыпты	алыпты	linguistic	_	_	_
424-2	SPK3002	Falling	424	285	ғой	ғой	linguistic	_	_	End=533.056
425-0	SPK3001	Falling	425	286	Қандай.	Қандай	linguistic	_	_	Begin=532.882|End=533.437
426-0	SPK3002	Rising	426	287	Семейге	Семейге	linguistic	_	_	Begin=533.481
426-1	SPK3002	Rising	426	287	сол	сол	linguistic	_	_	_
426-2	SPK3002	Rising	426	287	үшін	үшін	linguistic	_	_	_
426-3	SPK3002	Rising	426	287	барыпты	барыпты	linguistic	_	_	_
426-4	SPK3002	Rising	426	287	ғой.	ғой	linguistic	_	_	End=535.0
427-0	SPK3001	Falling	427	288	Қандай	Қандай	linguistic	_	_	Begin=534.813
427-1	SPK3001	Falling	427	288	машина.	машина	linguistic	_	_	_
427-2	SPK3001	Falling	427	288	алыпты	алыпты	linguistic	_	_	End=535.756
428-0	SPK3002	Rising	428	289	Тайота	Тайота	linguistic	_	_	Begin=535.137
428-1	SPK3002	Rising	428	289	Каролла?	Каролла	linguistic	_	_	End=536.399
429-0	SPK3001	Falling	429	290	Ммм	Ммм	linguistic	_	_	Begin=536.474|End=537.189
430-0	SPK3002	Falling	430	291	Ну	Ну	linguistic	_	_	Begin=537.34
430-1	SPK3002	Falling	430	291	почему-то	почему-то	linguistic	_	_	_
430-2	SPK3002	Falling	430	291	ешкім	ешкім	linguistic	_	_	_
430-3	SPK3002	Falling	430	291	шуламай	шуламай	linguistic	_	_	_
430-4	SPK3002	Falling	430	291	жатыр.	жатыр	linguistic	_	_	End=539.285
431-0	SPK3002	undefined	431	292	Сосын	Сосын	linguistic	_	_	Begin=539.285
431-1	SPK3002	undefined	431	292	мен	мен	linguistic	_	_	_
431-2	SPK3002	undefined	431	292	айттым,	айттым	linguistic	_	_	End=539.866
432-0	SPK3001	Falling	432	293	И	И	linguistic	_	_	Begin=539.646
432-1	SPK3001	Falling	432	293	кетсінші	кетсінші	linguistic	_	_	_
432-2	SPK3001	Falling	432	293	ары	ары	linguistic	_	_	End=540.454
433-0	SPK3002	Continuing	433	292	#####	#####	unknown	_	_	Begin=539.866|End=540.662
434-0	SPK3002	Falling	434	292	өтірік	өтірік	linguistic	_	_	Begin=540.676
434-1	SPK3002	Falling	434	292	айтты	айтты	linguistic	_	_	_
434-2	SPK3002	Falling	434	292	ма	ма	linguistic	_	_	_
434-3	SPK3002	Falling	434	292	деп.	деп	linguistic	_	_	End=541.819
435-0	SPK3001	Falling	435	294	Кім	Кім	linguistic	_	_	Begin=541.831
435-1	SPK3001	Falling	435	294	айтты.	айтты	linguistic	_	_	End=542.522
436-0	SPK3002	Falling	436	295	Мен	Мен	linguistic	_	_	Begin=542.928
436-1	SPK3002	Falling	436	295	ойладым	ойладым	linguistic	_	_	_
436-2	SPK3002	Falling	436	295	деймін.	деймін	linguistic	_	_	End=544.329
437-0	SPK3001	Falling	437	296	Жоқ.	Жоқ	linguistic	_	_	Begin=544.353|End=544.971
438-0	SPK3001	Falling	438	296	Кім	Кім	linguistic	_	_	Begin=544.971
438-1	SPK3001	Falling	438	296	айтты	айтты	linguistic	_	_	_
438-2	SPK3001	Falling	438	296	мәшіна	мәшіна	linguistic	_	_	_
438-3	SPK3001	Falling	438	296	алды	алды	linguistic	_	_	_
438-4	SPK3001	Falling	438	296	деп	деп	linguistic	_	_	End=546.326
439-0	SPK3002	Falling	439	297	¬Арман.	Арман	linguistic	_	Anonymized=Yes	Begin=546.143|End=547.079
440-0	SPK3001	Falling	440	298	Эй	Эй	linguistic	_	_	Begin=547.147
440-1	SPK3001	Falling	440	298	кетсінші	кетсінші	linguistic	_	_	_
440-2	SPK3001	Falling	440	298	ары.	ары	linguistic	_	_	End=548.195
441-0	SPK3001	Continuing	441	299	Ол,	Ол	linguistic	_	_	Begin=548.217|End=548.838
442-0	SPK3001	Continuing	442	299	киімге,	киімге	linguistic	_	_	Begin=548.857|End=549.276
443-0	SPK3001	Falling	443	299	Өскеменге	Өскеменге	linguistic	_	_	Begin=549.276
443-1	SPK3001	Falling	443	299	алып	алып	linguistic	_	_	_
443-2	SPK3001	Falling	443	299	келді	келді	linguistic	_	_	_
443-3	SPK3001	Falling	443	299	ме	ме	linguistic	_	_	_
443-4	SPK3001	Falling	443	299	сенің	сенің	linguistic	_	_	_
443-5	SPK3001	Falling	443	299	киімдеріңді.	киімдеріңді	linguistic	_	_	End=551.047
444-0	SPK3002	Falling	444	300	Иә.	Иә	linguistic	_	_	Begin=550.544|End=551.091
445-0	SPK3001	Falling	445	301	Мәшінмен	Мәшінмен	linguistic	_	_	Begin=551.085
445-1	SPK3001	Falling	445	301	кеп	кеп	linguistic	_	_	_
445-2	SPK3001	Falling	445	301	пе.	пе	linguistic	_	_	End=552.3
446-0	SPK3002	Falling	446	302	Білмеймін.	Білмеймін	linguistic	_	_	Begin=552.311|End=552.997
447-0	SPK3002	Falling	447	303	Мен	Мен	linguistic	_	_	Begin=552.997
447-1	SPK3002	Falling	447	303	көрген	көрген	linguistic	_	_	_
447-2	SPK3002	Falling	447	303	жоқпын.	жоқпын	linguistic	_	_	_
447-3	SPK3002	Falling	447	303	(H)	(H)	inhale	_	_	End=553.832
448-0	SPK3002	Falling	448	304	Мен	Мен	linguistic	_	_	Begin=553.929
448-1	SPK3002	Falling	448	304	ойлағанмын	ойлағанмын	linguistic	_	_	_
448-2	SPK3002	Falling	448	304	ол	ол	linguistic	_	_	_
448-3	SPK3002	Falling	448	304	келеді	келеді	linguistic	_	_	_
448-4	SPK3002	Falling	448	304	екен	екен	linguistic	_	_	_
448-5	SPK3002	Falling	448	304	деп.	деп	linguistic	_	_	End=555.676
449-0	SPK3002	Continuing	449	305	Ол	Ол	linguistic	_	_	Begin=555.676
449-1	SPK3002	Continuing	449	305	к-,	к-	linguistic	_	Interrupted=Yes	End=556.214
450-0	SPK3002	Falling	450	305	анаған	анаған	linguistic	_	_	Begin=556.214
450-1	SPK3002	Falling	450	305	тастап	тастап	linguistic	_	_	_
450-2	SPK3002	Falling	450	305	кетіпті.	кетіпті	linguistic	_	_	End=557.251
451-0	SPK3001	Falling	451	306	Кімге.	Кімге	linguistic	_	_	Begin=557.058|End=557.549
452-0	SPK3002	Falling	452	307	¬Досанға.	Досанға	linguistic	_	Anonymized=Yes	Begin=557.764|End=558.183
453-0	SPK3001	Falling	453	308	Еее.	Еее	linguistic	_	_	Begin=557.826|End=558.18
454-0	SPK3002	Continuing	454	309	Сосын	Сосын	linguistic	_	_	Begin=558.212
454-1	SPK3002	Continuing	454	309	ол	ол	linguistic	_	_	_
454-2	SPK3002	Continuing	454	309	оны,	оны	linguistic	_	_	End=558.852
455-0	SPK3002	Falling	455	309	бері	бері	linguistic	_	_	Begin=558.852
455-1	SPK3002	Falling	455	309	қарай	қарай	linguistic	_	_	_
455-2	SPK3002	Falling	455	309	алып	алып	linguistic	_	_	_
455-3	SPK3002	Falling	455	309	келіп	келіп	linguistic	_	_	_
455-4	SPK3002	Falling	455	309	салды.	салды	linguistic	_	_	End=559.934
456-0	SPK3001	Falling	456	310	Ааа.	Ааа	linguistic	_	_	Begin=559.987|End=560.518
457-0	SPK3002	Falling	457	311	Жиырма	Жиырма	linguistic	_	_	Begin=563.943
457-1	SPK3002	Falling	457	311	екісі.	екісі	linguistic	_	_	End=565.338
458-0	SPK3002	Rising	458	312	Октябрьдің?	Октябрьдің	linguistic	_	_	Begin=565.35|End=566.346
459-0	SPK3002	undefined	459	_	NOTIFICATION_ON_PHONE	NOTIFICATION_ON_PHONE	linguistic	_	_	Begin=568.763|End=570.376
460-0	SPK3002	Falling	460	313	Жиырма	Жиырма	linguistic	_	_	Begin=570.882
460-1	SPK3002	Falling	460	313	алтысы.	алтысы	linguistic	_	_	End=572.134
461-0	SPK3002	Continuing	461	314	Бұрын	Бұрын	linguistic	_	_	Begin=577.267
461-1	SPK3002	Continuing	461	314	солай,	солай	linguistic	_	_	End=578.198
462-0	SPK3002	Continuing	462	315	ну	ну	linguistic	_	_	Begin=578.294
462-1	SPK3002	Continuing	462	315	типа,	типа	linguistic	_	_	End=579.002
463-0	SPK3002	Continuing	463	_	@@@@	@@@@	linguistic	_	_	Begin=585.666|End=586.762
464-0	SPK3002	Continuing	464	316	¬Нұрөш,	Нұрөш	linguistic	_	Anonymized=Yes	Begin=586.762|End=587.19
465-0	SPK3002	Continuing	465	316	көмек,	көмек	linguistic	_	_	Begin=587.19|End=587.499
466-0	SPK3002	Falling	466	316	матем	матем	linguistic	_	_	Begin=587.617
466-1	SPK3002	Falling	466	316	дейді.	дейді	linguistic	_	_	End=588.323
467-0	SPK3002	Falling	467	317	Мынау	Мынау	linguistic	_	_	Begin=588.445
467-1	SPK3002	Falling	467	317	математикасын	математикасын	linguistic	_	_	_
467-2	SPK3002	Falling	467	317	жібертеді	жібертеді	linguistic	_	_	_
467-3	SPK3002	Falling	467	317	маған.	маған	linguistic	_	_	End=590.007
468-0	SPK3001	Falling	468	318	Кім.	Кім	linguistic	_	_	Begin=589.441|End=589.946
469-0	SPK3002	Falling	469	319	¬Жалғас.	Жалғас	linguistic	_	Anonymized=Yes	Begin=590.007|End=591.063
470-0	SPK3001	Falling	470	320	Иттің	Иттің	linguistic	_	_	Begin=590.799
470-1	SPK3001	Falling	470	320	баласы.	баласы	linguistic	_	_	End=591.576
471-0	SPK3002	Falling	471	321	Кешке	Кешке	linguistic	_	_	Begin=591.214
471-1	SPK3002	Falling	471	321	дейін	дейін	linguistic	_	_	_
471-2	SPK3002	Falling	471	321	осының	осының	linguistic	_	_	_
471-3	SPK3002	Falling	471	321	сабақтарын	сабақтарын	linguistic	_	_	_
471-4	SPK3002	Falling	471	321	істеймін.	істеймін	linguistic	_	_	End=592.421
472-0	SPK3001	Falling	472	322	Уақытым	Уақытым	linguistic	_	_	Begin=591.8
472-1	SPK3001	Falling	472	322	жоқ	жоқ	linguistic	_	_	_
472-2	SPK3001	Falling	472	322	де.	де	linguistic	_	_	End=593.162
473-0	SPK3002	Falling	473	323	Енді	Енді	linguistic	_	_	Begin=592.421
473-1	SPK3002	Falling	473	323	қарашы.	қарашы	linguistic	_	_	End=593.51
474-0	SPK3002	Falling	474	324	¬Жалғас	Жалғас	linguistic	_	Anonymized=Yes	Begin=594.238
474-1	SPK3002	Falling	474	324	менде	менде	linguistic	_	_	_
474-2	SPK3002	Falling	474	324	уақытым	уақытым	linguistic	_	_	_
474-3	SPK3002	Falling	474	324	болмай	болмай	linguistic	_	_	_
474-4	SPK3002	Falling	474	324	тұр.	тұр	linguistic	_	_	End=596.428
475-0	SPK3002	Continuing	475	324	Деп	Деп	linguistic	_	_	Begin=596.568
475-1	SPK3002	Continuing	475	324	айтайын	айтайын	linguistic	_	_	_
475-2	SPK3002	Continuing	475	324	десем,	десем	linguistic	_	_	End=597.308
476-0	SPK3002	Falling	476	324	¬Бикөш	Бикөш	linguistic	_	Anonymized=Yes	Begin=597.397
476-1	SPK3002	Falling	476	324	те	те	linguistic	_	_	_
476-2	SPK3002	Falling	476	324	қарай	қарай	linguistic	_	_	_
476-3	SPK3002	Falling	476	324	алмайды	алмайды	linguistic	_	_	_
476-4	SPK3002	Falling	476	324	ғой	ғой	linguistic	_	_	_
476-5	SPK3002	Falling	476	324	сабағына.	сабағына	linguistic	_	_	End=599.475
477-0	SPK3002	Continuing	477	325	Сосын	Сосын	linguistic	_	_	Begin=602.447
477-1	SPK3002	Continuing	477	325	амалы	амалы	linguistic	_	_	_
477-2	SPK3002	Continuing	477	325	не	не	linguistic	_	_	_
477-3	SPK3002	Continuing	477	325	ш#,	ш#	linguistic	_	_	End=603.769
478-0	SPK3002	Falling	478	325	қайсы	қайсы	linguistic	_	_	Begin=603.769
478-1	SPK3002	Falling	478	325	деп	деп	linguistic	_	_	_
478-2	SPK3002	Falling	478	325	жазасың.	жазасың	linguistic	_	_	End=605.108
479-0	SPK3001	undefined	479	_	@@@@@	@@@@@	linguistic	_	_	Begin=604.209|End=605.851
480-0	SPK3002	Falling	480	326	Шын.	Шын	linguistic	_	_	Begin=605.635|End=606.086
481-0	SPK3001	undefined	481	_	CLEARS_THROAT	CLEARS_THROAT	linguistic	_	_	Begin=606.194|End=606.789
482-0	SPK3002	Continuing	482	327	Істеп	Істеп	linguistic	_	_	Begin=606.228
482-1	SPK3002	Continuing	482	327	бермей-ақ	бермей-ақ	linguistic	_	_	_
482-2	SPK3002	Continuing	482	327	қояйын	қояйын	linguistic	_	_	_
482-3	SPK3002	Continuing	482	327	десем,	десем	linguistic	_	_	End=607.328
483-0	SPK3002	Continuing	483	327	алдында	алдында	linguistic	_	_	Begin=607.328
483-1	SPK3002	Continuing	483	327	түнде:	түнде	linguistic	_	Prolongation=4	End=608.108
484-0	SPK3002	Falling	484	327	¬Бикөш	Бикөш	linguistic	_	Anonymized=Yes	Begin=608.111
484-1	SPK3002	Falling	484	327	звандайды.	звандайды	linguistic	_	_	End=609.144
485-0	SPK3001	Falling	485	328	Мхм.	Мхм	linguistic	_	_	Begin=608.844|End=609.652
486-0	SPK3002	Continuing	486	327	Істей	Істей	linguistic	_	_	Begin=609.411
486-1	SPK3002	Continuing	486	327	алмай	алмай	linguistic	_	_	_
486-2	SPK3002	Continuing	486	327	жатырмын	жатырмын	linguistic	_	_	_
486-3	SPK3002	Continuing	486	327	¬Нұрөш,	Нұрөш	linguistic	_	Anonymized=Yes	End=610.619
487-0	SPK3002	Continuing	487	327	мыналар	мыналар	linguistic	_	_	Begin=610.619
487-1	SPK3002	Continuing	487	327	еще	еще	linguistic	_	_	_
487-2	SPK3002	Continuing	487	327	жан-жақтан	жан-жақтан	linguistic	_	_	_
487-3	SPK3002	Continuing	487	327	қарап	қарап	linguistic	_	_	_
487-4	SPK3002	Continuing	487	327	отыр,	отыр	linguistic	_	_	End=612.241
488-0	SPK3002	Falling	488	327	істеп	істеп	linguistic	_	_	Begin=612.241
488-1	SPK3002	Falling	488	327	берші	берші	linguistic	_	_	_
488-2	SPK3002	Falling	488	327	деп.	деп	linguistic	_	_	End=613.191
489-0	SPK3001	Continuing	489	329	Ана	Ана	linguistic	_	_	Begin=613.779
489-1	SPK3001	Continuing	489	329	қыз	қыз	linguistic	_	_	_
489-2	SPK3001	Continuing	489	329	бар	бар	linguistic	_	_	_
489-3	SPK3001	Continuing	489	329	ғой,	ғой	linguistic	_	_	End=614.845
490-0	SPK3001	Falling	490	329	вообще	вообще	linguistic	_	_	Begin=614.998
490-1	SPK3001	Falling	490	329	ұйықтамайды	ұйықтамайды	linguistic	_	_	_
490-2	SPK3001	Falling	490	329	екен.	екен	linguistic	_	_	End=616.53
491-0	SPK3002	undefined	491	_	@@	@@	linguistic	_	_	Begin=616.614|End=617.308
492-0	SPK3001	Continuing	492	330	Содан	Содан	linguistic	_	_	Begin=617.412
492-1	SPK3001	Continuing	492	330	дейді,	дейді	linguistic	_	_	End=618.232
493-0	SPK3001	Continuing	493	330	төсектің	төсектің	linguistic	_	_	Begin=618.232
493-1	SPK3001	Continuing	493	330	басына	басына	linguistic	_	_	_
493-2	SPK3001	Continuing	493	330	шығып,	шығып	linguistic	_	_	End=619.695
494-0	SPK3001	Falling	494	330	өзі	өзі	linguistic	_	_	Begin=619.698
494-1	SPK3001	Falling	494	330	тұрып	тұрып	linguistic	_	_	_
494-2	SPK3001	Falling	494	330	алады	алады	linguistic	_	_	_
494-3	SPK3001	Falling	494	330	дейді.	дейді	linguistic	_	_	End=620.851
495-0	SPK3002	undefined	495	_	@@@@@@@	@@@@@@@	linguistic	_	_	Begin=620.917|End=622.286
496-0	SPK3001	Falling	496	_	######	######	unknown	_	_	Begin=620.932|End=622.277
497-0	SPK3001	Continuing	497	331	Содан	Содан	linguistic	_	_	Begin=622.277
497-1	SPK3001	Continuing	497	331	кейін,	кейін	linguistic	_	_	End=622.932
498-0	SPK3001	Continuing	498	331	¬Жалғас	Жалғас	linguistic	_	Anonymized=Yes	Begin=622.932
498-1	SPK3001	Continuing	498	331	айтады,	айтады	linguistic	_	_	_
498-2	SPK3001	Continuing	498	331	дейді	дейді	linguistic	_	_	_
498-3	SPK3001	Continuing	498	331	(H)	(H)	inhale	_	_	End=623.803
499-0	SPK3001	undefined	499	331	мынау	мынау	linguistic	_	_	Begin=623.803
499-1	SPK3001	undefined	499	331	да	да	linguistic	_	_	_
499-2	SPK3001	undefined	499	331	өзі	өзі	linguistic	_	_	_
499-3	SPK3001	undefined	499	331	құтырып	құтырып	linguistic	_	_	_
499-4	SPK3001	undefined	499	331	алған	алған	linguistic	_	_	_
499-5	SPK3001	undefined	499	331	иә	иә	linguistic	_	_	_
499-6	SPK3001	undefined	499	331	деп	деп	linguistic	_	_	_
499-7	SPK3001	undefined	499	331	айтады	айтады	linguistic	_	_	_
499-8	SPK3001	undefined	499	331	дейді	дейді	linguistic	_	_	_
499-9	SPK3001	undefined	499	331	@@@	@@@	linguistic	_	_	End=626.539
500-0	SPK3002	undefined	500	_	@@@@@	@@@@@	linguistic	_	_	Begin=625.923|End=627.387
501-0	SPK3001	Continuing	501	332	Былқ	Былқ	linguistic	_	_	Begin=626.982
501-1	SPK3001	Continuing	501	332	етпей,	етпей	linguistic	_	_	End=627.808
502-0	SPK3001	Falling	502	332	он	он	linguistic	_	_	Begin=627.808
502-1	SPK3001	Falling	502	332	екіге	екіге	linguistic	_	_	_
502-2	SPK3001	Falling	502	332	дейін	дейін	linguistic	_	_	_
502-3	SPK3001	Falling	502	332	жүреді	жүреді	linguistic	_	_	_
502-4	SPK3001	Falling	502	332	дейді.	дейді	linguistic	_	_	End=629.29
503-0	SPK3002	undefined	503	_	@@@@@@	@@@@@@	linguistic	_	_	Begin=629.16|End=630.896
504-0	SPK3001	Continuing	504	333	Мәә,	Мәә	linguistic	_	_	Begin=629.547|End=630.364
505-0	SPK3001	Continuing	505	333	мамам,	мамам	linguistic	_	_	Begin=630.364|End=631.029
506-0	SPK3001	Falling	506	333	##	##	unknown	_	_	Begin=631.029
506-1	SPK3001	Falling	506	333	болып	болып	linguistic	_	_	_
506-2	SPK3001	Falling	506	333	кетті	кетті	linguistic	_	_	_
506-3	SPK3001	Falling	506	333	дейді.	дейді	linguistic	_	_	End=632.505
507-0	SPK3001	Falling	507	334	Былқ	Былқ	linguistic	_	_	Begin=632.771
507-1	SPK3001	Falling	507	334	етпейді.	етпейді	linguistic	_	_	_
507-2	SPK3001	Falling	507	334	#	#	unknown	_	_	End=633.702
508-0	SPK3002	undefined	508	335	Қыдыртыңдар	Қыдыртыңдар	linguistic	_	_	Begin=633.583
508-1	SPK3002	undefined	508	335	@тағы	@тағы	linguistic	_	_	_
508-2	SPK3002	undefined	508	335	@@@@	@@@@	linguistic	_	_	End=635.958
509-0	SPK3002	Continuing	509	336	Такс,	Такс	linguistic	_	_	Begin=636.106|End=636.822
510-0	SPK3002	Rising	510	336	мынау	мынау	linguistic	_	_	Begin=636.836
510-1	SPK3002	Rising	510	336	бітті?	бітті	linguistic	_	_	End=637.854
511-0	SPK3002	Falling	511	337	Жиырма	Жиырма	linguistic	_	_	Begin=640.359
511-1	SPK3002	Falling	511	337	алтысы	алтысы	linguistic	_	_	_
511-2	SPK3002	Falling	511	337	ма	ма	linguistic	_	_	_
511-3	SPK3002	Falling	511	337	еді.	еді	linguistic	_	_	End=641.473
512-0	SPK3002	Continuing	512	338	Мына	Мына	linguistic	_	_	Begin=641.572
512-1	SPK3002	Continuing	512	338	жерде,	жерде	linguistic	_	_	End=642.345
513-0	SPK3002	Continuing	513	338	тоғыз,	тоғыз	linguistic	_	_	Begin=642.443|End=642.855
514-0	SPK3002	Falling	514	338	оны	оны	linguistic	_	_	Begin=642.855
514-1	SPK3002	Falling	514	338	деген	деген	linguistic	_	_	_
514-2	SPK3002	Falling	514	338	дата	дата	linguistic	_	_	_
514-3	SPK3002	Falling	514	338	тұрды	тұрды	linguistic	_	_	_
514-4	SPK3002	Falling	514	338	ма.	ма	linguistic	_	_	End=644.341
515-0	SPK3002	Falling	515	339	Қай	Қай	linguistic	_	_	Begin=644.465
515-1	SPK3002	Falling	515	339	уақта	уақта	linguistic	_	_	_
515-2	SPK3002	Falling	515	339	басталады	басталады	linguistic	_	_	_
515-3	SPK3002	Falling	515	339	екінші	екінші	linguistic	_	_	_
515-4	SPK3002	Falling	515	339	тоқсан.	тоқсан	linguistic	_	_	End=646.064
516-0	SPK3001	Continuing	516	340	Екінші	Екінші	linguistic	_	_	Begin=646.935
516-1	SPK3001	Continuing	516	340	тоқсан,	тоқсан	linguistic	_	_	End=648.117
517-0	SPK3001	Continuing	517	341	(H)	(H)	inhale	_	_	Begin=649.562|End=650.109
518-0	SPK3001	Falling	518	341	бірінші	бірінші	linguistic	_	_	Begin=650.109
518-1	SPK3001	Falling	518	341	ноябрьден	ноябрьден	linguistic	_	_	_
518-2	SPK3001	Falling	518	341	басталады.	басталады	linguistic	_	_	End=651.306
519-0	SPK3001	Continuing	519	342	Ой,	Ой	linguistic	_	_	Begin=651.306|End=651.684
520-0	SPK3001	Interrupted	520	342	же—	же—	linguistic	_	Interrupted=Yes	Begin=651.684|End=652.184
521-0	SPK3001	Falling	521	342	сегізінші	сегізінші	linguistic	_	_	Begin=652.206
521-1	SPK3001	Falling	521	342	ноябрьден	ноябрьден	linguistic	_	_	_
521-2	SPK3001	Falling	521	342	басталады.	басталады	linguistic	_	_	End=653.57
522-0	SPK3001	Continuing	522	343	Сегіз	Сегіз	linguistic	_	_	Begin=653.57
522-1	SPK3001	Continuing	522	343	он	он	linguistic	_	_	_
522-2	SPK3001	Continuing	522	343	бірден,	бірден	linguistic	_	_	End=654.435
523-0	SPK3001	Falling	523	343	басталады.	басталады	linguistic	_	_	Begin=654.435|End=655.211
524-0	SPK3002	Falling	524	344	Ноябрьдің	Ноябрьдің	linguistic	_	_	Begin=655.698
524-1	SPK3002	Falling	524	344	сегізінен.	сегізінен	linguistic	_	_	End=657.24
525-0	SPK3001	Falling	525	345	Иә.	Иә	linguistic	_	_	Begin=656.88|End=657.358
526-0	SPK3002	Rising	526	344	Иә?	Иә	linguistic	_	_	Begin=657.24|End=657.787
527-0	SPK3001	Falling	527	346	Аха.	Аха	linguistic	_	_	Begin=657.437|End=658.108
528-0	SPK3002	Continuing	528	347	Мыналарда	Мыналарда	linguistic	_	_	Begin=658.422
528-1	SPK3002	Continuing	528	347	сабақтары	сабақтары	linguistic	_	_	_
528-2	SPK3002	Continuing	528	347	бар,	бар	linguistic	_	_	End=660.128
529-0	SPK3001	Falling	529	348	Содан	Содан	linguistic	_	_	Begin=662.347
529-1	SPK3001	Falling	529	348	кейін	кейін	linguistic	_	_	_
529-2	SPK3001	Falling	529	348	жиырма	жиырма	linguistic	_	_	_
529-3	SPK3001	Falling	529	348	тоғызында	тоғызында	linguistic	_	_	_
529-4	SPK3001	Falling	529	348	бітеді.	бітеді	linguistic	_	_	End=664.049
530-0	SPK3002	Falling	530	349	мынаны	мынаны	linguistic	_	_	Begin=662.751
530-1	SPK3002	Falling	530	349	ана	ана	linguistic	_	_	_
530-2	SPK3002	Falling	530	349	#	#	unknown	_	_	End=663.535
531-0	SPK3002	Continuing	531	349	Тұра	Тұра	linguistic	_	_	Begin=663.535
531-1	SPK3002	Continuing	531	349	тұр,	тұр	linguistic	_	_	End=663.828
532-0	SPK3002	Falling	532	349	тұра	тұра	linguistic	_	_	Begin=663.828
532-1	SPK3002	Falling	532	349	тұршы	тұршы	linguistic	_	_	_
532-2	SPK3002	Falling	532	349	қазір.	қазір	linguistic	_	_	End=664.684
533-0	SPK3002	Continuing	533	349	Жиырма,	Жиырма	linguistic	_	_	Begin=664.684|End=665.061
534-0	SPK3002	Continuing	534	350	жиырма	жиырма	linguistic	_	_	Begin=665.061
534-1	SPK3002	Continuing	534	350	екі,	екі	linguistic	_	_	End=665.472
535-0	SPK3002	Falling	535	350	жиырма	жиырма	linguistic	_	_	Begin=665.472
535-1	SPK3002	Falling	535	350	алты	алты	linguistic	_	_	_
535-2	SPK3002	Falling	535	350	дейді.	дейді	linguistic	_	_	End=666.162
536-0	SPK3002	Continuing	536	350	Жиырма,	Жиырма	linguistic	_	_	Begin=666.206|End=666.536
537-0	SPK3002	Continuing	537	351	жиырма	жиырма	linguistic	_	_	Begin=666.536
537-1	SPK3002	Continuing	537	351	екі,	екі	linguistic	_	_	End=667.232
538-0	SPK3002	Rising	538	351	жиырма	жиырма	linguistic	_	_	Begin=667.232
538-1	SPK3002	Rising	538	351	алты?	алты	linguistic	_	_	End=667.921
539-0	SPK3002	Continuing	539	352	Жиырма,	Жиырма	linguistic	_	_	Begin=671.793|End=672.135
540-0	SPK3002	Continuing	540	352	жиырма	жиырма	linguistic	_	_	Begin=672.135
540-1	SPK3002	Continuing	540	352	екі,	екі	linguistic	_	_	End=672.517
541-0	SPK3002	Continuing	541	352	жиырма	жиырма	linguistic	_	_	Begin=672.517
541-1	SPK3002	Continuing	541	352	алты,	алты	linguistic	_	_	End=673.37
542-0	SPK3002	Continuing	542	352	жиырмасы	жиырмасы	linguistic	_	_	Begin=673.37
542-1	SPK3002	Continuing	542	352	деген	деген	linguistic	_	_	_
542-2	SPK3002	Continuing	542	352	это,	это	linguistic	_	_	End=674.719
543-0	SPK3002	Continuing	543	353	вторник,	вторник	linguistic	_	_	Begin=678.224|End=678.841
544-0	SPK3002	Continuing	544	354	среда,	среда	linguistic	_	_	Begin=680.691|End=681.397
545-0	SPK3002	Falling	545	355	пятница.	пятница	linguistic	_	_	Begin=682.269|End=683.007
546-0	SPK3002	Continuing	546	356	Вторник,	Вторник	linguistic	_	_	Begin=684.681|End=685.403
547-0	SPK3002	Continuing	547	356	среда,	среда	linguistic	_	_	Begin=685.692|End=686.334
548-0	SPK3002	Falling	548	356	пятница	пятница	linguistic	_	_	Begin=686.685
548-1	SPK3002	Falling	548	356	болады	болады	linguistic	_	_	_
548-2	SPK3002	Falling	548	356	екен	екен	linguistic	_	_	_
548-3	SPK3002	Falling	548	356	мыналардың	мыналардың	linguistic	_	_	_
548-4	SPK3002	Falling	548	356	сабақтары.	сабақтары	linguistic	_	_	End=688.53
549-0	SPK3002	Continuing	549	357	Ал	Ал	linguistic	_	_	Begin=689.127
549-1	SPK3002	Continuing	549	357	енді,	енді	linguistic	_	_	End=689.673
550-0	SPK3001	Falling	550	358	Кімдердікі.	Кімдердікі	linguistic	_	_	Begin=689.144|End=689.85
551-0	SPK3001	Continuing	551	359	Алтынікі	Алтынікі	linguistic	_	_	Begin=690.185
551-1	SPK3001	Continuing	551	359	ме,	ме	linguistic	_	_	End=691.027
552-0	SPK3002	Falling	552	357	енді	енді	linguistic	_	_	Begin=690.393
552-1	SPK3002	Falling	552	357	қара.	қара	linguistic	_	_	End=691.396
553-0	SPK3001	Falling	553	359	алтынікі	алтынікі	linguistic	_	_	Begin=691.027
553-1	SPK3001	Falling	553	359	ме.	ме	linguistic	_	_	End=692.463
554-0	SPK3002	Falling	554	360	Иә.	Иә	linguistic	_	_	Begin=691.958|End=692.325
555-0	SPK3002	Continuing	555	361	Ноябрьдің,	Ноябрьдің	linguistic	_	_	Begin=692.327|End=693.49
556-0	SPK3002	Continuing	556	361	нешесі,	нешесі	linguistic	_	_	Begin=693.79|End=694.161
557-0	SPK3002	Rising	557	361	сегізі	сегізі	linguistic	_	_	Begin=694.265
557-1	SPK3002	Rising	557	361	басталады	басталады	linguistic	_	_	_
557-2	SPK3002	Rising	557	361	дедің	дедің	linguistic	_	_	_
557-3	SPK3002	Rising	557	361	иә?	иә	linguistic	_	_	End=695.579
558-0	SPK3001	Falling	558	362	Иә.	Иә	linguistic	_	_	Begin=695.296|End=695.878
559-0	SPK3002	Continuing	559	363	Сегізі	Сегізі	linguistic	_	_	Begin=698.124
559-1	SPK3002	Continuing	559	363	басталса,	басталса	linguistic	_	_	End=698.926
560-0	SPK3002	Falling	560	363	бұларда	бұларда	linguistic	_	_	Begin=698.934
560-1	SPK3002	Falling	560	363	дата	дата	linguistic	_	_	_
560-2	SPK3002	Falling	560	363	былай	былай	linguistic	_	_	_
560-3	SPK3002	Falling	560	363	кетеді.	кетеді	linguistic	_	_	End=700.849
561-0	SPK3002	Continuing	561	364	Вторник	Вторник	linguistic	_	_	Begin=701.42
561-1	SPK3002	Continuing	561	364	среда	среда	linguistic	_	_	_
561-2	SPK3002	Continuing	561	364	пятница,	пятница	linguistic	_	_	End=702.724
562-0	SPK3002	Continuing	562	365	вторник	вторник	linguistic	_	_	Begin=702.726
562-1	SPK3002	Continuing	562	365	среда	среда	linguistic	_	_	_
562-2	SPK3002	Continuing	562	365	пятница,	пятница	linguistic	_	_	End=704.01
563-0	SPK3002	Falling	563	366	вторник	вторник	linguistic	_	_	Begin=704.026
563-1	SPK3002	Falling	563	366	среда	среда	linguistic	_	_	_
563-2	SPK3002	Falling	563	366	пятница.	пятница	linguistic	_	_	End=705.306
564-0	SPK3001	Falling	564	367	Мхм.	Мхм	linguistic	_	_	Begin=705.402|End=705.9
565-0	SPK3001	Falling	565	368	Мхм.	Мхм	linguistic	_	_	Begin=706.789|End=707.492
566-0	SPK3002	Falling	566	369	Такс.	Такс	linguistic	_	_	Begin=707.909|End=708.473
567-0	SPK3002	Continuing	567	369	Наклон,	Наклон	linguistic	_	_	Begin=708.694|End=709.389
568-0	SPK3002	Falling	568	369	тоғызы.	тоғызы	linguistic	_	_	Begin=709.565|End=710.404
569-0	SPK3002	Continuing	569	371	Мынау,	Мынау	linguistic	_	_	Begin=710.947|End=711.462
570-0	SPK3002	Falling	570	371	оны.	оны	linguistic	_	_	Begin=711.789|End=712.847
571-0	SPK3002	Falling	571	_	#####	#####	unknown	_	_	Begin=713.566|End=715.183
572-0	SPK3001	Falling	572	372	Немене	Немене	linguistic	_	_	Begin=732.074
572-1	SPK3001	Falling	572	372	дейді.	дейді	linguistic	_	_	End=732.669
573-0	SPK3001	Falling	573	373	Түнде	Түнде	linguistic	_	_	Begin=732.669
573-1	SPK3001	Falling	573	373	дей	дей	linguistic	_	_	_
573-2	SPK3001	Falling	573	373	ме.	ме	linguistic	_	_	End=733.782
574-0	SPK3002	Falling	574	374	Түнде	Түнде	linguistic	_	_	Begin=733.73
574-1	SPK3002	Falling	574	374	жіберемін	жіберемін	linguistic	_	_	_
574-2	SPK3002	Falling	574	374	деймін.	деймін	linguistic	_	_	End=734.517
575-0	SPK3002	Falling	575	375	Қазір	Қазір	linguistic	_	_	Begin=734.521
575-1	SPK3002	Falling	575	375	қолым	қолым	linguistic	_	_	_
575-2	SPK3002	Falling	575	375	бос	бос	linguistic	_	_	_
575-3	SPK3002	Falling	575	375	емес	емес	linguistic	_	_	_
575-4	SPK3002	Falling	575	375	деп.	деп	linguistic	_	_	End=736.336
576-0	SPK3002	Falling	576	376	Ноябрьдің	Ноябрьдің	linguistic	_	_	Begin=737.208
576-1	SPK3002	Falling	576	376	сегізі	сегізі	linguistic	_	_	_
576-2	SPK3002	Falling	576	376	басталады.	басталады	linguistic	_	_	End=738.821
577-0	SPK3002	Continuing	577	377	Вторник,	Вторник	linguistic	_	_	Begin=739.281|End=739.797
578-0	SPK3002	Continuing	578	377	среда,	среда	linguistic	_	_	Begin=739.826|End=740.412
579-0	SPK3002	Falling	579	377	пятница.	пятница	linguistic	_	_	Begin=740.651|End=741.348
580-0	SPK3002	Falling	580	378	Мынаны	Мынаны	linguistic	_	_	Begin=742.114
580-1	SPK3002	Falling	580	378	қойып	қойып	linguistic	_	_	_
580-2	SPK3002	Falling	580	378	алайын.	алайын	linguistic	_	_	End=743.108
581-0	SPK3002	Rising	581	379	Вторнигің?	Вторнигің	linguistic	_	_	Begin=745.658|End=746.492
582-0	SPK3001	Falling	582	380	Тоғызы.	Тоғызы	linguistic	_	_	Begin=748.304|End=749.092
583-0	SPK3002	Continuing	583	381	Вторник,	Вторник	linguistic	_	_	Begin=749.195|End=750.442
584-0	SPK3002	Continuing	584	381	среда,	среда	linguistic	_	_	Begin=750.779|End=751.781
585-0	SPK3002	Falling	585	381	пятница.	пятница	linguistic	_	_	Begin=752.274|End=753.236
586-0	SPK3002	Continuing	586	382	Тоғыз,	Тоғыз	linguistic	_	_	Begin=753.37|End=753.764
587-0	SPK3002	Continuing	587	382	он,	он	linguistic	_	_	Begin=753.853|End=754.256
588-0	SPK3002	Falling	588	382	он	он	linguistic	_	_	Begin=754.344
588-1	SPK3002	Falling	588	382	екі.	екі	linguistic	_	_	End=755.067
589-0	SPK3002	Continuing	589	383	Он	Он	linguistic	_	_	Begin=756.99
589-1	SPK3002	Continuing	589	383	ал-,	ал-	linguistic	_	Interrupted=Yes	End=757.655
590-0	SPK3002	Falling	590	383	ты:.	ты	linguistic	_	Prolongation=1	Begin=757.655|End=758.612
591-0	SPK3002	Interrupted	591	384	Он	Он	linguistic	_	_	Begin=758.837
591-1	SPK3002	Interrupted	591	384	жет-	жет-	linguistic	_	Interrupted=Yes	End=759.512
592-0	SPK3002	Falling	592	384	і:.	і	linguistic	_	Prolongation=0	Begin=759.512|End=760.547
593-0	SPK3002	Falling	593	385	О:к.	Ок	linguistic	_	Prolongation=0	Begin=760.937|End=762.059
594-0	SPK3001	Falling	594	_	###	###	unknown	_	_	Begin=762.23|End=763.41
595-0	SPK3002	Continuing	595	386	Он	Он	linguistic	_	_	Begin=763.025
595-1	SPK3002	Continuing	595	386	алты	алты	linguistic	_	_	_
595-2	SPK3002	Continuing	595	386	он	он	linguistic	_	_	_
595-3	SPK3002	Continuing	595	386	жеті,	жеті	linguistic	_	_	End=763.986
596-0	SPK3002	Falling	596	387	көріп	көріп	linguistic	_	_	Begin=763.986
596-1	SPK3002	Falling	596	387	тұрмын	тұрмын	linguistic	_	_	_
596-2	SPK3002	Falling	596	387	ғой.	ғой	linguistic	_	_	End=765.03
597-0	SPK3002	Falling	597	388	И	И	linguistic	_	_	Begin=765.047
597-1	SPK3002	Falling	597	388	он	он	linguistic	_	_	_
597-2	SPK3002	Falling	597	388	тоғыз.	тоғыз	linguistic	_	_	End=766.225
598-0	SPK3002	Continuing	598	389	Жиырма	Жиырма	linguistic	_	_	Begin=768.118
598-1	SPK3002	Continuing	598	389	үш,	үш	linguistic	_	_	End=769.272
599-0	SPK3002	Continuing	599	389	жиырма	жиырма	linguistic	_	_	Begin=769.655
599-1	SPK3002	Continuing	599	389	төрт,	төрт	linguistic	_	_	End=771.144
600-0	SPK3002	Falling	600	389	жиырма	жиырма	linguistic	_	_	Begin=771.417
600-1	SPK3002	Falling	600	389	алты.	алты	linguistic	_	_	End=772.559
601-0	SPK3002	Falling	601	390	Отыз.	Отыз	linguistic	_	_	Begin=773.895|End=775.54
602-0	SPK3002	Falling	602	391	Декабрьдің	Декабрьдің	linguistic	_	_	Begin=776.321
602-1	SPK3002	Falling	602	391	бірі	бірі	linguistic	_	_	_
602-2	SPK3002	Falling	602	391	демалыс.	демалыс	linguistic	_	_	End=778.123
603-0	SPK3001	Falling	603	392	Мхм.	Мхм	linguistic	_	_	Begin=778.235|End=778.969
604-0	SPK3002	Falling	604	393	Оны	Оны	linguistic	_	_	Begin=778.721
604-1	SPK3002	Falling	604	393	немене	немене	linguistic	_	_	_
604-2	SPK3002	Falling	604	393	істеймін.	істеймін	linguistic	_	_	End=779.436
605-0	SPK3002	Falling	605	394	Екісіне	Екісіне	linguistic	_	_	Begin=779.436
605-1	SPK3002	Falling	605	394	қояйын	қояйын	linguistic	_	_	_
605-2	SPK3002	Falling	605	394	ба	ба	linguistic	_	_	_
605-3	SPK3002	Falling	605	394	ол	ол	linguistic	_	_	_
605-4	SPK3002	Falling	605	394	сабақты	сабақты	linguistic	_	_	End=780.898
606-0	SPK3001	Continuing	606	395	Иә,	Иә	linguistic	_	_	Begin=780.058|End=780.533
607-0	SPK3001	Continuing	607	395	екісіне	екісіне	linguistic	_	_	Begin=780.533
607-1	SPK3001	Continuing	607	395	қоя	қоя	linguistic	_	_	_
607-2	SPK3001	Continuing	607	395	сал	сал	linguistic	_	_	_
607-3	SPK3001	Continuing	607	395	да,	да	linguistic	_	_	End=781.33
608-0	SPK3001	Falling	608	395	ана	ана	linguistic	_	_	Begin=781.33
608-1	SPK3001	Falling	608	395	жерге	жерге	linguistic	_	_	_
608-2	SPK3001	Falling	608	395	бірі	бірі	linguistic	_	_	_
608-3	SPK3001	Falling	608	395	деп	деп	linguistic	_	_	_
608-4	SPK3001	Falling	608	395	қойып	қойып	linguistic	_	_	_
608-5	SPK3001	Falling	608	395	қой.	қой	linguistic	_	_	End=783.045
609-0	SPK3002	Falling	609	396	Ойбай.	Ойбай	linguistic	_	_	Begin=782.378|End=783.149
610-0	SPK3002	Continuing	610	397	Екі,	Екі	linguistic	_	_	Begin=783.949|End=784.854
611-0	SPK3002	Continuing	611	397	он	он	linguistic	_	_	Begin=784.854
611-1	SPK3002	Continuing	611	397	екі,	екі	linguistic	_	_	End=785.299
612-0	SPK3002	Continuing	612	397	жиырма,	жиырма	linguistic	_	_	Begin=785.299|End=785.843
613-0	SPK3002	Falling	613	397	жиырма	жиырма	linguistic	_	_	Begin=785.843
613-1	SPK3002	Falling	613	397	бір.	бір	linguistic	_	_	End=786.45
614-0	SPK3001	Falling	614	398	Нөл	Нөл	linguistic	_	_	Begin=786.39
614-1	SPK3001	Falling	614	398	бірі.	бірі	linguistic	_	_	End=787.389
615-0	SPK3001	Falling	615	399	Примечанияға.	Примечанияға	linguistic	_	_	Begin=787.869|End=789.32
616-0	SPK3001	Falling	616	400	Мхм.	Мхм	linguistic	_	_	Begin=790.708|End=791.548
617-0	SPK3001	Falling	617	401	Мхм.	Мхм	linguistic	_	_	Begin=791.548|End=792.296
618-0	SPK3002	Falling	618	402	Дей	Дей	linguistic	_	_	Begin=792.401
618-1	SPK3002	Falling	618	402	салайын.	салайын	linguistic	_	_	End=793.203
619-0	SPK3001	Falling	619	403	Иә.	Иә	linguistic	_	_	Begin=793.036|End=793.518
620-0	SPK3002	Continuing	620	404	Метерология	Метерология	linguistic	_	_	Begin=793.428
620-1	SPK3002	Continuing	620	404	такс,	такс	linguistic	_	_	End=795.324
621-0	SPK3002	Continuing	621	404	одан	одан	linguistic	_	_	Begin=795.324
621-1	SPK3002	Continuing	621	404	кейін	кейін	linguistic	_	_	_
621-2	SPK3002	Continuing	621	404	уже,	уже	linguistic	_	_	End=796.099
622-0	SPK3002	Falling	622	404	үші	үші	linguistic	_	_	Begin=796.099
622-1	SPK3002	Falling	622	404	кетеді.	кетеді	linguistic	_	_	End=797.031
623-0	SPK3002	Falling	623	405	Үші.	Үші	linguistic	_	_	Begin=798.236|End=799.102
624-0	SPK3002	Continuing	624	406	Потом	Потом	linguistic	_	_	Begin=799.941
624-1	SPK3002	Continuing	624	406	декабрьдің	декабрьдің	linguistic	_	_	_
624-2	SPK3002	Continuing	624	406	жетісі,	жетісі	linguistic	_	_	End=800.998
625-0	SPK3002	Rising	625	406	түк	түк	linguistic	_	_	Begin=801.011
625-1	SPK3002	Rising	625	406	те	те	linguistic	_	_	_
625-2	SPK3002	Rising	625	406	жоқ	жоқ	linguistic	_	_	_
625-3	SPK3002	Rising	625	406	емес	емес	linguistic	_	_	_
625-4	SPK3002	Rising	625	406	пе	пе	linguistic	_	_	_
625-5	SPK3002	Rising	625	406	еді	еді	linguistic	_	_	_
625-6	SPK3002	Rising	625	406	иә?	иә	linguistic	_	_	End=802.117
626-0	SPK3001	Falling	626	407	Мхм	Мхм	linguistic	_	_	Begin=801.879|End=802.264
627-0	SPK3002	Falling	627	408	Жеті.	Жеті	linguistic	_	_	Begin=802.429|End=802.952
628-0	SPK3002	Falling	628	408	Сегіз.	Сегіз	linguistic	_	_	Begin=802.952|End=803.606
629-0	SPK3002	Falling	629	409	Он.	Он	linguistic	_	_	Begin=803.845|End=804.625
630-0	SPK3002	Continuing	630	410	Одан	Одан	linguistic	_	_	Begin=805.45
630-1	SPK3002	Continuing	630	410	кейін,	кейін	linguistic	_	_	End=806.702
631-0	SPK3002	Continuing	631	411	он	он	linguistic	_	_	Begin=808.45
631-1	SPK3002	Continuing	631	411	төрт,	төрт	linguistic	_	_	End=808.876
632-0	SPK3002	Continuing	632	411	он	он	linguistic	_	_	Begin=808.876
632-1	SPK3002	Continuing	632	411	бес,	бес	linguistic	_	_	End=809.27
633-0	SPK3002	Falling	633	411	он	он	linguistic	_	_	Begin=809.275
633-1	SPK3002	Falling	633	411	жеті.	жеті	linguistic	_	_	End=809.865
634-0	SPK3002	Rising	634	412	Он	Он	linguistic	_	_	Begin=810.758
634-1	SPK3002	Rising	634	412	жетісі	жетісі	linguistic	_	_	_
634-2	SPK3002	Rising	634	412	демалыс	демалыс	linguistic	_	_	_
634-3	SPK3002	Rising	634	412	па?	па	linguistic	_	_	End=812.457
635-0	SPK3001	Continuing	635	413	Он:,	Он	linguistic	_	Prolongation=1	Begin=815.461|End=815.977
636-0	SPK3001	Falling	636	413	он	он	linguistic	_	_	Begin=816.065
636-1	SPK3001	Falling	636	413	бесі.	бесі	linguistic	_	_	End=817.445
637-0	SPK3002	Falling	637	414	##	##	unknown	_	_	Begin=817.705
637-1	SPK3002	Falling	637	414	сабақ	сабақ	linguistic	_	_	_
637-2	SPK3002	Falling	637	414	бар.	бар	linguistic	_	_	End=819.072
638-0	SPK3001	Falling	638	415	Он	Он	linguistic	_	_	Begin=817.782
638-1	SPK3001	Falling	638	415	бесі.	бесі	linguistic	_	_	End=818.654
639-0	SPK3002	Rising	639	416	М?	М	linguistic	_	_	Begin=820.868|End=821.342
640-0	SPK3002	Continuing	640	417	Он	Он	linguistic	_	_	Begin=822.539
640-1	SPK3002	Continuing	640	417	жеті,	жеті	linguistic	_	_	End=823.105
641-0	SPK3002	Continuing	641	418	он	он	linguistic	_	_	Begin=823.105
641-1	SPK3002	Continuing	641	418	жетісінің	жетісінің	linguistic	_	_	_
641-2	SPK3002	Continuing	641	418	орнына,	орнына	linguistic	_	_	End=823.917
642-0	SPK3002	Rising	642	418	мында	мында	linguistic	_	_	Begin=823.917
642-1	SPK3002	Rising	642	418	жиырмасын	жиырмасын	linguistic	_	_	_
642-2	SPK3002	Rising	642	418	жазып	жазып	linguistic	_	_	_
642-3	SPK3002	Rising	642	418	көрейін?	көрейін	linguistic	_	_	End=825.247
643-0	SPK3002	Falling	643	419	Он	Он	linguistic	_	_	Begin=825.492
643-1	SPK3002	Falling	643	419	жетісі.	жетісі	linguistic	_	_	End=826.478
644-0	SPK3001	Falling	644	420	Мхм.	Мхм	linguistic	_	_	Begin=826.962|End=827.862
645-0	SPK3002	Falling	645	421	Декабрь	Декабрь	linguistic	_	_	Begin=827.893
645-1	SPK3002	Falling	645	421	дей	дей	linguistic	_	_	_
645-2	SPK3002	Falling	645	421	салайын.	салайын	linguistic	_	_	End=829.312
646-0	SPK3001	Falling	646	422	Мхм.	Мхм	linguistic	_	_	Begin=831.646|End=832.52
647-0	SPK3001	Falling	647	423	Өй	Өй	linguistic	_	_	Begin=833.924
647-1	SPK3001	Falling	647	423	сонда	сонда	linguistic	_	_	_
647-2	SPK3001	Falling	647	423	бітіп	бітіп	linguistic	_	_	_
647-3	SPK3001	Falling	647	423	қойды	қойды	linguistic	_	_	_
647-4	SPK3001	Falling	647	423	ма	ма	linguistic	_	_	_
647-5	SPK3001	Falling	647	423	анау	анау	linguistic	_	_	_
647-6	SPK3001	Falling	647	423	не.	не	linguistic	_	_	End=835.488
648-0	SPK3001	Falling	648	424	Сабақ	Сабақ	linguistic	_	_	Begin=835.874
648-1	SPK3001	Falling	648	424	бітіп	бітіп	linguistic	_	_	_
648-2	SPK3001	Falling	648	424	қойды	қойды	linguistic	_	_	_
648-3	SPK3001	Falling	648	424	ма.	ма	linguistic	_	_	End=836.877
649-0	SPK3002	Falling	649	425	Жоқ	Жоқ	linguistic	_	_	Begin=836.658
649-1	SPK3002	Falling	649	425	мында	мында	linguistic	_	_	_
649-2	SPK3002	Falling	649	425	төрт	төрт	linguistic	_	_	_
649-3	SPK3002	Falling	649	425	сағат	сағат	linguistic	_	_	_
649-4	SPK3002	Falling	649	425	бар	бар	linguistic	_	_	_
649-5	SPK3002	Falling	649	425	екен	екен	linguistic	_	_	_
649-6	SPK3002	Falling	649	425	ғой	ғой	linguistic	_	_	_
649-7	SPK3002	Falling	649	425	еще.	еще	linguistic	_	_	End=839.231
650-0	SPK3001	Rising	650	426	Әлі	Әлі	linguistic	_	_	Begin=836.909
650-1	SPK3001	Rising	650	426	біткен	біткен	linguistic	_	_	_
650-2	SPK3001	Rising	650	426	жоқ	жоқ	linguistic	_	_	_
650-3	SPK3001	Rising	650	426	иә?	иә	linguistic	_	_	End=837.873
651-0	SPK3001	Falling	651	427	Мхм.	Мхм	linguistic	_	_	Begin=837.873|End=838.387
652-0	SPK3001	Falling	652	428	Мм.	Мм	linguistic	_	_	Begin=838.387|End=839.053
653-0	SPK3002	Falling	653	429	Жиырмасы.	Жиырмасы	linguistic	_	_	Begin=839.471|End=840.235
654-0	SPK3001	Falling	654	430	Ойбай	Ойбай	linguistic	_	_	Begin=840.797
654-1	SPK3001	Falling	654	430	бітпей	бітпей	linguistic	_	_	_
654-2	SPK3001	Falling	654	430	қалады	қалады	linguistic	_	_	_
654-3	SPK3001	Falling	654	430	ғой.	ғой	linguistic	_	_	End=842.396
655-0	SPK3001	Falling	655	431	Әгі	Әгі	linguistic	_	_	Begin=843.87
655-1	SPK3001	Falling	655	431	қайда.	қайда	linguistic	_	_	End=845.433
656-0	SPK3001	Falling	656	432	Ана	Ана	linguistic	_	_	Begin=845.638
656-1	SPK3001	Falling	656	432	азайтып	азайтып	linguistic	_	_	_
656-2	SPK3001	Falling	656	432	жібер.	жібер	linguistic	_	_	End=846.708
657-0	SPK3002	Falling	657	433	Жиырма	Жиырма	linguistic	_	_	Begin=846.317
657-1	SPK3002	Falling	657	433	бір.	бір	linguistic	_	_	End=847.509
658-0	SPK3001	Falling	658	_	##	##	unknown	_	_	Begin=846.708|End=847.264
659-0	SPK3002	Continuing	659	434	Мынаған,	Мынаған	linguistic	_	_	Begin=848.029|End=848.643
660-0	SPK3002	Continuing	660	435	жиырма	жиырма	linguistic	_	_	Begin=849.558
660-1	SPK3002	Continuing	660	435	екі,	екі	linguistic	_	_	End=850.642
661-0	SPK3002	Continuing	661	436	мынаған,	мынаған	linguistic	_	_	Begin=850.929|End=851.346
662-0	SPK3002	Continuing	662	437	жиырма,	жиырма	linguistic	_	_	Begin=851.346|End=851.652
663-0	SPK3002	Falling	663	437	төрт	төрт	linguistic	_	_	Begin=851.658
663-1	SPK3002	Falling	663	437	кетеді.	кетеді	linguistic	_	_	End=852.252
664-0	SPK3002	Falling	664	438	Сенде	Сенде	linguistic	_	_	Begin=852.568
664-1	SPK3002	Falling	664	438	аптасына	аптасына	linguistic	_	_	_
664-2	SPK3002	Falling	664	438	үш	үш	linguistic	_	_	_
664-3	SPK3002	Falling	664	438	сағат	сағат	linguistic	_	_	_
664-4	SPK3002	Falling	664	438	қой.	қой	linguistic	_	_	End=853.644
665-0	SPK3001	Falling	665	439	Иә.	Иә	linguistic	_	_	Begin=853.497|End=854.16
666-0	SPK3002	Continuing	666	440	Жиырма	Жиырма	linguistic	_	_	Begin=854.425
666-1	SPK3002	Continuing	666	440	сегіз,	сегіз	linguistic	_	_	End=854.961
667-0	SPK3002	Continuing	667	440	жиырма	жиырма	linguistic	_	_	Begin=854.961
667-1	SPK3002	Continuing	667	440	тоғыз,	тоғыз	linguistic	_	_	End=855.52
668-0	SPK3002	Falling	668	440	отыз	отыз	linguistic	_	_	Begin=855.52
668-1	SPK3002	Falling	668	440	бір.	бір	linguistic	_	_	End=856.057
669-0	SPK3002	Continuing	669	441	Жиырма,	Жиырма	linguistic	_	_	Begin=856.525|End=856.814
670-0	SPK3002	Falling	670	441	сегіз.	сегіз	linguistic	_	_	Begin=856.814|End=857.551
671-0	SPK3002	Continuing	671	442	Жиырма,	Жиырма	linguistic	_	_	Begin=858.443|End=858.902
672-0	SPK3002	Falling	672	442	тоғыз.	тоғыз	linguistic	_	_	Begin=858.902|End=859.499
673-0	SPK3001	Falling	673	443	Жиырма	Жиырма	linguistic	_	_	Begin=859.186
673-1	SPK3001	Falling	673	443	тоғызбен	тоғызбен	linguistic	_	_	_
673-2	SPK3001	Falling	673	443	бітеді.	бітеді	linguistic	_	_	End=860.599
674-0	SPK3002	Rising	674	444	Жиырма	Жиырма	linguistic	_	_	Begin=860.212
674-1	SPK3002	Rising	674	444	тоғызбен	тоғызбен	linguistic	_	_	_
674-2	SPK3002	Rising	674	444	бітеді	бітеді	linguistic	_	_	_
674-3	SPK3002	Rising	674	444	иә?	иә	linguistic	_	_	End=861.55
675-0	SPK3001	Falling	675	445	Мм	Мм	linguistic	_	_	Begin=861.423|End=861.776
676-0	SPK3002	Continuing	676	444	Онда,	Онда	linguistic	_	_	Begin=861.646|End=861.758
677-0	SPK3002	Falling	677	446	С:емь	Семь	linguistic	_	Prolongation=0	Begin=861.758
677-1	SPK3002	Falling	677	446	чудес	чудес	linguistic	_	_	_
677-2	SPK3002	Falling	677	446	дегенді	дегенді	linguistic	_	_	_
677-3	SPK3002	Falling	677	446	қоспая	қоспая	linguistic	_	_	_
677-4	SPK3002	Falling	677	446	қоямыз	қоямыз	linguistic	_	_	End=864.57
678-0	SPK3001	Continuing	678	447	Жоқ	Жоқ	linguistic	_	_	Begin=865.444
678-1	SPK3001	Continuing	678	447	эмм,	эмм	linguistic	_	_	End=865.934
679-0	SPK3001	Falling	679	448	былай	былай	linguistic	_	_	Begin=866.439
679-1	SPK3001	Falling	679	448	істесе	істесе	linguistic	_	_	_
679-2	SPK3001	Falling	679	448	қа-.	қа-	linguistic	_	Interrupted=Yes	End=867.449
680-0	SPK3001	Continuing	680	449	екі	екі	linguistic	_	_	Begin=868.03
680-1	SPK3001	Continuing	680	449	нені	нені	linguistic	_	_	End=869.024
681-0	SPK3001	Falling	681	449	бір	бір	linguistic	_	_	Begin=869.465
681-1	SPK3001	Falling	681	449	сағат	сағат	linguistic	_	_	_
681-2	SPK3001	Falling	681	449	қылса.	қылса	linguistic	_	_	End=870.447
682-0	SPK3001	Falling	682	450	Анау	Анау	linguistic	_	_	Begin=871.441
682-1	SPK3001	Falling	682	450	екеуін	екеуін	linguistic	_	_	_
682-2	SPK3001	Falling	682	450	бір	бір	linguistic	_	_	_
682-3	SPK3001	Falling	682	450	сағаттан	сағаттан	linguistic	_	_	_
682-4	SPK3001	Falling	682	450	қылса.	қылса	linguistic	_	_	End=873.291
683-0	SPK3002	Continuing	683	451	Жоқ	Жоқ	linguistic	_	_	Begin=872.546
683-1	SPK3002	Continuing	683	451	семь	семь	linguistic	_	_	_
683-2	SPK3002	Continuing	683	451	чудес	чудес	linguistic	_	_	_
683-3	SPK3002	Continuing	683	451	деген	деген	linguistic	_	_	_
683-4	SPK3002	Continuing	683	451	это	это	linguistic	_	_	_
683-5	SPK3002	Continuing	683	451	мынау,	мынау	linguistic	_	_	End=874.256
684-0	SPK3002	Falling	684	451	басқа	басқа	linguistic	_	_	Begin=874.256
684-1	SPK3002	Falling	684	451	емес	емес	linguistic	_	_	_
684-2	SPK3002	Falling	684	451	пе	пе	linguistic	_	_	_
684-3	SPK3002	Falling	684	451	деп	деп	linguistic	_	_	_
684-4	SPK3002	Falling	684	451	тұрмын	тұрмын	linguistic	_	_	_
684-5	SPK3002	Falling	684	451	да.	да	linguistic	_	_	End=875.98
685-0	SPK3002	Rising	685	452	Жоқ	Жоқ	linguistic	_	_	Begin=876.152
685-1	SPK3002	Rising	685	452	анау	анау	linguistic	_	_	_
685-2	SPK3002	Rising	685	452	ма?	ма	linguistic	_	_	End=877.38
686-0	SPK3001	Falling	686	453	А-	А-	linguistic	_	Interrupted=Yes	Begin=877.174
686-1	SPK3001	Falling	686	453	ана	ана	linguistic	_	_	_
686-2	SPK3001	Falling	686	453	жақтікі.	жақтікі	linguistic	_	_	End=878.296
687-0	SPK3002	Falling	687	454	Қазір	Қазір	linguistic	_	_	Begin=878.173
687-1	SPK3002	Falling	687	454	көремін.	көремін	linguistic	_	_	End=878.96
688-0	SPK3002	Falling	688	455	Такс.	Такс	linguistic	_	_	Begin=878.973|End=879.616
689-0	SPK3007	Falling	689	456	Таңертең	Таңертең	linguistic	_	_	Begin=880.952
689-1	SPK3007	Falling	689	456	нешеде	нешеде	linguistic	_	_	_
689-2	SPK3007	Falling	689	456	барамыз	барамыз	linguistic	_	_	_
689-3	SPK3007	Falling	689	456	¬Назым	Назым	linguistic	_	Anonymized=Yes	End=882.259
690-0	SPK3001	Falling	690	457	Жетіде.	Жетіде	linguistic	_	_	Begin=882.358|End=883.358
691-0	SPK3001	Falling	691	458	Аха.	Аха	linguistic	_	_	Begin=883.873|End=884.539
692-0	SPK3001	Falling	692	459	Можно	Можно	linguistic	_	_	Begin=884.623
692-1	SPK3001	Falling	692	459	ма.	ма	linguistic	_	_	End=885.205
693-0	SPK3001	Falling	693	460	Иә.	Иә	linguistic	_	_	Begin=885.511|End=885.964
694-0	SPK3007	Continuing	694	461	Конечно	Конечно	linguistic	_	_	Begin=885.549
694-1	SPK3007	Continuing	694	461	ей	ей	linguistic	_	_	_
694-2	SPK3007	Continuing	694	461	біз,	біз	linguistic	_	_	End=886.157
695-0	SPK3001	Falling	695	462	Жетіге	Жетіге	linguistic	_	_	Begin=886.141
695-1	SPK3001	Falling	695	462	апарып	апарып	linguistic	_	_	_
695-2	SPK3001	Falling	695	462	таста.	таста	linguistic	_	_	End=886.856
696-0	SPK3007	Falling	696	461	тура	тура	linguistic	_	_	Begin=886.157
696-1	SPK3007	Falling	696	461	алтыда	алтыда	linguistic	_	_	_
696-2	SPK3007	Falling	696	461	тұрамыз	тұрамыз	linguistic	_	_	_
696-3	SPK3007	Falling	696	461	уже.	уже	linguistic	_	_	End=887.538
697-0	SPK3001	Falling	697	463	Иә.	Иә	linguistic	_	_	Begin=886.929|End=887.34
698-0	SPK3001	Falling	698	464	Жетіде	Жетіде	linguistic	_	_	Begin=887.34
698-1	SPK3001	Falling	698	464	апарып	апарып	linguistic	_	_	_
698-2	SPK3001	Falling	698	464	тастасың	тастасың	linguistic	_	_	_
698-3	SPK3001	Falling	698	464	болды.	болды	linguistic	_	_	End=888.476
699-0	SPK3007	Falling	699	465	Алты	Алты	linguistic	_	_	Begin=887.538
699-1	SPK3007	Falling	699	465	жарымда	жарымда	linguistic	_	_	_
699-2	SPK3007	Falling	699	465	тұрып	тұрып	linguistic	_	_	_
699-3	SPK3007	Falling	699	465	қоямыз	қоямыз	linguistic	_	_	_
699-4	SPK3007	Falling	699	465	уже	уже	linguistic	_	_	End=889.238
700-0	SPK3001	Falling	700	466	Аха.	Аха	linguistic	_	_	Begin=888.476|End=889.093
701-0	SPK3001	Continuing	701	467	Жетіде	Жетіде	linguistic	_	_	Begin=889.84
701-1	SPK3001	Continuing	701	467	сол	сол	linguistic	_	_	_
701-2	SPK3001	Continuing	701	467	жерде	жерде	linguistic	_	_	_
701-3	SPK3001	Continuing	701	467	тастап	тастап	linguistic	_	_	_
701-4	SPK3001	Continuing	701	467	кетсең,	кетсең	linguistic	_	_	End=891.046
702-0	SPK3001	Continuing	702	467	болды	болды	linguistic	_	_	Begin=891.046
702-1	SPK3001	Continuing	702	467	ары	ары	linguistic	_	_	_
702-2	SPK3001	Continuing	702	467	қарай,	қарай	linguistic	_	_	End=891.842
703-0	SPK3001	Falling	703	467	шығып	шығып	linguistic	_	_	Begin=891.842
703-1	SPK3001	Falling	703	467	алсам	алсам	linguistic	_	_	_
703-2	SPK3001	Falling	703	467	таксиға	таксиға	linguistic	_	_	_
703-3	SPK3001	Falling	703	467	отырып	отырып	linguistic	_	_	_
703-4	SPK3001	Falling	703	467	қайта	қайта	linguistic	_	_	_
703-5	SPK3001	Falling	703	467	беремін.	беремін	linguistic	_	_	End=893.755
704-0	SPK3007	Falling	704	468	Қайда	Қайда	linguistic	_	_	Begin=893.773
704-1	SPK3007	Falling	704	468	шығып	шығып	linguistic	_	_	_
704-2	SPK3007	Falling	704	468	аласың.	аласың	linguistic	_	_	End=894.828
705-0	SPK3001	Continuing	705	469	Ана	Ана	linguistic	_	_	Begin=894.659
705-1	SPK3001	Continuing	705	469	больницадан	больницадан	linguistic	_	_	_
705-2	SPK3001	Continuing	705	469	шыққаннан	шыққаннан	linguistic	_	_	_
705-3	SPK3001	Continuing	705	469	кейін,	кейін	linguistic	_	_	End=896.035
706-0	SPK3001	Falling	706	469	қайта	қайта	linguistic	_	_	Begin=896.035
706-1	SPK3001	Falling	706	469	беремін	беремін	linguistic	_	_	_
706-2	SPK3001	Falling	706	469	үйге.	үйге	linguistic	_	_	End=896.898
707-0	SPK3007	Continuing	707	470	Жо:қ	Жоқ	linguistic	_	Prolongation=1	Begin=898.733
707-1	SPK3007	Continuing	707	470	енді,	енді	linguistic	_	_	End=899.273
708-0	SPK3001	Falling	708	471	Иә.	Иә	linguistic	_	_	Begin=899.231|End=899.869
709-0	SPK3007	Falling	709	472	о:й	ой	linguistic	_	Prolongation=0	Begin=899.282
709-1	SPK3007	Falling	709	472	сен	сен	linguistic	_	_	_
709-2	SPK3007	Falling	709	472	кіріп	кіріп	linguistic	_	_	_
709-3	SPK3007	Falling	709	472	шыққанша	шыққанша	linguistic	_	_	_
709-4	SPK3007	Falling	709	472	қазір	қазір	linguistic	_	_	_
709-5	SPK3007	Falling	709	472	түс	түс	linguistic	_	_	_
709-6	SPK3007	Falling	709	472	болмай	болмай	linguistic	_	_	_
709-7	SPK3007	Falling	709	472	ма	ма	linguistic	_	_	_
709-8	SPK3007	Falling	709	472	ей.	ей	linguistic	_	_	End=902.36
710-0	SPK3001	undefined	710	_	@@	@@	linguistic	_	_	Begin=901.293|End=902.017
711-0	SPK3001	Falling	711	473	А	А	linguistic	_	_	Begin=902.093
711-1	SPK3001	Falling	711	473	нет.	нет	linguistic	_	_	End=902.816
712-0	SPK3001	Falling	712	474	Живая	Живая	linguistic	_	_	Begin=903.315
712-1	SPK3001	Falling	712	474	очередь	очередь	linguistic	_	_	_
712-2	SPK3001	Falling	712	474	екен.	екен	linguistic	_	_	End=904.661
713-0	SPK3001	Falling	713	475	Әгі	Әгі	linguistic	_	_	Begin=904.873
713-1	SPK3001	Falling	713	475	сол	сол	linguistic	_	_	_
713-2	SPK3001	Falling	713	475	үшін	үшін	linguistic	_	_	_
713-3	SPK3001	Falling	713	475	ерте	ерте	linguistic	_	_	_
713-4	SPK3001	Falling	713	475	барғалы	барғалы	linguistic	_	_	_
713-5	SPK3001	Falling	713	475	тұрмын.	тұрмын	linguistic	_	_	End=906.455
714-0	SPK3001	Continuing	714	476	Мен	Мен	linguistic	_	_	Begin=906.46
714-1	SPK3001	Continuing	714	476	ана,	ана	linguistic	_	_	End=907.051
715-0	SPK3001	Continuing	715	476	эмм	эмм	linguistic	_	_	Begin=907.313
715-1	SPK3001	Continuing	715	476	ішіне	ішіне	linguistic	_	_	_
715-2	SPK3001	Continuing	715	476	кіргеннен	кіргеннен	linguistic	_	_	_
715-3	SPK3001	Continuing	715	476	кейін	кейін	linguistic	_	_	_
715-4	SPK3001	Continuing	715	476	ғана,	ғана	linguistic	_	_	End=909.129
716-0	SPK3007	Falling	716	477	Ана	Ана	linguistic	_	_	Begin=908.667
716-1	SPK3007	Falling	716	477	неге	неге	linguistic	_	_	_
716-2	SPK3007	Falling	716	477	баруымыз	баруымыз	linguistic	_	_	_
716-3	SPK3007	Falling	716	477	керек	керек	linguistic	_	_	_
716-4	SPK3007	Falling	716	477	бірінші.	бірінші	linguistic	_	_	End=910.663
717-0	SPK3001	Interrupted	717	478	а—	а—	linguistic	_	Interrupted=Yes	Begin=909.182|End=909.744
718-0	SPK3007	Continuing	718	479	Регистратураға	Регистратураға	linguistic	_	_	Begin=910.882
718-1	SPK3007	Continuing	718	479	барып,	барып	linguistic	_	_	End=912.523
719-0	SPK3001	Continuing	719	480	Иә,	Иә	linguistic	_	_	Begin=911.584|End=912.05
720-0	SPK3001	Falling	720	480	регистратураға.	регистратураға	linguistic	_	_	Begin=912.05|End=912.941
721-0	SPK3007	Falling	721	479	ана-мынау	ана-мынау	linguistic	_	_	Begin=912.523
721-1	SPK3007	Falling	721	479	##	##	unknown	_	_	End=913.7
722-0	SPK3001	Falling	722	481	Иә.	Иә	linguistic	_	_	Begin=912.988|End=913.469
723-0	SPK3001	Falling	723	482	Э	Э	linguistic	_	_	Begin=913.631
723-1	SPK3001	Falling	723	482	иә	иә	linguistic	_	_	_
723-2	SPK3001	Falling	723	482	направлением	направлением	linguistic	_	_	_
723-3	SPK3001	Falling	723	482	мен	мен	linguistic	_	_	_
723-4	SPK3001	Falling	723	482	паспортым	паспортым	linguistic	_	_	_
723-5	SPK3001	Falling	723	482	керек	керек	linguistic	_	_	End=915.705
724-0	SPK3007	Falling	724	483	Еее.	Еее	linguistic	_	_	Begin=915.786|End=916.41
725-0	SPK3001	Falling	725	484	Аха.	Аха	linguistic	_	_	Begin=915.896|End=916.307
726-0	SPK3007	Falling	726	485	Жарайды	Жарайды	linguistic	_	_	Begin=916.503
726-1	SPK3007	Falling	726	485	таңертең	таңертең	linguistic	_	_	_
726-2	SPK3007	Falling	726	485	көреміз.	көреміз	linguistic	_	_	End=918.014
727-0	SPK3001	Falling	727	486	Мхм.	Мхм	linguistic	_	_	Begin=916.851|End=917.275
728-0	SPK3001	Falling	728	487	Мхм.	Мхм	linguistic	_	_	Begin=917.275|End=917.703
729-0	SPK3001	Falling	729	488	Жақсы.	Жақсы	linguistic	_	_	Begin=917.757|End=918.407
730-0	SPK3001	Falling	730	489	Келді	Келді	linguistic	_	_	Begin=923.753
730-1	SPK3001	Falling	730	489	ме.	ме	linguistic	_	_	End=924.851
731-0	SPK3002	Falling	731	490	Немене.	Немене	linguistic	_	_	Begin=925.119|End=925.913
732-0	SPK3001	Falling	732	491	Қысқарта	Қысқарта	linguistic	_	_	Begin=925.708
732-1	SPK3001	Falling	732	491	саласың.	саласың	linguistic	_	_	End=926.644
733-0	SPK3001	Continuing	733	491	Бір-екі	Бір-екі	linguistic	_	_	Begin=926.644
733-1	SPK3001	Continuing	733	491	сағат,	сағат	linguistic	_	_	End=927.173
734-0	SPK3001	Falling	734	491	бір	бір	linguistic	_	_	Begin=927.173
734-1	SPK3001	Falling	734	491	сағат	сағат	linguistic	_	_	_
734-2	SPK3001	Falling	734	491	қылып.	қылып	linguistic	_	_	End=928.161
735-0	SPK3001	Rising	735	491	Иә?	Иә	linguistic	_	_	Begin=928.27|End=928.664
736-0	SPK3002	Falling	736	492	Қазір	Қазір	linguistic	_	_	Begin=928.346
736-1	SPK3002	Falling	736	492	тұра	тұра	linguistic	_	_	_
736-2	SPK3002	Falling	736	492	тұр.	тұр	linguistic	_	_	End=929.13
737-0	SPK3002	Falling	737	492	Көремін.	Көремін	linguistic	_	_	Begin=929.13|End=929.516
738-0	SPK3035	Falling	738	494	О:й	Ой	linguistic	_	Prolongation=0	Begin=964.89|End=965.384
739-0	SPK3001	undefined	739	_	@@@@@@	@@@@@@	linguistic	_	_	Begin=965.099|End=966.845
740-0	SPK3035	Falling	740	495	Все.	Все	linguistic	_	_	Begin=966.344|End=967.054
741-0	SPK3035	Falling	741	496	Мен	Мен	linguistic	_	_	Begin=967.054
741-1	SPK3035	Falling	741	496	сабақ	сабақ	linguistic	_	_	_
741-2	SPK3035	Falling	741	496	қараймын.	қараймын	linguistic	_	_	End=968.6
742-0	SPK3001	Falling	742	497	Қарай	Қарай	linguistic	_	_	Begin=968.571
742-1	SPK3001	Falling	742	497	ғой.	ғой	linguistic	_	_	End=969.248
743-0	SPK3001	Falling	743	498	Қара.	Қара	linguistic	_	_	Begin=969.248|End=969.898
744-0	SPK3035	Falling	744	499	Опять	Опять	linguistic	_	_	Begin=973.155
744-1	SPK3035	Falling	744	499	Ақыл	Ақыл	linguistic	_	_	_
744-2	SPK3035	Falling	744	499	видео	видео	linguistic	_	_	_
744-3	SPK3035	Falling	744	499	қосып	қосып	linguistic	_	_	_
744-4	SPK3035	Falling	744	499	кеткен	кеткен	linguistic	_	_	_
744-5	SPK3035	Falling	744	499	бе.	бе	linguistic	_	_	End=975.753
745-0	SPK3001	Falling	745	500	Мхм.	Мхм	linguistic	_	_	Begin=975.151|End=976.009
746-0	SPK3001	Falling	746	501	Қосып	Қосып	linguistic	_	_	Begin=976.122
746-1	SPK3001	Falling	746	501	кетті.	кетті	linguistic	_	_	End=977.117
747-0	SPK3001	Falling	747	502	Бізге.	Бізге	linguistic	_	_	Begin=977.117|End=978.581
748-0	SPK3001	undefined	748	_	(H)	(H)	inhale	_	_	Begin=978.731|End=979.15
749-0	SPK3001	undefined	749	_	(Hx)	(Hx)	exhale	_	_	Begin=979.15|End=980.381
750-0	SPK3001	Falling	750	503	соны	соны	linguistic	_	_	Begin=980.381
750-1	SPK3001	Falling	750	503	көрейік.	көрейік	linguistic	_	_	End=981.851
751-0	SPK3002	Rising	751	504	Оба	Оба	linguistic	_	_	Begin=982.383
751-1	SPK3002	Rising	751	504	или	или	linguistic	_	_	_
751-2	SPK3002	Rising	751	504	обе?	обе	linguistic	_	_	End=983.709
752-0	SPK3001	Continuing	752	505	Оба	Оба	linguistic	_	_	Begin=983.746
752-1	SPK3001	Continuing	752	505	или	или	linguistic	_	_	_
752-2	SPK3001	Continuing	752	505	обе,	обе	linguistic	_	_	End=984.692
753-0	SPK3001	Continuing	753	505	иә,	иә	linguistic	_	_	Begin=984.692|End=984.878
754-0	SPK3001	Falling	754	506	это	это	linguistic	_	_	Begin=984.878
754-1	SPK3001	Falling	754	506	тема.	тема	linguistic	_	_	End=985.731
755-0	SPK3001	Falling	755	507	Мужской	Мужской	linguistic	_	_	Begin=986.344
755-1	SPK3001	Falling	755	507	и	и	linguistic	_	_	_
755-2	SPK3001	Falling	755	507	женский	женский	linguistic	_	_	_
755-3	SPK3001	Falling	755	507	родтікі.	родтікі	linguistic	_	_	End=988.979
756-0	SPK3001	Continuing	756	508	Оба,	Оба	linguistic	_	_	Begin=989.064|End=989.68
757-0	SPK3001	Continuing	757	508	обе,	обе	linguistic	_	_	Begin=989.68|End=990.117
758-0	SPK3035	Falling	758	509	(H)	(H)	inhale	_	_	Begin=989.774
758-1	SPK3035	Falling	758	509	А	А	linguistic	_	_	_
758-2	SPK3035	Falling	758	509	вы	вы	linguistic	_	_	_
758-3	SPK3035	Falling	758	509	по	по	linguistic	_	_	_
758-4	SPK3035	Falling	758	509	русскому	русскому	linguistic	_	_	_
758-5	SPK3035	Falling	758	509	языку	языку	linguistic	_	_	_
758-6	SPK3035	Falling	758	509	преподаете.	преподаете	linguistic	_	_	End=992.732
759-0	SPK3001	Falling	759	508	женского	женского	linguistic	_	_	Begin=990.117
759-1	SPK3001	Falling	759	508	рода.	рода	linguistic	_	_	End=991.216
760-0	SPK3001	Falling	760	510	Да.	Да	linguistic	_	_	Begin=992.477|End=992.887
761-0	SPK3035	Falling	761	511	Я	Я	linguistic	_	_	Begin=993.566
761-1	SPK3035	Falling	761	511	думала	думала	linguistic	_	_	_
761-2	SPK3035	Falling	761	511	по	по	linguistic	_	_	_
761-3	SPK3035	Falling	761	511	химии.	химии	linguistic	_	_	End=995.337
762-0	SPK3001	Falling	762	512	Не:.	Не	linguistic	_	Prolongation=1	Begin=994.926|End=996.102
763-0	SPK3002	undefined	763	_	@@@@@@	@@@@@@	linguistic	_	_	Begin=995.965|End=997.611
764-0	SPK3001	Falling	764	513	Папа	Папа	linguistic	_	_	Begin=996.481
764-1	SPK3001	Falling	764	513	зовет.	зовет	linguistic	_	_	End=998.225
765-0	SPK3001	Falling	765	514	Беги.	Беги	linguistic	_	_	Begin=998.473|End=999.291
766-0	SPK3001	Falling	766	515	Химия	Химия	linguistic	_	_	Begin=1008.608
766-1	SPK3001	Falling	766	515	дей	дей	linguistic	_	_	_
766-2	SPK3001	Falling	766	515	ме.	ме	linguistic	_	_	End=1010.053
767-0	SPK3001	undefined	767	_	@@@@	@@@@	linguistic	_	_	Begin=1010.053|End=1011.374
768-0	SPK3001	undefined	768	_	###	###	unknown	_	_	Begin=1011.79
768-1	SPK3001	undefined	768	_	@@@@	@@@@	linguistic	_	_	End=1015.127
769-0	SPK3002	Falling	769	516	Ты	Ты	linguistic	_	_	Begin=1012.752
769-1	SPK3002	Falling	769	516	и	и	linguistic	_	_	_
769-2	SPK3002	Falling	769	516	химия.	химия	linguistic	_	_	End=1014.536
770-0	SPK3001	Continuing	770	517	Сабағың,	Сабағың	linguistic	_	_	Begin=1059.617|End=1060.322
771-0	SPK3001	Falling	771	517	сегізде	сегізде	linguistic	_	_	Begin=1060.322
771-1	SPK3001	Falling	771	517	ме.	ме	linguistic	_	_	End=1061.14
772-0	SPK3002	Falling	772	518	Мхм.	Мхм	linguistic	_	_	Begin=1061.436|End=1062.48
773-0	SPK3001	Rising	773	519	Мен	Мен	linguistic	_	_	Begin=1063.748
773-1	SPK3001	Rising	773	519	кіріп	кіріп	linguistic	_	_	_
773-2	SPK3001	Rising	773	519	шыққанша	шыққанша	linguistic	_	_	_
773-3	SPK3001	Rising	773	519	сабағыңа	сабағыңа	linguistic	_	_	_
773-4	SPK3001	Rising	773	519	кіре	кіре	linguistic	_	_	_
773-5	SPK3001	Rising	773	519	бересің	бересің	linguistic	_	_	_
773-6	SPK3001	Rising	773	519	сен	сен	linguistic	_	_	_
773-7	SPK3001	Rising	773	519	иә	иә	linguistic	_	_	End=1066.341
774-0	SPK3001	Falling	774	520	Зуммен	Зуммен	linguistic	_	_	Begin=1066.341
774-1	SPK3001	Falling	774	520	емес	емес	linguistic	_	_	_
774-2	SPK3001	Falling	774	520	пе.	пе	linguistic	_	_	End=1067.526
775-0	SPK3002	Falling	775	521	Мхм.	Мхм	linguistic	_	_	Begin=1067.294|End=1067.717
776-0	SPK3002	Falling	776	522	Сегізден	Сегізден	linguistic	_	_	Begin=1067.717
776-1	SPK3002	Falling	776	522	сегіз	сегіз	linguistic	_	_	_
776-2	SPK3002	Falling	776	522	елуге	елуге	linguistic	_	_	_
776-3	SPK3002	Falling	776	522	дейін.	дейін	linguistic	_	_	End=1069.645
777-0	SPK3001	undefined	777	_	INTESTINAL_SOUNDS	INTESTINAL_SOUNDS	linguistic	_	_	Begin=1105.42|End=1106.247
778-0	SPK3001	Falling	778	523	Сен	Сен	linguistic	_	_	Begin=1110.586
778-1	SPK3001	Falling	778	523	нешеде	нешеде	linguistic	_	_	_
778-2	SPK3001	Falling	778	523	баруың	баруың	linguistic	_	_	_
778-3	SPK3001	Falling	778	523	керек.	керек	linguistic	_	_	End=1111.765
779-0	SPK3035	Falling	779	524	Мен	Мен	linguistic	_	_	Begin=1111.943
779-1	SPK3035	Falling	779	524	қазір	қазір	linguistic	_	_	_
779-2	SPK3035	Falling	779	524	қараймын.	қараймын	linguistic	_	_	End=1113.377
780-0	SPK3001	Falling	780	525	Аха.	Аха	linguistic	_	_	Begin=1112.874|End=1113.659
781-0	SPK3001	Rising	781	526	Сабағыңды	Сабағыңды	linguistic	_	_	Begin=1113.659
781-1	SPK3001	Rising	781	526	қарашы?	қарашы	linguistic	_	_	End=1114.257
782-0	SPK3001	Falling	782	526	Содан	Содан	linguistic	_	_	Begin=1114.257
782-1	SPK3001	Falling	782	526	кейін.	кейін	linguistic	_	_	End=1115.144
783-0	SPK3001	Falling	783	527	Во	Во	linguistic	_	_	Begin=1118.895
783-1	SPK3001	Falling	783	527	сколько	сколько	linguistic	_	_	_
783-2	SPK3001	Falling	783	527	ты	ты	linguistic	_	_	_
783-3	SPK3001	Falling	783	527	должна.	должна	linguistic	_	_	End=1120.282
784-0	SPK3035	Falling	784	528	Ммм.	Ммм	linguistic	_	_	Begin=1121.402|End=1122.812
785-0	SPK3035	Falling	785	_	###	###	unknown	_	_	Begin=1123.38|End=1125.233
786-0	SPK3035	Falling	786	_	########	########	unknown	_	_	Begin=1125.343|End=1127.853
787-0	SPK3035	Continuing	787	529	А	А	linguistic	_	_	Begin=1129.748
787-1	SPK3035	Continuing	787	529	завтра	завтра	linguistic	_	_	_
787-2	SPK3035	Continuing	787	529	в,	в	linguistic	_	_	End=1131.4
788-0	SPK3035	Falling	788	529	девять.	девять	linguistic	_	_	Begin=1131.499|End=1132.793
789-0	SPK3001	Falling	789	530	В	В	linguistic	_	_	Begin=1132.32
789-1	SPK3001	Falling	789	530	девять	девять	linguistic	_	_	_
789-2	SPK3001	Falling	789	530	да.	да	linguistic	_	_	End=1133.302
790-0	SPK3001	Falling	790	531	Скажи	Скажи	linguistic	_	_	Begin=1133.483
790-1	SPK3001	Falling	790	531	отцу.	отцу	linguistic	_	_	End=1134.793
791-0	SPK3035	Falling	791	532	Да.	Да	linguistic	_	_	Begin=1133.65|End=1134.41
792-0	SPK3001	Rising	792	533	Неге	Неге	linguistic	_	_	Begin=1147.817
792-1	SPK3001	Rising	792	533	####	####	unknown	_	_	_
792-2	SPK3001	Rising	792	533	дейді?	дейді	linguistic	_	_	End=1149.885
793-0	SPK3002	Falling	793	534	За	За	linguistic	_	_	Begin=1150.134
793-1	SPK3002	Falling	793	534	счет	счет	linguistic	_	_	_
793-2	SPK3002	Falling	793	534	первого.	первого	linguistic	_	_	End=1151.264
794-0	SPK3001	Falling	794	535	Ааа.	Ааа	linguistic	_	_	Begin=1151.401|End=1151.891
795-0	SPK3001	Falling	795	536	Сөйтіп	Сөйтіп	linguistic	_	_	Begin=1152.005
795-1	SPK3001	Falling	795	536	жаза	жаза	linguistic	_	_	_
795-2	SPK3001	Falling	795	536	ма.	ма	linguistic	_	_	End=1153.221
796-0	SPK3002	Continuing	796	537	Енді,	Енді	linguistic	_	_	Begin=1153.309|End=1153.746
797-0	SPK3002	Falling	797	537	солай	солай	linguistic	_	_	Begin=1153.746
797-1	SPK3002	Falling	797	537	жаздырады	жаздырады	linguistic	_	_	_
797-2	SPK3002	Falling	797	537	емес	емес	linguistic	_	_	_
797-3	SPK3002	Falling	797	537	пе	пе	linguistic	_	_	_
797-4	SPK3002	Falling	797	537	еді.	еді	linguistic	_	_	End=1154.948
798-0	SPK3002	Falling	798	538	Мен	Мен	linguistic	_	_	Begin=1155.274
798-1	SPK3002	Falling	798	538	сразу	сразу	linguistic	_	_	_
798-2	SPK3002	Falling	798	538	жаза	жаза	linguistic	_	_	_
798-3	SPK3002	Falling	798	538	салайын	салайын	linguistic	_	_	_
798-4	SPK3002	Falling	798	538	деп	деп	linguistic	_	_	_
798-5	SPK3002	Falling	798	538	тұрмын.	тұрмын	linguistic	_	_	End=1156.436
799-0	SPK3001	Falling	799	539	Еее.	Еее	linguistic	_	_	Begin=1155.826|End=1156.176
800-0	SPK3001	Falling	800	539	А.	А	linguistic	_	_	Begin=1156.176|End=1156.514
801-0	SPK3002	Continuing	801	541	Ноль	Ноль	linguistic	_	_	Begin=1156.501
801-1	SPK3002	Continuing	801	541	бір,	бір	linguistic	_	_	End=1157.172
802-0	SPK3002	Continuing	802	541	он	он	linguistic	_	_	Begin=1157.191
802-1	SPK3002	Continuing	802	541	екі,	екі	linguistic	_	_	End=1157.788
803-0	SPK3002	Continuing	803	541	жиырма,	жиырма	linguistic	_	_	Begin=1157.863|End=1158.154
804-0	SPK3002	Falling	804	541	жиырма	жиырма	linguistic	_	_	Begin=1158.154
804-1	SPK3002	Falling	804	541	бір.	бір	linguistic	_	_	End=1159.053
805-0	SPK3035	Falling	805	542	Ой.	Ой	linguistic	_	_	Begin=1161.262
805-1	SPK3035	Falling	805	542	(Hx)	(Hx)	exhale	_	_	End=1162.373
806-0	SPK3035	Falling	806	543	Извиняюсь.	Извиняюсь	linguistic	_	_	Begin=1162.457|End=1164.222
807-0	SPK3002	undefined	807	_	@	@	linguistic	_	_	Begin=1163.472
807-1	SPK3002	undefined	807	_	(Hx)	(Hx)	exhale	_	_	_
807-2	SPK3002	undefined	807	_	@@	@@	linguistic	_	_	End=1165.154
808-0	SPK3001	undefined	808	_	@@@	@@@	linguistic	_	_	Begin=1164.459|End=1165.373
809-0	SPK3002	Falling	809	_	######	######	unknown	_	_	Begin=1166.138|End=1168.441
810-0	SPK3001	Rising	810	544	Орыс	Орыс	linguistic	_	_	Begin=1168.136
810-1	SPK3001	Rising	810	544	тілің	тілің	linguistic	_	_	_
810-2	SPK3001	Rising	810	544	қандай?	қандай	linguistic	_	_	End=1169.444
811-0	SPK3035	Falling	811	545	Орыс	Орыс	linguistic	_	_	Begin=1169.736
811-1	SPK3035	Falling	811	545	тілі	тілі	linguistic	_	_	_
811-2	SPK3035	Falling	811	545	кітап	кітап	linguistic	_	_	_
811-3	SPK3035	Falling	811	545	жоқ.	жоқ	linguistic	_	_	End=1171.143
812-0	SPK3035	Falling	812	546	Кітап	Кітап	linguistic	_	_	Begin=1171.2
812-1	SPK3035	Falling	812	546	бермейді.	бермейді	linguistic	_	_	End=1172.445
813-0	SPK3001	Falling	813	547	Бермей	Бермей	linguistic	_	_	Begin=1171.889
813-1	SPK3001	Falling	813	547	ме	ме	linguistic	_	_	End=1172.883
814-0	SPK3035	Falling	814	548	Қазақ	Қазақ	linguistic	_	_	Begin=1172.501
814-1	SPK3035	Falling	814	548	тілінен	тілінен	linguistic	_	_	_
814-2	SPK3035	Falling	814	548	тоже	тоже	linguistic	_	_	_
814-3	SPK3035	Falling	814	548	бермейді.	бермейді	linguistic	_	_	End=1174.68
815-0	SPK3001	Falling	815	549	Аа.	Аа	linguistic	_	_	Begin=1172.98|End=1173.702
816-0	SPK3001	Falling	816	550	Ммм.	Ммм	linguistic	_	_	Begin=1174.463|End=1175.563
817-0	SPK3035	Continuing	817	551	Ағылшыннан,	Ағылшыннан	linguistic	_	_	Begin=1174.686|End=1175.355
818-0	SPK3035	Falling	818	551	тоже	тоже	linguistic	_	_	Begin=1175.441
818-1	SPK3035	Falling	818	551	бермейді.	бермейді	linguistic	_	_	End=1176.444
819-0	SPK3035	Continuing	819	552	Оны,	Оны	linguistic	_	_	Begin=1176.545|End=1177.215
820-0	SPK3035	Continuing	820	552	специальный,	специальный	linguistic	_	_	Begin=1177.215|End=1178.161
821-0	SPK3035	Continuing	821	552	листочектар	листочектар	linguistic	_	_	Begin=1178.182
821-1	SPK3035	Continuing	821	552	презентациямен,	презентациямен	linguistic	_	_	End=1179.795
822-0	SPK3035	Continuing	822	553	солар	солар	linguistic	_	_	Begin=1179.795
822-1	SPK3035	Continuing	822	553	даже,	даже	linguistic	_	_	End=1180.645
823-0	SPK3001	Falling	823	554	(TSK)	(TSK)	click	_	_	Begin=1179.945
823-1	SPK3001	Falling	823	554	ааа.	ааа	linguistic	_	_	End=1181.538
824-0	SPK3035	Falling	824	553	лучше	лучше	linguistic	_	_	Begin=1180.645
824-1	SPK3035	Falling	824	553	знаете.	знаете	linguistic	_	_	End=1182.057
825-0	SPK3001	Falling	825	555	Да.	Да	linguistic	_	_	Begin=1181.599|End=1182.198
826-0	SPK3035	Falling	826	556	Аа	Аа	linguistic	_	_	Begin=1182.31|End=1183.05
827-0	SPK3001	Falling	827	557	Ааа.	Ааа	linguistic	_	_	Begin=1182.345|End=1183.362
828-0	SPK3001	Rising	828	558	Сендердікі	Сендердікі	linguistic	_	_	Begin=1184.676
828-1	SPK3001	Rising	828	558	басқа	басқа	linguistic	_	_	_
828-2	SPK3001	Rising	828	558	программа	программа	linguistic	_	_	_
828-3	SPK3001	Rising	828	558	да?	да	linguistic	_	_	End=1186.174
829-0	SPK3035	Falling	829	559	Он-ақ	Он-ақ	linguistic	_	_	Begin=1184.895
829-1	SPK3035	Falling	829	559	кітап.	кітап	linguistic	_	_	End=1185.588
830-0	SPK3035	Falling	830	560	О-	О-	linguistic	_	Interrupted=Yes	Begin=1185.69
830-1	SPK3035	Falling	830	560	о-	о-	linguistic	_	Interrupted=Yes	_
830-2	SPK3035	Falling	830	560	он-ақ	он-ақ	linguistic	_	_	_
830-3	SPK3035	Falling	830	560	сабақ.	сабақ	linguistic	_	_	End=1187.217
831-0	SPK3001	Falling	831	561	Аа.	Аа	linguistic	_	_	Begin=1187.463|End=1188.547
832-0	SPK3035	Falling	832	562	А	А	linguistic	_	_	Begin=1187.47
832-1	SPK3035	Falling	832	562	нет	нет	linguistic	_	_	_
832-2	SPK3035	Falling	832	562	он	он	linguistic	_	_	_
832-3	SPK3035	Falling	832	562	кітап	кітап	linguistic	_	_	_
832-4	SPK3035	Falling	832	562	именно.	именно	linguistic	_	_	End=1188.876
833-0	SPK3001	Falling	833	563	Мхм.	Мхм	linguistic	_	_	Begin=1188.654|End=1189.445
834-0	SPK3035	Falling	834	564	Вот.	Вот	linguistic	_	_	Begin=1189.601|End=1190.332
835-0	SPK3001	Falling	835	565	Сколько	Сколько	linguistic	_	_	Begin=1191.918
835-1	SPK3001	Falling	835	565	у	у	linguistic	_	_	_
835-2	SPK3001	Falling	835	565	вас	вас	linguistic	_	_	_
835-3	SPK3001	Falling	835	565	учеников	учеников	linguistic	_	_	_
835-4	SPK3001	Falling	835	565	в	в	linguistic	_	_	_
835-5	SPK3001	Falling	835	565	классе.	классе	linguistic	_	_	End=1194.233
836-0	SPK3035	Falling	836	566	Жиырма	Жиырма	linguistic	_	_	Begin=1194.61
836-1	SPK3035	Falling	836	566	бес.	бес	linguistic	_	_	End=1195.672
837-0	SPK3001	Interrupted	837	567	Ммм	Ммм	linguistic	_	_	Begin=1195.48
837-1	SPK3001	Interrupted	837	567	мальчик—	мальчик—	linguistic	_	Interrupted=Yes	End=1196.198
838-0	SPK3001	Continuing	838	567	эмм	эмм	linguistic	_	_	Begin=1196.198
838-1	SPK3001	Continuing	838	567	мальчиков	мальчиков	linguistic	_	_	_
838-2	SPK3001	Continuing	838	567	много,	много	linguistic	_	_	End=1197.334
839-0	SPK3001	Falling	839	567	или	или	linguistic	_	_	Begin=1197.334
839-1	SPK3001	Falling	839	567	девочек	девочек	linguistic	_	_	_
839-2	SPK3001	Falling	839	567	много.	много	linguistic	_	_	End=1198.316
840-0	SPK3035	Continuing	840	568	Он	Он	linguistic	_	_	Begin=1198.64
840-1	SPK3035	Continuing	840	568	үш,	үш	linguistic	_	_	End=1199.3
841-0	SPK3035	Continuing	841	568	ұл,	ұл	linguistic	_	_	Begin=1199.326|End=1199.838
