token_id	speaker	iu_type	iu_id	tu_id	span	form	type	modality	features	align
0-0	SPK5001	Falling	0	_	Құттай	Құттай	linguistic	_	_	Begin=0.0
0-1	SPK5001	Falling	0	_	ғана	ғана	linguistic	_	_	_
0-2	SPK5001	Falling	0	_	құйшы.	құйшы	linguistic	_	_	End=0.8
1-0	SPK5001	Falling	1	_	Кішкентай.	Кішкентай	linguistic	_	_	Begin=1.947|End=2.808
2-0	SPK5002	Falling	2	_	Құрттай.	Құрттай	linguistic	_	_	Begin=24.135|End=24.653
3-0	SPK5001	Continuing	3	_	¬Алтынбек,	Алтынбек	linguistic	_	Anonymized=Yes	Begin=53.002|End=53.32
4-0	SPK5001	Rising	4	_	өзі	өзі	linguistic	_	_	Begin=53.32
4-1	SPK5001	Rising	4	_	сұрады	сұрады	linguistic	_	_	_
4-2	SPK5001	Rising	4	_	ма?	ма	linguistic	_	_	End=54.284
5-0	SPK5002	Rising	5	_	Ақша	Ақша	linguistic	_	_	Begin=55.4
5-1	SPK5002	Rising	5	_	ма?	ма	linguistic	_	_	End=56.102
6-0	SPK5001	Falling	6	_	Иә.	Иә	linguistic	_	_	Begin=56.68|End=57.1
7-0	SPK5001	Continuing	7	_	Әлде	Әлде	linguistic	_	_	Begin=57.1
7-1	SPK5001	Continuing	7	_	өзің,	өзің	linguistic	_	_	End=57.47
8-0	SPK5001	Falling	8	_	салып	салып	linguistic	_	_	Begin=57.47
8-1	SPK5001	Falling	8	_	жібердің	жібердің	linguistic	_	_	_
8-2	SPK5001	Falling	8	_	бе.	бе	linguistic	_	_	End=58.072
9-0	SPK5002	Falling	9	_	Жоқ.	Жоқ	linguistic	_	_	Begin=58.09|End=58.69
10-0	SPK5002	Continuing	10	_	Өзім	Өзім	linguistic	_	_	Begin=59.59
10-1	SPK5002	Continuing	10	_	ғой,	ғой	linguistic	_	_	End=59.96
11-0	SPK5002	Falling	11	_	салып	салып	linguistic	_	_	Begin=59.96
11-1	SPK5002	Falling	11	_	жіберген.	жіберген	linguistic	_	_	End=60.57
12-0	SPK5002	Continuing	12	_	Салып	Салып	linguistic	_	_	Begin=62.854
12-1	SPK5002	Continuing	12	_	жіберіп	жіберіп	linguistic	_	_	_
12-2	SPK5002	Continuing	12	_	едім,	едім	linguistic	_	_	End=63.5
13-0	SPK5002	Continuing	13	_	мама,	мама	linguistic	_	_	Begin=63.5|End=64.0
14-0	SPK5002	Falling	14	_	ақша	ақша	linguistic	_	_	Begin=64.01
14-1	SPK5002	Falling	14	_	салып	салып	linguistic	_	_	_
14-2	SPK5002	Falling	14	_	жібердің.	жібердің	linguistic	_	_	End=64.979
15-0	SPK5001	Continuing	15	_	Аша	Аша	linguistic	_	_	Begin=64.53
15-1	SPK5001	Continuing	15	_	қойшы,	қойшы	linguistic	_	_	End=65.038
16-0	SPK5001	Falling	16	_	до	до	linguistic	_	_	Begin=65.038
16-1	SPK5001	Falling	16	_	конца.	конца	linguistic	_	_	End=65.755
17-0	SPK5002	Falling	17	_	Жазып	Жазып	linguistic	_	_	Begin=67.762
17-1	SPK5002	Falling	17	_	жіберіпті.	жіберіпті	linguistic	_	_	End=68.272
18-0	SPK5002	Continuing	18	_	Мама,	Мама	linguistic	_	_	Begin=68.272|End=68.716
19-0	SPK5002	Continuing	19	_	ақша	ақша	linguistic	_	_	Begin=68.764
19-1	SPK5002	Continuing	19	_	салып	салып	linguistic	_	_	_
19-2	SPK5002	Continuing	19	_	жібердің	жібердің	linguistic	_	_	_
19-3	SPK5002	Continuing	19	_	ғой,	ғой	linguistic	_	_	End=69.48
20-0	SPK5002	Falling	20	_	неге	неге	linguistic	_	_	Begin=69.48
20-1	SPK5002	Falling	20	_	деп.	деп	linguistic	_	_	End=70.308
21-0	SPK5001	Rising	21	_	Керек	Керек	linguistic	_	_	Begin=72.056
21-1	SPK5001	Rising	21	_	емес	емес	linguistic	_	_	_
21-2	SPK5001	Rising	21	_	дей	дей	linguistic	_	_	_
21-3	SPK5001	Rising	21	_	ме?	ме	linguistic	_	_	End=72.888
22-0	SPK5002	Continuing	22	_	Сосын	Сосын	linguistic	_	_	Begin=73.85
22-1	SPK5002	Continuing	22	_	айтып	айтып	linguistic	_	_	_
22-2	SPK5002	Continuing	22	_	едім	едім	linguistic	_	_	_
22-3	SPK5002	Continuing	22	_	ғой,	ғой	linguistic	_	_	End=74.398
23-0	SPK5002	undefined	23	_	ерте–	ерте–	linguistic	_	_	Begin=74.398|End=74.698
24-0	SPK5002	Continuing	24	_	бүгін	бүгін	linguistic	_	_	Begin=74.698
24-1	SPK5002	Continuing	24	_	ертеңге,	ертеңге	linguistic	_	_	End=75.26
25-0	SPK5002	Falling	25	_	ақша	ақша	linguistic	_	_	Begin=75.263
25-1	SPK5002	Falling	25	_	керек.	керек	linguistic	_	_	End=75.977
26-0	SPK5002	Continuing	26	_	Бассейнге	Бассейнге	linguistic	_	_	Begin=76.013
26-1	SPK5002	Continuing	26	_	барасың,	барасың	linguistic	_	_	End=76.781
27-0	SPK5001	Continuing	27	_	Ашып	Ашып	linguistic	_	_	Begin=80.416
27-1	SPK5001	Continuing	27	_	қойcаңшы,	қойcаңшы	linguistic	_	_	End=80.986
28-0	SPK5001	Falling	28	_	до	до	linguistic	_	_	Begin=80.986
28-1	SPK5001	Falling	28	_	конца.	конца	linguistic	_	_	End=81.773
29-0	SPK5002	Falling	29	_	Кафе	Кафе	linguistic	_	_	Begin=81.676
29-1	SPK5002	Falling	29	_	болады.	болады	linguistic	_	_	End=82.14
30-0	SPK5002	Continuing	30	_	Не	Не	linguistic	_	_	Begin=82.14
30-1	SPK5002	Continuing	30	_	болады	болады	linguistic	_	_	_
30-2	SPK5002	Continuing	30	_	деп	деп	linguistic	_	_	_
30-3	SPK5002	Continuing	30	_	едім,	едім	linguistic	_	_	End=82.686
31-0	SPK5002	Continuing	31	_	а:,	а	linguistic	_	Prolongation=0	Begin=82.686|End=82.94
32-0	SPK5002	Falling	32	_	жақсы.	жақсы	linguistic	_	_	Begin=82.94|End=83.366
33-0	SPK5002	Falling	33	_	Рақмет	Рақмет	linguistic	_	_	Begin=83.366
33-1	SPK5002	Falling	33	_	деп	деп	linguistic	_	_	_
33-2	SPK5002	Falling	33	_	жазып	жазып	linguistic	_	_	_
33-3	SPK5002	Falling	33	_	жіберіпті.	жіберіпті	linguistic	_	_	End=84.162
34-0	SPK5002	Continuing	34	_	Бірақ,	Бірақ	linguistic	_	_	Begin=86.4|End=86.849
35-0	SPK5002	Continuing	35	_	пикниктің,	пикниктің	linguistic	_	_	Begin=86.849|End=87.37
36-0	SPK5002	Falling	36	_	ақшасын	ақшасын	linguistic	_	_	Begin=87.4
36-1	SPK5002	Falling	36	_	төлеп	төлеп	linguistic	_	_	_
36-2	SPK5002	Falling	36	_	қойдым.	қойдым	linguistic	_	_	End=88.48
37-0	SPK5002	Falling	37	_	Төледім.	Төледім	linguistic	_	_	Begin=88.48|End=88.81
38-0	SPK5002	Falling	38	_	Жинады	Жинады	linguistic	_	_	Begin=88.81
38-1	SPK5002	Falling	38	_	ғой	ғой	linguistic	_	_	_
38-2	SPK5002	Falling	38	_	##.	##	unknown	_	_	End=89.558
39-0	SPK5001	Rising	39	_	Екі	Екі	linguistic	_	_	Begin=90.509
39-1	SPK5001	Rising	39	_	күн	күн	linguistic	_	_	_
39-2	SPK5001	Rising	39	_	пикник	пикник	linguistic	_	_	_
39-3	SPK5001	Rising	39	_	пе?	пе	linguistic	_	_	End=91.731
40-0	SPK5002	Falling	40	_	М:.	М	linguistic	_	Prolongation=0	Begin=91.731|End=92.276
41-0	SPK5002	Continuing	41	_	Ата-аналар,	Ата-аналар	linguistic	_	_	Begin=92.636|End=93.186
42-0	SPK5002	Continuing	42	_	ағайлар,	ағайлар	linguistic	_	_	Begin=93.186|End=93.792
43-0	SPK5002	Falling	43	_	бәрі.	бәрі	linguistic	_	_	Begin=93.792|End=94.221
44-0	SPK5002	Falling	44	_	Оқушылар.	Оқушылар	linguistic	_	_	Begin=94.221|End=94.971
45-0	SPK5001	Rising	45	_	Ата	Ата	linguistic	_	_	Begin=96.0
45-1	SPK5001	Rising	45	_	ағайлары	ағайлары	linguistic	_	_	_
45-2	SPK5001	Rising	45	_	да	да	linguistic	_	_	_
45-3	SPK5001	Rising	45	_	бар	бар	linguistic	_	_	_
45-4	SPK5001	Rising	45	_	ма?	ма	linguistic	_	_	End=96.88
46-0	SPK5002	Falling	46	_	Иә.	Иә	linguistic	_	_	Begin=96.88|End=97.43
47-0	SPK5002	Continuing	47	_	¬Мейірхан	Мейірхан	linguistic	_	Anonymized=Yes	Begin=98.277
47-1	SPK5002	Continuing	47	_	ағайы,	ағайы	linguistic	_	_	End=99.108
48-0	SPK5002	Continuing	48	_	ата-аналар,	ата-аналар	linguistic	_	_	Begin=99.337|End=99.85
49-0	SPK5002	Continuing	49	_	аға,	аға	linguistic	_	_	Begin=99.85|End=100.36
50-0	SPK5002	Continuing	50	_	әкелері,	әкелері	linguistic	_	_	Begin=100.399|End=101.069
51-0	SPK5002	Falling	51	_	ағалары	ағалары	linguistic	_	_	Begin=101.069
51-1	SPK5002	Falling	51	_	бар.	бар	linguistic	_	_	End=101.814
52-0	SPK5002	Continuing	52	_	Ата-аналары,	Ата-аналары	linguistic	_	_	Begin=101.814|End=102.256
53-0	SPK5002	Falling	53	_	мамалары.	мамалары	linguistic	_	_	Begin=102.256|End=102.794
54-0	SPK5003	Continuing	54	_	Мә:	Мә	linguistic	_	Prolongation=1	Begin=102.97
54-1	SPK5003	Continuing	54	_	кәдімгідей,	кәдімгідей	linguistic	_	_	End=103.724
55-0	SPK5003	Continuing	55	_	семейный	семейный	linguistic	_	_	Begin=103.766
55-1	SPK5003	Continuing	55	_	болайын	болайын	linguistic	_	_	_
55-2	SPK5003	Continuing	55	_	деп	деп	linguistic	_	_	_
55-3	SPK5003	Continuing	55	_	жатыр,	жатыр	linguistic	_	_	End=104.516
56-0	SPK5003	Rising	56	_	екен	екен	linguistic	_	_	Begin=104.516
56-1	SPK5003	Rising	56	_	ғой	ғой	linguistic	_	_	_
56-2	SPK5003	Rising	56	_	да?	да	linguistic	_	_	End=105.33
57-0	SPK5002	Falling	57	_	М:.	М	linguistic	_	Prolongation=0	Begin=104.993|End=105.473
58-0	SPK5002	Continuing	58	_	Соған,	Соған	linguistic	_	_	Begin=106.31|End=106.625
59-0	SPK5002	Continuing	59	_	маған	маған	linguistic	_	_	Begin=106.625
59-1	SPK5002	Continuing	59	_	да,	да	linguistic	_	_	End=107.135
60-0	SPK5002	Continuing	60	_	алыстағылар,	алыстағылар	linguistic	_	_	Begin=107.157|End=107.88
61-0	SPK5002	Continuing	61	_	келіңіз,	келіңіз	linguistic	_	_	Begin=107.88|End=108.4
62-0	SPK5002	Continuing	62	_	келіңіз,	келіңіз	linguistic	_	_	Begin=108.4|End=108.96
63-0	SPK5002	Falling	63	_	деп	деп	linguistic	_	_	Begin=108.973
63-1	SPK5002	Falling	63	_	##	##	unknown	_	_	_
63-2	SPK5002	Falling	63	_	ата	ата	linguistic	_	_	_
63-3	SPK5002	Falling	63	_	аналар	аналар	linguistic	_	_	_
63-4	SPK5002	Falling	63	_	жазып	жазып	linguistic	_	_	_
63-5	SPK5002	Falling	63	_	жіберіпті.	жіберіпті	linguistic	_	_	End=110.072
64-0	SPK5002	Continuing	64	_	Қайдан	Қайдан	linguistic	_	_	Begin=110.076
64-1	SPK5002	Continuing	64	_	мен,	мен	linguistic	_	_	End=110.724
65-0	SPK5002	Continuing	65	_	Біркөлік	Біркөлік	linguistic	_	_	Begin=114.039
65-1	SPK5002	Continuing	65	_	жақта,	жақта	linguistic	_	_	End=114.818
66-0	SPK5002	Continuing	66	_	тауға	тауға	linguistic	_	_	Begin=114.818
66-1	SPK5002	Continuing	66	_	барады,	барады	linguistic	_	_	End=115.579
67-0	SPK5002	Continuing	67	_	бассейн,	бассейн	linguistic	_	_	Begin=115.579|End=116.124
68-0	SPK5002	Falling	68	_	зал.	зал	linguistic	_	_	Begin=116.124|End=116.464
69-0	SPK5001	Falling	69	_	¬Алтынбек	Алтынбек	linguistic	_	Anonymized=Yes	Begin=117.123
69-1	SPK5001	Falling	69	_	барды	барды	linguistic	_	_	_
69-2	SPK5001	Falling	69	_	ғой.	ғой	linguistic	_	_	End=117.843
70-0	SPK5001	Continuing	70	_	Біледі	Біледі	linguistic	_	_	Begin=117.843
70-1	SPK5001	Continuing	70	_	ғой,	ғой	linguistic	_	_	End=118.416
71-0	SPK5001	Falling	71	_	Біркөлікті.	Біркөлікті	linguistic	_	_	Begin=118.96|End=119.544
72-0	SPK5002	Continuing	72	_	Жоқ,	Жоқ	linguistic	_	_	Begin=123.17|End=123.4
73-0	SPK5002	Continuing	73	_	үш	үш	linguistic	_	_	Begin=123.411
73-1	SPK5002	Continuing	73	_	күндік,	күндік	linguistic	_	_	End=124.013
74-0	SPK5002	Falling	74	_	турлар	турлар	linguistic	_	_	Begin=124.013
74-1	SPK5002	Falling	74	_	бар	бар	linguistic	_	_	_
74-2	SPK5002	Falling	74	_	екен.	екен	linguistic	_	_	End=124.644
75-0	SPK5002	Continuing	75	_	Үш	Үш	linguistic	_	_	Begin=124.644
75-1	SPK5002	Continuing	75	_	күн	күн	linguistic	_	_	_
75-2	SPK5002	Continuing	75	_	жататын,	жататын	linguistic	_	_	End=125.54
76-0	SPK5002	Continuing	76	_	демалыс,	демалыс	linguistic	_	_	Begin=125.54|End=125.956
77-0	SPK5002	Falling	77	_	орындары.	орындары	linguistic	_	_	Begin=125.956|End=126.654
78-0	SPK5003	Continuing	78	_	А	А	linguistic	_	_	Begin=128.37
78-1	SPK5003	Continuing	78	_	ол	ол	linguistic	_	_	_
78-2	SPK5003	Continuing	78	_	сондай	сондай	linguistic	_	_	_
78-3	SPK5003	Continuing	78	_	ғой,	ғой	linguistic	_	_	End=128.991
79-0	SPK5003	Falling	79	_	екі	екі	linguistic	_	_	Begin=129.0
79-1	SPK5003	Falling	79	_	күн	күн	linguistic	_	_	_
79-2	SPK5003	Falling	79	_	ғой	ғой	linguistic	_	_	_
79-3	SPK5003	Falling	79	_	бәрі.	бәрі	linguistic	_	_	End=129.633
80-0	SPK5002	Falling	80	_	Иә.	Иә	linguistic	_	_	Begin=129.599|End=129.95
81-0	SPK5002	Continuing	81	_	Бір	Бір	linguistic	_	_	Begin=129.95
81-1	SPK5002	Continuing	81	_	күн,	күн	linguistic	_	_	End=130.309
82-0	SPK5002	Continuing	82	_	бүгін	бүгін	linguistic	_	_	Begin=130.839
82-1	SPK5002	Continuing	82	_	таңертең,	таңертең	linguistic	_	_	End=131.32
83-0	SPK5002	Continuing	83	_	барады,	барады	linguistic	_	_	Begin=131.32|End=131.623
84-0	SPK5002	Continuing	84	_	кешке	кешке	linguistic	_	_	Begin=131.623
84-1	SPK5002	Continuing	84	_	келеді,	келеді	linguistic	_	_	End=132.18
85-0	SPK5002	Falling	85	_	олар.	олар	linguistic	_	_	Begin=132.18|End=132.571
86-0	SPK5003	Falling	86	_	Ммм.	Ммм	linguistic	_	_	Begin=132.562|End=133.034
87-0	SPK5002	Falling	87	_	Бұйырса.	Бұйырса	linguistic	_	_	Begin=142.221|End=142.911
88-0	SPK5002	Continuing	88	_	¬Жарас	Жарас	linguistic	_	Anonymized=Yes	Begin=147.055
88-1	SPK5002	Continuing	88	_	екеуі,	екеуі	linguistic	_	_	End=147.885
89-0	SPK5002	Falling	89	_	құшақтасып	құшақтасып	linguistic	_	_	Begin=147.885
89-1	SPK5002	Falling	89	_	ұйықтап	ұйықтап	linguistic	_	_	_
89-2	SPK5002	Falling	89	_	жатыр	жатыр	linguistic	_	_	_
89-3	SPK5002	Falling	89	_	екен.	екен	linguistic	_	_	End=149.175
90-0	SPK5002	Continuing	90	_	Мамасы	Мамасы	linguistic	_	_	Begin=149.175
90-1	SPK5002	Continuing	90	_	суретке,	суретке	linguistic	_	_	End=150.19
91-0	SPK5002	Falling	91	_	түсіріп	түсіріп	linguistic	_	_	Begin=150.19
91-1	SPK5002	Falling	91	_	жіберіпті.	жіберіпті	linguistic	_	_	End=150.765
92-0	SPK5003	Falling	92	_	Қима:йды	Қимайды	linguistic	_	Prolongation=3	Begin=150.7
92-1	SPK5003	Falling	92	_	ғой	ғой	linguistic	_	_	_
92-2	SPK5003	Falling	92	_	бір	бір	linguistic	_	_	_
92-3	SPK5003	Falling	92	_	бірін.	бірін	linguistic	_	_	End=152.231
93-0	SPK5002	Continuing	93	_	Жазып	Жазып	linguistic	_	_	Begin=154.4
93-1	SPK5002	Continuing	93	_	жіберіпті,	жіберіпті	linguistic	_	_	End=154.947
94-0	SPK5002	Continuing	94	_	менің	менің	linguistic	_	_	Begin=154.948
94-1	SPK5002	Continuing	94	_	балама,	балама	linguistic	_	_	End=155.588
95-0	SPK5002	Falling	95	_	қиын	қиын	linguistic	_	_	Begin=155.588
95-1	SPK5002	Falling	95	_	болатын	болатын	linguistic	_	_	_
95-2	SPK5002	Falling	95	_	болды	болды	linguistic	_	_	_
95-3	SPK5002	Falling	95	_	ау	ау	linguistic	_	_	_
95-4	SPK5002	Falling	95	_	деп.	деп	linguistic	_	_	End=156.735
96-0	SPK5002	Continuing	96	_	Ұйықтап	Ұйықтап	linguistic	_	_	Begin=162.661
96-1	SPK5002	Continuing	96	_	жатыр,	жатыр	linguistic	_	_	End=163.271
97-0	SPK5002	undefined	97	_	қолдарын	қолдарын	linguistic	_	_	Begin=163.271
97-1	SPK5002	undefined	97	_	бүйтіп	бүйтіп	linguistic	_	_	_
97-2	SPK5002	undefined	97	_	ұстап	ұстап	linguistic	_	_	_
97-3	SPK5002	undefined	97	_	алыпты	алыпты	linguistic	_	_	End=164.44
98-0	SPK5002	Falling	98	_	екеуі.	екеуі	linguistic	_	_	Begin=164.44|End=164.798
99-0	SPK5002	Continuing	99	_	Барлық,	Барлық	linguistic	_	_	Begin=171.66|End=172.072
100-0	SPK5002	Falling	100	_	ата	ата	linguistic	_	_	Begin=172.092
100-1	SPK5002	Falling	100	_	аналар	аналар	linguistic	_	_	_
100-2	SPK5002	Falling	100	_	жазып	жазып	linguistic	_	_	_
100-3	SPK5002	Falling	100	_	жатыр.	жатыр	linguistic	_	_	End=173.119
101-0	SPK5002	Continuing	101	_	Біздің	Біздің	linguistic	_	_	Begin=174.745
101-1	SPK5002	Continuing	101	_	спортсмен,	спортсмен	linguistic	_	_	End=175.808
102-0	SPK5002	Continuing	102	_	біздің	біздің	linguistic	_	_	Begin=175.808
102-1	SPK5002	Continuing	102	_	шахматист,	шахматист	linguistic	_	_	End=176.796
103-0	SPK5002	Falling	103	_	біздің	біздің	linguistic	_	_	Begin=176.796
103-1	SPK5002	Falling	103	_	умник	умник	linguistic	_	_	_
103-2	SPK5002	Falling	103	_	деп.	деп	linguistic	_	_	End=177.954
104-0	SPK5003	undefined	104	_	@@@	@@@	linguistic	_	_	Begin=177.8|End=178.603
105-0	SPK5002	Continuing	105	_	Сынып,	Сынып	linguistic	_	_	Begin=180.85|End=181.248
106-0	SPK5002	Falling	106	_	сыныптың	сыныптың	linguistic	_	_	Begin=181.249
106-1	SPK5002	Falling	106	_	спортсмені.	спортсмені	linguistic	_	_	End=182.61
107-0	SPK5002	Continuing	107	_	Бірақ,	Бірақ	linguistic	_	_	Begin=184.161|End=184.49
108-0	SPK5002	Continuing	108	_	жақсы	жақсы	linguistic	_	_	Begin=184.49
108-1	SPK5002	Continuing	108	_	баламыз,	баламыз	linguistic	_	_	End=185.118
109-0	SPK5002	Falling	109	_	кетіп	кетіп	linguistic	_	_	Begin=185.118
109-1	SPK5002	Falling	109	_	бара	бара	linguistic	_	_	_
109-2	SPK5002	Falling	109	_	жатыр.	жатыр	linguistic	_	_	End=185.711
110-0	SPK5002	Falling	110	_	Кетіп	Кетіп	linguistic	_	_	Begin=185.711
110-1	SPK5002	Falling	110	_	жатыр	жатыр	linguistic	_	_	_
110-2	SPK5002	Falling	110	_	деп.	деп	linguistic	_	_	End=187.163
111-0	SPK5002	Continuing	111	_	##	##	unknown	_	_	Begin=193.957
111-1	SPK5002	Continuing	111	_	айтты,	айтты	linguistic	_	_	End=194.43
112-0	SPK5002	Continuing	112	_	өзіңізге,	өзіңізге	linguistic	_	_	Begin=194.43|End=194.94
113-0	SPK5002	Continuing	113	_	ыңғайлы	ыңғайлы	linguistic	_	_	Begin=194.98
113-1	SPK5002	Continuing	113	_	болса,	болса	linguistic	_	_	End=195.595
114-0	SPK5002	Falling	114	_	болды	болды	linguistic	_	_	Begin=195.595
114-1	SPK5002	Falling	114	_	ғой	ғой	linguistic	_	_	_
114-2	SPK5002	Falling	114	_	деп.	деп	linguistic	_	_	End=196.202
115-0	SPK5002	Continuing	115	_	¬Алтош,	Алтош	linguistic	_	Anonymized=Yes	Begin=201.166|End=201.546
116-0	SPK5002	Continuing	116	_	әлі	әлі	linguistic	_	_	Begin=201.546
116-1	SPK5002	Continuing	116	_	сенер,	сенер	linguistic	_	_	End=202.116
117-0	SPK5002	Falling	117	_	сенбейін	сенбейін	linguistic	_	_	Begin=202.116
117-1	SPK5002	Falling	117	_	деп	деп	linguistic	_	_	_
117-2	SPK5002	Falling	117	_	жүрген	жүрген	linguistic	_	_	_
117-3	SPK5002	Falling	117	_	болып	болып	linguistic	_	_	_
117-4	SPK5002	Falling	117	_	тұр	тұр	linguistic	_	_	_
117-5	SPK5002	Falling	117	_	ғой.	ғой	linguistic	_	_	End=203.27
118-0	SPK5002	Falling	118	_	Таңертең	Таңертең	linguistic	_	_	Begin=203.27
118-1	SPK5002	Falling	118	_	жазып	жазып	linguistic	_	_	_
118-2	SPK5002	Falling	118	_	жіберіпті	жіберіпті	linguistic	_	_	_
118-3	SPK5002	Falling	118	_	соны.	соны	linguistic	_	_	End=204.32
119-0	SPK5002	Continuing	119	_	Мама	Мама	linguistic	_	_	Begin=204.32
119-1	SPK5002	Continuing	119	_	мен,	мен	linguistic	_	_	End=205.095
120-0	SPK5002	Falling	120	_	точно	точно	linguistic	_	_	Begin=205.095
120-1	SPK5002	Falling	120	_	ауыстым	ауыстым	linguistic	_	_	_
120-2	SPK5002	Falling	120	_	ба	ба	linguistic	_	_	_
120-3	SPK5002	Falling	120	_	сонымен	сонымен	linguistic	_	_	_
120-4	SPK5002	Falling	120	_	деп.	деп	linguistic	_	_	End=206.377
121-0	SPK5002	undefined	121	_	@@@@	@@@@	linguistic	_	_	Begin=206.394|End=207.201
122-0	SPK5002	Continuing	122	_	Жаным	Жаным	linguistic	_	_	Begin=207.299
122-1	SPK5002	Continuing	122	_	ау,	ау	linguistic	_	_	End=208.05
123-0	SPK5002	undefined	123	_	@@	@@	linguistic	_	_	Begin=208.092|End=209.112
124-0	SPK5003	Falling	124	_	Сенбей	Сенбей	linguistic	_	_	Begin=209.497
124-1	SPK5003	Falling	124	_	жүр	жүр	linguistic	_	_	_
124-2	SPK5003	Falling	124	_	ғой	ғой	linguistic	_	_	_
124-3	SPK5003	Falling	124	_	әлі.	әлі	linguistic	_	_	End=210.377
125-0	SPK5002	Rising	125	_	Мм?	Мм	linguistic	_	_	Begin=210.426|End=210.992
126-0	SPK5003	Falling	126	_	Сенбей	Сенбей	linguistic	_	_	Begin=211.296
126-1	SPK5003	Falling	126	_	жүр	жүр	linguistic	_	_	_
126-2	SPK5003	Falling	126	_	ғой.	ғой	linguistic	_	_	End=212.045
127-0	SPK5002	Falling	127	_	Мм.	Мм	linguistic	_	_	Begin=212.009|End=212.622
128-0	SPK5002	Falling	128	_	Же	Же	linguistic	_	_	Begin=214.29
128-1	SPK5002	Falling	128	_	мә.	мә	linguistic	_	_	End=214.825
129-0	SPK5002	Continuing	129	_	Дәмдісін,	Дәмдісін	linguistic	_	_	Begin=216.592|End=216.977
130-0	SPK5002	Falling	130	_	жеп	жеп	linguistic	_	_	Begin=216.977
130-1	SPK5002	Falling	130	_	отырмын.	отырмын	linguistic	_	_	End=217.493
131-0	SPK5003	Rising	131	_	Наушник	Наушник	linguistic	_	_	Begin=237.893
131-1	SPK5003	Rising	131	_	бар	бар	linguistic	_	_	_
131-2	SPK5003	Rising	131	_	ма?	ма	linguistic	_	_	End=238.66
132-0	SPK5003	Falling	132	_	Сізде.	Сізде	linguistic	_	_	Begin=238.66|End=239.103
133-0	SPK5003	Falling	133	_	Сіздің	Сіздің	linguistic	_	_	Begin=239.905
133-1	SPK5003	Falling	133	_	наушнигіңізді	наушнигіңізді	linguistic	_	_	_
133-2	SPK5003	Falling	133	_	алайыншы.	алайыншы	linguistic	_	_	End=240.985
134-0	SPK5003	Falling	134	_	Мен	Мен	linguistic	_	_	Begin=240.985
134-1	SPK5003	Falling	134	_	өзімдікін	өзімдікін	linguistic	_	_	_
134-2	SPK5003	Falling	134	_	тастап	тастап	linguistic	_	_	_
134-3	SPK5003	Falling	134	_	кетіппін.	кетіппін	linguistic	_	_	End=242.121
135-0	SPK5003	Falling	135	_	Білмеймін	Білмеймін	linguistic	_	_	Begin=242.121
135-1	SPK5003	Falling	135	_	қайда	қайда	linguistic	_	_	_
135-2	SPK5003	Falling	135	_	екенін.	екенін	linguistic	_	_	End=243.085
136-0	SPK5003	Falling	136	_	Жоғалтып	Жоғалтып	linguistic	_	_	Begin=243.9
136-1	SPK5003	Falling	136	_	алдым	алдым	linguistic	_	_	_
136-2	SPK5003	Falling	136	_	ба:.	ба	linguistic	_	Prolongation=1	End=244.93
137-0	SPK5002	Falling	137	_	Бар	Бар	linguistic	_	_	Begin=247.87
137-1	SPK5002	Falling	137	_	ғой	ғой	linguistic	_	_	_
137-2	SPK5002	Falling	137	_	наушник.	наушник	linguistic	_	_	End=248.652
138-0	SPK5002	Falling	138	_	Көп.	Көп	linguistic	_	_	Begin=248.652|End=249.405
139-0	SPK5002	undefined	139	_	Мен	Мен	linguistic	_	_	Begin=249.88
139-1	SPK5002	undefined	139	_	ек-	ек-	linguistic	_	Interrupted=Yes	_
139-2	SPK5002	undefined	139	_	екіде	екіде	linguistic	_	_	End=250.63
140-0	SPK5002	Falling	140	_	зубнойға	зубнойға	linguistic	_	_	Begin=250.63
140-1	SPK5002	Falling	140	_	барамын.	барамын	linguistic	_	_	End=251.334
141-0	SPK5002	Falling	141	_	Қазір	Қазір	linguistic	_	_	Begin=251.351
141-1	SPK5002	Falling	141	_	бір	бір	linguistic	_	_	_
141-2	SPK5002	Falling	141	_	жарымда	жарымда	linguistic	_	_	_
141-3	SPK5002	Falling	141	_	шығып	шығып	linguistic	_	_	_
141-4	SPK5002	Falling	141	_	кетемін.	кетемін	linguistic	_	_	End=252.33
142-0	SPK5003	Falling	142	_	Шығып	Шығып	linguistic	_	_	Begin=253.984
142-1	SPK5003	Falling	142	_	кетің.	кетің	linguistic	_	_	End=254.474
143-0	SPK5003	Falling	143	_	Өзім	Өзім	linguistic	_	_	Begin=254.474
143-1	SPK5003	Falling	143	_	жинаймын	жинаймын	linguistic	_	_	_
143-2	SPK5003	Falling	143	_	ғой	ғой	linguistic	_	_	_
143-3	SPK5003	Falling	143	_	мына	мына	linguistic	_	_	_
143-4	SPK5003	Falling	143	_	жақты.	жақты	linguistic	_	_	End=255.331
144-0	SPK5002	Falling	144	_	Үсер	Үсер	linguistic	_	_	Begin=255.61
144-1	SPK5002	Falling	144	_	шақырып	шақырып	linguistic	_	_	_
144-2	SPK5002	Falling	144	_	жатыр.	жатыр	linguistic	_	_	End=256.475
145-0	SPK5002	Falling	145	_	Жақсы	Жақсы	linguistic	_	_	Begin=256.475
145-1	SPK5002	Falling	145	_	болды	болды	linguistic	_	_	_
145-2	SPK5002	Falling	145	_	маған.	маған	linguistic	_	_	End=257.139
146-0	SPK5003	Falling	146	_	Жақсы	Жақсы	linguistic	_	_	Begin=257.326
146-1	SPK5003	Falling	146	_	болды.	болды	linguistic	_	_	End=257.866
147-0	SPK5003	Rising	147	_	Орын	Орын	linguistic	_	_	Begin=257.866
147-1	SPK5003	Rising	147	_	босап	босап	linguistic	_	_	_
147-2	SPK5003	Rising	147	_	па	па	linguistic	_	_	_
147-3	SPK5003	Rising	147	_	екен?	екен	linguistic	_	_	End=258.986
148-0	SPK5003	Falling	148	_	Жақсы	Жақсы	linguistic	_	_	Begin=259.901
148-1	SPK5003	Falling	148	_	болды	болды	linguistic	_	_	_
148-2	SPK5003	Falling	148	_	ғой	ғой	linguistic	_	_	_
148-3	SPK5003	Falling	148	_	(TSK).	(TSK)	click	_	_	End=260.57
149-0	SPK5002	Continuing	149	_	Салдыртып	Салдыртып	linguistic	_	_	Begin=261.91
149-1	SPK5002	Continuing	149	_	алайын,	алайын	linguistic	_	_	End=262.68
150-0	SPK5002	Falling	150	_	бүгін.	бүгін	linguistic	_	_	Begin=262.68|End=263.092
151-0	SPK5003	Continuing	151	_	Иә:,	Иә	linguistic	_	Prolongation=1	Begin=263.21|End=263.55
152-0	SPK5003	Falling	152	_	әйтпесе	әйтпесе	linguistic	_	_	Begin=263.55
152-1	SPK5003	Falling	152	_	ауыртады.	ауыртады	linguistic	_	_	End=264.555
153-0	SPK5002	Continuing	153	_	Екінші,	Екінші	linguistic	_	_	Begin=266.06|End=266.486
154-0	SPK5002	Continuing	154	_	ішін	ішін	linguistic	_	_	Begin=266.486
154-1	SPK5002	Continuing	154	_	жөндеп,	жөндеп	linguistic	_	_	End=267.145
155-0	SPK5002	undefined	155	_	##	##	unknown	_	_	Begin=267.145|End=267.864
156-0	SPK5003	Falling	156	_	Тісіңізді	Тісіңізді	linguistic	_	_	Begin=267.485
156-1	SPK5003	Falling	156	_	жуып	жуып	linguistic	_	_	_
156-2	SPK5003	Falling	156	_	барыңыз.	барыңыз	linguistic	_	_	End=268.265
157-0	SPK5002	Rising	157	_	М?	М	linguistic	_	_	Begin=268.539|End=269.022
158-0	SPK5003	Falling	158	_	Тісіңізді	Тісіңізді	linguistic	_	_	Begin=269.303
158-1	SPK5003	Falling	158	_	жуып	жуып	linguistic	_	_	_
158-2	SPK5003	Falling	158	_	барыңыз.	барыңыз	linguistic	_	_	End=270.353
159-0	SPK5002	Falling	159	_	Иә.	Иә	linguistic	_	_	Begin=269.95|End=270.58
160-0	SPK5003	Continuing	160	_	Өздері	Өздері	linguistic	_	_	Begin=271.765
160-1	SPK5003	Continuing	160	_	де,	де	linguistic	_	_	End=272.185
161-0	SPK5003	Falling	161	_	тазалайды	тазалайды	linguistic	_	_	Begin=272.185
161-1	SPK5003	Falling	161	_	ғой	ғой	linguistic	_	_	_
161-2	SPK5003	Falling	161	_	бірақ.	бірақ	linguistic	_	_	End=272.78
162-0	SPK5003	Continuing	162	_	Жуып	Жуып	linguistic	_	_	Begin=272.78
162-1	SPK5003	Continuing	162	_	барсаңыз,	барсаңыз	linguistic	_	_	End=273.36
163-0	SPK5003	Falling	163	_	өздері	өздері	linguistic	_	_	Begin=273.36
163-1	SPK5003	Falling	163	_	жуатын	жуатын	linguistic	_	_	_
163-2	SPK5003	Falling	163	_	да	да	linguistic	_	_	_
163-3	SPK5003	Falling	163	_	шығар.	шығар	linguistic	_	_	End=274.399
164-0	SPK5002	Falling	164	_	Иә.	Иә	linguistic	_	_	Begin=274.35|End=274.906
165-0	SPK5002	Continuing	165	_	Әкемен	Әкемен	linguistic	_	_	Begin=275.268
165-1	SPK5002	Continuing	165	_	кешке,	кешке	linguistic	_	_	End=276.167
166-0	SPK5002	Falling	166	_	баняға	баняға	linguistic	_	_	Begin=276.167
166-1	SPK5002	Falling	166	_	барамын.	барамын	linguistic	_	_	End=277.266
167-0	SPK5003	Falling	167	_	Мәә	Мәә	linguistic	_	_	Begin=277.214
167-1	SPK5003	Falling	167	_	##.	##	unknown	_	_	End=277.683
168-0	SPK5003	Continuing	168	_	Нешелерде	Нешелерде	linguistic	_	_	Begin=278.193
168-1	SPK5003	Continuing	168	_	мен,	мен	linguistic	_	_	End=279.051
169-0	SPK5003	Falling	169	_	түсіп	түсіп	linguistic	_	_	Begin=279.051
169-1	SPK5003	Falling	169	_	аламын.	аламын	linguistic	_	_	End=279.865
170-0	SPK5001	Continuing	170	_	Ата-аналар,	Ата-аналар	linguistic	_	_	Begin=279.423|End=279.91
171-0	SPK5001	Falling	171	_	алып	алып	linguistic	_	_	Begin=279.91
171-1	SPK5001	Falling	171	_	келеді	келеді	linguistic	_	_	_
171-2	SPK5001	Falling	171	_	ғой	ғой	linguistic	_	_	_
171-3	SPK5001	Falling	171	_	біреу	біреу	linguistic	_	_	_
171-4	SPK5001	Falling	171	_	барып.	барып	linguistic	_	_	End=281.043
172-0	SPK5001	Continuing	172	_	Жоймапты	Жоймапты	linguistic	_	_	Begin=281.043
172-1	SPK5001	Continuing	172	_	ол,	ол	linguistic	_	_	End=281.657
173-0	SPK5001	Falling	173	_	тұр	тұр	linguistic	_	_	Begin=281.665
173-1	SPK5001	Falling	173	_	әлі.	әлі	linguistic	_	_	End=282.18
174-0	SPK5001	Falling	174	_	үш	үш	linguistic	_	_	Begin=282.18
174-1	SPK5001	Falling	174	_	мыңы.	мыңы	linguistic	_	_	End=282.691
175-0	SPK5002	Rising	175	_	А?	А	linguistic	_	_	Begin=282.738|End=283.286
176-0	SPK5001	Continuing	176	_	Үш	Үш	linguistic	_	_	Begin=283.34
176-1	SPK5001	Continuing	176	_	мыңы	мыңы	linguistic	_	_	_
176-2	SPK5001	Continuing	176	_	тұр	тұр	linguistic	_	_	_
176-3	SPK5001	Continuing	176	_	деймін,	деймін	linguistic	_	_	End=284.23
177-0	SPK5001	Continuing	177	_	ертең	ертең	linguistic	_	_	Begin=284.23
177-1	SPK5001	Continuing	177	_	болмаса,	болмаса	linguistic	_	_	End=284.81
178-0	SPK5001	Continuing	178	_	кешкілері	кешкілері	linguistic	_	_	Begin=284.81
178-1	SPK5001	Continuing	178	_	болмаса,	болмаса	linguistic	_	_	End=285.707
179-0	SPK5001	Falling	179	_	келгесін.	келгесін	linguistic	_	_	Begin=285.707|End=286.528
180-0	SPK5001	Continuing	180	_	Анда,	Анда	linguistic	_	_	Begin=286.768|End=287.199
181-0	SPK5001	Continuing	181	_	тамақ,	тамақ	linguistic	_	_	Begin=287.224|End=287.63
182-0	SPK5001	Falling	182	_	нелер	нелер	linguistic	_	_	Begin=287.63
182-1	SPK5001	Falling	182	_	бар	бар	linguistic	_	_	_
182-2	SPK5001	Falling	182	_	ғой.	ғой	linguistic	_	_	End=288.271
183-0	SPK5002	Falling	183	_	Жо:қ.	Жоқ	linguistic	_	Prolongation=1	Begin=288.392|End=289.046
184-0	SPK5002	Continuing	184	_	Бүгінге	Бүгінге	linguistic	_	_	Begin=289.05
184-1	SPK5002	Continuing	184	_	бар	бар	linguistic	_	_	_
184-2	SPK5002	Continuing	184	_	ғой,	ғой	linguistic	_	_	End=289.908
185-0	SPK5002	Falling	185	_	пикникке.	пикникке	linguistic	_	_	Begin=289.908|End=290.4
186-0	SPK5002	Continuing	186	_	Кешке,	Кешке	linguistic	_	_	Begin=290.4|End=290.83
187-0	SPK5002	Falling	187	_	келгеннен	келгеннен	linguistic	_	_	Begin=290.83
187-1	SPK5002	Falling	187	_	кейін.	кейін	linguistic	_	_	End=291.736
188-0	SPK5001	Falling	188	_	Сол	Сол	linguistic	_	_	Begin=291.627
188-1	SPK5001	Falling	188	_	иә.	иә	linguistic	_	_	End=292.042
189-0	SPK5002	Falling	189	_	Шығуы	Шығуы	linguistic	_	_	Begin=291.736
189-1	SPK5002	Falling	189	_	мүмкін	мүмкін	linguistic	_	_	_
189-2	SPK5002	Falling	189	_	ғой.	ғой	linguistic	_	_	End=292.499
190-0	SPK5001	Falling	190	_	Кешкіге	Кешкіге	linguistic	_	_	Begin=292.042
190-1	SPK5001	Falling	190	_	келеді	келеді	linguistic	_	_	_
190-2	SPK5001	Falling	190	_	ғой	ғой	linguistic	_	_	_
190-3	SPK5001	Falling	190	_	иә.	иә	linguistic	_	_	End=292.909
191-0	SPK5002	Falling	191	_	Есік	Есік	linguistic	_	_	Begin=292.499
191-1	SPK5002	Falling	191	_	алдына.	алдына	linguistic	_	_	End=293.09
192-0	SPK5002	Continuing	192	_	Или	Или	linguistic	_	_	Begin=293.184
192-1	SPK5002	Continuing	192	_	ертең	ертең	linguistic	_	_	_
192-2	SPK5002	Continuing	192	_	таңертең,	таңертең	linguistic	_	_	End=294.09
193-0	SPK5002	Continuing	193	_	шығуы	шығуы	linguistic	_	_	Begin=294.09
193-1	SPK5002	Continuing	193	_	мүмкін,	мүмкін	linguistic	_	_	End=294.61
194-0	SPK5002	Falling	194	_	олар.	олар	linguistic	_	_	Begin=294.61|End=295.054
195-0	SPK5001	Falling	195	_	Иә.	Иә	linguistic	_	_	Begin=294.874|End=295.335
196-0	SPK5002	Falling	196	_	Әбетке	Әбетке	linguistic	_	_	Begin=295.054
196-1	SPK5002	Falling	196	_	таман.	таман	linguistic	_	_	End=295.834
197-0	SPK5002	Continuing	197	_	Үйден	Үйден	linguistic	_	_	Begin=297.112
197-1	SPK5002	Continuing	197	_	үште	үште	linguistic	_	_	_
197-2	SPK5002	Continuing	197	_	шығып	шығып	linguistic	_	_	_
197-3	SPK5002	Continuing	197	_	кетеді,	кетеді	linguistic	_	_	End=298.32
198-0	SPK5002	Falling	198	_	олар.	олар	linguistic	_	_	Begin=298.32|End=299.075
199-0	SPK5002	Falling	199	_	Үшке	Үшке	linguistic	_	_	Begin=299.713
199-1	SPK5002	Falling	199	_	жақын.	жақын	linguistic	_	_	End=300.516
200-0	SPK5002	Continuing	200	_	Әбетке,	Әбетке	linguistic	_	_	Begin=301.704|End=302.144
201-0	SPK5002	Continuing	201	_	бір	бір	linguistic	_	_	Begin=302.144
201-1	SPK5002	Continuing	201	_	жаққа	жаққа	linguistic	_	_	_
201-2	SPK5002	Continuing	201	_	шығып,	шығып	linguistic	_	_	End=302.715
202-0	SPK5002	Falling	202	_	келуі	келуі	linguistic	_	_	Begin=302.715
202-1	SPK5002	Falling	202	_	мүмкін	мүмкін	linguistic	_	_	_
202-2	SPK5002	Falling	202	_	ғой.	ғой	linguistic	_	_	End=303.745
203-0	SPK5001	Continuing	203	_	Нешеге	Нешеге	linguistic	_	_	Begin=303.972
203-1	SPK5001	Continuing	203	_	дейін,	дейін	linguistic	_	_	End=304.417
204-0	SPK5001	Rising	204	_	кешке	кешке	linguistic	_	_	Begin=304.417
204-1	SPK5001	Rising	204	_	дейін	дейін	linguistic	_	_	_
204-2	SPK5001	Rising	204	_	бе?	бе	linguistic	_	_	End=305.398
205-0	SPK5002	Rising	205	_	Бүгін	Бүгін	linguistic	_	_	Begin=305.537
205-1	SPK5002	Rising	205	_	бе?	бе	linguistic	_	_	End=305.91
206-0	SPK5002	Falling	206	_	Иә.	Иә	linguistic	_	_	Begin=305.91|End=306.164
207-0	SPK5002	Continuing	207	_	Кешке	Кешке	linguistic	_	_	Begin=307.405
207-1	SPK5002	Continuing	207	_	шаршап	шаршап	linguistic	_	_	_
207-2	SPK5002	Continuing	207	_	келіп,	келіп	linguistic	_	_	End=308.16
208-0	SPK5002	Continuing	208	_	ұйықтайды	ұйықтайды	linguistic	_	_	Begin=308.16
208-1	SPK5002	Continuing	208	_	ғой,	ғой	linguistic	_	_	End=308.752
209-0	SPK5002	Falling	209	_	құлап.	құлап	linguistic	_	_	Begin=308.752|End=309.092
210-0	SPK5002	Falling	210	_	Бұйырса.	Бұйырса	linguistic	_	_	Begin=309.386|End=309.981
211-0	SPK5001	Falling	211	_	М:.	М	linguistic	_	Prolongation=0	Begin=310.003|End=310.401
212-0	SPK5002	Falling	212	_	Шаршайды	Шаршайды	linguistic	_	_	Begin=311.722
212-1	SPK5002	Falling	212	_	ғой.	ғой	linguistic	_	_	End=312.238
213-0	SPK5002	Continuing	213	_	Кешегінің	Кешегінің	linguistic	_	_	Begin=312.238
213-1	SPK5002	Continuing	213	_	өзінде,	өзінде	linguistic	_	_	End=312.868
214-0	SPK5002	Continuing	214	_	шаршапты	шаршапты	linguistic	_	_	Begin=312.868
214-1	SPK5002	Continuing	214	_	ғой,	ғой	linguistic	_	_	End=313.444
215-0	SPK5002	Falling	215	_	жолдан	жолдан	linguistic	_	_	Begin=313.444
215-1	SPK5002	Falling	215	_	келді	келді	linguistic	_	_	_
215-2	SPK5002	Falling	215	_	ғой	ғой	linguistic	_	_	_
215-3	SPK5002	Falling	215	_	енді.	енді	linguistic	_	_	End=314.442
216-0	SPK5002	Falling	216	_	Сосын	Сосын	linguistic	_	_	Begin=316.529
216-1	SPK5002	Falling	216	_	далада	далада	linguistic	_	_	_
216-2	SPK5002	Falling	216	_	жүрген	жүрген	linguistic	_	_	_
216-3	SPK5002	Falling	216	_	сияқты	сияқты	linguistic	_	_	_
216-4	SPK5002	Falling	216	_	ғой.	ғой	linguistic	_	_	End=317.727
217-0	SPK5003	Falling	217	_	Шай	Шай	linguistic	_	_	Begin=318.952
217-1	SPK5003	Falling	217	_	құяйын	құяйын	linguistic	_	_	_
217-2	SPK5003	Falling	217	_	ба	ба	linguistic	_	_	_
217-3	SPK5003	Falling	217	_	әке.	әке	linguistic	_	_	End=320.052
218-0	SPK5002	Continuing	218	_	Ана,	Ана	linguistic	_	_	Begin=321.273|End=321.704
219-0	SPK5001	Falling	219	_	Қайнасын.	Қайнасын	linguistic	_	_	Begin=321.358|End=322.142
220-0	SPK5002	undefined	220	_	Қайна–	Қайна–	linguistic	_	_	Begin=321.704|End=322.389
221-0	SPK5002	Falling	221	_	қайнап	қайнап	linguistic	_	_	Begin=322.389
221-1	SPK5002	Falling	221	_	тұр	тұр	linguistic	_	_	_
221-2	SPK5002	Falling	221	_	қазір.	қазір	linguistic	_	_	End=323.069
222-0	SPK5002	Continuing	222	_	Ана	Ана	linguistic	_	_	Begin=323.185
222-1	SPK5002	Continuing	222	_	Абдулла	Абдулла	linguistic	_	_	_
222-2	SPK5002	Continuing	222	_	деген,	деген	linguistic	_	_	End=324.033
223-0	SPK5002	Continuing	223	_	альхамдуллилях,	альхамдуллилях	linguistic	_	_	Begin=324.033|End=324.795
224-0	SPK5002	Continuing	224	_	кіммен,	кіммен	linguistic	_	_	Begin=324.795|End=325.649
225-0	SPK5002	Continuing	225	_	мамасы,	мамасы	linguistic	_	_	Begin=326.609|End=327.203
226-0	SPK5002	Continuing	226	_	Абдулланың	Абдулланың	linguistic	_	_	Begin=327.203
226-1	SPK5002	Continuing	226	_	мамасы,	мамасы	linguistic	_	_	End=328.172
227-0	SPK5002	Falling	227	_	коттеджде	коттеджде	linguistic	_	_	Begin=328.328
227-1	SPK5002	Falling	227	_	тұрады	тұрады	linguistic	_	_	_
227-2	SPK5002	Falling	227	_	екен.	екен	linguistic	_	_	End=329.422
228-0	SPK5002	Rising	228	_	Мансар	Мансар	linguistic	_	_	Begin=330.792
228-1	SPK5002	Rising	228	_	ма?	ма	linguistic	_	_	End=331.285
229-0	SPK5002	Continuing	229	_	Коттедж	Коттедж	linguistic	_	_	Begin=331.285
229-1	SPK5002	Continuing	229	_	ба	ба	linguistic	_	_	_
229-2	SPK5002	Continuing	229	_	бірдеңе,	бірдеңе	linguistic	_	_	End=331.907
230-0	SPK5002	Falling	230	_	үлкен	үлкен	linguistic	_	_	Begin=331.952
230-1	SPK5002	Falling	230	_	үйде.	үйде	linguistic	_	_	End=332.935
231-0	SPK5002	Continuing	231	_	Ата	Ата	linguistic	_	_	Begin=333.159
231-1	SPK5002	Continuing	231	_	аналарды	аналарды	linguistic	_	_	_
231-2	SPK5002	Continuing	231	_	сол,	сол	linguistic	_	_	End=334.075
232-0	SPK5002	Continuing	232	_	пикникке	пикникке	linguistic	_	_	Begin=334.63
232-1	SPK5002	Continuing	232	_	кеkетіндер,	кеkетіндер	linguistic	_	_	End=335.603
233-0	SPK5002	Continuing	233	_	көбі,	көбі	linguistic	_	_	Begin=335.631|End=336.008
234-0	SPK5002	Continuing	234	_	Тараз	Тараз	linguistic	_	_	Begin=336.008
234-1	SPK5002	Continuing	234	_	нелер,	нелер	linguistic	_	_	End=336.91
235-0	SPK5002	Falling	235	_	Алматылар.	Алматылар	linguistic	_	_	Begin=336.91|End=337.818
236-0	SPK5002	Falling	236	_	Неге	Неге	linguistic	_	_	Begin=338.432
236-1	SPK5002	Falling	236	_	барған	барған	linguistic	_	_	_
236-2	SPK5002	Falling	236	_	ғой.	ғой	linguistic	_	_	End=339.246
237-0	SPK5002	Falling	237	_	Шымкентке	Шымкентке	linguistic	_	_	Begin=339.921
237-1	SPK5002	Falling	237	_	қонған	қонған	linguistic	_	_	_
237-2	SPK5002	Falling	237	_	ғой.	ғой	linguistic	_	_	End=340.858
238-0	SPK5002	Continuing	238	_	Бәрін,	Бәрін	linguistic	_	_	Begin=340.862|End=341.177
239-0	SPK5002	Falling	239	_	үйіне	үйіне	linguistic	_	_	Begin=341.177
239-1	SPK5002	Falling	239	_	алып	алып	linguistic	_	_	_
239-2	SPK5002	Falling	239	_	кетіпті.	кетіпті	linguistic	_	_	End=341.795
240-0	SPK5002	Continuing	240	_	Түгел,	Түгел	linguistic	_	_	Begin=341.855|End=342.293
241-0	SPK5002	Falling	241	_	қонған.	қонған	linguistic	_	_	Begin=342.293|End=343.079
242-0	SPK5002	Continuing	242	_	Түнде,	Түнде	linguistic	_	_	Begin=344.326|End=344.595
243-0	SPK5002	Falling	243	_	бәрін	бәрін	linguistic	_	_	Begin=344.595
243-1	SPK5002	Falling	243	_	шақырыпты.	шақырыпты	linguistic	_	_	End=345.429
244-0	SPK5002	Continuing	244	_	¬Алтынбекті,	Алтынбекті	linguistic	_	Anonymized=Yes	Begin=345.429|End=346.041
245-0	SPK5002	Continuing	245	_	мына,	мына	linguistic	_	_	Begin=346.041|End=346.562
246-0	SPK5002	Continuing	246	_	кімді,	кімді	linguistic	_	_	Begin=346.562|End=347.129
247-0	SPK5002	Falling	247	_	мыналарды.	мыналарды	linguistic	_	_	Begin=347.129|End=348.381
248-0	SPK5003	Falling	248	_	Капуста	Капуста	linguistic	_	_	Begin=347.231
248-1	SPK5003	Falling	248	_	ғой.	ғой	linguistic	_	_	End=347.954
249-0	SPK5001	Falling	249	_	Капуста	Капуста	linguistic	_	_	Begin=348.352
249-1	SPK5001	Falling	249	_	ма.	ма	linguistic	_	_	End=348.994
250-0	SPK5003	Falling	250	_	Иә.	Иә	linguistic	_	_	Begin=348.867|End=349.286
251-0	SPK5002	Falling	251	_	Бармапты	Бармапты	linguistic	_	_	Begin=349.397
251-1	SPK5002	Falling	251	_	да.	да	linguistic	_	_	End=350.176
252-0	SPK5002	Falling	252	_	Тек	Тек	linguistic	_	_	Begin=350.195
252-1	SPK5002	Falling	252	_	мамасы	мамасы	linguistic	_	_	_
252-2	SPK5002	Falling	252	_	барыпты.	барыпты	linguistic	_	_	End=351.069
253-0	SPK5002	Falling	253	_	Салтанат.	Салтанат	linguistic	_	_	Begin=351.149|End=351.503
254-0	SPK5002	Falling	254	_	Мамасы	Мамасы	linguistic	_	_	Begin=351.503
254-1	SPK5002	Falling	254	_	өзі	өзі	linguistic	_	_	_
254-2	SPK5002	Falling	254	_	барыпты.	барыпты	linguistic	_	_	End=352.69
255-0	SPK5002	Continuing	255	_	Екеуі	Екеуі	linguistic	_	_	Begin=352.69
255-1	SPK5002	Continuing	255	_	өзі,	өзі	linguistic	_	_	End=353.734
256-0	SPK5002	Falling	256	_	өзіміз	өзіміз	linguistic	_	_	Begin=353.852
256-1	SPK5002	Falling	256	_	қыдырамыз	қыдырамыз	linguistic	_	_	_
256-2	SPK5002	Falling	256	_	деп.	деп	linguistic	_	_	End=355.006
257-0	SPK5002	Falling	257	_	Өздері	Өздері	linguistic	_	_	Begin=365.572
257-1	SPK5002	Falling	257	_	шыққан	шыққан	linguistic	_	_	_
257-2	SPK5002	Falling	257	_	сияқты.	сияқты	linguistic	_	_	End=366.601
258-0	SPK5003	Rising	258	_	Не	Не	linguistic	_	_	Begin=400.044
258-1	SPK5003	Rising	258	_	болды?	болды	linguistic	_	_	End=400.667
259-0	SPK5002	Falling	259	_	Ашып	Ашып	linguistic	_	_	Begin=402.724
259-1	SPK5002	Falling	259	_	қойшы.	қойшы	linguistic	_	_	End=403.421
260-0	SPK5001	Falling	260	_	Ана	Ана	linguistic	_	_	Begin=405.479
260-1	SPK5001	Falling	260	_	еттің	еттің	linguistic	_	_	_
260-2	SPK5001	Falling	260	_	иісі	иісі	linguistic	_	_	_
260-3	SPK5001	Falling	260	_	шығып.	шығып	linguistic	_	_	End=406.798
261-0	SPK5003	Continuing	261	_	А,	А	linguistic	_	_	Begin=407.717|End=407.964
262-0	SPK5003	Rising	262	_	ненікі	ненікі	linguistic	_	_	Begin=407.964
262-1	SPK5003	Rising	262	_	емес	емес	linguistic	_	_	_
262-2	SPK5003	Rising	262	_	пе?	пе	linguistic	_	_	End=408.526
263-0	SPK5003	Falling	263	_	Раквинаның.	Раквинаның	linguistic	_	_	Begin=408.526|End=409.436
264-0	SPK5002	Falling	264	_	И	И	linguistic	_	_	Begin=410.058
264-1	SPK5002	Falling	264	_	жоқ.	жоқ	linguistic	_	_	End=410.503
265-0	SPK5002	Falling	265	_	Тұра	Тұра	linguistic	_	_	Begin=410.688
265-1	SPK5002	Falling	265	_	берсінші.	берсінші	linguistic	_	_	End=411.267
266-0	SPK5002	Falling	266	_	Кішкене.	Кішкене	linguistic	_	_	Begin=411.267|End=412.027
267-0	SPK5001	Falling	267	_	Сквозняк	Сквозняк	linguistic	_	_	Begin=412.242
267-1	SPK5001	Falling	267	_	соғып	соғып	linguistic	_	_	_
267-2	SPK5001	Falling	267	_	кетті	кетті	linguistic	_	_	_
267-3	SPK5001	Falling	267	_	ғой.	ғой	linguistic	_	_	End=413.178
268-0	SPK5002	Falling	268	_	Менің	Менің	linguistic	_	_	Begin=454.575
268-1	SPK5002	Falling	268	_	бадьяным	бадьяным	linguistic	_	_	_
268-2	SPK5002	Falling	268	_	қайда.	қайда	linguistic	_	_	End=455.686
269-0	SPK5002	Continuing	269	_	Күшті	Күшті	linguistic	_	_	Begin=460.738
269-1	SPK5002	Continuing	269	_	иісі,	иісі	linguistic	_	_	End=461.114
270-0	SPK5002	Falling	270	_	дегенде.	дегенде	linguistic	_	_	Begin=461.114|End=461.72
271-0	SPK5003	Rising	271	_	Шоколад	Шоколад	linguistic	_	_	Begin=508.13
271-1	SPK5003	Rising	271	_	жейсіз	жейсіз	linguistic	_	_	_
271-2	SPK5003	Rising	271	_	бе?	бе	linguistic	_	_	End=508.816
272-0	SPK5001	Rising	272	_	Бар	Бар	linguistic	_	_	Begin=509.46
272-1	SPK5001	Rising	272	_	ма?	ма	linguistic	_	_	End=509.898
273-0	SPK5001	Falling	273	_	Кішкентай.	Кішкентай	linguistic	_	_	Begin=510.525|End=511.424
274-0	SPK5002	Continuing	274	_	Мынау,	Мынау	linguistic	_	_	Begin=573.467|End=574.029
275-0	SPK5002	Falling	275	_	Московский	Московский	linguistic	_	_	Begin=574.029
275-1	SPK5002	Falling	275	_	халва.	халва	linguistic	_	_	End=575.023
276-0	SPK5003	Continuing	276	_	Халва,	Халва	linguistic	_	_	Begin=586.005|End=586.659
277-0	SPK5003	Continuing	277	_	қалай	қалай	linguistic	_	_	Begin=586.705
277-1	SPK5003	Continuing	277	_	жасайды,	жасайды	linguistic	_	_	End=587.267
278-0	SPK5003	Falling	278	_	осы.	осы	linguistic	_	_	Begin=587.267|End=587.651
279-0	SPK5002	Falling	279	_	Шемішке	Шемішке	linguistic	_	_	Begin=589.244
279-1	SPK5002	Falling	279	_	ғой.	ғой	linguistic	_	_	End=589.867
280-0	SPK5002	Falling	280	_	##шыған.	##шыған	linguistic	_	_	Begin=589.867|End=590.714
281-0	SPK5003	Rising	281	_	Шемішке	Шемішке	linguistic	_	_	Begin=592.153
281-1	SPK5003	Rising	281	_	май?	май	linguistic	_	_	End=592.8
282-0	SPK5002	undefined	282	_	Шемішке	Шемішке	linguistic	_	_	Begin=595.54
282-1	SPK5002	undefined	282	_	ғой	ғой	linguistic	_	_	End=596.214
283-0	SPK5002	Falling	283	_	мынау.	мынау	linguistic	_	_	Begin=596.214|End=596.784
284-0	SPK5003	Falling	284	_	Ммм.	Ммм	linguistic	_	_	Begin=598.188|End=599.311
285-0	SPK5003	Falling	285	_	Басқаша	Басқаша	linguistic	_	_	Begin=599.579
285-1	SPK5003	Falling	285	_	екен	екен	linguistic	_	_	_
285-2	SPK5003	Falling	285	_	дәмі.	дәмі	linguistic	_	_	End=600.37
286-0	SPK5003	Falling	286	_	Ммм.	Ммм	linguistic	_	_	Begin=602.306|End=603.181
287-0	SPK5002	Continuing	287	_	Натуральный	Натуральный	linguistic	_	_	Begin=603.646
287-1	SPK5002	Continuing	287	_	тамақ	тамақ	linguistic	_	_	_
287-2	SPK5002	Continuing	287	_	қой,	қой	linguistic	_	_	End=604.652
288-0	SPK5002	Falling	288	_	негізінде.	негізінде	linguistic	_	_	Begin=604.652|End=605.364
289-0	SPK5002	Continuing	289	_	Московский,	Московский	linguistic	_	_	Begin=608.736|End=609.306
290-0	SPK5002	Falling	290	_	москковский	москковский	linguistic	_	_	Begin=609.306
290-1	SPK5002	Falling	290	_	халва	халва	linguistic	_	_	_
290-2	SPK5002	Falling	290	_	тәтті	тәтті	linguistic	_	_	_
290-3	SPK5002	Falling	290	_	да.	да	linguistic	_	_	End=610.897
291-0	SPK5002	Continuing	291	_	Жақсы	Жақсы	linguistic	_	_	Begin=611.182
291-1	SPK5002	Continuing	291	_	көремін,	көремін	linguistic	_	_	End=611.852
292-0	SPK5002	Falling	292	_	дәмін	дәмін	linguistic	_	_	Begin=611.852
292-1	SPK5002	Falling	292	_	осының.	осының	linguistic	_	_	End=612.614
293-0	SPK5002	Continuing	293	_	Андай,	Андай	linguistic	_	_	Begin=612.989|End=613.32
294-0	SPK5002	Falling	294	_	не.	не	linguistic	_	_	Begin=613.32|End=613.654
295-0	SPK5002	Falling	295	_	пушистый	пушистый	linguistic	_	_	Begin=613.773
295-1	SPK5002	Falling	295	_	ма.	ма	linguistic	_	_	End=614.551
296-0	SPK5002	Falling	296	_	Қымбатсып	Қымбатсып	linguistic	_	_	Begin=619.548
296-1	SPK5002	Falling	296	_	кеткен.	кеткен	linguistic	_	_	End=620.329
297-0	SPK5002	Continuing	297	_	Мынау,	Мынау	linguistic	_	_	Begin=620.329|End=620.583
298-0	SPK5002	Falling	298	_	сегіз	сегіз	linguistic	_	_	Begin=620.583
298-1	SPK5002	Falling	298	_	жүз	жүз	linguistic	_	_	_
298-2	SPK5002	Falling	298	_	теңгеге	теңгеге	linguistic	_	_	_
298-3	SPK5002	Falling	298	_	шықты.	шықты	linguistic	_	_	End=621.423
299-0	SPK5003	Falling	299	_	Мм.	Мм	linguistic	_	_	Begin=622.199|End=623.06
300-0	SPK5003	Falling	300	_	Мынау	Мынау	linguistic	_	_	Begin=626.418
300-1	SPK5003	Falling	300	_	жарайды.	жарайды	linguistic	_	_	End=627.399
301-0	SPK5002	Continuing	301	_	Мынау	Мынау	linguistic	_	_	Begin=628.17
301-1	SPK5002	Continuing	301	_	бұрын,	бұрын	linguistic	_	_	End=628.875
302-0	SPK5002	Falling	302	_	төрт	төрт	linguistic	_	_	Begin=628.875
302-1	SPK5002	Falling	302	_	жүзге	жүзге	linguistic	_	_	_
302-2	SPK5002	Falling	302	_	шығатын	шығатын	linguistic	_	_	_
302-3	SPK5002	Falling	302	_	еді.	еді	linguistic	_	_	End=629.846
303-0	SPK5002	Continuing	303	_	Мен	Мен	linguistic	_	_	Begin=629.95
303-1	SPK5002	Continuing	303	_	именно,	именно	linguistic	_	_	End=630.501
304-0	SPK5002	Continuing	304	_	именно,	именно	linguistic	_	_	Begin=631.613|End=632.306
305-0	SPK5002	Continuing	305	_	Московский	Московский	linguistic	_	_	Begin=632.306
305-1	SPK5002	Continuing	305	_	аламын	аламын	linguistic	_	_	_
305-2	SPK5002	Continuing	305	_	да,	да	linguistic	_	_	End=633.213
306-0	SPK5002	Falling	306	_	са–	са–	linguistic	_	_	Begin=633.213
306-1	SPK5002	Falling	306	_	сары	сары	linguistic	_	_	_
306-2	SPK5002	Falling	306	_	базарға	базарға	linguistic	_	_	_
306-3	SPK5002	Falling	306	_	барғанда.	барғанда	linguistic	_	_	End=634.713
307-0	SPK5002	Continuing	307	_	Басқа	Басқа	linguistic	_	_	Begin=635.159
307-1	SPK5002	Continuing	307	_	жерлерде,	жерлерде	linguistic	_	_	End=635.729
308-0	SPK5002	Falling	308	_	Московский	Московский	linguistic	_	_	Begin=635.729
308-1	SPK5002	Falling	308	_	сияқты	сияқты	linguistic	_	_	_
308-2	SPK5002	Falling	308	_	сатпайды.	сатпайды	linguistic	_	_	End=637.043
309-0	SPK5002	Continuing	309	_	Сол	Сол	linguistic	_	_	Begin=638.394
309-1	SPK5002	Continuing	309	_	сары	сары	linguistic	_	_	_
309-2	SPK5002	Continuing	309	_	базардың,	базардың	linguistic	_	_	End=639.107
310-0	SPK5002	Falling	310	_	доставкасы	доставкасы	linguistic	_	_	Begin=639.107
310-1	SPK5002	Falling	310	_	бар	бар	linguistic	_	_	_
310-2	SPK5002	Falling	310	_	ау	ау	linguistic	_	_	_
310-3	SPK5002	Falling	310	_	деймін.	деймін	linguistic	_	_	End=640.044
311-0	SPK5002	Continuing	311	_	Сосын,	Сосын	linguistic	_	_	Begin=640.059|End=640.321
312-0	SPK5002	Falling	312	_	Дина	Дина	linguistic	_	_	Begin=640.321
312-1	SPK5002	Falling	312	_	сатады.	сатады	linguistic	_	_	End=641.016
313-0	SPK5002	Continuing	313	_	Са-	Са-	linguistic	_	Interrupted=Yes	Begin=641.016
313-1	SPK5002	Continuing	313	_	ха-,	ха-	linguistic	_	Interrupted=Yes	End=641.549
314-0	SPK5002	Falling	314	_	Московскийді.	Московскийді	linguistic	_	_	Begin=641.549|End=642.287
315-0	SPK5002	Continuing	315	_	Барлық	Барлық	linguistic	_	_	Begin=643.103
315-1	SPK5002	Continuing	315	_	жерде,	жерде	linguistic	_	_	End=643.838
316-0	SPK5002	Falling	316	_	Қазақстан	Қазақстан	linguistic	_	_	Begin=644.551
316-1	SPK5002	Falling	316	_	ғой.	ғой	linguistic	_	_	End=645.19
317-0	SPK5002	Falling	317	_	Рахат.	Рахат	linguistic	_	_	Begin=645.19|End=645.571
318-0	SPK5003	Falling	318	_	Мм.	Мм	linguistic	_	_	Begin=646.154|End=646.839
319-0	SPK5002	Continuing	319	_	Мынау,	Мынау	linguistic	_	_	Begin=647.072|End=647.412
320-0	SPK5002	Continuing	320	_	мынаның	мынаның	linguistic	_	_	Begin=649.504
320-1	SPK5002	Continuing	320	_	дәмі,	дәмі	linguistic	_	_	End=650.095
321-0	SPK5002	Falling	321	_	шайға.	шайға	linguistic	_	_	Begin=651.62|End=652.25
322-0	SPK5002	Continuing	322	_	Бадьянмен	Бадьянмен	linguistic	_	_	Begin=654.665
322-1	SPK5002	Continuing	322	_	ішсең,	ішсең	linguistic	_	_	End=655.498
323-0	SPK5002	Falling	323	_	күшті	күшті	linguistic	_	_	Begin=655.498
323-1	SPK5002	Falling	323	_	болып	болып	linguistic	_	_	_
323-2	SPK5002	Falling	323	_	тұрады.	тұрады	linguistic	_	_	End=656.08
324-0	SPK5001	Continuing	324	_	¬Аяулым,	Аяулым	linguistic	_	Anonymized=Yes	Begin=694.391|End=694.845
325-0	SPK5001	Falling	325	_	келетін	келетін	linguistic	_	_	Begin=694.845
325-1	SPK5001	Falling	325	_	кісі	кісі	linguistic	_	_	_
325-2	SPK5001	Falling	325	_	ғой.	ғой	linguistic	_	_	End=695.537
326-0	SPK5001	Falling	326	_	Босқа	Босқа	linguistic	_	_	Begin=695.537
326-1	SPK5001	Falling	326	_	ана	ана	linguistic	_	_	_
326-2	SPK5001	Falling	326	_	жақта	жақта	linguistic	_	_	_
326-3	SPK5001	Falling	326	_	жүргенше.	жүргенше	linguistic	_	_	End=696.705
327-0	SPK5002	Falling	327	_	Лабораторияда	Лабораторияда	linguistic	_	_	Begin=697.466
327-1	SPK5002	Falling	327	_	ғой	ғой	linguistic	_	_	_
327-2	SPK5002	Falling	327	_	ол.	ол	linguistic	_	_	End=698.554
328-0	SPK5003	Continuing	328	_	Таңертең,	Таңертең	linguistic	_	_	Begin=698.51|End=698.822
329-0	SPK5003	Falling	329	_	жұмыста	жұмыста	linguistic	_	_	Begin=698.822
329-1	SPK5003	Falling	329	_	ғой	ғой	linguistic	_	_	_
329-2	SPK5003	Falling	329	_	ол.	ол	linguistic	_	_	End=699.455
330-0	SPK5001	Continuing	330	_	Демалып	Демалып	linguistic	_	_	Begin=701.776
330-1	SPK5001	Continuing	330	_	кішкене,	кішкене	linguistic	_	_	End=702.858
331-0	SPK5001	Falling	331	_	үйде.	үйде	linguistic	_	_	Begin=702.858|End=703.474
332-0	SPK5001	Continuing	332	_	Тойдан	Тойдан	linguistic	_	_	Begin=706.476
332-1	SPK5001	Continuing	332	_	кейін,	кейін	linguistic	_	_	End=706.967
333-0	SPK5001	Continuing	333	_	кетіп	кетіп	linguistic	_	_	Begin=706.967
333-1	SPK5001	Continuing	333	_	қала	қала	linguistic	_	_	_
333-2	SPK5001	Continuing	333	_	ма,	ма	linguistic	_	_	End=707.468
334-0	SPK5001	Rising	334	_	тағы?	тағы	linguistic	_	_	Begin=707.468|End=707.784
335-0	SPK5002	Falling	335	_	Иә.	Иә	linguistic	_	_	Begin=708.395|End=708.758
336-0	SPK5001	Continuing	336	_	Демалмай	Демалмай	linguistic	_	_	Begin=709.317
336-1	SPK5001	Continuing	336	_	ма,	ма	linguistic	_	_	End=709.688
337-0	SPK5001	Continuing	337	_	бір	бір	linguistic	_	_	Begin=709.688
337-1	SPK5001	Continuing	337	_	жазда,	жазда	linguistic	_	_	End=710.032
338-0	SPK5001	Falling	338	_	кішкене.	кішкене	linguistic	_	_	Begin=710.032|End=710.404
339-0	SPK5001	Continuing	339	_	Әйтпесе,	Әйтпесе	linguistic	_	_	Begin=712.812|End=713.23
340-0	SPK5001	Continuing	340	_	сен	сен	linguistic	_	_	Begin=713.23
340-1	SPK5001	Continuing	340	_	демалған	демалған	linguistic	_	_	_
340-2	SPK5001	Continuing	340	_	кезде	кезде	linguistic	_	_	_
340-3	SPK5001	Continuing	340	_	қыс	қыс	linguistic	_	_	_
340-4	SPK5001	Continuing	340	_	бойы,	бойы	linguistic	_	_	End=714.286
341-0	SPK5001	Continuing	341	_	и	и	linguistic	_	_	Begin=714.286
341-1	SPK5001	Continuing	341	_	так,	так	linguistic	_	_	End=714.644
342-0	SPK5001	Falling	342	_	жетеді	жетеді	linguistic	_	_	Begin=714.644
342-1	SPK5001	Falling	342	_	оған.	оған	linguistic	_	_	End=715.115
343-0	SPK5003	Rising	343	_	Қыста	Қыста	linguistic	_	_	Begin=717.483
343-1	SPK5003	Rising	343	_	келмей	келмей	linguistic	_	_	_
343-2	SPK5003	Rising	343	_	ме?	ме	linguistic	_	_	End=718.457
344-0	SPK5003	Falling	344	_	Бір	Бір	linguistic	_	_	Begin=718.457
344-1	SPK5003	Falling	344	_	айға.	айға	linguistic	_	_	End=718.747
345-0	SPK5002	Continuing	345	_	Операцияны,	Операцияны	linguistic	_	_	Begin=722.264|End=722.951
346-0	SPK5002	Continuing	346	_	жасатып	жасатып	linguistic	_	_	Begin=722.951
346-1	SPK5002	Continuing	346	_	алып,	алып	linguistic	_	_	End=723.59
347-0	SPK5002	Falling	347	_	үйге	үйге	linguistic	_	_	Begin=723.59
347-1	SPK5002	Falling	347	_	алып	алып	linguistic	_	_	_
347-2	SPK5002	Falling	347	_	келемін	келемін	linguistic	_	_	_
347-3	SPK5002	Falling	347	_	бе	бе	linguistic	_	_	_
347-4	SPK5002	Falling	347	_	деп	деп	linguistic	_	_	_
347-5	SPK5002	Falling	347	_	отырмын.	отырмын	linguistic	_	_	End=724.918
348-0	SPK5002	Continuing	348	_	Төрт	Төрт	linguistic	_	_	Begin=727.437
348-1	SPK5002	Continuing	348	_	күнде,	күнде	linguistic	_	_	End=728.224
349-0	SPK5002	Falling	349	_	жасатып	жасатып	linguistic	_	_	Begin=728.224
349-1	SPK5002	Falling	349	_	жіберіп	жіберіп	linguistic	_	_	_
349-2	SPK5002	Falling	349	_	та.	та	linguistic	_	_	End=729.037
350-0	SPK5002	Continuing	350	_	Үш	Үш	linguistic	_	_	Begin=732.582
350-1	SPK5002	Continuing	350	_	төрт	төрт	linguistic	_	_	_
350-2	SPK5002	Continuing	350	_	күннен	күннен	linguistic	_	_	_
350-3	SPK5002	Continuing	350	_	кейін,	кейін	linguistic	_	_	End=733.389
351-0	SPK5002	Falling	351	_	ұшып	ұшып	linguistic	_	_	Begin=733.389
351-1	SPK5002	Falling	351	_	кетуге	кетуге	linguistic	_	_	_
351-2	SPK5002	Falling	351	_	болады	болады	linguistic	_	_	_
351-3	SPK5002	Falling	351	_	ғой.	ғой	linguistic	_	_	End=734.157
352-0	SPK5002	Rising	352	_	Үйде	Үйде	linguistic	_	_	Begin=734.157
352-1	SPK5002	Rising	352	_	да?	да	linguistic	_	_	End=734.898
353-0	SPK5003	Falling	353	_	Мхм.	Мхм	linguistic	_	_	Begin=735.034|End=735.416
354-0	SPK5002	Falling	354	_	Сөйтетін	Сөйтетін	linguistic	_	_	Begin=737.369
354-1	SPK5002	Falling	354	_	шығармын.	шығармын	linguistic	_	_	End=738.178
355-0	SPK5003	Continuing	355	_	Там:,	Там	linguistic	_	Prolongation=2	Begin=738.699|End=739.238
356-0	SPK5002	undefined	356	_	##	##	unknown	_	_	Begin=739.442|End=740.002
357-0	SPK5003	Continuing	357	_	уақыттары	уақыттары	linguistic	_	_	Begin=739.674
357-1	SPK5003	Continuing	357	_	бар	бар	linguistic	_	_	_
357-2	SPK5003	Continuing	357	_	ғой,	ғой	linguistic	_	_	End=740.483
358-0	SPK5003	Falling	358	_	тексеріп	тексеріп	linguistic	_	_	Begin=740.483
358-1	SPK5003	Falling	358	_	тұратын.	тұратын	linguistic	_	_	End=741.598
359-0	SPK5002	Falling	359	_	Иә.	Иә	linguistic	_	_	Begin=741.34|End=741.688
360-0	SPK5002	Falling	360	_	А:	А	linguistic	_	Prolongation=0	Begin=742.731
360-1	SPK5002	Falling	360	_	иә.	иә	linguistic	_	_	End=743.337
361-0	SPK5003	Continuing	361	_	Екі	Екі	linguistic	_	_	Begin=743.445
361-1	SPK5003	Continuing	361	_	аптадан	аптадан	linguistic	_	_	_
361-2	SPK5003	Continuing	361	_	кейін	кейін	linguistic	_	_	_
361-3	SPK5003	Continuing	361	_	бе,	бе	linguistic	_	_	End=744.314
362-0	SPK5003	Falling	362	_	сондай.	сондай	linguistic	_	_	Begin=744.314|End=744.817
363-0	SPK5002	Continuing	363	_	Жоқ,	Жоқ	linguistic	_	_	Begin=745.107|End=745.413
364-0	SPK5002	Continuing	364	_	не	не	linguistic	_	_	Begin=745.413
364-1	SPK5002	Continuing	364	_	еткеннен	еткеннен	linguistic	_	_	_
364-2	SPK5002	Continuing	364	_	кейін,	кейін	linguistic	_	_	End=746.263
365-0	SPK5002	Continuing	365	_	бір	бір	linguistic	_	_	Begin=746.263
365-1	SPK5002	Continuing	365	_	күннен	күннен	linguistic	_	_	_
365-2	SPK5002	Continuing	365	_	кейін,	кейін	linguistic	_	_	End=747.28
366-0	SPK5002	Falling	366	_	тексереді.	тексереді	linguistic	_	_	Begin=747.28|End=747.949
367-0	SPK5003	Rising	367	_	Келесі	Келесі	linguistic	_	_	Begin=747.766
367-1	SPK5003	Rising	367	_	күні	күні	linguistic	_	_	_
367-2	SPK5003	Rising	367	_	келесің	келесің	linguistic	_	_	_
367-3	SPK5003	Rising	367	_	болды	болды	linguistic	_	_	_
367-4	SPK5003	Rising	367	_	иә?	иә	linguistic	_	_	End=749.183
368-0	SPK5002	undefined	368	_	Содан	Содан	linguistic	_	_	Begin=749.237
368-1	SPK5002	undefined	368	_	кейін	кейін	linguistic	_	_	_
368-2	SPK5002	undefined	368	_	екі	екі	linguistic	_	_	_
368-3	SPK5002	undefined	368	_	апта–	апта–	linguistic	_	_	End=749.725
369-0	SPK5003	Rising	369	_	Содан	Содан	linguistic	_	_	Begin=749.253
369-1	SPK5003	Rising	369	_	кейін	кейін	linguistic	_	_	_
369-2	SPK5003	Rising	369	_	екі	екі	linguistic	_	_	_
369-3	SPK5003	Rising	369	_	апта?	апта	linguistic	_	_	End=750.168
370-0	SPK5003	Continuing	370	_	Төрт,	Төрт	linguistic	_	_	Begin=750.385|End=750.715
371-0	SPK5003	Rising	371	_	апта	апта	linguistic	_	_	Begin=750.715
371-1	SPK5003	Rising	371	_	ма?	ма	linguistic	_	_	End=751.425
372-0	SPK5003	Falling	372	_	Екі	Екі	linguistic	_	_	Begin=751.425
372-1	SPK5003	Falling	372	_	ай	ай	linguistic	_	_	_
372-2	SPK5003	Falling	372	_	ма	ма	linguistic	_	_	_
372-3	SPK5003	Falling	372	_	сондай.	сондай	linguistic	_	_	End=752.565
373-0	SPK5002	Continuing	373	_	Сол	Сол	linguistic	_	_	Begin=753.306
373-1	SPK5002	Continuing	373	_	уақыттарға,	уақыттарға	linguistic	_	_	End=753.965
374-0	SPK5002	Continuing	374	_	таман	таман	linguistic	_	_	Begin=753.965
374-1	SPK5002	Continuing	374	_	билет,	билет	linguistic	_	_	End=754.408
375-0	SPK5002	Falling	375	_	сөйтіп	сөйтіп	linguistic	_	_	Begin=754.411
375-1	SPK5002	Falling	375	_	алғызыпты.	алғызыпты	linguistic	_	_	End=755.262
376-0	SPK5002	Falling	376	_	Сол	Сол	linguistic	_	_	Begin=755.283
376-1	SPK5002	Falling	376	_	бесінен	бесінен	linguistic	_	_	_
376-2	SPK5002	Falling	376	_	кейін	кейін	linguistic	_	_	_
376-3	SPK5002	Falling	376	_	алғызып.	алғызып	linguistic	_	_	End=756.419
377-0	SPK5002	Continuing	377	_	Үйде	Үйде	linguistic	_	_	Begin=758.336
377-1	SPK5002	Continuing	377	_	жатсын,	жатсын	linguistic	_	_	End=759.023
378-0	SPK5002	Falling	378	_	кішкене.	кішкене	linguistic	_	_	Begin=759.023|End=759.781
379-0	SPK5002	Falling	379	_	Декабрьде	Декабрьде	linguistic	_	_	Begin=760.235
379-1	SPK5002	Falling	379	_	келіп.	келіп	linguistic	_	_	End=761.091
380-0	SPK5003	Continuing	380	_	Алайын	Алайын	linguistic	_	_	Begin=778.38
380-1	SPK5003	Continuing	380	_	ба,	ба	linguistic	_	_	End=778.803
381-0	SPK5003	Rising	381	_	тағы	тағы	linguistic	_	_	Begin=778.803
381-1	SPK5003	Rising	381	_	ұнады	ұнады	linguistic	_	_	_
381-2	SPK5003	Rising	381	_	ма?	ма	linguistic	_	_	End=779.485
382-0	SPK5001	Falling	382	_	Қаншадан	Қаншадан	linguistic	_	_	Begin=781.82
382-1	SPK5001	Falling	382	_	мынау.	мынау	linguistic	_	_	End=782.599
383-0	SPK5003	Rising	383	_	М?	М	linguistic	_	_	Begin=782.934|End=783.261
384-0	SPK5001	Rising	384	_	Қаншадан?	Қаншадан	linguistic	_	_	Begin=783.301|End=783.91
385-0	SPK5003	Falling	385	_	Білмеймін.	Білмеймін	linguistic	_	_	Begin=784.002|End=784.532
386-0	SPK5003	Continuing	386	_	Без	Без	linguistic	_	_	Begin=785.267
386-1	SPK5003	Continuing	386	_	жүз	жүз	linguistic	_	_	_
386-2	SPK5003	Continuing	386	_	бе,	бе	linguistic	_	_	End=785.678
387-0	SPK5003	Falling	387	_	сондай	сондай	linguistic	_	_	Begin=785.678
387-1	SPK5003	Falling	387	_	шығар.	шығар	linguistic	_	_	End=786.102
388-0	SPK5001	Falling	388	_	Аа.	Аа	linguistic	_	_	Begin=786.334|End=786.702
389-0	SPK5003	Continuing	389	_	Бес	Бес	linguistic	_	_	Begin=786.827
389-1	SPK5003	Continuing	389	_	жүз,	жүз	linguistic	_	_	End=787.132
390-0	SPK5003	Falling	390	_	##.	##	unknown	_	_	Begin=787.153|End=787.906
391-0	SPK5002	Falling	391	_	Бес	Бес	linguistic	_	_	Begin=787.25
391-1	SPK5002	Falling	391	_	жүзден	жүзден	linguistic	_	_	_
391-2	SPK5002	Falling	391	_	қымбат	қымбат	linguistic	_	_	_
391-3	SPK5002	Falling	391	_	шығар	шығар	linguistic	_	_	_
391-4	SPK5002	Falling	391	_	бұл.	бұл	linguistic	_	_	End=788.211
392-0	SPK5002	Falling	392	_	Россия	Россия	linguistic	_	_	Begin=788.211
392-1	SPK5002	Falling	392	_	ғой.	ғой	linguistic	_	_	End=788.878
393-0	SPK5002	Falling	393	_	Қымбатсып	Қымбатсып	linguistic	_	_	Begin=789.238
393-1	SPK5002	Falling	393	_	кеткен	кеткен	linguistic	_	_	_
393-2	SPK5002	Falling	393	_	российский.	российский	linguistic	_	_	End=790.615
394-0	SPK5003	Rising	394	_	Россия	Россия	linguistic	_	_	Begin=791.28
394-1	SPK5003	Rising	394	_	ма?	ма	linguistic	_	_	End=791.921
395-0	SPK5002	Falling	395	_	Мхм.	Мхм	linguistic	_	_	Begin=791.921|End=792.347
396-0	SPK5003	Falling	396	_	Мынау	Мынау	linguistic	_	_	Begin=794.461
396-1	SPK5003	Falling	396	_	Россия	Россия	linguistic	_	_	_
396-2	SPK5003	Falling	396	_	екен.	екен	linguistic	_	_	End=795.461
397-0	SPK5002	undefined	397	_	###	###	unknown	_	_	Begin=796.105|End=796.626
398-0	SPK5002	Falling	398	_	российский.	российский	linguistic	_	_	Begin=796.626|End=797.301
399-0	SPK5003	Continuing	399	_	#Люля,	#Люля	linguistic	_	_	Begin=799.902|End=800.369
400-0	SPK5003	Falling	400	_	аа.	аа	linguistic	_	_	Begin=800.369|End=800.899
401-0	SPK5002	undefined	401	_	А–	А–	linguistic	_	_	Begin=803.489|End=803.984
402-0	SPK5002	Continuing	402	_	¬Алтош	Алтош	linguistic	_	Anonymized=Yes	Begin=803.984
402-1	SPK5002	Continuing	402	_	жейді,	жейді	linguistic	_	_	End=804.57
403-0	SPK5002	Falling	403	_	мынаны.	мынаны	linguistic	_	_	Begin=804.57|End=805.0
404-0	SPK5003	Rising	404	_	А	А	linguistic	_	_	Begin=805.517
404-1	SPK5003	Rising	404	_	да?	да	linguistic	_	_	End=806.212
405-0	SPK5003	Continuing	405	_	Мына	Мына	linguistic	_	_	Begin=807.939
405-1	SPK5003	Continuing	405	_	андай,	андай	linguistic	_	_	End=808.315
406-0	SPK5003	Falling	406	_	құрт	құрт	linguistic	_	_	Begin=808.315
406-1	SPK5003	Falling	406	_	бәрі	бәрі	linguistic	_	_	_
406-2	SPK5003	Falling	406	_	анда	анда	linguistic	_	_	_
406-3	SPK5003	Falling	406	_	арзан.	арзан	linguistic	_	_	End=809.204
407-0	SPK5003	Rising	407	_	Арзан	Арзан	linguistic	_	_	Begin=809.204
407-1	SPK5003	Rising	407	_	да?	да	linguistic	_	_	End=809.664
408-0	SPK5003	Falling	408	_	Ана	Ана	linguistic	_	_	Begin=809.689
408-1	SPK5003	Falling	408	_	несвиктерге	несвиктерге	linguistic	_	_	_
408-2	SPK5003	Falling	408	_	қарағанда.	қарағанда	linguistic	_	_	End=810.566
409-0	SPK5002	Falling	409	_	Мм.	Мм	linguistic	_	_	Begin=810.566|End=810.848
410-0	SPK5002	Falling	410	_	Несквиктерге	Несквиктерге	linguistic	_	_	Begin=811.006
410-1	SPK5002	Falling	410	_	қарағанда	қарағанда	linguistic	_	_	_
410-2	SPK5002	Falling	410	_	арзан.	арзан	linguistic	_	_	End=812.0
411-0	SPK5002	Falling	411	_	Осыны	Осыны	linguistic	_	_	Begin=812.0
411-1	SPK5002	Falling	411	_	¬Алтош	Алтош	linguistic	_	Anonymized=Yes	_
411-2	SPK5002	Falling	411	_	жақсы	жақсы	linguistic	_	_	_
411-3	SPK5002	Falling	411	_	жейді.	жейді	linguistic	_	_	End=813.08
412-0	SPK5003	Falling	412	_	####.	####	unknown	_	_	Begin=813.06|End=814.068
413-0	SPK5002	Falling	413	_	Алып	Алып	linguistic	_	_	Begin=815.173
413-1	SPK5002	Falling	413	_	қою	қою	linguistic	_	_	_
413-2	SPK5002	Falling	413	_	керек	керек	linguistic	_	_	_
413-3	SPK5002	Falling	413	_	екен.	екен	linguistic	_	_	End=816.126
414-0	SPK5002	Falling	414	_	Менің	Менің	linguistic	_	_	Begin=816.126
414-1	SPK5002	Falling	414	_	¬Алтошқа.	Алтошқа	linguistic	_	Anonymized=Yes	End=817.171
415-0	SPK5002	Continuing	415	_	Ертең	Ертең	linguistic	_	_	Begin=818.608
415-1	SPK5002	Continuing	415	_	шығып,	шығып	linguistic	_	_	End=819.241
416-0	SPK5002	Continuing	416	_	ақша	ақша	linguistic	_	_	Begin=819.264
416-1	SPK5002	Continuing	416	_	беріп,	беріп	linguistic	_	_	End=820.139
417-0	SPK5002	Continuing	417	_	ала	ала	linguistic	_	_	Begin=820.148
417-1	SPK5002	Continuing	417	_	ғой	ғой	linguistic	_	_	_
417-2	SPK5002	Continuing	417	_	мына	мына	linguistic	_	_	_
417-3	SPK5002	Continuing	417	_	жерден,	жерден	linguistic	_	_	End=820.982
418-0	SPK5002	Continuing	418	_	өз	өз	linguistic	_	_	Begin=820.982
418-1	SPK5002	Continuing	418	_	жейтінін	жейтінін	linguistic	_	_	_
418-2	SPK5002	Continuing	418	_	алып	алып	linguistic	_	_	_
418-3	SPK5002	Continuing	418	_	кел,	кел	linguistic	_	_	End=821.699
419-0	SPK5002	Falling	419	_	деймін	деймін	linguistic	_	_	Begin=821.699
419-1	SPK5002	Falling	419	_	ғой.	ғой	linguistic	_	_	End=822.444
420-0	SPK5003	Continuing	420	_	Бағаларын	Бағаларын	linguistic	_	_	Begin=825.228
420-1	SPK5003	Continuing	420	_	көріп,	көріп	linguistic	_	_	End=825.793
421-0	SPK5003	Falling	421	_	шошып	шошып	linguistic	_	_	Begin=825.793
421-1	SPK5003	Falling	421	_	кететін	кететін	linguistic	_	_	_
421-2	SPK5003	Falling	421	_	шығар	шығар	linguistic	_	_	_
421-3	SPK5003	Falling	421	_	ол.	ол	linguistic	_	_	End=826.829
422-0	SPK5003	undefined	422	_	@@	@@	linguistic	_	_	Begin=827.076|End=827.956
423-0	SPK5002	Continuing	423	_	¬Әділ	Әділ	linguistic	_	Anonymized=Yes	Begin=832.32
423-1	SPK5002	Continuing	423	_	ағайы	ағайы	linguistic	_	_	_
423-2	SPK5002	Continuing	423	_	айтыпты,	айтыпты	linguistic	_	_	End=834.004
424-0	SPK5002	Continuing	424	_	ана	ана	linguistic	_	_	Begin=834.004
424-1	SPK5002	Continuing	424	_	футболдан,	футболдан	linguistic	_	_	End=834.776
425-0	SPK5002	Continuing	425	_	командасы,	командасы	linguistic	_	_	Begin=834.776|End=835.249
426-0	SPK5002	Continuing	426	_	там–	там–	linguistic	_	_	Begin=835.249
426-1	SPK5002	Continuing	426	_	тренері,	тренері	linguistic	_	_	End=836.518
427-0	SPK5002	Continuing	427	_	Мә:,	Мә	linguistic	_	Prolongation=1	Begin=836.956|End=837.157
428-0	SPK5002	Continuing	428	_	¬Алтынбек	Алтынбек	linguistic	_	Anonymized=Yes	Begin=837.157
428-1	SPK5002	Continuing	428	_	сен,	сен	linguistic	_	_	End=837.776
429-0	SPK5002	Falling	429	_	Ақтау	Ақтау	linguistic	_	_	Begin=837.776
429-1	SPK5002	Falling	429	_	¬лицейіне	лицейіне	linguistic	_	Anonymized=Yes	_
429-2	SPK5002	Falling	429	_	ауысып	ауысып	linguistic	_	_	_
429-3	SPK5002	Falling	429	_	жатыр	жатыр	linguistic	_	_	_
429-4	SPK5002	Falling	429	_	дейсің	дейсің	linguistic	_	_	_
429-5	SPK5002	Falling	429	_	ғой.	ғой	linguistic	_	_	End=839.521
430-0	SPK5002	Continuing	430	_	Ақтауға	Ақтауға	linguistic	_	_	Begin=839.874
430-1	SPK5002	Continuing	430	_	барғанда,	барғанда	linguistic	_	_	End=840.915
431-0	SPK5002	Continuing	431	_	саған	саған	linguistic	_	_	Begin=840.915
431-1	SPK5002	Continuing	431	_	хабарласам,	хабарласам	linguistic	_	_	End=842.111
432-0	SPK5002	Continuing	432	_	қонаққа	қонаққа	linguistic	_	_	Begin=842.922
432-1	SPK5002	Continuing	432	_	барам,	барам	linguistic	_	_	End=843.571
433-0	SPK5002	Falling	433	_	саған	саған	linguistic	_	_	Begin=843.571
433-1	SPK5002	Falling	433	_	үйіңе	үйіңе	linguistic	_	_	_
433-2	SPK5002	Falling	433	_	деп.	деп	linguistic	_	_	End=844.288
434-0	SPK5003	Falling	434	_	Иә	Иә	linguistic	_	_	Begin=844.864
434-1	SPK5003	Falling	434	_	келсін.	келсін	linguistic	_	_	End=845.551
435-0	SPK5002	Continuing	435	_	Келіңіз	Келіңіз	linguistic	_	_	Begin=845.788
435-1	SPK5002	Continuing	435	_	деп	деп	linguistic	_	_	_
435-2	SPK5002	Continuing	435	_	айттым,	айттым	linguistic	_	_	End=846.4
436-0	SPK5002	Falling	436	_	дейді	дейді	linguistic	_	_	Begin=846.4
436-1	SPK5002	Falling	436	_	келсін.	келсін	linguistic	_	_	End=847.125
437-0	SPK5002	Continuing	437	_	Олар,	Олар	linguistic	_	_	Begin=847.154|End=847.561
438-0	SPK5002	Continuing	438	_	и	и	linguistic	_	_	Begin=847.561
438-1	SPK5002	Continuing	438	_	так	так	linguistic	_	_	_
438-2	SPK5002	Continuing	438	_	то,	то	linguistic	_	_	End=848.132
439-0	SPK5002	Falling	439	_	¬лицей	лицей	linguistic	_	Anonymized=Yes	Begin=848.132
439-1	SPK5002	Falling	439	_	солай	солай	linguistic	_	_	_
439-2	SPK5002	Falling	439	_	ғой.	ғой	linguistic	_	_	End=848.786
440-0	SPK5002	Falling	440	_	Біріне	Біріне	linguistic	_	_	Begin=848.786
440-1	SPK5002	Falling	440	_	бірі	бірі	linguistic	_	_	_
440-2	SPK5002	Falling	440	_	қонаққа	қонаққа	linguistic	_	_	_
440-3	SPK5002	Falling	440	_	барады.	барады	linguistic	_	_	End=849.685
441-0	SPK5002	Falling	441	_	Үйлеріне	Үйлеріне	linguistic	_	_	Begin=849.685
441-1	SPK5002	Falling	441	_	бара	бара	linguistic	_	_	_
441-2	SPK5002	Falling	441	_	ма:.	ма	linguistic	_	Prolongation=1	End=850.894
442-0	SPK5003	Falling	442	_	Иә.	Иә	linguistic	_	_	Begin=849.733|End=850.2
443-0	SPK5003	Falling	443	_	Иә.	Иә	linguistic	_	_	Begin=850.42|End=850.925
444-0	SPK5003	Continuing	444	_	Прям	Прям	linguistic	_	_	Begin=853.315
444-1	SPK5003	Continuing	444	_	андай,	андай	linguistic	_	_	End=853.707
445-0	SPK5003	Continuing	445	_	не	не	linguistic	_	_	Begin=853.707
445-1	SPK5003	Continuing	445	_	қылып,	қылып	linguistic	_	_	End=854.22
446-0	SPK5003	Continuing	446	_	жатады	жатады	linguistic	_	_	Begin=854.22
446-1	SPK5003	Continuing	446	_	ғой	ғой	linguistic	_	_	_
446-2	SPK5003	Continuing	446	_	олар	олар	linguistic	_	_	_
446-3	SPK5003	Continuing	446	_	өздерінің	өздерінің	linguistic	_	_	_
446-4	SPK5003	Continuing	446	_	үйлері,	үйлері	linguistic	_	_	End=855.25
447-0	SPK5003	Falling	447	_	сияқты	сияқты	linguistic	_	_	Begin=855.25
447-1	SPK5003	Falling	447	_	боп	боп	linguistic	_	_	_
447-2	SPK5003	Falling	447	_	барады	барады	linguistic	_	_	_
447-3	SPK5003	Falling	447	_	ғой.	ғой	linguistic	_	_	End=856.069
448-0	SPK5002	Falling	448	_	Иә.	Иә	linguistic	_	_	Begin=856.183|End=856.526
449-0	SPK5002	Falling	449	_	Араласып	Араласып	linguistic	_	_	Begin=856.526|End=857.538
450-0	SPK5003	Falling	450	_	Жақын	Жақын	linguistic	_	_	Begin=856.526
450-1	SPK5003	Falling	450	_	достарымен	достарымен	linguistic	_	_	End=857.538
451-0	SPK5002	Falling	451	_	Араласып.	Араласып	linguistic	_	_	Begin=857.538|End=858.023
452-0	SPK5003	Continuing	452	_	Мені	Мені	linguistic	_	_	Begin=892.143
452-1	SPK5003	Continuing	452	_	мына,	мына	linguistic	_	_	End=892.756
453-0	SPK5003	Continuing	453	_	нотариус	нотариус	linguistic	_	_	Begin=892.756
453-1	SPK5003	Continuing	453	_	переводқа	переводқа	linguistic	_	_	_
453-2	SPK5003	Continuing	453	_	алмады,	алмады	linguistic	_	_	End=893.887
454-0	SPK5003	Falling	454	_	ақша.	ақша	linguistic	_	_	Begin=893.888|End=894.256
455-0	SPK5001	Rising	455	_	Алты	Алты	linguistic	_	_	Begin=895.48
455-1	SPK5001	Rising	455	_	мыңыңды	мыңыңды	linguistic	_	_	_
455-2	SPK5001	Rising	455	_	алмады	алмады	linguistic	_	_	_
455-3	SPK5001	Rising	455	_	ма?	ма	linguistic	_	_	End=896.875
456-0	SPK5003	Falling	456	_	Алты	Алты	linguistic	_	_	Begin=896.672
456-1	SPK5003	Falling	456	_	мың	мың	linguistic	_	_	_
456-2	SPK5003	Falling	456	_	емес.	емес	linguistic	_	_	End=897.554
457-0	SPK5003	Falling	457	_	Төрт	Төрт	linguistic	_	_	Begin=897.554
457-1	SPK5003	Falling	457	_	мың	мың	linguistic	_	_	_
457-2	SPK5003	Falling	457	_	жарымға	жарымға	linguistic	_	_	_
457-3	SPK5003	Falling	457	_	ма	ма	linguistic	_	_	_
457-4	SPK5003	Falling	457	_	шықты.	шықты	linguistic	_	_	End=898.936
458-0	SPK5003	Continuing	458	_	Айтады	Айтады	linguistic	_	_	Begin=899.28
458-1	SPK5003	Continuing	458	_	не	не	linguistic	_	_	_
458-2	SPK5003	Continuing	458	_	деп,	деп	linguistic	_	_	End=900.124
459-0	SPK5003	Falling	459	_	ана	ана	linguistic	_	_	Begin=900.479
459-1	SPK5003	Falling	459	_	дипломдағы	дипломдағы	linguistic	_	_	_
459-2	SPK5003	Falling	459	_	екеуі	екеуі	linguistic	_	_	_
459-3	SPK5003	Falling	459	_	бірдей	бірдей	linguistic	_	_	_
459-4	SPK5003	Falling	459	_	дейді.	дейді	linguistic	_	_	End=902.106
460-0	SPK5003	Continuing	460	_	Просто	Просто	linguistic	_	_	Begin=902.106
460-1	SPK5003	Continuing	460	_	ана	ана	linguistic	_	_	_
460-2	SPK5003	Continuing	460	_	дипломда,	дипломда	linguistic	_	_	End=903.31
461-0	SPK5003	Continuing	461	_	с	с	linguistic	_	_	Begin=904.009
461-1	SPK5003	Continuing	461	_	отличием	отличием	linguistic	_	_	_
461-2	SPK5003	Continuing	461	_	деп	деп	linguistic	_	_	_
461-3	SPK5003	Continuing	461	_	тұр	тұр	linguistic	_	_	_
461-4	SPK5003	Continuing	461	_	мен,	мен	linguistic	_	_	End=905.209
462-0	SPK5003	Continuing	462	_	кішкентайында,	кішкентайында	linguistic	_	_	Begin=905.209|End=905.864
463-0	SPK5003	Continuing	463	_	ана	ана	linguistic	_	_	Begin=905.864
463-1	SPK5003	Continuing	463	_	үлкен	үлкен	linguistic	_	_	_
463-2	SPK5003	Continuing	463	_	дипломда,	дипломда	linguistic	_	_	End=906.503
464-0	SPK5003	Falling	464	_	ондай	ондай	linguistic	_	_	Begin=906.503
464-1	SPK5003	Falling	464	_	жоқ.	жоқ	linguistic	_	_	End=907.254
465-0	SPK5003	Continuing	465	_	И,	И	linguistic	_	_	Begin=908.043|End=908.301
466-0	SPK5003	Continuing	466	_	там,	там	linguistic	_	_	Begin=908.301|End=908.641
467-0	SPK5003	Continuing	467	_	кішкентай	кішкентай	linguistic	_	_	Begin=908.641
467-1	SPK5003	Continuing	467	_	дипломда,	дипломда	linguistic	_	_	End=909.589
468-0	SPK5003	Continuing	468	_	там,	там	linguistic	_	_	Begin=909.589|End=909.923
469-0	SPK5003	Falling	469	_	бірдеңенің	бірдеңенің	linguistic	_	_	Begin=909.923
469-1	SPK5003	Falling	469	_	нөмірі	нөмірі	linguistic	_	_	_
469-2	SPK5003	Falling	469	_	тұр	тұр	linguistic	_	_	_
469-3	SPK5003	Falling	469	_	екен.	екен	linguistic	_	_	End=911.089
470-0	SPK5003	Continuing	470	_	Үлкен	Үлкен	linguistic	_	_	Begin=911.089
470-1	SPK5003	Continuing	470	_	дипломда,	дипломда	linguistic	_	_	End=911.719
471-0	SPK5003	Falling	471	_	ол	ол	linguistic	_	_	Begin=911.719
471-1	SPK5003	Falling	471	_	жоқ.	жоқ	linguistic	_	_	End=912.601
472-0	SPK5002	Falling	472	_	Мм.	Мм	linguistic	_	_	Begin=912.278|End=912.905
473-0	SPK5002	Falling	473	_	Тек	Тек	linguistic	_	_	Begin=913.005
473-1	SPK5002	Falling	473	_	соған	соған	linguistic	_	_	_
473-2	SPK5002	Falling	473	_	алды.	алды	linguistic	_	_	End=913.876
474-0	SPK5003	Falling	474	_	Иә.	Иә	linguistic	_	_	Begin=913.835|End=914.231
475-0	SPK5003	Continuing	475	_	Сол	Сол	linguistic	_	_	Begin=914.231
475-1	SPK5003	Continuing	475	_	үшін	үшін	linguistic	_	_	_
475-2	SPK5003	Continuing	475	_	айтады,	айтады	linguistic	_	_	End=914.973
476-0	SPK5003	Continuing	476	_	біз	біз	linguistic	_	_	Begin=914.973
476-1	SPK5003	Continuing	476	_	негізінде,	негізінде	linguistic	_	_	End=915.534
477-0	SPK5003	Falling	477	_	не	не	linguistic	_	_	Begin=915.534
477-1	SPK5003	Falling	477	_	істей	істей	linguistic	_	_	_
477-2	SPK5003	Falling	477	_	алмадық	алмадық	linguistic	_	_	_
477-3	SPK5003	Falling	477	_	дейді	дейді	linguistic	_	_	_
477-4	SPK5003	Falling	477	_	да.	да	linguistic	_	_	End=916.657
478-0	SPK5002	Falling	478	_	Аа.	Аа	linguistic	_	_	Begin=916.961|End=917.699
479-0	SPK5003	undefined	479	_	Бір	Бір	linguistic	_	_	Begin=917.556
479-1	SPK5003	undefined	479	_	документ	документ	linguistic	_	_	_
479-2	SPK5003	undefined	479	_	сияқты	сияқты	linguistic	_	_	End=918.351
480-0	SPK5003	Falling	480	_	істей	істей	linguistic	_	_	Begin=918.351
480-1	SPK5003	Falling	480	_	алмадық.	алмадық	linguistic	_	_	End=918.945
481-0	SPK5003	Continuing	481	_	Потому	Потому	linguistic	_	_	Begin=918.945
481-1	SPK5003	Continuing	481	_	что,	что	linguistic	_	_	End=919.535
482-0	SPK5003	Continuing	482	_	мынада,	мынада	linguistic	_	_	Begin=919.535|End=920.009
483-0	SPK5003	Continuing	483	_	мына	мына	linguistic	_	_	Begin=920.009
483-1	SPK5003	Continuing	483	_	жақта	жақта	linguistic	_	_	_
483-2	SPK5003	Continuing	483	_	жоқ,	жоқ	linguistic	_	_	End=920.681
484-0	SPK5003	Continuing	484	_	нөмірлер	нөмірлер	linguistic	_	_	Begin=920.681
484-1	SPK5003	Continuing	484	_	бар	бар	linguistic	_	_	_
484-2	SPK5003	Continuing	484	_	дейді,	дейді	linguistic	_	_	End=921.637
485-0	SPK5003	Falling	485	_	да.	да	linguistic	_	_	Begin=921.637|End=922.049
486-0	SPK5002	Falling	486	_	Мм.	Мм	linguistic	_	_	Begin=922.141|End=922.433
487-0	SPK5003	Falling	487	_	И	И	linguistic	_	_	Begin=922.677
487-1	SPK5003	Falling	487	_	вот.	вот	linguistic	_	_	End=923.089
488-0	SPK5003	Continuing	488	_	Бірақ,	Бірақ	linguistic	_	_	Begin=923.089|End=923.389
489-0	SPK5003	Continuing	489	_	екеуінің	екеуінің	linguistic	_	_	Begin=923.389
489-1	SPK5003	Continuing	489	_	жазулары	жазулары	linguistic	_	_	_
489-2	SPK5003	Continuing	489	_	бір	бір	linguistic	_	_	_
489-3	SPK5003	Continuing	489	_	болған,	болған	linguistic	_	_	End=924.655
490-0	SPK5003	Continuing	490	_	соң	соң	linguistic	_	_	Begin=924.655
490-1	SPK5003	Continuing	490	_	кеше,	кеше	linguistic	_	_	End=925.085
491-0	SPK5003	Falling	491	_	переводқа	переводқа	linguistic	_	_	Begin=925.085
491-1	SPK5003	Falling	491	_	аламыз	аламыз	linguistic	_	_	_
491-2	SPK5003	Falling	491	_	деп	деп	linguistic	_	_	_
491-3	SPK5003	Falling	491	_	отырды	отырды	linguistic	_	_	_
491-4	SPK5003	Falling	491	_	ғой.	ғой	linguistic	_	_	End=926.316
492-0	SPK5003	Continuing	492	_	Сосын,	Сосын	linguistic	_	_	Begin=926.556|End=926.962
493-0	SPK5002	undefined	493	_	Пере–	Пере–	linguistic	_	_	Begin=926.644|End=927.015
494-0	SPK5002	Falling	494	_	олар	олар	linguistic	_	_	Begin=927.015
494-1	SPK5002	Falling	494	_	білмейді	білмейді	linguistic	_	_	_
494-2	SPK5002	Falling	494	_	ғой.	ғой	linguistic	_	_	End=927.734
495-0	SPK5002	Falling	495	_	Переводчик	Переводчик	linguistic	_	_	Begin=927.734
495-1	SPK5002	Falling	495	_	айтқан	айтқан	linguistic	_	_	_
495-2	SPK5002	Falling	495	_	шығар.	шығар	linguistic	_	_	End=928.759
496-0	SPK5003	Continuing	496	_	Иә,	Иә	linguistic	_	_	Begin=928.552|End=929.096
497-0	SPK5003	Continuing	497	_	сосын,	сосын	linguistic	_	_	Begin=929.096|End=929.508
498-0	SPK5003	Continuing	498	_	бүгін	бүгін	linguistic	_	_	Begin=929.508
498-1	SPK5003	Continuing	498	_	айтты,	айтты	linguistic	_	_	End=930.068
499-0	SPK5003	Continuing	499	_	алмаймыз,	алмаймыз	linguistic	_	_	Begin=930.068|End=930.861
500-0	SPK5003	Falling	500	_	потому	потому	linguistic	_	_	Begin=930.861
500-1	SPK5003	Falling	500	_	что	что	linguistic	_	_	_
500-2	SPK5003	Falling	500	_	екеуі	екеуі	linguistic	_	_	_
500-3	SPK5003	Falling	500	_	бір.	бір	linguistic	_	_	End=931.74
501-0	SPK5003	Continuing	501	_	Ананы	Ананы	linguistic	_	_	Begin=931.74
501-1	SPK5003	Continuing	501	_	көшіріп,	көшіріп	linguistic	_	_	End=932.387
502-0	SPK5003	Continuing	502	_	бердік	бердік	linguistic	_	_	Begin=932.407
502-1	SPK5003	Continuing	502	_	и	и	linguistic	_	_	_
502-2	SPK5003	Continuing	502	_	нөмірін,	нөмірін	linguistic	_	_	End=933.384
503-0	SPK5003	Continuing	503	_	қостық	қостық	linguistic	_	_	Begin=933.384
503-1	SPK5003	Continuing	503	_	дейді	дейді	linguistic	_	_	_
503-2	SPK5003	Continuing	503	_	да,	да	linguistic	_	_	End=934.287
504-0	SPK5003	Falling	504	_	мынада	мынада	linguistic	_	_	Begin=934.287
504-1	SPK5003	Falling	504	_	жоқ.	жоқ	linguistic	_	_	End=934.772
505-0	SPK5003	Continuing	505	_	Сол	Сол	linguistic	_	_	Begin=935.703
505-1	SPK5003	Continuing	505	_	үшін	үшін	linguistic	_	_	_
505-2	SPK5003	Continuing	505	_	төрт	төрт	linguistic	_	_	_
505-3	SPK5003	Continuing	505	_	мың	мың	linguistic	_	_	_
505-4	SPK5003	Continuing	505	_	жарымға	жарымға	linguistic	_	_	_
505-5	SPK5003	Continuing	505	_	ма,	ма	linguistic	_	_	End=936.518
506-0	SPK5001	undefined	506	_	COUGH	COUGH	linguistic	_	_	Begin=935.958|End=936.586
507-0	SPK5003	Falling	507	_	шықты.	шықты	linguistic	_	_	Begin=936.518|End=937.089
508-0	SPK5002	Continuing	508	_	Жоқ,	Жоқ	linguistic	_	_	Begin=937.655|End=937.851
509-0	SPK5002	Continuing	509	_	переводчик	переводчик	linguistic	_	_	Begin=937.851
509-1	SPK5002	Continuing	509	_	айтқан	айтқан	linguistic	_	_	_
509-2	SPK5002	Continuing	509	_	шығар,	шығар	linguistic	_	_	End=938.689
510-0	SPK5002	Falling	510	_	оны.	оны	linguistic	_	_	Begin=938.689|End=939.17
511-0	SPK5002	Falling	511	_	Одно	Одно	linguistic	_	_	Begin=939.17
511-1	SPK5002	Falling	511	_	и	и	linguistic	_	_	_
511-2	SPK5002	Falling	511	_	то	то	linguistic	_	_	_
511-3	SPK5002	Falling	511	_	же	же	linguistic	_	_	_
511-4	SPK5002	Falling	511	_	деп.	деп	linguistic	_	_	End=940.194
512-0	SPK5002	Continuing	512	_	Оны,	Оны	linguistic	_	_	Begin=940.267|End=940.364
513-0	SPK5002	Falling	513	_	мыналар	мыналар	linguistic	_	_	Begin=940.364
513-1	SPK5002	Falling	513	_	білмейді	білмейді	linguistic	_	_	_
513-2	SPK5002	Falling	513	_	ғой.	ғой	linguistic	_	_	End=941.392
514-0	SPK5003	Continuing	514	_	Сол	Сол	linguistic	_	_	Begin=941.425
514-1	SPK5003	Continuing	514	_	менің	менің	linguistic	_	_	_
514-2	SPK5003	Continuing	514	_	де	де	linguistic	_	_	_
514-3	SPK5003	Continuing	514	_	айтып	айтып	linguistic	_	_	_
514-4	SPK5003	Continuing	514	_	отырғаным,	отырғаным	linguistic	_	_	End=942.209
515-0	SPK5003	Falling	515	_	сол	сол	linguistic	_	_	Begin=942.209
515-1	SPK5003	Falling	515	_	екеуі	екеуі	linguistic	_	_	_
515-2	SPK5003	Falling	515	_	бір	бір	linguistic	_	_	_
515-3	SPK5003	Falling	515	_	зат	зат	linguistic	_	_	_
515-4	SPK5003	Falling	515	_	деп.	деп	linguistic	_	_	End=943.271
516-0	SPK5002	Falling	516	_	Иә.	Иә	linguistic	_	_	Begin=943.286|End=943.616
517-0	SPK5003	Continuing	517	_	Ал,	Ал	linguistic	_	_	Begin=943.705|End=943.998
518-0	SPK5003	Falling	518	_	кеше	кеше	linguistic	_	_	Begin=943.998
518-1	SPK5003	Falling	518	_	қоймайды	қоймайды	linguistic	_	_	_
518-2	SPK5003	Falling	518	_	да.	да	linguistic	_	_	End=944.864
519-0	SPK5003	Continuing	519	_	Ана	Ана	linguistic	_	_	Begin=944.864
519-1	SPK5003	Continuing	519	_	қыз,	қыз	linguistic	_	_	End=945.104
520-0	SPK5003	Falling	520	_	білмейді	білмейді	linguistic	_	_	Begin=945.112
520-1	SPK5003	Falling	520	_	ғой	ғой	linguistic	_	_	_
520-2	SPK5003	Falling	520	_	енді.	енді	linguistic	_	_	End=945.853
521-0	SPK5002	Falling	521	_	Иә.	Иә	linguistic	_	_	Begin=945.853|End=946.175
522-0	SPK5003	Falling	522	_	Екеуі	Екеуі	linguistic	_	_	Begin=946.456
522-1	SPK5003	Falling	522	_	бар	бар	linguistic	_	_	_
522-2	SPK5003	Falling	522	_	зат	зат	linguistic	_	_	_
522-3	SPK5003	Falling	522	_	деп.	деп	linguistic	_	_	End=947.316
523-0	SPK5003	Continuing	523	_	Жоқ,	Жоқ	linguistic	_	_	Begin=947.433|End=947.696
524-0	SPK5003	Continuing	524	_	екеуі	екеуі	linguistic	_	_	Begin=947.696
524-1	SPK5003	Continuing	524	_	бірдей	бірдей	linguistic	_	_	_
524-2	SPK5003	Continuing	524	_	емес,	емес	linguistic	_	_	End=948.417
525-0	SPK5003	Falling	525	_	анда	анда	linguistic	_	_	Begin=948.417
525-1	SPK5003	Falling	525	_	нөмірлері	нөмірлері	linguistic	_	_	_
525-2	SPK5003	Falling	525	_	бар	бар	linguistic	_	_	_
525-3	SPK5003	Falling	525	_	дейді	дейді	linguistic	_	_	_
525-4	SPK5003	Falling	525	_	да.	да	linguistic	_	_	End=949.818
526-0	SPK5002	Continuing	526	_	Бүйтіп	Бүйтіп	linguistic	_	_	Begin=952.605
526-1	SPK5002	Continuing	526	_	қараған	қараған	linguistic	_	_	_
526-2	SPK5002	Continuing	526	_	шығар,	шығар	linguistic	_	_	End=953.595
527-0	SPK5002	Continuing	527	_	мә,	мә	linguistic	_	_	Begin=953.595|End=954.003
528-0	SPK5002	Falling	528	_	НУды	НУды	linguistic	_	_	Begin=954.003
528-1	SPK5002	Falling	528	_	красныймен	красныймен	linguistic	_	_	_
528-2	SPK5002	Falling	528	_	бітірді	бітірді	linguistic	_	_	_
528-3	SPK5002	Falling	528	_	деп.	деп	linguistic	_	_	End=955.495
529-0	SPK5003	Continuing	529	_	Сол,	Сол	linguistic	_	_	Begin=956.882|End=957.32
530-0	SPK5003	Falling	530	_	сол	сол	linguistic	_	_	Begin=957.32
530-1	SPK5003	Falling	530	_	бар.	бар	linguistic	_	_	End=958.183
531-0	SPK5002	Falling	531	_	Сұрап	Сұрап	linguistic	_	_	Begin=958.044
531-1	SPK5002	Falling	531	_	жатыр.	жатыр	linguistic	_	_	End=958.73
532-0	SPK5003	Falling	532	_	Қайда	Қайда	linguistic	_	_	Begin=958.183
532-1	SPK5003	Falling	532	_	қайда	қайда	linguistic	_	_	_
532-2	SPK5003	Falling	532	_	барасың	барасың	linguistic	_	_	_
532-3	SPK5003	Falling	532	_	деді.	деді	linguistic	_	_	End=959.391
533-0	SPK5003	Continuing	533	_	Сол,	Сол	linguistic	_	_	Begin=959.764|End=960.125
534-0	SPK5003	Continuing	534	_	НУдың,	НУдың	linguistic	_	_	Begin=960.125|End=960.755
535-0	SPK5003	Falling	535	_	универдің	универдің	linguistic	_	_	Begin=960.755
535-1	SPK5003	Falling	535	_	өзіне	өзіне	linguistic	_	_	_
535-2	SPK5003	Falling	535	_	деп.	деп	linguistic	_	_	End=962.083
536-0	SPK5003	Continuing	536	_	Мен	Мен	linguistic	_	_	Begin=962.171
536-1	SPK5003	Continuing	536	_	айтам,	айтам	linguistic	_	_	End=962.635
537-0	SPK5003	Continuing	537	_	старнно	старнно	linguistic	_	_	Begin=962.635
537-1	SPK5003	Continuing	537	_	у	у	linguistic	_	_	_
537-2	SPK5003	Continuing	537	_	них,	них	linguistic	_	_	End=963.451
538-0	SPK5003	Continuing	538	_	типа	типа	linguistic	_	_	Begin=963.451
538-1	SPK5003	Continuing	538	_	өздерінің	өздерінің	linguistic	_	_	_
538-2	SPK5003	Continuing	538	_	дипломдарын,	дипломдарын	linguistic	_	_	End=965.195
539-0	SPK5003	Continuing	539	_	нотариалдап	нотариалдап	linguistic	_	_	Begin=965.195
539-1	SPK5003	Continuing	539	_	сұрап,	сұрап	linguistic	_	_	End=965.927
540-0	SPK5003	Falling	540	_	жатыр	жатыр	linguistic	_	_	Begin=965.927
540-1	SPK5003	Falling	540	_	деп.	деп	linguistic	_	_	End=966.514
541-0	SPK5003	Falling	541	_	Қызық	Қызық	linguistic	_	_	Begin=966.562
541-1	SPK5003	Falling	541	_	қой	қой	linguistic	_	_	_
541-2	SPK5003	Falling	541	_	типа.	типа	linguistic	_	_	End=967.884
542-0	SPK5002	Falling	542	_	Иә.	Иә	linguistic	_	_	Begin=967.542|End=967.918
543-0	SPK5003	Continuing	543	_	Сенбей	Сенбей	linguistic	_	_	Begin=968.364
543-1	SPK5003	Continuing	543	_	ме,	ме	linguistic	_	_	End=968.738
544-0	SPK5003	Falling	544	_	өздеріне	өздеріне	linguistic	_	_	Begin=968.738
544-1	SPK5003	Falling	544	_	деген	деген	linguistic	_	_	_
544-2	SPK5003	Falling	544	_	сияқты	сияқты	linguistic	_	_	_
544-3	SPK5003	Falling	544	_	қылып.	қылып	linguistic	_	_	End=970.197
545-0	SPK5002	Rising	545	_	Дей	Дей	linguistic	_	_	Begin=970.197
545-1	SPK5002	Rising	545	_	ме?	ме	linguistic	_	_	End=970.749
546-0	SPK5003	Continuing	546	_	Ну,	Ну	linguistic	_	_	Begin=970.945|End=971.228
547-0	SPK5003	Falling	547	_	типа	типа	linguistic	_	_	Begin=971.228
547-1	SPK5003	Falling	547	_	сондай	сондай	linguistic	_	_	_
547-2	SPK5003	Falling	547	_	қылып	қылып	linguistic	_	_	_
547-3	SPK5003	Falling	547	_	айтам	айтам	linguistic	_	_	_
547-4	SPK5003	Falling	547	_	да.	да	linguistic	_	_	End=972.293
548-0	SPK5003	Continuing	548	_	Типа,	Типа	linguistic	_	_	Begin=972.293|End=972.558
549-0	SPK5003	Falling	549	_	қызық	қызық	linguistic	_	_	Begin=972.558
549-1	SPK5003	Falling	549	_	қой	қой	linguistic	_	_	_
549-2	SPK5003	Falling	549	_	өз	өз	linguistic	_	_	_
549-3	SPK5003	Falling	549	_	өздерінің	өздерінің	linguistic	_	_	_
549-4	SPK5003	Falling	549	_	дипломдарын	дипломдарын	linguistic	_	_	_
549-5	SPK5003	Falling	549	_	сияқты.	сияқты	linguistic	_	_	End=974.06
550-0	SPK5002	Falling	550	_	А	А	linguistic	_	_	Begin=974.063
550-1	SPK5002	Falling	550	_	саған	саған	linguistic	_	_	_
550-2	SPK5002	Falling	550	_	не	не	linguistic	_	_	_
550-3	SPK5002	Falling	550	_	қыл	қыл	linguistic	_	_	_
550-4	SPK5002	Falling	550	_	дейді.	дейді	linguistic	_	_	End=974.784
551-0	SPK5002	Continuing	551	_	Красныймен	Красныймен	linguistic	_	_	Begin=974.784
551-1	SPK5002	Continuing	551	_	бітірдің	бітірдің	linguistic	_	_	_
551-2	SPK5002	Continuing	551	_	ба	ба	linguistic	_	_	_
551-3	SPK5002	Continuing	551	_	дей	дей	linguistic	_	_	_
551-4	SPK5002	Continuing	551	_	ме,	ме	linguistic	_	_	End=976.065
552-0	SPK5002	Falling	552	_	НУды.	НУды	linguistic	_	_	Begin=976.065|End=976.491
553-0	SPK5003	Falling	553	_	Ну	Ну	linguistic	_	_	Begin=976.286
553-1	SPK5003	Falling	553	_	қарап	қарап	linguistic	_	_	_
553-2	SPK5003	Falling	553	_	отырды.	отырды	linguistic	_	_	End=977.24
554-0	SPK5003	Falling	554	_	Білмейм	Білмейм	linguistic	_	_	Begin=977.24
554-1	SPK5003	Falling	554	_	өйтіп	өйтіп	linguistic	_	_	_
554-2	SPK5003	Falling	554	_	сұрап	сұрап	linguistic	_	_	_
554-3	SPK5003	Falling	554	_	жатқан	жатқан	linguistic	_	_	_
554-4	SPK5003	Falling	554	_	жоқ.	жоқ	linguistic	_	_	End=978.568
555-0	SPK5002	Continuing	555	_	А	А	linguistic	_	_	Begin=978.057
555-1	SPK5002	Continuing	555	_	или,	или	linguistic	_	_	End=978.384
556-0	SPK5002	Continuing	556	_	қайда	қайда	linguistic	_	_	Begin=978.384
556-1	SPK5002	Continuing	556	_	барасың,	барасың	linguistic	_	_	End=978.882
557-0	SPK5002	Continuing	557	_	а:,	а	linguistic	_	Prolongation=0	Begin=978.899|End=979.203
558-0	SPK5002	Falling	558	_	қайда	қайда	linguistic	_	_	Begin=979.203
558-1	SPK5002	Falling	558	_	түсесің	түсесің	linguistic	_	_	_
558-2	SPK5002	Falling	558	_	дей	дей	linguistic	_	_	_
558-3	SPK5002	Falling	558	_	ме.	ме	linguistic	_	_	End=980.27
559-0	SPK5003	Falling	559	_	Иә	Иә	linguistic	_	_	Begin=980.01
559-1	SPK5003	Falling	559	_	сол	сол	linguistic	_	_	_
559-2	SPK5003	Falling	559	_	мамандыққа	мамандыққа	linguistic	_	_	_
559-3	SPK5003	Falling	559	_	түсесеің	түсесеің	linguistic	_	_	_
559-4	SPK5003	Falling	559	_	ба	ба	linguistic	_	_	_
559-5	SPK5003	Falling	559	_	деді.	деді	linguistic	_	_	End=981.351
560-0	SPK5003	Continuing	560	_	Жоқ,	Жоқ	linguistic	_	_	Begin=981.365|End=981.659
561-0	SPK5003	Falling	561	_	басқаша	басқаша	linguistic	_	_	Begin=981.659
561-1	SPK5003	Falling	561	_	түріне	түріне	linguistic	_	_	_
561-2	SPK5003	Falling	561	_	дедім.	дедім	linguistic	_	_	End=982.934
562-0	SPK5003	Continuing	562	_	Просто	Просто	linguistic	_	_	Begin=984.016
562-1	SPK5003	Continuing	562	_	магистратура,	магистратура	linguistic	_	_	End=984.887
563-0	SPK5003	Falling	563	_	басқаша	басқаша	linguistic	_	_	Begin=984.887
563-1	SPK5003	Falling	563	_	болады	болады	linguistic	_	_	_
563-2	SPK5003	Falling	563	_	по	по	linguistic	_	_	_
563-3	SPK5003	Falling	563	_	любому.	любому	linguistic	_	_	End=986.148
564-0	SPK5002	Falling	564	_	Мм.	Мм	linguistic	_	_	Begin=986.133|End=986.565
565-0	SPK5002	Falling	565	_	Сәл	Сәл	linguistic	_	_	Begin=989.659
565-1	SPK5002	Falling	565	_	изменения	изменения	linguistic	_	_	_
565-2	SPK5002	Falling	565	_	болған	болған	linguistic	_	_	_
565-3	SPK5002	Falling	565	_	да	да	linguistic	_	_	_
565-4	SPK5002	Falling	565	_	жақсы	жақсы	linguistic	_	_	_
565-5	SPK5002	Falling	565	_	ғой.	ғой	linguistic	_	_	End=991.225
566-0	SPK5002	Rising	566	_	Да?	Да	linguistic	_	_	Begin=991.229|End=991.57
567-0	SPK5002	Falling	567	_	Любой	Любой	linguistic	_	_	Begin=991.57
567-1	SPK5002	Falling	567	_	жерге	жерге	linguistic	_	_	_
567-2	SPK5002	Falling	567	_	кіріп	кіріп	linguistic	_	_	_
567-3	SPK5002	Falling	567	_	кететін.	кететін	linguistic	_	_	End=992.849
568-0	SPK5003	Continuing	568	_	Евразийский	Евразийский	linguistic	_	_	Begin=992.487
568-1	SPK5003	Continuing	568	_	болған	болған	linguistic	_	_	_
568-2	SPK5003	Continuing	568	_	соң,	соң	linguistic	_	_	End=993.267
569-0	SPK5003	Continuing	569	_	просто	просто	linguistic	_	_	Begin=993.267
569-1	SPK5003	Continuing	569	_	мен	мен	linguistic	_	_	_
569-2	SPK5003	Continuing	569	_	ертең,	ертең	linguistic	_	_	End=994.112
570-0	SPK5003	Continuing	570	_	любой	любой	linguistic	_	_	Begin=994.112
570-1	SPK5003	Continuing	570	_	универде,	универде	linguistic	_	_	End=994.845
571-0	SPK5003	Continuing	571	_	евразия	евразия	linguistic	_	_	Begin=994.845
571-1	SPK5003	Continuing	571	_	studies	studies	linguistic	_	_	_
571-2	SPK5003	Continuing	571	_	болған	болған	linguistic	_	_	_
571-3	SPK5003	Continuing	571	_	соң	соң	linguistic	_	_	_
571-4	SPK5003	Continuing	571	_	анандай,	анандай	linguistic	_	_	End=996.166
572-0	SPK5003	Continuing	572	_	eurasion'ге	eurasion'ге	linguistic	_	_	Begin=997.059
572-1	SPK5003	Continuing	572	_	қатысты,	қатысты	linguistic	_	_	End=998.302
573-0	SPK5003	Continuing	573	_	Евразияға	Евразияға	linguistic	_	_	Begin=998.302
573-1	SPK5003	Continuing	573	_	қатысты,	қатысты	linguistic	_	_	End=999.16
574-0	SPK5003	Rising	574	_	любой	любой	linguistic	_	_	Begin=999.16
574-1	SPK5003	Rising	574	_	неге	неге	linguistic	_	_	_
574-2	SPK5003	Rising	574	_	кете	кете	linguistic	_	_	_
574-3	SPK5003	Rising	574	_	алам	алам	linguistic	_	_	_
574-4	SPK5003	Rising	574	_	да?	да	linguistic	_	_	End=1000.282
575-0	SPK5002	Falling	575	_	Иә.	Иә	linguistic	_	_	Begin=1000.377|End=1000.711
576-0	SPK5003	Continuing	576	_	Социология,	Социология	linguistic	_	_	Begin=1000.996|End=1001.827
577-0	SPK5003	Continuing	577	_	и	и	linguistic	_	_	Begin=1001.827
577-1	SPK5003	Continuing	577	_	тіл,	тіл	linguistic	_	_	End=1002.699
578-0	SPK5003	Falling	578	_	и	и	linguistic	_	_	Begin=1002.699
578-1	SPK5003	Falling	578	_	андай	андай	linguistic	_	_	_
578-2	SPK5003	Falling	578	_	и	и	linguistic	_	_	_
578-3	SPK5003	Falling	578	_	мындай.	мындай	linguistic	_	_	End=1003.556
579-0	SPK5002	Continuing	579	_	IELTS,	IELTS	linguistic	_	_	Begin=1003.658|End=1004.456
580-0	SPK5002	Rising	580	_	тан	тан	linguistic	_	_	Begin=1004.552
580-1	SPK5002	Rising	580	_	беруге	беруге	linguistic	_	_	_
580-2	SPK5002	Rising	580	_	болады	болады	linguistic	_	_	_
580-3	SPK5002	Rising	580	_	да?	да	linguistic	_	_	End=1005.83
581-0	SPK5003	Continuing	581	_	И:,	И	linguistic	_	Prolongation=0	Begin=1006.312|End=1006.621
582-0	SPK5003	Continuing	582	_	IELTS	IELTS	linguistic	_	_	Begin=1006.621
582-1	SPK5003	Continuing	582	_	иә,	иә	linguistic	_	_	End=1007.367
583-0	SPK5003	Falling	583	_	###.	###	unknown	_	_	Begin=1007.367|End=1008.215
584-0	SPK5003	Falling	584	_	НУ	НУ	linguistic	_	_	Begin=1008.215
584-1	SPK5003	Falling	584	_	IELTS	IELTS	linguistic	_	_	_
584-2	SPK5003	Falling	584	_	екінің	екінің	linguistic	_	_	_
584-3	SPK5003	Falling	584	_	бірі	бірі	linguistic	_	_	_
584-4	SPK5003	Falling	584	_	береді	береді	linguistic	_	_	_
584-5	SPK5003	Falling	584	_	ғой.	ғой	linguistic	_	_	End=1009.298
585-0	SPK5002	Rising	585	_	Бере	Бере	linguistic	_	_	Begin=1009.425
585-1	SPK5002	Rising	585	_	ала	ала	linguistic	_	_	_
585-2	SPK5002	Rising	585	_	ма?	ма	linguistic	_	_	End=1010.255
586-0	SPK5003	Continuing	586	_	А#	А#	linguistic	_	_	Begin=1010.92
586-1	SPK5003	Continuing	586	_	IELTS'қа,	IELTS'қа	linguistic	_	_	End=1011.612
587-0	SPK5003	Falling	587	_	керек	керек	linguistic	_	_	Begin=1011.612
587-1	SPK5003	Falling	587	_	емес	емес	linguistic	_	_	_
587-2	SPK5003	Falling	587	_	қой.	қой	linguistic	_	_	End=1012.248
588-0	SPK5003	Continuing	588	_	Любой	Любой	linguistic	_	_	Begin=1012.297
588-1	SPK5003	Continuing	588	_	мамандық,	мамандық	linguistic	_	_	End=1013.055
589-0	SPK5003	Falling	589	_	главный	главный	linguistic	_	_	Begin=1013.092
589-1	SPK5003	Falling	589	_	не	не	linguistic	_	_	_
589-2	SPK5003	Falling	589	_	болса	болса	linguistic	_	_	_
589-3	SPK5003	Falling	589	_	болды	болды	linguistic	_	_	_
589-4	SPK5003	Falling	589	_	ғой.	ғой	linguistic	_	_	End=1013.907
590-0	SPK5003	Falling	590	_	IELTS	IELTS	linguistic	_	_	Begin=1013.907
590-1	SPK5003	Falling	590	_	результат.	результат	linguistic	_	_	End=1014.834
591-0	SPK5003	Falling	591	_	И	И	linguistic	_	_	Begin=1014.834
591-1	SPK5003	Falling	591	_	опыт.	опыт	linguistic	_	_	End=1015.669
592-0	SPK5003	Continuing	592	_	Ертең,	Ертең	linguistic	_	_	Begin=1016.516|End=1016.868
593-0	SPK5003	Continuing	593	_	кетерде,	кетерде	linguistic	_	_	Begin=1016.868|End=1017.24
594-0	SPK5003	Continuing	594	_	шугаринг	шугаринг	linguistic	_	_	Begin=1017.24
594-1	SPK5003	Continuing	594	_	жасатып,	жасатып	linguistic	_	_	End=1018.111
595-0	SPK5003	Falling	595	_	кетуім	кетуім	linguistic	_	_	Begin=1018.111
595-1	SPK5003	Falling	595	_	керек	керек	linguistic	_	_	_
595-2	SPK5003	Falling	595	_	кәдімігідей.	кәдімігідей	linguistic	_	_	End=1019.121
596-0	SPK5002	Continuing	596	_	Тоже	Тоже	linguistic	_	_	Begin=1020.661
596-1	SPK5002	Continuing	596	_	заранее	заранее	linguistic	_	_	_
596-2	SPK5002	Continuing	596	_	жасатуың	жасатуың	linguistic	_	_	_
596-3	SPK5002	Continuing	596	_	керек	керек	linguistic	_	_	_
596-4	SPK5002	Continuing	596	_	қой,	қой	linguistic	_	_	End=1021.864
597-0	SPK5002	Falling	597	_	бірлерінде.	бірлерінде	linguistic	_	_	Begin=1021.869|End=1022.632
598-0	SPK5003	Falling	598	_	Жоқ	Жоқ	linguistic	_	_	Begin=1023.082
598-1	SPK5003	Falling	598	_	неге.	неге	linguistic	_	_	End=1023.599
599-0	SPK5002	Falling	599	_	Дайындап.	Дайындап	linguistic	_	_	Begin=1023.599|End=1024.304
600-0	SPK5003	Falling	600	_	Жоқ.	Жоқ	linguistic	_	_	Begin=1024.726|End=1025.101
601-0	SPK5002	Rising	601	_	А	А	linguistic	_	_	Begin=1025.522
601-1	SPK5002	Rising	601	_	жақындағасын	жақындағасын	linguistic	_	_	_
601-2	SPK5002	Rising	601	_	ба?	ба	linguistic	_	_	End=1026.46
602-0	SPK5003	Continuing	602	_	Жақындаған	Жақындаған	linguistic	_	_	Begin=1026.416
602-1	SPK5003	Continuing	602	_	соң,	соң	linguistic	_	_	End=1026.987
603-0	SPK5003	Falling	603	_	істеймін.	істеймін	linguistic	_	_	Begin=1026.987|End=1027.381
604-0	SPK5002	Continuing	604	_	Енді,	Енді	linguistic	_	_	Begin=1028.272|End=1028.719
605-0	SPK5002	Continuing	605	_	төртінен	төртінен	linguistic	_	_	Begin=1028.719
605-1	SPK5002	Continuing	605	_	кейін,	кейін	linguistic	_	_	End=1029.392
606-0	SPK5002	Falling	606	_	істей	істей	linguistic	_	_	Begin=1029.392
606-1	SPK5002	Falling	606	_	алмайсың	алмайсың	linguistic	_	_	_
606-2	SPK5002	Falling	606	_	ғой	ғой	linguistic	_	_	_
606-3	SPK5002	Falling	606	_	уже.	уже	linguistic	_	_	End=1030.072
607-0	SPK5002	Continuing	607	_	Уже	Уже	linguistic	_	_	Begin=1030.072
607-1	SPK5002	Continuing	607	_	үшінде	үшінде	linguistic	_	_	_
607-2	SPK5002	Continuing	607	_	істеуің	істеуің	linguistic	_	_	_
607-3	SPK5002	Continuing	607	_	керек,	керек	linguistic	_	_	End=1031.198
608-0	SPK5002	Falling	608	_	хотя	хотя	linguistic	_	_	Begin=1031.198
608-1	SPK5002	Falling	608	_	бы.	бы	linguistic	_	_	End=1031.707
609-0	SPK5003	Rising	609	_	Неге?	Неге	linguistic	_	_	Begin=1032.21|End=1032.509
610-0	SPK5003	Falling	610	_	Бір	Бір	linguistic	_	_	Begin=1032.509
610-1	SPK5003	Falling	610	_	сағат	сағат	linguistic	_	_	_
610-2	SPK5003	Falling	610	_	қана	қана	linguistic	_	_	_
610-3	SPK5003	Falling	610	_	алады	алады	linguistic	_	_	_
610-4	SPK5003	Falling	610	_	ғой.	ғой	linguistic	_	_	End=1033.288
611-0	SPK5003	Falling	611	_	Уақыт	Уақыт	linguistic	_	_	Begin=1033.814
611-1	SPK5003	Falling	611	_	болмай	болмай	linguistic	_	_	_
611-2	SPK5003	Falling	611	_	ма.	ма	linguistic	_	_	End=1034.384
612-0	SPK5003	Falling	612	_	Не	Не	linguistic	_	_	Begin=1034.384
612-1	SPK5003	Falling	612	_	істеймін	істеймін	linguistic	_	_	_
612-2	SPK5003	Falling	612	_	мен.	мен	linguistic	_	_	End=1035.377
613-0	SPK5002	Continuing	613	_	Ана	Ана	linguistic	_	_	Begin=1035.154
613-1	SPK5002	Continuing	613	_	жерлерің,	жерлерің	linguistic	_	_	End=1035.623
614-0	SPK5002	Falling	614	_	қып	қып	linguistic	_	_	Begin=1035.623
614-1	SPK5002	Falling	614	_	қызыл	қызыл	linguistic	_	_	_
614-2	SPK5002	Falling	614	_	болып	болып	linguistic	_	_	_
614-3	SPK5002	Falling	614	_	тұр	тұр	linguistic	_	_	_
614-4	SPK5002	Falling	614	_	екен.	екен	linguistic	_	_	End=1036.586
615-0	SPK5003	Continuing	615	_	Иә:,	Иә	linguistic	_	Prolongation=1	Begin=1036.406|End=1036.983
616-0	SPK5003	Continuing	616	_	құрсын,	құрсын	linguistic	_	_	Begin=1036.983|End=1037.463
617-0	SPK5003	Continuing	617	_	қышып	қышып	linguistic	_	_	Begin=1037.463
617-1	SPK5003	Continuing	617	_	жатыр	жатыр	linguistic	_	_	_
617-2	SPK5003	Continuing	617	_	қайта,	қайта	linguistic	_	_	End=1038.166
618-0	SPK5003	Falling	618	_	үсті.	үсті	linguistic	_	_	Begin=1038.166|End=1038.89
619-0	SPK5003	Continuing	619	_	Түсінбедім	Түсінбедім	linguistic	_	_	Begin=1039.834
619-1	SPK5003	Continuing	619	_	неге	неге	linguistic	_	_	_
619-2	SPK5003	Continuing	619	_	екенін,	екенін	linguistic	_	_	End=1040.482
620-0	SPK5002	Continuing	620	_	¬Айжан	Айжан	linguistic	_	Anonymized=Yes	Begin=1040.291
620-1	SPK5002	Continuing	620	_	бір,	бір	linguistic	_	_	End=1040.595
621-0	SPK5003	undefined	621	_	###	###	unknown	_	_	Begin=1040.482|End=1041.461
622-0	SPK5002	Falling	622	_	ыдыс	ыдыс	linguistic	_	_	Begin=1040.595
622-1	SPK5002	Falling	622	_	аяқ	аяқ	linguistic	_	_	_
622-2	SPK5002	Falling	622	_	жинап	жинап	linguistic	_	_	_
622-3	SPK5002	Falling	622	_	тасташы	тасташы	linguistic	_	_	_
622-4	SPK5002	Falling	622	_	а.	а	linguistic	_	_	End=1041.684
623-0	SPK5003	Falling	623	_	И	И	linguistic	_	_	Begin=1041.513
623-1	SPK5003	Falling	623	_	өзім	өзім	linguistic	_	_	_
623-2	SPK5003	Falling	623	_	жинаймын	жинаймын	linguistic	_	_	_
623-3	SPK5003	Falling	623	_	иә.	иә	linguistic	_	_	End=1042.188
624-0	SPK5003	Falling	624	_	Кете	Кете	linguistic	_	_	Begin=1042.188
624-1	SPK5003	Falling	624	_	беріңіз.	беріңіз	linguistic	_	_	End=1043.215
625-0	SPK5002	Continuing	625	_	Бір	Бір	linguistic	_	_	Begin=1043.417
625-1	SPK5002	Continuing	625	_	сағат	сағат	linguistic	_	_	_
625-2	SPK5002	Continuing	625	_	жатамын,	жатамын	linguistic	_	_	End=1043.925
626-0	SPK5002	Falling	626	_	сосын	сосын	linguistic	_	_	Begin=1043.925
626-1	SPK5002	Falling	626	_	кетемін.	кетемін	linguistic	_	_	End=1044.706
627-0	SPK5003	Continuing	627	_	Өзім	Өзім	linguistic	_	_	Begin=1044.271
627-1	SPK5003	Continuing	627	_	жинаймын	жинаймын	linguistic	_	_	_
627-2	SPK5003	Continuing	627	_	ғой,	ғой	linguistic	_	_	End=1044.986
628-0	SPK5003	Falling	628	_	уайымдамаңыз.	уайымдамаңыз	linguistic	_	_	Begin=1044.986|End=1045.7
629-0	SPK5002	Continuing	629	_	Неден	Неден	linguistic	_	_	Begin=1045.894
629-1	SPK5002	Continuing	629	_	беріп	беріп	linguistic	_	_	_
629-2	SPK5002	Continuing	629	_	тұр,	тұр	linguistic	_	_	End=1046.688
630-0	SPK5002	Continuing	630	_	бірдеңе	бірдеңе	linguistic	_	_	Begin=1046.688
630-1	SPK5002	Continuing	630	_	аллергия,	аллергия	linguistic	_	_	End=1047.348
631-0	SPK5002	Falling	631	_	қызарып	қызарып	linguistic	_	_	Begin=1047.348
631-1	SPK5002	Falling	631	_	тұр.	тұр	linguistic	_	_	End=1047.951
632-0	SPK5003	Continuing	632	_	Сол,	Сол	linguistic	_	_	Begin=1047.851|End=1048.085
633-0	SPK5003	Continuing	633	_	білмеймін,	білмеймін	linguistic	_	_	Begin=1048.085|End=1048.627
634-0	SPK5003	Falling	634	_	түсінбедім.	түсінбедім	linguistic	_	_	Begin=1048.627|End=1049.226
635-0	SPK5003	Continuing	635	_	Шугаринг,	Шугаринг	linguistic	_	_	Begin=1049.226|End=1050.08
636-0	SPK5003	Continuing	636	_	мына	мына	linguistic	_	_	Begin=1050.08
636-1	SPK5003	Continuing	636	_	қолдарымдікі	қолдарымдікі	linguistic	_	_	_
636-2	SPK5003	Continuing	636	_	өсіп	өсіп	linguistic	_	_	_
636-3	SPK5003	Continuing	636	_	жатыр,	жатыр	linguistic	_	_	End=1051.384
637-0	SPK5003	Falling	637	_	жүндері.	жүндері	linguistic	_	_	Begin=1051.384|End=1052.003
638-0	SPK5003	Continuing	638	_	Содан	Содан	linguistic	_	_	Begin=1052.454
638-1	SPK5003	Continuing	638	_	қышып	қышып	linguistic	_	_	_
638-2	SPK5003	Continuing	638	_	жатыр	жатыр	linguistic	_	_	_
638-3	SPK5003	Continuing	638	_	дейін,	дейін	linguistic	_	_	End=1053.541
639-0	SPK5003	Continuing	639	_	десем	десем	linguistic	_	_	Begin=1053.541
639-1	SPK5003	Continuing	639	_	мына	мына	linguistic	_	_	_
639-2	SPK5003	Continuing	639	_	жақта,	жақта	linguistic	_	_	End=1054.25
640-0	SPK5003	Falling	640	_	шугаринг	шугаринг	linguistic	_	_	Begin=1054.25
640-1	SPK5003	Falling	640	_	жоқ	жоқ	linguistic	_	_	_
640-2	SPK5003	Falling	640	_	менде.	менде	linguistic	_	_	End=1055.705
641-0	SPK5002	Continuing	641	_	Қо:й,	Қой	linguistic	_	Prolongation=1	Begin=1054.548|End=1055.26
642-0	SPK5002	Falling	642	_	одан	одан	linguistic	_	_	Begin=1055.26
642-1	SPK5002	Falling	642	_	емес	емес	linguistic	_	_	_
642-2	SPK5002	Falling	642	_	қой.	қой	linguistic	_	_	End=1056.41
643-0	SPK5003	Falling	643	_	Мойнымда	Мойнымда	linguistic	_	_	Begin=1056.414
643-1	SPK5003	Falling	643	_	жоқ.	жоқ	linguistic	_	_	End=1057.204
644-0	SPK5003	Falling	644	_	Белімде	Белімде	linguistic	_	_	Begin=1057.204
644-1	SPK5003	Falling	644	_	жоқ.	жоқ	linguistic	_	_	End=1058.141
645-0	SPK5002	Falling	645	_	Одан	Одан	linguistic	_	_	Begin=1058.175
645-1	SPK5002	Falling	645	_	емес.	емес	linguistic	_	_	End=1058.665
646-0	SPK5002	Falling	646	_	¬Айжан.	Айжан	linguistic	_	Anonymized=Yes	Begin=1058.665|End=1059.085
647-0	SPK5002	Falling	647	_	Маленький	Маленький	linguistic	_	_	Begin=1059.256
647-1	SPK5002	Falling	647	_	қысып	қысып	linguistic	_	_	_
647-2	SPK5002	Falling	647	_	қышымайды.	қышымайды	linguistic	_	_	End=1060.6
648-0	SPK5003	Falling	648	_	Тәттіден	Тәттіден	linguistic	_	_	Begin=1060.457
648-1	SPK5003	Falling	648	_	бе	бе	linguistic	_	_	_
648-2	SPK5003	Falling	648	_	екен.	екен	linguistic	_	_	End=1061.426
649-0	SPK5003	Falling	649	_	Вроде	Вроде	linguistic	_	_	Begin=1062.302
649-1	SPK5003	Falling	649	_	мен	мен	linguistic	_	_	_
649-2	SPK5003	Falling	649	_	ондай	ондай	linguistic	_	_	_
649-3	SPK5003	Falling	649	_	көп	көп	linguistic	_	_	_
649-4	SPK5003	Falling	649	_	тәтті	тәтті	linguistic	_	_	_
649-5	SPK5003	Falling	649	_	жеп	жеп	linguistic	_	_	_
649-6	SPK5003	Falling	649	_	жүрген	жүрген	linguistic	_	_	_
649-7	SPK5003	Falling	649	_	жоқпын.	жоқпын	linguistic	_	_	End=1063.866
650-0	SPK5002	Falling	650	_	Тәтті	Тәтті	linguistic	_	_	Begin=1063.332
650-1	SPK5002	Falling	650	_	жеп	жеп	linguistic	_	_	_
650-2	SPK5002	Falling	650	_	жатқан	жатқан	linguistic	_	_	_
650-3	SPK5002	Falling	650	_	жоқсың	жоқсың	linguistic	_	_	_
650-4	SPK5002	Falling	650	_	ғой.	ғой	linguistic	_	_	End=1064.724
651-0	SPK5002	Falling	651	_	Су	Су	linguistic	_	_	Begin=1065.753
651-1	SPK5002	Falling	651	_	іше	іше	linguistic	_	_	_
651-2	SPK5002	Falling	651	_	берші.	берші	linguistic	_	_	End=1066.351
652-0	SPK5002	Falling	652	_	Кәдімгі	Кәдімгі	linguistic	_	_	Begin=1066.351
652-1	SPK5002	Falling	652	_	су.	су	linguistic	_	_	End=1067.009
653-0	SPK5003	Continuing	653	_	Ертең	Ертең	linguistic	_	_	Begin=1070.781
653-1	SPK5003	Continuing	653	_	таңертең	таңертең	linguistic	_	_	_
653-2	SPK5003	Continuing	653	_	тоже,	тоже	linguistic	_	_	End=1071.833
654-0	SPK5003	Continuing	654	_	мына	мына	linguistic	_	_	Begin=1071.973
654-1	SPK5003	Continuing	654	_	жақта,	жақта	linguistic	_	_	End=1072.307
655-0	SPK5003	Falling	655	_	күшті	күшті	linguistic	_	_	Begin=1072.307
655-1	SPK5003	Falling	655	_	кофейня	кофейня	linguistic	_	_	_
655-2	SPK5003	Falling	655	_	бар	бар	linguistic	_	_	_
655-3	SPK5003	Falling	655	_	екен.	екен	linguistic	_	_	End=1073.487
656-0	SPK5003	Continuing	656	_	Таңертең	Таңертең	linguistic	_	_	Begin=1073.964
656-1	SPK5003	Continuing	656	_	завтрак	завтрак	linguistic	_	_	_
656-2	SPK5003	Continuing	656	_	ішіп	ішіп	linguistic	_	_	_
656-3	SPK5003	Continuing	656	_	алып,	алып	linguistic	_	_	End=1074.815
657-0	SPK5003	Continuing	657	_	жұмыртқамен,	жұмыртқамен	linguistic	_	_	Begin=1074.815|End=1075.248
658-0	SPK5003	Continuing	658	_	кофейняға	кофейняға	linguistic	_	_	Begin=1075.248
658-1	SPK5003	Continuing	658	_	барып,	барып	linguistic	_	_	End=1075.906
659-0	SPK5003	Falling	659	_	жұмыс	жұмыс	linguistic	_	_	Begin=1075.906
659-1	SPK5003	Falling	659	_	жасаймын	жасаймын	linguistic	_	_	_
659-2	SPK5003	Falling	659	_	барып.	барып	linguistic	_	_	End=1076.715
660-0	SPK5003	Continuing	660	_	Қазір	Қазір	linguistic	_	_	Begin=1077.733
660-1	SPK5003	Continuing	660	_	отырып,	отырып	linguistic	_	_	End=1078.14
661-0	SPK5003	Continuing	661	_	түгел	түгел	linguistic	_	_	Begin=1078.14
661-1	SPK5003	Continuing	661	_	документтерімді,	документтерімді	linguistic	_	_	End=1079.068
662-0	SPK5003	Continuing	662	_	салып	салып	linguistic	_	_	Begin=1079.068
662-1	SPK5003	Continuing	662	_	жіберіп	жіберіп	linguistic	_	_	_
662-2	SPK5003	Continuing	662	_	тастауым	тастауым	linguistic	_	_	_
662-3	SPK5003	Continuing	662	_	керек,	керек	linguistic	_	_	End=1080.257
663-0	SPK5003	Falling	663	_	универге.	универге	linguistic	_	_	Begin=1080.286|End=1080.888
664-0	SPK5002	Continuing	664	_	А:	А	linguistic	_	Prolongation=0	Begin=1082.068|End=1082.542
665-0	SPK5003	Falling	665	_	Копияларын	Копияларын	linguistic	_	_	Begin=1082.068
665-1	SPK5003	Falling	665	_	өткізіп	өткізіп	linguistic	_	_	End=1082.542
666-0	SPK5002	Falling	666	_	иә.	иә	linguistic	_	_	Begin=1082.542|End=1082.975
667-0	SPK5003	undefined	667	_	#####	#####	unknown	_	_	Begin=1083.111|End=1083.983
668-0	SPK5003	Falling	668	_	О:й	Ой	linguistic	_	Prolongation=0	Begin=1085.833
668-1	SPK5003	Falling	668	_	мен.	мен	linguistic	_	_	End=1086.606
669-0	SPK5002	Continuing	669	_	Принтерді,	Принтерді	linguistic	_	_	Begin=1086.333|End=1087.049
670-0	SPK5002	Continuing	670	_	түсіртіп	түсіртіп	linguistic	_	_	Begin=1087.049
670-1	SPK5002	Continuing	670	_	ал,	ал	linguistic	_	_	End=1087.664
671-0	SPK5002	Falling	671	_	әкеге.	әкеге	linguistic	_	_	Begin=1087.664|End=1088.249
672-0	SPK5003	Falling	672	_	Иә.	Иә	linguistic	_	_	Begin=1087.719|End=1088.204
673-0	SPK5003	Continuing	673	_	Нем,	Нем	linguistic	_	_	Begin=1088.778|End=1089.082
674-0	SPK5003	Continuing	674	_	біткен	біткен	linguistic	_	_	Begin=1089.082
674-1	SPK5003	Continuing	674	_	шығар	шығар	linguistic	_	_	_
674-2	SPK5003	Continuing	674	_	десем,	десем	linguistic	_	_	End=1089.965
675-0	SPK5003	Continuing	675	_	бүгін,	бүгін	linguistic	_	_	Begin=1090.223|End=1090.509
676-0	SPK5003	Falling	676	_	қайттан	қайттан	linguistic	_	_	Begin=1090.509
676-1	SPK5003	Falling	676	_	келіп	келіп	linguistic	_	_	_
676-2	SPK5003	Falling	676	_	тұр	тұр	linguistic	_	_	_
676-3	SPK5003	Falling	676	_	ғой.	ғой	linguistic	_	_	End=1091.219
677-0	SPK5003	Continuing	677	_	Я	Я	linguistic	_	_	Begin=1091.219
677-1	SPK5003	Continuing	677	_	такая	такая	linguistic	_	_	_
677-2	SPK5003	Continuing	677	_	ааа,	ааа	linguistic	_	_	End=1092.078
678-0	SPK5003	undefined	678	_	@@	@@	linguistic	_	_	Begin=1092.086|End=1092.898
679-0	SPK5002	Continuing	679	_	Айттым	Айттым	linguistic	_	_	Begin=1092.863
679-1	SPK5002	Continuing	679	_	ғой	ғой	linguistic	_	_	_
679-2	SPK5002	Continuing	679	_	мен	мен	linguistic	_	_	_
679-3	SPK5002	Continuing	679	_	саған,	саған	linguistic	_	_	End=1093.544
680-0	SPK5002	Falling	680	_	маму	маму	linguistic	_	_	Begin=1093.544
680-1	SPK5002	Falling	680	_	надо	надо	linguistic	_	_	_
680-2	SPK5002	Falling	680	_	слушать.	слушать	linguistic	_	_	End=1094.575
681-0	SPK5003	Continuing	681	_	Нет,	Нет	linguistic	_	_	Begin=1094.668|End=1094.992
682-0	SPK5003	Continuing	682	_	менікі	менікі	linguistic	_	_	Begin=1094.992
682-1	SPK5003	Continuing	682	_	прям,	прям	linguistic	_	_	End=1095.601
683-0	SPK5003	Falling	683	_	полный	полный	linguistic	_	_	Begin=1095.608
683-1	SPK5003	Falling	683	_	сегіз	сегіз	linguistic	_	_	_
683-2	SPK5003	Falling	683	_	күн	күн	linguistic	_	_	_
683-3	SPK5003	Falling	683	_	өтті.	өтті	linguistic	_	_	End=1096.789
684-0	SPK5003	Falling	684	_	Мен	Мен	linguistic	_	_	Begin=1096.789
684-1	SPK5003	Falling	684	_	прям	прям	linguistic	_	_	_
684-2	SPK5003	Falling	684	_	полный	полный	linguistic	_	_	_
684-3	SPK5003	Falling	684	_	сегіз	сегіз	linguistic	_	_	_
684-4	SPK5003	Falling	684	_	күн.	күн	linguistic	_	_	End=1098.687
685-0	SPK5002	Falling	685	_	Считается	Считается	linguistic	_	_	Begin=1098.687
685-1	SPK5002	Falling	685	_	я	я	linguistic	_	_	_
685-2	SPK5002	Falling	685	_	чувствую.	чувствую	linguistic	_	_	End=1099.834
686-0	SPK5003	Falling	686	_	А:.	А	linguistic	_	Prolongation=0	Begin=1099.207|End=1099.843
687-0	SPK5003	Continuing	687	_	Енді	Енді	linguistic	_	_	Begin=1100.645
687-1	SPK5003	Continuing	687	_	жүремін,	жүремін	linguistic	_	_	End=1101.274
688-0	SPK5003	Falling	688	_	тағы	тағы	linguistic	_	_	Begin=1101.274
688-1	SPK5003	Falling	688	_	екі	екі	linguistic	_	_	_
688-2	SPK5003	Falling	688	_	күн.	күн	linguistic	_	_	End=1102.272
689-0	SPK5002	Falling	689	_	Маму	Маму	linguistic	_	_	Begin=1103.14
689-1	SPK5002	Falling	689	_	надо	надо	linguistic	_	_	_
689-2	SPK5002	Falling	689	_	слушать.	слушать	linguistic	_	_	End=1104.371
690-0	SPK5003	Falling	690	_	Демалып.	Демалып	linguistic	_	_	Begin=1104.396|End=1105.152
691-0	SPK5003	undefined	691	_	@@	@@	linguistic	_	_	Begin=1105.195|End=1106.401
692-0	SPK5002	Falling	692	_	Айтамын	Айтамын	linguistic	_	_	Begin=1105.814
692-1	SPK5002	Falling	692	_	маму	маму	linguistic	_	_	_
692-2	SPK5002	Falling	692	_	надо	надо	linguistic	_	_	_
692-3	SPK5002	Falling	692	_	слушать.	слушать	linguistic	_	_	End=1107.611
693-0	SPK5002	Falling	693	_	Я	Я	linguistic	_	_	Begin=1107.611
693-1	SPK5002	Falling	693	_	чувствую.	чувствую	linguistic	_	_	End=1108.532
694-0	SPK5002	Falling	694	_	Я	Я	linguistic	_	_	Begin=1111.539
694-1	SPK5002	Falling	694	_	чувствую.	чувствую	linguistic	_	_	End=1112.585
695-0	SPK5003	Falling	695	_	Мм.	Мм	linguistic	_	_	Begin=1112.619|End=1113.312
696-0	SPK5002	Continuing	696	_	Для	Для	linguistic	_	_	Begin=1113.89
696-1	SPK5002	Continuing	696	_	все,	все	linguistic	_	_	End=1114.233
697-0	SPK5002	Continuing	697	_	маму	маму	linguistic	_	_	Begin=1114.233
697-1	SPK5002	Continuing	697	_	спросить,	спросить	linguistic	_	_	End=1114.99
698-0	SPK5003	Continuing	698	_	Отырайын	Отырайын	linguistic	_	_	Begin=1115.587
698-1	SPK5003	Continuing	698	_	ба,	ба	linguistic	_	_	End=1116.242
699-0	SPK5003	Continuing	699	_	мам,	мам	linguistic	_	_	Begin=1116.242|End=1116.711
700-0	SPK5003	undefined	700	_	@@@@@@	@@@@@@	linguistic	_	_	Begin=1116.711|End=1119.785
701-0	SPK5002	Continuing	701	_	Бола	Бола	linguistic	_	_	Begin=1120.727
701-1	SPK5002	Continuing	701	_	ма,	ма	linguistic	_	_	End=1121.2
702-0	SPK5002	Falling	702	_	болмайды.	болмайды	linguistic	_	_	Begin=1121.2|End=1122.051
703-0	SPK5003	undefined	703	_	@	@	linguistic	_	_	Begin=1121.986|End=1122.646
704-0	SPK5002	undefined	704	_	Маму	Маму	linguistic	_	_	Begin=1122.669
704-1	SPK5002	undefined	704	_	надо	надо	linguistic	_	_	_
704-2	SPK5002	undefined	704	_	слушать	слушать	linguistic	_	_	End=1123.815
705-0	SPK5002	Continuing	705	_	Да	Да	linguistic	_	_	Begin=1124.848
705-1	SPK5002	Continuing	705	_	или,	или	linguistic	_	_	End=1125.101
706-0	SPK5002	Falling	706	_	нет.	нет	linguistic	_	_	Begin=1125.101|End=1125.649
707-0	SPK5002	Continuing	707	_	Қалғанын,	Қалғанын	linguistic	_	_	Begin=1126.276|End=1126.624
708-0	SPK5002	Falling	708	_	холодильникке	холодильникке	linguistic	_	_	Begin=1126.624
708-1	SPK5002	Falling	708	_	салып	салып	linguistic	_	_	_
708-2	SPK5002	Falling	708	_	таста.	таста	linguistic	_	_	End=1127.626
709-0	SPK5003	Falling	709	_	Мхм.	Мхм	linguistic	_	_	Begin=1127.731|End=1128.205
710-0	SPK5003	undefined	710	_	(Hx)	(Hx)	exhale	_	_	Begin=1132.358|End=1133.126
711-0	SPK5002	Continuing	711	_	Э,	Э	linguistic	_	_	Begin=1192.323|End=1192.678
712-0	SPK5002	Falling	712	_	сразу	сразу	linguistic	_	_	Begin=1192.678
712-1	SPK5002	Falling	712	_	¬Алтынбектың	Алтынбектың	linguistic	_	Anonymized=Yes	_
712-2	SPK5002	Falling	712	_	комнатына	комнатына	linguistic	_	_	_
712-3	SPK5002	Falling	712	_	қойыңдар.	қойыңдар	linguistic	_	_	End=1194.453
713-0	SPK5002	Continuing	713	_	¬Алтынбектың,	Алтынбектың	linguistic	_	Anonymized=Yes	Begin=1198.329|End=1198.951
714-0	SPK5002	Falling	714	_	комнатына	комнатына	linguistic	_	_	Begin=1198.951
714-1	SPK5002	Falling	714	_	қойыңдар.	қойыңдар	linguistic	_	_	End=1199.744
