token_id	speaker	iu_type	iu_id	tu_id	span	form	type	modality	features	align
0-0	SPK6003	Continuing	0	0	Как	Как	linguistic	_	_	Begin=0.0
0-1	SPK6003	Continuing	0	0	его	его	linguistic	_	_	_
0-2	SPK6003	Continuing	0	0	звали,	звали	linguistic	_	_	End=0.695
1-0	SPK6003	Rising	1	0	¬Елжан?	Елжан	linguistic	_	Anonymized=Yes	Begin=1.225|End=1.775
2-0	SPK6006	Falling	2	1	Бірнәрсе:	Бірнәрсе	linguistic	_	Prolongation=7	Begin=1.79
2-1	SPK6006	Falling	2	1	Индрайвер.	Индрайвер	linguistic	_	_	End=2.68
3-0	SPK6004	Continuing	3	2	Мен	Мен	linguistic	_	_	Begin=3.841
3-1	SPK6004	Continuing	3	2	сосын,	сосын	linguistic	_	_	End=4.386
4-0	SPK6004	Continuing	4	2	ээ,	ээ	linguistic	_	_	Begin=4.407|End=4.867
5-0	SPK6004	Falling	5	2	Тәжікстанға	Тәжікстанға	linguistic	_	_	Begin=4.872
5-1	SPK6004	Falling	5	2	күйеуге	күйеуге	linguistic	_	_	_
5-2	SPK6004	Falling	5	2	шықтым	шықтым	linguistic	_	_	_
5-3	SPK6004	Falling	5	2	ғой.	ғой	linguistic	_	_	End=6.47
6-0	SPK6003	Falling	6	3	Ммм.	Ммм	linguistic	_	_	Begin=7.372|End=7.822
7-0	SPK6004	Falling	7	4	Тәжікстанға.	Тәжікстанға	linguistic	_	_	Begin=7.826|End=8.511
8-0	SPK6003	undefined	8	5	Анау	Анау	linguistic	_	_	Begin=8.518
8-1	SPK6003	undefined	8	5	¬Ер–	Ер–	linguistic	_	Anonymized=Yes	End=9.298
9-0	SPK6003	undefined	9	5	Тәжік–	Тәжік–	linguistic	_	_	Begin=9.423|End=9.633
10-0	SPK6003	Continuing	10	5	Тәжікстанда,	Тәжікстанда	linguistic	_	_	Begin=9.729|End=10.435
11-0	SPK6003	Rising	11	5	туған	туған	linguistic	_	_	Begin=10.494
11-1	SPK6003	Rising	11	5	ба?	ба	linguistic	_	_	End=10.989
12-0	SPK6004	Continuing	12	6	Иә,	Иә	linguistic	_	_	Begin=10.496|End=10.79
13-0	SPK6004	Falling	13	6	иә.	иә	linguistic	_	_	Begin=11.351|End=11.551
14-0	SPK6003	Rising	14	7	Қалай	Қалай	linguistic	_	_	Begin=12.032
14-1	SPK6003	Rising	14	7	тауып	тауып	linguistic	_	_	_
14-2	SPK6003	Rising	14	7	алдың?	алдың	linguistic	_	_	End=12.642
15-0	SPK6003	undefined	15	8	@@@	@@@	linguistic	_	_	Begin=12.707|End=13.237
16-0	SPK6004	Continuing	16	9	Осы	Осы	linguistic	_	_	Begin=13.7
16-1	SPK6004	Continuing	16	9	жаққа,	жаққа	linguistic	_	_	End=14.103
17-0	SPK6004	Continuing	17	9	Қызылордаға	Қызылордаға	linguistic	_	_	Begin=14.231
17-1	SPK6004	Continuing	17	9	келген	келген	linguistic	_	_	_
17-2	SPK6004	Continuing	17	9	ғой	ғой	linguistic	_	_	_
17-3	SPK6004	Continuing	17	9	жаңа	жаңа	linguistic	_	_	_
17-4	SPK6004	Continuing	17	9	неге,	неге	linguistic	_	_	End=15.596
18-0	SPK6004	Falling	18	9	қазақ	қазақ	linguistic	_	_	Begin=17.387
18-1	SPK6004	Falling	18	9	қыз	қыз	linguistic	_	_	_
18-2	SPK6004	Falling	18	9	аламын	аламын	linguistic	_	_	_
18-3	SPK6004	Falling	18	9	деп.	деп	linguistic	_	_	End=18.26
19-0	SPK6006	Falling	19	10	Ммм.	Ммм	linguistic	_	_	Begin=18.992|End=19.32
20-0	SPK6003	Falling	20	11	Специально.	Специально	linguistic	_	_	Begin=19.165|End=19.66
21-0	SPK6004	Continuing	21	12	Сол,	Сол	linguistic	_	_	Begin=19.321|End=19.646
22-0	SPK6004	undefined	22	12	иә–	иә–	linguistic	_	_	Begin=19.781|End=20.006
23-0	SPK6004	Continuing	23	13	Сонымен,	Сонымен	linguistic	_	_	Begin=20.167|End=20.657
24-0	SPK6004	Continuing	24	13	мен,	мен	linguistic	_	_	Begin=20.937|End=21.297
25-0	SPK6004	Continuing	25	13	эээ,	эээ	linguistic	_	_	Begin=21.332|End=21.637
26-0	SPK6003	Rising	26	15	Неге?	Неге	linguistic	_	_	Begin=21.674|End=22.119
27-0	SPK6004	Rising	27	16	Ау?	Ау	linguistic	_	_	Begin=22.492|End=22.582
28-0	SPK6003	Rising	28	17	А	А	linguistic	_	_	Begin=22.605
28-1	SPK6003	Rising	28	17	сол	сол	linguistic	_	_	_
28-2	SPK6003	Rising	28	17	жақта	жақта	linguistic	_	_	_
28-3	SPK6003	Rising	28	17	қыздар	қыздар	linguistic	_	_	_
28-4	SPK6003	Rising	28	17	ұнамады	ұнамады	linguistic	_	_	_
28-5	SPK6003	Rising	28	17	ма	ма	linguistic	_	_	_
28-6	SPK6003	Rising	28	17	не?	не	linguistic	_	_	End=24.422
29-0	SPK6004	Falling	29	18	Тәжіктен	Тәжіктен	linguistic	_	_	Begin=24.649
29-1	SPK6004	Falling	29	18	алма	алма	linguistic	_	_	_
29-2	SPK6004	Falling	29	18	деген	деген	linguistic	_	_	_
29-3	SPK6004	Falling	29	18	ғой.	ғой	linguistic	_	_	End=25.749
30-0	SPK6004	Falling	30	19	Қазақтан	Қазақтан	linguistic	_	_	Begin=26.538
30-1	SPK6004	Falling	30	19	ал	ал	linguistic	_	_	_
30-2	SPK6004	Falling	30	19	деп.	деп	linguistic	_	_	End=27.223
31-0	SPK6003	undefined	31	_	COUGH	COUGH	linguistic	_	_	Begin=27.621|End=28.106
32-0	SPK6003	undefined	32	_	COUGH	COUGH	linguistic	_	_	Begin=29.409|End=30.039
33-0	SPK6003	Continuing	33	20	Біздің	Біздің	linguistic	_	_	Begin=30.453
33-1	SPK6003	Continuing	33	20	қыздар	қыздар	linguistic	_	_	_
33-2	SPK6003	Continuing	33	20	ценятся,	ценятся	linguistic	_	_	End=31.605
34-0	SPK6003	Rising	34	20	да?	да	linguistic	_	_	Begin=31.605|End=31.798
35-0	SPK6003	undefined	35	_	@@@	@@@	linguistic	_	_	Begin=32.017|End=32.732
36-0	SPK6004	Falling	36	21	Иә.	Иә	linguistic	_	_	Begin=32.514|End=32.714
37-0	SPK6004	Continuing	37	22	Сонымен,	Сонымен	linguistic	_	_	Begin=33.799|End=34.529
38-0	SPK6004	Continuing	38	22	сол,	сол	linguistic	_	_	Begin=35.343|End=35.576
39-0	SPK6004	Falling	39	22	маманың	маманың	linguistic	_	_	Begin=35.611
39-1	SPK6004	Falling	39	22	апасы	апасы	linguistic	_	_	_
39-2	SPK6004	Falling	39	22	таныстырды	таныстырды	linguistic	_	_	_
39-3	SPK6004	Falling	39	22	мені.	мені	linguistic	_	_	End=37.435
40-0	SPK6003	Falling	40	23	Ммм.	Ммм	linguistic	_	_	Begin=37.928|End=38.503
41-0	SPK6004	Continuing	41	24	Я	Я	linguistic	_	_	Begin=40.905
41-1	SPK6004	Continuing	41	24	жила	жила	linguistic	_	_	_
41-2	SPK6004	Continuing	41	24	в	в	linguistic	_	_	_
41-3	SPK6004	Continuing	41	24	Таджикистане,	Таджикистане	linguistic	_	_	End=42.19
42-0	SPK6004	Falling	42	25	шесть	шесть	linguistic	_	_	Begin=42.535
42-1	SPK6004	Falling	42	25	лет.	лет	linguistic	_	_	End=43.27
43-0	SPK6005	Falling	43	26	Ммм.	Ммм	linguistic	_	_	Begin=43.653|End=44.173
44-0	SPK6003	Rising	44	27	Қай	Қай	linguistic	_	_	Begin=44.77
44-1	SPK6003	Rising	44	27	қалада?	қалада	linguistic	_	_	End=45.522
45-0	SPK6004	Continuing	45	28	Душанбенің,	Душанбенің	linguistic	_	_	Begin=46.643|End=47.67
46-0	SPK6004	Continuing	46	28	несінде,	несінде	linguistic	_	_	Begin=47.703|End=48.444
47-0	SPK6004	Falling	47	28	ар	ар	linguistic	_	_	Begin=49.941
47-1	SPK6004	Falling	47	28	жағында	жағында	linguistic	_	_	_
47-2	SPK6004	Falling	47	28	он	он	linguistic	_	_	_
47-3	SPK6004	Falling	47	28	бес	бес	linguistic	_	_	_
47-4	SPK6004	Falling	47	28	минуттік	минуттік	linguistic	_	_	_
47-5	SPK6004	Falling	47	28	жер.	жер	linguistic	_	_	End=51.641
48-0	SPK6003	Falling	48	29	Ммм.	Ммм	linguistic	_	_	Begin=51.924|End=53.004
49-0	SPK6006	Falling	49	30	Ммм.	Ммм	linguistic	_	_	Begin=52.08|End=53.009
50-0	SPK6004	Falling	50	31	Совхозында.	Совхозында	linguistic	_	_	Begin=53.129|End=53.564
51-0	SPK6004	Continuing	51	32	Сол	Сол	linguistic	_	_	Begin=56.001
51-1	SPK6004	Continuing	51	32	жақта	жақта	linguistic	_	_	_
51-2	SPK6004	Continuing	51	32	енді,	енді	linguistic	_	_	End=56.645
52-0	SPK6004	Falling	52	32	келіндерді	келіндерді	linguistic	_	_	Begin=56.645
52-1	SPK6004	Falling	52	32	бүйтіп	бүйтіп	linguistic	_	_	_
52-2	SPK6004	Falling	52	32	ұстайды	ұстайды	linguistic	_	_	_
52-3	SPK6004	Falling	52	32	ғой.	ғой	linguistic	_	_	End=57.864
53-0	SPK6004	Continuing	53	33	Азанда,	Азанда	linguistic	_	_	Begin=59.064|End=59.509
54-0	SPK6004	Continuing	54	33	төртте	төртте	linguistic	_	_	Begin=59.609
54-1	SPK6004	Continuing	54	33	тұрасың,	тұрасың	linguistic	_	_	End=60.64
55-0	SPK6004	Continuing	55	33	сиыр	сиыр	linguistic	_	_	Begin=60.831
55-1	SPK6004	Continuing	55	33	сауасың,	сауасың	linguistic	_	_	End=62.108
56-0	SPK6006	Falling	56	34	Ужас.	Ужас	linguistic	_	_	Begin=61.335|End=62.009
57-0	SPK6004	Continuing	57	33	қораға	қораға	linguistic	_	_	Begin=62.831
57-1	SPK6004	Continuing	57	33	су	су	linguistic	_	_	_
57-2	SPK6004	Continuing	57	33	себесің,	себесің	linguistic	_	_	End=64.071
58-0	SPK6004	Continuing	58	33	сыпырасың,	сыпырасың	linguistic	_	_	Begin=64.091|End=65.001
59-0	SPK6004	Continuing	59	33	баста	баста	linguistic	_	_	Begin=65.947
59-1	SPK6004	Continuing	59	33	орамал,	орамал	linguistic	_	_	End=66.747
60-0	SPK6004	Continuing	60	33	ана,	ана	linguistic	_	_	Begin=67.061|End=67.35
61-0	SPK6004	Continuing	61	33	неде,	неде	linguistic	_	_	Begin=67.35|End=67.676
62-0	SPK6004	Continuing	62	33	аяғыңда	аяғыңда	linguistic	_	_	Begin=68.376
62-1	SPK6004	Continuing	62	33	штан,	штан	linguistic	_	_	End=69.321
63-0	SPK6003	undefined	63	_	@@@@	@@@@	linguistic	_	_	Begin=69.563|End=70.93
64-0	SPK6004	undefined	64	_	@@@	@@@	linguistic	_	_	Begin=70.527|End=71.22
65-0	SPK6003	Continuing	65	35	Не	Не	linguistic	_	_	Begin=71.003
65-1	SPK6003	Continuing	65	35	то	то	linguistic	_	_	_
65-2	SPK6003	Continuing	65	35	что	что	linguistic	_	_	_
65-3	SPK6003	Continuing	65	35	мы,	мы	linguistic	_	_	End=71.795
66-0	SPK6003	Continuing	66	35	да,	да	linguistic	_	_	Begin=71.795|End=72.03
67-0	SPK6003	undefined	67	35	ходим	ходим	linguistic	_	_	Begin=72.03|End=72.401
68-0	SPK6004	Falling	68	36	Иә.	Иә	linguistic	_	_	Begin=72.597|End=72.832
69-0	SPK6003	undefined	69	_	@@@	@@@	linguistic	_	_	Begin=72.662|End=73.367
70-0	SPK6003	Falling	70	37	Он	Он	linguistic	_	_	Begin=73.524
70-1	SPK6003	Falling	70	37	екіге	екіге	linguistic	_	_	_
70-2	SPK6003	Falling	70	37	дейін	дейін	linguistic	_	_	_
70-3	SPK6003	Falling	70	37	ұйықтап.	ұйықтап	linguistic	_	_	End=74.605
71-0	SPK6003	undefined	71	_	@@@	@@@	linguistic	_	_	Begin=74.605|End=75.389
72-0	SPK6004	Falling	72	38	Иә.	Иә	linguistic	_	_	Begin=75.2|End=75.41
73-0	SPK6003	undefined	73	_	@@	@@	linguistic	_	_	Begin=76.62|End=77.23
74-0	SPK6005	Continuing	74	39	Уже	Уже	linguistic	_	_	Begin=77.96
74-1	SPK6005	Continuing	74	39	в	в	linguistic	_	_	_
74-2	SPK6005	Continuing	74	39	Туркестан,	Туркестан	linguistic	_	_	End=78.989
75-0	SPK6005	Continuing	75	40	когда	когда	linguistic	_	_	Begin=79.074
75-1	SPK6005	Continuing	75	40	проезжаешь,	проезжаешь	linguistic	_	_	End=79.9
76-0	SPK6005	Continuing	76	40	уже,	уже	linguistic	_	_	Begin=79.9|End=80.189
77-0	SPK6005	Continuing	77	42	начинаешь	начинаешь	linguistic	_	_	Begin=80.361
77-1	SPK6005	Continuing	77	42	видеть,	видеть	linguistic	_	_	End=81.356
78-0	SPK6005	Continuing	78	43	в	в	linguistic	_	_	Begin=81.416
78-1	SPK6005	Continuing	78	43	платка:х,	платках	linguistic	_	Prolongation=5	End=82.221
79-0	SPK6004	Falling	79	44	Иә.	Иә	linguistic	_	_	Begin=82.26|End=82.61
80-0	SPK6005	Continuing	80	45	в	в	linguistic	_	_	Begin=82.262
80-1	SPK6005	Continuing	80	45	длинных	длинных	linguistic	_	_	_
80-2	SPK6005	Continuing	80	45	этих,	этих	linguistic	_	_	End=83.037
81-0	SPK6004	Falling	81	46	Иә.	Иә	linguistic	_	_	Begin=83.1|End=83.335
82-0	SPK6005	Continuing	82	47	уже,	уже	linguistic	_	_	Begin=83.342|End=83.747
83-0	SPK6005	Continuing	83	48	и,	и	linguistic	_	_	Begin=84.179|End=84.614
84-0	SPK6004	Falling	84	49	Иә.	Иә	linguistic	_	_	Begin=84.233|End=84.538
85-0	SPK6005	Continuing	85	50	как	как	linguistic	_	_	Begin=84.674
85-1	SPK6005	Continuing	85	50	будто	будто	linguistic	_	_	_
85-2	SPK6005	Continuing	85	50	уже,	уже	linguistic	_	_	End=85.334
86-0	SPK6005	Continuing	86	51	другое,	другое	linguistic	_	_	Begin=85.559|End=86.189
87-0	SPK6005	Falling	87	52	это	это	linguistic	_	_	Begin=86.705
87-1	SPK6005	Falling	87	52	место.	место	linguistic	_	_	End=87.675
88-0	SPK6004	undefined	88	53	Төрт–	Төрт–	linguistic	_	_	Begin=87.053|End=87.513
89-0	SPK6004	Falling	89	53	төрт	төрт	linguistic	_	_	Begin=87.728
89-1	SPK6004	Falling	89	53	сиыр	сиыр	linguistic	_	_	_
89-2	SPK6004	Falling	89	53	сауатынмын	сауатынмын	linguistic	_	_	_
89-3	SPK6004	Falling	89	53	тұғын.	тұғын	linguistic	_	_	End=88.938
90-0	SPK6003	Falling	90	54	Ммм.	Ммм	linguistic	_	_	Begin=89.515|End=89.995
91-0	SPK6004	Falling	91	55	Азаңда	Азаңда	linguistic	_	_	Begin=89.924
91-1	SPK6004	Falling	91	55	төртте	төртте	linguistic	_	_	_
91-2	SPK6004	Falling	91	55	тұрып.	тұрып	linguistic	_	_	End=90.934
92-0	SPK6005	Continuing	92	56	Как	Как	linguistic	_	_	Begin=92.671
92-1	SPK6005	Continuing	92	56	будто	будто	linguistic	_	_	_
92-2	SPK6005	Continuing	92	56	ощущение,	ощущение	linguistic	_	_	End=93.561
93-0	SPK6005	Continuing	93	57	в	в	linguistic	_	_	Begin=93.575
93-1	SPK6005	Continuing	93	57	другую	другую	linguistic	_	_	_
93-2	SPK6005	Continuing	93	57	страну	страну	linguistic	_	_	_
93-3	SPK6005	Continuing	93	57	попадаешь,	попадаешь	linguistic	_	_	End=95.035
94-0	SPK6005	Falling	94	58	как	как	linguistic	_	_	Begin=95.215
94-1	SPK6005	Falling	94	58	будто.	будто	linguistic	_	_	End=95.665
95-0	SPK6003	undefined	95	_	@@	@@	linguistic	_	_	Begin=95.888|End=96.318
96-0	SPK6004	Continuing	96	59	Сосын,	Сосын	linguistic	_	_	Begin=97.007|End=97.419
97-0	SPK6004	Continuing	97	59	не,	не	linguistic	_	_	Begin=97.449|End=97.889
98-0	SPK6004	Falling	98	59	таңдырға	таңдырға	linguistic	_	_	Begin=97.986
98-1	SPK6004	Falling	98	59	нан	нан	linguistic	_	_	_
98-2	SPK6004	Falling	98	59	жабамын.	жабамын	linguistic	_	_	End=99.046
99-0	SPK6003	Falling	99	60	Ай	Ай	linguistic	_	_	Begin=100.1
99-1	SPK6003	Falling	99	60	молоде:ц.	молодец	linguistic	_	Prolongation=5	End=101.37
100-0	SPK6004	Continuing	100	61	Сосын,	Сосын	linguistic	_	_	Begin=100.115|End=100.545
101-0	SPK6004	Continuing	101	61	ана,	ана	linguistic	_	_	Begin=100.545|End=100.845
102-0	SPK6004	Continuing	102	61	не	не	linguistic	_	_	Begin=100.865
102-1	SPK6004	Continuing	102	61	бар	бар	linguistic	_	_	_
102-2	SPK6004	Continuing	102	61	емес	емес	linguistic	_	_	_
102-3	SPK6004	Continuing	102	61	пе,	пе	linguistic	_	_	End=101.76
103-0	SPK6004	Rising	103	61	сиырдың	сиырдың	linguistic	_	_	Begin=102.347
103-1	SPK6004	Rising	103	61	боғы	боғы	linguistic	_	_	_
103-2	SPK6004	Rising	103	61	бар	бар	linguistic	_	_	_
103-3	SPK6004	Rising	103	61	емес	емес	linguistic	_	_	_
103-4	SPK6004	Rising	103	61	па?	па	linguistic	_	_	End=103.738
104-0	SPK6003	Falling	104	62	Иә.	Иә	linguistic	_	_	Begin=103.86|End=104.215
105-0	SPK6004	Continuing	105	63	Соны,	Соны	linguistic	_	_	Begin=104.469|End=104.87
106-0	SPK6004	Continuing	106	63	илейміз	илейміз	linguistic	_	_	Begin=104.87
106-1	SPK6004	Continuing	106	63	де,	де	linguistic	_	_	End=105.674
107-0	SPK6004	Falling	107	63	мынандай	мынандай	linguistic	_	_	Begin=106.089
107-1	SPK6004	Falling	107	63	стенаға	стенаға	linguistic	_	_	_
107-2	SPK6004	Falling	107	63	жабыстырамыз	жабыстырамыз	linguistic	_	_	_
107-3	SPK6004	Falling	107	63	бүйтіп.	бүйтіп	linguistic	_	_	End=107.606
108-0	SPK6003	Rising	108	64	Сосын?	Сосын	linguistic	_	_	Begin=108.156|End=108.516
109-0	SPK6004	Continuing	109	65	Сол,	Сол	linguistic	_	_	Begin=108.968|End=109.283
110-0	SPK6004	Continuing	110	65	кепкен	кепкен	linguistic	_	_	Begin=109.426
110-1	SPK6004	Continuing	110	65	кезде,	кезде	linguistic	_	_	End=110.281
111-0	SPK6004	Continuing	111	65	жаңа,	жаңа	linguistic	_	_	Begin=110.396|End=110.711
112-0	SPK6004	Continuing	112	65	неге,	неге	linguistic	_	_	Begin=110.791|End=111.086
113-0	SPK6004	Continuing	113	65	нан	нан	linguistic	_	_	Begin=111.309
113-1	SPK6004	Continuing	113	65	пісіруге,	пісіруге	linguistic	_	_	End=112.044
114-0	SPK6003	undefined	114	66	Пешке	Пешке	linguistic	_	_	Begin=111.486
114-1	SPK6003	undefined	114	66	са–	са–	linguistic	_	_	End=112.021
115-0	SPK6004	Falling	115	65	пешке	пешке	linguistic	_	_	Begin=112.272
115-1	SPK6004	Falling	115	65	саламыз.	саламыз	linguistic	_	_	End=113.097
116-0	SPK6003	Falling	116	67	Мәә.	Мәә	linguistic	_	_	Begin=113.305|End=113.87
117-0	SPK6006	Falling	117	68	Ммм.	Ммм	linguistic	_	_	Begin=114.88|End=115.6
118-0	SPK6003	Falling	118	69	Ужас.	Ужас	linguistic	_	_	Begin=115.119|End=115.589
119-0	SPK6004	Continuing	119	70	Бірақ	Бірақ	linguistic	_	_	Begin=118.253
119-1	SPK6004	Continuing	119	70	енді,	енді	linguistic	_	_	End=118.878
120-0	SPK6004	Continuing	120	70	несі,	несі	linguistic	_	_	Begin=118.9|End=119.39
121-0	SPK6004	Falling	121	70	природасы	природасы	linguistic	_	_	Begin=119.39
121-1	SPK6004	Falling	121	70	вообще	вообще	linguistic	_	_	_
121-2	SPK6004	Falling	121	70	күшті.	күшті	linguistic	_	_	End=120.889
122-0	SPK6003	Falling	122	71	Ммм.	Ммм	linguistic	_	_	Begin=121.336|End=121.586
123-0	SPK6004	Falling	123	72	Рай.	Рай	linguistic	_	_	Begin=121.631|End=121.886
124-0	SPK6003	Continuing	124	73	Ана	Ана	linguistic	_	_	Begin=121.912
124-1	SPK6003	Continuing	124	73	неде	неде	linguistic	_	_	_
124-2	SPK6003	Continuing	124	73	¬Гүлзираның,	Гүлзираның	linguistic	_	Anonymized=Yes	End=123.032
125-0	SPK6003	Continuing	125	73	туысқандары	туысқандары	linguistic	_	_	Begin=123.032
125-1	SPK6003	Continuing	125	73	тоже	тоже	linguistic	_	_	_
125-2	SPK6003	Continuing	125	73	там,	там	linguistic	_	_	End=124.2
126-0	SPK6003	Rising	126	73	да?	да	linguistic	_	_	Begin=124.2|End=124.363
127-0	SPK6004	Falling	127	74	Ол	Ол	linguistic	_	_	Begin=124.25
127-1	SPK6004	Falling	127	74	Қарақалпақстанда.	Қарақалпақстанда	linguistic	_	_	End=125.154
128-0	SPK6003	Falling	128	75	Ааа.	Ааа	linguistic	_	_	Begin=125.333|End=125.778
129-0	SPK6003	Falling	129	76	Бәсе.	Бәсе	linguistic	_	_	Begin=127.496|End=127.776
130-0	SPK6004	Continuing	130	77	Қорасында,	Қорасында	linguistic	_	_	Begin=128.293|End=129.208
131-0	SPK6004	Continuing	131	77	тонналап,	тонналап	linguistic	_	_	Begin=129.37|End=129.955
132-0	SPK6004	Falling	132	77	алма	алма	linguistic	_	_	Begin=130.258
132-1	SPK6004	Falling	132	77	өседі.	өседі	linguistic	_	_	End=131.013
133-0	SPK6004	Continuing	133	78	Тонналап,	Тонналап	linguistic	_	_	Begin=131.907|End=132.362
134-0	SPK6004	Falling	134	78	құрма	құрма	linguistic	_	_	Begin=132.494
134-1	SPK6004	Falling	134	78	өседі.	өседі	linguistic	_	_	End=133.316
135-0	SPK6004	Continuing	135	79	Жүзімдер	Жүзімдер	linguistic	_	_	Begin=134.26
135-1	SPK6004	Continuing	135	79	жеген,	жеген	linguistic	_	_	End=135.315
136-0	SPK6004	Continuing	136	79	тұрып,	тұрып	linguistic	_	_	Begin=136.07|End=136.35
137-0	SPK6004	Continuing	137	79	шіріп	шіріп	linguistic	_	_	Begin=136.54
137-1	SPK6004	Continuing	137	79	кетеді	кетеді	linguistic	_	_	_
137-2	SPK6004	Continuing	137	79	оны,	оны	linguistic	_	_	End=137.361
138-0	SPK6004	Falling	138	79	ешкім	ешкім	linguistic	_	_	Begin=137.386
138-1	SPK6004	Falling	138	79	жемейді.	жемейді	linguistic	_	_	End=137.842
139-0	SPK6003	Falling	139	80	Ммм.	Ммм	linguistic	_	_	Begin=138.106|End=138.716
140-0	SPK6004	Continuing	140	81	Жейміз,	Жейміз	linguistic	_	_	Begin=139.065|End=139.605
141-0	SPK6004	Continuing	141	81	сонда	сонда	linguistic	_	_	Begin=139.62
141-1	SPK6004	Continuing	141	81	да	да	linguistic	_	_	_
141-2	SPK6004	Continuing	141	81	қалады	қалады	linguistic	_	_	_
141-3	SPK6004	Continuing	141	81	ана,	ана	linguistic	_	_	End=140.675
142-0	SPK6004	Falling	142	81	ненің	ненің	linguistic	_	_	Begin=140.675
142-1	SPK6004	Falling	142	81	төбесінде.	төбесінде	linguistic	_	_	End=141.425
143-0	SPK6003	Falling	143	82	Ммм.	Ммм	linguistic	_	_	Begin=141.635|End=142.235
144-0	SPK6003	Continuing	144	83	Свадьба	Свадьба	linguistic	_	_	Begin=142.859
144-1	SPK6003	Continuing	144	83	болды	болды	linguistic	_	_	_
144-2	SPK6003	Continuing	144	83	ма,	ма	linguistic	_	_	End=143.655
145-0	SPK6003	Rising	145	83	сендерде?	сендерде	linguistic	_	_	Begin=143.655|End=144.245
146-0	SPK6004	Falling	146	84	Жоқ.	Жоқ	linguistic	_	_	Begin=144.429|End=144.834
147-0	SPK6003	Rising	147	85	Қалай	Қалай	linguistic	_	_	Begin=144.505
147-1	SPK6003	Rising	147	85	болды?	болды	linguistic	_	_	End=145.01
148-0	SPK6004	Falling	148	86	Болған	Болған	linguistic	_	_	Begin=145.21
148-1	SPK6004	Falling	148	86	жоқ.	жоқ	linguistic	_	_	End=145.625
149-0	SPK6003	Falling	149	87	Ммм.	Ммм	linguistic	_	_	Begin=145.709|End=146.164
150-0	SPK6004	Falling	150	88	Беташар.	Беташар	linguistic	_	_	Begin=146.287|End=146.697
151-0	SPK6003	Rising	151	89	Беташар?	Беташар	linguistic	_	_	Begin=146.967|End=147.412
152-0	SPK6004	Continuing	152	90	Сонымен,	Сонымен	linguistic	_	_	Begin=150.224|End=150.769
153-0	SPK6003	undefined	153	91	Енді–	Енді–	linguistic	_	_	Begin=152.308|End=152.688
154-0	SPK6004	Continuing	154	90	жаңа,	жаңа	linguistic	_	_	Begin=152.318|End=152.712
155-0	SPK6004	Continuing	155	90	картошка,	картошка	linguistic	_	_	Begin=153.081|End=153.531
156-0	SPK6004	Continuing	156	90	жуа,	жуа	linguistic	_	_	Begin=153.579|End=154.148
157-0	SPK6004	Falling	157	90	бәрін	бәрін	linguistic	_	_	Begin=154.148
157-1	SPK6004	Falling	157	90	сол	сол	linguistic	_	_	_
157-2	SPK6004	Falling	157	90	өздерінің	өздерінің	linguistic	_	_	_
157-3	SPK6004	Falling	157	90	қорасынан.	қорасынан	linguistic	_	_	End=155.721
158-0	SPK6003	Continuing	158	92	Енді,	Енді	linguistic	_	_	Begin=157.351|End=157.665
159-0	SPK6003	Continuing	159	92	в	в	linguistic	_	_	Begin=157.665
159-1	SPK6003	Continuing	159	92	целом	целом	linguistic	_	_	_
159-2	SPK6003	Continuing	159	92	наша	наша	linguistic	_	_	_
159-3	SPK6003	Continuing	159	92	свадьба,	свадьба	linguistic	_	_	End=158.665
160-0	SPK6003	Rising	160	92	сыртынан	сыртынан	linguistic	_	_	Begin=158.665
160-1	SPK6003	Rising	160	92	қалай	қалай	linguistic	_	_	_
160-2	SPK6003	Rising	160	92	көрінеді?	көрінеді	linguistic	_	_	End=159.741
161-0	SPK6004	Falling	161	93	Күшті.	Күшті	linguistic	_	_	Begin=160.185|End=160.78
162-0	SPK6004	Continuing	162	94	Маған	Маған	linguistic	_	_	Begin=165.117
162-1	SPK6004	Continuing	162	94	ұнағаны,	ұнағаны	linguistic	_	_	End=165.805
163-0	SPK6004	Continuing	163	94	е:ң	ең	linguistic	_	Prolongation=0	Begin=165.805
163-1	SPK6004	Continuing	163	94	ұнағаны,	ұнағаны	linguistic	_	_	End=166.83
164-0	SPK6004	Continuing	164	94	музыкасы	музыкасы	linguistic	_	_	Begin=166.83
164-1	SPK6004	Continuing	164	94	ұнады,	ұнады	linguistic	_	_	End=167.694
165-0	SPK6004	Falling	165	94	ұйғырлардың.	ұйғырлардың	linguistic	_	_	Begin=167.851|End=168.426
166-0	SPK6003	undefined	166	_	@@@	@@@	linguistic	_	_	Begin=168.381|End=169.194
167-0	SPK6005	Rising	167	95	М?	М	linguistic	_	_	Begin=170.011|End=170.241
168-0	SPK6003	Falling	168	96	Ммм.	Ммм	linguistic	_	_	Begin=170.251|End=170.596
169-0	SPK6004	Falling	169	97	Музыка.	Музыка	linguistic	_	_	Begin=170.62|End=171.195
170-0	SPK6003	Falling	170	98	Ұйғырлардың	Ұйғырлардың	linguistic	_	_	Begin=170.636
170-1	SPK6003	Falling	170	98	музыкасы	музыкасы	linguistic	_	_	_
170-2	SPK6003	Falling	170	98	ұнады.	ұнады	linguistic	_	_	End=172.275
171-0	SPK6003	Continuing	171	98	Ей,	Ей	linguistic	_	_	Begin=172.458|End=172.653
172-0	SPK6003	Continuing	172	100	понравилась,	понравилась	linguistic	_	_	Begin=172.753|End=173.283
173-0	SPK6003	Falling	173	101	уйгурская	уйгурская	linguistic	_	_	Begin=173.873
173-1	SPK6003	Falling	173	101	музыка.	музыка	linguistic	_	_	End=174.868
174-0	SPK6003	Continuing	174	102	Как	Как	linguistic	_	_	Begin=175.235
174-1	SPK6003	Continuing	174	102	там,	там	linguistic	_	_	End=175.7
175-0	SPK6003	Falling	175	102	какую	какую	linguistic	_	_	Begin=175.74
175-1	SPK6003	Falling	175	102	музыку	музыку	linguistic	_	_	_
175-2	SPK6003	Falling	175	102	включали	включали	linguistic	_	_	_
175-3	SPK6003	Falling	175	102	на	на	linguistic	_	_	_
175-4	SPK6003	Falling	175	102	свадьбе.	свадьбе	linguistic	_	_	End=177.728
176-0	SPK6004	Falling	176	103	Иә.	Иә	linguistic	_	_	Begin=177.073|End=177.428
177-0	SPK6005	Falling	177	104	Ммм.	Ммм	linguistic	_	_	Begin=177.198|End=177.473
178-0	SPK6004	Continuing	178	105	Сосын	Сосын	linguistic	_	_	Begin=179.026
178-1	SPK6004	Continuing	178	105	тамадасы	тамадасы	linguistic	_	_	_
178-2	SPK6004	Continuing	178	105	да,	да	linguistic	_	_	End=180.115
179-0	SPK6004	Falling	179	105	жақсы	жақсы	linguistic	_	_	Begin=180.115
179-1	SPK6004	Falling	179	105	жүргізеді	жүргізеді	linguistic	_	_	_
179-2	SPK6004	Falling	179	105	екен.	екен	linguistic	_	_	End=181.238
180-0	SPK6003	Continuing	180	106	Тамада,	Тамада	linguistic	_	_	Begin=181.614|End=182.084
181-0	SPK6003	Continuing	181	106	ээ,	ээ	linguistic	_	_	Begin=182.094|End=182.865
182-0	SPK6003	Continuing	182	106	не,	не	linguistic	_	_	Begin=182.933|End=183.133
183-0	SPK6003	Continuing	183	106	специально,	специально	linguistic	_	_	Begin=183.229|End=183.839
184-0	SPK6003	Continuing	184	106	короче	короче	linguistic	_	_	Begin=184.091
184-1	SPK6003	Continuing	184	106	андай,	андай	linguistic	_	_	End=184.707
185-0	SPK6003	Continuing	185	106	қазақша	қазақша	linguistic	_	_	Begin=184.981
185-1	SPK6003	Continuing	185	106	да,	да	linguistic	_	_	End=185.75
186-0	SPK6003	Continuing	186	106	орысша	орысша	linguistic	_	_	Begin=185.75
186-1	SPK6003	Continuing	186	106	да,	да	linguistic	_	_	End=186.205
187-0	SPK6003	Falling	187	106	ұйғырша	ұйғырша	linguistic	_	_	Begin=186.205
187-1	SPK6003	Falling	187	106	да.	да	linguistic	_	_	End=186.891
188-0	SPK6004	Falling	188	107	Мхм.	Мхм	linguistic	_	_	Begin=187.625|End=187.981
189-0	SPK6005	Falling	189	108	Ммм.	Ммм	linguistic	_	_	Begin=188.787|End=189.072
190-0	SPK6003	Continuing	190	109	Алдында	Алдында	linguistic	_	_	Begin=189.092
190-1	SPK6003	Continuing	190	109	олар,	олар	linguistic	_	_	End=189.827
191-0	SPK6003	Continuing	191	109	неге,	неге	linguistic	_	_	Begin=189.932|End=190.192
192-0	SPK6003	undefined	192	109	ауылға	ауылға	linguistic	_	_	Begin=190.312
192-1	SPK6003	undefined	192	109	барды	барды	linguistic	_	_	_
192-2	SPK6003	undefined	192	109	ғой–	ғой–	linguistic	_	_	End=191.277
193-0	SPK6004	Continuing	193	110	Ана	Ана	linguistic	_	_	Begin=190.572
193-1	SPK6004	Continuing	193	110	ресторан,	ресторан	linguistic	_	_	End=191.21
194-0	SPK6004	Rising	194	110	ұйғырлардікі	ұйғырлардікі	linguistic	_	_	Begin=191.21
194-1	SPK6004	Rising	194	110	емес	емес	linguistic	_	_	_
194-2	SPK6004	Rising	194	110	па?	па	linguistic	_	_	End=192.134
195-0	SPK6005	Interrupted	195	111	Навер--	Навер--	linguistic	_	Interrupted=Yes	Begin=193.278|End=193.578
196-0	SPK6003	Falling	196	112	Я	Я	linguistic	_	_	Begin=193.298
196-1	SPK6003	Falling	196	112	не	не	linguistic	_	_	_
196-2	SPK6003	Falling	196	112	знаю.	знаю	linguistic	_	_	End=194.028
197-0	SPK6005	Falling	197	114	Наверное	Наверное	linguistic	_	_	Begin=194.186
197-1	SPK6005	Falling	197	114	что-то	что-то	linguistic	_	_	_
197-2	SPK6005	Falling	197	114	кажется	кажется	linguistic	_	_	_
197-3	SPK6005	Falling	197	114	уйгурский	уйгурский	linguistic	_	_	End=195.836
198-0	SPK6003	Falling	198	113	Может	Может	linguistic	_	_	Begin=194.186
198-1	SPK6003	Falling	198	113	быть	быть	linguistic	_	_	End=194.98
199-0	SPK6003	Falling	199	115	Наверное.	Наверное	linguistic	_	_	Begin=196.262|End=196.737
200-0	SPK6005	Rising	200	116	Да?	Да	linguistic	_	_	Begin=197.791|End=198.036
201-0	SPK6005	Falling	201	117	Ресторан.	Ресторан	linguistic	_	_	Begin=198.194|End=198.834
202-0	SPK6003	Falling	202	118	Наверное.	Наверное	linguistic	_	_	Begin=198.207|End=198.873
203-0	SPK6003	Interrupted	203	119	¬Гуль--	Гуль--	linguistic	_	Interrupted=Yes|Anonymized=Yes	Begin=200.664|End=201.069
204-0	SPK6003	Falling	204	120	¬Гульжанка	Гульжанка	linguistic	_	Anonymized=Yes	Begin=201.078
204-1	SPK6003	Falling	204	120	какая	какая	linguistic	_	_	_
204-2	SPK6003	Falling	204	120	довольная	довольная	linguistic	_	_	_
204-3	SPK6003	Falling	204	120	сидела.	сидела	linguistic	_	_	End=202.978
205-0	SPK6005	Rising	205	121	Какая?	Какая	linguistic	_	_	Begin=203.264|End=203.914
206-0	SPK6003	undefined	206	122	@@	@@	linguistic	_	_	Begin=203.278|End=203.55
207-0	SPK6003	Rising	207	122	Да?	Да	linguistic	_	_	Begin=203.55|End=203.908
208-0	SPK6005	Rising	208	123	¬Гульжанка?	Гульжанка	linguistic	_	Anonymized=Yes	Begin=204.189|End=204.579
209-0	SPK6003	Falling	209	124	¬Вовы	Вовы	linguistic	_	Anonymized=Yes	Begin=204.208
209-1	SPK6003	Falling	209	124	жена.	жена	linguistic	_	_	End=204.969
210-0	SPK6005	Continuing	210	125	Да,	Да	linguistic	_	_	Begin=205.371|End=205.571
211-0	SPK6005	Rising	211	125	довольная?	довольная	linguistic	_	_	Begin=205.893|End=206.558
212-0	SPK6003	Continuing	212	126	Ну	Ну	linguistic	_	_	Begin=205.897
212-1	SPK6003	Continuing	212	126	она	она	linguistic	_	_	_
212-2	SPK6003	Continuing	212	126	же	же	linguistic	_	_	_
212-3	SPK6003	Continuing	212	126	уйгурка,	уйгурка	linguistic	_	_	End=207.005
213-0	SPK6003	Continuing	213	126	да,	да	linguistic	_	_	Begin=207.005|End=207.192
214-0	SPK6005	Falling	214	127	Ааа.	Ааа	linguistic	_	_	Begin=207.26|End=208.11
215-0	SPK6003	Falling	215	128	ну:	ну	linguistic	_	Prolongation=1	Begin=207.365
215-1	SPK6003	Falling	215	128	наполовину.	наполовину	linguistic	_	_	End=208.075
216-0	SPK6004	Falling	216	129	Ммм.	Ммм	linguistic	_	_	Begin=208.815|End=209.115
217-0	SPK6005	Falling	217	130	Ммм.	Ммм	linguistic	_	_	Begin=209.22|End=209.66
218-0	SPK6005	undefined	218	_	#	#	unknown	_	_	Begin=211.206|End=211.676
219-0	SPK6005	Continuing	219	131	Ей	Ей	linguistic	_	_	Begin=213.705
219-1	SPK6005	Continuing	219	131	не	не	linguistic	_	_	_
219-2	SPK6005	Continuing	219	131	понравилось,	понравилось	linguistic	_	_	End=214.745
220-0	SPK6005	Continuing	220	131	когда	когда	linguistic	_	_	Begin=214.923
220-1	SPK6005	Continuing	220	131	мы	мы	linguistic	_	_	_
220-2	SPK6005	Continuing	220	131	с	с	linguistic	_	_	_
220-3	SPK6005	Continuing	220	131	ней,	ней	linguistic	_	_	End=215.578
221-0	SPK6005	Falling	221	131	выходили	выходили	linguistic	_	_	Begin=215.638
221-1	SPK6005	Falling	221	131	когда.	когда	linguistic	_	_	End=216.54
222-0	SPK6003	Falling	222	132	Да.	Да	linguistic	_	_	Begin=216.738|End=216.983
223-0	SPK6005	Falling	223	133	Ммм.	Ммм	linguistic	_	_	Begin=217.565|End=217.875
224-0	SPK6003	Falling	224	134	Ммм.	Ммм	linguistic	_	_	Begin=217.955|End=218.45
225-0	SPK6005	Falling	225	135	Ммм.	Ммм	linguistic	_	_	Begin=220.247|End=220.637
226-0	SPK6005	Continuing	226	136	Еще	Еще	linguistic	_	_	Begin=221.517
226-1	SPK6005	Continuing	226	136	говорит,	говорит	linguistic	_	_	End=222.171
227-0	SPK6005	Continuing	227	136	ой	ой	linguistic	_	_	Begin=222.329
227-1	SPK6005	Continuing	227	136	говорит,	говорит	linguistic	_	_	End=222.89
228-0	SPK6005	Continuing	228	136	¬Шахзода	Шахзода	linguistic	_	Anonymized=Yes	Begin=222.89
228-1	SPK6005	Continuing	228	136	прям,	прям	linguistic	_	_	End=223.86
229-0	SPK6005	Falling	229	136	краса:вица	красавица	linguistic	_	Prolongation=4	Begin=223.86
229-1	SPK6005	Falling	229	136	говорит.	говорит	linguistic	_	_	End=225.618
230-0	SPK6004	Falling	230	138	Ммм	Ммм	linguistic	_	_	Begin=225.628|End=225.903
231-0	SPK6003	Falling	231	137	Ммм.	Ммм	linguistic	_	_	Begin=225.628|End=225.9
232-0	SPK6003	Continuing	232	139	Ну	Ну	linguistic	_	_	Begin=225.906
232-1	SPK6003	Continuing	232	139	она	она	linguistic	_	_	_
232-2	SPK6003	Continuing	232	139	тоже	тоже	linguistic	_	_	_
232-3	SPK6003	Continuing	232	139	такая	такая	linguistic	_	_	_
232-4	SPK6003	Continuing	232	139	краси:вая	красивая	linguistic	_	Prolongation=4	_
232-5	SPK6003	Continuing	232	139	была,	была	linguistic	_	_	End=228.185
233-0	SPK6003	undefined	233	140	на	на	linguistic	_	_	Begin=228.185
233-1	SPK6003	undefined	233	140	свадьбе	свадьбе	linguistic	_	_	_
233-2	SPK6003	undefined	233	140	у	у	linguistic	_	_	_
233-3	SPK6003	undefined	233	140	¬Вовы	Вовы	linguistic	_	Anonymized=Yes	End=229.101
234-0	SPK6003	Continuing	234	141	А,	А	linguistic	_	_	Begin=229.573|End=229.803
235-0	SPK6003	Continuing	235	142	вот	вот	linguistic	_	_	Begin=229.813
235-1	SPK6003	Continuing	235	142	и	и	linguistic	_	_	_
235-2	SPK6003	Continuing	235	142	что	что	linguistic	_	_	_
235-3	SPK6003	Continuing	235	142	интересно	интересно	linguistic	_	_	_
235-4	SPK6003	Continuing	235	142	было,	было	linguistic	_	_	End=231.249
236-0	SPK6003	Continuing	236	143	біз	біз	linguistic	_	_	Begin=231.369
236-1	SPK6003	Continuing	236	143	ээ,	ээ	linguistic	_	_	End=231.944
237-0	SPK6003	Falling	237	144	в	в	linguistic	_	_	Begin=232.514
237-1	SPK6003	Falling	237	144	Чимкенте	Чимкенте	linguistic	_	_	_
237-2	SPK6003	Falling	237	144	была	была	linguistic	_	_	_
237-3	SPK6003	Falling	237	144	свадьба.	свадьба	linguistic	_	_	End=233.739
238-0	SPK6004	Falling	238	145	Аха.	Аха	linguistic	_	_	Begin=234.023|End=234.173
239-0	SPK6003	Continuing	239	146	Анау	Анау	linguistic	_	_	Begin=234.174
239-1	SPK6003	Continuing	239	146	¬Вова,	Вова	linguistic	_	Anonymized=Yes	End=234.809
240-0	SPK6003	Continuing	240	146	короче	короче	linguistic	_	_	Begin=234.889
240-1	SPK6003	Continuing	240	146	оның,	оның	linguistic	_	_	End=235.774
241-0	SPK6003	Continuing	241	146	папасының	папасының	linguistic	_	_	Begin=236.657
241-1	SPK6003	Continuing	241	146	туысқандары,	туысқандары	linguistic	_	_	End=238.139
242-0	SPK6003	Continuing	242	146	анау	анау	linguistic	_	_	Begin=238.558
242-1	SPK6003	Continuing	242	146	¬Ким	Ким	linguistic	_	Anonymized=Yes	_
242-2	SPK6003	Continuing	242	146	Таня	Таня	linguistic	_	_	_
242-3	SPK6003	Continuing	242	146	келеді	келеді	linguistic	_	_	_
242-4	SPK6003	Continuing	242	146	ғой	ғой	linguistic	_	_	_
242-5	SPK6003	Continuing	242	146	бізге,	бізге	linguistic	_	_	End=240.018
243-0	SPK6003	Continuing	243	146	көрдің	көрдің	linguistic	_	_	Begin=240.156
243-1	SPK6003	Continuing	243	146	ғой,	ғой	linguistic	_	_	End=240.606
244-0	SPK6004	Falling	244	147	Иә.	Иә	linguistic	_	_	Begin=240.983|End=241.188
245-0	SPK6003	Continuing	245	146	подружкам,	подружкам	linguistic	_	_	Begin=241.694|End=242.124
246-0	SPK6004	Falling	246	148	Мхм.	Мхм	linguistic	_	_	Begin=242.556|End=242.8
247-0	SPK6003	undefined	247	146	то:м–	том–	linguistic	_	Prolongation=1	Begin=242.811|End=243.215
248-0	SPK6003	Continuing	248	146	томпақ,	томпақ	linguistic	_	_	Begin=243.215|End=244.043
249-0	SPK6004	Falling	249	149	Иә	Иә	linguistic	_	_	Begin=243.758
249-1	SPK6004	Falling	249	149	иә.	иә	linguistic	_	_	End=244.023
250-0	SPK6003	Falling	250	146	¬Таня.	Таня	linguistic	_	Anonymized=Yes	Begin=244.358|End=244.663
251-0	SPK6004	Falling	251	150	Мхм.	Мхм	linguistic	_	_	Begin=244.983|End=245.298
252-0	SPK6003	Rising	252	151	Видела	Видела	linguistic	_	_	Begin=245.672
252-1	SPK6003	Rising	252	151	да?	да	linguistic	_	_	End=246.157
253-0	SPK6003	Continuing	253	152	Соның,	Соның	linguistic	_	_	Begin=246.499|End=246.869
254-0	SPK6003	Falling	254	152	племянница	племянница	linguistic	_	_	Begin=247.004
254-1	SPK6003	Falling	254	152	екен.	екен	linguistic	_	_	End=247.709
255-0	SPK6004	Falling	255	153	Мхм.	Мхм	linguistic	_	_	Begin=248.179|End=248.409
256-0	SPK6003	Continuing	256	154	Анау,	Анау	linguistic	_	_	Begin=248.838|End=249.08
257-0	SPK6003	Continuing	257	154	ээээ,	ээээ	linguistic	_	_	Begin=250.388|End=251.49
258-0	SPK6003	Continuing	258	154	¬Светлананың,	Светлананың	linguistic	_	Anonymized=Yes	Begin=251.49|End=252.324
259-0	SPK6003	Continuing	259	154	күйеунің,	күйеунің	linguistic	_	_	Begin=252.741|End=253.281
260-0	SPK6003	undefined	260	154	аға	аға	linguistic	_	_	Begin=253.301
260-1	SPK6003	undefined	260	154	а–	а–	linguistic	_	_	End=253.885
261-0	SPK6003	Falling	261	154	ағасының	ағасының	linguistic	_	_	Begin=254.362
261-1	SPK6003	Falling	261	154	қызы.	қызы	linguistic	_	_	End=255.367
262-0	SPK6004	Falling	262	155	Мхм.	Мхм	linguistic	_	_	Begin=255.765|End=256.085
263-0	SPK6003	Continuing	263	156	И	И	linguistic	_	_	Begin=256.763
263-1	SPK6003	Continuing	263	156	короче	короче	linguistic	_	_	_
263-2	SPK6003	Continuing	263	156	этот,	этот	linguistic	_	_	End=257.553
264-0	SPK6003	Continuing	264	157	мы	мы	linguistic	_	_	Begin=258.986
264-1	SPK6003	Continuing	264	157	поехали	поехали	linguistic	_	_	_
264-2	SPK6003	Continuing	264	157	на	на	linguistic	_	_	_
264-3	SPK6003	Continuing	264	157	свадьбу,	свадьбу	linguistic	_	_	End=260.271
265-0	SPK6003	Falling	265	158	қызық	қызық	linguistic	_	_	Begin=260.55
265-1	SPK6003	Falling	265	158	болды	болды	linguistic	_	_	_
265-2	SPK6003	Falling	265	158	вообще.	вообще	linguistic	_	_	End=261.473
266-0	SPK6003	Continuing	266	159	Осындай,	Осындай	linguistic	_	_	Begin=262.828|End=263.328
267-0	SPK6003	Continuing	267	159	шашу,	шашу	linguistic	_	_	Begin=263.481|End=264.145
268-0	SPK6003	Continuing	268	159	ээ,	ээ	linguistic	_	_	Begin=264.145|End=264.381
269-0	SPK6003	undefined	269	159	шашу:	шашу	linguistic	_	Prolongation=3	Begin=264.836|End=265.631
270-0	SPK6003	Falling	270	159	деген.	деген	linguistic	_	_	Begin=265.963|End=266.343
271-0	SPK6003	Continuing	271	160	Сосын,	Сосын	linguistic	_	_	Begin=266.598|End=266.958
272-0	SPK6004	Falling	272	161	Мхм.	Мхм	linguistic	_	_	Begin=266.623|End=266.95
273-0	SPK6003	Continuing	273	160	она	она	linguistic	_	_	Begin=267.221
273-1	SPK6003	Continuing	273	160	заставила,	заставила	linguistic	_	_	End=268.24
274-0	SPK6003	Continuing	274	160	этот,	этот	linguistic	_	_	Begin=268.24|End=268.596
275-0	SPK6003	Continuing	275	160	поехать,	поехать	linguistic	_	_	Begin=268.65|End=269.13
276-0	SPK6003	Continuing	276	160	анау,	анау	linguistic	_	_	Begin=269.13|End=269.558
277-0	SPK6003	undefined	277	160	в	в	linguistic	_	_	Begin=269.83
277-1	SPK6003	undefined	277	160	Се–	Се–	linguistic	_	_	End=270.165
278-0	SPK6003	undefined	278	162	Откуда	Откуда	linguistic	_	_	Begin=270.165
278-1	SPK6003	undefined	278	162	она–	она–	linguistic	_	_	End=270.815
279-0	SPK6003	undefined	279	163	С	С	linguistic	_	_	Begin=271.095
279-1	SPK6003	undefined	279	163	Усть-Ка–	Усть-Ка–	linguistic	_	_	End=271.27
280-0	SPK6003	Continuing	280	164	Откуда	Откуда	linguistic	_	_	Begin=271.493
280-1	SPK6003	Continuing	280	164	ее	ее	linguistic	_	_	_
280-2	SPK6003	Continuing	280	164	этот,	этот	linguistic	_	_	End=272.388
281-0	SPK6003	Rising	281	164	ехали	ехали	linguistic	_	_	Begin=272.69
281-1	SPK6003	Rising	281	164	сва–	сва–	linguistic	_	_	_
281-2	SPK6003	Rising	281	164	сватать?	сватать	linguistic	_	_	End=274.015
282-0	SPK6005	Falling	282	165	В	В	linguistic	_	_	Begin=273.577
282-1	SPK6005	Falling	282	165	Астану:	Астану	linguistic	_	Prolongation=5	_
282-2	SPK6005	Falling	282	165	они	они	linguistic	_	_	_
282-3	SPK6005	Falling	282	165	куда-то	куда-то	linguistic	_	_	_
282-4	SPK6005	Falling	282	165	поехали.	поехали	linguistic	_	_	End=275.572
283-0	SPK6003	undefined	283	166	Она	Она	linguistic	_	_	Begin=275.907
283-1	SPK6003	undefined	283	166	Семипалатинская	Семипалатинская	linguistic	_	_	_
283-2	SPK6003	undefined	283	166	ма:	ма	linguistic	_	Prolongation=1	End=277.635
284-0	SPK6003	Falling	284	167	білмеймін	білмеймін	linguistic	_	_	Begin=277.635
284-1	SPK6003	Falling	284	167	короче.	короче	linguistic	_	_	End=278.312
285-0	SPK6003	undefined	285	168	Бірге	Бірге	linguistic	_	_	Begin=278.742
285-1	SPK6003	undefined	285	168	о–	о–	linguistic	_	_	End=279.575
286-0	SPK6003	Continuing	286	168	оқыды	оқыды	linguistic	_	_	Begin=279.575
286-1	SPK6003	Continuing	286	168	ғой,	ғой	linguistic	_	_	End=280.062
287-0	SPK6003	Continuing	287	168	анау	анау	linguistic	_	_	Begin=280.312
287-1	SPK6003	Continuing	287	168	¬Вова,	Вова	linguistic	_	Anonymized=Yes	End=281.197
288-0	SPK6004	Falling	288	169	Ммм.	Ммм	linguistic	_	_	Begin=280.868|End=281.198
289-0	SPK6003	Falling	289	168	¬Вовка	Вовка	linguistic	_	Anonymized=Yes	Begin=281.267
289-1	SPK6003	Falling	289	168	екеуі.	екеуі	linguistic	_	_	End=281.988
290-0	SPK6004	Falling	290	170	Мхм.	Мхм	linguistic	_	_	Begin=282.385|End=282.72
291-0	SPK6003	Continuing	291	171	И	И	linguistic	_	_	Begin=283.535
291-1	SPK6003	Continuing	291	171	короче	короче	linguistic	_	_	_
291-2	SPK6003	Continuing	291	171	этот,	этот	linguistic	_	_	End=284.328
292-0	SPK6003	Continuing	292	171	они	они	linguistic	_	_	Begin=284.573
292-1	SPK6003	Continuing	292	171	не	не	linguistic	_	_	_
292-2	SPK6003	Continuing	292	171	хотели,	хотели	linguistic	_	_	End=285.782
293-0	SPK6003	Continuing	293	171	сначала,	сначала	linguistic	_	_	Begin=285.938|End=286.508
294-0	SPK6003	Continuing	294	172	кәріс	кәріс	linguistic	_	_	Begin=287.056
294-1	SPK6003	Continuing	294	172	деп,	деп	linguistic	_	_	End=287.641
295-0	SPK6003	Falling	295	172	бермейміз	бермейміз	linguistic	_	_	Begin=287.812
295-1	SPK6003	Falling	295	172	деп.	деп	linguistic	_	_	End=288.921
296-0	SPK6003	Continuing	296	173	Енді,	Енді	linguistic	_	_	Begin=289.577|End=290.027
297-0	SPK6003	Continuing	297	174	они	они	linguistic	_	_	Begin=290.653
297-1	SPK6003	Continuing	297	174	все	все	linguistic	_	_	_
297-2	SPK6003	Continuing	297	174	равно,	равно	linguistic	_	_	End=291.674
298-0	SPK6003	Continuing	298	175	встречались,	встречались	linguistic	_	_	Begin=291.947|End=292.437
299-0	SPK6003	Continuing	299	176	все	все	linguistic	_	_	Begin=292.545
299-1	SPK6003	Continuing	299	176	равно,	равно	linguistic	_	_	End=293.121
300-0	SPK6003	undefined	300	176	нес–	нес–	linguistic	_	_	Begin=293.166|End=293.451
301-0	SPK6003	Continuing	301	177	там	там	linguistic	_	_	Begin=293.513
301-1	SPK6003	Continuing	301	177	несколько	несколько	linguistic	_	_	_
301-2	SPK6003	Continuing	301	177	лет	лет	linguistic	_	_	_
301-3	SPK6003	Continuing	301	177	встречались,	встречались	linguistic	_	_	End=294.625
302-0	SPK6003	Continuing	302	177	соған,	соған	linguistic	_	_	Begin=294.625|End=294.983
303-0	SPK6003	Continuing	303	178	уже	уже	linguistic	_	_	Begin=295.138
303-1	SPK6003	Continuing	303	178	неше	неше	linguistic	_	_	_
303-2	SPK6003	Continuing	303	178	жыл	жыл	linguistic	_	_	_
303-3	SPK6003	Continuing	303	178	болды,	болды	linguistic	_	_	End=296.225
304-0	SPK6003	undefined	304	178	уже	уже	linguistic	_	_	Begin=296.225
304-1	SPK6003	undefined	304	178	басқаға	басқаға	linguistic	_	_	_
304-2	SPK6003	undefined	304	178	шы–	шы–	linguistic	_	_	End=297.235
305-0	SPK6003	Continuing	305	178	нені,	нені	linguistic	_	_	Begin=297.292|End=297.772
306-0	SPK6003	Falling	306	178	шықпаған	шықпаған	linguistic	_	_	Begin=298.027
306-1	SPK6003	Falling	306	178	ғой.	ғой	linguistic	_	_	End=298.682
307-0	SPK6003	Continuing	307	179	Сосын	Сосын	linguistic	_	_	Begin=299.208
307-1	SPK6003	Continuing	307	179	уже,	уже	linguistic	_	_	End=299.843
308-0	SPK6003	Continuing	308	179	жасы	жасы	linguistic	_	_	Begin=300.229
308-1	SPK6003	Continuing	308	179	уже,	уже	linguistic	_	_	End=301.264
309-0	SPK6003	Continuing	309	179	кетіп	кетіп	linguistic	_	_	Begin=301.62
309-1	SPK6003	Continuing	309	179	баратыр	баратыр	linguistic	_	_	_
309-2	SPK6003	Continuing	309	179	ғой,	ғой	linguistic	_	_	End=302.445
310-0	SPK6003	Continuing	310	179	и	и	linguistic	_	_	Begin=302.58
310-1	SPK6003	Continuing	310	179	олар	олар	linguistic	_	_	_
310-2	SPK6003	Continuing	310	179	уже	уже	linguistic	_	_	_
310-3	SPK6003	Continuing	310	179	согласны,	согласны	linguistic	_	_	End=303.925
311-0	SPK6003	undefined	311	179	лишь	лишь	linguistic	_	_	Begin=304.373
311-1	SPK6003	undefined	311	179	бы	бы	linguistic	_	_	_
311-2	SPK6003	undefined	311	179	замуж	замуж	linguistic	_	_	End=305.005
312-0	SPK6003	undefined	312	_	@@	@@	linguistic	_	_	Begin=305.005|End=305.724
313-0	SPK6005	undefined	313	_	@@@	@@@	linguistic	_	_	Begin=305.729|End=306.738
314-0	SPK6004	Falling	314	180	Ммм.	Ммм	linguistic	_	_	Begin=306.524|End=306.744
315-0	SPK6003	undefined	315	_	@@	@@	linguistic	_	_	Begin=306.879|End=307.481
316-0	SPK6003	Continuing	316	181	И	И	linguistic	_	_	Begin=307.543
316-1	SPK6003	Continuing	316	181	короче	короче	linguistic	_	_	_
316-2	SPK6003	Continuing	316	181	когда	когда	linguistic	_	_	_
316-3	SPK6003	Continuing	316	181	стали	стали	linguistic	_	_	_
316-4	SPK6003	Continuing	316	181	жениться,	жениться	linguistic	_	_	End=309.16
317-0	SPK6003	Continuing	317	182	вот	вот	linguistic	_	_	Begin=309.16
317-1	SPK6003	Continuing	317	182	они	они	linguistic	_	_	_
317-2	SPK6003	Continuing	317	182	как	как	linguistic	_	_	_
317-3	SPK6003	Continuing	317	182	положено	положено	linguistic	_	_	_
317-4	SPK6003	Continuing	317	182	барып,	барып	linguistic	_	_	End=310.663
318-0	SPK6003	undefined	318	183	бриллиа:нтовый	бриллиантовый	linguistic	_	Prolongation=6	Begin=311.383
318-1	SPK6003	undefined	318	183	несін	несін	linguistic	_	_	_
318-2	SPK6003	undefined	318	183	наборлар–	наборлар–	linguistic	_	_	End=313.678
319-0	SPK6003	Continuing	319	183	бә:ріне	бәріне	linguistic	_	Prolongation=1	Begin=313.789
319-1	SPK6003	Continuing	319	183	короче,	короче	linguistic	_	_	End=314.474
320-0	SPK6003	Continuing	320	183	ей,	ей	linguistic	_	_	Begin=314.474|End=315.01
321-0	SPK6003	Continuing	321	183	бриллианты,	бриллианты	linguistic	_	_	Begin=315.01|End=315.61
322-0	SPK6003	Continuing	322	183	потом,	потом	linguistic	_	_	Begin=315.665|End=316.105
323-0	SPK6003	Continuing	323	183	он	он	linguistic	_	_	Begin=316.275
323-1	SPK6003	Continuing	323	183	бір	бір	linguistic	_	_	_
323-2	SPK6003	Continuing	323	183	адамға	адамға	linguistic	_	_	_
323-3	SPK6003	Continuing	323	183	ма,	ма	linguistic	_	_	End=317.561
324-0	SPK6003	Falling	324	183	комплект	комплект	linguistic	_	_	Begin=317.852
324-1	SPK6003	Falling	324	183	алған	алған	linguistic	_	_	_
324-2	SPK6003	Falling	324	183	ғой.	ғой	linguistic	_	_	End=318.927
325-0	SPK6004	Falling	325	184	Аха.	Аха	linguistic	_	_	Begin=319.46|End=319.82
326-0	SPK6003	undefined	326	185	Как	Как	linguistic	_	_	Begin=319.838
326-1	SPK6003	undefined	326	185	положено	положено	linguistic	_	_	_
326-2	SPK6003	undefined	326	185	құда–	құда–	linguistic	_	_	End=321.102
327-0	SPK6003	Continuing	327	185	құда	құда	linguistic	_	_	Begin=321.489
327-1	SPK6003	Continuing	327	185	түсіп,	түсіп	linguistic	_	_	End=322.444
328-0	SPK6003	Continuing	328	185	еще	еще	linguistic	_	_	Begin=322.618
328-1	SPK6003	Continuing	328	185	маған	маған	linguistic	_	_	_
328-2	SPK6003	Continuing	328	185	звондап,	звондап	linguistic	_	_	End=323.686
329-0	SPK6003	Falling	329	185	советовалась.	советовалась	linguistic	_	_	Begin=323.731|End=324.571
330-0	SPK6003	Continuing	330	186	Потом,	Потом	linguistic	_	_	Begin=325.697|End=326.264
331-0	SPK6003	Continuing	331	187	ээ,	ээ	linguistic	_	_	Begin=327.162|End=327.757
332-0	SPK6003	Continuing	332	188	в	в	linguistic	_	_	Begin=330.025
332-1	SPK6003	Continuing	332	188	Чи–	Чи–	linguistic	_	_	_
332-2	SPK6003	Continuing	332	188	Чимкенте	Чимкенте	linguistic	_	_	_
332-3	SPK6003	Continuing	332	188	у	у	linguistic	_	_	_
332-4	SPK6003	Continuing	332	188	них,	них	linguistic	_	_	End=331.2
333-0	SPK6003	Continuing	333	189	родственник,	родственник	linguistic	_	_	Begin=331.817|End=332.477
334-0	SPK6003	Continuing	334	189	неде,	неде	linguistic	_	_	Begin=332.511|End=332.941
335-0	SPK6003	Continuing	335	191	зам	зам	linguistic	_	_	Begin=333.406
335-1	SPK6003	Continuing	335	191	акима,	акима	linguistic	_	_	End=334.375
336-0	SPK6003	Continuing	336	192	анау,	анау	linguistic	_	_	Begin=334.62|End=335.224
337-0	SPK6003	undefined	337	192	ағ–	ағ–	linguistic	_	_	Begin=335.239|End=335.519
338-0	SPK6003	Falling	338	193	двоюродный	двоюродный	linguistic	_	_	Begin=335.776
338-1	SPK6003	Falling	338	193	брат.	брат	linguistic	_	_	End=336.594
339-0	SPK6003	Continuing	339	194	Сол,	Сол	linguistic	_	_	Begin=337.18|End=337.74
340-0	SPK6004	Falling	340	195	Мхм.	Мхм	linguistic	_	_	Begin=337.19|End=337.6
341-0	SPK6003	Continuing	341	196	өзінің	өзінің	linguistic	_	_	Begin=337.89
341-1	SPK6003	Continuing	341	196	гостиничный	гостиничный	linguistic	_	_	_
341-2	SPK6003	Continuing	341	196	бизнес,	бизнес	linguistic	_	_	End=339.754
342-0	SPK6003	Continuing	342	197	ээ,	ээ	linguistic	_	_	Begin=339.949|End=340.389
343-0	SPK6003	Continuing	343	198	ресторан,	ресторан	linguistic	_	_	Begin=340.474|End=340.889
344-0	SPK6003	Continuing	344	199	гостиница,	гостиница	linguistic	_	_	Begin=341.074|End=341.947
345-0	SPK6003	Rising	345	200	как	как	linguistic	_	_	Begin=342.304
345-1	SPK6003	Rising	345	200	называется	называется	linguistic	_	_	_
345-2	SPK6003	Rising	345	200	у	у	linguistic	_	_	_
345-3	SPK6003	Rising	345	200	них?	них	linguistic	_	_	End=343.611
346-0	SPK6003	Continuing	346	201	Ооой,	Ооой	linguistic	_	_	Begin=346.502|End=347.372
347-0	SPK6003	Continuing	347	202	как	как	linguistic	_	_	Begin=347.395
347-1	SPK6003	Continuing	347	202	же,	же	linguistic	_	_	End=348.008
348-0	SPK6005	Falling	348	203	Не	Не	linguistic	_	_	Begin=347.94
348-1	SPK6005	Falling	348	203	знаю	знаю	linguistic	_	_	_
348-2	SPK6005	Falling	348	203	я.	я	linguistic	_	_	End=348.688
349-0	SPK6006	Falling	349	204	Тоже	Тоже	linguistic	_	_	Begin=349.048
349-1	SPK6006	Falling	349	204	забыла.	забыла	linguistic	_	_	End=349.935
350-0	SPK6003	Rising	350	205	Сакен?	Сакен	linguistic	_	_	Begin=351.422|End=352.171
351-0	SPK6005	Rising	351	206	Не	Не	linguistic	_	_	Begin=352.246
351-1	SPK6005	Rising	351	206	сказка?	сказка	linguistic	_	_	End=353.076
352-0	SPK6003	Falling	352	207	Нет.	Нет	linguistic	_	_	Begin=353.206|End=353.732
353-0	SPK6003	Falling	353	208	Ну	Ну	linguistic	_	_	Begin=353.803
353-1	SPK6003	Falling	353	208	сказка	сказка	linguistic	_	_	_
353-2	SPK6003	Falling	353	208	тоже.	тоже	linguistic	_	_	End=355.056
354-0	SPK6003	Continuing	354	209	Еще	Еще	linguistic	_	_	Begin=355.516
354-1	SPK6003	Continuing	354	209	там	там	linguistic	_	_	_
354-2	SPK6003	Continuing	354	209	есть,	есть	linguistic	_	_	End=356.231
355-0	SPK6003	Falling	355	210	какой-то	какой-то	linguistic	_	_	Begin=356.347
355-1	SPK6003	Falling	355	210	ресторан.	ресторан	linguistic	_	_	End=357.446
356-0	SPK6005	Continuing	356	211	Ай	Ай	linguistic	_	_	Begin=357.646
356-1	SPK6005	Continuing	356	211	ну	ну	linguistic	_	_	_
356-2	SPK6005	Continuing	356	211	ладно,	ладно	linguistic	_	_	End=358.516
357-0	SPK6005	Rising	357	212	какая	какая	linguistic	_	_	Begin=358.516
357-1	SPK6005	Rising	357	212	разница	разница	linguistic	_	_	_
357-2	SPK6005	Rising	357	212	какой	какой	linguistic	_	_	_
357-3	SPK6005	Rising	357	212	да?	да	linguistic	_	_	End=360.032
358-0	SPK6006	Continuing	358	213	Қыпша:қ,	Қыпшақ	linguistic	_	Prolongation=4	Begin=359.87|End=360.615
359-0	SPK6006	Rising	359	213	или	или	linguistic	_	_	Begin=360.615
359-1	SPK6006	Rising	359	213	бірнәрсе	бірнәрсе	linguistic	_	_	_
359-2	SPK6006	Rising	359	213	ме?	ме	linguistic	_	_	End=361.665
360-0	SPK6006	Falling	360	214	Иә.	Иә	linguistic	_	_	Begin=362.087|End=362.377
361-0	SPK6004	Falling	361	216	Айта	Айта	linguistic	_	_	Begin=364.397
361-1	SPK6004	Falling	361	216	бер	бер	linguistic	_	_	_
361-2	SPK6004	Falling	361	216	әрі	әрі	linguistic	_	_	_
361-3	SPK6004	Falling	361	216	қарай	қарай	linguistic	_	_	End=365.538
362-0	SPK6003	undefined	362	215	Потом–	Потом–	linguistic	_	_	Begin=364.397|End=364.772
363-0	SPK6003	Continuing	363	217	И	И	linguistic	_	_	Begin=365.8
363-1	SPK6003	Continuing	363	217	короче,	короче	linguistic	_	_	End=366.415
364-0	SPK6003	Continuing	364	218	ээ,	ээ	linguistic	_	_	Begin=366.419|End=366.764
365-0	SPK6003	Continuing	365	219	сол	сол	linguistic	_	_	Begin=366.77
365-1	SPK6003	Continuing	365	219	жақта,	жақта	linguistic	_	_	End=367.569
366-0	SPK6003	Continuing	366	220	эээ,	эээ	linguistic	_	_	Begin=367.574|End=368.499
367-0	SPK6003	undefined	367	221	подешев–	подешев–	linguistic	_	_	Begin=368.747|End=369.162
368-0	SPK6003	Continuing	368	222	Они	Они	linguistic	_	_	Begin=369.333
368-1	SPK6003	Continuing	368	222	хотели	хотели	linguistic	_	_	_
368-2	SPK6003	Continuing	368	222	в	в	linguistic	_	_	_
368-3	SPK6003	Continuing	368	222	Алмату	Алмату	linguistic	_	_	_
368-4	SPK6003	Continuing	368	222	свадьбу	свадьбу	linguistic	_	_	_
368-5	SPK6003	Continuing	368	222	делать,	делать	linguistic	_	_	End=371.138
369-0	SPK6004	Falling	369	223	Мхм.	Мхм	linguistic	_	_	Begin=371.295|End=371.63
370-0	SPK6003	Continuing	370	224	мына	мына	linguistic	_	_	Begin=371.297
370-1	SPK6003	Continuing	370	224	жақтағы	жақтағы	linguistic	_	_	_
370-2	SPK6003	Continuing	370	224	бәрі	бәрі	linguistic	_	_	_
370-3	SPK6003	Continuing	370	224	қымбат,	қымбат	linguistic	_	_	End=372.562
371-0	SPK6003	Falling	371	224	депті.	депті	linguistic	_	_	Begin=372.725|End=373.316
372-0	SPK6004	Falling	372	225	Мхм.	Мхм	linguistic	_	_	Begin=373.044|End=373.444
373-0	SPK6003	Continuing	373	226	сосын	сосын	linguistic	_	_	Begin=373.378
373-1	SPK6003	Continuing	373	226	ана	ана	linguistic	_	_	_
373-2	SPK6003	Continuing	373	226	жақта,	жақта	linguistic	_	_	End=374.108
374-0	SPK6003	Continuing	374	226	бесплатно,	бесплатно	linguistic	_	_	Begin=374.108|End=375.008
375-0	SPK6003	Continuing	375	226	ээ,	ээ	linguistic	_	_	Begin=375.008|End=375.321
376-0	SPK6003	Falling	376	226	берді	берді	linguistic	_	_	Begin=375.441
376-1	SPK6003	Falling	376	226	ғой.	ғой	linguistic	_	_	End=376.06
377-0	SPK6004	Falling	377	227	Мхм.	Мхм	linguistic	_	_	Begin=376.399|End=376.794
378-0	SPK6003	Continuing	378	228	Туысқан	Туысқан	linguistic	_	_	Begin=377.549
378-1	SPK6003	Continuing	378	228	болып,	болып	linguistic	_	_	End=378.125
379-0	SPK6003	Continuing	379	229	и	и	linguistic	_	_	Begin=378.125
379-1	SPK6003	Continuing	379	229	короче,	короче	linguistic	_	_	End=378.81
380-0	SPK6005	Continuing	380	230	Гостиница	Гостиница	linguistic	_	_	Begin=380.166
380-1	SPK6005	Continuing	380	230	им	им	linguistic	_	_	_
380-2	SPK6005	Continuing	380	230	беспла:тно,	бесплатно	linguistic	_	Prolongation=5	End=382.261
381-0	SPK6003	Continuing	381	231	келген,	келген	linguistic	_	_	Begin=382.261|End=382.707
382-0	SPK6003	Continuing	382	231	қонақтар,	қонақтар	linguistic	_	_	Begin=382.932|End=383.442
383-0	SPK6003	Continuing	383	231	гостиницаға	гостиницаға	linguistic	_	_	Begin=383.547
383-1	SPK6003	Continuing	383	231	жатты,	жатты	linguistic	_	_	End=384.855
384-0	SPK6003	Continuing	384	231	бесплатно,	бесплатно	linguistic	_	_	Begin=384.958|End=385.648
385-0	SPK6003	Continuing	385	231	анау	анау	linguistic	_	_	Begin=386.217
385-1	SPK6003	Continuing	385	231	бә:рі	бәрі	linguistic	_	Prolongation=1	_
385-2	SPK6003	Continuing	385	231	не,	не	linguistic	_	_	End=387.332
386-0	SPK6003	Continuing	386	231	просто	просто	linguistic	_	_	Begin=387.992
386-1	SPK6003	Continuing	386	231	анау,	анау	linguistic	_	_	End=388.657
387-0	SPK6003	undefined	387	231	продукты	продукты	linguistic	_	_	Begin=388.657
387-1	SPK6003	undefined	387	231	и–	и–	linguistic	_	_	End=389.535
388-0	SPK6005	Continuing	388	232	Ресторан,	Ресторан	linguistic	_	_	Begin=388.86|End=389.555
389-0	SPK6003	Continuing	389	231	продуктыге,	продуктыге	linguistic	_	_	Begin=389.535|End=390.215
390-0	SPK6003	Continuing	390	231	төледі,	төледі	linguistic	_	_	Begin=390.215|End=390.911
391-0	SPK6003	Continuing	391	231	и	и	linguistic	_	_	Begin=390.941
391-1	SPK6003	Continuing	391	231	все,	все	linguistic	_	_	End=391.441
392-0	SPK6003	Falling	392	231	қалғандары	қалғандары	linguistic	_	_	Begin=391.506
392-1	SPK6003	Falling	392	231	өздер.	өздер	linguistic	_	_	End=392.471
393-0	SPK6005	Continuing	393	233	все,	все	linguistic	_	_	Begin=392.802|End=393.14
394-0	SPK6005	Continuing	394	234	сами	сами	linguistic	_	_	Begin=393.319
394-1	SPK6005	Continuing	394	234	продукты	продукты	linguistic	_	_	_
394-2	SPK6005	Continuing	394	234	все	все	linguistic	_	_	_
394-3	SPK6005	Continuing	394	234	купили	купили	linguistic	_	_	_
394-4	SPK6005	Continuing	394	234	а	а	linguistic	_	_	_
394-5	SPK6005	Continuing	394	234	там,	там	linguistic	_	_	End=395.201
395-0	SPK6004	Falling	395	235	Мхм.	Мхм	linguistic	_	_	Begin=394.224|End=394.739
396-0	SPK6005	Falling	396	236	остальное	остальное	linguistic	_	_	Begin=395.344
396-1	SPK6005	Falling	396	236	все	все	linguistic	_	_	_
396-2	SPK6005	Falling	396	236	бесплатное.	бесплатное	linguistic	_	_	End=396.834
397-0	SPK6003	Continuing	397	237	Бірақ,	Бірақ	linguistic	_	_	Begin=396.141|End=396.651
398-0	SPK6003	Continuing	398	237	ресторан	ресторан	linguistic	_	_	Begin=397.286
398-1	SPK6003	Continuing	398	237	әдемі,	әдемі	linguistic	_	_	End=398.285
399-0	SPK6003	Continuing	399	237	күшті,	күшті	linguistic	_	_	Begin=398.285|End=398.656
400-0	SPK6003	Falling	400	237	болып.	болып	linguistic	_	_	Begin=399.232|End=399.497
401-0	SPK6003	Continuing	401	238	И	И	linguistic	_	_	Begin=399.627
401-1	SPK6003	Continuing	401	238	мы	мы	linguistic	_	_	_
401-2	SPK6003	Continuing	401	238	поехали	поехали	linguistic	_	_	_
401-3	SPK6003	Continuing	401	238	всей	всей	linguistic	_	_	_
401-4	SPK6003	Continuing	401	238	семьей,	семьей	linguistic	_	_	End=400.982
402-0	SPK6003	Continuing	402	239	¬Серик	Серик	linguistic	_	Anonymized=Yes	Begin=400.982
402-1	SPK6003	Continuing	402	239	только,	только	linguistic	_	_	End=401.914
403-0	SPK6003	Falling	403	240	дома	дома	linguistic	_	_	Begin=402.149
403-1	SPK6003	Falling	403	240	остался.	остался	linguistic	_	_	End=403.114
404-0	SPK6003	Continuing	404	241	Мыналар	Мыналар	linguistic	_	_	Begin=404.335
404-1	SPK6003	Continuing	404	241	¬Аяна,	Аяна	linguistic	_	Anonymized=Yes	End=405.165
405-0	SPK6003	Continuing	405	241	¬Болат,	Болат	linguistic	_	Anonymized=Yes	Begin=405.165|End=405.77
406-0	SPK6003	Continuing	406	241	балдарымыз	балдарымыз	linguistic	_	_	Begin=406.397
406-1	SPK6003	Continuing	406	241	бәріміз,	бәріміз	linguistic	_	_	End=407.517
407-0	SPK6003	Continuing	407	241	бардық,	бардық	linguistic	_	_	Begin=407.721|End=408.216
408-0	SPK6004	Falling	408	242	Мхм.	Мхм	linguistic	_	_	Begin=408.771|End=409.131
409-0	SPK6003	Falling	409	243	ана	ана	linguistic	_	_	Begin=409.562
409-1	SPK6003	Falling	409	243	теть	теть	linguistic	_	_	_
409-2	SPK6003	Falling	409	243	¬Светаға.	Светаға	linguistic	_	Anonymized=Yes	End=410.462
410-0	SPK6004	Falling	410	244	Мхм.	Мхм	linguistic	_	_	Begin=411.498|End=411.873
411-0	SPK6003	Continuing	411	245	И	И	linguistic	_	_	Begin=412.665
411-1	SPK6003	Continuing	411	245	короче,	короче	linguistic	_	_	End=413.335
412-0	SPK6003	Rising	412	246	отырмыз?	отырмыз	linguistic	_	_	Begin=413.605|End=414.18
413-0	SPK6003	Continuing	413	246	кәдімгідей,	кәдімгідей	linguistic	_	_	Begin=414.479|End=415.139
414-0	SPK6003	undefined	414	246	қазақ	қазақ	linguistic	_	_	Begin=415.139
414-1	SPK6003	undefined	414	246	вот–	вот–	linguistic	_	_	End=415.644
415-0	SPK6003	Continuing	415	246	қазақша	қазақша	linguistic	_	_	Begin=415.873
415-1	SPK6003	Continuing	415	246	свадьба	свадьба	linguistic	_	_	_
415-2	SPK6003	Continuing	415	246	болды	болды	linguistic	_	_	_
415-3	SPK6003	Continuing	415	246	ғой,	ғой	linguistic	_	_	End=417.158
416-0	SPK6003	Falling	416	246	осындай	осындай	linguistic	_	_	Begin=417.238
416-1	SPK6003	Falling	416	246	болды	болды	linguistic	_	_	_
416-2	SPK6003	Falling	416	246	ғой.	ғой	linguistic	_	_	End=418.169
417-0	SPK6003	Continuing	417	247	Сосын	Сосын	linguistic	_	_	Begin=418.441
417-1	SPK6003	Continuing	417	247	что,	что	linguistic	_	_	End=419.055
418-0	SPK6004	Falling	418	248	Мхм.	Мхм	linguistic	_	_	Begin=418.461|End=418.761
419-0	SPK6003	Continuing	419	247	вы	вы	linguistic	_	_	Begin=419.056
419-1	SPK6003	Continuing	419	247	что	что	linguistic	_	_	_
419-2	SPK6003	Continuing	419	247	делаете	делаете	linguistic	_	_	_
419-3	SPK6003	Continuing	419	247	десем,	десем	linguistic	_	_	End=420.166
420-0	SPK6003	Falling	420	247	сондай.	сондай	linguistic	_	_	Begin=420.594|End=420.884
421-0	SPK6003	Continuing	421	249	А	А	linguistic	_	_	Begin=421.891
421-1	SPK6003	Continuing	421	249	ол,	ол	linguistic	_	_	End=422.401
422-0	SPK6003	Continuing	422	249	күйеуі,	күйеуі	linguistic	_	_	Begin=422.526|End=422.936
423-0	SPK6003	Continuing	423	249	он	он	linguistic	_	_	Begin=423.677
423-1	SPK6003	Continuing	423	249	кореец,	кореец	linguistic	_	_	End=424.277
424-0	SPK6003	Continuing	424	249	но	но	linguistic	_	_	Begin=424.399
424-1	SPK6003	Continuing	424	249	он	он	linguistic	_	_	_
424-2	SPK6003	Continuing	424	249	себя	себя	linguistic	_	_	_
424-3	SPK6003	Continuing	424	249	так	так	linguistic	_	_	_
424-4	SPK6003	Continuing	424	249	ведет,	ведет	linguistic	_	_	End=425.87
425-0	SPK6003	Falling	425	249	как	как	linguistic	_	_	Begin=425.87
425-1	SPK6003	Falling	425	249	будто	будто	linguistic	_	_	_
425-2	SPK6003	Falling	425	249	он	он	linguistic	_	_	_
425-3	SPK6003	Falling	425	249	казах.	казах	linguistic	_	_	End=426.962
426-0	SPK6004	Falling	426	251	Мхм	Мхм	linguistic	_	_	Begin=427.392|End=427.817
427-0	SPK6003	Rising	427	250	Понимаешь	Понимаешь	linguistic	_	_	Begin=427.392|End=427.882
428-0	SPK6004	Falling	428	252	Мхм.	Мхм	linguistic	_	_	Begin=428.232|End=428.572
429-0	SPK6005	undefined	429	_	@@	@@	linguistic	_	_	Begin=428.233|End=428.588
430-0	SPK6003	Continuing	430	253	И	И	linguistic	_	_	Begin=428.564
430-1	SPK6003	Continuing	430	253	вот	вот	linguistic	_	_	_
430-2	SPK6003	Continuing	430	253	от	от	linguistic	_	_	_
430-3	SPK6003	Continuing	430	253	снохи	снохи	linguistic	_	_	_
430-4	SPK6003	Continuing	430	253	вот	вот	linguistic	_	_	_
430-5	SPK6003	Continuing	430	253	требует	требует	linguistic	_	_	_
430-6	SPK6003	Continuing	430	253	вот,	вот	linguistic	_	_	End=430.369
431-0	SPK6003	Continuing	431	254	как	как	linguistic	_	_	Begin=430.47
431-1	SPK6003	Continuing	431	254	будто	будто	linguistic	_	_	_
431-2	SPK6003	Continuing	431	254	он	он	linguistic	_	_	_
431-3	SPK6003	Continuing	431	254	сондай,	сондай	linguistic	_	_	End=431.46
432-0	SPK6003	Continuing	432	255	потому	потому	linguistic	_	_	Begin=432.032
432-1	SPK6003	Continuing	432	255	что	что	linguistic	_	_	_
432-2	SPK6003	Continuing	432	255	он	он	linguistic	_	_	_
432-3	SPK6003	Continuing	432	255	людей	людей	linguistic	_	_	_
432-4	SPK6003	Continuing	432	255	лечит,	лечит	linguistic	_	_	End=433.44
433-0	SPK6003	Continuing	433	255	и,	и	linguistic	_	_	Begin=433.44|End=433.687
434-0	SPK6003	Continuing	434	257	короче,	короче	linguistic	_	_	Begin=433.899|End=434.274
435-0	SPK6003	Continuing	435	258	они	они	linguistic	_	_	Begin=434.797
435-1	SPK6003	Continuing	435	258	ездят,	ездят	linguistic	_	_	End=435.432
436-0	SPK6003	Continuing	436	259	ммм,	ммм	disfluency	_	_	Begin=435.82|End=436.245
437-0	SPK6003	Continuing	437	260	ауылға	ауылға	linguistic	_	_	Begin=436.275
437-1	SPK6003	Continuing	437	260	барады	барады	linguistic	_	_	_
437-2	SPK6003	Continuing	437	260	ғой,	ғой	linguistic	_	_	End=437.195
438-0	SPK6003	Continuing	438	261	там,	там	linguistic	_	_	Begin=438.427|End=438.617
439-0	SPK6003	Continuing	439	262	под	под	linguistic	_	_	Begin=438.935
439-1	SPK6003	Continuing	439	262	Чимкентом	Чимкентом	linguistic	_	_	_
439-2	SPK6003	Continuing	439	262	где-то,	где-то	linguistic	_	_	End=439.99
440-0	SPK6003	Continuing	440	263	ауылға	ауылға	linguistic	_	_	Begin=440.592
440-1	SPK6003	Continuing	440	263	барады,	барады	linguistic	_	_	End=441.427
441-0	SPK6003	Continuing	441	264	ол	ол	linguistic	_	_	Begin=441.592
441-1	SPK6003	Continuing	441	264	андай	андай	linguistic	_	_	_
441-2	SPK6003	Continuing	441	264	типа,	типа	linguistic	_	_	End=442.647
442-0	SPK6003	undefined	442	265	биоэнергетика	биоэнергетика	linguistic	_	_	Begin=442.647
442-1	SPK6003	undefined	442	265	ма:	ма	linguistic	_	Prolongation=1	End=444.02
443-0	SPK6003	Continuing	443	266	бірдене	бірдене	linguistic	_	_	Begin=444.02
443-1	SPK6003	Continuing	443	266	андай,	андай	linguistic	_	_	End=444.75
444-0	SPK6004	Falling	444	267	Иә.	Иә	linguistic	_	_	Begin=444.485|End=444.77
445-0	SPK6003	Falling	445	268	как	как	linguistic	_	_	Begin=445.476
445-1	SPK6003	Falling	445	268	емші	емші	linguistic	_	_	_
445-2	SPK6003	Falling	445	268	сияқты.	сияқты	linguistic	_	_	End=446.559
446-0	SPK6003	Continuing	446	269	Еще	Еще	linguistic	_	_	Begin=446.63
446-1	SPK6003	Continuing	446	269	отрыжка	отрыжка	linguistic	_	_	_
446-2	SPK6003	Continuing	446	269	береді,	береді	linguistic	_	_	End=447.774
447-0	SPK6003	Falling	447	269	қадімгідей.	қадімгідей	linguistic	_	_	Begin=447.886|End=448.489
448-0	SPK6004	undefined	448	_	@@	@@	linguistic	_	_	Begin=448.673|End=449.183
449-0	SPK6003	Continuing	449	270	И	И	linguistic	_	_	Begin=449.614
449-1	SPK6003	Continuing	449	270	короче	короче	linguistic	_	_	_
449-2	SPK6003	Continuing	449	270	этот,	этот	linguistic	_	_	End=450.424
450-0	SPK6003	undefined	450	_	@	@	linguistic	_	_	Begin=450.634|End=451.605
451-0	SPK6003	Continuing	451	271	соған,	соған	linguistic	_	_	Begin=451.965|End=452.414
452-0	SPK6003	Continuing	452	272	мно–	мно–	linguistic	_	_	Begin=452.414
452-1	SPK6003	Continuing	452	272	много	много	linguistic	_	_	_
452-2	SPK6003	Continuing	452	272	людей,	людей	linguistic	_	_	End=453.737
453-0	SPK6003	Continuing	453	272	көтерген	көтерген	linguistic	_	_	Begin=454.094
453-1	SPK6003	Continuing	453	272	ғой,	ғой	linguistic	_	_	End=454.969
454-0	SPK6004	Falling	454	273	Мхм.	Мхм	linguistic	_	_	Begin=455.194|End=455.484
455-0	SPK6003	Continuing	455	274	бірақ,	бірақ	linguistic	_	_	Begin=455.599|End=456.163
456-0	SPK6003	Continuing	456	275	не	не	linguistic	_	_	Begin=456.211
456-1	SPK6003	Continuing	456	275	знаю	знаю	linguistic	_	_	_
456-2	SPK6003	Continuing	456	275	я	я	linguistic	_	_	_
456-3	SPK6003	Continuing	456	275	не	не	linguistic	_	_	_
456-4	SPK6003	Continuing	456	275	верю,	верю	linguistic	_	_	End=457.401
457-0	SPK6003	Falling	457	276	оған.	оған	linguistic	_	_	Begin=457.561|End=457.931
458-0	SPK6003	Continuing	458	277	Ну,	Ну	linguistic	_	_	Begin=458.139|End=458.629
459-0	SPK6003	Continuing	459	278	кто-то	кто-то	linguistic	_	_	Begin=458.931
459-1	SPK6003	Continuing	459	278	верит,	верит	linguistic	_	_	End=459.801
460-0	SPK6003	Continuing	460	279	и	и	linguistic	_	_	Begin=459.866
460-1	SPK6003	Continuing	460	279	короче,	короче	linguistic	_	_	End=460.451
461-0	SPK6003	Falling	461	280	много	много	linguistic	_	_	Begin=460.696
461-1	SPK6003	Falling	461	280	людей	людей	linguistic	_	_	_
461-2	SPK6003	Falling	461	280	он	он	linguistic	_	_	_
461-3	SPK6003	Falling	461	280	вылечил.	вылечил	linguistic	_	_	End=462.236
462-0	SPK6003	Continuing	462	281	И	И	linguistic	_	_	Begin=463.149
462-1	SPK6003	Continuing	462	281	короче	короче	linguistic	_	_	_
462-2	SPK6003	Continuing	462	281	этот,	этот	linguistic	_	_	End=463.96
463-0	SPK6003	Continuing	463	282	барған	барған	linguistic	_	_	Begin=463.988
463-1	SPK6003	Continuing	463	282	кезде,	кезде	linguistic	_	_	End=464.873
464-0	SPK6003	Continuing	464	283	күтеді,	күтеді	linguistic	_	_	Begin=465.224|End=465.699
465-0	SPK6003	Continuing	465	284	дастарқан	дастарқан	linguistic	_	_	Begin=465.839
465-1	SPK6003	Continuing	465	284	жайып,	жайып	linguistic	_	_	End=466.914
466-0	SPK6003	Continuing	466	285	сәлем	сәлем	linguistic	_	_	Begin=466.962
466-1	SPK6003	Continuing	466	285	береді,	береді	linguistic	_	_	End=468.0
467-0	SPK6003	Falling	467	286	жүгіреді	жүгіреді	linguistic	_	_	Begin=468.058
467-1	SPK6003	Falling	467	286	алдына.	алдына	linguistic	_	_	End=469.24
468-0	SPK6003	Continuing	468	287	А,	А	linguistic	_	_	Begin=469.449|End=469.924
469-0	SPK6003	Continuing	469	288	келін,	келін	linguistic	_	_	Begin=470.164|End=470.509
470-0	SPK6003	Falling	470	288	былай	былай	linguistic	_	_	Begin=470.669
470-1	SPK6003	Falling	470	288	істемейді.	істемейді	linguistic	_	_	End=471.547
471-0	SPK6004	Falling	471	289	Мхм.	Мхм	linguistic	_	_	Begin=471.95|End=472.27
472-0	SPK6003	Continuing	472	290	А	А	linguistic	_	_	Begin=472.668
472-1	SPK6003	Continuing	472	290	ол	ол	linguistic	_	_	_
472-2	SPK6003	Continuing	472	290	требует,	требует	linguistic	_	_	End=473.495
473-0	SPK6003	Continuing	473	290	осындай,	осындай	linguistic	_	_	Begin=473.495|End=473.96
474-0	SPK6003	Continuing	474	290	уважение	уважение	linguistic	_	_	Begin=473.96
474-1	SPK6003	Continuing	474	290	болу	болу	linguistic	_	_	_
474-2	SPK6003	Continuing	474	290	керек,	керек	linguistic	_	_	End=474.938
475-0	SPK6004	Falling	475	291	Мхм.	Мхм	linguistic	_	_	Begin=475.368|End=475.648
476-0	SPK6003	Continuing	476	290	не,	не	linguistic	_	_	Begin=476.663|End=476.908
477-0	SPK6003	Continuing	477	290	эээ,	эээ	linguistic	_	_	Begin=477.162|End=477.412
478-0	SPK6003	Continuing	478	290	неге	неге	linguistic	_	_	Begin=477.497
478-1	SPK6003	Continuing	478	290	ана	ана	linguistic	_	_	_
478-2	SPK6003	Continuing	478	290	маған	маған	linguistic	_	_	_
478-3	SPK6003	Continuing	478	290	сәлем	сәлем	linguistic	_	_	_
478-4	SPK6003	Continuing	478	290	берме:йді	бермейді	linguistic	_	Prolongation=4	_
478-5	SPK6003	Continuing	478	290	деп,	деп	linguistic	_	_	End=479.519
479-0	SPK6003	Continuing	479	290	я	я	linguistic	_	_	Begin=479.679
479-1	SPK6003	Continuing	479	290	говорю	говорю	linguistic	_	_	_
479-2	SPK6003	Continuing	479	290	олар,	олар	linguistic	_	_	End=480.31
480-0	SPK6003	Continuing	480	290	бермейді	бермейді	linguistic	_	_	Begin=481.87
480-1	SPK6003	Continuing	480	290	ғой,	ғой	linguistic	_	_	End=482.53
481-0	SPK6003	Falling	481	290	негізі.	негізі	linguistic	_	_	Begin=482.68|End=483.125
482-0	SPK6004	Falling	482	292	Беру	Беру	linguistic	_	_	Begin=484.725
482-1	SPK6004	Falling	482	292	керек	керек	linguistic	_	_	_
482-2	SPK6004	Falling	482	292	қой	қой	linguistic	_	_	_
482-3	SPK6004	Falling	482	292	негізі.	негізі	linguistic	_	_	End=485.7
483-0	SPK6003	Continuing	483	293	Нууу,	Нууу	linguistic	_	_	Begin=487.244|End=487.695
484-0	SPK6004	Continuing	484	294	Енді,	Енді	linguistic	_	_	Begin=487.695|End=488.145
485-0	SPK6003	undefined	485	295	қазақ–	қазақ–	linguistic	_	_	Begin=488.197|End=488.657
486-0	SPK6003	undefined	486	295	қазақтар–	қазақтар–	linguistic	_	_	Begin=488.725|End=489.518
487-0	SPK6004	Continuing	487	294	аталарды	аталарды	linguistic	_	_	Begin=488.73
487-1	SPK6004	Continuing	487	294	енді	енді	linguistic	_	_	_
487-2	SPK6004	Continuing	487	294	не	не	linguistic	_	_	_
487-3	SPK6004	Continuing	487	294	қылса,	қылса	linguistic	_	_	End=490.245
488-0	SPK6003	Continuing	488	295	қазақтар	қазақтар	linguistic	_	_	Begin=489.949
488-1	SPK6003	Continuing	488	295	болса,	болса	linguistic	_	_	End=490.951
489-0	SPK6003	Continuing	489	295	ал	ал	linguistic	_	_	Begin=491.36
489-1	SPK6003	Continuing	489	295	енді	енді	linguistic	_	_	_
489-2	SPK6003	Continuing	489	295	олар,	олар	linguistic	_	_	End=492.039
490-0	SPK6003	Falling	490	295	сондай	сондай	linguistic	_	_	Begin=492.202
490-1	SPK6003	Falling	490	295	емес	емес	linguistic	_	_	_
490-2	SPK6003	Falling	490	295	қой.	қой	linguistic	_	_	End=493.052
491-0	SPK6004	Continuing	491	296	Енді,	Енді	linguistic	_	_	Begin=493.089|End=493.494
492-0	SPK6004	Continuing	492	296	аталар,	аталар	linguistic	_	_	Begin=493.494|End=494.195
493-0	SPK6004	Continuing	493	296	кәріс	кәріс	linguistic	_	_	Begin=494.509
493-1	SPK6004	Continuing	493	296	болса	болса	linguistic	_	_	_
493-2	SPK6004	Continuing	493	296	да	да	linguistic	_	_	_
493-3	SPK6004	Continuing	493	296	енді	енді	linguistic	_	_	_
493-4	SPK6004	Continuing	493	296	сол,	сол	linguistic	_	_	End=495.75
494-0	SPK6004	Continuing	494	296	қазақтың	қазақтың	linguistic	_	_	Begin=495.852
494-1	SPK6004	Continuing	494	296	обычаисы	обычаисы	linguistic	_	_	_
494-2	SPK6004	Continuing	494	296	ұстап	ұстап	linguistic	_	_	_
494-3	SPK6004	Continuing	494	296	алса,	алса	linguistic	_	_	End=497.692
495-0	SPK6004	Falling	495	296	беру	беру	linguistic	_	_	Begin=497.818
495-1	SPK6004	Falling	495	296	керек	керек	linguistic	_	_	_
495-2	SPK6004	Falling	495	296	қой.	қой	linguistic	_	_	End=498.463
496-0	SPK6003	Continuing	496	297	Не	Не	linguistic	_	_	Begin=499.566
496-1	SPK6003	Continuing	496	297	знаю,	знаю	linguistic	_	_	End=500.066
497-0	SPK6003	Continuing	497	297	сол,	сол	linguistic	_	_	Begin=500.111|End=500.515
498-0	SPK6003	Continuing	498	299	короче	короче	linguistic	_	_	Begin=500.515
498-1	SPK6003	Continuing	498	299	у	у	linguistic	_	_	_
498-2	SPK6003	Continuing	498	299	него	него	linguistic	_	_	_
498-3	SPK6003	Continuing	498	299	вот	вот	linguistic	_	_	_
498-4	SPK6003	Continuing	498	299	это,	это	linguistic	_	_	End=501.695
499-0	SPK6003	Continuing	499	300	паника	паника	linguistic	_	_	Begin=502.033
499-1	SPK6003	Continuing	499	300	и	и	linguistic	_	_	_
499-2	SPK6003	Continuing	499	300	короче,	короче	linguistic	_	_	End=503.11
500-0	SPK6003	Falling	500	301	не	не	linguistic	_	_	Begin=503.11
500-1	SPK6003	Falling	500	301	хочет	хочет	linguistic	_	_	_
500-2	SPK6003	Falling	500	301	он.	он	linguistic	_	_	End=503.728
501-0	SPK6004	Falling	501	302	Мм.	Мм	linguistic	_	_	Begin=504.811|End=505.006
502-0	SPK6003	Falling	502	303	Енді	Енді	linguistic	_	_	Begin=506.337
502-1	SPK6003	Falling	502	303	олар	олар	linguistic	_	_	_
502-2	SPK6003	Falling	502	303	бөлек	бөлек	linguistic	_	_	_
502-3	SPK6003	Falling	502	303	тұр	тұр	linguistic	_	_	_
502-4	SPK6003	Falling	502	303	мына	мына	linguistic	_	_	_
502-5	SPK6003	Falling	502	303	жақта	жақта	linguistic	_	_	_
502-6	SPK6003	Falling	502	303	Алматыда.	Алматыда	linguistic	_	_	End=508.687
503-0	SPK6003	undefined	503	304	Оның–	Оның–	linguistic	_	_	Begin=509.271|End=509.686
504-0	SPK6003	Interrupted	504	305	Ол--	Ол--	linguistic	_	Interrupted=Yes	Begin=509.794|End=510.115
505-0	SPK6003	Continuing	505	306	Короче	Короче	linguistic	_	_	Begin=510.115
505-1	SPK6003	Continuing	505	306	анау,	анау	linguistic	_	_	End=510.968
506-0	SPK6003	Continuing	506	306	папа	папа	linguistic	_	_	Begin=511.13
506-1	SPK6003	Continuing	506	306	жақтан,	жақтан	linguistic	_	_	End=511.885
507-0	SPK6003	Continuing	507	306	ағалары	ағалары	linguistic	_	_	Begin=511.885
507-1	SPK6003	Continuing	507	306	мықты	мықты	linguistic	_	_	_
507-2	SPK6003	Continuing	507	306	екен,	екен	linguistic	_	_	End=513.235
508-0	SPK6003	Continuing	508	306	солардың	солардың	linguistic	_	_	Begin=513.321
508-1	SPK6003	Continuing	508	306	короче	короче	linguistic	_	_	_
508-2	SPK6003	Continuing	508	306	бизнесте	бизнесте	linguistic	_	_	_
508-3	SPK6003	Continuing	508	306	жүріп	жүріп	linguistic	_	_	_
508-4	SPK6003	Continuing	508	306	отыр	отыр	linguistic	_	_	_
508-5	SPK6003	Continuing	508	306	ғой,	ғой	linguistic	_	_	End=515.44
509-0	SPK6003	Continuing	509	306	мына	мына	linguistic	_	_	Begin=515.44
509-1	SPK6003	Continuing	509	306	жақта	жақта	linguistic	_	_	_
509-2	SPK6003	Continuing	509	306	и,	и	linguistic	_	_	End=516.164
510-0	SPK6003	Falling	510	306	жұмыс	жұмыс	linguistic	_	_	Begin=516.514
510-1	SPK6003	Falling	510	306	істеп	істеп	linguistic	_	_	_
510-2	SPK6003	Falling	510	306	отыр.	отыр	linguistic	_	_	End=517.685
511-0	SPK6004	Continuing	511	307	Енді,	Енді	linguistic	_	_	Begin=518.692|End=519.192
512-0	SPK6004	Continuing	512	307	кімдерді,	кімдерді	linguistic	_	_	Begin=519.232|End=519.73
513-0	SPK6004	Falling	513	307	ренжітпеу	ренжітпеу	linguistic	_	_	Begin=519.73
513-1	SPK6004	Falling	513	307	керек	керек	linguistic	_	_	_
513-2	SPK6004	Falling	513	307	қой.	қой	linguistic	_	_	End=520.688
514-0	SPK6003	undefined	514	308	Иә:	Иә	linguistic	_	Prolongation=1	Begin=520.696|End=521.6
515-0	SPK6004	Falling	515	309	Ата	Ата	linguistic	_	_	Begin=521.392
515-1	SPK6004	Falling	515	309	енесіңді	енесіңді	linguistic	_	_	_
515-2	SPK6004	Falling	515	309	ренжітпеу	ренжітпеу	linguistic	_	_	_
515-3	SPK6004	Falling	515	309	керек.	керек	linguistic	_	_	End=522.682
516-0	SPK6003	Continuing	516	310	И	И	linguistic	_	_	Begin=522.732
516-1	SPK6003	Continuing	516	310	короче	короче	linguistic	_	_	_
516-2	SPK6003	Continuing	516	310	он	он	linguistic	_	_	_
516-3	SPK6003	Continuing	516	310	этот,	этот	linguistic	_	_	End=523.62
517-0	SPK6003	Continuing	517	311	жұмыс	жұмыс	linguistic	_	_	Begin=524.407
517-1	SPK6003	Continuing	517	311	істеп	істеп	linguistic	_	_	_
517-2	SPK6003	Continuing	517	311	отыр	отыр	linguistic	_	_	_
517-3	SPK6003	Continuing	517	311	бала,	бала	linguistic	_	_	End=525.562
518-0	SPK6003	Continuing	518	312	а	а	linguistic	_	_	Begin=525.815
518-1	SPK6003	Continuing	518	312	она,	она	linguistic	_	_	End=526.35
519-0	SPK6003	Continuing	519	313	работает,	работает	linguistic	_	_	Begin=526.996|End=527.711
520-0	SPK6003	Continuing	520	314	анау,	анау	linguistic	_	_	Begin=528.096|End=528.536
521-0	SPK6003	Continuing	521	315	Китайда,	Китайда	linguistic	_	_	Begin=529.016|End=529.806
522-0	SPK6003	Continuing	522	316	учились	учились	linguistic	_	_	Begin=529.85
522-1	SPK6003	Continuing	522	316	же	же	linguistic	_	_	_
522-2	SPK6003	Continuing	522	316	они	они	linguistic	_	_	_
522-3	SPK6003	Continuing	522	316	в	в	linguistic	_	_	_
522-4	SPK6003	Continuing	522	316	Китае,	Китае	linguistic	_	_	End=531.351
523-0	SPK6003	Continuing	523	317	китайская	китайская	linguistic	_	_	Begin=531.68
523-1	SPK6003	Continuing	523	317	компания,	компания	linguistic	_	_	End=532.78
524-0	SPK6003	Continuing	524	318	тоже	тоже	linguistic	_	_	Begin=532.99
524-1	SPK6003	Continuing	524	318	там,	там	linguistic	_	_	End=533.625
525-0	SPK6003	Continuing	525	319	күшті:	күшті	linguistic	_	Prolongation=4	Begin=533.625
525-1	SPK6003	Continuing	525	319	жұмыс	жұмыс	linguistic	_	_	_
525-2	SPK6003	Continuing	525	319	у	у	linguistic	_	_	_
525-3	SPK6003	Continuing	525	319	нее,	нее	linguistic	_	_	End=534.788
526-0	SPK6003	Falling	526	320	крутая.	крутая	linguistic	_	_	Begin=534.979|End=535.379
527-0	SPK6003	undefined	527	_	@@@	@@@	linguistic	_	_	Begin=535.534|End=536.109
528-0	SPK6003	Falling	528	321	Переводчик.	Переводчик	linguistic	_	_	Begin=536.466|End=537.421
529-0	SPK6003	Rising	529	322	Она	Она	linguistic	_	_	Begin=537.476
529-1	SPK6003	Rising	529	322	кто	кто	linguistic	_	_	_
529-2	SPK6003	Rising	529	322	переводчик	переводчик	linguistic	_	_	_
529-3	SPK6003	Rising	529	322	да?	да	linguistic	_	_	End=538.664
530-0	SPK6005	Rising	530	323	Кто?	Кто	linguistic	_	_	Begin=538.997|End=539.527
531-0	SPK6003	Falling	531	324	¬Гульжанка.	Гульжанка	linguistic	_	Anonymized=Yes	Begin=539.827|End=540.452
532-0	SPK6005	Continuing	532	325	Да,	Да	linguistic	_	_	Begin=541.278|End=541.66
533-0	SPK6005	Falling	533	326	старший	старший	linguistic	_	_	Begin=541.66
533-1	SPK6005	Falling	533	326	переводчик	переводчик	linguistic	_	_	_
533-2	SPK6005	Falling	533	326	в	в	linguistic	_	_	_
533-3	SPK6005	Falling	533	326	какой-то	какой-то	linguistic	_	_	_
533-4	SPK6005	Falling	533	326	в	в	linguistic	_	_	_
533-5	SPK6005	Falling	533	326	компании.	компании	linguistic	_	_	End=543.651
534-0	SPK6003	Falling	534	327	Из	Из	linguistic	_	_	Begin=543.165
534-1	SPK6003	Falling	534	327	с	с	linguistic	_	_	_
534-2	SPK6003	Falling	534	327	китайского.	китайского	linguistic	_	_	End=544.275
535-0	SPK6005	Continuing	535	328	Они	Они	linguistic	_	_	Begin=544.509
535-1	SPK6005	Continuing	535	328	в	в	linguistic	_	_	_
535-2	SPK6005	Continuing	535	328	Китае	Китае	linguistic	_	_	_
535-3	SPK6005	Continuing	535	328	вдвоем	вдвоем	linguistic	_	_	_
535-4	SPK6005	Continuing	535	328	учились,	учились	linguistic	_	_	End=546.351
536-0	SPK6004	Falling	536	329	Ммм.	Ммм	linguistic	_	_	Begin=544.549|End=545.054
537-0	SPK6004	Falling	537	330	Ммм	Ммм	linguistic	_	_	Begin=546.459|End=547.212
538-0	SPK6005	Continuing	538	331	там	там	linguistic	_	_	Begin=546.459
538-1	SPK6005	Continuing	538	331	познакомились	познакомились	linguistic	_	_	End=547.707
539-0	SPK6005	Falling	539	331	да.	да	linguistic	_	_	Begin=547.733|End=548.078
540-0	SPK6005	undefined	540	333	Интересный	Интересный	linguistic	_	_	Begin=548.775
540-1	SPK6005	undefined	540	333	да	да	linguistic	_	_	_
540-2	SPK6005	undefined	540	333	язык–	язык–	linguistic	_	_	End=549.885
541-0	SPK6003	Continuing	541	334	Сол	Сол	linguistic	_	_	Begin=549.12
541-1	SPK6003	Continuing	541	334	ана	ана	linguistic	_	_	_
541-2	SPK6003	Continuing	541	334	екінші	екінші	linguistic	_	_	_
541-3	SPK6003	Continuing	541	334	қыз,	қыз	linguistic	_	_	End=550.67
542-0	SPK6003	Continuing	542	334	ээ	ээ	linguistic	_	_	Begin=550.81
542-1	SPK6003	Continuing	542	334	біздің,	біздің	linguistic	_	_	End=551.435
543-0	SPK6003	Continuing	543	334	кішкентай,	кішкентай	linguistic	_	_	Begin=551.745|End=552.225
544-0	SPK6003	Continuing	544	334	көрдің	көрдің	linguistic	_	_	Begin=552.41
544-1	SPK6003	Continuing	544	334	ғой,	ғой	linguistic	_	_	End=552.795
545-0	SPK6003	Continuing	545	334	она,	она	linguistic	_	_	Begin=554.372|End=554.957
546-0	SPK6003	Continuing	546	334	орысқа	орысқа	linguistic	_	_	Begin=555.832
546-1	SPK6003	Continuing	546	334	тиген,	тиген	linguistic	_	_	End=556.852
547-0	SPK6003	Falling	547	334	и	и	linguistic	_	_	Begin=557.0
547-1	SPK6003	Falling	547	334	уехала	уехала	linguistic	_	_	_
547-2	SPK6003	Falling	547	334	в	в	linguistic	_	_	_
547-3	SPK6003	Falling	547	334	Беларусь.	Беларусь	linguistic	_	_	End=558.463
548-0	SPK6003	Continuing	548	335	Папасымен,	Папасымен	linguistic	_	_	Begin=558.539|End=559.213
549-0	SPK6003	Continuing	549	336	ну	ну	linguistic	_	_	Begin=559.213
549-1	SPK6003	Continuing	549	336	короче,	короче	linguistic	_	_	End=559.72
550-0	SPK6003	Continuing	550	337	ээ,	ээ	linguistic	_	_	Begin=559.97|End=560.368
551-0	SPK6003	Continuing	551	338	папасымен	папасымен	linguistic	_	_	Begin=560.884
551-1	SPK6003	Continuing	551	338	емес,	емес	linguistic	_	_	End=561.819
552-0	SPK6003	Continuing	552	339	с	с	linguistic	_	_	Begin=562.082
552-1	SPK6003	Continuing	552	339	родителями,	родителями	linguistic	_	_	End=563.022
553-0	SPK6004	Falling	553	340	Ммм.	Ммм	linguistic	_	_	Begin=563.254|End=563.539
554-0	SPK6003	Continuing	554	341	ата	ата	linguistic	_	_	Begin=564.405
554-1	SPK6003	Continuing	554	341	енесімен,	енесімен	linguistic	_	_	End=565.49
555-0	SPK6003	Interrupted	555	341	бәрі	бәрі	linguistic	_	_	Begin=565.49
555-1	SPK6003	Interrupted	555	341	Беларусияда	Беларусияда	linguistic	_	_	_
555-2	SPK6003	Interrupted	555	341	тұр–	тұр–	linguistic	_	_	_
555-3	SPK6003	Interrupted	555	341	неше	неше	linguistic	_	_	_
555-4	SPK6003	Interrupted	555	341	жыл	жыл	linguistic	_	_	_
555-5	SPK6003	Interrupted	555	341	болды	болды	linguistic	_	_	_
555-6	SPK6003	Interrupted	555	341	сәке--	сәке--	linguistic	_	Interrupted=Yes	End=567.355
556-0	SPK6003	Falling	556	342	в	в	linguistic	_	_	Begin=567.731
556-1	SPK6003	Falling	556	342	прошлом	прошлом	linguistic	_	_	_
556-2	SPK6003	Falling	556	342	году	году	linguistic	_	_	_
556-3	SPK6003	Falling	556	342	биыл	биыл	linguistic	_	_	_
556-4	SPK6003	Falling	556	342	келді	келді	linguistic	_	_	_
556-5	SPK6003	Falling	556	342	екен.	екен	linguistic	_	_	End=569.296
557-0	SPK6005	Continuing	557	343	Медицинский,	Медицинский	linguistic	_	_	Begin=569.481|End=570.395
558-0	SPK6005	Falling	558	344	закончила.	закончила	linguistic	_	_	Begin=570.395|End=571.537
559-0	SPK6003	Falling	559	345	Медицинский	Медицинский	linguistic	_	_	Begin=570.777
559-1	SPK6003	Falling	559	345	закончила.	закончила	linguistic	_	_	End=571.824
560-0	SPK6004	Falling	560	346	Мхм.	Мхм	linguistic	_	_	Begin=572.213|End=572.483
561-0	SPK6003	Continuing	561	347	А	А	linguistic	_	_	Begin=573.225
561-1	SPK6003	Continuing	561	347	у	у	linguistic	_	_	_
561-2	SPK6003	Continuing	561	347	нее,	нее	linguistic	_	_	End=573.785
562-0	SPK6003	Continuing	562	348	здесь	здесь	linguistic	_	_	Begin=573.785
562-1	SPK6003	Continuing	562	348	тоже	тоже	linguistic	_	_	_
562-2	SPK6003	Continuing	562	348	мына	мына	linguistic	_	_	_
562-3	SPK6003	Continuing	562	348	жақта	жақта	linguistic	_	_	_
562-4	SPK6003	Continuing	562	348	жақсы	жақсы	linguistic	_	_	_
562-5	SPK6003	Continuing	562	348	жұмыс	жұмыс	linguistic	_	_	_
562-6	SPK6003	Continuing	562	348	тауып	тауып	linguistic	_	_	_
562-7	SPK6003	Continuing	562	348	алды,	алды	linguistic	_	_	End=576.19
563-0	SPK6003	Falling	563	348	осы	осы	linguistic	_	_	Begin=576.19
563-1	SPK6003	Falling	563	348	жақта	жақта	linguistic	_	_	_
563-2	SPK6003	Falling	563	348	жүр.	жүр	linguistic	_	_	End=577.11
564-0	SPK6004	Falling	564	349	Ммм.	Ммм	linguistic	_	_	Begin=576.585|End=577.248
565-0	SPK6004	Continuing	565	350	Енді,	Енді	linguistic	_	_	Begin=579.799|End=580.424
566-0	SPK6004	Continuing	566	350	жаңа,	жаңа	linguistic	_	_	Begin=580.469|End=580.824
567-0	SPK6004	Rising	567	350	тойға	тойға	linguistic	_	_	Begin=580.904
567-1	SPK6004	Rising	567	350	кеткен	кеткен	linguistic	_	_	_
567-2	SPK6004	Rising	567	350	расходты	расходты	linguistic	_	_	_
567-3	SPK6004	Rising	567	350	есептедің	есептедің	linguistic	_	_	_
567-4	SPK6004	Rising	567	350	ба	ба	linguistic	_	_	_
567-5	SPK6004	Rising	567	350	есептеген	есептеген	linguistic	_	_	_
567-6	SPK6004	Rising	567	350	жоқсың	жоқсың	linguistic	_	_	_
567-7	SPK6004	Rising	567	350	ба?	ба	linguistic	_	_	End=583.165
568-0	SPK6003	Falling	568	351	Ммм.	Ммм	linguistic	_	_	Begin=584.613|End=585.053
569-0	SPK6003	Continuing	569	352	Не	Не	linguistic	_	_	Begin=586.252
569-1	SPK6003	Continuing	569	352	ғ–	ғ–	linguistic	_	_	_
569-2	SPK6003	Continuing	569	352	ну,	ну	linguistic	_	_	End=587.115
570-0	SPK6003	Continuing	570	353	вообще-то,	вообще-то	linguistic	_	_	Begin=587.115|End=587.765
571-0	SPK6003	Continuing	571	354	эээ,	эээ	linguistic	_	_	Begin=588.336|End=589.156
572-0	SPK6003	Continuing	572	355	былай	былай	linguistic	_	_	Begin=591.879
572-1	SPK6003	Continuing	572	355	болды,	болды	linguistic	_	_	End=592.65
573-0	SPK6003	Falling	573	356	короче.	короче	linguistic	_	_	Begin=592.65|End=593.127
574-0	SPK6004	Falling	574	357	Мен	Мен	linguistic	_	_	Begin=595.076
574-1	SPK6004	Falling	574	357	бәрін	бәрін	linguistic	_	_	_
574-2	SPK6004	Falling	574	357	жазып	жазып	linguistic	_	_	_
574-3	SPK6004	Falling	574	357	отырдым.	отырдым	linguistic	_	_	End=596.305
575-0	SPK6004	Continuing	575	358	Бір	Бір	linguistic	_	_	Begin=597.499
575-1	SPK6004	Continuing	575	358	дәптерді	дәптерді	linguistic	_	_	_
575-2	SPK6004	Continuing	575	358	арнадым	арнадым	linguistic	_	_	_
575-3	SPK6004	Continuing	575	358	да,	да	linguistic	_	_	End=598.734
576-0	SPK6004	Continuing	576	358	сол,	сол	linguistic	_	_	Begin=598.734|End=599.364
577-0	SPK6004	Falling	577	358	не	не	linguistic	_	_	Begin=599.637
577-1	SPK6004	Falling	577	358	қылды	қылды	linguistic	_	_	_
577-2	SPK6004	Falling	577	358	бәрі	бәрі	linguistic	_	_	_
577-3	SPK6004	Falling	577	358	жаздым.	жаздым	linguistic	_	_	End=600.9
578-0	SPK6003	Continuing	578	359	Енді	Енді	linguistic	_	_	Begin=599.648
578-1	SPK6003	Continuing	578	359	мен,	мен	linguistic	_	_	End=600.32
579-0	SPK6003	Continuing	579	359	бәрін	бәрін	linguistic	_	_	Begin=600.32
579-1	SPK6003	Continuing	579	359	білмеймін	білмеймін	linguistic	_	_	_
579-2	SPK6003	Continuing	579	359	ғой	ғой	linguistic	_	_	_
579-3	SPK6003	Continuing	579	359	негізі,	негізі	linguistic	_	_	End=601.735
580-0	SPK6003	Interrupted	580	359	¬Шахзода--	Шахзода--	linguistic	_	Interrupted=Yes|Anonymized=Yes	Begin=601.735|End=602.325
581-0	SPK6003	Falling	581	359	--да	--да	linguistic	_	_	Begin=602.325
581-1	SPK6003	Falling	581	359	болу	болу	linguistic	_	_	_
581-2	SPK6003	Falling	581	359	керек.	керек	linguistic	_	_	End=603.229
582-0	SPK6003	Continuing	582	360	Просто,	Просто	linguistic	_	_	Begin=603.394|End=603.859
583-0	SPK6003	Continuing	583	361	айтыпты	айтыпты	linguistic	_	_	Begin=604.167
583-1	SPK6003	Continuing	583	361	короче,	короче	linguistic	_	_	End=605.165
584-0	SPK6003	Continuing	584	361	отыз	отыз	linguistic	_	_	Begin=605.165
584-1	SPK6003	Continuing	584	361	адам,	адам	linguistic	_	_	End=605.852
585-0	SPK6003	Continuing	585	361	он	он	linguistic	_	_	Begin=605.898
585-1	SPK6003	Continuing	585	361	мың	мың	linguistic	_	_	_
585-2	SPK6003	Continuing	585	361	теңгеден,	теңгеден	linguistic	_	_	End=607.046
586-0	SPK6003	Continuing	586	361	бір	бір	linguistic	_	_	Begin=607.605
586-1	SPK6003	Continuing	586	361	а–	а–	linguistic	_	_	_
586-2	SPK6003	Continuing	586	361	адам	адам	linguistic	_	_	_
586-3	SPK6003	Continuing	586	361	басы,	басы	linguistic	_	_	End=609.214
587-0	SPK6003	Continuing	587	361	басынан	басынан	linguistic	_	_	Begin=609.558
587-1	SPK6003	Continuing	587	361	он	он	linguistic	_	_	_
587-2	SPK6003	Continuing	587	361	мың	мың	linguistic	_	_	_
587-3	SPK6003	Continuing	587	361	теңге	теңге	linguistic	_	_	_
587-4	SPK6003	Continuing	587	361	сосын,	сосын	linguistic	_	_	End=611.488
588-0	SPK6003	Continuing	588	362	бөлек	бөлек	linguistic	_	_	Begin=611.732
588-1	SPK6003	Continuing	588	362	спиртное	спиртное	linguistic	_	_	_
588-2	SPK6003	Continuing	588	362	алады,	алады	linguistic	_	_	End=613.182
589-0	SPK6003	Continuing	589	363	сосын	сосын	linguistic	_	_	Begin=613.58
589-1	SPK6003	Continuing	589	363	бөлек,	бөлек	linguistic	_	_	End=614.5
590-0	SPK6003	Continuing	590	_	ээ,	ээ	linguistic	_	_	Begin=614.64|End=614.955
591-0	SPK6003	undefined	591	364	тамада:	тамада	linguistic	_	Prolongation=5	Begin=615.49|End=616.362
592-0	SPK6003	Continuing	592	365	вот	вот	linguistic	_	_	Begin=616.909
592-1	SPK6003	Continuing	592	365	этот	этот	linguistic	_	_	_
592-2	SPK6003	Continuing	592	365	фото:граф,	фотограф	linguistic	_	Prolongation=3	End=617.98
593-0	SPK6003	Continuing	593	366	бәрі	бәрі	linguistic	_	_	Begin=617.98
593-1	SPK6003	Continuing	593	366	ол	ол	linguistic	_	_	_
593-2	SPK6003	Continuing	593	366	жақтан,	жақтан	linguistic	_	_	End=619.105
594-0	SPK6003	Continuing	594	366	несін,	несін	linguistic	_	_	Begin=619.105|End=619.737
595-0	SPK6004	Falling	595	367	Мхм.	Мхм	linguistic	_	_	Begin=621.008|End=621.248
596-0	SPK6003	Continuing	596	368	а,	а	linguistic	_	_	Begin=621.188|End=621.613
597-0	SPK6003	Continuing	597	369	подарки,	подарки	linguistic	_	_	Begin=622.14|End=622.753
598-0	SPK6003	Continuing	598	370	и	и	linguistic	_	_	Begin=623.078
598-1	SPK6003	Continuing	598	370	вот	вот	linguistic	_	_	_
598-2	SPK6003	Continuing	598	370	этот,	этот	linguistic	_	_	End=623.625
599-0	SPK6003	Continuing	599	371	тойтабақ	тойтабақ	linguistic	_	_	Begin=623.625
599-1	SPK6003	Continuing	599	371	біз	біз	linguistic	_	_	_
599-2	SPK6003	Continuing	599	371	жақтан,	жақтан	linguistic	_	_	End=624.718
600-0	SPK6003	Falling	600	371	істедік.	істедік	linguistic	_	_	Begin=624.963|End=625.283
601-0	SPK6004	Falling	601	372	Ммм.	Ммм	linguistic	_	_	Begin=625.8|End=626.08
602-0	SPK6003	Falling	602	373	Короче	Короче	linguistic	_	_	Begin=626.145
602-1	SPK6003	Falling	602	373	примерно	примерно	linguistic	_	_	_
602-2	SPK6003	Falling	602	373	осындай	осындай	linguistic	_	_	_
602-3	SPK6003	Falling	602	373	болды.	болды	linguistic	_	_	End=627.804
603-0	SPK6004	Rising	603	374	Он	Он	linguistic	_	_	Begin=628.503
603-1	SPK6004	Rising	603	374	мың	мың	linguistic	_	_	_
603-2	SPK6004	Rising	603	374	қымбат	қымбат	linguistic	_	_	_
603-3	SPK6004	Rising	603	374	істеген	істеген	linguistic	_	_	_
603-4	SPK6004	Rising	603	374	иә?	иә	linguistic	_	_	End=629.638
604-0	SPK6004	Rising	604	375	Бұл	Бұл	linguistic	_	_	Begin=630.353
604-1	SPK6004	Rising	604	375	жақта	жақта	linguistic	_	_	_
604-2	SPK6004	Rising	604	375	иә?	иә	linguistic	_	_	End=630.893
605-0	SPK6003	Falling	605	376	Иә.	Иә	linguistic	_	_	Begin=631.094|End=631.354
606-0	SPK6004	Falling	606	377	Бізден	Бізден	linguistic	_	_	Begin=631.767
606-1	SPK6004	Falling	606	377	бес	бес	linguistic	_	_	_
606-2	SPK6004	Falling	606	377	мың	мың	linguistic	_	_	_
606-3	SPK6004	Falling	606	377	алды	алды	linguistic	_	_	_
606-4	SPK6004	Falling	606	377	ғой.	ғой	linguistic	_	_	End=632.847
607-0	SPK6004	Falling	607	378	Қызылордада.	Қызылордада	linguistic	_	_	Begin=633.575|End=634.125
608-0	SPK6003	Continuing	608	379	Расценки	Расценки	linguistic	_	_	Begin=634.876
608-1	SPK6003	Continuing	608	379	басқа	басқа	linguistic	_	_	_
608-2	SPK6003	Continuing	608	379	ғой,	ғой	linguistic	_	_	End=636.17
609-0	SPK6004	Falling	609	380	Иә.	Иә	linguistic	_	_	Begin=635.899|End=636.214
610-0	SPK6003	Falling	610	379	мына	мына	linguistic	_	_	Begin=636.17
610-1	SPK6003	Falling	610	379	жақта.	жақта	linguistic	_	_	End=636.516
611-0	SPK6004	Continuing	611	381	Бес	Бес	linguistic	_	_	Begin=636.634
611-1	SPK6004	Continuing	611	381	мың	мың	linguistic	_	_	_
611-2	SPK6004	Continuing	611	381	алды	алды	linguistic	_	_	_
611-3	SPK6004	Continuing	611	381	бірақ	бірақ	linguistic	_	_	_
611-4	SPK6004	Continuing	611	381	еті:н,	етін	linguistic	_	Prolongation=2	End=638.371
612-0	SPK6004	Continuing	612	381	суы:н,	суын	linguistic	_	Prolongation=2	Begin=638.371|End=639.065
613-0	SPK6004	Continuing	613	382	пече:ный,	печеный	linguistic	_	Prolongation=3	Begin=639.065|End=639.936
614-0	SPK6004	Continuing	614	383	конфе:ты,	конфеты	linguistic	_	Prolongation=4	Begin=640.144|End=640.974
615-0	SPK6003	Rising	615	384	Апардың	Апардың	linguistic	_	_	Begin=640.53
615-1	SPK6003	Rising	615	384	иә	иә	linguistic	_	_	_
615-2	SPK6003	Rising	615	384	бәрін?	бәрін	linguistic	_	_	End=641.522
616-0	SPK6004	Continuing	616	385	Бәрін	Бәрін	linguistic	_	_	Begin=641.365
616-1	SPK6004	Continuing	616	385	апардым	апардым	linguistic	_	_	_
616-2	SPK6004	Continuing	616	385	ғой,	ғой	linguistic	_	_	End=642.165
617-0	SPK6004	Falling	617	386	почти.	почти	linguistic	_	_	Begin=642.36|End=642.887
618-0	SPK6003	Continuing	618	387	Ну	Ну	linguistic	_	_	Begin=642.984
618-1	SPK6003	Continuing	618	387	вообще-то,	вообще-то	linguistic	_	_	End=643.869
619-0	SPK6003	Continuing	619	387	если,	если	linguistic	_	_	Begin=643.881|End=644.275
620-0	SPK6003	Continuing	620	389	много	много	linguistic	_	_	Begin=644.275
620-1	SPK6003	Continuing	620	389	людей	людей	linguistic	_	_	_
620-2	SPK6003	Continuing	620	389	зовешь,	зовешь	linguistic	_	_	End=645.306
621-0	SPK6003	Rising	621	390	оправдывается	оправдывается	linguistic	_	_	Begin=645.323
621-1	SPK6003	Rising	621	390	же?	же	linguistic	_	_	End=646.333
622-0	SPK6003	Falling	622	391	Но	Но	linguistic	_	_	Begin=646.985
622-1	SPK6003	Falling	622	391	негізі	негізі	linguistic	_	_	_
622-2	SPK6003	Falling	622	391	мына	мына	linguistic	_	_	_
622-3	SPK6003	Falling	622	391	жақта	жақта	linguistic	_	_	_
622-4	SPK6003	Falling	622	391	оправдываться	оправдываться	linguistic	_	_	_
622-5	SPK6003	Falling	622	391	шықты	шықты	linguistic	_	_	_
622-6	SPK6003	Falling	622	391	ғой.	ғой	linguistic	_	_	End=649.295
623-0	SPK6004	Falling	623	392	Иә.	Иә	linguistic	_	_	Begin=646.986|End=647.496
624-0	SPK6004	Falling	624	393	Иә.	Иә	linguistic	_	_	Begin=648.802|End=649.287
625-0	SPK6003	Continuing	625	394	Главное	Главное	linguistic	_	_	Begin=649.583
625-1	SPK6003	Continuing	625	394	расходтары	расходтары	linguistic	_	_	_
625-2	SPK6003	Continuing	625	394	жабылды	жабылды	linguistic	_	_	_
625-3	SPK6003	Continuing	625	394	емес	емес	linguistic	_	_	_
625-4	SPK6003	Continuing	625	394	па,	па	linguistic	_	_	End=651.425
626-0	SPK6004	Falling	626	_	Мхм.	Мхм	linguistic	_	_	Begin=650.95|End=651.369
627-0	SPK6003	Falling	627	394	болды	болды	linguistic	_	_	Begin=651.425
627-1	SPK6003	Falling	627	394	емес	емес	linguistic	_	_	_
627-2	SPK6003	Falling	627	394	па.	па	linguistic	_	_	End=652.025
628-0	SPK6004	Falling	628	_	Мхм.	Мхм	linguistic	_	_	Begin=652.456|End=652.781
629-0	SPK6003	undefined	629	395	Бірақ	Бірақ	linguistic	_	_	Begin=653.48
629-1	SPK6003	undefined	629	395	подарки	подарки	linguistic	_	_	_
629-2	SPK6003	undefined	629	395	көп–	көп–	linguistic	_	_	End=654.555
630-0	SPK6004	Continuing	630	396	А,	А	linguistic	_	_	Begin=654.21|End=654.555
631-0	SPK6003	Falling	631	395	көп	көп	linguistic	_	_	Begin=654.555
631-1	SPK6003	Falling	631	395	емес	емес	linguistic	_	_	_
631-2	SPK6003	Falling	631	395	сияқты.	сияқты	linguistic	_	_	End=655.444
632-0	SPK6004	Continuing	632	397	менікі,	менікі	linguistic	_	_	Begin=654.576|End=655.48
633-0	SPK6004	Continuing	633	397	не	не	linguistic	_	_	Begin=655.48
633-1	SPK6004	Continuing	633	397	қылған	қылған	linguistic	_	_	_
633-2	SPK6004	Continuing	633	397	жоқ,	жоқ	linguistic	_	_	End=656.245
634-0	SPK6004	Continuing	634	397	өйткені	өйткені	linguistic	_	_	Begin=656.245
634-1	SPK6004	Continuing	634	397	менде,	менде	linguistic	_	_	End=656.883
635-0	SPK6004	Falling	635	397	үйде	үйде	linguistic	_	_	Begin=657.657
635-1	SPK6004	Falling	635	397	той	той	linguistic	_	_	_
635-2	SPK6004	Falling	635	397	болды.	болды	linguistic	_	_	End=658.838
636-0	SPK6003	Falling	636	398	Ааа.	Ааа	linguistic	_	_	Begin=659.681|End=660.201
637-0	SPK6003	Continuing	637	399	А,	А	linguistic	_	_	Begin=660.492|End=660.797
638-0	SPK6003	Continuing	638	400	у	у	linguistic	_	_	Begin=660.811
638-1	SPK6003	Continuing	638	400	тебя	тебя	linguistic	_	_	_
638-2	SPK6003	Continuing	638	400	вот	вот	linguistic	_	_	_
638-3	SPK6003	Continuing	638	400	видишь,	видишь	linguistic	_	_	End=661.741
639-0	SPK6003	Continuing	639	401	еще	еще	linguistic	_	_	Begin=661.746
639-1	SPK6003	Continuing	639	401	у	у	linguistic	_	_	_
639-2	SPK6003	Continuing	639	401	нее,	нее	linguistic	_	_	End=662.46
640-0	SPK6003	Continuing	640	402	пока	пока	linguistic	_	_	Begin=662.46
640-1	SPK6003	Continuing	640	402	той	той	linguistic	_	_	_
640-2	SPK6003	Continuing	640	402	шел,	шел	linguistic	_	_	End=663.159
641-0	SPK6003	Falling	641	403	она	она	linguistic	_	_	Begin=663.259
641-1	SPK6003	Falling	641	403	сына	сына	linguistic	_	_	_
641-2	SPK6003	Falling	641	403	женила	женила	linguistic	_	_	_
641-3	SPK6003	Falling	641	403	у	у	linguistic	_	_	_
641-4	SPK6003	Falling	641	403	нее	нее	linguistic	_	_	_
641-5	SPK6003	Falling	641	403	еще	еще	linguistic	_	_	_
641-6	SPK6003	Falling	641	403	дома	дома	linguistic	_	_	_
641-7	SPK6003	Falling	641	403	мно:го	много	linguistic	_	Prolongation=2	_
641-8	SPK6003	Falling	641	403	людей.	людей	linguistic	_	_	End=665.906
642-0	SPK6004	Falling	642	404	Беташар.	Беташар	linguistic	_	_	Begin=666.495|End=666.965
643-0	SPK6003	Continuing	643	405	Их	Их	linguistic	_	_	Begin=666.85
643-1	SPK6003	Continuing	643	405	еще	еще	linguistic	_	_	_
643-2	SPK6003	Continuing	643	405	пока,	пока	linguistic	_	_	End=667.675
644-0	SPK6003	Continuing	644	406	встреча:ть,	встречать	linguistic	_	Prolongation=6	Begin=668.034|End=668.769
645-0	SPK6003	Continuing	645	_	про-	про-	linguistic	_	Interrupted=Yes	Begin=668.84
645-1	SPK6003	Continuing	645	_	дома,	дома	linguistic	_	_	End=669.447
646-0	SPK6003	Rising	646	407	сондай	сондай	linguistic	_	_	Begin=670.827
646-1	SPK6003	Rising	646	407	болды	болды	linguistic	_	_	_
646-2	SPK6003	Rising	646	407	ғой	ғой	linguistic	_	_	_
646-3	SPK6003	Rising	646	407	да?	да	linguistic	_	_	End=671.975
647-0	SPK6004	Falling	647	408	Иә.	Иә	linguistic	_	_	Begin=671.48|End=671.98
648-0	SPK6005	Falling	648	409	Ой	Ой	linguistic	_	_	Begin=671.799
648-1	SPK6005	Falling	648	409	ужас.	ужас	linguistic	_	_	End=672.354
649-0	SPK6003	undefined	649	410	Она	Она	linguistic	_	_	Begin=672.38
649-1	SPK6003	undefined	649	410	поэтому	поэтому	linguistic	_	_	_
649-2	SPK6003	undefined	649	410	думала	думала	linguistic	_	_	_
649-3	SPK6003	undefined	649	410	что	что	linguistic	_	_	_
649-4	SPK6003	undefined	649	410	у	у	linguistic	_	_	_
649-5	SPK6003	undefined	649	410	нас	нас	linguistic	_	_	_
649-6	SPK6003	undefined	649	410	здесь	здесь	linguistic	_	_	_
649-7	SPK6003	undefined	649	410	людей	людей	linguistic	_	_	_
649-8	SPK6003	undefined	649	410	много	много	linguistic	_	_	_
649-9	SPK6003	undefined	649	410	и–	и–	linguistic	_	_	End=674.88
650-0	SPK6004	Continuing	650	411	Көбісі	Көбісі	linguistic	_	_	Begin=674.69
650-1	SPK6004	Continuing	650	411	ана	ана	linguistic	_	_	_
650-2	SPK6004	Continuing	650	411	неге,	неге	linguistic	_	_	End=675.593
651-0	SPK6004	Falling	651	411	беташар	беташар	linguistic	_	_	Begin=676.04
651-1	SPK6004	Falling	651	411	тойға	тойға	linguistic	_	_	_
651-2	SPK6004	Falling	651	411	берді	берді	linguistic	_	_	_
651-3	SPK6004	Falling	651	411	де	де	linguistic	_	_	_
651-4	SPK6004	Falling	651	411	ресторан	ресторан	linguistic	_	_	_
651-5	SPK6004	Falling	651	411	тойға	тойға	linguistic	_	_	_
651-6	SPK6004	Falling	651	411	берген	берген	linguistic	_	_	_
651-7	SPK6004	Falling	651	411	жоқ.	жоқ	linguistic	_	_	End=678.291
652-0	SPK6003	Falling	652	412	Ммм.	Ммм	linguistic	_	_	Begin=678.861|End=679.411
653-0	SPK6004	Falling	653	413	Сол.	Сол	linguistic	_	_	Begin=679.662|End=679.872
654-0	SPK6003	Continuing	654	414	А,	А	linguistic	_	_	Begin=681.223|End=681.565
655-0	SPK6003	Continuing	655	415	в	в	linguistic	_	_	Begin=681.565
655-1	SPK6003	Continuing	655	415	общем	общем	linguistic	_	_	_
655-2	SPK6003	Continuing	655	415	половина	половина	linguistic	_	_	_
655-3	SPK6003	Continuing	655	415	домой	домой	linguistic	_	_	_
655-4	SPK6003	Continuing	655	415	пришли,	пришли	linguistic	_	_	End=683.045
656-0	SPK6003	Continuing	656	416	половина	половина	linguistic	_	_	Begin=683.045
656-1	SPK6003	Continuing	656	416	в	в	linguistic	_	_	_
656-2	SPK6003	Continuing	656	416	ресторан,	ресторан	linguistic	_	_	End=684.095
657-0	SPK6003	Continuing	657	417	гостей	гостей	linguistic	_	_	Begin=684.224
657-1	SPK6003	Continuing	657	417	да,	да	linguistic	_	_	End=684.829
658-0	SPK6003	Rising	658	418	сондай	сондай	linguistic	_	_	Begin=684.974
658-1	SPK6003	Rising	658	418	болды	болды	linguistic	_	_	_
658-2	SPK6003	Rising	658	418	ма?	ма	linguistic	_	_	End=685.601
659-0	SPK6005	Continuing	659	419	Это	Это	linguistic	_	_	Begin=687.767
659-1	SPK6005	Continuing	659	419	вот	вот	linguistic	_	_	_
659-2	SPK6005	Continuing	659	419	там,	там	linguistic	_	_	End=688.792
660-0	SPK6004	Falling	660	420	Почти.	Почти	linguistic	_	_	Begin=688.197|End=688.807
661-0	SPK6005	Continuing	661	_	а,	а	linguistic	_	_	Begin=689.205|End=689.465
662-0	SPK6005	undefined	662	_	а	а	linguistic	_	_	Begin=689.51
662-1	SPK6005	undefined	662	_	в	в	linguistic	_	_	_
662-2	SPK6005	undefined	662	_	а–	а–	linguistic	_	_	End=690.061
663-0	SPK6005	Falling	663	421	А	А	linguistic	_	_	Begin=690.195
663-1	SPK6005	Falling	663	421	в	в	linguistic	_	_	_
663-2	SPK6005	Falling	663	421	Чилях	Чилях	linguistic	_	_	_
663-3	SPK6005	Falling	663	421	у	у	linguistic	_	_	_
663-4	SPK6005	Falling	663	421	нас	нас	linguistic	_	_	_
663-5	SPK6005	Falling	663	421	там	там	linguistic	_	_	_
663-6	SPK6005	Falling	663	421	вообще	вообще	linguistic	_	_	_
663-7	SPK6005	Falling	663	421	полные	полные	linguistic	_	_	_
663-8	SPK6005	Falling	663	421	по	по	linguistic	_	_	_
663-9	SPK6005	Falling	663	421	пятьсот	пятьсот	linguistic	_	_	_
663-10	SPK6005	Falling	663	421	человек	человек	linguistic	_	_	_
663-11	SPK6005	Falling	663	421	все	все	linguistic	_	_	_
663-12	SPK6005	Falling	663	421	зовут.	зовут	linguistic	_	_	End=693.599
664-0	SPK6005	Continuing	664	422	В	В	linguistic	_	_	Begin=694.533
664-1	SPK6005	Continuing	664	422	кредиты	кредиты	linguistic	_	_	_
664-2	SPK6005	Continuing	664	422	залетают,	залетают	linguistic	_	_	End=695.655
665-0	SPK6005	Falling	665	423	по	по	linguistic	_	_	Begin=695.655
665-1	SPK6005	Falling	665	423	нескольку	нескольку	linguistic	_	_	_
665-2	SPK6005	Falling	665	423	лет	лет	linguistic	_	_	_
665-3	SPK6005	Falling	665	423	выплачивают.	выплачивают	linguistic	_	_	End=697.735
666-0	SPK6004	Continuing	666	424	Бізде	Бізде	linguistic	_	_	Begin=695.785
666-1	SPK6004	Continuing	666	424	екі	екі	linguistic	_	_	_
666-2	SPK6004	Continuing	666	424	жүз,	жүз	linguistic	_	_	End=697.02
667-0	SPK6004	Continuing	667	424	екі	екі	linguistic	_	_	Begin=697.853
667-1	SPK6004	Continuing	667	424	жүз	жүз	linguistic	_	_	_
667-2	SPK6004	Continuing	667	424	адам	адам	linguistic	_	_	_
667-3	SPK6004	Continuing	667	424	болды,	болды	linguistic	_	_	End=698.575
668-0	SPK6004	Falling	668	425	двести	двести	linguistic	_	_	Begin=698.575
668-1	SPK6004	Falling	668	425	человек	человек	linguistic	_	_	_
668-2	SPK6004	Falling	668	425	было.	было	linguistic	_	_	End=699.655
669-0	SPK6005	Falling	669	426	Вот.	Вот	linguistic	_	_	Begin=700.184|End=700.716
670-0	SPK6005	Continuing	670	427	А	А	linguistic	_	_	Begin=700.826
670-1	SPK6005	Continuing	670	427	вот	вот	linguistic	_	_	_
670-2	SPK6005	Continuing	670	427	сейчас,	сейчас	linguistic	_	_	End=701.445
671-0	SPK6005	Rising	671	428	в	в	linguistic	_	_	Begin=701.583
671-1	SPK6005	Rising	671	428	городе	городе	linguistic	_	_	_
671-2	SPK6005	Rising	671	428	хорошо?	хорошо	linguistic	_	_	End=702.697
672-0	SPK6005	Continuing	672	429	Пятьдесят	Пятьдесят	linguistic	_	_	Begin=702.922
672-1	SPK6005	Continuing	672	429	человек	человек	linguistic	_	_	_
672-2	SPK6005	Continuing	672	429	сказали,	сказали	linguistic	_	_	End=704.346
673-0	SPK6005	Falling	673	430	или	или	linguistic	_	_	Begin=704.346
673-1	SPK6005	Falling	673	430	шестьдесят	шестьдесят	linguistic	_	_	_
673-2	SPK6005	Falling	673	430	все.	все	linguistic	_	_	End=705.282
674-0	SPK6005	Falling	674	431	Хватит.	Хватит	linguistic	_	_	Begin=705.582|End=705.852
675-0	SPK6005	Rising	675	432	Да?	Да	linguistic	_	_	Begin=706.277|End=706.607
676-0	SPK6005	Continuing	676	433	И	И	linguistic	_	_	Begin=707.113
676-1	SPK6005	Continuing	676	433	то	то	linguistic	_	_	_
676-2	SPK6005	Continuing	676	433	нормально	нормально	linguistic	_	_	_
676-3	SPK6005	Continuing	676	433	же,	же	linguistic	_	_	End=708.023
677-0	SPK6005	Falling	677	434	много.	много	linguistic	_	_	Begin=708.023|End=708.655
678-0	SPK6004	Falling	678	_	Мхм.	Мхм	linguistic	_	_	Begin=708.53|End=708.855
679-0	SPK6005	Continuing	679	435	А	А	linguistic	_	_	Begin=709.887
679-1	SPK6005	Continuing	679	435	то	то	linguistic	_	_	_
679-2	SPK6005	Continuing	679	435	пятьсот	пятьсот	linguistic	_	_	_
679-3	SPK6005	Continuing	679	435	человек	человек	linguistic	_	_	_
679-4	SPK6005	Continuing	679	435	позовет,	позовет	linguistic	_	_	End=711.38
680-0	SPK6005	Continuing	680	436	и	и	linguistic	_	_	Begin=711.38
680-1	SPK6005	Continuing	680	436	друг	друг	linguistic	_	_	_
680-2	SPK6005	Continuing	680	436	друга	друга	linguistic	_	_	_
680-3	SPK6005	Continuing	680	436	никто	никто	linguistic	_	_	_
680-4	SPK6005	Continuing	680	436	не	не	linguistic	_	_	_
680-5	SPK6005	Continuing	680	436	знает,	знает	linguistic	_	_	End=713.185
681-0	SPK6005	Continuing	681	437	просто	просто	linguistic	_	_	Begin=713.185
681-1	SPK6005	Continuing	681	437	там,	там	linguistic	_	_	End=713.85
682-0	SPK6005	Continuing	682	438	шум	шум	linguistic	_	_	Begin=713.85
682-1	SPK6005	Continuing	682	438	гам,	гам	linguistic	_	_	End=714.825
683-0	SPK6005	Continuing	683	439	просто,	просто	linguistic	_	_	Begin=714.825|End=715.217
684-0	SPK6004	Continuing	684	440	Пятьсот,	Пятьсот	linguistic	_	_	Begin=716.935|End=717.465
685-0	SPK6004	Continuing	685	440	енді,	енді	linguistic	_	_	Begin=717.465|End=717.91
686-0	SPK6004	Falling	686	441	слишком	слишком	linguistic	_	_	Begin=717.924
686-1	SPK6004	Falling	686	441	көп	көп	linguistic	_	_	_
686-2	SPK6004	Falling	686	441	қой.	қой	linguistic	_	_	End=718.989
687-0	SPK6005	Continuing	687	442	А	А	linguistic	_	_	Begin=717.944
687-1	SPK6005	Continuing	687	442	некоторые	некоторые	linguistic	_	_	_
687-2	SPK6005	Continuing	687	442	когда,	когда	linguistic	_	_	End=718.989
688-0	SPK6005	Continuing	688	443	никто	никто	linguistic	_	_	Begin=719.115
688-1	SPK6005	Continuing	688	443	никого	никого	linguistic	_	_	_
688-2	SPK6005	Continuing	688	443	не	не	linguistic	_	_	_
688-3	SPK6005	Continuing	688	443	знает,	знает	linguistic	_	_	End=720.415
689-0	SPK6005	Continuing	689	444	специально	специально	linguistic	_	_	Begin=720.948
689-1	SPK6005	Continuing	689	444	ходят,	ходят	linguistic	_	_	End=721.878
690-0	SPK6004	Falling	690	445	Иә.	Иә	linguistic	_	_	Begin=720.955|End=721.155
691-0	SPK6004	Falling	691	_	Мхм.	Мхм	linguistic	_	_	Begin=722.352|End=722.797
692-0	SPK6005	Continuing	692	446	по	по	linguistic	_	_	Begin=722.367
692-1	SPK6005	Continuing	692	446	ресторанам,	ресторанам	linguistic	_	_	End=723.51
693-0	SPK6004	Falling	693	447	Иә.	Иә	linguistic	_	_	Begin=723.13|End=723.52
694-0	SPK6005	Continuing	694	448	просто,	просто	linguistic	_	_	Begin=724.367|End=724.817
695-0	SPK6004	Falling	695	_	Мхм.	Мхм	linguistic	_	_	Begin=725.199|End=725.684
696-0	SPK6005	Falling	696	449	чтобы	чтобы	linguistic	_	_	Begin=725.204
696-1	SPK6005	Falling	696	449	поку:шать.	покушать	linguistic	_	Prolongation=3	End=726.119
697-0	SPK6004	Falling	697	_	Иә	Иә	linguistic	_	_	Begin=726.331|End=726.816
698-0	SPK6005	Continuing	698	450	А	А	linguistic	_	_	Begin=726.331
698-1	SPK6005	Continuing	698	450	те	те	linguistic	_	_	_
698-2	SPK6005	Continuing	698	450	же	же	linguistic	_	_	_
698-3	SPK6005	Continuing	698	450	не	не	linguistic	_	_	_
698-4	SPK6005	Continuing	698	450	знают	знают	linguistic	_	_	End=727.566
699-0	SPK6005	Continuing	699	451	кто	кто	linguistic	_	_	Begin=727.566
699-1	SPK6005	Continuing	699	451	пришел,	пришел	linguistic	_	_	End=728.505
700-0	SPK6005	Continuing	700	452	от	от	linguistic	_	_	Begin=728.505
700-1	SPK6005	Continuing	700	452	кого	кого	linguistic	_	_	_
700-2	SPK6005	Continuing	700	452	пришел,	пришел	linguistic	_	_	End=729.471
701-0	SPK6005	Falling	701	453	пятьсот	пятьсот	linguistic	_	_	Begin=729.977
701-1	SPK6005	Falling	701	453	человек.	человек	linguistic	_	_	End=731.217
702-0	SPK6003	undefined	702	454	@@	@@	linguistic	_	_	Begin=730.589|End=730.894
703-0	SPK6003	Falling	703	454	Бізде	Бізде	linguistic	_	_	Begin=730.898
703-1	SPK6003	Falling	703	454	күлкі	күлкі	linguistic	_	_	_
703-2	SPK6003	Falling	703	454	болды.	болды	linguistic	_	_	End=731.94
704-0	SPK6005	Continuing	704	455	Да,	Да	linguistic	_	_	Begin=732.265|End=732.73
705-0	SPK6005	Falling	705	456	вот	вот	linguistic	_	_	Begin=732.73
705-1	SPK6005	Falling	705	456	такие	такие	linguistic	_	_	_
705-2	SPK6005	Falling	705	456	есть.	есть	linguistic	_	_	End=733.596
706-0	SPK6004	Continuing	706	457	А,	А	linguistic	_	_	Begin=733.347|End=733.597
707-0	SPK6004	Continuing	707	458	осы	осы	linguistic	_	_	Begin=733.597
707-1	SPK6004	Continuing	707	458	жақта	жақта	linguistic	_	_	_
707-2	SPK6004	Continuing	707	458	да	да	linguistic	_	_	_
707-3	SPK6004	Continuing	707	458	не	не	linguistic	_	_	_
707-4	SPK6004	Continuing	707	458	болды,	болды	linguistic	_	_	End=734.652
708-0	SPK6004	Continuing	708	458	мен	мен	linguistic	_	_	Begin=734.802
708-1	SPK6004	Continuing	708	458	өткенде,	өткенде	linguistic	_	_	End=735.552
709-0	SPK6004	Continuing	709	458	осы	осы	linguistic	_	_	Begin=735.556
709-1	SPK6004	Continuing	709	458	жаққа	жаққа	linguistic	_	_	_
709-2	SPK6004	Continuing	709	458	неге	неге	linguistic	_	_	_
709-3	SPK6004	Continuing	709	458	келдім	келдім	linguistic	_	_	_
709-4	SPK6004	Continuing	709	458	ғой,	ғой	linguistic	_	_	End=736.725
710-0	SPK6004	Falling	710	458	елу	елу	linguistic	_	_	Begin=736.725
710-1	SPK6004	Falling	710	458	жасқа	жасқа	linguistic	_	_	_
710-2	SPK6004	Falling	710	458	келдім	келдім	linguistic	_	_	_
710-3	SPK6004	Falling	710	458	ғой	ғой	linguistic	_	_	_
710-4	SPK6004	Falling	710	458	тойға.	тойға	linguistic	_	_	End=738.001
711-0	SPK6003	Falling	711	459	Аха.	Аха	linguistic	_	_	Begin=737.631|End=737.996
712-0	SPK6004	Falling	712	460	Сонымен	Сонымен	linguistic	_	_	Begin=738.838
712-1	SPK6004	Falling	712	460	той	той	linguistic	_	_	_
712-2	SPK6004	Falling	712	460	басталып	басталып	linguistic	_	_	_
712-3	SPK6004	Falling	712	460	кетті.	кетті	linguistic	_	_	End=740.048
713-0	SPK6004	Continuing	713	461	Сосын	Сосын	linguistic	_	_	Begin=740.906
713-1	SPK6004	Continuing	713	461	бір	бір	linguistic	_	_	_
713-2	SPK6004	Continuing	713	461	әйел	әйел	linguistic	_	_	_
713-3	SPK6004	Continuing	713	461	келе	келе	linguistic	_	_	_
713-4	SPK6004	Continuing	713	461	жатыр	жатыр	linguistic	_	_	_
713-5	SPK6004	Continuing	713	461	бүйтіп,	бүйтіп	linguistic	_	_	End=742.011
714-0	SPK6004	Falling	714	461	қолында	қолында	linguistic	_	_	Begin=742.261
714-1	SPK6004	Falling	714	461	сумкасы	сумкасы	linguistic	_	_	_
714-2	SPK6004	Falling	714	461	бар.	бар	linguistic	_	_	End=743.051
715-0	SPK6003	Falling	715	462	Аха.	Аха	linguistic	_	_	Begin=743.525|End=743.845
716-0	SPK6004	Continuing	716	463	Сосын	Сосын	linguistic	_	_	Begin=744.02
716-1	SPK6004	Continuing	716	463	тамада	тамада	linguistic	_	_	_
716-2	SPK6004	Continuing	716	463	айтты,	айтты	linguistic	_	_	End=745.11
717-0	SPK6004	Continuing	717	463	апа	апа	linguistic	_	_	Begin=745.11
717-1	SPK6004	Continuing	717	463	сіз	сіз	linguistic	_	_	_
717-2	SPK6004	Continuing	717	463	кешікккен	кешікккен	linguistic	_	_	_
717-3	SPK6004	Continuing	717	463	жоқсыз,	жоқсыз	linguistic	_	_	End=746.525
718-0	SPK6004	Continuing	718	463	біз	біз	linguistic	_	_	Begin=746.525
718-1	SPK6004	Continuing	718	463	просто,	просто	linguistic	_	_	End=747.324
719-0	SPK6004	Continuing	719	464	ерте,	ерте	linguistic	_	_	Begin=747.802|End=748.225
720-0	SPK6004	Continuing	720	464	не,	не	linguistic	_	_	Begin=748.225|End=748.483
721-0	SPK6004	Continuing	721	464	қойдық,	қойдық	linguistic	_	_	Begin=748.603|End=748.873
722-0	SPK6004	Falling	722	464	бастап	бастап	linguistic	_	_	Begin=748.873
722-1	SPK6004	Falling	722	464	қойдық	қойдық	linguistic	_	_	_
722-2	SPK6004	Falling	722	464	деді.	деді	linguistic	_	_	End=749.618
723-0	SPK6003	Falling	723	465	Аха.	Аха	linguistic	_	_	Begin=749.995|End=750.285
724-0	SPK6004	Continuing	724	466	Сосын	Сосын	linguistic	_	_	Begin=750.493
724-1	SPK6004	Continuing	724	466	сіз,	сіз	linguistic	_	_	End=750.995
725-0	SPK6004	Continuing	725	466	кімнің	кімнің	linguistic	_	_	Begin=750.995
725-1	SPK6004	Continuing	725	466	жағы	жағы	linguistic	_	_	_
725-2	SPK6004	Continuing	725	466	боласыз	боласыз	linguistic	_	_	_
725-3	SPK6004	Continuing	725	466	деді,	деді	linguistic	_	_	End=752.145
726-0	SPK6004	Continuing	726	467	ана	ана	linguistic	_	_	Begin=752.799
726-1	SPK6004	Continuing	726	467	әйел	әйел	linguistic	_	_	_
726-2	SPK6004	Continuing	726	467	үндемей	үндемей	linguistic	_	_	_
726-3	SPK6004	Continuing	726	467	қалды	қалды	linguistic	_	_	_
726-4	SPK6004	Continuing	726	467	сосын,	сосын	linguistic	_	_	End=754.119
727-0	SPK6004	Continuing	727	468	ана,	ана	linguistic	_	_	Begin=754.721|End=755.165
728-0	SPK6004	Continuing	728	469	жаққа	жаққа	linguistic	_	_	Begin=755.165
728-1	SPK6004	Continuing	728	469	айтты,	айтты	linguistic	_	_	End=755.849
729-0	SPK6004	Falling	729	470	сіздер	сіздер	linguistic	_	_	Begin=755.867
729-1	SPK6004	Falling	729	470	танисыздар	танисыздар	linguistic	_	_	_
729-2	SPK6004	Falling	729	470	ма	ма	linguistic	_	_	_
729-3	SPK6004	Falling	729	470	деді	деді	linguistic	_	_	_
729-4	SPK6004	Falling	729	470	жоқ.	жоқ	linguistic	_	_	End=757.192
730-0	SPK6004	Continuing	730	471	Сосын,	Сосын	linguistic	_	_	Begin=757.857|End=758.087
731-0	SPK6004	Continuing	731	471	біз	біз	linguistic	_	_	Begin=758.092
731-1	SPK6004	Continuing	731	471	жақтан	жақтан	linguistic	_	_	_
731-2	SPK6004	Continuing	731	471	айтты,	айтты	linguistic	_	_	End=759.11
732-0	SPK6004	Falling	732	471	сіздер	сіздер	linguistic	_	_	Begin=759.11
732-1	SPK6004	Falling	732	471	танисыздар	танисыздар	linguistic	_	_	_
732-2	SPK6004	Falling	732	471	жоқ	жоқ	linguistic	_	_	_
732-3	SPK6004	Falling	732	471	деді.	деді	linguistic	_	_	End=760.157
733-0	SPK6003	Falling	733	472	Ааа.	Ааа	linguistic	_	_	Begin=760.701|End=761.401
734-0	SPK6004	Falling	734	473	Сол.	Сол	linguistic	_	_	Begin=760.88|End=761.477
735-0	SPK6005	undefined	735	_	@@@	@@@	linguistic	_	_	Begin=761.55|End=762.49
736-0	SPK6004	Continuing	736	474	А,	А	linguistic	_	_	Begin=761.855|End=762.195
737-0	SPK6004	Continuing	737	474	онда,	онда	linguistic	_	_	Begin=762.195|End=762.526
738-0	SPK6004	Continuing	738	474	мен,	мен	linguistic	_	_	Begin=762.711|End=763.095
739-0	SPK6003	undefined	739	_	@@@	@@@	linguistic	_	_	Begin=762.895|End=763.596
740-0	SPK6004	Falling	740	474	шатасқанбын	шатасқанбын	linguistic	_	_	Begin=763.095
740-1	SPK6004	Falling	740	474	ғой	ғой	linguistic	_	_	_
740-2	SPK6004	Falling	740	474	деп	деп	linguistic	_	_	_
740-3	SPK6004	Falling	740	474	шығып	шығып	linguistic	_	_	_
740-4	SPK6004	Falling	740	474	кетті	кетті	linguistic	_	_	_
740-5	SPK6004	Falling	740	474	ана	ана	linguistic	_	_	_
740-6	SPK6004	Falling	740	474	әйел.	әйел	linguistic	_	_	End=765.063
741-0	SPK6003	Continuing	741	475	Я	Я	linguistic	_	_	Begin=765.236
741-1	SPK6003	Continuing	741	475	сейчас	сейчас	linguistic	_	_	_
741-2	SPK6003	Continuing	741	475	тебе	тебе	linguistic	_	_	_
741-3	SPK6003	Continuing	741	475	расскажу,	расскажу	linguistic	_	_	End=766.686
742-0	SPK6003	Continuing	742	476	қалай	қалай	linguistic	_	_	Begin=766.826
742-1	SPK6003	Continuing	742	476	ауылда,	ауылда	linguistic	_	_	End=767.64
743-0	SPK6003	Falling	743	476	қандай	қандай	linguistic	_	_	Begin=767.64
743-1	SPK6003	Falling	743	476	күлкі	күлкі	linguistic	_	_	_
743-2	SPK6003	Falling	743	476	болды.	болды	linguistic	_	_	End=768.827
744-0	SPK6003	Continuing	744	_	Эээ,	Эээ	linguistic	_	_	Begin=769.291|End=769.621
745-0	SPK6003	Continuing	745	477	у	у	linguistic	_	_	Begin=769.665
745-1	SPK6003	Continuing	745	477	нас	нас	linguistic	_	_	_
745-2	SPK6003	Continuing	745	477	екінші	екінші	linguistic	_	_	_
745-3	SPK6003	Continuing	745	477	мамасының	мамасының	linguistic	_	_	_
745-4	SPK6003	Continuing	745	477	сестрасы	сестрасы	linguistic	_	_	_
745-5	SPK6003	Continuing	745	477	бар	бар	linguistic	_	_	_
745-6	SPK6003	Continuing	745	477	ғой,	ғой	linguistic	_	_	End=771.9
746-0	SPK6003	Continuing	746	478	сестренка,	сестренка	linguistic	_	_	Begin=772.38|End=772.96
747-0	SPK6003	Continuing	747	479	орысқа	орысқа	linguistic	_	_	Begin=773.758
747-1	SPK6003	Continuing	747	479	тиген,	тиген	linguistic	_	_	End=774.588
748-0	SPK6004	Falling	748	_	Мхм.	Мхм	linguistic	_	_	Begin=774.995|End=775.24
749-0	SPK6003	Continuing	749	_	эээ,	эээ	linguistic	_	_	Begin=775.589|End=776.208
750-0	SPK6003	Falling	750	480	у	у	linguistic	_	_	Begin=776.554
750-1	SPK6003	Falling	750	480	нее	нее	linguistic	_	_	_
750-2	SPK6003	Falling	750	480	дочка	дочка	linguistic	_	_	_
750-3	SPK6003	Falling	750	480	замуж	замуж	linguistic	_	_	_
750-4	SPK6003	Falling	750	480	вышла	вышла	linguistic	_	_	_
750-5	SPK6003	Falling	750	480	за	за	linguistic	_	_	_
750-6	SPK6003	Falling	750	480	немца.	немца	linguistic	_	_	End=778.813
751-0	SPK6003	Continuing	751	481	А	А	linguistic	_	_	Begin=779.143
751-1	SPK6003	Continuing	751	481	олда	олда	linguistic	_	_	_
751-2	SPK6003	Continuing	751	481	бір,	бір	linguistic	_	_	End=779.896
752-0	SPK6003	Continuing	752	482	короче	короче	linguistic	_	_	Begin=780.308
752-1	SPK6003	Continuing	752	482	оларға	оларға	linguistic	_	_	_
752-2	SPK6003	Continuing	752	482	айтыпты,	айтыпты	linguistic	_	_	End=781.545
753-0	SPK6003	Continuing	753	483	ммм,	ммм	disfluency	_	_	Begin=781.545|End=782.522
754-0	SPK6003	Falling	754	484	свадьба.	свадьба	linguistic	_	_	Begin=783.6|End=784.145
755-0	SPK6004	Falling	755	_	Мхм.	Мхм	linguistic	_	_	Begin=784.537|End=784.987
756-0	SPK6003	undefined	756	485	то–	то–	linguistic	_	_	Begin=784.544|End=784.814
757-0	SPK6003	Continuing	757	485	ну	ну	linguistic	_	_	Begin=784.814
757-1	SPK6003	Continuing	757	485	тоже	тоже	linguistic	_	_	_
757-2	SPK6003	Continuing	757	485	вот	вот	linguistic	_	_	_
757-3	SPK6003	Continuing	757	485	у	у	linguistic	_	_	_
757-4	SPK6003	Continuing	757	485	русских,	русских	linguistic	_	_	End=786.066
758-0	SPK6003	Continuing	758	486	русские,	русские	linguistic	_	_	Begin=786.066|End=786.8
759-0	SPK6003	Continuing	759	487	немцы,	немцы	linguistic	_	_	Begin=786.8|End=787.295
760-0	SPK6003	undefined	760	488	сондай	сондай	linguistic	_	_	Begin=787.295
760-1	SPK6003	undefined	760	488	бо–	бо–	linguistic	_	_	End=787.96
761-0	SPK6003	Falling	761	489	онда	онда	linguistic	_	_	Begin=787.96
761-1	SPK6003	Falling	761	489	пополам	пополам	linguistic	_	_	_
761-2	SPK6003	Falling	761	489	тоже	тоже	linguistic	_	_	_
761-3	SPK6003	Falling	761	489	болды	болды	linguistic	_	_	_
761-4	SPK6003	Falling	761	489	сондай.	сондай	linguistic	_	_	End=789.473
762-0	SPK6004	Falling	762	_	Мхм.	Мхм	linguistic	_	_	Begin=789.673|End=790.276
763-0	SPK6003	Continuing	763	490	И	И	linguistic	_	_	Begin=790.448
763-1	SPK6003	Continuing	763	490	короче,	короче	linguistic	_	_	End=791.099
764-0	SPK6003	Continuing	764	491	мало	мало	linguistic	_	_	Begin=792.613
764-1	SPK6003	Continuing	764	491	людей,	людей	linguistic	_	_	End=793.518
765-0	SPK6003	Continuing	765	492	но	но	linguistic	_	_	Begin=793.578
765-1	SPK6003	Continuing	765	492	свадьба	свадьба	linguistic	_	_	_
765-2	SPK6003	Continuing	765	492	нормально,	нормально	linguistic	_	_	End=794.595
766-0	SPK6003	Continuing	766	493	провели,	провели	linguistic	_	_	Begin=794.595|End=795.115
767-0	SPK6003	Continuing	767	494	и	и	linguistic	_	_	Begin=795.534
767-1	SPK6003	Continuing	767	494	короче,	короче	linguistic	_	_	End=796.053
768-0	SPK6003	Continuing	768	495	молодежь,	молодежь	linguistic	_	_	Begin=796.654|End=797.381
769-0	SPK6003	Continuing	769	496	ауылда,	ауылда	linguistic	_	_	Begin=798.103|End=798.668
770-0	SPK6003	Continuing	770	497	любой	любой	linguistic	_	_	Begin=799.398
770-1	SPK6003	Continuing	770	497	тойына	тойына	linguistic	_	_	_
770-2	SPK6003	Continuing	770	497	кіре	кіре	linguistic	_	_	_
770-3	SPK6003	Continuing	770	497	береді	береді	linguistic	_	_	_
770-4	SPK6003	Continuing	770	497	да,	да	linguistic	_	_	End=801.058
771-0	SPK6004	Falling	771	_	Иә.	Иә	linguistic	_	_	Begin=801.315|End=801.47
772-0	SPK6003	Continuing	772	497	отыра	отыра	linguistic	_	_	Begin=801.51
772-1	SPK6003	Continuing	772	497	береді,	береді	linguistic	_	_	End=802.05
773-0	SPK6003	Continuing	773	498	короче,	короче	linguistic	_	_	Begin=802.536|End=802.821
774-0	SPK6003	Continuing	774	499	и,	и	linguistic	_	_	Begin=803.713|End=804.208
775-0	SPK6003	Continuing	775	500	ээ,	ээ	linguistic	_	_	Begin=805.698|End=806.558
776-0	SPK6003	undefined	776	501	она	она	linguistic	_	_	Begin=806.558
776-1	SPK6003	undefined	776	501	один	один	linguistic	_	_	_
776-2	SPK6003	undefined	776	501	ра–	ра–	linguistic	_	_	End=807.225
777-0	SPK6003	Continuing	777	502	она	она	linguistic	_	_	Begin=807.225
777-1	SPK6003	Continuing	777	502	уже,	уже	linguistic	_	_	End=807.912
778-0	SPK6003	Continuing	778	503	после	после	linguistic	_	_	Begin=808.154
778-1	SPK6003	Continuing	778	503	двенадцати,	двенадцати	linguistic	_	_	End=809.071
779-0	SPK6003	Continuing	779	504	көйлек	көйлек	linguistic	_	_	Begin=809.514
779-1	SPK6003	Continuing	779	504	шешіп,	шешіп	linguistic	_	_	End=810.223
780-0	SPK6003	Continuing	780	505	переоделась,	переоделась	linguistic	_	_	Begin=810.433|End=811.188
781-0	SPK6004	Falling	781	_	Иә.	Иә	linguistic	_	_	Begin=811.543|End=811.793
782-0	SPK6003	Continuing	782	506	и	и	linguistic	_	_	Begin=812.579
782-1	SPK6003	Continuing	782	506	этот,	этот	linguistic	_	_	End=813.162
783-0	SPK6003	Continuing	783	507	уже	уже	linguistic	_	_	Begin=815.016
783-1	SPK6003	Continuing	783	507	там	там	linguistic	_	_	_
783-2	SPK6003	Continuing	783	507	аа,	аа	linguistic	_	_	End=815.895
784-0	SPK6003	Continuing	784	508	люди	люди	linguistic	_	_	Begin=815.895
784-1	SPK6003	Continuing	784	508	же	же	linguistic	_	_	_
784-2	SPK6003	Continuing	784	508	сидят	сидят	linguistic	_	_	_
784-3	SPK6003	Continuing	784	508	до	до	linguistic	_	_	_
784-4	SPK6003	Continuing	784	508	сих	сих	linguistic	_	_	_
784-5	SPK6003	Continuing	784	508	пор,	пор	linguistic	_	_	End=817.155
785-0	SPK6004	Falling	785	_	Мхм.	Мхм	linguistic	_	_	Begin=816.97|End=817.335
786-0	SPK6003	Continuing	786	509	и	и	linguistic	_	_	Begin=817.155
786-1	SPK6003	Continuing	786	509	уже,	уже	linguistic	_	_	End=817.717
787-0	SPK6003	Continuing	787	510	кучка,	кучка	linguistic	_	_	Begin=818.122|End=818.62
788-0	SPK6003	Continuing	788	511	ребят	ребят	linguistic	_	_	Begin=818.62
788-1	SPK6003	Continuing	788	511	сидят,	сидят	linguistic	_	_	End=819.528
789-0	SPK6003	Continuing	789	511	ну,	ну	linguistic	_	_	Begin=819.537|End=819.895
790-0	SPK6003	Continuing	790	513	девчонки,	девчонки	linguistic	_	_	Begin=819.895|End=820.485
791-0	SPK6003	Continuing	791	514	пацаны,	пацаны	linguistic	_	_	Begin=820.485|End=821.14
792-0	SPK6003	Continuing	792	515	сидят	сидят	linguistic	_	_	Begin=821.14
792-1	SPK6003	Continuing	792	515	там,	там	linguistic	_	_	End=821.793
793-0	SPK6003	Continuing	793	515	уже,	уже	linguistic	_	_	Begin=821.902|End=822.147
794-0	SPK6003	Continuing	794	517	ку:шают	кушают	linguistic	_	Prolongation=1	Begin=822.301
794-1	SPK6003	Continuing	794	517	там	там	linguistic	_	_	_
794-2	SPK6003	Continuing	794	517	вовсю,	вовсю	linguistic	_	_	End=823.645
795-0	SPK6003	Continuing	795	518	болтают,	болтают	linguistic	_	_	Begin=823.645|End=824.205
796-0	SPK6003	Continuing	796	519	балдеют	балдеют	linguistic	_	_	Begin=824.205
796-1	SPK6003	Continuing	796	519	короче,	короче	linguistic	_	_	End=824.83
797-0	SPK6003	Continuing	797	520	ну	ну	linguistic	_	_	Begin=824.995
797-1	SPK6003	Continuing	797	520	там,	там	linguistic	_	_	End=825.355
798-0	SPK6003	Falling	798	521	столы	столы	linguistic	_	_	Begin=825.355
798-1	SPK6003	Falling	798	521	же	же	linguistic	_	_	_
798-2	SPK6003	Falling	798	521	стоят.	стоят	linguistic	_	_	End=826.047
799-0	SPK6003	Continuing	799	522	И	И	linguistic	_	_	Begin=827.426
799-1	SPK6003	Continuing	799	522	что-то,	что-то	linguistic	_	_	End=827.993
800-0	SPK6003	Continuing	800	523	что-то	что-то	linguistic	_	_	Begin=827.993
800-1	SPK6003	Continuing	800	523	она	она	linguistic	_	_	_
800-2	SPK6003	Continuing	800	523	спросила,	спросила	linguistic	_	_	End=829.337
801-0	SPK6003	Continuing	801	524	а	а	linguistic	_	_	Begin=829.747
801-1	SPK6003	Continuing	801	524	они	они	linguistic	_	_	_
801-2	SPK6003	Continuing	801	524	ей	ей	linguistic	_	_	_
801-3	SPK6003	Continuing	801	524	говорят,	говорят	linguistic	_	_	End=830.535
802-0	SPK6003	Continuing	802	525	ой	ой	linguistic	_	_	Begin=830.535
802-1	SPK6003	Continuing	802	525	ты	ты	linguistic	_	_	_
802-2	SPK6003	Continuing	802	525	кто	кто	linguistic	_	_	_
802-3	SPK6003	Continuing	802	525	такая,	такая	linguistic	_	_	End=831.31
803-0	SPK6003	Continuing	803	526	она	она	linguistic	_	_	Begin=831.439
803-1	SPK6003	Continuing	803	526	говорит,	говорит	linguistic	_	_	End=831.849
804-0	SPK6003	Falling	804	527	ну	ну	linguistic	_	_	Begin=831.849
804-1	SPK6003	Falling	804	527	вообще-то	вообще-то	linguistic	_	_	_
804-2	SPK6003	Falling	804	527	это	это	linguistic	_	_	_
804-3	SPK6003	Falling	804	527	моя	моя	linguistic	_	_	_
804-4	SPK6003	Falling	804	527	свадьба.	свадьба	linguistic	_	_	End=833.73
805-0	SPK6004	undefined	805	_	@@@	@@@	linguistic	_	_	Begin=834.012|End=834.487
806-0	SPK6003	undefined	806	528	Они	Они	linguistic	_	_	Begin=834.355
806-1	SPK6003	undefined	806	528	на	на	linguistic	_	_	_
806-2	SPK6003	undefined	806	528	нее	нее	linguistic	_	_	End=835.575
807-0	SPK6003	undefined	807	_	@@	@@	linguistic	_	_	Begin=835.68|End=836.525
808-0	SPK6003	Continuing	808	529	и	и	linguistic	_	_	Begin=836.58
808-1	SPK6003	Continuing	808	529	такие	такие	linguistic	_	_	_
808-2	SPK6003	Continuing	808	529	сидят,	сидят	linguistic	_	_	End=837.336
809-0	SPK6003	Continuing	809	530	а	а	linguistic	_	_	Begin=837.506
809-1	SPK6003	Continuing	809	530	там	там	linguistic	_	_	_
809-2	SPK6003	Continuing	809	530	оказывается	оказывается	linguistic	_	_	_
809-3	SPK6003	Continuing	809	530	моя	моя	linguistic	_	_	_
809-4	SPK6003	Continuing	809	530	одноклассница	одноклассница	linguistic	_	_	_
809-5	SPK6003	Continuing	809	530	¬Катька	Катька	linguistic	_	Anonymized=Yes	_
809-6	SPK6003	Continuing	809	530	была,	была	linguistic	_	_	End=840.214
810-0	SPK6003	Continuing	810	531	она	она	linguistic	_	_	Begin=840.64
810-1	SPK6003	Continuing	810	531	говорит,	говорит	linguistic	_	_	End=841.07
811-0	SPK6003	undefined	811	532	вас	вас	linguistic	_	_	Begin=841.125
811-1	SPK6003	undefined	811	532	же	же	linguistic	_	_	_
811-2	SPK6003	undefined	811	532	говорит	говорит	linguistic	_	_	_
811-3	SPK6003	undefined	811	532	¬Катька	Катька	linguistic	_	Anonymized=Yes	_
811-4	SPK6003	undefined	811	532	зо–	зо–	linguistic	_	_	End=842.548
812-0	SPK6003	Continuing	812	533	ходит	ходит	linguistic	_	_	Begin=842.548
812-1	SPK6003	Continuing	812	533	с	с	linguistic	_	_	_
812-2	SPK6003	Continuing	812	533	этими	этими	linguistic	_	_	_
812-3	SPK6003	Continuing	812	533	говорит,	говорит	linguistic	_	_	End=843.705
813-0	SPK6003	Continuing	813	534	с	с	linguistic	_	_	Begin=843.705
813-1	SPK6003	Continuing	813	534	пацана:ми	пацанами	linguistic	_	Prolongation=5	_
813-2	SPK6003	Continuing	813	534	говорит,	говорит	linguistic	_	_	End=844.765
814-0	SPK6003	Continuing	814	535	вот	вот	linguistic	_	_	Begin=844.765
814-1	SPK6003	Continuing	814	535	они	они	linguistic	_	_	_
814-2	SPK6003	Continuing	814	535	говорит,	говорит	linguistic	_	_	End=845.496
815-0	SPK6003	Continuing	815	536	вот	вот	linguistic	_	_	Begin=845.72
815-1	SPK6003	Continuing	815	536	так,	так	linguistic	_	_	End=846.02
816-0	SPK6003	Continuing	816	537	молодежь,	молодежь	linguistic	_	_	Begin=846.521|End=847.155
817-0	SPK6003	Falling	817	538	ходит	ходит	linguistic	_	_	Begin=847.155
817-1	SPK6003	Falling	817	538	и	и	linguistic	_	_	_
817-2	SPK6003	Falling	817	538	вот	вот	linguistic	_	_	_
817-3	SPK6003	Falling	817	538	так	так	linguistic	_	_	_
817-4	SPK6003	Falling	817	538	вот.	вот	linguistic	_	_	End=848.066
818-0	SPK6004	Falling	818	_	Ммм.	Ммм	linguistic	_	_	Begin=848.49|End=848.825
819-0	SPK6003	Falling	819	539	Я	Я	linguistic	_	_	Begin=849.07
819-1	SPK6003	Falling	819	539	говорю	говорю	linguistic	_	_	_
819-2	SPK6003	Falling	819	539	надо	надо	linguistic	_	_	_
819-3	SPK6003	Falling	819	539	же.	же	linguistic	_	_	End=850.095
820-0	SPK6003	Falling	820	540	И	И	linguistic	_	_	Begin=851.226
820-1	SPK6003	Falling	820	540	ве–	ве–	linguistic	_	_	_
820-2	SPK6003	Falling	820	540	везде	везде	linguistic	_	_	_
820-3	SPK6003	Falling	820	540	оказывается	оказывается	linguistic	_	_	_
820-4	SPK6003	Falling	820	540	такое	такое	linguistic	_	_	_
820-5	SPK6003	Falling	820	540	есть.	есть	linguistic	_	_	End=853.0
821-0	SPK6005	Continuing	821	541	А,	А	linguistic	_	_	Begin=853.487|End=853.797
822-0	SPK6005	Continuing	822	542	а	а	linguistic	_	_	Begin=853.797
822-1	SPK6005	Continuing	822	542	некоторые	некоторые	linguistic	_	_	_
822-2	SPK6005	Continuing	822	542	вот,	вот	linguistic	_	_	End=854.654
823-0	SPK6005	Continuing	823	543	где-то,	где-то	linguistic	_	_	Begin=855.045|End=855.722
824-0	SPK6005	Continuing	824	544	поминки	поминки	linguistic	_	_	Begin=855.887
824-1	SPK6005	Continuing	824	544	и	и	linguistic	_	_	_
824-2	SPK6005	Continuing	824	544	так	так	linguistic	_	_	_
824-3	SPK6005	Continuing	824	544	далее,	далее	linguistic	_	_	End=856.715
825-0	SPK6005	Falling	825	545	теть	теть	linguistic	_	_	Begin=856.995
825-1	SPK6005	Falling	825	545	Лизе	Лизе	linguistic	_	_	_
825-2	SPK6005	Falling	825	545	поминки	поминки	linguistic	_	_	_
825-3	SPK6005	Falling	825	545	делали.	делали	linguistic	_	_	End=858.59
826-0	SPK6005	Continuing	826	545	там,	там	linguistic	_	_	Begin=858.745|End=858.973
827-0	SPK6005	Continuing	827	547	все	все	linguistic	_	_	Begin=859.271
827-1	SPK6005	Continuing	827	547	разные,	разные	linguistic	_	_	End=860.14
828-0	SPK6005	Continuing	828	548	и	и	linguistic	_	_	Begin=860.236
828-1	SPK6005	Continuing	828	548	казахи,	казахи	linguistic	_	_	End=860.69
829-0	SPK6005	Continuing	829	549	и	и	linguistic	_	_	Begin=860.69
829-1	SPK6005	Continuing	829	549	эти,	эти	linguistic	_	_	End=861.167
830-0	SPK6005	Continuing	830	550	даже	даже	linguistic	_	_	Begin=861.727
830-1	SPK6005	Continuing	830	550	незнакомки	незнакомки	linguistic	_	_	_
830-2	SPK6005	Continuing	830	550	ходят	ходят	linguistic	_	_	_
830-3	SPK6005	Continuing	830	550	потом	потом	linguistic	_	_	_
830-4	SPK6005	Continuing	830	550	сидит,	сидит	linguistic	_	_	End=863.62
831-0	SPK6005	Continuing	831	551	потом	потом	linguistic	_	_	Begin=863.973
831-1	SPK6005	Continuing	831	551	сидит,	сидит	linguistic	_	_	End=864.463
832-0	SPK6005	Continuing	832	552	раз	раз	linguistic	_	_	Begin=864.463
832-1	SPK6005	Continuing	832	552	пакет,	пакет	linguistic	_	_	End=865.479
833-0	SPK6005	Continuing	833	553	это	это	linguistic	_	_	Begin=865.479
833-1	SPK6005	Continuing	833	553	пакет,	пакет	linguistic	_	_	End=866.538
834-0	SPK6005	Continuing	834	554	булочки	булочки	linguistic	_	_	Begin=866.538
834-1	SPK6005	Continuing	834	554	все	все	linguistic	_	_	_
834-2	SPK6005	Continuing	834	554	вот	вот	linguistic	_	_	_
834-3	SPK6005	Continuing	834	554	так,	так	linguistic	_	_	End=867.855
835-0	SPK6003	Continuing	835	555	Больше	Больше	linguistic	_	_	Begin=867.54
835-1	SPK6003	Continuing	835	555	народ	народ	linguistic	_	_	_
835-2	SPK6003	Continuing	835	555	утаскивает,	утаскивает	linguistic	_	_	End=869.081
836-0	SPK6005	undefined	836	556	собирает	собирает	linguistic	_	_	Begin=867.855
836-1	SPK6005	undefined	836	556	и	и	linguistic	_	_	_
836-2	SPK6005	undefined	836	556	все–	все–	linguistic	_	_	End=869.079
837-0	SPK6003	Continuing	837	557	заметила,	заметила	linguistic	_	_	Begin=869.34|End=870.005
838-0	SPK6003	Rising	838	557	да?	да	linguistic	_	_	Begin=870.005|End=870.356
839-0	SPK6003	Continuing	839	559	Алып	Алып	linguistic	_	_	Begin=870.713
839-1	SPK6003	Continuing	839	559	кетеді,	кетеді	linguistic	_	_	End=871.552
840-0	SPK6003	Falling	840	559	өзіне.	өзіне	linguistic	_	_	Begin=871.759|End=872.299
841-0	SPK6005	Continuing	841	560	И	И	linguistic	_	_	Begin=871.76
841-1	SPK6005	Continuing	841	560	даже	даже	linguistic	_	_	_
841-2	SPK6005	Continuing	841	560	не	не	linguistic	_	_	_
841-3	SPK6005	Continuing	841	560	знакомые,	знакомые	linguistic	_	_	End=873.465
842-0	SPK6004	Falling	842	_	Мхм.	Мхм	linguistic	_	_	Begin=873.819|End=874.265
843-0	SPK6005	Continuing	843	561	просто,	просто	linguistic	_	_	Begin=873.822|End=874.3
844-0	SPK6005	Falling	844	562	приходят.	приходят	linguistic	_	_	Begin=874.3|End=874.86
845-0	SPK6004	Falling	845	_	Мхм.	Мхм	linguistic	_	_	Begin=875.064|End=875.384
846-0	SPK6005	Falling	846	563	Их	Их	linguistic	_	_	Begin=875.851
846-1	SPK6005	Falling	846	563	не	не	linguistic	_	_	_
846-2	SPK6005	Falling	846	563	знаем	знаем	linguistic	_	_	_
846-3	SPK6005	Falling	846	563	даже.	даже	linguistic	_	_	End=877.272
847-0	SPK6005	Falling	847	564	Вот	Вот	linguistic	_	_	Begin=878.138
847-1	SPK6005	Falling	847	564	так.	так	linguistic	_	_	End=878.563
848-0	SPK6003	Continuing	848	565	Это	Это	linguistic	_	_	Begin=878.963
848-1	SPK6003	Continuing	848	565	народ	народ	linguistic	_	_	_
848-2	SPK6003	Continuing	848	565	голодный,	голодный	linguistic	_	_	End=880.389
849-0	SPK6003	Continuing	849	566	негізі,	негізі	linguistic	_	_	Begin=880.543|End=881.095
850-0	SPK6003	Rising	850	566	да?	да	linguistic	_	_	Begin=881.21|End=881.47
851-0	SPK6005	Falling	851	568	Да.	Да	linguistic	_	_	Begin=882.345|End=882.669
852-0	SPK6003	Falling	852	569	Если	Если	linguistic	_	_	Begin=883.005
852-1	SPK6003	Falling	852	569	народ	народ	linguistic	_	_	_
852-2	SPK6003	Falling	852	569	сытый	сытый	linguistic	_	_	_
852-3	SPK6003	Falling	852	569	болса	болса	linguistic	_	_	_
852-4	SPK6003	Falling	852	569	ондай	ондай	linguistic	_	_	_
852-5	SPK6003	Falling	852	569	істемейді	істемейді	linguistic	_	_	_
852-6	SPK6003	Falling	852	569	ғой.	ғой	linguistic	_	_	End=885.303
853-0	SPK6004	Falling	853	_	Иә.	Иә	linguistic	_	_	Begin=885.513|End=885.997
854-0	SPK6005	undefined	854	570	Да:	Да	linguistic	_	Prolongation=1	Begin=888.175|End=888.79
855-0	SPK6005	Continuing	855	571	Тогда	Тогда	linguistic	_	_	Begin=889.063
855-1	SPK6005	Continuing	855	571	вот,	вот	linguistic	_	_	End=889.675
856-0	SPK6005	Continuing	856	572	мы	мы	linguistic	_	_	Begin=889.933
856-1	SPK6005	Continuing	856	572	же,	же	linguistic	_	_	End=890.36
857-0	SPK6005	Continuing	857	573	большой	большой	linguistic	_	_	Begin=890.36
857-1	SPK6005	Continuing	857	573	казан	казан	linguistic	_	_	_
857-2	SPK6005	Continuing	857	573	плов	плов	linguistic	_	_	_
857-3	SPK6005	Continuing	857	573	делали,	делали	linguistic	_	_	End=892.034
858-0	SPK6005	undefined	858	574	тоже	тоже	linguistic	_	_	Begin=892.037
858-1	SPK6005	undefined	858	574	подеш–	подеш–	linguistic	_	_	End=892.917
859-0	SPK6005	Continuing	859	575	Всем	Всем	linguistic	_	_	Begin=893.812
859-1	SPK6005	Continuing	859	575	все,	все	linguistic	_	_	End=894.727
860-0	SPK6005	Continuing	860	576	это,	это	linguistic	_	_	Begin=895.107|End=895.627
861-0	SPK6005	Continuing	861	577	которые	которые	linguistic	_	_	Begin=896.516
861-1	SPK6005	Continuing	861	577	уходили	уходили	linguistic	_	_	_
861-2	SPK6005	Continuing	861	577	все	все	linguistic	_	_	_
861-3	SPK6005	Continuing	861	577	вот	вот	linguistic	_	_	_
861-4	SPK6005	Continuing	861	577	так,	так	linguistic	_	_	End=897.991
862-0	SPK6005	Continuing	862	578	по	по	linguistic	_	_	Begin=897.991
862-1	SPK6005	Continuing	862	578	пакетам	пакетам	linguistic	_	_	_
862-2	SPK6005	Continuing	862	578	разобрали,	разобрали	linguistic	_	_	End=899.75
863-0	SPK6005	undefined	863	579	убра–	убра–	linguistic	_	_	Begin=899.75|End=901.09
864-0	SPK6004	Falling	864	_	Мхм.	Мхм	linguistic	_	_	Begin=899.776|End=900.221
865-0	SPK6005	Continuing	865	579	все,	все	linguistic	_	_	Begin=901.09|End=901.53
866-0	SPK6005	Falling	866	581	собрали.	собрали	linguistic	_	_	Begin=901.53|End=902.218
867-0	SPK6003	Falling	867	_	Ммм.	Ммм	linguistic	_	_	Begin=902.966|End=903.646
868-0	SPK6005	Falling	868	582	Вот	Вот	linguistic	_	_	Begin=903.016
868-1	SPK6005	Falling	868	582	так.	так	linguistic	_	_	End=903.648
869-0	SPK6005	Falling	869	_	Мхм.	Мхм	linguistic	_	_	Begin=905.077|End=905.577
870-0	SPK6003	undefined	870	_	@@	@@	linguistic	_	_	Begin=905.692|End=906.246
871-0	SPK6005	Continuing	871	583	Что	Что	linguistic	_	_	Begin=906.615
871-1	SPK6005	Continuing	871	583	ты,	ты	linguistic	_	_	End=907.1
872-0	SPK6005	Rising	872	584	смеешься?	смеешься	linguistic	_	_	Begin=907.187|End=907.757
873-0	SPK6004	Continuing	873	585	Бір	Бір	linguistic	_	_	Begin=907.867
873-1	SPK6004	Continuing	873	585	рет	рет	linguistic	_	_	_
873-2	SPK6004	Continuing	873	585	ана,	ана	linguistic	_	_	End=908.589
874-0	SPK6004	Continuing	874	586	біздің	біздің	linguistic	_	_	Begin=908.589
874-1	SPK6004	Continuing	874	586	үйде	үйде	linguistic	_	_	_
874-2	SPK6004	Continuing	874	586	Құран	Құран	linguistic	_	_	_
874-3	SPK6004	Continuing	874	586	оқытқанбыз	оқытқанбыз	linguistic	_	_	_
874-4	SPK6004	Continuing	874	586	ғой,	ғой	linguistic	_	_	End=910.127
875-0	SPK6003	Falling	875	_	Мхм.	Мхм	linguistic	_	_	Begin=910.277|End=910.597
876-0	SPK6004	Continuing	876	587	сонымен,	сонымен	linguistic	_	_	Begin=910.967|End=911.485
877-0	SPK6004	Continuing	877	588	мамалар	мамалар	linguistic	_	_	Begin=911.485
877-1	SPK6004	Continuing	877	588	келді	келді	linguistic	_	_	_
877-2	SPK6004	Continuing	877	588	да	да	linguistic	_	_	_
877-3	SPK6004	Continuing	877	588	ауылдан,	ауылдан	linguistic	_	_	End=912.642
878-0	SPK6003	Falling	878	_	Мхм.	Мхм	linguistic	_	_	Begin=912.942|End=913.463
879-0	SPK6004	Continuing	879	589	сол,	сол	linguistic	_	_	Begin=913.602|End=913.792
880-0	SPK6004	Falling	880	590	залға	залға	linguistic	_	_	Begin=913.792
880-1	SPK6004	Falling	880	590	ғана	ғана	linguistic	_	_	_
880-2	SPK6004	Falling	880	590	істедік	істедік	linguistic	_	_	_
880-3	SPK6004	Falling	880	590	дастарқанды.	дастарқанды	linguistic	_	_	End=915.493
881-0	SPK6003	Falling	881	_	Мхм.	Мхм	linguistic	_	_	Begin=915.742|End=916.007
882-0	SPK6004	Continuing	882	591	Сонымен,	Сонымен	linguistic	_	_	Begin=916.859|End=917.693
883-0	SPK6004	Continuing	883	592	біздің	біздің	linguistic	_	_	Begin=918.398
883-1	SPK6004	Continuing	883	592	мамалар,	мамалар	linguistic	_	_	End=919.165
884-0	SPK6004	Continuing	884	592	келіндер,	келіндер	linguistic	_	_	Begin=919.165|End=919.857
885-0	SPK6004	Continuing	885	592	сыймады	сыймады	linguistic	_	_	Begin=919.892
885-1	SPK6004	Continuing	885	592	да	да	linguistic	_	_	_
885-2	SPK6004	Continuing	885	592	ол	ол	linguistic	_	_	_
885-3	SPK6004	Continuing	885	592	залға,	залға	linguistic	_	_	End=921.363
886-0	SPK6004	Continuing	886	593	кірген	кірген	linguistic	_	_	Begin=921.608
886-1	SPK6004	Continuing	886	593	жоқ	жоқ	linguistic	_	_	_
886-2	SPK6004	Continuing	886	593	мына	мына	linguistic	_	_	_
886-3	SPK6004	Continuing	886	593	жерге	жерге	linguistic	_	_	_
886-4	SPK6004	Continuing	886	593	жүрді,	жүрді	linguistic	_	_	End=922.741
887-0	SPK6004	Falling	887	593	қонақтар	қонақтар	linguistic	_	_	Begin=923.16
887-1	SPK6004	Falling	887	593	кеткесін	кеткесін	linguistic	_	_	_
887-2	SPK6004	Falling	887	593	не	не	linguistic	_	_	_
887-3	SPK6004	Falling	887	593	қыламыз	қыламыз	linguistic	_	_	_
887-4	SPK6004	Falling	887	593	ғой	ғой	linguistic	_	_	_
887-5	SPK6004	Falling	887	593	деп.	деп	linguistic	_	_	End=924.63
888-0	SPK6003	Falling	888	_	Мхм.	Мхм	linguistic	_	_	Begin=924.973|End=925.489
889-0	SPK6004	Continuing	889	594	Сосын,	Сосын	linguistic	_	_	Begin=925.848|End=926.291
890-0	SPK6004	Continuing	890	594	Құран	Құран	linguistic	_	_	Begin=926.378
890-1	SPK6004	Continuing	890	594	оқытып	оқытып	linguistic	_	_	_
890-2	SPK6004	Continuing	890	594	болып,	болып	linguistic	_	_	End=927.172
891-0	SPK6004	Continuing	891	594	ана	ана	linguistic	_	_	Begin=927.172
891-1	SPK6004	Continuing	891	594	көршілер,	көршілер	linguistic	_	_	End=928.122
892-0	SPK6004	Continuing	892	594	көршілеріміз,	көршілеріміз	linguistic	_	_	Begin=928.257|End=929.065
893-0	SPK6004	Continuing	893	594	біздің,	біздің	linguistic	_	_	Begin=929.065|End=929.372
894-0	SPK6004	Continuing	894	594	не,	не	linguistic	_	_	Begin=929.372|End=929.692
895-0	SPK6003	Continuing	895	595	Кірді,	Кірді	linguistic	_	_	Begin=930.693|End=931.233
896-0	SPK6003	Falling	896	595	өздер.	өздер	linguistic	_	_	Begin=931.424|End=931.864
897-0	SPK6004	Continuing	897	596	кірді,	кірді	linguistic	_	_	Begin=931.889|End=932.2
898-0	SPK6004	Continuing	898	596	отырды,	отырды	linguistic	_	_	Begin=932.934|End=933.584
899-0	SPK6004	Continuing	899	596	Құран	Құран	linguistic	_	_	Begin=933.603
899-1	SPK6004	Continuing	899	596	оқытып	оқытып	linguistic	_	_	_
899-2	SPK6004	Continuing	899	596	не	не	linguistic	_	_	_
899-3	SPK6004	Continuing	899	596	қылдық,	қылдық	linguistic	_	_	End=934.827
900-0	SPK6004	Falling	900	596	дастарқан	дастарқан	linguistic	_	_	Begin=935.568
900-1	SPK6004	Falling	900	596	дым	дым	linguistic	_	_	_
900-2	SPK6004	Falling	900	596	қалған	қалған	linguistic	_	_	_
900-3	SPK6004	Falling	900	596	жоқ.	жоқ	linguistic	_	_	End=936.896
901-0	SPK6004	Continuing	901	597	Сосын	Сосын	linguistic	_	_	Begin=938.238
901-1	SPK6004	Continuing	901	597	айттым,	айттым	linguistic	_	_	End=939.045
902-0	SPK6004	Falling	902	597	қалай	қалай	linguistic	_	_	Begin=939.34
902-1	SPK6004	Falling	902	597	қалай	қалай	linguistic	_	_	_
902-2	SPK6004	Falling	902	597	көршілерім	көршілерім	linguistic	_	_	_
902-3	SPK6004	Falling	902	597	деп.	деп	linguistic	_	_	End=940.639
903-0	SPK6003	Falling	903	598	Өздер	Өздер	linguistic	_	_	Begin=941.436
903-1	SPK6003	Falling	903	598	кіріп.	кіріп	linguistic	_	_	End=942.347
904-0	SPK6005	Continuing	904	599	Я,	Я	linguistic	_	_	Begin=941.706|End=941.906
905-0	SPK6005	Falling	905	600	я	я	linguistic	_	_	Begin=941.946
905-1	SPK6005	Falling	905	600	забыла.	забыла	linguistic	_	_	End=943.206
906-0	SPK6004	Continuing	906	601	Өздер	Өздер	linguistic	_	_	Begin=943.361
906-1	SPK6004	Continuing	906	601	кіріп	кіріп	linguistic	_	_	_
906-2	SPK6004	Continuing	906	601	емес,	емес	linguistic	_	_	End=944.155
907-0	SPK6004	Continuing	907	601	сол	сол	linguistic	_	_	Begin=944.155
907-1	SPK6004	Continuing	907	601	отырды	отырды	linguistic	_	_	_
907-2	SPK6004	Continuing	907	601	ғой,	ғой	linguistic	_	_	End=944.855
908-0	SPK6004	Continuing	908	601	жеді,	жеді	linguistic	_	_	Begin=944.855|End=945.395
909-0	SPK6004	Falling	909	601	ішті.	ішті	linguistic	_	_	Begin=945.395|End=945.909
910-0	SPK6004	Falling	910	602	Вообще	Вообще	linguistic	_	_	Begin=946.72
910-1	SPK6004	Falling	910	602	нет.	нет	linguistic	_	_	End=947.285
911-0	SPK6003	Continuing	911	603	Жоқ,	Жоқ	linguistic	_	_	Begin=947.0|End=947.245
912-0	SPK6003	Rising	912	603	оларға	оларға	linguistic	_	_	Begin=947.275
912-1	SPK6003	Rising	912	603	біреуі	біреуі	linguistic	_	_	_
912-2	SPK6003	Rising	912	603	айтты	айтты	linguistic	_	_	_
912-3	SPK6003	Rising	912	603	ма?	ма	linguistic	_	_	End=948.578
913-0	SPK6003	Rising	913	604	Біздің	Біздің	linguistic	_	_	Begin=948.991
913-1	SPK6003	Rising	913	604	үйде	үйде	linguistic	_	_	_
913-2	SPK6003	Rising	913	604	не	не	linguistic	_	_	_
913-3	SPK6003	Rising	913	604	болып	болып	linguistic	_	_	_
913-4	SPK6003	Rising	913	604	отыр	отыр	linguistic	_	_	_
913-5	SPK6003	Rising	913	604	деп?	деп	linguistic	_	_	End=950.686
914-0	SPK6005	Rising	914	605	Что	Что	linguistic	_	_	Begin=950.822
914-1	SPK6005	Rising	914	605	упало?	упало	linguistic	_	_	End=951.578
915-0	SPK6004	Falling	915	606	Мен	Мен	linguistic	_	_	Begin=951.615
915-1	SPK6004	Falling	915	606	шақырдым	шақырдым	linguistic	_	_	_
915-2	SPK6004	Falling	915	606	ғой.	ғой	linguistic	_	_	End=952.49
916-0	SPK6003	Falling	916	607	Ааа.	Ааа	linguistic	_	_	Begin=952.679|End=953.202
917-0	SPK6004	Falling	917	608	Шақырдым	Шақырдым	linguistic	_	_	Begin=954.148
917-1	SPK6004	Falling	917	608	ғой	ғой	linguistic	_	_	_
917-2	SPK6004	Falling	917	608	Құран	Құран	linguistic	_	_	_
917-3	SPK6004	Falling	917	608	оқытамын	оқытамын	linguistic	_	_	_
917-4	SPK6004	Falling	917	608	деп.	деп	linguistic	_	_	End=955.642
918-0	SPK6004	Continuing	918	609	Сосын	Сосын	linguistic	_	_	Begin=956.793
918-1	SPK6004	Continuing	918	609	жаңа,	жаңа	linguistic	_	_	End=957.353
919-0	SPK6004	Continuing	919	609	келіндер	келіндер	linguistic	_	_	Begin=957.368
919-1	SPK6004	Continuing	919	609	ана,	ана	linguistic	_	_	End=958.319
920-0	SPK6004	Continuing	920	609	не,	не	linguistic	_	_	Begin=958.735|End=959.015
921-0	SPK6004	Continuing	921	609	кухняда	кухняда	linguistic	_	_	Begin=959.015
921-1	SPK6004	Continuing	921	609	жүрген,	жүрген	linguistic	_	_	End=959.938
922-0	SPK6004	Continuing	922	609	көмектесіп	көмектесіп	linguistic	_	_	Begin=959.938
922-1	SPK6004	Continuing	922	609	жүрген	жүрген	linguistic	_	_	_
922-2	SPK6004	Continuing	922	609	сол,	сол	linguistic	_	_	End=961.485
923-0	SPK6004	Continuing	923	610	қонақтар	қонақтар	linguistic	_	_	Begin=961.848
923-1	SPK6004	Continuing	923	610	кеткесін	кеткесін	linguistic	_	_	_
923-2	SPK6004	Continuing	923	610	өзіміз	өзіміз	linguistic	_	_	_
923-3	SPK6004	Continuing	923	610	шай	шай	linguistic	_	_	_
923-4	SPK6004	Continuing	923	610	ішіп,	ішіп	linguistic	_	_	End=963.868
924-0	SPK6004	Continuing	924	610	не	не	linguistic	_	_	Begin=963.868
924-1	SPK6004	Continuing	924	610	қыламыз	қыламыз	linguistic	_	_	_
924-2	SPK6004	Continuing	924	610	ғой	ғой	linguistic	_	_	_
924-3	SPK6004	Continuing	924	610	деймін	деймін	linguistic	_	_	_
924-4	SPK6004	Continuing	924	610	ғой,	ғой	linguistic	_	_	End=964.836
925-0	SPK6004	Falling	925	610	салаттар	салаттар	linguistic	_	_	Begin=964.836
925-1	SPK6004	Falling	925	610	жейміз	жейміз	linguistic	_	_	_
925-2	SPK6004	Falling	925	610	деп.	деп	linguistic	_	_	End=965.998
926-0	SPK6003	Falling	926	_	Ааа.	Ааа	linguistic	_	_	Begin=966.505|End=967.178
927-0	SPK6004	Falling	927	611	Олар	Олар	linguistic	_	_	Begin=967.206
927-1	SPK6004	Falling	927	611	кетті	кетті	linguistic	_	_	_
927-2	SPK6004	Falling	927	611	дастарқан	дастарқан	linguistic	_	_	_
927-3	SPK6004	Falling	927	611	пустой.	пустой	linguistic	_	_	End=968.826
928-0	SPK6003	undefined	928	_	@@@	@@@	linguistic	_	_	Begin=970.137|End=970.831
929-0	SPK6004	Continuing	929	612	Үйде	Үйде	linguistic	_	_	Begin=971.289
929-1	SPK6004	Continuing	929	612	де	де	linguistic	_	_	_
929-2	SPK6004	Continuing	929	612	сондай,	сондай	linguistic	_	_	End=972.032
930-0	SPK6004	Continuing	930	613	үйде	үйде	linguistic	_	_	Begin=972.032
930-1	SPK6004	Continuing	930	613	енді,	енді	linguistic	_	_	End=972.806
931-0	SPK6004	undefined	931	613	ал–	ал–	linguistic	_	_	Begin=973.282|End=973.74
932-0	SPK6004	Continuing	932	613	не	не	linguistic	_	_	Begin=973.74
932-1	SPK6004	Continuing	932	613	ғой,	ғой	linguistic	_	_	End=974.145
933-0	SPK6004	Continuing	933	613	алмау	алмау	linguistic	_	_	Begin=975.317
933-1	SPK6004	Continuing	933	613	керек	керек	linguistic	_	_	_
933-2	SPK6004	Continuing	933	613	қой,	қой	linguistic	_	_	End=976.111
934-0	SPK6004	undefined	934	613	үй–	үй–	linguistic	_	_	Begin=976.111|End=976.475
935-0	SPK6004	Continuing	935	613	үйдегіні,	үйдегіні	linguistic	_	_	Begin=976.475|End=976.971
936-0	SPK6004	Continuing	936	614	ресторан	ресторан	linguistic	_	_	Begin=977.278
936-1	SPK6004	Continuing	936	614	болса	болса	linguistic	_	_	_
936-2	SPK6004	Continuing	936	614	алып	алып	linguistic	_	_	_
936-3	SPK6004	Continuing	936	614	кетесің	кетесің	linguistic	_	_	_
936-4	SPK6004	Continuing	936	614	онда,	онда	linguistic	_	_	End=978.579
937-0	SPK6004	Continuing	937	614	әркімнің,	әркімнің	linguistic	_	_	Begin=978.981|End=979.542
938-0	SPK6004	Falling	938	614	не	не	linguistic	_	_	Begin=979.903
938-1	SPK6004	Falling	938	614	алып	алып	linguistic	_	_	_
938-2	SPK6004	Falling	938	614	кетеді	кетеді	linguistic	_	_	_
938-3	SPK6004	Falling	938	614	онда.	онда	linguistic	_	_	End=980.852
939-0	SPK6004	Falling	939	615	Сол.	Сол	linguistic	_	_	Begin=983.068|End=983.393
940-0	SPK6003	undefined	940	_	@@@	@@@	linguistic	_	_	Begin=983.073|End=983.703
941-0	SPK6004	undefined	941	_	@@	@@	linguistic	_	_	Begin=983.823|End=984.36
942-0	SPK6003	Falling	942	616	Ай	Ай	linguistic	_	_	Begin=989.078
942-1	SPK6003	Falling	942	616	бәрі	бәрі	linguistic	_	_	_
942-2	SPK6003	Falling	942	616	жерде	жерде	linguistic	_	_	_
942-3	SPK6003	Falling	942	616	сондай	сондай	linguistic	_	_	_
942-4	SPK6003	Falling	942	616	болады.	болады	linguistic	_	_	End=990.858
943-0	SPK6004	Falling	943	617	Иә.	Иә	linguistic	_	_	Begin=991.305|End=991.6
944-0	SPK6004	Continuing	944	618	Көбінесе,	Көбінесе	linguistic	_	_	Begin=992.207|End=992.812
945-0	SPK6004	Continuing	945	618	үйдегілерге	үйдегілерге	linguistic	_	_	Begin=992.828
945-1	SPK6004	Continuing	945	618	тиспейді	тиспейді	linguistic	_	_	_
945-2	SPK6004	Continuing	945	618	көп	көп	linguistic	_	_	_
945-3	SPK6004	Continuing	945	618	жерде,	жерде	linguistic	_	_	End=994.447
946-0	SPK6003	Falling	946	_	Ааа.	Ааа	linguistic	_	_	Begin=995.222|End=995.854
947-0	SPK6004	Falling	947	618	үйде	үйде	linguistic	_	_	Begin=995.827
947-1	SPK6004	Falling	947	618	болғанға	болғанға	linguistic	_	_	_
947-2	SPK6004	Falling	947	618	ше.	ше	linguistic	_	_	End=996.729
948-0	SPK6004	Continuing	948	619	Кафеден,	Кафеден	linguistic	_	_	Begin=997.861|End=998.28
949-0	SPK6004	Falling	949	619	алады.	алады	linguistic	_	_	Begin=998.28|End=998.865
950-0	SPK6006	Rising	950	620	Индрайверді	Индрайверді	linguistic	_	_	Begin=1003.276
950-1	SPK6006	Rising	950	620	не	не	linguistic	_	_	_
950-2	SPK6006	Rising	950	620	істедің?	істедің	linguistic	_	_	End=1004.53
951-0	SPK6003	undefined	951	_	@@@	@@@	linguistic	_	_	Begin=1006.543|End=1007.243
952-0	SPK6003	Continuing	952	621	Забыла,	Забыла	linguistic	_	_	Begin=1007.243|End=1007.765
953-0	SPK6003	Falling	953	622	да.	да	linguistic	_	_	Begin=1007.765|End=1008.629
954-0	SPK6004	undefined	954	_	@@@	@@@	linguistic	_	_	Begin=1007.968|End=1008.643
955-0	SPK6003	Falling	955	623	Хорошо	Хорошо	linguistic	_	_	Begin=1008.629
955-1	SPK6003	Falling	955	623	сидим.	сидим	linguistic	_	_	End=1009.418
956-0	SPK6004	Rising	956	624	Жібергің	Жібергің	linguistic	_	_	Begin=1009.038
956-1	SPK6004	Rising	956	624	келмей	келмей	linguistic	_	_	_
956-2	SPK6004	Rising	956	624	тұр-ау	тұр-ау	linguistic	_	_	_
956-3	SPK6004	Rising	956	624	деймін	деймін	linguistic	_	_	_
956-4	SPK6004	Rising	956	624	иә?	иә	linguistic	_	_	End=1010.38
957-0	SPK6003	Falling	957	625	Иә.	Иә	linguistic	_	_	Begin=1010.379|End=1010.664
958-0	SPK6004	undefined	958	_	@@@	@@@	linguistic	_	_	Begin=1010.38|End=1010.954
959-0	SPK6003	Interrupted	959	626	Номер	Номер	linguistic	_	_	Begin=1014.867
959-1	SPK6003	Interrupted	959	626	со--	со--	linguistic	_	Interrupted=Yes	End=1015.455
960-0	SPK6003	Continuing	960	627	не	не	linguistic	_	_	Begin=1015.455
960-1	SPK6003	Continuing	960	627	сохранился,	сохранился	linguistic	_	_	End=1016.222
961-0	SPK6003	Continuing	961	628	он	он	linguistic	_	_	Begin=1016.222
961-1	SPK6003	Continuing	961	628	там,	там	linguistic	_	_	End=1016.745
962-0	SPK6003	Continuing	962	629	в	в	linguistic	_	_	Begin=1016.745
962-1	SPK6003	Continuing	962	629	WhatsApp	WhatsApp	linguistic	_	_	_
962-2	SPK6003	Continuing	962	629	пишет	пишет	linguistic	_	_	_
962-3	SPK6003	Continuing	962	629	но,	но	linguistic	_	_	End=1017.793
963-0	SPK6003	Falling	963	630	WhatsApp	WhatsApp	linguistic	_	_	Begin=1017.813
963-1	SPK6003	Falling	963	630	не	не	linguistic	_	_	_
963-2	SPK6003	Falling	963	630	выходит.	выходит	linguistic	_	_	End=1018.847
964-0	SPK6004	Falling	964	631	Көрсей.	Көрсей	linguistic	_	_	Begin=1020.774|End=1021.325
965-0	SPK6003	Falling	965	632	Так.	Так	linguistic	_	_	Begin=1020.786|End=1021.37
966-0	SPK6003	Falling	966	633	Сейчас.	Сейчас	linguistic	_	_	Begin=1021.921|End=1022.296
967-0	SPK6003	Continuing	967	634	Попу:тки,	Попутки	linguistic	_	Prolongation=3	Begin=1023.306|End=1024.117
968-0	SPK6003	Falling	968	635	снова.	снова	linguistic	_	_	Begin=1024.117|End=1024.595
969-0	SPK6003	Continuing	969	636	Шарша:йсың,	Шаршайсың	linguistic	_	Prolongation=4	Begin=1031.952|End=1032.68
970-0	SPK6003	Falling	970	637	¬Дана.	Дана	linguistic	_	Anonymized=Yes	Begin=1032.68|End=1033.388
971-0	SPK6004	Continuing	971	638	Шаршағанда	Шаршағанда	linguistic	_	_	Begin=1034.567
971-1	SPK6004	Continuing	971	638	не	не	linguistic	_	_	_
971-2	SPK6004	Continuing	971	638	қылам	қылам	linguistic	_	_	_
971-3	SPK6004	Continuing	971	638	ғой,	ғой	linguistic	_	_	End=1035.825
972-0	SPK6004	undefined	972	638	барғанша	барғанша	linguistic	_	_	Begin=1035.926
972-1	SPK6004	undefined	972	638	ұйықтап	ұйықтап	linguistic	_	_	_
972-2	SPK6004	undefined	972	638	барамыз–	барамыз–	linguistic	_	_	End=1037.092
973-0	SPK6003	Continuing	973	639	А,	А	linguistic	_	_	Begin=1037.092|End=1037.348
974-0	SPK6003	Continuing	974	640	надо	надо	linguistic	_	_	Begin=1037.348
974-1	SPK6003	Continuing	974	640	маленькую	маленькую	linguistic	_	_	_
974-2	SPK6003	Continuing	974	640	подушку,	подушку	linguistic	_	_	End=1038.35
975-0	SPK6003	Continuing	975	641	да,	да	linguistic	_	_	Begin=1038.35|End=1038.779
976-0	SPK6003	Rising	976	642	с	с	linguistic	_	_	Begin=1039.064
976-1	SPK6003	Rising	976	642	собой	собой	linguistic	_	_	_
976-2	SPK6003	Rising	976	642	таскать?	таскать	linguistic	_	_	End=1039.777
977-0	SPK6003	Continuing	977	642	Я,	Я	linguistic	_	_	Begin=1039.797|End=1040.103
978-0	SPK6003	Continuing	978	644	мен	мен	linguistic	_	_	Begin=1040.103
978-1	SPK6003	Continuing	978	644	когда,	когда	linguistic	_	_	End=1040.802
979-0	SPK6003	Continuing	979	645	так	так	linguistic	_	_	Begin=1040.958
979-1	SPK6003	Continuing	979	645	ездила,	ездила	linguistic	_	_	End=1041.445
980-0	SPK6003	Falling	980	646	с	с	linguistic	_	_	Begin=1041.445
980-1	SPK6003	Falling	980	646	собой	собой	linguistic	_	_	_
980-2	SPK6003	Falling	980	646	таскала.	таскала	linguistic	_	_	End=1042.482
981-0	SPK6004	Falling	981	647	Иә.	Иә	linguistic	_	_	Begin=1041.71|End=1042.126
982-0	SPK6003	Falling	982	648	Он	Он	linguistic	_	_	Begin=1046.004
982-1	SPK6003	Falling	982	648	екіде	екіде	linguistic	_	_	_
982-2	SPK6003	Falling	982	648	шығатын	шығатын	linguistic	_	_	_
982-3	SPK6003	Falling	982	648	бар.	бар	linguistic	_	_	End=1047.375
983-0	SPK6004	Rising	983	649	Қашан?	Қашан	linguistic	_	_	Begin=1048.085|End=1048.52
984-0	SPK6003	Falling	984	650	В	В	linguistic	_	_	Begin=1050.255
984-1	SPK6003	Falling	984	650	обед.	обед	linguistic	_	_	End=1050.719
985-0	SPK6003	Continuing	985	651	Ааа,	Ааа	linguistic	_	_	Begin=1051.605|End=1052.065
986-0	SPK6003	undefined	986	652	ол–	ол–	linguistic	_	_	Begin=1052.065|End=1052.624
987-0	SPK6006	Continuing	987	653	Ааа,	Ааа	linguistic	_	_	Begin=1052.746|End=1053.04
988-0	SPK6006	Continuing	988	653	ол,	ол	linguistic	_	_	Begin=1053.04|End=1053.255
989-0	SPK6006	Falling	989	654	посылка.	посылка	linguistic	_	_	Begin=1053.255|End=1053.79
990-0	SPK6003	Continuing	990	655	Посылка,	Посылка	linguistic	_	_	Begin=1053.465|End=1054.23
991-0	SPK6003	Falling	991	656	подожди.	подожди	linguistic	_	_	Begin=1054.695|End=1055.06
992-0	SPK6003	Continuing	992	657	Так,	Так	linguistic	_	_	Begin=1056.563|End=1056.803
993-0	SPK6003	Continuing	993	658	это	это	linguistic	_	_	Begin=1056.803
993-1	SPK6003	Continuing	993	658	в	в	linguistic	_	_	_
993-2	SPK6003	Continuing	993	658	час,	час	linguistic	_	_	End=1057.734
994-0	SPK6003	Falling	994	659	только	только	linguistic	_	_	Begin=1058.995
994-1	SPK6003	Falling	994	659	посылка	посылка	linguistic	_	_	_
994-2	SPK6003	Falling	994	659	дейді.	дейді	linguistic	_	_	End=1060.385
995-0	SPK6003	Continuing	995	659	Так,	Так	linguistic	_	_	Begin=1060.443|End=1060.718
996-0	SPK6003	Continuing	996	661	второе,	второе	linguistic	_	_	Begin=1060.898|End=1061.343
997-0	SPK6003	Continuing	997	662	вот	вот	linguistic	_	_	Begin=1061.449
997-1	SPK6003	Continuing	997	662	это	это	linguistic	_	_	_
997-2	SPK6003	Continuing	997	662	отпадает,	отпадает	linguistic	_	_	End=1062.179
998-0	SPK6003	Continuing	998	663	это,	это	linguistic	_	_	Begin=1062.244|End=1062.73
999-0	SPK6003	Falling	999	664	Lada	Lada	linguistic	_	_	Begin=1062.73
999-1	SPK6003	Falling	999	664	Granta	Granta	linguistic	_	_	_
999-2	SPK6003	Falling	999	664	маленькая	маленькая	linguistic	_	_	_
999-3	SPK6003	Falling	999	664	машина.	машина	linguistic	_	_	End=1064.635
1000-0	SPK6003	Continuing	1000	665	Mercedes	Mercedes	linguistic	_	_	Begin=1065.531
1000-1	SPK6003	Continuing	1000	665	двести	двести	linguistic	_	_	_
1000-2	SPK6003	Continuing	1000	665	двенадцать,	двенадцать	linguistic	_	_	End=1067.338
1001-0	SPK6003	Rising	1001	666	нормальный	нормальный	linguistic	_	_	Begin=1068.314
1001-1	SPK6003	Rising	1001	666	ма?	ма	linguistic	_	_	End=1068.949
1002-0	SPK6003	Continuing	1002	666	А,	А	linguistic	_	_	Begin=1068.974|End=1069.193
1003-0	SPK6003	Continuing	1003	668	тоже	тоже	linguistic	_	_	Begin=1069.193
1003-1	SPK6003	Continuing	1003	668	посылка,	посылка	linguistic	_	_	End=1069.875
1004-0	SPK6003	Falling	1004	669	подожди.	подожди	linguistic	_	_	Begin=1070.035|End=1070.435
1005-0	SPK6003	Continuing	1005	670	Вот	Вот	linguistic	_	_	Begin=1071.317
1005-1	SPK6003	Continuing	1005	670	есть	есть	linguistic	_	_	_
1005-2	SPK6003	Continuing	1005	670	ночью,	ночью	linguistic	_	_	End=1072.105
1006-0	SPK6003	Falling	1006	671	Toyota	Toyota	linguistic	_	_	Begin=1072.105
1006-1	SPK6003	Falling	1006	671	Alphard	Alphard	linguistic	_	_	_
1006-2	SPK6003	Falling	1006	671	¬Елжан.	Елжан	linguistic	_	Anonymized=Yes	End=1073.635
1007-0	SPK6004	Rising	1007	672	Қашан	Қашан	linguistic	_	_	Begin=1074.805
1007-1	SPK6004	Rising	1007	672	ол?	ол	linguistic	_	_	End=1075.185
1008-0	SPK6003	Falling	1008	673	Е–	Е–	linguistic	_	_	Begin=1076.151
1008-1	SPK6003	Falling	1008	673	завтра	завтра	linguistic	_	_	_
1008-2	SPK6003	Falling	1008	673	ночью.	ночью	linguistic	_	_	End=1077.38
1009-0	SPK6004	Falling	1009	674	А	А	linguistic	_	_	Begin=1077.38
1009-1	SPK6004	Falling	1009	674	жоқ	жоқ	linguistic	_	_	_
1009-2	SPK6004	Falling	1009	674	керек	керек	linguistic	_	_	_
1009-3	SPK6004	Falling	1009	674	емес.	емес	linguistic	_	_	End=1078.259
1010-0	SPK6004	Continuing	1010	675	Жаңа	Жаңа	linguistic	_	_	Begin=1078.631
1010-1	SPK6004	Continuing	1010	675	немен	немен	linguistic	_	_	_
1010-2	SPK6004	Continuing	1010	675	сөйлесе	сөйлесе	linguistic	_	_	_
1010-3	SPK6004	Continuing	1010	675	берші,	берші	linguistic	_	_	End=1079.79
1011-0	SPK6004	Continuing	1011	675	Granta-мен,	Granta-мен	linguistic	_	_	Begin=1080.618|End=1081.139
1012-0	SPK6004	Falling	1012	675	кете	кете	linguistic	_	_	Begin=1081.325
1012-1	SPK6004	Falling	1012	675	беремін.	беремін	linguistic	_	_	End=1081.784
1013-0	SPK6003	Continuing	1013	676	Lada	Lada	linguistic	_	_	Begin=1089.218
1013-1	SPK6003	Continuing	1013	676	Granta,	Granta	linguistic	_	_	End=1090.035
1014-0	SPK6003	Rising	1014	676	да?	да	linguistic	_	_	Begin=1090.035|End=1090.261
1015-0	SPK6004	Falling	1015	678	Иә.	Иә	linguistic	_	_	Begin=1091.049|End=1091.259
1016-0	SPK6004	undefined	1016	679	Біреуі–	Біреуі–	linguistic	_	_	Begin=1091.444|End=1092.073
1017-0	SPK6003	Rising	1017	680	В	В	linguistic	_	_	Begin=1091.449
1017-1	SPK6003	Rising	1017	680	шесть	шесть	linguistic	_	_	_
1017-2	SPK6003	Rising	1017	680	утра?	утра	linguistic	_	_	End=1092.064
1018-0	SPK6003	Rising	1018	681	В	В	linguistic	_	_	Begin=1092.129
1018-1	SPK6003	Rising	1018	681	шесть	шесть	linguistic	_	_	_
1018-2	SPK6003	Rising	1018	681	утра?	утра	linguistic	_	_	End=1092.899
1019-0	SPK6004	undefined	1019	682	Біреуі–	Біреуі–	linguistic	_	_	Begin=1092.138|End=1092.629
1020-0	SPK6003	Rising	1020	683	Сейчас	Сейчас	linguistic	_	_	Begin=1093.236
1020-1	SPK6003	Rising	1020	683	сағат	сағат	linguistic	_	_	_
1020-2	SPK6003	Rising	1020	683	неше	неше	linguistic	_	_	_
1020-3	SPK6003	Rising	1020	683	болды?	болды	linguistic	_	_	End=1094.452
1021-0	SPK6004	Falling	1021	684	Иә.	Иә	linguistic	_	_	Begin=1093.251|End=1093.416
1022-0	SPK6004	Falling	1022	685	Үш	Үш	linguistic	_	_	Begin=1096.587
1022-1	SPK6004	Falling	1022	685	сағат	сағат	linguistic	_	_	_
1022-2	SPK6004	Falling	1022	685	қалды	қалды	linguistic	_	_	_
1022-3	SPK6004	Falling	1022	685	ғой	ғой	linguistic	_	_	_
1022-4	SPK6004	Falling	1022	685	мә.	мә	linguistic	_	_	End=1097.675
1023-0	SPK6006	Falling	1023	686	Без	Без	linguistic	_	_	Begin=1098.391
1023-1	SPK6006	Falling	1023	686	пятнадцати	пятнадцати	linguistic	_	_	_
1023-2	SPK6006	Falling	1023	686	три.	три	linguistic	_	_	End=1099.611
1024-0	SPK6003	Continuing	1024	687	¬Рахат,	Рахат	linguistic	_	Anonymized=Yes	Begin=1098.685|End=1099.315
1025-0	SPK6003	Falling	1025	687	деген.	деген	linguistic	_	_	Begin=1099.315|End=1099.693
1026-0	SPK6004	Falling	1026	_	Мхм.	Мхм	linguistic	_	_	Begin=1100.089|End=1100.444
1027-0	SPK6003	Continuing	1027	689	¬Рахат,	Рахат	linguistic	_	Anonymized=Yes	Begin=1101.466|End=1102.146
1028-0	SPK6003	Falling	1028	690	InDriver.	InDriver	linguistic	_	_	Begin=1103.061|End=1103.696
1029-0	SPK6004	Falling	1029	691	Балаға	Балаға	linguistic	_	_	Begin=1107.629
1029-1	SPK6004	Falling	1029	691	да	да	linguistic	_	_	_
1029-2	SPK6004	Falling	1029	691	сондай	сондай	linguistic	_	_	_
1029-3	SPK6004	Falling	1029	691	бағаласың	бағаласың	linguistic	_	_	_
1029-4	SPK6004	Falling	1029	691	ма	ма	linguistic	_	_	_
1029-5	SPK6004	Falling	1029	691	деп	деп	linguistic	_	_	_
1029-6	SPK6004	Falling	1029	691	сұра	сұра	linguistic	_	_	_
1029-7	SPK6004	Falling	1029	691	салсай.	салсай	linguistic	_	_	End=1109.882
1030-0	SPK6003	Falling	1030	_	Мхм.	Мхм	linguistic	_	_	Begin=1110.286|End=1110.741
1031-0	SPK6004	Falling	1031	692	Или	Или	linguistic	_	_	Begin=1113.533
1031-1	SPK6004	Falling	1031	692	алдына	алдына	linguistic	_	_	_
1031-2	SPK6004	Falling	1031	692	алып	алып	linguistic	_	_	_
1031-3	SPK6004	Falling	1031	692	отырса	отырса	linguistic	_	_	_
1031-4	SPK6004	Falling	1031	692	болады	болады	linguistic	_	_	_
1031-5	SPK6004	Falling	1031	692	ма	ма	linguistic	_	_	_
1031-6	SPK6004	Falling	1031	692	де.	де	linguistic	_	_	End=1115.153
1032-0	SPK6004	Continuing	1032	693	Бірақ,	Бірақ	linguistic	_	_	Begin=1116.189|End=1116.47
1033-0	SPK6004	Continuing	1033	693	андай	андай	linguistic	_	_	Begin=1116.47
1033-1	SPK6004	Continuing	1033	693	қиын,	қиын	linguistic	_	_	End=1117.045
1034-0	SPK6003	Rising	1034	694	Шармайсың	Шармайсың	linguistic	_	_	Begin=1116.83
1034-1	SPK6003	Rising	1034	694	ба	ба	linguistic	_	_	_
1034-2	SPK6003	Rising	1034	694	иә?	иә	linguistic	_	_	End=1118.011
1035-0	SPK6004	Rising	1035	693	иә?	иә	linguistic	_	_	Begin=1117.045|End=1117.294
1036-0	SPK6003	Falling	1036	695	Шаршайсың.	Шаршайсың	linguistic	_	_	Begin=1119.633|End=1120.285
1037-0	SPK6004	Falling	1037	696	Иә.	Иә	linguistic	_	_	Begin=1120.605|End=1120.934
1038-0	SPK6003	Falling	1038	697	Сейчас	Сейчас	linguistic	_	_	Begin=1125.848
1038-1	SPK6003	Falling	1038	697	я	я	linguistic	_	_	_
1038-2	SPK6003	Falling	1038	697	посмотрю.	посмотрю	linguistic	_	_	End=1126.908
1039-0	SPK6003	Falling	1039	698	А	А	linguistic	_	_	Begin=1129.559
1039-1	SPK6003	Falling	1039	698	міне.	міне	linguistic	_	_	End=1130.136
1040-0	SPK6003	Continuing	1040	699	Здравствуйте,	Здравствуйте	linguistic	_	_	Begin=1132.41|End=1133.396
1041-0	SPK6003	undefined	1041	700	я	я	linguistic	_	_	Begin=1133.396
1041-1	SPK6003	undefined	1041	700	ему	ему	linguistic	_	_	_
1041-2	SPK6003	undefined	1041	700	на	на	linguistic	_	_	_
1041-3	SPK6003	undefined	1041	700	WhatsApp	WhatsApp	linguistic	_	_	_
1041-4	SPK6003	undefined	1041	700	пи–	пи–	linguistic	_	_	End=1134.595
1042-0	SPK6003	Falling	1042	_	пишу.	пишу	linguistic	_	_	Begin=1134.595|End=1135.357
1043-0	SPK6003	Rising	1043	701	Вы	Вы	linguistic	_	_	Begin=1136.415
1043-1	SPK6003	Rising	1043	701	во	во	linguistic	_	_	_
1043-2	SPK6003	Rising	1043	701	сколько	сколько	linguistic	_	_	_
1043-3	SPK6003	Rising	1043	701	выезжаете?	выезжаете	linguistic	_	_	End=1138.144
1044-0	SPK6003	Continuing	1044	702	Два	Два	linguistic	_	_	Begin=1143.649
1044-1	SPK6003	Continuing	1044	702	места	места	linguistic	_	_	_
1044-2	SPK6003	Continuing	1044	702	да,	да	linguistic	_	_	End=1144.51
1045-0	SPK6003	Rising	1045	703	нужно?	нужно	linguistic	_	_	Begin=1144.51|End=1145.032
1046-0	SPK6004	Falling	1046	_	Мхм.	Мхм	linguistic	_	_	Begin=1145.72|End=1145.98
1047-0	SPK6003	Continuing	1047	704	Бірақ	Бірақ	linguistic	_	_	Begin=1146.07
1047-1	SPK6003	Continuing	1047	704	если,	если	linguistic	_	_	End=1147.11
1048-0	SPK6003	Continuing	1048	704	сен	сен	linguistic	_	_	Begin=1147.253
1048-1	SPK6003	Continuing	1048	704	боковой,	боковой	linguistic	_	_	End=1147.982
1049-0	SPK6003	Continuing	1049	704	он	он	linguistic	_	_	Begin=1147.982
1049-1	SPK6003	Continuing	1049	704	екі	екі	linguistic	_	_	_
1049-2	SPK6003	Continuing	1049	704	мыңға	мыңға	linguistic	_	_	_
1049-3	SPK6003	Continuing	1049	704	алсаң,	алсаң	linguistic	_	_	End=1149.2
1050-0	SPK6003	Continuing	1050	704	второйды	второйды	linguistic	_	_	Begin=1150.524
1050-1	SPK6003	Continuing	1050	704	алсаң,	алсаң	linguistic	_	_	End=1151.562
1051-0	SPK6003	Continuing	1051	704	орта,	орта	linguistic	_	_	Begin=1151.562|End=1152.116
1052-0	SPK6003	Continuing	1052	704	бос,	бос	linguistic	_	_	Begin=1152.501|End=1152.731
1053-0	SPK6003	Falling	1053	704	подешевле	подешевле	linguistic	_	_	Begin=1152.921
1053-1	SPK6003	Falling	1053	704	может	может	linguistic	_	_	_
1053-2	SPK6003	Falling	1053	704	выйдет.	выйдет	linguistic	_	_	End=1154.795
1054-0	SPK6004	Rising	1054	705	Қалай?	Қалай	linguistic	_	_	Begin=1156.227|End=1156.651
1055-0	SPK6003	undefined	1055	706	Звонда–	Звонда–	linguistic	_	_	Begin=1157.355|End=1157.779
1056-0	SPK6003	Continuing	1056	706	Сейчас,	Сейчас	linguistic	_	_	Begin=1157.795|End=1158.106
1057-0	SPK6003	Continuing	1057	708	поздно	поздно	linguistic	_	_	Begin=1158.106
1057-1	SPK6003	Continuing	1057	708	звонить,	звонить	linguistic	_	_	End=1159.145
1058-0	SPK6003	Rising	1058	709	или	или	linguistic	_	_	Begin=1159.145
1058-1	SPK6003	Rising	1058	709	звондай	звондай	linguistic	_	_	_
1058-2	SPK6003	Rising	1058	709	берейін	берейін	linguistic	_	_	_
1058-3	SPK6003	Rising	1058	709	ба?	ба	linguistic	_	_	End=1160.032
1059-0	SPK6004	Falling	1059	710	Звондай	Звондай	linguistic	_	_	Begin=1160.197
1059-1	SPK6004	Falling	1059	710	берсей.	берсей	linguistic	_	_	End=1160.804
1060-0	SPK6003	Continuing	1060	711	Не	Не	linguistic	_	_	Begin=1164.032
1060-1	SPK6003	Continuing	1060	711	читает,	читает	linguistic	_	_	End=1164.587
1061-0	SPK6003	Falling	1061	712	может.	может	linguistic	_	_	Begin=1164.75|End=1165.145
1062-0	SPK6003	Falling	1062	713	Сейчас.	Сейчас	linguistic	_	_	Begin=1166.06|End=1166.362
1063-0	SPK6003	Continuing	1063	_	Вообще-то	Вообще-то	linguistic	_	_	Begin=1168.831
1063-1	SPK6003	Continuing	1063	_	жолға	жолға	linguistic	_	_	_
1063-2	SPK6003	Continuing	1063	_	готовится	готовится	linguistic	_	_	_
1063-3	SPK6003	Continuing	1063	_	наверное,	наверное	linguistic	_	_	End=1170.56
1064-0	SPK6003	Rising	1064	_	да?	да	linguistic	_	_	Begin=1170.56|End=1170.794
1065-0	SPK6004	Rising	1065	714	Ау?	Ау	linguistic	_	_	Begin=1172.529|End=1172.804
1066-0	SPK6003	Continuing	1066	715	Жолға	Жолға	linguistic	_	_	Begin=1173.074
1066-1	SPK6003	Continuing	1066	715	готовится	готовится	linguistic	_	_	_
1066-2	SPK6003	Continuing	1066	715	наверное,	наверное	linguistic	_	_	End=1174.586
1067-0	SPK6003	Rising	1067	716	если	если	linguistic	_	_	Begin=1174.586
1067-1	SPK6003	Rising	1067	716	сейчас	сейчас	linguistic	_	_	_
1067-2	SPK6003	Rising	1067	716	звонить?	звонить	linguistic	_	_	End=1175.79
1068-0	SPK6003	Continuing	1068	717	В	В	linguistic	_	_	Begin=1176.641
1068-1	SPK6003	Continuing	1068	717	шесть	шесть	linguistic	_	_	_
1068-2	SPK6003	Continuing	1068	717	утра	утра	linguistic	_	_	_
1068-3	SPK6003	Continuing	1068	717	выезжаю	выезжаю	linguistic	_	_	_
1068-4	SPK6003	Continuing	1068	717	деген,	деген	linguistic	_	_	End=1177.975
1069-0	SPK6004	Falling	1069	718	Иә.	Иә	linguistic	_	_	Begin=1176.826|End=1177.146
1070-0	SPK6003	Continuing	1070	717	значит,	значит	linguistic	_	_	Begin=1177.975|End=1178.162
1071-0	SPK6003	Continuing	1071	719	бесте,	бесте	linguistic	_	_	Begin=1178.162|End=1178.585
1072-0	SPK6003	Continuing	1072	720	уже,	уже	linguistic	_	_	Begin=1178.585|End=1178.935
1073-0	SPK6003	Falling	1073	722	сол	сол	linguistic	_	_	Begin=1179.827
1073-1	SPK6003	Falling	1073	722	жақта	жақта	linguistic	_	_	_
1073-2	SPK6003	Falling	1073	722	болу	болу	linguistic	_	_	_
1073-3	SPK6003	Falling	1073	722	керек.	керек	linguistic	_	_	End=1180.651
1074-0	SPK6004	Falling	1074	_	Мхм.	Мхм	linguistic	_	_	Begin=1180.981|End=1181.341
1075-0	SPK6003	Falling	1075	723	Занято	Занято	linguistic	_	_	Begin=1181.613
1075-1	SPK6003	Falling	1075	723	болып	болып	linguistic	_	_	_
1075-2	SPK6003	Falling	1075	723	тұр.	тұр	linguistic	_	_	End=1182.575
1076-0	SPK6003	Continuing	1076	724	Или	Или	linguistic	_	_	Begin=1183.675
1076-1	SPK6003	Continuing	1076	724	біреуі	біреуі	linguistic	_	_	_
1076-2	SPK6003	Continuing	1076	724	ұйықтайды,	ұйықтайды	linguistic	_	_	End=1185.082
1077-0	SPK6003	Continuing	1077	724	екінші,	екінші	linguistic	_	_	Begin=1185.082|End=1185.71
1078-0	SPK6003	undefined	1078	724	а:дам–	адам–	linguistic	_	Prolongation=0	Begin=1185.71|End=1186.445
1079-0	SPK6003	Continuing	1079	725	Короче	Короче	linguistic	_	_	Begin=1186.925
1079-1	SPK6003	Continuing	1079	725	они	они	linguistic	_	_	_
1079-2	SPK6003	Continuing	1079	725	как	как	linguistic	_	_	_
1079-3	SPK6003	Continuing	1079	725	ездят,	ездят	linguistic	_	_	End=1188.023
1080-0	SPK6003	Continuing	1080	726	вот	вот	linguistic	_	_	Begin=1188.023
1080-1	SPK6003	Continuing	1080	726	эти	эти	linguistic	_	_	_
1080-2	SPK6003	Continuing	1080	726	Индрайвер,	Индрайвер	linguistic	_	_	End=1188.8
1081-0	SPK6003	Continuing	1081	727	попутные,	попутные	linguistic	_	_	Begin=1189.338|End=1190.039
1082-0	SPK6003	Continuing	1082	728	машины,	машины	linguistic	_	_	Begin=1190.162|End=1190.864
1083-0	SPK6003	Continuing	1083	729	біреуі	біреуі	linguistic	_	_	Begin=1191.384
1083-1	SPK6003	Continuing	1083	729	іздейді,	іздейді	linguistic	_	_	End=1192.217
1084-0	SPK6003	Continuing	1084	730	біреуі	біреуі	linguistic	_	_	Begin=1192.497
1084-1	SPK6003	Continuing	1084	730	ұйықтайды,	ұйықтайды	linguistic	_	_	End=1193.278
1085-0	SPK6003	Falling	1085	731	біреуі	біреуі	linguistic	_	_	Begin=1193.278
1085-1	SPK6003	Falling	1085	731	іздейді	іздейді	linguistic	_	_	_
1085-2	SPK6003	Falling	1085	731	адамды.	адамды	linguistic	_	_	End=1194.415
1086-0	SPK6004	Falling	1086	_	Мхм.	Мхм	linguistic	_	_	Begin=1194.988|End=1195.178
1087-0	SPK6003	undefined	1087	732	А	А	linguistic	_	_	Begin=1195.783
1087-1	SPK6003	undefined	1087	732	біреуі–	біреуі–	linguistic	_	_	End=1196.37
1088-0	SPK6003	Continuing	1088	733	Когда	Когда	linguistic	_	_	Begin=1196.592
1088-1	SPK6003	Continuing	1088	733	они	они	linguistic	_	_	_
1088-2	SPK6003	Continuing	1088	733	парные,	парные	linguistic	_	_	End=1197.564
1089-0	SPK6003	Continuing	1089	734	сол	сол	linguistic	_	_	Begin=1197.724
1089-1	SPK6003	Continuing	1089	734	дұрыс,	дұрыс	linguistic	_	_	End=1198.063
1090-0	SPK6003	Falling	1090	735	солармен	солармен	linguistic	_	_	Begin=1198.116
1090-1	SPK6003	Falling	1090	735	безопасно	безопасно	linguistic	_	_	_
1090-2	SPK6003	Falling	1090	735	ездить.	ездить	linguistic	_	_	End=1199.9
1091-0	SPK6004	Falling	1091	_	Мхм.	Мхм	linguistic	_	_	Begin=1199.929|End=1200.159
