token_id	speaker	iu_type	iu_id	tu_id	span	form	type	modality	features	align
0-0	SPK1104	undefined	0	0	Жазда	Жазда	linguistic	_	_	Begin=0.0|End=0.6
1-0	SPK1104	undefined	1	0	жайлау	жайлау	linguistic	_	_	Begin=0.6|End=1.22
2-0	SPK1104	Rising	2	0	бірдеңеге	бірдеңеге	linguistic	_	_	Begin=1.22
2-1	SPK1104	Rising	2	0	шығасыздар	шығасыздар	linguistic	_	_	_
2-2	SPK1104	Rising	2	0	ма	ма	linguistic	_	_	End=2.5
3-0	SPK1111	undefined	3	1	Иә	Иә	linguistic	_	_	Begin=1.88
3-1	SPK1111	undefined	3	1	шығамыз	шығамыз	linguistic	_	_	End=2.61
4-0	SPK1111	Continuing	4	2	өзіміз	өзіміз	linguistic	_	_	Begin=3.06
4-1	SPK1111	Continuing	4	2	бір	бір	linguistic	_	_	_
4-2	SPK1111	Continuing	4	2	машина	машина	linguistic	_	_	_
4-3	SPK1111	Continuing	4	2	болып	болып	linguistic	_	_	_
4-4	SPK1111	Continuing	4	2	кетіп	кетіп	linguistic	_	_	_
4-5	SPK1111	Continuing	4	2	қаламыз	қаламыз	linguistic	_	_	End=4.63
5-0	SPK1111	undefined	5	3	бір	бір	linguistic	_	_	Begin=4.63
5-1	SPK1111	undefined	5	3	екі	екі	linguistic	_	_	_
5-2	SPK1111	undefined	5	3	күн	күн	linguistic	_	_	_
5-3	SPK1111	undefined	5	3	жүреˈміз	жүреˈміз	linguistic	_	_	_
5-4	SPK1111	undefined	5	3	әуелі	әуелі	linguistic	_	_	End=5.71
6-0	SPK1111	Falling	6	3	біз	біз	linguistic	_	_	Begin=5.71
6-1	SPK1111	Falling	6	3	қыдырып.	қыдырып	linguistic	_	_	End=6.4
7-0	SPK1104	Continuing	7	4	Жоқ,	Жоқ	linguistic	_	_	Begin=6.88|End=7.35
8-0	SPK1104	undefined	8	4	не	не	linguistic	_	_	Begin=7.35|End=7.69
9-0	SPK1111	Interrupted	9	5	жайлау--	жайлау--	linguistic	_	Interrupted=Yes	Begin=7.48|End=8.02
10-0	SPK1104	undefined	10	4	жалпы	жалпы	linguistic	_	_	Begin=7.69|End=8.289
11-0	SPK1104	undefined	11	6	жайлауда	жайлауда	linguistic	_	_	Begin=8.29|End=9.1
12-0	SPK1104	Continuing	12	6	жаз	жаз	linguistic	_	_	Begin=9.11
12-1	SPK1104	Continuing	12	6	бойы	бойы	linguistic	_	_	_
12-2	SPK1104	Continuing	12	6	жүреміздер	жүреміздер	linguistic	_	_	_
12-3	SPK1104	Continuing	12	6	ма	ма	linguistic	_	_	_
12-4	SPK1104	Continuing	12	6	деймін	деймін	linguistic	_	_	_
12-5	SPK1104	Continuing	12	6	да	да	linguistic	_	_	End=10.54
13-0	SPK1111	Interrupted	13	7	иә	иә	linguistic	_	_	Begin=9.29
13-1	SPK1111	Interrupted	13	7	жаз--	жаз--	linguistic	_	Interrupted=Yes	End=10.01
14-0	SPK1104	Falling	14	6	андай	андай	linguistic	_	_	Begin=10.54
14-1	SPK1104	Falling	14	6	үй	үй	linguistic	_	_	_
14-2	SPK1104	Falling	14	6	отбасыңызбен	отбасыңызбен	linguistic	_	_	_
14-3	SPK1104	Falling	14	6	көшіп	көшіп	linguistic	_	_	End=12.64
15-0	SPK1111	undefined	15	8	иә,	иә	linguistic	_	_	Begin=12.19
15-1	SPK1111	undefined	15	8	(..)	(..)	shortpause	_	_	End=13.61
16-0	SPK1111	undefined	16	9	мен	мен	linguistic	_	_	Begin=13.61|End=14.05
17-0	SPK1111	undefined	17	9	жайлауда	жайлауда	linguistic	_	_	Begin=14.06|End=14.6
18-0	SPK1111	Falling	18	9	үлкейгенмін.	үлкейгенмін	linguistic	_	_	Begin=14.61|End=15.28
19-0	SPK1104	undefined	19	10	Қыста	Қыста	linguistic	_	_	Begin=16.56|End=17.08
20-0	SPK1104	undefined	20	10	ана	ана	linguistic	_	_	Begin=17.08|End=17.49
21-0	SPK1104	Rising	21	10	қыстау	қыстау	linguistic	_	_	Begin=17.49
21-1	SPK1104	Rising	21	10	деген	деген	linguistic	_	_	_
21-2	SPK1104	Rising	21	10	жерге	жерге	linguistic	_	_	_
21-3	SPK1104	Rising	21	10	барасыздар	барасыздар	linguistic	_	_	End=19.28
22-0	SPK1111	undefined	22	11	Иә,	Иә	linguistic	_	_	Begin=17.56
22-1	SPK1111	undefined	22	11	қыста:	қыста	linguistic	_	Prolongation=4	End=18.78
23-0	SPK1111	Continuing	23	12	қыстауға	қыстауға	linguistic	_	_	Begin=19.29
23-1	SPK1111	Continuing	23	12	түсіп	түсіп	linguistic	_	_	_
23-2	SPK1111	Continuing	23	12	аламыз,	аламыз	linguistic	_	_	End=20.652
24-0	SPK1111	undefined	24	13	мен	мен	linguistic	_	_	Begin=21.21|End=21.47
25-0	SPK1111	undefined	25	13	жазда	жазда	linguistic	_	_	Begin=21.48
25-1	SPK1111	undefined	25	13	жайлауда	жайлауда	linguistic	_	_	_
25-2	SPK1111	undefined	25	13	қал	қал	linguistic	_	_	End=22.34
26-0	SPK1111	Interrupted	26	14	әлгі	әлгі	linguistic	_	_	Begin=22.34
26-1	SPK1111	Interrupted	26	14	қыс--	қыс--	linguistic	_	Interrupted=Yes	End=22.79
27-0	SPK1111	Interrupted	27	14	қыс--	қыс--	linguistic	_	Interrupted=Yes	Begin=22.792|End=23.1
28-0	SPK1111	undefined	28	16	қыстың	қыстың	linguistic	_	_	Begin=23.1
28-1	SPK1111	undefined	28	16	басына	басына	linguistic	_	_	_
28-2	SPK1111	undefined	28	16	дейін	дейін	linguistic	_	_	_
28-3	SPK1111	undefined	28	16	жайлауда	жайлауда	linguistic	_	_	_
28-4	SPK1111	undefined	28	16	қалып	қалып	linguistic	_	_	_
28-5	SPK1111	undefined	28	16	қоямын	қоямын	linguistic	_	_	End=24.8
29-0	SPK1111	Continuing	29	16	малмен,	малмен	linguistic	_	_	Begin=24.8|End=25.464
30-0	SPK1111	Falling	30	17	рахат.	рахат	linguistic	_	_	Begin=25.464|End=26.38
31-0	SPK1104	undefined	31	_	(МММ)	(МММ)	disfluency	_	_	Begin=25.58|End=26.32
32-0	SPK1111	undefined	32	_	(.)	(.)	shortpause	_	_	Begin=26.39
32-1	SPK1111	undefined	32	_	(Н)	(Н)	linguistic	_	_	End=28.02
33-0	SPK1111	Falling	33	18	Бір	Бір	linguistic	_	_	Begin=28.02
33-1	SPK1111	Falling	33	18	қой	қой	linguistic	_	_	_
33-2	SPK1111	Falling	33	18	сойып	сойып	linguistic	_	_	_
33-3	SPK1111	Falling	33	18	аласың.	аласың	linguistic	_	_	End=29.51
34-0	SPK1111	undefined	34	_	(.)	(.)	shortpause	_	_	Begin=29.52
34-1	SPK1111	undefined	34	_	(ЫЫ)	(ЫЫ)	disfluency	_	_	End=31.09
35-0	SPK1111	Continuing	35	19	Біздің	Біздің	linguistic	_	_	Begin=31.09
35-1	SPK1111	Continuing	35	19	үй	үй	linguistic	_	_	_
35-2	SPK1111	Continuing	35	19	оның	оның	linguistic	_	_	_
35-3	SPK1111	Continuing	35	19	үстіне	үстіне	linguistic	_	_	_
35-4	SPK1111	Continuing	35	19	жайлау	жайлау	linguistic	_	_	_
35-5	SPK1111	Continuing	35	19	жақын	жақын	linguistic	_	_	End=32.65
36-0	SPK1111	undefined	36	20	машинамен	машинамен	linguistic	_	_	Begin=32.65|End=34.0
37-0	SPK1104	undefined	37	21	Қай	Қай	linguistic	_	_	Begin=33.9
37-1	SPK1104	undefined	37	21	жайлау	жайлау	linguistic	_	_	End=34.81
38-0	SPK1111	Falling	38	20	бір	бір	linguistic	_	_	Begin=34.0
38-1	SPK1111	Falling	38	20	жарым	жарым	linguistic	_	_	_
38-2	SPK1111	Falling	38	20	сағатта	сағатта	linguistic	_	_	_
38-3	SPK1111	Falling	38	20	жетесің	жетесің	linguistic	_	_	End=35.51
39-0	SPK1104	Rising	39	21	сіздерде?	сіздерде	linguistic	_	_	Begin=34.82|End=35.61
40-0	SPK1111	Falling	40	22	Шәші.	Шәші	linguistic	_	_	Begin=35.95|End=36.86
41-0	SPK1104	Falling	41	23	А,	А	linguistic	_	_	Begin=36.8
41-1	SPK1104	Falling	41	23	Шәші.	Шәші	linguistic	_	_	End=37.615
42-0	SPK1111	undefined	42	24	Сен	Сен	linguistic	_	_	Begin=37.53
42-1	SPK1111	undefined	42	24	барған.	барған	linguistic	_	_	End=38.21
43-0	SPK1104	Continuing	43	25	WHISPER	WHISPER	linguistic	_	_	Begin=38.25
43-1	SPK1104	Continuing	43	25	Шәші,	Шәші	linguistic	_	_	End=38.86
44-0	SPK1104	Continuing	44	26	әйбат	әйбат	linguistic	_	_	Begin=38.86
44-1	SPK1104	Continuing	44	26	қой	қой	linguistic	_	_	_
44-2	SPK1104	Continuing	44	26	ол	ол	linguistic	_	_	_
44-3	SPK1104	Continuing	44	26	деген,	деген	linguistic	_	_	End=39.72
45-0	SPK1111	Continuing	45	27	Иә,	Иә	linguistic	_	_	Begin=39.52|End=40.288
46-0	SPK1104	Rising	46	28	биік	биік	linguistic	_	_	Begin=39.72
46-1	SPK1104	Rising	46	28	иә?	иә	linguistic	_	_	End=40.36
47-0	SPK1111	Continuing	47	29	иә,	иә	linguistic	_	_	Begin=40.288|End=40.93
48-0	SPK1104	Rising	48	28	ол	ол	linguistic	_	_	Begin=40.36
48-1	SPK1104	Rising	48	28	дегенің?	дегенің	linguistic	_	_	End=41.09
49-0	SPK1111	undefined	49	_	(МХМ)	(МХМ)	linguistic	_	_	Begin=40.93|End=41.54
50-0	SPK1111	undefined	50	30	жолы	жолы	linguistic	_	_	Begin=41.54
50-1	SPK1111	undefined	50	30	:		unknown	_	Prolongation=-1	End=42.35
51-0	SPK1111	Continuing	51	30	май	май	linguistic	_	_	Begin=42.35
51-1	SPK1111	Continuing	51	30	жол	жол	linguistic	_	_	End=43.5
52-0	SPK1104	Continuing	52	31	Иә,	Иә	linguistic	_	_	Begin=42.88|End=43.4
53-0	SPK1111	Continuing	53	32	біздің	біздің	linguistic	_	_	Begin=43.5
53-1	SPK1111	Continuing	53	32	үйдің	үйдің	linguistic	_	_	_
53-2	SPK1111	Continuing	53	32	жанына	жанына	linguistic	_	_	_
53-3	SPK1111	Continuing	53	32	дейін	дейін	linguistic	_	_	_
53-4	SPK1111	Continuing	53	32	май	май	linguistic	_	_	_
53-5	SPK1111	Continuing	53	32	жол,	жол	linguistic	_	_	End=44.9
54-0	SPK1111	undefined	54	_	(.)	(.)	shortpause	_	_	Begin=44.9|End=45.63
55-0	SPK1111	Falling	55	33	машина	машина	linguistic	_	_	Begin=45.63
55-1	SPK1111	Falling	55	33	бірақ	бірақ	linguistic	_	_	_
55-2	SPK1111	Falling	55	33	барады.	барады	linguistic	_	_	End=46.86
56-0	SPK1111	undefined	56	34	Келіп	Келіп	linguistic	_	_	Begin=47.95
56-1	SPK1111	undefined	56	34	аласың	аласың	linguistic	_	_	_
56-2	SPK1111	undefined	56	34	дағы	дағы	linguistic	_	_	End=49.2
57-0	SPK1111	Falling	57	35	бір	бір	linguistic	_	_	Begin=50.54
57-1	SPK1111	Falling	57	35	толтырып	толтырып	linguistic	_	_	_
57-2	SPK1111	Falling	57	35	алып	алып	linguistic	_	_	_
57-3	SPK1111	Falling	57	35	кетіп	кетіп	linguistic	_	_	_
57-4	SPK1111	Falling	57	35	қаласың	қаласың	linguistic	_	_	_
57-5	SPK1111	Falling	57	35	машинаңды.	машинаңды	linguistic	_	_	End=52.104
58-0	SPK1111	undefined	58	_	(.)	(.)	shortpause	_	_	Begin=52.104
58-1	SPK1111	undefined	58	_	Н	Н	linguistic	_	_	End=52.74
59-0	SPK1104	undefined	59	_	@@@	@@@	linguistic	_	_	Begin=52.3|End=53.22
60-0	SPK1111	undefined	60	36	Оның	Оның	linguistic	_	_	Begin=52.74
60-1	SPK1111	undefined	60	36	үстіне	үстіне	linguistic	_	_	End=53.52
61-0	SPK1111	Continuing	61	37	біздің	біздің	linguistic	_	_	Begin=53.52
61-1	SPK1111	Continuing	61	37	жақта	жақта	linguistic	_	_	_
61-2	SPK1111	Continuing	61	37	саяхат	саяхат	linguistic	_	_	_
61-3	SPK1111	Continuing	61	37	орын	орын	linguistic	_	_	_
61-4	SPK1111	Continuing	61	37	ғой,	ғой	linguistic	_	_	End=54.66
62-0	SPK1111	undefined	62	38	бізден	бізден	linguistic	_	_	Begin=54.66
62-1	SPK1111	undefined	62	38	ары	ары	linguistic	_	_	_
62-2	SPK1111	undefined	62	38	қарай	қарай	linguistic	_	_	_
62-3	SPK1111	undefined	62	38	ешқандай	ешқандай	linguistic	_	_	_
62-4	SPK1111	undefined	62	38	машина	машина	linguistic	_	_	_
62-5	SPK1111	undefined	62	38	шығармайды	шығармайды	linguistic	_	_	_
62-6	SPK1111	undefined	62	38	дa	дa	linguistic	_	_	End=57.0
63-0	SPK1104	undefined	63	39	Сіздер	Сіздер	linguistic	_	_	Begin=56.69
63-1	SPK1104	undefined	63	39	саяхат	саяхат	linguistic	_	_	End=57.44
64-0	SPK1104	Rising	64	39	ашасыздар	ашасыздар	linguistic	_	_	Begin=57.44
64-1	SPK1104	Rising	64	39	ма	ма	linguistic	_	_	_
64-2	SPK1104	Rising	64	39	сонда?	сонда	linguistic	_	_	End=58.78
65-0	SPK1111	Continuing	65	40	Жоқ,	Жоқ	linguistic	_	_	Begin=58.34|End=59.03
66-0	SPK1111	undefined	66	41	WHISPER	WHISPER	linguistic	_	_	Begin=59.81
66-1	SPK1111	undefined	66	41	біз	біз	linguistic	_	_	_
66-2	SPK1111	undefined	66	41	андай	андай	linguistic	_	_	End=60.37
67-0	SPK1111	Falling	67	41	WHISPER	WHISPER	linguistic	_	_	Begin=60.37
67-1	SPK1111	Falling	67	41	кісі	кісі	linguistic	_	_	_
67-2	SPK1111	Falling	67	41	күтпейміз.	күтпейміз	linguistic	_	_	End=61.755
68-0	SPK1104	Rising	68	42	Саяхаттар	Саяхаттар	linguistic	_	_	Begin=61.61
68-1	SPK1104	Rising	68	42	бірақ	бірақ	linguistic	_	_	_
68-2	SPK1104	Rising	68	42	жақсы	жақсы	linguistic	_	_	_
68-3	SPK1104	Rising	68	42	табады	табады	linguistic	_	_	_
68-4	SPK1104	Rising	68	42	иә?	иә	linguistic	_	_	End=63.32
69-0	SPK1111	Falling	69	43	WHISPER	WHISPER	linguistic	_	_	Begin=63.11
69-1	SPK1111	Falling	69	43	Жақсы	Жақсы	linguistic	_	_	_
69-2	SPK1111	Falling	69	43	табады	табады	linguistic	_	_	End=64.13
70-0	SPK1104	undefined	70	44	Киіз	Киіз	linguistic	_	_	Begin=63.32
70-1	SPK1104	undefined	70	44	үйлері	үйлері	linguistic	_	_	_
70-2	SPK1104	undefined	70	44	бір	бір	linguistic	_	_	_
70-3	SPK1104	undefined	70	44	күнде	күнде	linguistic	_	_	_
70-4	SPK1104	undefined	70	44	:		unknown	_	Prolongation=-1	End=64.88
71-0	SPK1104	undefined	71	44	үш	үш	linguistic	_	_	Begin=64.88
71-1	SPK1104	undefined	71	44	төрт	төрт	linguistic	_	_	_
71-2	SPK1104	undefined	71	44	жүз	жүз	linguistic	_	_	_
71-3	SPK1104	undefined	71	44	юань	юань	linguistic	_	_	End=66.01
72-0	SPK1111	Continuing	72	45	Иә,	Иә	linguistic	_	_	Begin=65.07|End=65.87
73-0	SPK1104	Falling	73	44	болып	болып	linguistic	_	_	Begin=66.01
73-1	SPK1104	Falling	73	44	:.		unknown	_	Prolongation=-1	End=66.63
74-0	SPK1111	undefined	74	46	оған	оған	linguistic	_	_	Begin=67.23
74-1	SPK1111	undefined	74	46	біз	біз	linguistic	_	_	End=68.43
75-0	SPK1111	undefined	75	46	ана	ана	linguistic	_	_	Begin=68.76
75-1	SPK1111	undefined	75	46	біреуді	біреуді	linguistic	_	_	_
75-2	SPK1111	undefined	75	46	бүйтіп	бүйтіп	linguistic	_	_	End=69.73
76-0	SPK1111	undefined	76	46	WHISPER	WHISPER	linguistic	_	_	Begin=69.74
76-1	SPK1111	undefined	76	46	Әәә	Әәә	linguistic	_	_	_
76-2	SPK1111	undefined	76	46	деп	деп	linguistic	_	_	End=70.972
77-0	SPK1111	Continuing	77	46	күткіміз	күткіміз	linguistic	_	_	Begin=70.98
77-1	SPK1111	Continuing	77	46	келмейді,	келмейді	linguistic	_	_	End=72.12
78-0	SPK1104	Continuing	78	47	Иә,	Иә	linguistic	_	_	Begin=71.7|End=72.326
79-0	SPK1111	undefined	79	48	өзіміз	өзіміз	linguistic	_	_	Begin=72.12
79-1	SPK1111	undefined	79	48	бүйтіп	бүйтіп	linguistic	_	_	End=72.7
80-0	SPK1111	Falling	80	48	бүйтіп	бүйтіп	linguistic	_	_	Begin=72.7
80-1	SPK1111	Falling	80	48	қалған	қалған	linguistic	_	_	_
80-2	SPK1111	Falling	80	48	адамдармыз	адамдармыз	linguistic	_	_	_
80-3	SPK1111	Falling	80	48	бәріміз.	бәріміз	linguistic	_	_	End=74.225
81-0	SPK1111	undefined	81	_	(..)	(..)	shortpause	_	_	Begin=74.225
81-1	SPK1111	undefined	81	_	(Н)	(Н)	linguistic	_	_	End=76.59
82-0	SPK1111	undefined	82	49	Содан	Содан	linguistic	_	_	Begin=76.59|End=77.69
83-0	SPK1111	Continuing	83	49	біреудің	біреудің	linguistic	_	_	Begin=77.69
83-1	SPK1111	Continuing	83	49	қас	қас	linguistic	_	_	_
83-2	SPK1111	Continuing	83	49	қабағына	қабағына	linguistic	_	_	_
83-3	SPK1111	Continuing	83	49	қарағымыз	қарағымыз	linguistic	_	_	_
83-4	SPK1111	Continuing	83	49	келмейді,	келмейді	linguistic	_	_	End=79.62
84-0	SPK1111	Falling	84	50	асаумыз.	асаумыз	linguistic	_	_	Begin=79.62|End=80.57
85-0	SPK1111	undefined	85	51	(ЫЫ)	(ЫЫ)	disfluency	_	_	Begin=83.18|End=83.57
86-0	SPK1111	undefined	86	51	Бізден	Бізден	linguistic	_	_	Begin=83.57
86-1	SPK1111	undefined	86	51	ары	ары	linguistic	_	_	_
86-2	SPK1111	undefined	86	51	қарай	қарай	linguistic	_	_	End=84.42
87-0	SPK1111	undefined	87	51	ap	ap	linguistic	_	_	Begin=84.42
87-1	SPK1111	undefined	87	51	ЫЫ	ЫЫ	linguistic	_	_	End=84.75
88-0	SPK1111	undefined	88	52	ана	ана	linguistic	_	_	Begin=84.75|End=85.39
89-0	SPK1111	Interrupted	89	_	op--	op--	linguistic	_	Interrupted=Yes	Begin=85.39|End=86.11
90-0	SPK1111	Continuing	90	53	бізге	бізге	linguistic	_	_	Begin=86.11
90-1	SPK1111	Continuing	90	53	аз	аз	linguistic	_	_	_
90-2	SPK1111	Continuing	90	53	қалған	қалған	linguistic	_	_	_
90-3	SPK1111	Continuing	90	53	жерде	жерде	linguistic	_	_	_
90-4	SPK1111	Continuing	90	53	саяхат	саяхат	linguistic	_	_	_
90-5	SPK1111	Continuing	90	53	бар	бар	linguistic	_	_	End=87.82
91-0	SPK1104	undefined	91	_	(МХМ)	(МХМ)	linguistic	_	_	Begin=87.52|End=88.12
92-0	SPK1111	undefined	92	53	(.)	(.)	shortpause	_	_	Begin=87.82
92-1	SPK1111	undefined	92	53	(Н)	(Н)	linguistic	_	_	End=88.24
93-0	SPK1111	undefined	93	54	ол	ол	linguistic	_	_	Begin=88.24
93-1	SPK1111	undefined	93	54	жерден	жерден	linguistic	_	_	End=89.06
94-0	SPK1111	Continuing	94	54	жолды	жолды	linguistic	_	_	Begin=89.06
94-1	SPK1111	Continuing	94	54	тосып	тосып	linguistic	_	_	_
94-2	SPK1111	Continuing	94	54	тастаған,	тастаған	linguistic	_	_	End=90.31
95-0	SPK1111	undefined	95	55	ары	ары	linguistic	_	_	Begin=90.31
95-1	SPK1111	undefined	95	55	десең	десең	linguistic	_	_	_
95-2	SPK1111	undefined	95	55	ары	ары	linguistic	_	_	_
95-3	SPK1111	undefined	95	55	одан	одан	linguistic	_	_	_
95-4	SPK1111	undefined	95	55	ары	ары	linguistic	_	_	_
95-5	SPK1111	undefined	95	55	қарай	қарай	linguistic	_	_	_
95-6	SPK1111	undefined	95	55	машина	машина	linguistic	_	_	End=91.73
96-0	SPK1111	Falling	96	55	ештеңе	ештеңе	linguistic	_	_	Begin=91.73
96-1	SPK1111	Falling	96	55	щығармайды	щығармайды	linguistic	_	_	End=92.86
97-0	SPK1104	Rising	97	56	Ол	Ол	linguistic	_	_	Begin=92.9
97-1	SPK1104	Rising	97	56	жақта	жақта	linguistic	_	_	_
97-2	SPK1104	Rising	97	56	не	не	linguistic	_	_	_
97-3	SPK1104	Rising	97	56	бар	бар	linguistic	_	_	_
97-4	SPK1104	Rising	97	56	сонда?	сонда	linguistic	_	_	End=94.31
98-0	SPK1111	Falling	98	57	Одан	Одан	linguistic	_	_	Begin=94.36
98-1	SPK1111	Falling	98	57	ары	ары	linguistic	_	_	_
98-2	SPK1111	Falling	98	57	қарай	қарай	linguistic	_	_	_
98-3	SPK1111	Falling	98	57	малшылардыкі.	малшылардыкі	linguistic	_	_	End=95.85
99-0	SPK1104	Continuing	99	58	Еее,	Еее	linguistic	_	_	Begin=95.75|End=96.24
100-0	SPK1111	Continuing	100	59	Рахат,	Рахат	linguistic	_	_	Begin=95.85|End=97.4
101-0	SPK1104	Falling	101	58	өздерінің	өздерінің	linguistic	_	_	Begin=96.24
101-1	SPK1104	Falling	101	58	жері	жері	linguistic	_	_	_
101-2	SPK1104	Falling	101	58	деңіз.	деңіз	linguistic	_	_	End=97.442
102-0	SPK1111	Continuing	102	60	машина	машина	linguistic	_	_	Begin=97.4
102-1	SPK1111	Continuing	102	60	бармайды,	бармайды	linguistic	_	_	End=98.8
103-0	SPK1111	Continuing	103	61	ұры	ұры	linguistic	_	_	Begin=98.8
103-1	SPK1111	Continuing	103	61	бармайды,	бармайды	linguistic	_	_	End=100.01
104-0	SPK1111	undefined	104	62	бірақ	бірақ	linguistic	_	_	Begin=100.01|End=101.51
105-0	SPK1104	undefined	105	63	Жете	Жете	linguistic	_	_	Begin=100.45
105-1	SPK1104	undefined	105	63	алмайды	алмайды	linguistic	_	_	End=101.21
106-0	SPK1104	undefined	106	63	дейсіз	дейсіз	linguistic	_	_	Begin=101.21
106-1	SPK1104	undefined	106	63	ғой	ғой	linguistic	_	_	_
106-2	SPK1104	undefined	106	63	@@	@@	linguistic	_	_	End=102.5
107-0	SPK1111	Continuing	107	64	бізді	бізді	linguistic	_	_	Begin=102.72
107-1	SPK1111	Continuing	107	64	өткізіп	өткізіп	linguistic	_	_	_
107-2	SPK1111	Continuing	107	64	жібереді	жібереді	linguistic	_	_	_
107-3	SPK1111	Continuing	107	64	ары	ары	linguistic	_	_	_
107-4	SPK1111	Continuing	107	64	қарай,	қарай	linguistic	_	_	End=103.95
108-0	SPK1111	Interrupted	108	65	енді	енді	linguistic	_	_	Begin=103.95
108-1	SPK1111	Interrupted	108	65	біз--	біз--	linguistic	_	Interrupted=Yes	End=104.87
109-0	SPK1111	Continuing	109	66	бізге	бізге	linguistic	_	_	Begin=104.87
109-1	SPK1111	Continuing	109	66	tong	tong	linguistic	_	_	_
109-2	SPK1111	Continuing	109	66	xing	xing	linguistic	_	_	_
109-3	SPK1111	Continuing	109	66	zheng	zheng	linguistic	_	_	_
109-4	SPK1111	Continuing	109	66	бітіріп	бітіріп	linguistic	_	_	_
109-5	SPK1111	Continuing	109	66	береді	береді	linguistic	_	_	_
109-6	SPK1111	Continuing	109	66	дe	дe	linguistic	_	_	End=106.15
110-0	SPK1111	Continuing	110	67	өткізіп	өткізіп	linguistic	_	_	Begin=106.15
110-1	SPK1111	Continuing	110	67	жібереді,	жібереді	linguistic	_	_	End=107.44
111-0	SPK1111	Falling	111	68	рахат.	рахат	linguistic	_	_	Begin=107.44|End=108.43
112-0	SPK1111	undefined	112	_	(.)	(.)	shortpause	_	_	Begin=108.44
112-1	SPK1111	undefined	112	_	(Н)	(Н)	linguistic	_	_	End=109.51
113-0	SPK1111	undefined	113	_	(ЫЫЫ)	(ЫЫЫ)	linguistic	_	_	Begin=109.51|End=110.5
114-0	SPK1111	undefined	114	69	Бірақ	Бірақ	linguistic	_	_	Begin=110.5
114-1	SPK1111	undefined	114	69	саяхатшылар	саяхатшылар	linguistic	_	_	End=111.36
115-0	SPK1111	Continuing	115	69	бізге	бізге	linguistic	_	_	Begin=111.36
115-1	SPK1111	Continuing	115	69	де	де	linguistic	_	_	_
115-2	SPK1111	Continuing	115	69	барып	барып	linguistic	_	_	_
115-3	SPK1111	Continuing	115	69	алады,	алады	linguistic	_	_	End=112.2
116-0	SPK1111	undefined	116	70	саяхат	саяхат	linguistic	_	_	Begin=112.2
116-1	SPK1111	undefined	116	70	орында	орында	linguistic	_	_	End=113.23
117-0	SPK1111	undefined	117	71	ting	ting	linguistic	_	_	Begin=114.56
117-1	SPK1111	undefined	117	71	dan	dan	linguistic	_	_	_
117-2	SPK1111	undefined	117	71	diao	diao	linguistic	_	_	End=115.35
118-0	SPK1111	Continuing	118	71	деп	деп	linguistic	_	_	Begin=115.35
118-1	SPK1111	Continuing	118	71	айтады	айтады	linguistic	_	_	End=116.12
119-0	SPK1104	undefined	119	72	Жиі:	Жиі	linguistic	_	Prolongation=2	Begin=115.64|End=116.31
120-0	SPK1104	Falling	120	72	орналасқан.	орналасқан	linguistic	_	_	Begin=116.31|End=117.29
121-0	SPK1111	Continuing	121	73	жиі:.	жиі	linguistic	_	Prolongation=2	Begin=116.44|End=117.11
122-0	SPK1111	Continuing	122	74	мәнсіз,	мәнсіз	linguistic	_	_	Begin=117.45|End=118.42
123-0	SPK1111	undefined	123	75	кеп	кеп	linguistic	_	_	Begin=118.43|End=119.06
124-0	SPK1111	Continuing	124	75	аттарыңа	аттарыңа	linguistic	_	_	Begin=119.5
124-1	SPK1111	Continuing	124	75	мінейікші	мінейікші	linguistic	_	_	_
124-2	SPK1111	Continuing	124	75	:,		unknown	_	Prolongation=-1	End=121.36
125-0	SPK1111	Continuing	125	75	сиырларыңды	сиырларыңды	linguistic	_	_	Begin=121.36
125-1	SPK1111	Continuing	125	75	сауып	сауып	linguistic	_	_	_
125-2	SPK1111	Continuing	125	75	көрейікші:	көрейікші	linguistic	_	Prolongation=8	End=123.374
126-0	SPK1111	Continuing	126	75	дейді	дейді	linguistic	_	_	Begin=123.374
126-1	SPK1111	Continuing	126	75	әлгі	әлгі	linguistic	_	_	_
126-2	SPK1111	Continuing	126	75	қытайларшы	қытайларшы	linguistic	_	_	End=124.01
127-0	SPK1104	undefined	127	_	(МХМ)	(МХМ)	linguistic	_	_	Begin=123.52|End=124.029
128-0	SPK1111	Falling	128	75	ішкерден	ішкерден	linguistic	_	_	Begin=124.02
128-1	SPK1111	Falling	128	75	келеді	келеді	linguistic	_	_	_
128-2	SPK1111	Falling	128	75	ғой.	ғой	linguistic	_	_	End=124.91
129-0	SPK1111	Interrupted	129	76	Ақша-	Ақша-	linguistic	_	Interrupted=Yes	Begin=126.48|End=127.29
130-0	SPK1104	Rising	130	77	Солар	Солар	linguistic	_	_	Begin=126.68
130-1	SPK1104	Rising	130	77	өмірдің	өмірдің	linguistic	_	_	_
130-2	SPK1104	Rising	130	77	нақ	нақ	linguistic	_	_	_
130-3	SPK1104	Rising	130	77	мәнін	мәнін	linguistic	_	_	_
130-4	SPK1104	Rising	130	77	біледі	біледі	linguistic	_	_	_
130-5	SPK1104	Rising	130	77	иә	иә	linguistic	_	_	End=128.97
131-0	SPK1111	undefined	131	78	ақша	ақша	linguistic	_	_	Begin=128.71
131-1	SPK1111	undefined	131	78	алмаймыз	алмаймыз	linguistic	_	_	_
131-2	SPK1111	undefined	131	78	десек	десек	linguistic	_	_	End=129.62
132-0	SPK1111	Falling	132	79	тықпалап	тықпалап	linguistic	_	_	Begin=129.62
132-1	SPK1111	Falling	132	79	жүріп	жүріп	linguistic	_	_	_
132-2	SPK1111	Falling	132	79	ақша	ақша	linguistic	_	_	_
132-3	SPK1111	Falling	132	79	тастап	тастап	linguistic	_	_	_
132-4	SPK1111	Falling	132	79	кетеді.	кетеді	linguistic	_	_	End=131.08
133-0	SPK1111	undefined	133	_	(.)	(.)	shortpause	_	_	Begin=131.08
133-1	SPK1111	undefined	133	_	(H)	(H)	inhale	_	_	End=132.17
134-0	SPK1111	undefined	134	80	Содан	Содан	linguistic	_	_	Begin=132.17|End=133.01
135-0	SPK1111	Continuing	135	81	қазақ	қазақ	linguistic	_	_	Begin=136.07
135-1	SPK1111	Continuing	135	81	үй	үй	linguistic	_	_	_
135-2	SPK1111	Continuing	135	81	тігіп	тігіп	linguistic	_	_	_
135-3	SPK1111	Continuing	135	81	қоямыз,	қоямыз	linguistic	_	_	End=137.07
136-0	SPK1111	Interrupted	136	81	бір-	бір-	linguistic	_	Interrupted=Yes	Begin=137.07|End=137.41
137-0	SPK1111	Falling	137	83	екеу.	екеу	linguistic	_	_	Begin=137.41|End=138.06
138-0	SPK1111	undefined	138	84	Кейде	Кейде	linguistic	_	_	Begin=138.06|End=138.56
139-0	SPK1111	Continuing	139	85	кей	кей	linguistic	_	_	Begin=138.56
139-1	SPK1111	Continuing	139	85	жылы	жылы	linguistic	_	_	_
139-2	SPK1111	Continuing	139	85	біреу	біреу	linguistic	_	_	_
139-3	SPK1111	Continuing	139	85	тігеміз,	тігеміз	linguistic	_	_	End=139.69
140-0	SPK1111	Continuing	140	86	кейде	кейде	linguistic	_	_	Begin=139.69
140-1	SPK1111	Continuing	140	86	екеу	екеу	linguistic	_	_	_
140-2	SPK1111	Continuing	140	86	тігіп	тігіп	linguistic	_	_	_
140-3	SPK1111	Continuing	140	86	қоямыз,	қоямыз	linguistic	_	_	End=141.1
141-0	SPK1111	Falling	141	87	бізге	бізге	linguistic	_	_	Begin=141.1
141-1	SPK1111	Falling	141	87	қонақ	қонақ	linguistic	_	_	_
141-2	SPK1111	Falling	141	87	көп	көп	linguistic	_	_	_
141-3	SPK1111	Falling	141	87	келеді.	келеді	linguistic	_	_	End=142.67
142-0	SPK1111	undefined	142	88	Содан	Содан	linguistic	_	_	Begin=144.62|End=145.31
143-0	SPK1111	undefined	143	89	жайлауда	жайлауда	linguistic	_	_	Begin=145.31
143-1	SPK1111	undefined	143	89	болған	болған	linguistic	_	_	_
143-2	SPK1111	undefined	143	89	соң	соң	linguistic	_	_	End=146.39
144-0	SPK1111	Continuing	144	90	қымыз	қымыз	linguistic	_	_	Begin=147.44
144-1	SPK1111	Continuing	144	90	ішетін	ішетін	linguistic	_	_	_
144-2	SPK1111	Continuing	144	90	адам	адам	linguistic	_	_	_
144-3	SPK1111	Continuing	144	90	көп,	көп	linguistic	_	_	End=148.63
145-0	SPK1111	Falling	145	91	бие	бие	linguistic	_	_	Begin=149.677
145-1	SPK1111	Falling	145	91	байлаймыз.	байлаймыз	linguistic	_	_	End=150.939
146-0	SPK1104	undefined	146	92	Онда	Онда	linguistic	_	_	Begin=151.0
146-1	SPK1104	undefined	146	92	мен	мен	linguistic	_	_	_
146-2	SPK1104	undefined	146	92	Қытайға	Қытайға	linguistic	_	_	_
146-3	SPK1104	undefined	146	92	қайтқанда	қайтқанда	linguistic	_	_	End=152.6
147-0	SPK1104	Interrupted	147	92	Шә-	Шә-	linguistic	_	Interrupted=Yes	Begin=152.6|End=153.01
148-0	SPK1104	undefined	148	92	Шәшіге	Шәшіге	linguistic	_	_	Begin=153.01|End=154.11
149-0	SPK1111	undefined	149	_	WHISPER	WHISPER	linguistic	_	_	Begin=154.0
149-1	SPK1111	undefined	149	_	бар	бар	linguistic	_	_	_
149-2	SPK1111	undefined	149	_	бар	бар	linguistic	_	_	_
149-3	SPK1111	undefined	149	_	бар	бар	linguistic	_	_	End=154.6
150-0	SPK1104	undefined	150	92	сіздерге	сіздерге	linguistic	_	_	Begin=154.11|End=154.85
151-0	SPK1104	Continuing	151	92	іздеп	іздеп	linguistic	_	_	Begin=154.85
151-1	SPK1104	Continuing	151	92	барайын	барайын	linguistic	_	_	_
151-2	SPK1104	Continuing	151	92	деп	деп	linguistic	_	_	_
151-3	SPK1104	Continuing	151	92	па	па	linguistic	_	_	_
151-4	SPK1104	Continuing	151	92	@@@	@@@	linguistic	_	_	End=156.81
152-0	SPK1111	Continuing	152	93	Бар,	Бар	linguistic	_	_	Begin=155.22|End=155.92
153-0	SPK1104	undefined	153	94	бір	бір	linguistic	_	_	Begin=156.82
153-1	SPK1104	undefined	153	94	жылы	жылы	linguistic	_	_	_
153-2	SPK1104	undefined	153	94	бір	бір	linguistic	_	_	_
153-3	SPK1104	undefined	153	94	айтта	айтта	linguistic	_	_	_
153-4	SPK1104	undefined	153	94	әкем	әкем	linguistic	_	_	_
153-5	SPK1104	undefined	153	94	ертіп	ертіп	linguistic	_	_	End=158.93
154-0	SPK1104	Falling	154	94	бәріміз	бәріміз	linguistic	_	_	Begin=158.93
154-1	SPK1104	Falling	154	94	бірге	бірге	linguistic	_	_	_
154-2	SPK1104	Falling	154	94	барған	барған	linguistic	_	_	_
154-3	SPK1104	Falling	154	94	едік.	едік	linguistic	_	_	End=161.041
155-0	SPK1111	undefined	155	95	бар	бар	linguistic	_	_	Begin=161.11
155-1	SPK1111	undefined	155	95	біздің	біздің	linguistic	_	_	_
155-2	SPK1111	undefined	155	95	үйде	үйде	linguistic	_	_	End=162.18
156-0	SPK1111	undefined	156	96	әлгі	әлгі	linguistic	_	_	Begin=162.18|End=163.03
157-0	SPK1111	Continuing	157	97	ting	ting	linguistic	_	_	Begin=163.03
157-1	SPK1111	Continuing	157	97	yuan	yuan	linguistic	_	_	_
157-2	SPK1111	Continuing	157	97	shi	shi	linguistic	_	_	_
157-3	SPK1111	Continuing	157	97	de	de	linguistic	_	_	End=164.111
158-0	SPK1104	undefined	158	_	(МММ)	(МММ)	disfluency	_	_	Begin=164.111|End=164.918
159-0	SPK1104	Continuing	159	98	Сондай	Сондай	linguistic	_	_	Begin=164.918
159-1	SPK1104	Continuing	159	98	жақсы	жақсы	linguistic	_	_	_
159-2	SPK1104	Continuing	159	98	ғой	ғой	linguistic	_	_	End=166.02
160-0	SPK1111	undefined	160	_	(ЫЫЫ)	(ЫЫЫ)	linguistic	_	_	Begin=165.04|End=166.02
161-0	SPK1104	Continuing	161	98	рахат	рахат	linguistic	_	_	Begin=166.02
161-1	SPK1104	Continuing	161	98	қой	қой	linguistic	_	_	End=166.57
162-0	SPK1111	Interrupted	162	99	төк-	төк-	linguistic	_	Interrupted=Yes	Begin=166.02|End=166.57
163-0	SPK1104	Falling	163	98	демалып	демалып	linguistic	_	_	Begin=166.57|End=167.62
164-0	SPK1111	Interrupted	164	100	төк-	төк-	linguistic	_	Interrupted=Yes	Begin=166.57|End=167.2
165-0	SPK1111	Interrupted	165	101	төк-	төк-	linguistic	_	Interrupted=Yes	Begin=167.2|End=168.0
166-0	SPK1111	Falling	166	102	төк	төк	linguistic	_	_	Begin=168.0
166-1	SPK1111	Falling	166	102	бар.	бар	linguistic	_	_	End=168.91
167-0	SPK1104	Rising	167	103	не	не	linguistic	_	_	Begin=169.29
167-1	SPK1104	Rising	167	103	төк	төк	linguistic	_	_	_
167-2	SPK1104	Rising	167	103	па?	па	linguistic	_	_	End=170.11
168-0	SPK1104	Rising	168	104	tai	tai	linguistic	_	_	Begin=170.11
168-1	SPK1104	Rising	168	104	yang	yang	linguistic	_	_	_
168-2	SPK1104	Rising	168	104	neng	neng	linguistic	_	_	_
168-3	SPK1104	Rising	168	104	-мен	-мен	linguistic	_	_	End=171.21
169-0	SPK1111	Continuing	169	105	Иә,	Иә	linguistic	_	_	Begin=170.38|End=171.03
170-0	SPK1111	Falling	170	106	күн	күн	linguistic	_	_	Begin=171.04
170-1	SPK1111	Falling	170	106	нұры	нұры	linguistic	_	_	End=171.82
171-0	SPK1111	undefined	171	_	(ЫЫЫ)	(ЫЫЫ)	linguistic	_	_	Begin=173.808|End=174.756
172-0	SPK1104	undefined	172	_	(МММ)	(МММ)	disfluency	_	_	Begin=174.1|End=174.73
173-0	SPK1111	Continuing	173	107	Қымыз	Қымыз	linguistic	_	_	Begin=176.47
173-1	SPK1111	Continuing	173	107	ішетіндер	ішетіндер	linguistic	_	_	_
173-2	SPK1111	Continuing	173	107	барады	барады	linguistic	_	_	_
173-3	SPK1111	Continuing	173	107	арнайы,	арнайы	linguistic	_	_	End=178.4
174-0	SPK1111	Interrupted	174	108	біздің	біздің	linguistic	_	_	Begin=180.01
174-1	SPK1111	Interrupted	174	108	үйдегілер	үйдегілер	linguistic	_	_	_
174-2	SPK1111	Interrupted	174	108	қонақ--	қонақ--	linguistic	_	Interrupted=Yes	End=181.357
175-0	SPK1111	Interrupted	175	108	(.)	(.)	shortpause	_	_	Begin=181.357
175-1	SPK1111	Interrupted	175	108	қонақ--	қонақ--	linguistic	_	Interrupted=Yes	End=182.41
176-0	SPK1111	Falling	176	108	қонағы	қонағы	linguistic	_	_	Begin=182.41
176-1	SPK1111	Falling	176	108	бар.	бар	linguistic	_	_	End=183.72
177-0	SPK1111	undefined	177	109	Дастархан	Дастархан	linguistic	_	_	Begin=183.72
177-1	SPK1111	undefined	177	109	таңертең	таңертең	linguistic	_	_	_
177-2	SPK1111	undefined	177	109	жайылады	жайылады	linguistic	_	_	End=185.28
178-0	SPK1111	undefined	178	110	болды	болды	linguistic	_	_	Begin=185.28
178-1	SPK1111	undefined	178	110	кеште	кеште	linguistic	_	_	End=186.4
179-0	SPK1104	Falling	179	111	Бірақ	Бірақ	linguistic	_	_	Begin=186.07
179-1	SPK1104	Falling	179	111	жиналады	жиналады	linguistic	_	_	_
179-2	SPK1104	Falling	179	111	деңіз	деңіз	linguistic	_	_	End=187.79
180-0	SPK1111	Continuing	180	110	жиналады,	жиналады	linguistic	_	_	Begin=186.4|End=187.02
181-0	SPK1111	undefined	181	112	түсте	түсте	linguistic	_	_	Begin=187.02
181-1	SPK1111	undefined	181	112	jia	jia	linguistic	_	_	_
181-2	SPK1111	undefined	181	112	mian	mian	linguistic	_	_	_
181-3	SPK1111	undefined	181	112	ғып	ғып	linguistic	_	_	End=187.91
182-0	SPK1111	Falling	182	112	нан	нан	linguistic	_	_	Begin=187.91
182-1	SPK1111	Falling	182	112	әкеліп	әкеліп	linguistic	_	_	_
182-2	SPK1111	Falling	182	112	қоясың	қоясың	linguistic	_	_	_
182-3	SPK1111	Falling	182	112	арасында	арасында	linguistic	_	_	End=189.302
183-0	SPK1104	Interrupted	183	113	Қымыз	Қымыз	linguistic	_	_	Begin=188.9
183-1	SPK1104	Interrupted	183	113	@--	@--	linguistic	_	Interrupted=Yes	End=189.784
184-0	SPK1104	undefined	184	114	күні	күні	linguistic	_	_	Begin=189.784
184-1	SPK1104	undefined	184	114	бойы	бойы	linguistic	_	_	_
184-2	SPK1104	undefined	184	114	қымыз	қымыз	linguistic	_	_	_
184-3	SPK1104	undefined	184	114	құйып	құйып	linguistic	_	_	End=190.91
185-0	SPK1104	Falling	185	114	деңіз.	деңіз	linguistic	_	_	Begin=190.91|End=191.974
186-0	SPK1111	Continuing	186	115	Әңгімеден	Әңгімеден	linguistic	_	_	Begin=192.42
186-1	SPK1111	Continuing	186	115	әңгіме,	әңгіме	linguistic	_	_	End=193.553
187-0	SPK1111	undefined	187	116	мен	мен	linguistic	_	_	Begin=193.553
187-1	SPK1111	undefined	187	116	сол	сол	linguistic	_	_	End=194.361
188-0	SPK1111	undefined	188	116	жұмысым	жұмысым	linguistic	_	_	Begin=194.361|End=195.34
189-0	SPK1111	undefined	189	116	таңертең	таңертең	linguistic	_	_	Begin=196.18
189-1	SPK1111	undefined	189	116	(.)	(.)	shortpause	_	_	End=198.0
190-0	SPK1111	Continuing	190	116	өзім	өзім	linguistic	_	_	Begin=198.0
190-1	SPK1111	Continuing	190	116	ерте	ерте	linguistic	_	_	_
190-2	SPK1111	Continuing	190	116	тұратын	тұратын	linguistic	_	_	_
190-3	SPK1111	Continuing	190	116	болған	болған	linguistic	_	_	_
190-4	SPK1111	Continuing	190	116	соң,	соң	linguistic	_	_	End=199.466
191-0	SPK1111	undefined	191	116	(..)	(..)	shortpause	_	_	Begin=199.466|End=200.8
192-0	SPK1111	Falling	192	116	сиыр	сиыр	linguistic	_	_	Begin=200.8
192-1	SPK1111	Falling	192	116	сауып	сауып	linguistic	_	_	_
192-2	SPK1111	Falling	192	116	тастаймын.	тастаймын	linguistic	_	_	End=201.958
193-0	SPK1104	Rising	193	117	Ой	Ой	linguistic	_	_	Begin=202.137
193-1	SPK1104	Rising	193	117	сиыр	сиыр	linguistic	_	_	_
193-2	SPK1104	Rising	193	117	сауып	сауып	linguistic	_	_	_
193-3	SPK1104	Rising	193	117	тастайсыз	тастайсыз	linguistic	_	_	_
193-4	SPK1104	Rising	193	117	ба	ба	linguistic	_	_	End=203.825
194-0	SPK1111	Falling	194	118	Шешем	Шешем	linguistic	_	_	Begin=203.13
194-1	SPK1111	Falling	194	118	аяғы	аяғы	linguistic	_	_	_
194-2	SPK1111	Falling	194	118	ауырады	ауырады	linguistic	_	_	End=204.335
195-0	SPK1104	Continuing	195	119	Е,	Е	linguistic	_	_	Begin=204.21|End=204.68
196-0	SPK1104	Falling	196	119	онда	онда	linguistic	_	_	Begin=204.68
196-1	SPK1104	Falling	196	119	жақсы	жақсы	linguistic	_	_	_
196-2	SPK1104	Falling	196	119	екен	екен	linguistic	_	_	_
196-3	SPK1104	Falling	196	119	ғой.	ғой	linguistic	_	_	End=205.623
197-0	SPK1111	Interrupted	197	120	Бір	Бір	linguistic	_	_	Begin=205.91
197-1	SPK1111	Interrupted	197	120	жуас	жуас	linguistic	_	_	_
197-2	SPK1111	Interrupted	197	120	сиыр	сиыр	linguistic	_	_	_
197-3	SPK1111	Interrupted	197	120	бар--	бар--	linguistic	_	Interrupted=Yes	End=207.142
198-0	SPK1104	Rising	198	121	Бір	Бір	linguistic	_	_	Begin=208.01
198-1	SPK1104	Rising	198	121	ғана	ғана	linguistic	_	_	_
198-2	SPK1104	Rising	198	121	сиыр	сиыр	linguistic	_	_	_
198-3	SPK1104	Rising	198	121	сауасыздар?	сауасыздар	linguistic	_	_	End=209.61
199-0	SPK1111	Interrupted	199	122	бізге	бізге	linguistic	_	_	Begin=209.58
199-1	SPK1111	Interrupted	199	122	шай--	шай--	linguistic	_	Interrupted=Yes	End=210.67
200-0	SPK1111	Continuing	200	122	шайлық	шайлық	linguistic	_	_	Begin=210.68
200-1	SPK1111	Continuing	200	122	сүтке	сүтке	linguistic	_	_	_
200-2	SPK1111	Continuing	200	122	ғана,	ғана	linguistic	_	_	End=211.51
201-0	SPK1111	undefined	201	122	қалғанын	қалғанын	linguistic	_	_	Begin=211.51|End=211.82
202-0	SPK1111	Falling	202	123	саумаймыз.	саумаймыз	linguistic	_	_	Begin=211.82|End=212.8
203-0	SPK1104	undefined	203	124	Бұрын:	Бұрын	linguistic	_	Prolongation=4	Begin=212.4|End=213.42
204-0	SPK1104	Interrupted	204	124	бір-	бір-	linguistic	_	Interrupted=Yes	Begin=213.42|End=214.228
205-0	SPK1104	Continuing	205	124	біз	біз	linguistic	_	_	Begin=214.228
205-1	SPK1104	Continuing	205	124	Таңбалы	Таңбалы	linguistic	_	_	_
205-2	SPK1104	Continuing	205	124	деген	деген	linguistic	_	_	_
205-3	SPK1104	Continuing	205	124	жерге	жерге	linguistic	_	_	_
205-4	SPK1104	Continuing	205	124	баратынбыз,	баратынбыз	linguistic	_	_	End=216.162
206-0	SPK1104	undefined	206	125	сол	сол	linguistic	_	_	Begin=216.162
206-1	SPK1104	undefined	206	125	жерде	жерде	linguistic	_	_	End=217.248
207-0	SPK1104	undefined	207	125	сүт	сүт	linguistic	_	_	Begin=217.248|End=217.9
208-0	SPK1104	Continuing	208	125	алатын,	алатын	linguistic	_	_	Begin=217.9|End=218.95
209-0	SPK1111	Continuing	209	126	Бізде	Бізде	linguistic	_	_	Begin=218.98
209-1	SPK1111	Continuing	209	126	де	де	linguistic	_	_	_
209-2	SPK1111	Continuing	209	126	бұрын	бұрын	linguistic	_	_	_
209-3	SPK1111	Continuing	209	126	алатын,	алатын	linguistic	_	_	End=220.0
210-0	SPK1111	undefined	210	127	кейін	кейін	linguistic	_	_	Begin=220.0|End=220.63
211-0	SPK1104	undefined	211	128	сүт	сүт	linguistic	_	_	Begin=220.19
211-1	SPK1104	undefined	211	128	жинап	жинап	linguistic	_	_	_
211-2	SPK1104	undefined	211	128	алатын	алатын	linguistic	_	_	End=220.94
212-0	SPK1111	Falling	212	129	алмайтын	алмайтын	linguistic	_	_	Begin=220.64
212-1	SPK1111	Falling	212	129	болып	болып	linguistic	_	_	_
212-2	SPK1111	Falling	212	129	кетті	кетті	linguistic	_	_	_
212-3	SPK1111	Falling	212	129	ғой	ғой	linguistic	_	_	End=221.82
213-0	SPK1104	undefined	213	128	машинамен	машинамен	linguistic	_	_	Begin=220.94|End=221.58
214-0	SPK1104	Continuing	214	130	сүйтіп,	сүйтіп	linguistic	_	_	Begin=221.58|End=222.62
215-0	SPK1104	Falling	215	130	қызық	қызық	linguistic	_	_	Begin=222.62
215-1	SPK1104	Falling	215	130	болатын.	болатын	linguistic	_	_	End=223.715
216-0	SPK1111	Interrupted	216	131	бізде	бізде	linguistic	_	_	Begin=223.42
216-1	SPK1111	Interrupted	216	131	бір	бір	linguistic	_	_	_
216-2	SPK1111	Interrupted	216	131	жуас	жуас	linguistic	_	_	_
216-3	SPK1111	Interrupted	216	131	сиырлар	сиырлар	linguistic	_	_	_
216-4	SPK1111	Interrupted	216	131	бар--	бар--	linguistic	_	Interrupted=Yes	End=225.114
217-0	SPK1104	undefined	217	132	Соны	Соны	linguistic	_	_	Begin=224.28
217-1	SPK1104	undefined	217	132	күтетін	күтетін	linguistic	_	_	_
217-2	SPK1104	undefined	217	132	едік	едік	linguistic	_	_	End=225.41
218-0	SPK1104	undefined	218	132	біртүрлі	біртүрлі	linguistic	_	_	Begin=225.41|End=225.94
219-0	SPK1104	undefined	219	132	ой:	ой	linguistic	_	Prolongation=1	Begin=225.94|End=226.33
220-0	SPK1104	undefined	220	133	келді	келді	linguistic	_	_	Begin=226.33
220-1	SPK1104	undefined	220	133	деп	деп	linguistic	_	_	End=227.14
221-0	SPK1104	Falling	221	133	жүгіріп.	жүгіріп	linguistic	_	_	Begin=227.14|End=227.95
222-0	SPK1104	undefined	222	134	Менің	Менің	linguistic	_	_	Begin=228.56
222-1	SPK1104	undefined	222	134	әке-шешем	әке-шешем	linguistic	_	_	End=229.31
223-0	SPK1104	undefined	223	134	жыл	жыл	linguistic	_	_	Begin=229.31
223-1	SPK1104	undefined	223	134	сайын	сайын	linguistic	_	_	End=229.72
224-0	SPK1104	Falling	224	134	інім	інім	linguistic	_	_	Begin=229.72
224-1	SPK1104	Falling	224	134	екеумізді	екеумізді	linguistic	_	_	_
224-2	SPK1104	Falling	224	134	жайлауға	жайлауға	linguistic	_	_	_
224-3	SPK1104	Falling	224	134	апарып	апарып	linguistic	_	_	_
224-4	SPK1104	Falling	224	134	тастайтын.	тастайтын	linguistic	_	_	End=231.88
225-0	SPK1104	Interrupted	225	135	(.)	(.)	shortpause	_	_	Begin=231.88
225-1	SPK1104	Interrupted	225	135	Бір	Бір	linguistic	_	_	_
225-2	SPK1104	Interrupted	225	135	жүргеннен	жүргеннен	linguistic	_	_	_
225-3	SPK1104	Interrupted	225	135	кейін	кейін	linguistic	_	_	_
225-4	SPK1104	Interrupted	225	135	жылап--	жылап--	linguistic	_	Interrupted=Yes	End=233.66
226-0	SPK1104	undefined	226	135	жылап	жылап	linguistic	_	_	Begin=233.66|End=234.12
227-0	SPK1104	Falling	227	135	қайтатынмын	қайтатынмын	linguistic	_	_	Begin=234.12
227-1	SPK1104	Falling	227	135	@@.	@@	linguistic	_	_	End=235.92
228-0	SPK1111	undefined	228	136	Біздің	Біздің	linguistic	_	_	Begin=235.81
228-1	SPK1111	undefined	228	136	үйге	үйге	linguistic	_	_	_
228-2	SPK1111	undefined	228	136	ел	ел	linguistic	_	_	_
228-3	SPK1111	undefined	228	136	барғыш	барғыш	linguistic	_	_	_
228-4	SPK1111	undefined	228	136	өйткені	өйткені	linguistic	_	_	End=237.55
229-0	SPK1111	Falling	229	136	төк	төк	linguistic	_	_	Begin=237.56
229-1	SPK1111	Falling	229	136	бар.	бар	linguistic	_	_	End=238.74
230-0	SPK1104	undefined	230	_	(МММ)	(МММ)	disfluency	_	_	Begin=238.93|End=239.679
231-0	SPK1111	undefined	231	_	(.)	(.)	shortpause	_	_	Begin=239.4
231-1	SPK1111	undefined	231	_	(Н)	(Н)	linguistic	_	_	End=240.22
232-0	SPK1104	Falling	232	137	WHISPER	WHISPER	linguistic	_	_	Begin=241.71
232-1	SPK1104	Falling	232	137	ол	ол	linguistic	_	_	_
232-2	SPK1104	Falling	232	137	жақта	жақта	linguistic	_	_	_
232-3	SPK1104	Falling	232	137	әке-шешем	әке-шешем	linguistic	_	_	_
232-4	SPK1104	Falling	232	137	апарып	апарып	linguistic	_	_	_
232-5	SPK1104	Falling	232	137	тастайды	тастайды	linguistic	_	_	End=243.864
233-0	SPK1111	undefined	233	138	Содан	Содан	linguistic	_	_	Begin=243.01|End=243.72
234-0	SPK1111	Continuing	234	138	біздің	біздің	linguistic	_	_	Begin=245.7
234-1	SPK1111	Continuing	234	138	үйге	үйге	linguistic	_	_	_
234-2	SPK1111	Continuing	234	138	кісі	кісі	linguistic	_	_	_
234-3	SPK1111	Continuing	234	138	келгіш,	келгіш	linguistic	_	_	End=247.074
235-0	SPK1111	Falling	235	139	(Н)	(Н)	linguistic	_	_	Begin=247.074
235-1	SPK1111	Falling	235	139	рахат.	рахат	linguistic	_	_	End=248.938
236-0	SPK1104	Falling	236	140	Жей	Жей	linguistic	_	_	Begin=250.026
236-1	SPK1104	Falling	236	140	беріңіз.	беріңіз	linguistic	_	_	End=250.977
237-0	SPK1111	Continuing	237	141	жоқ	жоқ	linguistic	_	_	Begin=250.7
237-1	SPK1111	Continuing	237	141	сен	сен	linguistic	_	_	_
237-2	SPK1111	Continuing	237	141	же,	же	linguistic	_	_	End=251.51
238-0	SPK1111	Continuing	238	142	мына	мына	linguistic	_	_	Begin=251.52
238-1	SPK1111	Continuing	238	142	жерде	жерде	linguistic	_	_	_
238-2	SPK1111	Continuing	238	142	бар	бар	linguistic	_	_	End=252.12
239-0	SPK1111	Falling	239	143	жаңа	жаңа	linguistic	_	_	Begin=252.12
239-1	SPK1111	Falling	239	143	екеу	екеу	linguistic	_	_	_
239-2	SPK1111	Falling	239	143	алғанмын	алғанмын	linguistic	_	_	_
239-3	SPK1111	Falling	239	143	ғой	ғой	linguistic	_	_	End=253.19
240-0	SPK1104	Continuing	240	144	Біреуін	Біреуін	linguistic	_	_	Begin=253.67
240-1	SPK1104	Continuing	240	144	ғана	ғана	linguistic	_	_	_
240-2	SPK1104	Continuing	240	144	аша	аша	linguistic	_	_	_
240-3	SPK1104	Continuing	240	144	беріңізші,	беріңізші	linguistic	_	_	End=255.029
241-0	SPK1104	Falling	241	145	мен	мен	linguistic	_	_	Begin=255.029
241-1	SPK1104	Falling	241	145	осыны	осыны	linguistic	_	_	_
241-2	SPK1104	Falling	241	145	жеп	жеп	linguistic	_	_	_
241-3	SPK1104	Falling	241	145	болайын	болайын	linguistic	_	_	End=256.298
242-0	SPK1111	Interrupted	242	146	Біздің	Біздің	linguistic	_	_	Begin=255.81
242-1	SPK1111	Interrupted	242	146	үйде	үйде	linguistic	_	_	_
242-2	SPK1111	Interrupted	242	146	бір--	бір--	linguistic	_	Interrupted=Yes	End=256.61
243-0	SPK1111	undefined	243	146	бір	бір	linguistic	_	_	Begin=256.62
243-1	SPK1111	undefined	243	146	нәрсені	нәрсені	linguistic	_	_	_
243-2	SPK1111	undefined	243	146	біреу	біреу	linguistic	_	_	_
243-3	SPK1111	undefined	243	146	алсаң	алсаң	linguistic	_	_	End=257.46
244-0	SPK1111	Falling	244	147	боқтайды.	боқтайды	linguistic	_	_	Begin=257.46|End=258.422
245-0	SPK1104	undefined	245	_	@@@	@@@	linguistic	_	_	Begin=258.2|End=259.35
246-0	SPK1111	Interrupted	246	148	Жаңа	Жаңа	linguistic	_	_	Begin=259.71
246-1	SPK1111	Interrupted	246	148	біреу	біреу	linguistic	_	_	_
246-2	SPK1111	Interrupted	246	148	алсаң--	алсаң--	linguistic	_	Interrupted=Yes	End=260.572
247-0	SPK1104	Rising	247	149	Аға-әпкеңіз	Аға-әпкеңіз	linguistic	_	_	Begin=259.78
247-1	SPK1104	Rising	247	149	сізден	сізден	linguistic	_	_	_
247-2	SPK1104	Rising	247	149	неше	неше	linguistic	_	_	_
247-3	SPK1104	Rising	247	149	жас	жас	linguistic	_	_	_
247-4	SPK1104	Rising	247	149	үлкен	үлкен	linguistic	_	_	End=262.475
248-0	SPK1111	Falling	248	150	Тоқсан	Тоқсан	linguistic	_	_	Begin=262.56
248-1	SPK1111	Falling	248	150	төртінші	төртінші	linguistic	_	_	_
248-2	SPK1111	Falling	248	150	жылғы.	жылғы	linguistic	_	_	End=263.55
249-0	SPK1111	Continuing	249	151	E	E	linguistic	_	_	Begin=263.56
249-1	SPK1111	Continuing	249	151	тоқсаныншы	тоқсаныншы	linguistic	_	_	_
249-2	SPK1111	Continuing	249	151	жылғы	жылғы	linguistic	_	_	End=264.83
250-0	SPK1111	Falling	250	152	мен	мен	linguistic	_	_	Begin=264.83
250-1	SPK1111	Falling	250	152	тоқсан	тоқсан	linguistic	_	_	_
250-2	SPK1111	Falling	250	152	төртпін.	төртпін	linguistic	_	_	End=265.66
251-0	SPK1111	undefined	251	153	(Н)	(Н)	linguistic	_	_	Begin=265.66
251-1	SPK1111	undefined	251	153	бізде	бізде	linguistic	_	_	End=266.27
252-0	SPK1111	undefined	252	153	бір	бір	linguistic	_	_	Begin=266.27
252-1	SPK1111	undefined	252	153	нәрсе	нәрсе	linguistic	_	_	_
252-2	SPK1111	undefined	252	153	алсаң	алсаң	linguistic	_	_	End=266.92
253-0	SPK1111	Continuing	253	154	ұрсады,	ұрсады	linguistic	_	_	Begin=266.92|End=267.464
254-0	SPK1111	undefined	254	_	(ЫЫЫ)	(ЫЫЫ)	linguistic	_	_	Begin=268.13|End=268.87
255-0	SPK1104	Rising	255	155	Жалғыз	Жалғыз	linguistic	_	_	Begin=268.4
255-1	SPK1104	Rising	255	155	деп	деп	linguistic	_	_	_
255-2	SPK1104	Rising	255	155	па?	па	linguistic	_	_	End=269.422
256-0	SPK1111	Falling	256	156	түк	түк	linguistic	_	_	Begin=269.39
256-1	SPK1111	Falling	256	156	көрмеген	көрмеген	linguistic	_	_	_
256-2	SPK1111	Falling	256	156	деп.	деп	linguistic	_	_	End=270.3
257-0	SPK1111	undefined	257	_	@@@	@@@	linguistic	_	_	Begin=270.3|End=271.781
258-0	SPK1104	undefined	258	_	@@@	@@@	linguistic	_	_	Begin=270.55|End=271.6
259-0	SPK1111	Falling	259	157	(.)	(.)	shortpause	_	_	Begin=271.781
259-1	SPK1111	Falling	259	157	Соған	Соған	linguistic	_	_	_
259-2	SPK1111	Falling	259	157	екеу	екеу	linguistic	_	_	_
259-3	SPK1111	Falling	259	157	алу	алу	linguistic	_	_	_
259-4	SPK1111	Falling	259	157	керек.	керек	linguistic	_	_	End=274.01
260-0	SPK1104	Falling	260	158	Үйдің	Үйдің	linguistic	_	_	Begin=273.99
260-1	SPK1104	Falling	260	158	кенжесімін	кенжесімін	linguistic	_	_	_
260-2	SPK1104	Falling	260	158	деңіз.	деңіз	linguistic	_	_	End=275.74
261-0	SPK1104	undefined	261	_	(МММ)	(МММ)	disfluency	_	_	Begin=275.74|End=276.7
262-0	SPK1104	Rising	262	159	Үйдің	Үйдің	linguistic	_	_	Begin=276.7
262-1	SPK1104	Rising	262	159	кенжесі	кенжесі	linguistic	_	_	_
262-2	SPK1104	Rising	262	159	болған	болған	linguistic	_	_	_
262-3	SPK1104	Rising	262	159	жақсы	жақсы	linguistic	_	_	_
262-4	SPK1104	Rising	262	159	шығар	шығар	linguistic	_	_	_
262-5	SPK1104	Rising	262	159	иә?	иә	linguistic	_	_	End=278.39
263-0	SPK1111	undefined	263	160	Бірақ	Бірақ	linguistic	_	_	Begin=280.69|End=281.37
264-0	SPK1111	Continuing	264	160	немене	немене	linguistic	_	_	Begin=281.37
264-1	SPK1111	Continuing	264	160	табу	табу	linguistic	_	_	_
264-2	SPK1111	Continuing	264	160	қиындау,	қиындау	linguistic	_	_	End=282.648
265-0	SPK1111	Continuing	265	161	үйлену	үйлену	linguistic	_	_	Begin=282.648
265-1	SPK1111	Continuing	265	161	қиындау,	қиындау	linguistic	_	_	End=283.83
266-0	SPK1111	undefined	266	162	өйткені	өйткені	linguistic	_	_	Begin=283.83
266-1	SPK1111	undefined	266	162	(Ы)	(Ы)	linguistic	_	_	End=284.38
267-0	SPK1111	undefined	267	163	қазіргі	қазіргі	linguistic	_	_	Begin=284.38
267-1	SPK1111	undefined	267	163	қыздар	қыздар	linguistic	_	_	End=285.54
268-0	SPK1104	undefined	268	_	Е:	Е	linguistic	_	Prolongation=0	Begin=285.2|End=286.256
269-0	SPK1104	undefined	269	164	ата-енеммен	ата-енеммен	linguistic	_	_	Begin=286.256
269-1	SPK1104	undefined	269	164	тұрмаймын	тұрмаймын	linguistic	_	_	End=287.352
270-0	SPK1104	undefined	270	164	дей	дей	linguistic	_	_	Begin=287.352
270-1	SPK1104	undefined	270	164	ма	ма	linguistic	_	_	_
270-2	SPK1104	undefined	270	164	@@	@@	linguistic	_	_	End=288.41
271-0	SPK1111	undefined	271	165	aта-енеммен	aта-енеммен	linguistic	_	_	Begin=287.7
271-1	SPK1111	undefined	271	165	тұрмаймын	тұрмаймын	linguistic	_	_	_
271-2	SPK1111	undefined	271	165	дейді	дейді	linguistic	_	_	_
271-3	SPK1111	undefined	271	165	оның	оның	linguistic	_	_	_
271-4	SPK1111	undefined	271	165	үстіне	үстіне	linguistic	_	_	End=289.03
272-0	SPK1111	Continuing	272	166	тұрамын	тұрамын	linguistic	_	_	Begin=289.93
272-1	SPK1111	Continuing	272	166	десе	десе	linguistic	_	_	_
272-2	SPK1111	Continuing	272	166	де,	де	linguistic	_	_	End=290.942
273-0	SPK1111	undefined	273	167	(.)	(.)	shortpause	_	_	Begin=290.942
273-1	SPK1111	undefined	273	167	той	той	linguistic	_	_	_
273-2	SPK1111	undefined	273	167	жасап	жасап	linguistic	_	_	_
273-3	SPK1111	undefined	273	167	алғанша	алғанша	linguistic	_	_	End=292.2
274-0	SPK1111	undefined	274	167	әлгі	әлгі	linguistic	_	_	Begin=292.2
274-1	SPK1111	undefined	274	167	өтпей	өтпей	linguistic	_	_	_
274-2	SPK1111	undefined	274	167	қалған	қалған	linguistic	_	_	_
274-3	SPK1111	undefined	274	167	қыздар	қыздар	linguistic	_	_	End=293.765
275-0	SPK1111	undefined	275	167	тұрамын	тұрамын	linguistic	_	_	Begin=293.765
275-1	SPK1111	undefined	275	167	деп	деп	linguistic	_	_	End=294.39
276-0	SPK1111	Continuing	276	167	алдап,	алдап	linguistic	_	_	Begin=294.39|End=295.26
277-0	SPK1111	undefined	277	168	алдап	алдап	linguistic	_	_	Begin=295.26
277-1	SPK1111	undefined	277	168	алғаннан	алғаннан	linguistic	_	_	_
277-2	SPK1111	undefined	277	168	кейін	кейін	linguistic	_	_	_
277-3	SPK1111	undefined	277	168	leng	leng	linguistic	_	_	_
277-4	SPK1111	undefined	277	168	zhan	zhan	linguistic	_	_	_
277-5	SPK1111	undefined	277	168	ғып	ғып	linguistic	_	_	End=296.84
278-0	SPK1111	undefined	278	169	cold	cold	linguistic	_	_	Begin=296.84
278-1	SPK1111	undefined	278	169	war	war	linguistic	_	_	_
278-2	SPK1111	undefined	278	169	ғып	ғып	linguistic	_	_	End=297.83
279-0	SPK1111	undefined	279	170	(.)	(.)	shortpause	_	_	Begin=297.84
279-1	SPK1111	undefined	279	170	(H)	(H)	inhale	_	_	_
279-2	SPK1111	undefined	279	170	gan	gan	linguistic	_	_	_
279-3	SPK1111	undefined	279	170	ga	ga	linguistic	_	_	_
279-4	SPK1111	undefined	279	170	de	de	linguistic	_	_	End=300.054
280-0	SPK1111	undefined	280	170	di	di	linguistic	_	_	Begin=300.054
280-1	SPK1111	undefined	280	170	yuan	yuan	linguistic	_	_	_
280-2	SPK1111	undefined	280	170	ға	ға	linguistic	_	_	End=300.68
281-0	SPK1111	Falling	281	170	апарып	апарып	linguistic	_	_	Begin=300.68
281-1	SPK1111	Falling	281	170	тастайды.	тастайды	linguistic	_	_	End=301.894
282-0	SPK1104	Continuing	282	171	Бірақ	Бірақ	linguistic	_	_	Begin=301.79
282-1	SPK1104	Continuing	282	171	біртүрлі	біртүрлі	linguistic	_	_	_
282-2	SPK1104	Continuing	282	171	ғой	ғой	linguistic	_	_	End=302.62
283-0	SPK1111	Interrupted	283	172	Әке-шеше-	Әке-шеше-	linguistic	_	Interrupted=Yes	Begin=302.61|End=303.61
284-0	SPK1104	Falling	284	173	негізі	негізі	linguistic	_	_	Begin=302.63
284-1	SPK1104	Falling	284	173	өздері	өздері	linguistic	_	_	_
284-2	SPK1104	Falling	284	173	әке-шешесін	әке-шешесін	linguistic	_	_	_
284-3	SPK1104	Falling	284	173	ойласа	ойласа	linguistic	_	_	_
284-4	SPK1104	Falling	284	173	болады	болады	linguistic	_	_	_
284-5	SPK1104	Falling	284	173	ғой	ғой	linguistic	_	_	End=305.16
285-0	SPK1111	undefined	285	174	Әке-шеше	Әке-шеше	linguistic	_	_	Begin=304.52
285-1	SPK1111	undefined	285	174	сол	сол	linguistic	_	_	End=305.47
286-0	SPK1111	undefined	286	174	жарығына	жарығына	linguistic	_	_	Begin=305.48
286-1	SPK1111	undefined	286	174	шығайын	шығайын	linguistic	_	_	_
286-2	SPK1111	undefined	286	174	десең	десең	linguistic	_	_	End=306.24
287-0	SPK1111	Continuing	287	174	ол	ол	linguistic	_	_	Begin=306.24
287-1	SPK1111	Continuing	287	174	болмаған,	болмаған	linguistic	_	_	End=306.84
288-0	SPK1111	undefined	288	175	анаған	анаған	linguistic	_	_	Begin=306.84
288-1	SPK1111	undefined	288	175	шығайын	шығайын	linguistic	_	_	_
288-2	SPK1111	undefined	288	175	десең	десең	linguistic	_	_	End=307.45
289-0	SPK1111	Continuing	289	175	тағы	тағы	linguistic	_	_	Begin=307.45
289-1	SPK1111	Continuing	289	175	болмаған,	болмаған	linguistic	_	_	End=308.148
290-0	SPK1111	undefined	290	176	оған	оған	linguistic	_	_	Begin=308.736
290-1	SPK1111	undefined	290	176	дейін	дейін	linguistic	_	_	End=309.53
291-0	SPK1111	Continuing	291	176	бүйтіп	бүйтіп	linguistic	_	_	Begin=309.53
291-1	SPK1111	Continuing	291	176	тұрады	тұрады	linguistic	_	_	_
291-2	SPK1111	Continuing	291	176	дағы	дағы	linguistic	_	_	End=310.481
292-0	SPK1104	Continuing	292	177	Иә,	Иә	linguistic	_	_	Begin=310.01|End=310.8
293-0	SPK1111	undefined	293	178	бір	бір	linguistic	_	_	Begin=310.481
293-1	SPK1111	undefined	293	178	күнде	күнде	linguistic	_	_	End=311.622
294-0	SPK1111	Interrupted	294	178	(.)	(.)	shortpause	_	_	Begin=311.622
294-1	SPK1111	Interrupted	294	178	лақтырып--	лақтырып--	linguistic	_	Interrupted=Yes	End=313.007
295-0	SPK1104	Continuing	295	179	жоқ	жоқ	linguistic	_	_	Begin=314.06
295-1	SPK1104	Continuing	295	179	ойлаңызшы,	ойлаңызшы	linguistic	_	_	End=314.86
296-0	SPK1104	Continuing	296	180	мысалы,	мысалы	linguistic	_	_	Begin=314.86|End=315.413
297-0	SPK1104	undefined	297	181	(.)	(.)	shortpause	_	_	Begin=315.413
297-1	SPK1104	undefined	297	181	әрине	әрине	linguistic	_	_	_
297-2	SPK1104	undefined	297	181	енді	енді	linguistic	_	_	End=317.28
298-0	SPK1104	Continuing	298	181	ата-енемен	ата-енемен	linguistic	_	_	Begin=317.28
298-1	SPK1104	Continuing	298	181	тұрған	тұрған	linguistic	_	_	_
298-2	SPK1104	Continuing	298	181	біртүрлі	біртүрлі	linguistic	_	_	_
298-3	SPK1104	Continuing	298	181	шығар,	шығар	linguistic	_	_	End=319.1
299-0	SPK1104	Continuing	299	182	бірақ	бірақ	linguistic	_	_	Begin=319.11
299-1	SPK1104	Continuing	299	182	та	та	linguistic	_	_	_
299-2	SPK1104	Continuing	299	182	мен	мен	linguistic	_	_	_
299-3	SPK1104	Continuing	299	182	өзім	өзім	linguistic	_	_	_
299-4	SPK1104	Continuing	299	182	інім	інім	linguistic	_	_	_
299-5	SPK1104	Continuing	299	182	бар	бар	linguistic	_	_	End=321.02
300-0	SPK1104	undefined	300	183	и	и	linguistic	_	_	Begin=321.02
300-1	SPK1104	undefined	300	183	ойлаймын	ойлаймын	linguistic	_	_	_
300-2	SPK1104	undefined	300	183	егер	егер	linguistic	_	_	_
300-3	SPK1104	undefined	300	183	де	де	linguistic	_	_	_
300-4	SPK1104	undefined	300	183	кейін	кейін	linguistic	_	_	End=323.32
301-0	SPK1111	undefined	301	184	Сондай	Сондай	linguistic	_	_	Begin=323.01
301-1	SPK1111	undefined	301	184	әпке	әпке	linguistic	_	_	_
301-2	SPK1111	undefined	301	184	болған	болған	linguistic	_	_	_
301-3	SPK1111	undefined	301	184	қыздар	қыздар	linguistic	_	_	End=324.32
302-0	SPK1111	undefined	302	184	жақсы	жақсы	linguistic	_	_	Begin=324.32|End=324.73
303-0	SPK1111	Continuing	303	184	болады	болады	linguistic	_	_	Begin=324.73
303-1	SPK1111	Continuing	303	184	екен,	екен	linguistic	_	_	End=325.41
304-0	SPK1111	undefined	304	185	ана	ана	linguistic	_	_	Begin=325.41|End=326.348
305-0	SPK1111	undefined	305	185	інісіне	інісіне	linguistic	_	_	Begin=326.348|End=327.14
306-0	SPK1111	Interrupted	306	185	rang	rang	linguistic	_	_	Begin=327.15
306-1	SPK1111	Interrupted	306	185	le	le	linguistic	_	_	_
306-2	SPK1111	Interrupted	306	185	ғып	ғып	linguistic	_	_	_
306-3	SPK1111	Interrupted	306	185	үйреніп	үйреніп	linguistic	_	_	_
306-4	SPK1111	Interrupted	306	185	қалған--	қалған--	linguistic	_	Interrupted=Yes	End=328.61
307-0	SPK1104	undefined	307	186	Бір	Бір	linguistic	_	_	Begin=328.913
307-1	SPK1104	undefined	307	186	жағынан	жағынан	linguistic	_	_	End=329.59
308-0	SPK1104	undefined	308	186	сол	сол	linguistic	_	_	Begin=329.59|End=329.89
309-0	SPK1104	Continuing	309	187	мен	мен	linguistic	_	_	Begin=329.89
309-1	SPK1104	Continuing	309	187	інімді	інімді	linguistic	_	_	_
309-2	SPK1104	Continuing	309	187	ойлаймын,	ойлаймын	linguistic	_	_	_
309-3	SPK1104	Continuing	309	187	да	да	linguistic	_	_	End=330.7
310-0	SPK1104	undefined	310	188	енді	енді	linguistic	_	_	Begin=330.71
310-1	SPK1104	undefined	310	188	әке-шешем	әке-шешем	linguistic	_	_	_
310-2	SPK1104	undefined	310	188	кейін	кейін	linguistic	_	_	End=331.6
311-0	SPK1104	undefined	311	189	келін	келін	linguistic	_	_	Begin=331.6|End=332.1
312-0	SPK1104	undefined	312	189	мысалы	мысалы	linguistic	_	_	Begin=332.1
312-1	SPK1104	undefined	312	189	тұрмаймын	тұрмаймын	linguistic	_	_	End=333.11
313-0	SPK1104	Continuing	313	190	деп	деп	linguistic	_	_	Begin=333.11
313-1	SPK1104	Continuing	313	190	әке-шешем	әке-шешем	linguistic	_	_	_
313-2	SPK1104	Continuing	313	190	жалғыз	жалғыз	linguistic	_	_	_
313-3	SPK1104	Continuing	313	190	қалса	қалса	linguistic	_	_	_
313-4	SPK1104	Continuing	313	190	өздері,	өздері	linguistic	_	_	End=335.09
314-0	SPK1104	undefined	314	191	(H)	(H)	inhale	_	_	Begin=335.09
314-1	SPK1104	undefined	314	191	мысалы	мысалы	linguistic	_	_	End=335.72
315-0	SPK1104	Continuing	315	191	жастары	жастары	linguistic	_	_	Begin=335.72
315-1	SPK1104	Continuing	315	191	үлкейіп:	үлкейіп	linguistic	_	Prolongation=6	End=336.99
316-0	SPK1104	Interrupted	316	192	өмір	өмір	linguistic	_	_	Begin=337.0
316-1	SPK1104	Interrupted	316	192	бойы	бойы	linguistic	_	_	_
316-2	SPK1104	Interrupted	316	192	ба--	ба--	linguistic	_	Interrupted=Yes	End=338.14
317-0	SPK1104	undefined	317	192	өмір	өмір	linguistic	_	_	Begin=338.14
317-1	SPK1104	undefined	317	192	бойы	бойы	linguistic	_	_	_
317-2	SPK1104	undefined	317	192	бағып	бағып	linguistic	_	_	End=339.39
318-0	SPK1104	Continuing	318	192	иә,	иә	linguistic	_	_	Begin=339.39|End=339.677
319-0	SPK1104	undefined	319	194	(H)	(H)	inhale	_	_	Begin=339.677
319-1	SPK1104	undefined	319	194	жалғыз	жалғыз	linguistic	_	_	_
319-2	SPK1104	undefined	319	194	қалып	қалып	linguistic	_	_	_
319-3	SPK1104	undefined	319	194	қалса	қалса	linguistic	_	_	End=340.994
320-0	SPK1104	undefined	320	195	обал	обал	linguistic	_	_	Begin=340.994
320-1	SPK1104	undefined	320	195	ғой	ғой	linguistic	_	_	End=341.69
321-0	SPK1104	Falling	321	195	біртүрлі.	біртүрлі	linguistic	_	_	Begin=341.69|End=342.968
322-0	SPK1111	Continuing	322	196	Иә,	Иә	linguistic	_	_	Begin=342.15|End=342.82
323-0	SPK1111	undefined	323	197	содан	содан	linguistic	_	_	Begin=347.78|End=348.45
324-0	SPK1111	Continuing	324	197	бізде	бізде	linguistic	_	_	Begin=348.45
324-1	SPK1111	Continuing	324	197	жуас	жуас	linguistic	_	_	_
324-2	SPK1111	Continuing	324	197	сиырлар	сиырлар	linguistic	_	_	_
324-3	SPK1111	Continuing	324	197	бар,	бар	linguistic	_	_	End=349.61
325-0	SPK1111	undefined	325	_	(H)	(H)	inhale	_	_	Begin=349.61|End=350.4
326-0	SPK1111	Continuing	326	198	сауып	сауып	linguistic	_	_	Begin=350.4
326-1	SPK1111	Continuing	326	198	отырасың	отырасың	linguistic	_	_	_
326-2	SPK1111	Continuing	326	198	да,	да	linguistic	_	_	_
326-3	SPK1111	Continuing	326	198	бүйтіп	бүйтіп	linguistic	_	_	End=351.63
327-0	SPK1111	undefined	327	199	зерігіп	зерігіп	linguistic	_	_	Begin=351.63
327-1	SPK1111	undefined	327	199	кетіп	кетіп	linguistic	_	_	End=352.45
328-0	SPK1111	undefined	328	200	бүйтіп	бүйтіп	linguistic	_	_	Begin=352.45|End=353.233
329-0	SPK1111	Continuing	329	200	телефон	телефон	linguistic	_	_	Begin=353.233
329-1	SPK1111	Continuing	329	200	келіп	келіп	linguistic	_	_	_
329-2	SPK1111	Continuing	329	200	қалып,	қалып	linguistic	_	_	End=353.93
330-0	SPK1111	Continuing	330	201	телефон	телефон	linguistic	_	_	Begin=353.93
330-1	SPK1111	Continuing	330	201	сөйлесіп	сөйлесіп	linguistic	_	_	_
330-2	SPK1111	Continuing	330	201	алып,	алып	linguistic	_	_	End=355.136
331-0	SPK1111	undefined	331	_	(H)	(H)	inhale	_	_	Begin=355.136|End=355.82
332-0	SPK1111	undefined	332	202	не	не	linguistic	_	_	Begin=355.82
332-1	SPK1111	undefined	332	202	болмаса	болмаса	linguistic	_	_	End=357.61
333-0	SPK1111	undefined	333	203	сауып	сауып	linguistic	_	_	Begin=357.61
333-1	SPK1111	undefined	333	203	отырып	отырып	linguistic	_	_	End=360.48
334-0	SPK1111	undefined	334	204	(.)	(.)	shortpause	_	_	Begin=360.48
334-1	SPK1111	undefined	334	204	темекі	темекі	linguistic	_	_	_
334-2	SPK1111	undefined	334	204	шеккің	шеккің	linguistic	_	_	_
334-3	SPK1111	undefined	334	204	келіп	келіп	linguistic	_	_	_
334-4	SPK1111	undefined	334	204	кетіп	кетіп	linguistic	_	_	End=361.68
335-0	SPK1111	Falling	335	205	тұра	тұра	linguistic	_	_	Begin=361.68
335-1	SPK1111	Falling	335	205	беретін	беретін	linguistic	_	_	_
335-2	SPK1111	Falling	335	205	сиырлар	сиырлар	linguistic	_	_	_
335-3	SPK1111	Falling	335	205	бар.	бар	linguistic	_	_	End=362.93
336-0	SPK1104	Falling	336	206	недеген	недеген	linguistic	_	_	Begin=362.8
336-1	SPK1104	Falling	336	206	жақсы-ей.	жақсы-ей	linguistic	_	_	End=363.83
337-0	SPK1104	undefined	337	_	@@	@@	linguistic	_	_	Begin=363.84|End=364.783
338-0	SPK1111	undefined	338	207	Сосын	Сосын	linguistic	_	_	Begin=364.7|End=365.463
339-0	SPK1111	undefined	339	208	ана	ана	linguistic	_	_	Begin=365.463
339-1	SPK1111	undefined	339	208	жаңа	жаңа	linguistic	_	_	_
339-2	SPK1111	undefined	339	208	түскен	түскен	linguistic	_	_	_
339-3	SPK1111	undefined	339	208	келіндер	келіндер	linguistic	_	_	_
339-4	SPK1111	undefined	339	208	келіп	келіп	linguistic	_	_	End=366.51
340-0	SPK1111	Falling	340	208	shi	shi	linguistic	_	_	Begin=366.51
340-1	SPK1111	Falling	340	208	xi	xi	linguistic	_	_	_
340-2	SPK1111	Falling	340	208	ғып	ғып	linguistic	_	_	_
340-3	SPK1111	Falling	340	208	кететін	кететін	linguistic	_	_	_
340-4	SPK1111	Falling	340	208	сиырлар	сиырлар	linguistic	_	_	_
340-5	SPK1111	Falling	340	208	бар	бар	linguistic	_	_	End=367.97
341-0	SPK1104	Rising	341	209	Үйрене	Үйрене	linguistic	_	_	Begin=367.6
341-1	SPK1104	Rising	341	209	ма	ма	linguistic	_	_	_
341-2	SPK1104	Rising	341	209	сіздерден	сіздерден	linguistic	_	_	End=369.437
342-0	SPK1111	undefined	342	_	@@@	@@@	linguistic	_	_	Begin=367.97|End=369.92
343-0	SPK1104	undefined	343	_	@@	@@	linguistic	_	_	Begin=369.44|End=370.29
344-0	SPK1111	Falling	344	210	Жуас	Жуас	linguistic	_	_	Begin=369.92
344-1	SPK1111	Falling	344	210	сиыр.	сиыр	linguistic	_	_	End=371.342
345-0	SPK1111	undefined	345	_	(H)	(H)	inhale	_	_	Begin=371.342
345-1	SPK1111	undefined	345	_	(ЫЫ)	(ЫЫ)	disfluency	_	_	_
345-2	SPK1111	undefined	345	_	(.)	(.)	shortpause	_	_	End=374.06
346-0	SPK1111	undefined	346	211	Енесі	Енесі	linguistic	_	_	Begin=374.06
346-1	SPK1111	undefined	346	211	жоқ	жоқ	linguistic	_	_	End=374.75
347-0	SPK1111	Continuing	347	211	бұзаулар	бұзаулар	linguistic	_	_	Begin=374.75
347-1	SPK1111	Continuing	347	211	бар	бар	linguistic	_	_	_
347-2	SPK1111	Continuing	347	211	ғой,	ғой	linguistic	_	_	End=375.688
348-0	SPK1104	undefined	348	_	(МХМ)	(МХМ)	linguistic	_	_	Begin=375.46|End=376.04
349-0	SPK1111	Continuing	349	212	соны	соны	linguistic	_	_	Begin=375.688
349-1	SPK1111	Continuing	349	212	бере	бере	linguistic	_	_	_
349-2	SPK1111	Continuing	349	212	салсаң,	салсаң	linguistic	_	_	End=376.893
350-0	SPK1111	undefined	350	212	jia	jia	linguistic	_	_	Begin=378.13
350-1	SPK1111	undefined	350	212	mian	mian	linguistic	_	_	_
350-2	SPK1111	undefined	350	212	ғып	ғып	linguistic	_	_	End=378.987
351-0	SPK1111	undefined	351	212	алып	алып	linguistic	_	_	Begin=378.987
351-1	SPK1111	undefined	351	212	алатын,	алатын	linguistic	_	_	End=379.91
352-0	SPK1104	undefined	352	_	@@	@@	linguistic	_	_	Begin=379.61|End=380.58
353-0	SPK1111	Falling	353	212	сондай	сондай	linguistic	_	_	Begin=379.91
353-1	SPK1111	Falling	353	212	бір	бір	linguistic	_	_	_
353-2	SPK1111	Falling	353	212	сиырлар	сиырлар	linguistic	_	_	_
353-3	SPK1111	Falling	353	212	бар.	бар	linguistic	_	_	End=381.117
354-0	SPK1111	undefined	354	213	(Н)	(Н)	linguistic	_	_	Begin=381.117
354-1	SPK1111	undefined	354	213	Сосын	Сосын	linguistic	_	_	End=382.16
355-0	SPK1111	undefined	355	213	жуас	жуас	linguistic	_	_	Begin=382.16|End=382.71
356-0	SPK1111	Continuing	356	213	биелер	биелер	linguistic	_	_	Begin=382.71
356-1	SPK1111	Continuing	356	213	бар,	бар	linguistic	_	_	End=384.52
357-0	SPK1111	undefined	357	214	бие	бие	linguistic	_	_	Begin=384.52
357-1	SPK1111	undefined	357	214	сауып	сауып	linguistic	_	_	_
357-2	SPK1111	undefined	357	214	көрмеген	көрмеген	linguistic	_	_	_
357-3	SPK1111	undefined	357	214	:		unknown	_	Prolongation=-1	End=385.857
358-0	SPK1111	undefined	358	214	жас	жас	linguistic	_	_	Begin=385.857
358-1	SPK1111	undefined	358	214	түскен	түскен	linguistic	_	_	_
358-2	SPK1111	undefined	358	214	келіндер	келіндер	linguistic	_	_	End=387.63
359-0	SPK1111	undefined	359	214	не	не	linguistic	_	_	Begin=387.63
359-1	SPK1111	undefined	359	214	болмаса	болмаса	linguistic	_	_	_
359-2	SPK1111	undefined	359	214	елдің	елдің	linguistic	_	_	_
359-3	SPK1111	undefined	359	214	қыздары	қыздары	linguistic	_	_	_
359-4	SPK1111	undefined	359	214	келіп	келіп	linguistic	_	_	End=388.62
360-0	SPK1104	undefined	360	215	Үйреніп	Үйреніп	linguistic	_	_	Begin=389.262
360-1	SPK1104	undefined	360	215	кете	кете	linguistic	_	_	_
360-2	SPK1104	undefined	360	215	ма	ма	linguistic	_	_	_
360-3	SPK1104	undefined	360	215	сіздерден?	сіздерден	linguistic	_	_	_
360-4	SPK1104	undefined	360	215	@@	@@	linguistic	_	_	End=391.47
361-0	SPK1111	Falling	361	214	бір-екі	бір-екі	linguistic	_	_	Begin=390.64
361-1	SPK1111	Falling	361	214	күн	күн	linguistic	_	_	_
361-2	SPK1111	Falling	361	214	shi	shi	linguistic	_	_	_
361-3	SPK1111	Falling	361	214	xi	xi	linguistic	_	_	_
361-4	SPK1111	Falling	361	214	ғып	ғып	linguistic	_	_	_
361-5	SPK1111	Falling	361	214	кетеді	кетеді	linguistic	_	_	End=392.01
362-0	SPK1111	undefined	362	_	@@	@@	linguistic	_	_	Begin=392.02|End=393.294
363-0	SPK1104	Rising	363	216	Е	Е	linguistic	_	_	Begin=392.06
363-1	SPK1104	Rising	363	216	онда	онда	linguistic	_	_	_
363-2	SPK1104	Rising	363	216	қызық	қызық	linguistic	_	_	_
363-3	SPK1104	Rising	363	216	екен	екен	linguistic	_	_	_
363-4	SPK1104	Rising	363	216	иә?	иә	linguistic	_	_	End=393.3
364-0	SPK1111	undefined	364	217	Қытайлар	Қытайлар	linguistic	_	_	Begin=393.294
364-1	SPK1111	undefined	364	217	да	да	linguistic	_	_	_
364-2	SPK1111	undefined	364	217	келіп	келіп	linguistic	_	_	End=394.483
365-0	SPK1111	undefined	365	217	көрейікші	көрейікші	linguistic	_	_	Begin=394.483|End=395.21
366-0	SPK1111	Interrupted	366	217	сынап	сынап	linguistic	_	_	Begin=395.21
366-1	SPK1111	Interrupted	366	217	көрейікші	көрейікші	linguistic	_	_	_
366-2	SPK1111	Interrupted	366	217	деп--	деп--	linguistic	_	Interrupted=Yes	End=396.234
367-0	SPK1104	Rising	367	218	Қатты	Қатты	linguistic	_	_	Begin=396.54
367-1	SPK1104	Rising	367	218	болады	болады	linguistic	_	_	_
367-2	SPK1104	Rising	367	218	ғой	ғой	linguistic	_	_	_
367-3	SPK1104	Rising	367	218	иә?	иә	linguistic	_	_	_
367-4	SPK1104	Rising	367	218	біртүрлі	біртүрлі	linguistic	_	_	End=398.25
368-0	SPK1111	Continuing	368	219	Жұмсақ,	Жұмсақ	linguistic	_	_	Begin=397.81|End=398.58
369-0	SPK1111	Falling	369	220	оп-оңай.	оп-оңай	linguistic	_	_	Begin=398.58|End=399.795
370-0	SPK1104	Falling	370	_	А.	А	linguistic	_	_	Begin=398.88|End=399.49
371-0	SPK1111	undefined	371	221	Жан-жаққа	Жан-жаққа	linguistic	_	_	Begin=399.795
371-1	SPK1111	undefined	371	221	қарап	қарап	linguistic	_	_	_
371-2	SPK1111	undefined	371	221	тұрасың	тұрасың	linguistic	_	_	_
371-3	SPK1111	undefined	371	221	да	да	linguistic	_	_	_
371-4	SPK1111	undefined	371	221	екшім	екшім	linguistic	_	_	_
371-5	SPK1111	undefined	371	221	жоқ	жоқ	linguistic	_	_	End=401.89
372-0	SPK1111	undefined	372	221	болса	болса	linguistic	_	_	Begin=401.89|End=402.75
373-0	SPK1111	undefined	373	221	келген	келген	linguistic	_	_	Begin=402.75|End=403.995
374-0	SPK1111	Falling	374	222	үйде	үйде	linguistic	_	_	Begin=403.995
374-1	SPK1111	Falling	374	222	адам	адам	linguistic	_	_	_
374-2	SPK1111	Falling	374	222	жоқ	жоқ	linguistic	_	_	_
374-3	SPK1111	Falling	374	222	кезде	кезде	linguistic	_	_	_
374-4	SPK1111	Falling	374	222	өзің	өзің	linguistic	_	_	_
374-5	SPK1111	Falling	374	222	де	де	linguistic	_	_	_
374-6	SPK1111	Falling	374	222	сауа	сауа	linguistic	_	_	_
374-7	SPK1111	Falling	374	222	саласың	саласың	linguistic	_	_	End=405.898
375-0	SPK1104	undefined	375	_	(ММ)	(ММ)	linguistic	_	_	Begin=405.47|End=406.25
376-0	SPK1111	undefined	376	223	Өйткені	Өйткені	linguistic	_	_	Begin=405.898|End=406.809
377-0	SPK1111	undefined	377	_	(ЫЫ)	(ЫЫ)	disfluency	_	_	Begin=406.809|End=407.66
378-0	SPK1111	undefined	378	224	бір	бір	linguistic	_	_	Begin=407.66
378-1	SPK1111	undefined	378	224	рет	рет	linguistic	_	_	End=408.12
379-0	SPK1111	Continuing	379	224	қызық	қызық	linguistic	_	_	Begin=408.12
379-1	SPK1111	Continuing	379	224	болды,	болды	linguistic	_	_	End=408.54
380-0	SPK1111	Continuing	380	226	сиыр	сиыр	linguistic	_	_	Begin=408.54
380-1	SPK1111	Continuing	380	226	сауып	сауып	linguistic	_	_	_
380-2	SPK1111	Continuing	380	226	отырсам,	отырсам	linguistic	_	_	End=409.54
381-0	SPK1111	undefined	381	227	біреу	біреу	linguistic	_	_	Begin=409.54
381-1	SPK1111	undefined	381	227	tou	tou	linguistic	_	_	_
381-2	SPK1111	undefined	381	227	pai	pai	linguistic	_	_	_
381-3	SPK1111	undefined	381	227	ғып	ғып	linguistic	_	_	End=410.53
382-0	SPK1111	Falling	382	227	өзіміздің	өзіміздің	linguistic	_	_	Begin=410.53
382-1	SPK1111	Falling	382	227	ауылдың	ауылдың	linguistic	_	_	_
382-2	SPK1111	Falling	382	227	qun	qun	linguistic	_	_	_
382-3	SPK1111	Falling	382	227	-нына	-нына	linguistic	_	_	_
382-4	SPK1111	Falling	382	227	жіберіп	жіберіп	linguistic	_	_	_
382-5	SPK1111	Falling	382	227	етіпті	етіпті	linguistic	_	_	End=412.84
383-0	SPK1111	undefined	383	228	Ол:	Ол	linguistic	_	Prolongation=1	Begin=412.84|End=413.32
384-0	SPK1111	Continuing	384	228	кетті	кетті	linguistic	_	_	Begin=413.32
384-1	SPK1111	Continuing	384	228	ма,	ма	linguistic	_	_	End=414.049
385-0	SPK1111	undefined	385	229	содан	содан	linguistic	_	_	Begin=414.049|End=414.83
386-0	SPK1111	undefined	386	229	шешем	шешем	linguistic	_	_	Begin=414.83|End=415.3
387-0	SPK1111	Continuing	387	229	қанбасымы	қанбасымы	linguistic	_	_	Begin=415.31
387-1	SPK1111	Continuing	387	229	бар,	бар	linguistic	_	_	End=416.1
388-0	SPK1111	undefined	388	229	тонарға	тонарға	linguistic	_	_	Begin=416.1
388-1	SPK1111	undefined	388	229	еңкейсе	еңкейсе	linguistic	_	_	End=417.25
389-0	SPK1111	Continuing	389	229	басы	басы	linguistic	_	_	Begin=417.25
389-1	SPK1111	Continuing	389	229	ауырып	ауырып	linguistic	_	_	_
389-2	SPK1111	Continuing	389	229	қалады	қалады	linguistic	_	_	End=418.337
390-0	SPK1104	undefined	390	_	(МХМ)	(МХМ)	linguistic	_	_	Begin=417.76|End=418.5
391-0	SPK1111	undefined	391	230	содан	содан	linguistic	_	_	Begin=418.337|End=419.766
392-0	SPK1111	undefined	392	231	(.)	(.)	shortpause	_	_	Begin=419.766
392-1	SPK1111	undefined	392	231	шешем	шешем	linguistic	_	_	End=421.084
393-0	SPK1111	undefined	393	231	нан	нан	linguistic	_	_	Begin=421.084
393-1	SPK1111	undefined	393	231	жасап	жасап	linguistic	_	_	End=421.83
394-0	SPK1111	undefined	394	231	дайыпдап	дайыпдап	linguistic	_	_	Begin=421.83
394-1	SPK1111	undefined	394	231	тұрады	тұрады	linguistic	_	_	_
394-2	SPK1111	undefined	394	231	да,	да	linguistic	_	_	_
394-3	SPK1111	undefined	394	231	мен:	мен	linguistic	_	Prolongation=2	End=423.08
395-0	SPK1111	undefined	395	231	жан-жаққа	жан-жаққа	linguistic	_	_	Begin=423.09
395-1	SPK1111	undefined	395	231	қарап	қарап	linguistic	_	_	_
395-2	SPK1111	undefined	395	231	тұрып	тұрып	linguistic	_	_	End=423.88
396-0	SPK1111	undefined	396	231	tou	tou	linguistic	_	_	Begin=423.89
396-1	SPK1111	undefined	396	231	tou	tou	linguistic	_	_	_
396-2	SPK1111	undefined	396	231	mo	mo	linguistic	_	_	_
396-3	SPK1111	undefined	396	231	mo	mo	linguistic	_	_	End=424.65
397-0	SPK1111	undefined	397	231	ешкім	ешкім	linguistic	_	_	Begin=424.65
397-1	SPK1111	undefined	397	231	жоқ	жоқ	linguistic	_	_	_
397-2	SPK1111	undefined	397	231	кезде	кезде	linguistic	_	_	_
397-3	SPK1111	undefined	397	231	ғана	ғана	linguistic	_	_	End=426.19
398-0	SPK1111	Falling	398	231	барып	барып	linguistic	_	_	Begin=426.19
398-1	SPK1111	Falling	398	231	жауа	жауа	linguistic	_	_	_
398-2	SPK1111	Falling	398	231	салатынмын	салатынмын	linguistic	_	_	_
398-3	SPK1111	Falling	398	231	да	да	linguistic	_	_	End=427.48
399-0	SPK1104	undefined	399	232	Ұялам	Ұялам	linguistic	_	_	Begin=427.092|End=427.583
400-0	SPK1104	undefined	400	232	дейсіз	дейсіз	linguistic	_	_	Begin=427.583
400-1	SPK1104	undefined	400	232	ғой.	ғой	linguistic	_	_	_
400-2	SPK1104	undefined	400	232	@@@	@@@	linguistic	_	_	End=428.77
401-0	SPK1111	Continuing	401	233	Иә,	Иә	linguistic	_	_	Begin=428.05|End=428.59
402-0	SPK1111	Interrupted	402	234	бір	бір	linguistic	_	_	Begin=428.6
402-1	SPK1111	Interrupted	402	234	күні-	күні-	linguistic	_	Interrupted=Yes	End=429.63
403-0	SPK1104	Continuing	403	235	Ой	Ой	linguistic	_	_	Begin=428.77
403-1	SPK1104	Continuing	403	235	несі	несі	linguistic	_	_	_
403-2	SPK1104	Continuing	403	235	ұят	ұят	linguistic	_	_	End=429.9
404-0	SPK1104	Falling	404	236	шешеңізге	шешеңізге	linguistic	_	_	Begin=429.9
404-1	SPK1104	Falling	404	236	көмектесіп	көмектесіп	linguistic	_	_	_
404-2	SPK1104	Falling	404	236	жатсаңыз	жатсаңыз	linguistic	_	_	End=431.73
405-0	SPK1111	undefined	405	237	Бір	Бір	linguistic	_	_	Begin=430.81
405-1	SPK1111	undefined	405	237	күні	күні	linguistic	_	_	_
405-2	SPK1111	undefined	405	237	сөйтіп	сөйтіп	linguistic	_	_	End=432.12
406-0	SPK1111	Continuing	406	238	нан	нан	linguistic	_	_	Begin=432.12
406-1	SPK1111	Continuing	406	238	жапсырып	жапсырып	linguistic	_	_	_
406-2	SPK1111	Continuing	406	238	жатсам	жатсам	linguistic	_	_	End=433.342
407-0	SPK1111	undefined	407	_	(.)	(.)	shortpause	_	_	Begin=433.342
407-1	SPK1111	undefined	407	_	(Н)	(Н)	linguistic	_	_	End=434.31
408-0	SPK1111	undefined	408	239	бір	бір	linguistic	_	_	Begin=434.31
408-1	SPK1111	undefined	408	239	кісі	кісі	linguistic	_	_	_
408-2	SPK1111	undefined	408	239	өтіп	өтіп	linguistic	_	_	_
408-3	SPK1111	undefined	408	239	кеткен	кеткен	linguistic	_	_	End=435.21
409-0	SPK1111	Interrupted	409	240	ат-	ат-	linguistic	_	Interrupted=Yes	Begin=436.98|End=437.34
410-0	SPK1111	Continuing	410	241	атпен,	атпен	linguistic	_	_	Begin=437.35|End=437.93
411-0	SPK1104	undefined	411	_	(МХМ)	(МХМ)	linguistic	_	_	Begin=438.117|End=438.74
412-0	SPK1111	undefined	412	242	тура	тура	linguistic	_	_	Begin=438.87|End=439.13
413-0	SPK1111	undefined	413	242	tou	tou	linguistic	_	_	Begin=439.13
413-1	SPK1111	undefined	413	242	pai	pai	linguistic	_	_	_
413-2	SPK1111	undefined	413	242	ғып	ғып	linguistic	_	_	End=439.608
414-0	SPK1111	undefined	414	242	shi	shi	linguistic	_	_	Begin=439.61
414-1	SPK1111	undefined	414	242	pin	pin	linguistic	_	_	_
414-2	SPK1111	undefined	414	242	ғып	ғып	linguistic	_	_	_
414-3	SPK1111	undefined	414	242	тұрып	тұрып	linguistic	_	_	_
414-4	SPK1111	undefined	414	242	жібіріп	жібіріп	linguistic	_	_	_
414-5	SPK1111	undefined	414	242	жіберіпті	жіберіпті	linguistic	_	_	End=440.63
415-0	SPK1111	Falling	415	242	мен	мен	linguistic	_	_	Begin=440.64
415-1	SPK1111	Falling	415	242	нан	нан	linguistic	_	_	_
415-2	SPK1111	Falling	415	242	илеген	илеген	linguistic	_	_	_
415-3	SPK1111	Falling	415	242	үйдің.	үйдің	linguistic	_	_	End=441.53
416-0	SPK1104	undefined	416	243	@	@	linguistic	_	_	Begin=441.48
416-1	SPK1104	undefined	416	243	нан	нан	linguistic	_	_	_
416-2	SPK1104	undefined	416	243	дегенді	дегенді	linguistic	_	_	End=442.8
417-0	SPK1111	undefined	417	_	@@@	@@@	linguistic	_	_	Begin=441.53|End=443.53
418-0	SPK1104	Falling	418	243	неғып	неғып	linguistic	_	_	Begin=442.8
418-1	SPK1104	Falling	418	243	жатқанмын	жатқанмын	linguistic	_	_	_
418-2	SPK1104	Falling	418	243	деңіз	деңіз	linguistic	_	_	End=444.06
419-0	SPK1111	Interrupted	419	244	Ең	Ең	linguistic	_	_	Begin=443.98
419-1	SPK1111	Interrupted	419	244	алғышқы-	алғышқы-	linguistic	_	Interrupted=Yes	End=444.62
420-0	SPK1104	undefined	420	245	Әпкеңіз	Әпкеңіз	linguistic	_	_	Begin=444.35|End=445.28
421-0	SPK1104	Rising	421	245	қаншада?	қаншада	linguistic	_	_	Begin=445.28|End=445.888
422-0	SPK1111	Falling	422	246	Той	Той	linguistic	_	_	Begin=446.14
422-1	SPK1111	Falling	422	246	жасап	жасап	linguistic	_	_	_
422-2	SPK1111	Falling	422	246	кетті	кетті	linguistic	_	_	_
422-3	SPK1111	Falling	422	246	ғой	ғой	linguistic	_	_	End=447.412
423-0	SPK1104	Rising	423	247	Ең	Ең	linguistic	_	_	Begin=446.79
423-1	SPK1104	Rising	423	247	үлкені	үлкені	linguistic	_	_	_
423-2	SPK1104	Rising	423	247	ма	ма	linguistic	_	_	End=448.16
424-0	SPK1111	Continuing	424	248	Жоқ,	Жоқ	linguistic	_	_	Begin=448.29|End=448.67
425-0	SPK1111	Continuing	425	249	ағам	ағам	linguistic	_	_	Begin=448.67
425-1	SPK1111	Continuing	425	249	ең	ең	linguistic	_	_	_
425-2	SPK1111	Continuing	425	249	үлкені,	үлкені	linguistic	_	_	End=449.713
426-0	SPK1111	Falling	426	250	сексен	сексен	linguistic	_	_	Begin=449.713
426-1	SPK1111	Falling	426	250	төрт	төрт	linguistic	_	_	End=450.593
427-0	SPK1104	undefined	427	_	(МММ)	(МММ)	disfluency	_	_	Begin=449.82|End=450.31
428-0	SPK1111	undefined	428	_	(.)	(.)	shortpause	_	_	Begin=450.593
428-1	SPK1111	undefined	428	_	(Н)	(Н)	linguistic	_	_	End=451.43
429-0	SPK1111	undefined	429	251	Әпкем	Әпкем	linguistic	_	_	Begin=451.43
429-1	SPK1111	undefined	429	251	келгенде	келгенде	linguistic	_	_	End=452.47
430-0	SPK1111	undefined	430	251	бір	бір	linguistic	_	_	Begin=452.47|End=453.38
431-0	SPK1111	Continuing	431	251	немене	немене	linguistic	_	_	Begin=453.38
431-1	SPK1111	Continuing	431	251	боп	боп	linguistic	_	_	_
431-2	SPK1111	Continuing	431	251	қаламыз,	қаламыз	linguistic	_	_	End=454.502
432-0	SPK1104	Falling	432	252	рахаттанып	рахаттанып	linguistic	_	_	Begin=454.46
432-1	SPK1104	Falling	432	252	қаламыз.	қаламыз	linguistic	_	_	End=455.44
433-0	SPK1111	Falling	433	253	рахат	рахат	linguistic	_	_	Begin=454.98
433-1	SPK1111	Falling	433	253	желігіп	желігіп	linguistic	_	_	End=456.26
434-0	SPK1104	undefined	434	_	(.)	(.)	shortpause	_	_	Begin=455.44|End=456.0
435-0	SPK1104	Continuing	435	254	Қайдан,	Қайдан	linguistic	_	_	Begin=456.24|End=456.68
436-0	SPK1111	Interrupted	436	255	Әпкем--	Әпкем--	linguistic	_	Interrupted=Yes	Begin=456.56|End=457.17
437-0	SPK1104	undefined	437	254	қайта	қайта	linguistic	_	_	Begin=456.69
437-1	SPK1104	undefined	437	254	әпкеңіз	әпкеңіз	linguistic	_	_	End=457.59
438-0	SPK1104	Continuing	438	254	қонaқ	қонaқ	linguistic	_	_	Begin=457.59
438-1	SPK1104	Continuing	438	254	қылып,	қылып	linguistic	_	_	End=458.38
439-0	SPK1104	undefined	439	254	үйде	үйде	linguistic	_	_	Begin=458.39|End=458.77
440-0	SPK1104	Falling	440	254	жатқызып	жатқызып	linguistic	_	_	Begin=458.78
440-1	SPK1104	Falling	440	254	қоюларыңыз	қоюларыңыз	linguistic	_	_	_
440-2	SPK1104	Falling	440	254	керек	керек	linguistic	_	_	_
440-3	SPK1104	Falling	440	254	қой	қой	linguistic	_	_	End=460.33
441-0	SPK1111	Continuing	441	256	Жоқ,	Жоқ	linguistic	_	_	Begin=458.96|End=459.35
442-0	SPK1111	undefined	442	257	ол	ол	linguistic	_	_	Begin=459.35|End=460.12
443-0	SPK1111	Falling	443	257	өйтпейді.	өйтпейді	linguistic	_	_	Begin=460.12|End=460.91
444-0	SPK1111	undefined	444	258	өте	өте	linguistic	_	_	Begin=460.91
444-1	SPK1111	undefined	444	258	(.)	(.)	shortpause	_	_	End=462.31
445-0	SPK1111	Falling	445	258	жапакеш.	жапакеш	linguistic	_	_	Begin=462.31|End=463.167
446-0	SPK1111	undefined	446	259	(.)	(.)	shortpause	_	_	Begin=463.167
446-1	SPK1111	undefined	446	259	Н	Н	linguistic	_	_	_
446-2	SPK1111	undefined	446	259	келеді	келеді	linguistic	_	_	_
446-3	SPK1111	undefined	446	259	дағы:	дағы	linguistic	_	Prolongation=3	End=465.45
447-0	SPK1104	undefined	447	_	(МММ)	(МММ)	disfluency	_	_	Begin=463.47|End=464.3
448-0	SPK1111	undefined	448	259	(.)	(.)	shortpause	_	_	Begin=465.45
448-1	SPK1111	undefined	448	259	әйтеу	әйтеу	linguistic	_	_	End=466.55
449-0	SPK1111	Continuing	449	259	үйдің	үйдің	linguistic	_	_	Begin=466.55
449-1	SPK1111	Continuing	449	259	бәрін	бәрін	linguistic	_	_	_
449-2	SPK1111	Continuing	449	259	шығарып	шығарып	linguistic	_	_	_
449-3	SPK1111	Continuing	449	259	тастағыш,	тастағыш	linguistic	_	_	End=467.83
450-0	SPK1104	Falling	450	260	Недеген	Недеген	linguistic	_	_	Begin=468.03
450-1	SPK1104	Falling	450	260	жақсы-ей.	жақсы-ей	linguistic	_	_	End=469.31
451-0	SPK1111	Falling	451	261	содан	содан	linguistic	_	_	Begin=468.81
451-1	SPK1111	Falling	451	261	қайтадан	қайтадан	linguistic	_	_	_
451-2	SPK1111	Falling	451	261	кіргізіп	кіргізіп	linguistic	_	_	_
451-3	SPK1111	Falling	451	261	тастағыш	тастағыш	linguistic	_	_	End=470.4
452-0	SPK1104	Continuing	452	262	Мен	Мен	linguistic	_	_	Begin=470.42
452-1	SPK1104	Continuing	452	262	кішкентай	кішкентай	linguistic	_	_	_
452-2	SPK1104	Continuing	452	262	кезімде	кезімде	linguistic	_	_	_
452-3	SPK1104	Continuing	452	262	армандайтынмын,	армандайтынмын	linguistic	_	_	End=471.94
453-0	SPK1104	undefined	453	262	Пу	Пу	linguistic	_	_	Begin=471.94|End=472.24
454-0	SPK1104	undefined	454	262	әпкем	әпкем	linguistic	_	_	Begin=472.24
454-1	SPK1104	undefined	454	262	болса	болса	linguistic	_	_	_
454-2	SPK1104	undefined	454	262	шіркін	шіркін	linguistic	_	_	End=473.45
455-0	SPK1104	Falling	455	262	деп.	деп	linguistic	_	_	Begin=473.45|End=473.73
456-0	SPK1104	undefined	456	263	Енді	Енді	linguistic	_	_	Begin=473.73|End=474.05
457-0	SPK1104	Continuing	457	263	үйде	үйде	linguistic	_	_	Begin=474.05
457-1	SPK1104	Continuing	457	263	де	де	linguistic	_	_	_
457-2	SPK1104	Continuing	457	263	көп	көп	linguistic	_	_	_
457-3	SPK1104	Continuing	457	263	жұмыс	жұмыс	linguistic	_	_	_
457-4	SPK1104	Continuing	457	263	жоқ,	жоқ	linguistic	_	_	End=475.23
458-0	SPK1104	Continuing	458	263	ыдыс-аяқ	ыдыс-аяқ	linguistic	_	_	Begin=475.23
458-1	SPK1104	Continuing	458	263	жуасың,	жуасың	linguistic	_	_	End=476.12
459-0	SPK1104	Falling	459	263	жинайсың.	жинайсың	linguistic	_	_	Begin=476.12|End=476.909
460-0	SPK1111	undefined	460	264	Содан	Содан	linguistic	_	_	Begin=476.91|End=477.6
461-0	SPK1111	Continuing	461	264	ыдыс-аяқты	ыдыс-аяқты	linguistic	_	_	Begin=477.6
461-1	SPK1111	Continuing	461	264	біртұтас	біртұтас	linguistic	_	_	_
461-2	SPK1111	Continuing	461	264	жиғыш,	жиғыш	linguistic	_	_	End=478.82
462-0	SPK1111	undefined	462	265	жиып	жиып	linguistic	_	_	Begin=478.82
462-1	SPK1111	undefined	462	265	алады	алады	linguistic	_	_	_
462-2	SPK1111	undefined	462	265	дағы	дағы	linguistic	_	_	End=479.73
463-0	SPK1111	Falling	463	265	бір	бір	linguistic	_	_	Begin=479.73
463-1	SPK1111	Falling	463	265	жуыпшықыш.	жуыпшықыш	linguistic	_	_	End=480.66
464-0	SPK1111	undefined	464	265	Өзі	Өзі	linguistic	_	_	Begin=480.66|End=480.96
465-0	SPK1111	Continuing	465	266	qiang	qiang	linguistic	_	_	Begin=480.96
465-1	SPK1111	Continuing	465	266	po	po	linguistic	_	_	_
465-2	SPK1111	Continuing	465	266	zheng	zheng	linguistic	_	_	_
465-3	SPK1111	Continuing	465	266	бар	бар	linguistic	_	_	_
465-4	SPK1111	Continuing	465	266	да,	да	linguistic	_	_	End=481.61
466-0	SPK1111	Interrupted	466	267	олай	олай	linguistic	_	_	Begin=481.61
466-1	SPK1111	Interrupted	466	267	болмаса	болмаса	linguistic	_	_	_
466-2	SPK1111	Interrupted	466	267	(.)	(.)	shortpause	_	_	_
466-3	SPK1111	Interrupted	466	267	Н)-	Н)-	linguistic	_	Interrupted=Yes	End=483.5
467-0	SPK1111	Interrupted	467	268	әне-	әне-	linguistic	_	Interrupted=Yes	Begin=483.5|End=484.15
468-0	SPK1111	Continuing	468	268	ой,	ой	linguistic	_	_	Begin=484.16|End=484.48
469-0	SPK1111	undefined	469	270	алдыңғы	алдыңғы	linguistic	_	_	Begin=484.48
469-1	SPK1111	undefined	469	270	жолы	жолы	linguistic	_	_	End=485.29
470-0	SPK1111	undefined	470	270	сен	сен	linguistic	_	_	Begin=485.29
470-1	SPK1111	undefined	470	270	келіп	келіп	linguistic	_	_	End=485.68
471-0	SPK1111	undefined	471	270	жиып	жиып	linguistic	_	_	Begin=485.68|End=485.86
472-0	SPK1111	undefined	472	270	жуып	жуып	linguistic	_	_	Begin=485.87
472-1	SPK1111	undefined	472	270	кеткеннен	кеткеннен	linguistic	_	_	_
472-2	SPK1111	undefined	472	270	кейін	кейін	linguistic	_	_	End=486.52
473-0	SPK1111	Continuing	473	270	істеткен	істеткен	linguistic	_	_	Begin=486.53
473-1	SPK1111	Continuing	473	270	жоқпыз,	жоқпыз	linguistic	_	_	_
473-2	SPK1111	Continuing	473	270	мынау	мынау	linguistic	_	_	_
473-3	SPK1111	Continuing	473	270	сол	сол	linguistic	_	_	_
473-4	SPK1111	Continuing	473	270	беті	беті	linguistic	_	_	_
473-5	SPK1111	Continuing	473	270	тұр	тұр	linguistic	_	_	_
473-6	SPK1111	Continuing	473	270	десең	десең	linguistic	_	_	End=488.03
474-0	SPK1111	undefined	474	_	(Ы)	(Ы)	linguistic	_	_	Begin=488.03|End=488.958
475-0	SPK1104	undefined	475	271	Шаң	Шаң	linguistic	_	_	Begin=488.43
475-1	SPK1104	undefined	475	271	басып	басып	linguistic	_	_	_
475-2	SPK1104	undefined	475	271	кетті	кетті	linguistic	_	_	End=489.41
476-0	SPK1104	Rising	476	271	дей	дей	linguistic	_	_	Begin=489.42
476-1	SPK1104	Rising	476	271	ма?	ма	linguistic	_	_	End=490.29
477-0	SPK1111	undefined	477	_	COUGH	COUGH	linguistic	_	_	Begin=490.4|End=491.099
478-0	SPK1111	Falling	478	272	qiang	qiang	linguistic	_	_	Begin=491.099
478-1	SPK1111	Falling	478	272	po	po	linguistic	_	_	_
478-2	SPK1111	Falling	478	272	zheng	zheng	linguistic	_	_	_
478-3	SPK1111	Falling	478	272	бар.	бар	linguistic	_	_	End=492.17
479-0	SPK1104	undefined	479	_	(МММ)	(МММ)	disfluency	_	_	Begin=492.17|End=492.97
480-0	SPK1111	undefined	480	_	Cодан	Cодан	linguistic	_	_	Begin=493.41|End=494.15
481-0	SPK1111	undefined	481	273	Әлгі	Әлгі	linguistic	_	_	Begin=494.15|End=494.9
482-0	SPK1111	undefined	482	273	үй	үй	linguistic	_	_	Begin=494.9|End=495.51
483-0	SPK1111	undefined	483	273	бүтін	бүтін	linguistic	_	_	Begin=495.51|End=496.12
484-0	SPK1111	undefined	484	273	полный	полный	linguistic	_	_	Begin=496.12
484-1	SPK1111	undefined	484	273	ғып	ғып	linguistic	_	_	End=496.66
485-0	SPK1111	undefined	485	273	бір	бір	linguistic	_	_	Begin=496.67|End=497.02
486-0	SPK1111	undefined	486	273	сүртіп	сүртіп	linguistic	_	_	Begin=498.0
486-1	SPK1111	undefined	486	273	шықпаса	шықпаса	linguistic	_	_	_
486-2	SPK1111	undefined	486	273	:		unknown	_	Prolongation=-1	End=499.064
487-0	SPK1111	Falling	487	274	көңілі	көңілі	linguistic	_	_	Begin=499.064
487-1	SPK1111	Falling	487	274	көншімей	көншімей	linguistic	_	_	_
487-2	SPK1111	Falling	487	274	тұрады.	тұрады	linguistic	_	_	End=500.435
488-0	SPK1104	undefined	488	_	(МММ)	(МММ)	disfluency	_	_	Begin=500.45|End=501.66
489-0	SPK1111	undefined	489	275	Cодан	Cодан	linguistic	_	_	Begin=501.263|End=501.85
490-0	SPK1111	undefined	490	275	әпкем	әпкем	linguistic	_	_	Begin=501.85
490-1	SPK1111	undefined	490	275	келген	келген	linguistic	_	_	_
490-2	SPK1111	undefined	490	275	кезде	кезде	linguistic	_	_	End=503.0
491-0	SPK1111	Continuing	491	276	үндемей	үндемей	linguistic	_	_	Begin=503.0
491-1	SPK1111	Continuing	491	276	қоясың	қоясың	linguistic	_	_	End=504.35
492-0	SPK1111	undefined	492	277	әлгі	әлгі	linguistic	_	_	Begin=504.35
492-1	SPK1111	undefined	492	277	ол	ол	linguistic	_	_	End=505.981
493-0	SPK1111	undefined	493	_	WHISPER	WHISPER	linguistic	_	_	Begin=505.981
493-1	SPK1111	undefined	493	_	немене	немене	linguistic	_	_	_
493-2	SPK1111	undefined	493	_	бүйтіп	бүйтіп	linguistic	_	_	End=508.2
494-0	SPK1111	Interrupted	494	_	жақ--	жақ--	linguistic	_	Interrupted=Yes	Begin=508.2|End=508.51
495-0	SPK1104	Rising	495	278	Көп	Көп	linguistic	_	_	Begin=508.47
495-1	SPK1104	Rising	495	278	те	те	linguistic	_	_	_
495-2	SPK1104	Rising	495	278	келмейтін	келмейтін	linguistic	_	_	_
495-3	SPK1104	Rising	495	278	шығар?	шығар	linguistic	_	_	End=509.73
496-0	SPK1104	undefined	496	279	Өзі	Өзі	linguistic	_	_	Begin=509.73
496-1	SPK1104	undefined	496	279	әрең	әрең	linguistic	_	_	_
496-2	SPK1104	undefined	496	279	бір	бір	linguistic	_	_	End=510.53
497-0	SPK1104	undefined	497	279	төркін	төркін	linguistic	_	_	Begin=510.53
497-1	SPK1104	undefined	497	279	:		unknown	_	Prolongation=-1	End=511.11
498-0	SPK1104	undefined	498	279	шылап	шылап	linguistic	_	_	Begin=511.11|End=511.593
499-0	SPK1104	Falling	499	279	келгенде.	келгенде	linguistic	_	_	Begin=511.593|End=512.304
500-0	SPK1111	undefined	500	280	Үнемі	Үнемі	linguistic	_	_	Begin=511.79
500-1	SPK1111	undefined	500	280	үнемі	үнемі	linguistic	_	_	_
500-2	SPK1111	undefined	500	280	келіп	келіп	linguistic	_	_	_
500-3	SPK1111	undefined	500	280	тұрады,	тұрады	linguistic	_	_	_
500-4	SPK1111	undefined	500	280	енді	енді	linguistic	_	_	End=513.43
501-0	SPK1111	Continuing	501	281	Әзіргі	Әзіргі	linguistic	_	_	Begin=516.02
501-1	SPK1111	Continuing	501	281	заман	заман	linguistic	_	_	_
501-2	SPK1111	Continuing	501	281	машина,	машина	linguistic	_	_	End=517.15
502-0	SPK1111	undefined	502	282	бұрынғы	бұрынғы	linguistic	_	_	Begin=517.15
502-1	SPK1111	undefined	502	282	заман	заман	linguistic	_	_	_
502-2	SPK1111	undefined	502	282	сияқты	сияқты	linguistic	_	_	End=517.9
503-0	SPK1111	Falling	503	282	төрт	төрт	linguistic	_	_	Begin=517.9
503-1	SPK1111	Falling	503	282	жылдан	жылдан	linguistic	_	_	_
503-2	SPK1111	Falling	503	282	кейін	кейін	linguistic	_	_	_
503-3	SPK1111	Falling	503	282	келіп	келіп	linguistic	_	_	_
503-4	SPK1111	Falling	503	282	тұратын	тұратын	linguistic	_	_	_
503-5	SPK1111	Falling	503	282	емес	емес	linguistic	_	_	End=519.233
504-0	SPK1104	undefined	504	283	Атқа	Атқа	linguistic	_	_	Begin=518.75|End=519.42
505-0	SPK1104	Falling	505	283	мініп	мініп	linguistic	_	_	Begin=519.42
505-1	SPK1104	Falling	505	283	демейсіз	демейсіз	linguistic	_	_	_
505-2	SPK1104	Falling	505	283	ба.	ба	linguistic	_	_	End=520.43
506-0	SPK1111	Falling	506	284	Иә.	Иә	linguistic	_	_	Begin=520.26|End=520.84
507-0	SPK1104	undefined	507	_	@	@	linguistic	_	_	Begin=520.43|End=521.24
508-0	SPK1111	Continuing	508	285	Жездемде	Жездемде	linguistic	_	_	Begin=521.5
508-1	SPK1111	Continuing	508	285	машина	машина	linguistic	_	_	_
508-2	SPK1111	Continuing	508	285	бар,	бар	linguistic	_	_	End=522.54
509-0	SPK1111	undefined	509	286	оның	оның	linguistic	_	_	Begin=522.54
509-1	SPK1111	undefined	509	286	үстіне	үстіне	linguistic	_	_	End=523.21
510-0	SPK1111	undefined	510	_	(.)	(.)	shortpause	_	_	Begin=523.21
510-1	SPK1111	undefined	510	_	(Н)	(Н)	linguistic	_	_	_
510-2	SPK1111	undefined	510	_	(ЫЫ)	(ЫЫ)	disfluency	_	_	End=526.03
511-0	SPK1104	undefined	511	287	Тоғызтарауда	Тоғызтарауда	linguistic	_	_	Begin=525.47|End=526.11
512-0	SPK1111	Falling	512	288	Иә.	Иә	linguistic	_	_	Begin=526.03|End=526.6
513-0	SPK1104	Rising	513	287	тұра	тұра	linguistic	_	_	Begin=526.11
513-1	SPK1104	Rising	513	287	ма	ма	linguistic	_	_	_
513-2	SPK1104	Rising	513	287	сол	сол	linguistic	_	_	End=526.99
514-0	SPK1111	Interrupted	514	_	Кө-	Кө-	linguistic	_	Interrupted=Yes	Begin=526.6|End=527.28
515-0	SPK1111	undefined	515	_	(ЫЫ)	(ЫЫ)	disfluency	_	_	Begin=527.29|End=528.36
516-0	SPK1111	Continuing	516	289	Жақын,	Жақын	linguistic	_	_	Begin=528.36|End=529.25
517-0	SPK1111	undefined	517	290	қыста	қыста	linguistic	_	_	Begin=529.25|End=530.03
518-0	SPK1111	undefined	518	291	арамыз	арамыз	linguistic	_	_	Begin=530.04
518-1	SPK1111	undefined	518	291	бір	бір	linguistic	_	_	_
518-2	SPK1111	undefined	518	291	жеті	жеті	linguistic	_	_	_
518-3	SPK1111	undefined	518	291	километр	километр	linguistic	_	_	End=531.07
519-0	SPK1111	Falling	519	291	сегіз	сегіз	linguistic	_	_	Begin=531.08
519-1	SPK1111	Falling	519	291	километр	километр	linguistic	_	_	_
519-2	SPK1111	Falling	519	291	тұрамыз.	тұрамыз	linguistic	_	_	End=532.28
520-0	SPK1111	undefined	520	292	Жазда	Жазда	linguistic	_	_	Begin=532.28|End=532.99
521-0	SPK1111	Continuing	521	293	ұзап	ұзап	linguistic	_	_	Begin=534.9
521-1	SPK1111	Continuing	521	293	кетсе,	кетсе	linguistic	_	_	End=537.63
522-0	SPK1111	undefined	522	294	кеңір	кеңір	linguistic	_	_	Begin=537.63
522-1	SPK1111	undefined	522	294	есептегенде	есептегенде	linguistic	_	_	_
522-2	SPK1111	undefined	522	294	бір	бір	linguistic	_	_	End=539.19
523-0	SPK1111	undefined	523	294	тоқсан	тоқсан	linguistic	_	_	Begin=539.19|End=539.61
524-0	SPK1111	undefined	524	295	сексен	сексен	linguistic	_	_	Begin=539.62
524-1	SPK1111	undefined	524	295	километр	километр	linguistic	_	_	_
524-2	SPK1111	undefined	524	295	жерде	жерде	linguistic	_	_	End=540.5
525-0	SPK1111	Falling	525	295	тұрамыз.	тұрамыз	linguistic	_	_	Begin=540.5|End=541.62
526-0	SPK1104	undefined	526	_	(МММ)	(МММ)	disfluency	_	_	Begin=541.01|End=542.09
527-0	SPK1111	undefined	527	296	(.)	(.)	shortpause	_	_	Begin=541.63
527-1	SPK1111	undefined	527	296	Ата-енесін	Ата-енесін	linguistic	_	_	_
527-2	SPK1111	undefined	527	296	салып	салып	linguistic	_	_	_
527-3	SPK1111	undefined	527	296	алады	алады	linguistic	_	_	_
527-4	SPK1111	undefined	527	296	да	да	linguistic	_	_	End=543.23
528-0	SPK1111	undefined	528	297	кешке	кешке	linguistic	_	_	Begin=543.23
528-1	SPK1111	undefined	528	297	жақын	жақын	linguistic	_	_	_
528-2	SPK1111	undefined	528	297	келетінін	келетінін	linguistic	_	_	_
528-3	SPK1111	undefined	528	297	қайтесің,	қайтесің	linguistic	_	_	_
528-4	SPK1111	undefined	528	297	(Н)	(Н)	linguistic	_	_	End=545.174
529-0	SPK1111	undefined	529	298	бір-екі	бір-екі	linguistic	_	_	Begin=545.174
529-1	SPK1111	undefined	529	298	сағат	сағат	linguistic	_	_	_
529-2	SPK1111	undefined	529	298	әңгіме	әңгіме	linguistic	_	_	_
529-3	SPK1111	undefined	529	298	айтып	айтып	linguistic	_	_	_
529-4	SPK1111	undefined	529	298	келейік	келейік	linguistic	_	_	_
529-5	SPK1111	undefined	529	298	деп	деп	linguistic	_	_	_
529-6	SPK1111	undefined	529	298	келдік	келдік	linguistic	_	_	_
529-7	SPK1111	undefined	529	298	деп	деп	linguistic	_	_	End=547.459
530-0	SPK1104	undefined	530	_	@@@	@@@	linguistic	_	_	Begin=546.67|End=547.84
531-0	SPK1111	Continuing	531	299	тыпыр	тыпыр	linguistic	_	_	Begin=547.459
531-1	SPK1111	Continuing	531	299	етіп	етіп	linguistic	_	_	_
531-2	SPK1111	Continuing	531	299	келеді,	келеді	linguistic	_	_	End=548.953
532-0	SPK1111	Continuing	532	300	(.)	(.)	shortpause	_	_	Begin=548.953
532-1	SPK1111	Continuing	532	300	ой,	ой	linguistic	_	_	End=550.627
533-0	SPK1111	Continuing	533	301	(.)	(.)	shortpause	_	_	Begin=550.627
533-1	SPK1111	Continuing	533	301	бәрі	бәрі	linguistic	_	_	_
533-2	SPK1111	Continuing	533	301	тап	тап	linguistic	_	_	_
533-3	SPK1111	Continuing	533	301	тап-таза	тап-таза	linguistic	_	_	_
533-4	SPK1111	Continuing	533	301	тұр	тұр	linguistic	_	_	_
533-5	SPK1111	Continuing	533	301	ғой	ғой	linguistic	_	_	_
533-6	SPK1111	Continuing	533	301	десең,	десең	linguistic	_	_	End=552.75
534-0	SPK1111	undefined	534	_	(ЫЫ)	(ЫЫ)	disfluency	_	_	Begin=552.76|End=553.24
535-0	SPK1111	Continuing	535	302	ренжиді,	ренжиді	linguistic	_	_	Begin=553.25|End=555.09
536-0	SPK1111	Falling	536	303	содан	содан	linguistic	_	_	Begin=555.1
536-1	SPK1111	Falling	536	303	үндемей	үндемей	linguistic	_	_	_
536-2	SPK1111	Falling	536	303	қойсаң	қойсаң	linguistic	_	_	_
536-3	SPK1111	Falling	536	303	болды	болды	linguistic	_	_	End=556.62
537-0	SPK1104	undefined	537	304	Әке-шешеңіз	Әке-шешеңіз	linguistic	_	_	Begin=556.58
537-1	SPK1104	undefined	537	304	сізге	сізге	linguistic	_	_	_
537-2	SPK1104	undefined	537	304	айтатын	айтатын	linguistic	_	_	_
537-3	SPK1104	undefined	537	304	шығар	шығар	linguistic	_	_	End=558.24
538-0	SPK1111	Interrupted	538	305	Жездем--	Жездем--	linguistic	_	Interrupted=Yes	Begin=557.72|End=558.359
539-0	SPK1104	undefined	539	304	келін	келін	linguistic	_	_	Begin=558.24
539-1	SPK1104	undefined	539	304	керек	керек	linguistic	_	_	End=558.96
540-0	SPK1111	Interrupted	540	_	Жез--	Жез--	linguistic	_	Interrupted=Yes	Begin=558.359|End=558.86
541-0	SPK1104	Falling	541	304	деп.	деп	linguistic	_	_	Begin=558.96|End=559.47
542-0	SPK1111	undefined	542	306	Жездем	Жездем	linguistic	_	_	Begin=559.235
542-1	SPK1111	undefined	542	306	екеуміз	екеуміз	linguistic	_	_	End=560.13
543-0	SPK1111	undefined	543	306	бүйтеміз	бүйтеміз	linguistic	_	_	Begin=560.13
543-1	SPK1111	undefined	543	306	дағы	дағы	linguistic	_	_	End=560.966
544-0	SPK1111	undefined	544	_	(.)	(.)	shortpause	_	_	Begin=561.8
544-1	SPK1111	undefined	544	_	(Н)	(Н)	linguistic	_	_	End=563.02
545-0	SPK1111	undefined	545	307	біраз	біраз	linguistic	_	_	Begin=563.02
545-1	SPK1111	undefined	545	307	темекі	темекі	linguistic	_	_	_
545-2	SPK1111	undefined	545	307	шегеміз	шегеміз	linguistic	_	_	End=563.99
546-0	SPK1111	Falling	546	307	tou	tou	linguistic	_	_	Begin=563.99
546-1	SPK1111	Falling	546	307	tou	tou	linguistic	_	_	_
546-2	SPK1111	Falling	546	307	mo	mo	linguistic	_	_	_
546-3	SPK1111	Falling	546	307	mo	mo	linguistic	_	_	_
546-4	SPK1111	Falling	546	307	de.	de	linguistic	_	_	End=564.87
547-0	SPK1104	undefined	547	_	@@	@@	linguistic	_	_	Begin=565.26|End=566.12
548-0	SPK1104	Continuing	548	308	Немене,	Немене	linguistic	_	_	Begin=566.12|End=567.16
549-0	SPK1104	Continuing	549	309	не	не	linguistic	_	_	Begin=567.16
549-1	SPK1104	Continuing	549	309	айтайын	айтайын	linguistic	_	_	_
549-2	SPK1104	Continuing	549	309	деп	деп	linguistic	_	_	_
549-3	SPK1104	Continuing	549	309	едім,	едім	linguistic	_	_	End=568.27
550-0	SPK1104	Rising	550	310	Тоғызтарау	Тоғызтарау	linguistic	_	_	Begin=568.27
550-1	SPK1104	Rising	550	310	деген	деген	linguistic	_	_	_
550-2	SPK1104	Rising	550	310	қандай	қандай	linguistic	_	_	_
550-3	SPK1104	Rising	550	310	мағына	мағына	linguistic	_	_	End=570.1
551-0	SPK1104	undefined	551	311	Тоғыз	Тоғыз	linguistic	_	_	Begin=570.1|End=570.67
552-0	SPK1104	Rising	552	311	тарау	тарау	linguistic	_	_	Begin=570.67
552-1	SPK1104	Rising	552	311	бар	бар	linguistic	_	_	_
552-2	SPK1104	Rising	552	311	ма	ма	linguistic	_	_	_
552-3	SPK1104	Rising	552	311	сонда?	сонда	linguistic	_	_	End=571.73
553-0	SPK1111	Continuing	553	312	Ой	Ой	linguistic	_	_	Begin=572.08
553-1	SPK1111	Continuing	553	312	былай	былай	linguistic	_	_	_
553-2	SPK1111	Continuing	553	312	әңгіме	әңгіме	linguistic	_	_	_
553-3	SPK1111	Continuing	553	312	ғой	ғой	linguistic	_	_	_
553-4	SPK1111	Continuing	553	312	бұл,	бұл	linguistic	_	_	End=573.48
554-0	SPK1111	undefined	554	313	ана	ана	linguistic	_	_	Begin=573.48|End=574.2
555-0	SPK1111	undefined	555	314	Іле	Іле	linguistic	_	_	Begin=574.2
555-1	SPK1111	undefined	555	314	өзеннің	өзеннің	linguistic	_	_	_
555-2	SPK1111	undefined	555	314	басы	басы	linguistic	_	_	End=576.048
556-0	SPK1111	undefined	556	_	(ЫЫ)	(ЫЫ)	disfluency	_	_	Begin=577.59|End=578.05
557-0	SPK1111	Continuing	557	315	Күнестен	Күнестен	linguistic	_	_	Begin=578.06
557-1	SPK1111	Continuing	557	315	басталып,	басталып	linguistic	_	_	End=579.253
558-0	SPK1111	undefined	558	_	(ЫЫ)	(ЫЫ)	disfluency	_	_	Begin=579.253|End=580.68
559-0	SPK1111	Continuing	559	316	Нараттан	Нараттан	linguistic	_	_	Begin=580.68
559-1	SPK1111	Continuing	559	316	Таңбалыға,	Таңбалыға	linguistic	_	_	End=581.89
560-0	SPK1111	Continuing	560	317	Ақөзеннен	Ақөзеннен	linguistic	_	_	Begin=581.9
560-1	SPK1111	Continuing	560	317	басталып	басталып	linguistic	_	_	_
560-2	SPK1111	Continuing	560	317	айналып	айналып	linguistic	_	_	_
560-3	SPK1111	Continuing	560	317	келіп,	келіп	linguistic	_	_	End=583.52
561-0	SPK1111	undefined	561	318	айланып	айланып	linguistic	_	_	Begin=583.52
561-1	SPK1111	undefined	561	318	келіп	келіп	linguistic	_	_	End=584.779
562-0	SPK1111	Continuing	562	319	Тоғызтараудың	Тоғызтараудың	linguistic	_	_	Begin=586.0
562-1	SPK1111	Continuing	562	319	артынан	артынан	linguistic	_	_	_
562-2	SPK1111	Continuing	562	319	өтіп	өтіп	linguistic	_	_	_
562-3	SPK1111	Continuing	562	319	бара	бара	linguistic	_	_	_
562-4	SPK1111	Continuing	562	319	жатқан	жатқан	linguistic	_	_	_
562-5	SPK1111	Continuing	562	319	кезде,	кезде	linguistic	_	_	End=588.16
563-0	SPK1111	Falling	563	320	Тоғызтараудың	Тоғызтараудың	linguistic	_	_	Begin=588.96
563-1	SPK1111	Falling	563	320	суы	суы	linguistic	_	_	_
563-2	SPK1111	Falling	563	320	келіп	келіп	linguistic	_	_	_
563-3	SPK1111	Falling	563	320	құяды.	құяды	linguistic	_	_	End=590.43
564-0	SPK1104	undefined	564	_	(МХМ)	(МХМ)	linguistic	_	_	Begin=590.2|End=590.894
565-0	SPK1111	Continuing	565	321	Текестің	Текестің	linguistic	_	_	Begin=591.6
565-1	SPK1111	Continuing	565	321	суы,	суы	linguistic	_	_	End=592.4
566-0	SPK1111	Falling	566	322	Тоғызтараудың	Тоғызтараудың	linguistic	_	_	Begin=592.4
566-1	SPK1111	Falling	566	322	суы	суы	linguistic	_	_	_
566-2	SPK1111	Falling	566	322	келіп	келіп	linguistic	_	_	_
566-3	SPK1111	Falling	566	322	құяды.	құяды	linguistic	_	_	End=594.02
567-0	SPK1111	undefined	567	323	Одан	Одан	linguistic	_	_	Begin=594.02
567-1	SPK1111	undefined	567	323	кейін	кейін	linguistic	_	_	_
567-2	SPK1111	undefined	567	323	айналып	айналып	linguistic	_	_	_
567-3	SPK1111	undefined	567	323	келіп	келіп	linguistic	_	_	End=594.89
568-0	SPK1111	Interrupted	568	324	тоғыз--	тоғыз--	linguistic	_	Interrupted=Yes	Begin=594.9|End=595.37
569-0	SPK1111	undefined	569	324	Тоғызтараудың	Тоғызтараудың	linguistic	_	_	Begin=595.37|End=596.25
570-0	SPK1111	undefined	570	324	дәл	дәл	linguistic	_	_	Begin=596.26|End=596.95
571-0	SPK1111	Continuing	571	324	артына	артына	linguistic	_	_	Begin=596.96
571-1	SPK1111	Continuing	571	324	келген	келген	linguistic	_	_	_
571-2	SPK1111	Continuing	571	324	кезде	кезде	linguistic	_	_	End=598.1
572-0	SPK1111	Continuing	572	325	(.)	(.)	shortpause	_	_	Begin=598.1
572-1	SPK1111	Continuing	572	325	Қаратаудың	Қаратаудың	linguistic	_	_	_
572-2	SPK1111	Continuing	572	325	түбі	түбі	linguistic	_	_	_
572-3	SPK1111	Continuing	572	325	бар	бар	linguistic	_	_	_
572-4	SPK1111	Continuing	572	325	ғой,	ғой	linguistic	_	_	End=599.43
573-0	SPK1111	Continuing	573	326	соған	соған	linguistic	_	_	Begin=600.83
573-1	SPK1111	Continuing	573	326	келген	келген	linguistic	_	_	_
573-2	SPK1111	Continuing	573	326	кезде,	кезде	linguistic	_	_	End=602.12
574-0	SPK1111	undefined	574	_	(.)	(.)	shortpause	_	_	Begin=602.13
574-1	SPK1111	undefined	574	_	(Ы)	(Ы)	linguistic	_	_	End=603.48
575-0	SPK1111	undefined	575	327	бір	бір	linguistic	_	_	Begin=603.49
575-1	SPK1111	undefined	575	327	арнамен	арнамен	linguistic	_	_	_
575-2	SPK1111	undefined	575	327	келе	келе	linguistic	_	_	_
575-3	SPK1111	undefined	575	327	жатады	жатады	linguistic	_	_	_
575-4	SPK1111	undefined	575	327	да	да	linguistic	_	_	End=604.46
576-0	SPK1111	undefined	576	328	жайылып	жайылып	linguistic	_	_	Begin=604.47|End=605.2
577-0	SPK1111	Continuing	577	328	тоғыз	тоғыз	linguistic	_	_	Begin=605.2
577-1	SPK1111	Continuing	577	328	арна	арна	linguistic	_	_	_
577-2	SPK1111	Continuing	577	328	болады	болады	linguistic	_	_	End=606.78
578-0	SPK1104	undefined	578	_	(МММ)	(МММ)	disfluency	_	_	Begin=606.25|End=607.44
579-0	SPK1111	Continuing	579	329	тоғыз	тоғыз	linguistic	_	_	Begin=606.78
579-1	SPK1111	Continuing	579	329	өзен	өзен	linguistic	_	_	_
579-2	SPK1111	Continuing	579	329	болады,	болады	linguistic	_	_	End=607.88
580-0	SPK1111	undefined	580	330	біраз	біраз	linguistic	_	_	Begin=608.55
580-1	SPK1111	undefined	580	330	жерге	жерге	linguistic	_	_	_
580-2	SPK1111	undefined	580	330	апарады	апарады	linguistic	_	_	_
580-3	SPK1111	undefined	580	330	да	да	linguistic	_	_	End=609.46
581-0	SPK1111	Continuing	581	331	қайтадан	қайтадан	linguistic	_	_	Begin=609.47
581-1	SPK1111	Continuing	581	331	бірігіп	бірігіп	linguistic	_	_	_
581-2	SPK1111	Continuing	581	331	кетеді,	кетеді	linguistic	_	_	End=610.57
582-0	SPK1111	Interrupted	582	332	##	##	unknown	_	_	Begin=610.57
582-1	SPK1111	Interrupted	582	332	тоғыз	тоғыз	linguistic	_	_	_
582-2	SPK1111	Interrupted	582	332	тарау	тарау	linguistic	_	_	_
582-3	SPK1111	Interrupted	582	332	деп--	деп--	linguistic	_	Interrupted=Yes	End=612.13
583-0	SPK1104	undefined	583	333	Дәл	Дәл	linguistic	_	_	Begin=612.6
583-1	SPK1104	undefined	583	333	сол	сол	linguistic	_	_	_
583-2	SPK1104	undefined	583	333	Тоғызтараудың	Тоғызтараудың	linguistic	_	_	_
583-3	SPK1104	undefined	583	333	бір	бір	linguistic	_	_	_
583-4	SPK1104	undefined	583	333	жерінде	жерінде	linguistic	_	_	End=614.22
584-0	SPK1104	Falling	584	333	деңізші	деңізші	linguistic	_	_	Begin=614.22
584-1	SPK1104	Falling	584	333	ол.	ол	linguistic	_	_	End=615.13
585-0	SPK1111	Continuing	585	334	Иә	Иә	linguistic	_	_	Begin=615.62
585-1	SPK1111	Continuing	585	334	сол	сол	linguistic	_	_	_
585-2	SPK1111	Continuing	585	334	Тоғызтарауда,	Тоғызтарауда	linguistic	_	_	End=616.83
586-0	SPK1111	Continuing	586	335	ауданның	ауданның	linguistic	_	_	Begin=616.83
586-1	SPK1111	Continuing	586	335	астында,	астында	linguistic	_	_	End=618.06
587-0	SPK1111	Interrupted	587	_	со-	со-	linguistic	_	Interrupted=Yes	Begin=618.06
587-1	SPK1111	Interrupted	587	_	со-	со-	linguistic	_	Interrupted=Yes	End=618.81
588-0	SPK1111	undefined	588	336	жайылып	жайылып	linguistic	_	_	Begin=618.81|End=619.7
589-0	SPK1111	undefined	589	336	барып	барып	linguistic	_	_	Begin=619.7|End=621.19
590-0	SPK1104	undefined	590	_	(МММ)	(МММ)	disfluency	_	_	Begin=620.65|End=621.7
591-0	SPK1111	undefined	591	337	содан	содан	linguistic	_	_	Begin=621.19
591-1	SPK1111	undefined	591	337	өтіп	өтіп	linguistic	_	_	End=622.01
592-0	SPK1111	Continuing	592	338	бізден	бізден	linguistic	_	_	Begin=622.01
592-1	SPK1111	Continuing	592	338	өтеді	өтеді	linguistic	_	_	_
592-2	SPK1111	Continuing	592	338	өтеді,	өтеді	linguistic	_	_	End=622.95
593-0	SPK1111	undefined	593	_	(ЫЫ)	(ЫЫ)	disfluency	_	_	Begin=622.95
593-1	SPK1111	undefined	593	_	(..)	(..)	shortpause	_	_	End=626.33
594-0	SPK1111	undefined	594	339	Құлжа	Құлжа	linguistic	_	_	Begin=626.33
594-1	SPK1111	undefined	594	339	ауданның	ауданның	linguistic	_	_	_
594-2	SPK1111	undefined	594	339	бір	бір	linguistic	_	_	End=627.62
595-0	SPK1111	undefined	595	339	жерлеріне	жерлеріне	linguistic	_	_	Begin=627.62
595-1	SPK1111	undefined	595	339	барғанда	барғанда	linguistic	_	_	End=628.52
596-0	SPK1111	Continuing	596	340	Қастың	Қастың	linguistic	_	_	Begin=628.52
596-1	SPK1111	Continuing	596	340	суы	суы	linguistic	_	_	_
596-2	SPK1111	Continuing	596	340	келіп	келіп	linguistic	_	_	_
596-3	SPK1111	Continuing	596	340	құяды,	құяды	linguistic	_	_	End=629.82
597-0	SPK1111	Rising	597	341	Майгуңше	Майгуңше	linguistic	_	_	Begin=629.82
597-1	SPK1111	Rising	597	341	деген	деген	linguistic	_	_	_
597-2	SPK1111	Rising	597	341	бір	бір	linguistic	_	_	_
597-3	SPK1111	Rising	597	341	жерлер	жерлер	linguistic	_	_	_
597-4	SPK1111	Rising	597	341	бар	бар	linguistic	_	_	_
597-5	SPK1111	Rising	597	341	ғой,	ғой	linguistic	_	_	_
597-6	SPK1111	Rising	597	341	білесің	білесің	linguistic	_	_	_
597-7	SPK1111	Rising	597	341	бе?	бе	linguistic	_	_	End=631.88
598-0	SPK1104	Continuing	598	342	WHISPER	WHISPER	linguistic	_	_	Begin=631.86
598-1	SPK1104	Continuing	598	342	Майгуңше,	Майгуңше	linguistic	_	_	End=632.478
599-0	SPK1104	Continuing	599	343	білемін	білемін	linguistic	_	_	Begin=632.478
599-1	SPK1104	Continuing	599	343	ғой	ғой	linguistic	_	_	_
599-2	SPK1104	Continuing	599	343	деймін,	деймін	linguistic	_	_	End=633.249
600-0	SPK1104	Falling	600	343	иә.	иә	linguistic	_	_	Begin=633.249|End=633.56
601-0	SPK1111	undefined	601	345	Ана	Ана	linguistic	_	_	Begin=633.26|End=633.87
602-0	SPK1111	undefined	602	345	Нылқының	Нылқының	linguistic	_	_	Begin=633.87
602-1	SPK1111	undefined	602	345	әлгі	әлгі	linguistic	_	_	End=635.019
603-0	SPK1111	undefined	603	345	Мазар:	Мазар	linguistic	_	Prolongation=4	Begin=635.019|End=636.253
604-0	SPK1104	Rising	604	346	Мазар?	Мазар	linguistic	_	_	Begin=636.42|End=637.39
605-0	SPK1111	Continuing	605	347	иә,	иә	linguistic	_	_	Begin=637.3|End=637.76
606-0	SPK1104	Continuing	606	348	білмейді	білмейді	linguistic	_	_	Begin=637.84
606-1	SPK1104	Continuing	606	348	екенмін	екенмін	linguistic	_	_	_
606-2	SPK1104	Continuing	606	348	иә,	иә	linguistic	_	_	End=638.7
607-0	SPK1104	Falling	607	348	оның	оның	linguistic	_	_	Begin=638.7
607-1	SPK1104	Falling	607	348	атын.	атын	linguistic	_	_	End=639.38
608-0	SPK1111	Interrupted	608	349	Бо-	Бо-	linguistic	_	Interrupted=Yes	Begin=640.61|End=640.97
609-0	SPK1111	undefined	609	349	Борболсын:	Борболсын	linguistic	_	Prolongation=8	Begin=640.97|End=641.78
610-0	SPK1111	Continuing	610	349	деген	деген	linguistic	_	_	Begin=641.78
610-1	SPK1111	Continuing	610	349	жерлер	жерлер	linguistic	_	_	_
610-2	SPK1111	Continuing	610	349	бар,	бар	linguistic	_	_	End=642.64
611-0	SPK1104	Falling	611	350	білмейді	білмейді	linguistic	_	_	Begin=642.62
611-1	SPK1104	Falling	611	350	екенмін	екенмін	linguistic	_	_	End=643.81
612-0	SPK1111	undefined	612	351	сол	сол	linguistic	_	_	Begin=642.64
612-1	SPK1111	undefined	612	351	жерге	жерге	linguistic	_	_	_
612-2	SPK1111	undefined	612	351	барғанда	барғанда	linguistic	_	_	End=644.35
613-0	SPK1111	Falling	613	352	Нылқының	Нылқының	linguistic	_	_	Begin=644.36
613-1	SPK1111	Falling	613	352	суы	суы	linguistic	_	_	_
613-2	SPK1111	Falling	613	352	келіп	келіп	linguistic	_	_	_
613-3	SPK1111	Falling	613	352	құяды.	құяды	linguistic	_	_	End=645.96
614-0	SPK1104	undefined	614	_	(МММ)	(МММ)	disfluency	_	_	Begin=645.643|End=646.91
615-0	SPK1111	undefined	615	_	(.)	(.)	shortpause	_	_	Begin=645.96
615-1	SPK1111	undefined	615	_	(Н)	(Н)	linguistic	_	_	End=647.27
616-0	SPK1111	undefined	616	353	Содан	Содан	linguistic	_	_	Begin=647.27|End=648.136
617-0	SPK1111	undefined	617	_	(..)	(..)	shortpause	_	_	Begin=648.136
617-1	SPK1111	undefined	617	_	(ЫЫ)	(ЫЫ)	disfluency	_	_	End=651.01
618-0	SPK1111	Interrupted	618	354	сол	сол	linguistic	_	_	Begin=651.01
618-1	SPK1111	Interrupted	618	354	үлкейіп-	үлкейіп-	linguistic	_	Interrupted=Yes	End=651.59
619-0	SPK1111	Continuing	619	355	Құлжаға	Құлжаға	linguistic	_	_	Begin=651.6
619-1	SPK1111	Continuing	619	355	келіп	келіп	linguistic	_	_	_
619-2	SPK1111	Continuing	619	355	үлкейеді	үлкейеді	linguistic	_	_	_
619-3	SPK1111	Continuing	619	355	ғой,	ғой	linguistic	_	_	End=652.71
620-0	SPK1111	Falling	620	356	одан	одан	linguistic	_	_	Begin=652.71
620-1	SPK1111	Falling	620	356	кейін	кейін	linguistic	_	_	_
620-2	SPK1111	Falling	620	356	Қазақстанда	Қазақстанда	linguistic	_	_	_
620-3	SPK1111	Falling	620	356	болып	болып	linguistic	_	_	_
620-4	SPK1111	Falling	620	356	кетеді.	кетеді	linguistic	_	_	End=654.1
621-0	SPK1111	undefined	621	357	Сол	Сол	linguistic	_	_	Begin=654.1|End=654.63
622-0	SPK1111	Continuing	622	357	Тоғыз	Тоғыз	linguistic	_	_	Begin=654.63
622-1	SPK1111	Continuing	622	357	тарау,	тарау	linguistic	_	_	End=655.33
623-0	SPK1111	undefined	623	357	Тоғыз	Тоғыз	linguistic	_	_	Begin=655.33
623-1	SPK1111	undefined	623	357	арнаға	арнаға	linguistic	_	_	End=656.35
624-0	SPK1111	Falling	624	357	бөлінген.	бөлінген	linguistic	_	_	Begin=656.36|End=657.12
625-0	SPK1104	undefined	625	_	(МММ)	(МММ)	disfluency	_	_	Begin=657.03|End=658.18
626-0	SPK1104	Rising	626	358	Жақсы	Жақсы	linguistic	_	_	Begin=658.18
626-1	SPK1104	Rising	626	358	ат	ат	linguistic	_	_	_
626-2	SPK1104	Rising	626	358	екен	екен	linguistic	_	_	_
626-3	SPK1104	Rising	626	358	иә?	иә	linguistic	_	_	End=659.13
627-0	SPK1104	undefined	627	359	Мен	Мен	linguistic	_	_	Begin=659.13
627-1	SPK1104	undefined	627	359	әзір:	әзір	linguistic	_	Prolongation=3	End=659.92
628-0	SPK1104	Continuing	628	359	ойлап	ойлап	linguistic	_	_	Begin=659.92
628-1	SPK1104	Continuing	628	359	отырмын,	отырмын	linguistic	_	_	End=660.71
629-0	SPK1104	undefined	629	360	тоғыз	тоғыз	linguistic	_	_	Begin=660.71|End=661.299
630-0	SPK1104	undefined	630	360	тарау	тарау	linguistic	_	_	Begin=661.299
630-1	SPK1104	undefined	630	360	деген	деген	linguistic	_	_	End=662.03
631-0	SPK1104	Falling	631	360	сондай	сондай	linguistic	_	_	Begin=662.03
631-1	SPK1104	Falling	631	360	ат	ат	linguistic	_	_	_
631-2	SPK1104	Falling	631	360	қой	қой	linguistic	_	_	_
631-3	SPK1104	Falling	631	360	деп.	деп	linguistic	_	_	End=663.06
632-0	SPK1104	Falling	632	361	Қазақша	Қазақша	linguistic	_	_	Begin=663.06
632-1	SPK1104	Falling	632	361	қойыпты	қойыпты	linguistic	_	_	_
632-2	SPK1104	Falling	632	361	ғой.	ғой	linguistic	_	_	End=664.23
633-0	SPK1104	undefined	633	362	Біздің	Біздің	linguistic	_	_	Begin=664.23
633-1	SPK1104	undefined	633	362	Нылқы	Нылқы	linguistic	_	_	_
633-2	SPK1104	undefined	633	362	деген	деген	linguistic	_	_	End=665.33
634-0	SPK1104	Continuing	634	362	Моңғолша,	Моңғолша	linguistic	_	_	Begin=665.33|End=666.39
635-0	SPK1104	undefined	635	363	сәби	сәби	linguistic	_	_	Begin=667.22|End=667.56
636-0	SPK1104	undefined	636	363	деген	деген	linguistic	_	_	Begin=667.56
636-1	SPK1104	undefined	636	363	сөз	сөз	linguistic	_	_	_
636-2	SPK1104	undefined	636	363	екен	екен	linguistic	_	_	_
636-3	SPK1104	undefined	636	363	ғой	ғой	linguistic	_	_	End=668.54
637-0	SPK1104	Falling	637	363	Нылқы	Нылқы	linguistic	_	_	Begin=668.55
637-1	SPK1104	Falling	637	363	деген.	деген	linguistic	_	_	End=669.47
638-0	SPK1111	Continuing	638	364	Нылқы	Нылқы	linguistic	_	_	Begin=669.96
638-1	SPK1111	Continuing	638	364	ұнайды	ұнайды	linguistic	_	_	_
638-2	SPK1111	Continuing	638	364	маған,	маған	linguistic	_	_	End=671.51
639-0	SPK1104	Interrupted	639	365	Нылқы-	Нылқы-	linguistic	_	Interrupted=Yes	Begin=671.8|End=672.61
640-0	SPK1111	undefined	640	366	Нылқының	Нылқының	linguistic	_	_	Begin=672.19
640-1	SPK1111	undefined	640	366	адамдары	адамдары	linguistic	_	_	_
640-2	SPK1111	undefined	640	366	біртүрлі	біртүрлі	linguistic	_	_	End=673.58
641-0	SPK1111	undefined	641	367	(ЫЫ)	(ЫЫ)	disfluency	_	_	Begin=674.97|End=675.32
642-0	SPK1111	undefined	642	367	(.)	(.)	shortpause	_	_	Begin=675.32
642-1	SPK1111	undefined	642	367	біртүрлі	біртүрлі	linguistic	_	_	End=676.781
643-0	SPK1111	Continuing	643	368	қазақшасы	қазақшасы	linguistic	_	_	Begin=677.66
643-1	SPK1111	Continuing	643	368	жоқ	жоқ	linguistic	_	_	_
643-2	SPK1111	Continuing	643	368	енді,	енді	linguistic	_	_	End=678.7
644-0	SPK1111	Falling	644	369	пu	пu	linguistic	_	_	Begin=678.7
644-1	SPK1111	Falling	644	369	su	su	linguistic	_	_	_
644-2	SPK1111	Falling	644	369	дейміз	дейміз	linguistic	_	_	_
644-3	SPK1111	Falling	644	369	ғой	ғой	linguistic	_	_	End=680.303
645-0	SPK1104	Falling	645	370	Қарапайым.	Қарапайым	linguistic	_	_	Begin=679.74|End=680.79
646-0	SPK1111	Falling	646	371	Қарапайым	Қарапайым	linguistic	_	_	Begin=681.58
646-1	SPK1111	Falling	646	371	десең	десең	linguistic	_	_	_
646-2	SPK1111	Falling	646	371	тағы	тағы	linguistic	_	_	_
646-3	SPK1111	Falling	646	371	болмай	болмай	linguistic	_	_	_
646-4	SPK1111	Falling	646	371	қалады.	қалады	linguistic	_	_	End=682.99
647-0	SPK1111	Interrupted	647	372	Біртүрлі	Біртүрлі	linguistic	_	_	Begin=682.99
647-1	SPK1111	Interrupted	647	372	әлгі	әлгі	linguistic	_	_	_
647-2	SPK1111	Interrupted	647	372	ю-	ю-	linguistic	_	Interrupted=Yes	End=684.29
648-0	SPK1111	undefined	648	372	бұрынғы:	бұрынғы	linguistic	_	Prolongation=6	Begin=684.29|End=685.2
649-0	SPK1111	undefined	649	372	yuan	yuan	linguistic	_	_	Begin=685.2
649-1	SPK1111	undefined	649	372	shi	shi	linguistic	_	_	_
649-2	SPK1111	undefined	649	372	сияқты	сияқты	linguistic	_	_	End=686.04
650-0	SPK1104	undefined	650	_	@@@	@@@	linguistic	_	_	Begin=685.86|End=686.49
651-0	SPK1111	Falling	651	372	сезіледі.	сезіледі	linguistic	_	_	Begin=686.04|End=686.71
652-0	SPK1104	undefined	652	373	Жабайы	Жабайы	linguistic	_	_	Begin=686.49|End=687.04
653-0	SPK1104	Falling	653	373	дедіңіз	дедіңіз	linguistic	_	_	Begin=687.04
653-1	SPK1104	Falling	653	373	ғой	ғой	linguistic	_	_	_
653-2	SPK1104	Falling	653	373	@	@	linguistic	_	_	End=687.91
654-0	SPK1111	Continuing	654	374	Жоқ,	Жоқ	linguistic	_	_	Begin=687.23|End=687.92
655-0	SPK1111	Continuing	655	375	жабайы	жабайы	linguistic	_	_	Begin=687.92
655-1	SPK1111	Continuing	655	375	емес,	емес	linguistic	_	_	End=688.58
656-0	SPK1111	undefined	656	375	бұрынғы:	бұрынғы	linguistic	_	Prolongation=6	Begin=688.58|End=689.03
657-0	SPK1111	Interrupted	657	376	е-	е-	linguistic	_	Interrupted=Yes	Begin=689.03|End=689.269
658-0	SPK1111	Falling	658	376	ескі	ескі	linguistic	_	_	Begin=689.269
658-1	SPK1111	Falling	658	376	қазақи.	қазақи	linguistic	_	_	End=690.3
659-0	SPK1111	undefined	659	377	Мен	Мен	linguistic	_	_	Begin=690.3
659-1	SPK1111	undefined	659	377	ана	ана	linguistic	_	_	End=691.41
660-0	SPK1111	Continuing	660	377	Нылқыға	Нылқыға	linguistic	_	_	Begin=691.41
660-1	SPK1111	Continuing	660	377	көп	көп	linguistic	_	_	_
660-2	SPK1111	Continuing	660	377	барамыз	барамыз	linguistic	_	_	_
660-3	SPK1111	Continuing	660	377	дедік	дедік	linguistic	_	_	_
660-4	SPK1111	Continuing	660	377	қой,	қой	linguistic	_	_	End=692.9
661-0	SPK1104	undefined	661	_	(МХМ)	(МХМ)	linguistic	_	_	Begin=692.88|End=693.33
662-0	SPK1111	undefined	662	378	біз	біз	linguistic	_	_	Begin=693.5
662-1	SPK1111	undefined	662	378	Тоғызтарау	Тоғызтарау	linguistic	_	_	_
662-2	SPK1111	undefined	662	378	біртүрлі	біртүрлі	linguistic	_	_	End=694.76
663-0	SPK1111	Continuing	663	378	xian	xian	linguistic	_	_	Begin=694.76
663-1	SPK1111	Continuing	663	378	dai	dai	linguistic	_	_	_
663-2	SPK1111	Continuing	663	378	hua	hua	linguistic	_	_	_
663-3	SPK1111	Continuing	663	378	болып	болып	linguistic	_	_	_
663-4	SPK1111	Continuing	663	378	кеткен	кеткен	linguistic	_	_	_
663-5	SPK1111	Continuing	663	378	сияқты,	сияқты	linguistic	_	_	End=696.3
664-0	SPK1111	Interrupted	664	379	біртүрлі-	біртүрлі-	linguistic	_	Interrupted=Yes	Begin=696.3|End=697.25
665-0	SPK1111	undefined	665	_	(Ы)	(Ы)	linguistic	_	_	Begin=701.41|End=701.86
666-0	SPK1111	undefined	666	380	Тоғызтарауда	Тоғызтарауда	linguistic	_	_	Begin=701.86
666-1	SPK1111	undefined	666	380	енді	енді	linguistic	_	_	End=703.09
667-0	SPK1111	Continuing	667	380	базар	базар	linguistic	_	_	Begin=703.09
667-1	SPK1111	Continuing	667	380	көп,	көп	linguistic	_	_	End=704.11
668-0	SPK1111	Interrupted	668	381	оның	оның	linguistic	_	_	Begin=704.11
668-1	SPK1111	Interrupted	668	381	үстіне	үстіне	linguistic	_	_	_
668-2	SPK1111	Interrupted	668	381	әлгі-	әлгі-	linguistic	_	Interrupted=Yes	End=704.96
669-0	SPK1111	Rising	669	382	деп	деп	linguistic	_	_	Begin=706.97
669-1	SPK1111	Rising	669	382	мақтансаң	мақтансаң	linguistic	_	_	_
669-2	SPK1111	Rising	669	382	иә?	иә	linguistic	_	_	End=707.93
670-0	SPK1104	undefined	670	_	@@@	@@@	linguistic	_	_	Begin=707.75|End=708.68
671-0	SPK1104	Interrupted	671	383	Нылқыдан-	Нылқыдан-	linguistic	_	Interrupted=Yes	Begin=708.68|End=709.71
672-0	SPK1104	Continuing	672	384	ай	ай	linguistic	_	_	Begin=709.71
672-1	SPK1104	Continuing	672	384	Нылқы	Нылқы	linguistic	_	_	_
672-2	SPK1104	Continuing	672	384	дейінші,	дейінші	linguistic	_	_	End=710.44
673-0	SPK1104	Rising	673	385	Құлжадан	Құлжадан	linguistic	_	_	Begin=710.44
673-1	SPK1104	Rising	673	385	қанша	қанша	linguistic	_	_	_
673-2	SPK1104	Rising	673	385	уақыттық	уақыттық	linguistic	_	_	_
673-3	SPK1104	Rising	673	385	жол?	жол	linguistic	_	_	End=712.184
674-0	SPK1111	undefined	674	_	(Н)	(Н)	linguistic	_	_	Begin=711.84|End=712.8
675-0	SPK1111	Falling	675	386	Жүз	Жүз	linguistic	_	_	Begin=713.83
675-1	SPK1111	Falling	675	386	километр	километр	linguistic	_	_	_
675-2	SPK1111	Falling	675	386	ғой.	ғой	linguistic	_	_	End=714.81
676-0	SPK1104	Continuing	676	387	Нылқыға	Нылқыға	linguistic	_	_	Begin=714.67
676-1	SPK1104	Continuing	676	387	өте	өте	linguistic	_	_	_
676-2	SPK1104	Continuing	676	387	алыс	алыс	linguistic	_	_	_
676-3	SPK1104	Continuing	676	387	емес	емес	linguistic	_	_	_
676-4	SPK1104	Continuing	676	387	қой,	қой	linguistic	_	_	End=716.57
677-0	SPK1104	Continuing	677	388	екі	екі	linguistic	_	_	Begin=717.13
677-1	SPK1104	Continuing	677	388	үш	үш	linguistic	_	_	_
677-2	SPK1104	Continuing	677	388	сағат,	сағат	linguistic	_	_	End=717.96
678-0	SPK1104	Rising	678	388	иә?	иә	linguistic	_	_	Begin=717.96|End=718.366
679-0	SPK1111	undefined	679	390	Бізде	Бізде	linguistic	_	_	Begin=718.87|End=719.468
680-0	SPK1111	undefined	680	390	кейін	кейін	linguistic	_	_	Begin=720.51|End=721.18
681-0	SPK1111	undefined	681	390	(Ы)	(Ы)	linguistic	_	_	Begin=721.18
681-1	SPK1111	undefined	681	390	gao	gao	linguistic	_	_	_
681-2	SPK1111	undefined	681	390	su	su	linguistic	_	_	End=721.82
682-0	SPK1111	undefined	682	390	түскеннен	түскеннен	linguistic	_	_	Begin=721.82
682-1	SPK1111	undefined	682	390	кейін	кейін	linguistic	_	_	End=722.95
683-0	SPK1111	undefined	683	391	елу	елу	linguistic	_	_	Begin=722.95
683-1	SPK1111	undefined	683	391	минутта	минутта	linguistic	_	_	End=724.15
684-0	SPK1111	Falling	684	391	жетесің.	жетесің	linguistic	_	_	Begin=724.15|End=725.008
685-0	SPK1104	undefined	685	392	WHISPER	WHISPER	linguistic	_	_	Begin=724.73
685-1	SPK1104	undefined	685	392	мына	мына	linguistic	_	_	_
685-2	SPK1104	undefined	685	392	тиген	тиген	linguistic	_	_	End=725.54
686-0	SPK1104	Falling	686	392	жақын	жақын	linguistic	_	_	Begin=725.54
686-1	SPK1104	Falling	686	392	жер	жер	linguistic	_	_	_
686-2	SPK1104	Falling	686	392	екен	екен	linguistic	_	_	_
686-3	SPK1104	Falling	686	392	ғой.	ғой	linguistic	_	_	End=726.585
687-0	SPK1111	undefined	687	393	Ана	Ана	linguistic	_	_	Begin=726.36
687-1	SPK1111	undefined	687	393	біреу	біреу	linguistic	_	_	End=727.08
688-0	SPK1111	Continuing	688	393	ескі,	ескі	linguistic	_	_	Begin=727.08|End=727.46
689-0	SPK1111	undefined	689	393	бұрынғы	бұрынғы	linguistic	_	_	Begin=727.47|End=728.08
690-0	SPK1111	undefined	690	393	әдеттегі	әдеттегі	linguistic	_	_	Begin=729.46
690-1	SPK1111	undefined	690	393	жолмен	жолмен	linguistic	_	_	_
690-2	SPK1111	undefined	690	393	жүрсең	жүрсең	linguistic	_	_	End=730.928
691-0	SPK1111	Continuing	691	394	бір	бір	linguistic	_	_	Begin=730.928
691-1	SPK1111	Continuing	691	394	сағат,	сағат	linguistic	_	_	End=732.104
692-0	SPK1111	Falling	692	395	бір	бір	linguistic	_	_	Begin=732.104
692-1	SPK1111	Falling	692	395	сағат	сағат	linguistic	_	_	_
692-2	SPK1111	Falling	692	395	жиырма	жиырма	linguistic	_	_	_
692-3	SPK1111	Falling	692	395	минут.	минут	linguistic	_	_	End=733.14
693-0	SPK1111	undefined	693	396	Ол	Ол	linguistic	_	_	Begin=733.14
693-1	SPK1111	undefined	693	396	жерде	жерде	linguistic	_	_	_
693-2	SPK1111	undefined	693	396	әлгі	әлгі	linguistic	_	_	End=733.64
694-0	SPK1111	undefined	694	396	мазаңды	мазаңды	linguistic	_	_	Begin=733.64
694-1	SPK1111	undefined	694	396	алып	алып	linguistic	_	_	_
694-2	SPK1111	undefined	694	396	жіберетін	жіберетін	linguistic	_	_	End=734.34
695-0	SPK1111	Falling	695	396	ана	ана	linguistic	_	_	Begin=734.34
695-1	SPK1111	Falling	695	396	камера	камера	linguistic	_	_	_
695-2	SPK1111	Falling	695	396	бар	бар	linguistic	_	_	_
695-3	SPK1111	Falling	695	396	ғой.	ғой	linguistic	_	_	End=735.45
696-0	SPK1104	Continuing	696	_	Е,	Е	linguistic	_	_	Begin=735.52|End=736.33
697-0	SPK1104	Interrupted	697	397	не	не	linguistic	_	_	Begin=736.33
697-1	SPK1104	Interrupted	697	397	қылмау--	қылмау--	linguistic	_	Interrupted=Yes	End=737.04
698-0	SPK1104	undefined	698	398	тез:	тез	linguistic	_	Prolongation=2	Begin=737.04|End=737.59
699-0	SPK1111	Falling	699	399	Иә.	Иә	linguistic	_	_	Begin=737.17|End=737.6
700-0	SPK1104	Falling	700	398	жүруге	жүруге	linguistic	_	_	Begin=737.59
700-1	SPK1104	Falling	700	398	болмайды	болмайды	linguistic	_	_	_
700-2	SPK1104	Falling	700	398	деңізші	деңізші	linguistic	_	_	End=739.298
701-0	SPK1111	undefined	701	_	(Н)	(Н)	linguistic	_	_	Begin=737.9|End=739.13
702-0	SPK1111	undefined	702	400	Біздің	Біздің	linguistic	_	_	Begin=739.13
702-1	SPK1111	undefined	702	400	үйдің	үйдің	linguistic	_	_	_
702-2	SPK1111	undefined	702	400	жанында	жанында	linguistic	_	_	End=740.21
703-0	SPK1111	Continuing	703	400	тура	тура	linguistic	_	_	Begin=740.21
703-1	SPK1111	Continuing	703	400	Нылқыға	Нылқыға	linguistic	_	_	_
703-2	SPK1111	Continuing	703	400	өтіп	өтіп	linguistic	_	_	_
703-3	SPK1111	Continuing	703	400	кететін	кететін	linguistic	_	_	_
703-4	SPK1111	Continuing	703	400	көпір	көпір	linguistic	_	_	_
703-5	SPK1111	Continuing	703	400	бар,	бар	linguistic	_	_	End=741.81
704-0	SPK1111	Falling	704	401	Нылқының	Нылқының	linguistic	_	_	Begin=741.81
704-1	SPK1111	Falling	704	401	көпірі	көпірі	linguistic	_	_	_
704-2	SPK1111	Falling	704	401	деп	деп	linguistic	_	_	_
704-3	SPK1111	Falling	704	401	қояды.	қояды	linguistic	_	_	End=743.25
705-0	SPK1104	undefined	705	_	(МММ)	(МММ)	disfluency	_	_	Begin=743.21|End=744.08
706-0	SPK1111	undefined	706	402	Ана	Ана	linguistic	_	_	Begin=743.25|End=743.93
707-0	SPK1111	Continuing	707	402	Іле	Іле	linguistic	_	_	Begin=743.93
707-1	SPK1111	Continuing	707	402	өзеннің	өзеннің	linguistic	_	_	_
707-2	SPK1111	Continuing	707	402	үстінен	үстінен	linguistic	_	_	_
707-3	SPK1111	Continuing	707	402	салған,	салған	linguistic	_	_	End=745.08
708-0	SPK1111	undefined	708	402	Тоғызтараудан	Тоғызтараудан	linguistic	_	_	Begin=745.09|End=745.84
709-0	SPK1111	Falling	709	402	Кілеңге	Кілеңге	linguistic	_	_	Begin=745.846
709-1	SPK1111	Falling	709	402	түсесің	түсесің	linguistic	_	_	End=746.88
710-0	SPK1104	undefined	710	_	(МММ)	(МММ)	disfluency	_	_	Begin=746.06|End=746.938
711-0	SPK1111	undefined	711	_	(Н)	(Н)	linguistic	_	_	Begin=746.89|End=748.19
712-0	SPK1111	undefined	712	403	Содан	Содан	linguistic	_	_	Begin=748.19|End=748.81
713-0	SPK1111	undefined	713	_	(..)	(..)	shortpause	_	_	Begin=748.81|End=750.28
714-0	SPK1111	undefined	714	404	ана	ана	linguistic	_	_	Begin=750.28|End=752.01
715-0	SPK1111	Rising	715	404	Жаманты	Жаманты	linguistic	_	_	Begin=752.01
715-1	SPK1111	Rising	715	404	деген	деген	linguistic	_	_	_
715-2	SPK1111	Rising	715	404	жақты	жақты	linguistic	_	_	_
715-3	SPK1111	Rising	715	404	білесің	білесің	linguistic	_	_	_
715-4	SPK1111	Rising	715	404	ба?	ба	linguistic	_	_	End=753.546
716-0	SPK1104	Rising	716	405	Жаманты?	Жаманты	linguistic	_	_	Begin=753.4|End=754.16
717-0	SPK1111	undefined	717	406	(МХМ)	(МХМ)	linguistic	_	_	Begin=753.9|End=754.28
718-0	SPK1111	Falling	718	406	Көпір.	Көпір	linguistic	_	_	Begin=754.28|End=754.78
719-0	SPK1104	Rising	719	407	Нылқыда	Нылқыда	linguistic	_	_	Begin=755.66
719-1	SPK1104	Rising	719	407	ма?	ма	linguistic	_	_	End=756.76
720-0	SPK1111	Falling	720	408	Жоқ.	Жоқ	linguistic	_	_	Begin=756.75|End=757.35
721-0	SPK1104	Rising	721	409	Тоғызтарауда?	Тоғызтарауда	linguistic	_	_	Begin=757.554|End=758.29
722-0	SPK1111	Falling	722	410	Құлжадан	Құлжадан	linguistic	_	_	Begin=758.49
722-1	SPK1111	Falling	722	410	келе	келе	linguistic	_	_	_
722-2	SPK1111	Falling	722	410	жатқанда.	жатқанда	linguistic	_	_	End=759.81
723-0	SPK1104	Falling	723	411	Білмейді	Білмейді	linguistic	_	_	Begin=760.22
723-1	SPK1104	Falling	723	411	екенмін.	екенмін	linguistic	_	_	End=761.1
724-0	SPK1111	Continuing	724	412	Ол	Ол	linguistic	_	_	Begin=761.15
724-1	SPK1111	Continuing	724	412	жолмен	жолмен	linguistic	_	_	_
724-2	SPK1111	Continuing	724	412	жүрмейміз,	жүрмейміз	linguistic	_	_	End=762.36
725-0	SPK1111	undefined	725	_	(Н)	(Н)	linguistic	_	_	Begin=762.36|End=763.19
726-0	SPK1111	undefined	726	413	біз	біз	linguistic	_	_	Begin=763.19|End=763.75
727-0	SPK1111	undefined	727	_	(ЫЫ)	(ЫЫ)	disfluency	_	_	Begin=763.75
727-1	SPK1111	undefined	727	_	(Н)	(Н)	linguistic	_	_	End=765.53
728-0	SPK1111	Continuing	728	414	сол	сол	linguistic	_	_	Begin=765.53
728-1	SPK1111	Continuing	728	414	көпірден	көпірден	linguistic	_	_	_
728-2	SPK1111	Continuing	728	414	өтеміз	өтеміз	linguistic	_	_	_
728-3	SPK1111	Continuing	728	414	да,	да	linguistic	_	_	End=766.31
729-0	SPK1111	Continuing	729	415	үйдің	үйдің	linguistic	_	_	Begin=766.31
729-1	SPK1111	Continuing	729	415	жанында,	жанында	linguistic	_	_	End=767.0
730-0	SPK1111	undefined	730	_	(ЫЫ)	(ЫЫ)	disfluency	_	_	Begin=767.786|End=769.17
731-0	SPK1111	undefined	731	416	ана	ана	linguistic	_	_	Begin=769.17
731-1	SPK1111	undefined	731	416	Құлжа	Құлжа	linguistic	_	_	_
731-2	SPK1111	undefined	731	416	(Ы)	(Ы)	linguistic	_	_	End=770.3
732-0	SPK1111	Continuing	732	417	Күнеске	Күнеске	linguistic	_	_	Begin=770.3
732-1	SPK1111	Continuing	732	417	кететін	кететін	linguistic	_	_	_
732-2	SPK1111	Continuing	732	417	таудың	таудың	linguistic	_	_	_
732-3	SPK1111	Continuing	732	417	түбіндегі	түбіндегі	linguistic	_	_	_
732-4	SPK1111	Continuing	732	417	жол	жол	linguistic	_	_	_
732-5	SPK1111	Continuing	732	417	бар	бар	linguistic	_	_	_
732-6	SPK1111	Continuing	732	417	ғой,	ғой	linguistic	_	_	End=771.98
733-0	SPK1104	undefined	733	_	(МХМ)	(МХМ)	linguistic	_	_	Begin=771.97|End=772.82
734-0	SPK1111	undefined	734	418	соған	соған	linguistic	_	_	Begin=772.87
734-1	SPK1111	undefined	734	418	түсіп	түсіп	linguistic	_	_	_
734-2	SPK1111	undefined	734	418	аламыздағы	аламыздағы	linguistic	_	_	End=774.359
735-0	SPK1111	Continuing	735	419	аз	аз	linguistic	_	_	Begin=775.45
735-1	SPK1111	Continuing	735	419	жүріп,	жүріп	linguistic	_	_	End=775.99
736-0	SPK1111	Continuing	736	420	gao	gao	linguistic	_	_	Begin=775.99
736-1	SPK1111	Continuing	736	420	su	su	linguistic	_	_	_
736-2	SPK1111	Continuing	736	420	-ға	-ға	linguistic	_	_	_
736-3	SPK1111	Continuing	736	420	түсіп,	түсіп	linguistic	_	_	End=776.68
737-0	SPK1111	Falling	737	421	сомен	сомен	linguistic	_	_	Begin=776.69
737-1	SPK1111	Falling	737	421	кетеміз.	кетеміз	linguistic	_	_	End=777.88
738-0	SPK1111	undefined	738	422	Сол	Сол	linguistic	_	_	Begin=778.98|End=779.32
739-0	SPK1111	Falling	739	422	тез.	тез	linguistic	_	_	Begin=779.33|End=779.85
740-0	SPK1104	undefined	740	423	Бірақ	Бірақ	linguistic	_	_	Begin=780.0
740-1	SPK1104	undefined	740	423	шынымен	шынымен	linguistic	_	_	_
740-2	SPK1104	undefined	740	423	де:	де	linguistic	_	Prolongation=1	End=781.34
741-0	SPK1104	undefined	741	424	Күнес	Күнес	linguistic	_	_	Begin=781.34|End=782.1
742-0	SPK1104	undefined	742	424	те	те	linguistic	_	_	Begin=782.1
742-1	SPK1104	undefined	742	424	Нылқыға	Нылқыға	linguistic	_	_	_
742-2	SPK1104	undefined	742	424	қарағанда	қарағанда	linguistic	_	_	End=783.27
743-0	SPK1104	undefined	743	424	жаңа:	жаңа	linguistic	_	Prolongation=3	Begin=783.27|End=784.21
744-0	SPK1104	undefined	744	424	кішкене	кішкене	linguistic	_	_	Begin=784.21|End=785.356
745-0	SPK1111	Interrupted	745	_	(.)	(.)	shortpause	_	_	Begin=786.743
745-1	SPK1111	Interrupted	745	_	к-	к-	linguistic	_	Interrupted=Yes	End=787.54
746-0	SPK1104	Falling	746	424	жаңарақ	жаңарақ	linguistic	_	_	Begin=786.93
746-1	SPK1104	Falling	746	424	қой	қой	linguistic	_	_	End=788.092
747-0	SPK1111	undefined	747	425	Күнес	Күнес	linguistic	_	_	Begin=787.54
747-1	SPK1111	undefined	747	425	алыс	алыс	linguistic	_	_	End=788.4
748-0	SPK1111	Continuing	748	425	қой,	қой	linguistic	_	_	Begin=788.41|End=788.92
749-0	SPK1111	Interrupted	749	426	біз:-	біз-	linguistic	_	Interrupted=Yes|Prolongation=2	Begin=788.92|End=789.54
750-0	SPK1111	undefined	750	427	бізде	бізде	linguistic	_	_	Begin=790.84
750-1	SPK1111	undefined	750	427	әйтеу	әйтеу	linguistic	_	_	End=791.54
751-0	SPK1111	undefined	751	427	елдің	елдің	linguistic	_	_	Begin=791.55
751-1	SPK1111	undefined	751	427	бәрі	бәрі	linguistic	_	_	_
751-2	SPK1111	undefined	751	427	Құлжада	Құлжада	linguistic	_	_	_
751-3	SPK1111	undefined	751	427	жүреді	жүреді	linguistic	_	_	_
751-4	SPK1111	undefined	751	427	ғой	ғой	linguistic	_	_	End=792.63
752-0	SPK1111	Continuing	752	427	біртүрлі,	біртүрлі	linguistic	_	_	Begin=792.63|End=793.23
753-0	SPK1111	undefined	753	_	(.)	(.)	shortpause	_	_	Begin=793.23
753-1	SPK1111	undefined	753	_	(ЫЫ)	(ЫЫ)	disfluency	_	_	End=794.68
754-0	SPK1111	Continuing	754	428	жанында	жанында	linguistic	_	_	Begin=794.68
754-1	SPK1111	Continuing	754	428	болған	болған	linguistic	_	_	_
754-2	SPK1111	Continuing	754	428	соң	соң	linguistic	_	_	_
754-3	SPK1111	Continuing	754	428	ба,	ба	linguistic	_	_	End=795.81
755-0	SPK1111	undefined	755	429	Құлжаға	Құлжаға	linguistic	_	_	Begin=797.74
755-1	SPK1111	undefined	755	429	барып	барып	linguistic	_	_	End=798.52
756-0	SPK1111	undefined	756	429	машинамды	машинамды	linguistic	_	_	Begin=798.52
756-1	SPK1111	undefined	756	429	сатып	сатып	linguistic	_	_	_
756-2	SPK1111	undefined	756	429	келдім:	келдім	linguistic	_	Prolongation=5	End=799.62
757-0	SPK1111	Continuing	757	429	деген	деген	linguistic	_	_	Begin=799.62
757-1	SPK1111	Continuing	757	429	сияқты	сияқты	linguistic	_	_	End=800.688
758-0	SPK1104	undefined	758	_	@@@	@@@	linguistic	_	_	Begin=799.85|End=800.98
759-0	SPK1111	Continuing	759	430	сиыр	сиыр	linguistic	_	_	Begin=800.688
759-1	SPK1111	Continuing	759	430	сатып	сатып	linguistic	_	_	_
759-2	SPK1111	Continuing	759	430	келдім,	келдім	linguistic	_	_	End=802.22
760-0	SPK1111	Falling	760	431	жанында	жанында	linguistic	_	_	Begin=804.25
760-1	SPK1111	Falling	760	431	болған	болған	linguistic	_	_	_
760-2	SPK1111	Falling	760	431	соң.	соң	linguistic	_	_	End=805.376
761-0	SPK1111	undefined	761	432	Әлгі	Әлгі	linguistic	_	_	Begin=806.42
761-1	SPK1111	undefined	761	432	бір	бір	linguistic	_	_	End=807.28
762-0	SPK1111	undefined	762	432	Мұңғылкүрелік:	Мұңғылкүрелік	linguistic	_	Prolongation=12	Begin=807.28|End=808.28
763-0	SPK1111	undefined	763	432	бір	бір	linguistic	_	_	Begin=808.29
763-1	SPK1111	undefined	763	432	кісілерге	кісілерге	linguistic	_	_	End=808.83
764-0	SPK1111	undefined	764	432	Құлжаға	Құлжаға	linguistic	_	_	Begin=808.84
764-1	SPK1111	undefined	764	432	бару	бару	linguistic	_	_	End=809.45
765-0	SPK1111	Falling	765	432	бір	бір	linguistic	_	_	Begin=809.46
765-1	SPK1111	Falling	765	432	күндік	күндік	linguistic	_	_	_
765-2	SPK1111	Falling	765	432	әңгіме	әңгіме	linguistic	_	_	_
765-3	SPK1111	Falling	765	432	ғой.	ғой	linguistic	_	_	End=810.57
766-0	SPK1104	Continuing	766	433	Иә,	Иә	linguistic	_	_	Begin=810.46|End=811.23
767-0	SPK1104	Continuing	767	434	жақын	жақын	linguistic	_	_	Begin=811.23
767-1	SPK1104	Continuing	767	434	жер	жер	linguistic	_	_	_
767-2	SPK1104	Continuing	767	434	ғой,	ғой	linguistic	_	_	End=812.21
768-0	SPK1104	undefined	768	435	Чапчал	Чапчал	linguistic	_	_	Begin=812.21|End=813.07
769-0	SPK1104	Falling	769	436	барлығы	барлығы	linguistic	_	_	Begin=813.07
769-1	SPK1104	Falling	769	436	вообще	вообще	linguistic	_	_	_
769-2	SPK1104	Falling	769	436	жақын	жақын	linguistic	_	_	End=814.64
770-0	SPK1111	Continuing	770	437	Жоқ,	Жоқ	linguistic	_	_	Begin=813.36|End=813.83
771-0	SPK1111	undefined	771	438	Мұңғылкүре	Мұңғылкүре	linguistic	_	_	Begin=813.84|End=814.47
772-0	SPK1111	Falling	772	438	алыс	алыс	linguistic	_	_	Begin=814.48
772-1	SPK1111	Falling	772	438	қой.	қой	linguistic	_	_	End=815.39
773-0	SPK1104	Rising	773	439	Zhaosu-ға	Zhaosu-ға	linguistic	_	_	Begin=815.171
773-1	SPK1104	Rising	773	439	ма?	ма	linguistic	_	_	End=816.013
774-0	SPK1104	undefined	774	_	(МММ)	(МММ)	disfluency	_	_	Begin=816.013|End=816.64
775-0	SPK1111	undefined	775	_	(МХМ)	(МХМ)	linguistic	_	_	Begin=816.09|End=816.71
776-0	SPK1111	undefined	776	440	Сосын	Сосын	linguistic	_	_	Begin=817.43|End=817.76
777-0	SPK1111	Continuing	777	440	Күнестен	Күнестен	linguistic	_	_	Begin=817.77
777-1	SPK1111	Continuing	777	440	де	де	linguistic	_	_	_
777-2	SPK1111	Continuing	777	440	алыс,	алыс	linguistic	_	_	End=818.84
778-0	SPK1111	undefined	778	441	бізде	бізде	linguistic	_	_	Begin=819.58
778-1	SPK1111	undefined	778	441	әйтеу	әйтеу	linguistic	_	_	End=820.397
779-0	SPK1111	Continuing	779	441	үш	үш	linguistic	_	_	Begin=821.66
779-1	SPK1111	Continuing	779	441	сағаттың	сағаттың	linguistic	_	_	_
779-2	SPK1111	Continuing	779	441	ішінде	ішінде	linguistic	_	_	_
779-3	SPK1111	Continuing	779	441	барып	барып	linguistic	_	_	_
779-4	SPK1111	Continuing	779	441	келіп	келіп	linguistic	_	_	_
779-5	SPK1111	Continuing	779	441	аласың,	аласың	linguistic	_	_	End=823.18
780-0	SPK1111	undefined	780	_	##	##	unknown	_	_	Begin=823.75|End=825.26
781-0	SPK1104	undefined	781	442	Бізде	Бізде	linguistic	_	_	Begin=824.16|End=824.72
782-0	SPK1104	Continuing	782	442	екі	екі	linguistic	_	_	Begin=824.72
782-1	SPK1104	Continuing	782	442	сағаттай	сағаттай	linguistic	_	_	_
782-2	SPK1104	Continuing	782	442	жүретін	жүретін	linguistic	_	_	_
782-3	SPK1104	Continuing	782	442	шығар	шығар	linguistic	_	_	End=825.875
783-0	SPK1111	undefined	783	_	(СOUGH)	(СOUGH)	linguistic	_	_	Begin=825.26|End=826.308
784-0	SPK1104	undefined	784	443	екі,	екі	linguistic	_	_	Begin=825.875
784-1	SPK1104	undefined	784	443	екі	екі	linguistic	_	_	_
784-2	SPK1104	undefined	784	443	жарым	жарым	linguistic	_	_	End=827.14
785-0	SPK1104	undefined	785	443	сағат	сағат	linguistic	_	_	Begin=827.14|End=828.08
786-0	SPK1104	Falling	786	444	Нылқыдан	Нылқыдан	linguistic	_	_	Begin=828.08
786-1	SPK1104	Falling	786	444	Құлжаға.	Құлжаға	linguistic	_	_	End=828.86
787-0	SPK1111	undefined	787	445	Бізде	Бізде	linguistic	_	_	Begin=829.79|End=830.432
788-0	SPK1111	undefined	788	445	(.)	(.)	shortpause	_	_	Begin=830.432
788-1	SPK1111	undefined	788	445	қырық	қырық	linguistic	_	_	End=831.536
789-0	SPK1111	Continuing	789	445	елу	елу	linguistic	_	_	Begin=831.536
789-1	SPK1111	Continuing	789	445	минуттай	минуттай	linguistic	_	_	_
789-2	SPK1111	Continuing	789	445	жүресің,	жүресің	linguistic	_	_	End=833.6
790-0	SPK1104	undefined	790	_	(МММ)	(МММ)	disfluency	_	_	Begin=833.46|End=834.24
791-0	SPK1111	undefined	791	446	әлгі	әлгі	linguistic	_	_	Begin=833.6
791-1	SPK1111	undefined	791	446	бір	бір	linguistic	_	_	_
791-2	SPK1111	undefined	791	446	қалаға	қалаға	linguistic	_	_	_
791-3	SPK1111	undefined	791	446	кіргеннен	кіргеннен	linguistic	_	_	_
791-4	SPK1111	undefined	791	446	кейін	кейін	linguistic	_	_	End=835.3
792-0	SPK1111	Continuing	792	446	кептеліске	кептеліске	linguistic	_	_	Begin=835.3
792-1	SPK1111	Continuing	792	446	шаншылып	шаншылып	linguistic	_	_	_
792-2	SPK1111	Continuing	792	446	қаласың	қаласың	linguistic	_	_	_
792-3	SPK1111	Continuing	792	446	да,	да	linguistic	_	_	End=836.93
793-0	SPK1111	undefined	793	447	сол	сол	linguistic	_	_	Begin=838.18|End=838.73
794-0	SPK1111	undefined	794	447	шаруаңды	шаруаңды	linguistic	_	_	Begin=838.73
794-1	SPK1111	undefined	794	447	бітіріп	бітіріп	linguistic	_	_	End=839.74
795-0	SPK1111	Continuing	795	447	(.)	(.)	shortpause	_	_	Begin=839.74
795-1	SPK1111	Continuing	795	447	екі	екі	linguistic	_	_	_
795-2	SPK1111	Continuing	795	447	жарым,	жарым	linguistic	_	_	End=840.84
796-0	SPK1111	Falling	796	447	үш	үш	linguistic	_	_	Begin=840.85
796-1	SPK1111	Falling	796	447	сағатта	сағатта	linguistic	_	_	_
796-2	SPK1111	Falling	796	447	келіп	келіп	linguistic	_	_	_
796-3	SPK1111	Falling	796	447	аласың.	аласың	linguistic	_	_	End=841.91
797-0	SPK1104	Continuing	797	448	Тез	Тез	linguistic	_	_	Begin=842.39
797-1	SPK1104	Continuing	797	448	деңізші,	деңізші	linguistic	_	_	End=842.94
798-0	SPK1104	Falling	798	448	барып	барып	linguistic	_	_	Begin=842.94
798-1	SPK1104	Falling	798	448	келесіз.	келесіз	linguistic	_	_	End=844.01
799-0	SPK1104	undefined	799	449	Менше	Менше	linguistic	_	_	Begin=844.49
799-1	SPK1104	undefined	799	449	осы	осы	linguistic	_	_	_
799-2	SPK1104	undefined	799	449	Қазақстанның	Қазақстанның	linguistic	_	_	_
799-3	SPK1104	undefined	799	449	ішінде	ішінде	linguistic	_	_	End=846.16
800-0	SPK1104	undefined	800	449	де	де	linguistic	_	_	Begin=846.16
800-1	SPK1104	undefined	800	449	біртүрлі	біртүрлі	linguistic	_	_	End=847.101
801-0	SPK1104	Continuing	801	449	(.)	(.)	shortpause	_	_	Begin=847.101
801-1	SPK1104	Continuing	801	449	жақын,	жақын	linguistic	_	_	End=848.32
802-0	SPK1104	undefined	802	450	жақын	жақын	linguistic	_	_	Begin=848.32
802-1	SPK1104	undefined	802	450	дегенде	дегенде	linguistic	_	_	_
802-2	SPK1104	undefined	802	450	алыс	алыс	linguistic	_	_	_
802-3	SPK1104	undefined	802	450	болғанмен	болғанмен	linguistic	_	_	End=849.68
803-0	SPK1104	undefined	803	451	тез	тез	linguistic	_	_	Begin=849.68
803-1	SPK1104	undefined	803	451	жетесің	жетесің	linguistic	_	_	End=850.53
804-0	SPK1104	Falling	804	451	біртүрлі.	біртүрлі	linguistic	_	_	Begin=850.53|End=851.36
805-0	SPK1111	Falling	805	452	Иә.	Иә	linguistic	_	_	Begin=850.87|End=851.611
806-0	SPK1104	undefined	806	453	Мысалы	Мысалы	linguistic	_	_	Begin=851.36
806-1	SPK1104	undefined	806	453	ана	ана	linguistic	_	_	_
806-2	SPK1104	undefined	806	453	Талғардан	Талғардан	linguistic	_	_	End=852.88
807-0	SPK1104	undefined	807	453	Ұзынағашқа	Ұзынағашқа	linguistic	_	_	Begin=852.88
807-1	SPK1104	undefined	807	453	дейін	дейін	linguistic	_	_	End=853.94
808-0	SPK1104	Falling	808	454	қарасаңыз	қарасаңыз	linguistic	_	_	Begin=853.94
808-1	SPK1104	Falling	808	454	алыс	алыс	linguistic	_	_	_
808-2	SPK1104	Falling	808	454	жол	жол	linguistic	_	_	_
808-3	SPK1104	Falling	808	454	ғой.	ғой	linguistic	_	_	End=855.62
809-0	SPK1104	undefined	809	455	Бірақ	Бірақ	linguistic	_	_	Begin=855.9
809-1	SPK1104	undefined	809	455	соның	соның	linguistic	_	_	_
809-2	SPK1104	undefined	809	455	өзінде	өзінде	linguistic	_	_	_
809-3	SPK1104	undefined	809	455	де	де	linguistic	_	_	_
809-4	SPK1104	undefined	809	455	әйтеу	әйтеу	linguistic	_	_	End=857.17
810-0	SPK1104	Falling	810	456	бірдемде	бірдемде	linguistic	_	_	Begin=857.17
810-1	SPK1104	Falling	810	456	жетіп	жетіп	linguistic	_	_	_
810-2	SPK1104	Falling	810	456	барасыз.	барасыз	linguistic	_	_	End=858.68
811-0	SPK1111	Interrupted	811	457	Кеште	Кеште	linguistic	_	_	Begin=858.4
811-1	SPK1111	Interrupted	811	457	тойға	тойға	linguistic	_	_	_
811-2	SPK1111	Interrupted	811	457	кетіп	кетіп	linguistic	_	_	_
811-3	SPK1111	Interrupted	811	457	қалып-	қалып-	linguistic	_	Interrupted=Yes	End=859.31
812-0	SPK1104	undefined	812	458	Таңертең	Таңертең	linguistic	_	_	Begin=859.16
812-1	SPK1104	undefined	812	458	барып	барып	linguistic	_	_	End=859.97
813-0	SPK1104	undefined	813	459	кеште	кеште	linguistic	_	_	Begin=859.97
813-1	SPK1104	undefined	813	459	келіп	келіп	linguistic	_	_	_
813-2	SPK1104	undefined	813	459	аласыз	аласыз	linguistic	_	_	End=861.21
814-0	SPK1111	Rising	814	460	Әуелі	Әуелі	linguistic	_	_	Begin=861.03
814-1	SPK1111	Rising	814	460	кеште	кеште	linguistic	_	_	_
814-2	SPK1111	Rising	814	460	тойға	тойға	linguistic	_	_	_
814-3	SPK1111	Rising	814	460	кетіп	кетіп	linguistic	_	_	_
814-4	SPK1111	Rising	814	460	қалатынын	қалатынын	linguistic	_	_	_
814-5	SPK1111	Rising	814	460	қайтесің	қайтесің	linguistic	_	_	_
814-6	SPK1111	Rising	814	460	иә	иә	linguistic	_	_	End=863.03
815-0	SPK1104	Falling	815	461	қыдырып.	қыдырып	linguistic	_	_	Begin=861.42|End=862.07
816-0	SPK1104	Continuing	816	462	Сол	Сол	linguistic	_	_	Begin=863.08
816-1	SPK1104	Continuing	816	462	ғой,	ғой	linguistic	_	_	End=863.41
817-0	SPK1104	undefined	817	462	негізі	негізі	linguistic	_	_	Begin=863.41
817-1	SPK1104	undefined	817	462	қарап	қарап	linguistic	_	_	_
817-2	SPK1104	undefined	817	462	тұрсаңыз	тұрсаңыз	linguistic	_	_	End=864.3
818-0	SPK1104	Falling	818	462	алыс	алыс	linguistic	_	_	Begin=864.3
818-1	SPK1104	Falling	818	462	жер	жер	linguistic	_	_	_
818-2	SPK1104	Falling	818	462	ғой.	ғой	linguistic	_	_	End=865.37
819-0	SPK1111	undefined	819	_	(МММ)	(МММ)	disfluency	_	_	Begin=866.4|End=867.04
820-0	SPK1111	undefined	820	463	Бұл	Бұл	linguistic	_	_	Begin=867.04
820-1	SPK1111	undefined	820	463	жақта	жақта	linguistic	_	_	_
820-2	SPK1111	undefined	820	463	енді	енді	linguistic	_	_	End=868.09
821-0	SPK1111	Interrupted	821	464	бір	бір	linguistic	_	_	Begin=868.66
821-1	SPK1111	Interrupted	821	464	машина-	машина-	linguistic	_	Interrupted=Yes	End=869.62
822-0	SPK1111	undefined	822	465	бір	бір	linguistic	_	_	Begin=869.62
822-1	SPK1111	undefined	822	465	үйде	үйде	linguistic	_	_	_
822-2	SPK1111	undefined	822	465	бір	бір	linguistic	_	_	_
822-3	SPK1111	undefined	822	465	машина	машина	linguistic	_	_	End=870.61
823-0	SPK1111	Continuing	823	465	ерте	ерте	linguistic	_	_	Begin=870.61
823-1	SPK1111	Continuing	823	465	жалпыласқан:,	жалпыласқан	linguistic	_	Prolongation=10	End=871.817
824-0	SPK1111	undefined	824	466	сосын	сосын	linguistic	_	_	Begin=872.56
824-1	SPK1111	undefined	824	466	жолдардың	жолдардың	linguistic	_	_	_
824-2	SPK1111	undefined	824	466	сапасы	сапасы	linguistic	_	_	End=874.1
825-0	SPK1104	Falling	825	467	жақсы	жақсы	linguistic	_	_	Begin=874.36
825-1	SPK1104	Falling	825	467	емес	емес	linguistic	_	_	End=875.37
826-0	SPK1111	Continuing	826	466	жақсы,	жақсы	linguistic	_	_	Begin=874.61|End=875.16
827-0	SPK1111	Continuing	827	468	машиналарының	машиналарының	linguistic	_	_	Begin=875.16
827-1	SPK1111	Continuing	827	468	да	да	linguistic	_	_	_
827-2	SPK1111	Continuing	827	468	сапасы	сапасы	linguistic	_	_	_
827-3	SPK1111	Continuing	827	468	жақсы,	жақсы	linguistic	_	_	End=876.3
828-0	SPK1111	Falling	828	469	қорықпай	қорықпай	linguistic	_	_	Begin=876.3
828-1	SPK1111	Falling	828	469	басады.	басады	linguistic	_	_	End=877.52
829-0	SPK1111	undefined	829	_	(..)	(..)	shortpause	_	_	Begin=877.52
829-1	SPK1111	undefined	829	_	(Н)	(Н)	linguistic	_	_	End=878.79
830-0	SPK1111	undefined	830	470	Бізде	Бізде	linguistic	_	_	Begin=878.79|End=879.66
831-0	SPK1104	undefined	831	471	Бірақ	Бірақ	linguistic	_	_	Begin=879.26
831-1	SPK1104	undefined	831	471	дегенмен	дегенмен	linguistic	_	_	End=880.24
832-0	SPK1104	undefined	832	471	енді	енді	linguistic	_	_	Begin=880.24|End=880.878
833-0	SPK1104	undefined	833	471	алыс	алыс	linguistic	_	_	Begin=880.878
833-1	SPK1104	undefined	833	471	жерде	жерде	linguistic	_	_	End=881.72
834-0	SPK1104	Falling	834	471	қорқады	қорқады	linguistic	_	_	Begin=881.72
834-1	SPK1104	Falling	834	471	екенсің	екенсің	linguistic	_	_	End=882.76
835-0	SPK1111	undefined	835	472	БІзде	БІзде	linguistic	_	_	Begin=881.73|End=882.4
836-0	SPK1111	undefined	836	472	машина	машина	linguistic	_	_	Begin=882.4|End=882.83
837-0	SPK1111	Falling	837	472	кейінірек	кейінірек	linguistic	_	_	Begin=882.83
837-1	SPK1111	Falling	837	472	жалпыласты.	жалпыласты	linguistic	_	_	End=884.0
838-0	SPK1111	undefined	838	473	Біз	Біз	linguistic	_	_	Begin=884.44
838-1	SPK1111	undefined	838	473	кішірек	кішірек	linguistic	_	_	_
838-2	SPK1111	undefined	838	473	кезімізде	кезімізде	linguistic	_	_	End=885.78
839-0	SPK1111	undefined	839	_	(ЫЫ)	(ЫЫ)	disfluency	_	_	Begin=886.68|End=887.38
840-0	SPK1111	Continuing	840	474	машина	машина	linguistic	_	_	Begin=887.38
840-1	SPK1111	Continuing	840	474	болған	болған	linguistic	_	_	_
840-2	SPK1111	Continuing	840	474	жоқ,	жоқ	linguistic	_	_	End=888.46
841-0	SPK1111	undefined	841	_	(ЫЫ)	(ЫЫ)	disfluency	_	_	Begin=888.46|End=889.07
842-0	SPK1111	Falling	842	475	мото	мото	linguistic	_	_	Begin=889.07
842-1	SPK1111	Falling	842	475	деген	деген	linguistic	_	_	_
842-2	SPK1111	Falling	842	475	бәле	бәле	linguistic	_	_	_
842-3	SPK1111	Falling	842	475	болған	болған	linguistic	_	_	_
842-4	SPK1111	Falling	842	475	бізде	бізде	linguistic	_	_	End=890.61
843-0	SPK1104	undefined	843	476	(МММ)	(МММ)	disfluency	_	_	Begin=890.09|End=890.54
844-0	SPK1104	undefined	844	476	Е,	Е	linguistic	_	_	Begin=890.54
844-1	SPK1104	undefined	844	476	бізде	бізде	linguistic	_	_	_
844-2	SPK1104	undefined	844	476	де	де	linguistic	_	_	_
844-3	SPK1104	undefined	844	476	бар	бар	linguistic	_	_	_
844-4	SPK1104	undefined	844	476	ғой	ғой	linguistic	_	_	End=891.25
845-0	SPK1104	Falling	845	477	мото	мото	linguistic	_	_	Begin=891.25
845-1	SPK1104	Falling	845	477	@@@	@@@	linguistic	_	_	End=892.65
846-0	SPK1111	undefined	846	478	Содан	Содан	linguistic	_	_	Begin=891.72|End=892.58
847-0	SPK1111	undefined	847	478	мото	мото	linguistic	_	_	Begin=892.81|End=893.43
848-0	SPK1111	undefined	848	478	бір	бір	linguistic	_	_	Begin=893.72
848-1	SPK1111	undefined	848	478	үйде	үйде	linguistic	_	_	End=894.41
849-0	SPK1111	Falling	849	478	бірден	бірден	linguistic	_	_	Begin=894.41
849-1	SPK1111	Falling	849	478	екіден	екіден	linguistic	_	_	_
849-2	SPK1111	Falling	849	478	болды.	болды	linguistic	_	_	End=895.3
850-0	SPK1104	undefined	850	479	Ауылда	Ауылда	linguistic	_	_	Begin=895.25|End=895.65
851-0	SPK1104	undefined	851	479	ол	ол	linguistic	_	_	Begin=895.65
851-1	SPK1104	undefined	851	479	қолайлы	қолайлы	linguistic	_	_	End=896.36
852-0	SPK1104	Falling	852	479	менше.	менше	linguistic	_	_	Begin=896.36|End=896.933
853-0	SPK1111	undefined	853	480	Мото	Мото	linguistic	_	_	Begin=896.99
853-1	SPK1111	undefined	853	480	боп	боп	linguistic	_	_	_
853-2	SPK1111	undefined	853	480	тұрған	тұрған	linguistic	_	_	_
853-3	SPK1111	undefined	853	480	ғой	ғой	linguistic	_	_	End=898.33
854-0	SPK1111	Continuing	854	481	негізі	негізі	linguistic	_	_	Begin=898.33
854-1	SPK1111	Continuing	854	481	тау-тасқа,	тау-тасқа	linguistic	_	_	End=899.02
855-0	SPK1111	Continuing	855	482	мал	мал	linguistic	_	_	Begin=899.02
855-1	SPK1111	Continuing	855	482	баққанға,	баққанға	linguistic	_	_	End=900.05
856-0	SPK1104	undefined	856	483	Бірақ	Бірақ	linguistic	_	_	Begin=899.85|End=900.44
857-0	SPK1111	Falling	857	484	су	су	linguistic	_	_	Begin=900.05
857-1	SPK1111	Falling	857	484	тасығанға.	тасығанға	linguistic	_	_	End=901.3
858-0	SPK1104	undefined	858	485	денсаулыққа	денсаулыққа	linguistic	_	_	Begin=901.076|End=901.76
859-0	SPK1104	Rising	859	485	өте	өте	linguistic	_	_	Begin=901.76
859-1	SPK1104	Rising	859	485	не	не	linguistic	_	_	_
859-2	SPK1104	Rising	859	485	иә?	иә	linguistic	_	_	End=902.73
860-0	SPK1111	undefined	860	486	Енді	Енді	linguistic	_	_	Begin=902.62|End=903.38
861-0	SPK1104	undefined	861	487	тізе	тізе	linguistic	_	_	Begin=902.73|End=903.457
862-0	SPK1104	Falling	862	487	бірдеңе	бірдеңе	linguistic	_	_	Begin=903.457
862-1	SPK1104	Falling	862	487	дегендерге.	дегендерге	linguistic	_	_	End=904.72
863-0	SPK1111	undefined	863	488	күндіз	күндіз	linguistic	_	_	Begin=904.58|End=905.06
864-0	SPK1111	Continuing	864	488	түні	түні	linguistic	_	_	Begin=905.06
864-1	SPK1111	Continuing	864	488	мініп	мініп	linguistic	_	_	_
864-2	SPK1111	Continuing	864	488	алмайсың	алмайсың	linguistic	_	_	_
864-3	SPK1111	Continuing	864	488	ғой	ғой	linguistic	_	_	_
864-4	SPK1111	Continuing	864	488	енді,	енді	linguistic	_	_	End=906.25
865-0	SPK1111	Falling	865	489	бір	бір	linguistic	_	_	Begin=906.25
865-1	SPK1111	Falling	865	489	шаруамен	шаруамен	linguistic	_	_	_
865-2	SPK1111	Falling	865	489	ғана	ғана	linguistic	_	_	_
865-3	SPK1111	Falling	865	489	мінесің.	мінесің	linguistic	_	_	End=907.753
866-0	SPK1104	undefined	866	490	Бірақ	Бірақ	linguistic	_	_	Begin=907.5|End=908.12
867-0	SPK1104	undefined	867	491	бір	бір	linguistic	_	_	Begin=908.12
867-1	SPK1104	undefined	867	491	жағынан	жағынан	linguistic	_	_	End=908.56
868-0	SPK1104	undefined	868	492	содан	содан	linguistic	_	_	Begin=908.56
868-1	SPK1104	undefined	868	492	көп	көп	linguistic	_	_	_
868-2	SPK1104	undefined	868	492	адам	адам	linguistic	_	_	_
868-3	SPK1104	undefined	868	492	шырғалаңға	шырғалаңға	linguistic	_	_	_
868-4	SPK1104	undefined	868	492	ұшырады	ұшырады	linguistic	_	_	End=910.43
869-0	SPK1111	Falling	869	493	Иә.	Иә	linguistic	_	_	Begin=910.24|End=910.9
870-0	SPK1104	Rising	870	492	иә?	иә	linguistic	_	_	Begin=910.43|End=910.71
871-0	SPK1111	undefined	871	_	(Н)	(Н)	linguistic	_	_	Begin=911.16|End=911.83
872-0	SPK1111	undefined	872	495	Сосын	Сосын	linguistic	_	_	Begin=911.83|End=912.35
873-0	SPK1111	undefined	873	495	ағамдар	ағамдар	linguistic	_	_	Begin=912.35|End=913.01
874-0	SPK1111	undefined	874	495	тура	тура	linguistic	_	_	Begin=913.01|End=913.36
875-0	SPK1111	undefined	875	495	сол	сол	linguistic	_	_	Begin=913.36
875-1	SPK1111	undefined	875	495	мотоның	мотоның	linguistic	_	_	_
875-2	SPK1111	undefined	875	495	қызығын	қызығын	linguistic	_	_	End=914.57
876-0	SPK1111	Falling	876	495	бір	бір	linguistic	_	_	Begin=914.57
876-1	SPK1111	Falling	876	495	кісідей	кісідей	linguistic	_	_	_
876-2	SPK1111	Falling	876	495	көрді.	көрді	linguistic	_	_	End=915.42
877-0	SPK1111	undefined	877	496	Біз	Біз	linguistic	_	_	Begin=915.42|End=916.35
878-0	SPK1111	Continuing	878	496	аздап	аздап	linguistic	_	_	Begin=916.35
878-1	SPK1111	Continuing	878	496	міндік,	міндік	linguistic	_	_	End=917.71
879-0	SPK1111	Falling	879	497	біз	біз	linguistic	_	_	Begin=917.71
879-1	SPK1111	Falling	879	497	келгенде	келгенде	linguistic	_	_	_
879-2	SPK1111	Falling	879	497	машина	машина	linguistic	_	_	_
879-3	SPK1111	Falling	879	497	болып	болып	linguistic	_	_	_
879-4	SPK1111	Falling	879	497	кетті.	кетті	linguistic	_	_	End=919.3
880-0	SPK1104	undefined	880	_	(МММ)	(МММ)	disfluency	_	_	Begin=919.01|End=919.92
881-0	SPK1111	undefined	881	_	(Н)	(Н)	linguistic	_	_	Begin=919.3|End=920.18
882-0	SPK1111	undefined	882	498	Бір	Бір	linguistic	_	_	Begin=920.18
882-1	SPK1111	undefined	882	498	үйде	үйде	linguistic	_	_	_
882-2	SPK1111	undefined	882	498	бір	бір	linguistic	_	_	_
882-3	SPK1111	undefined	882	498	машина	машина	linguistic	_	_	End=921.02
883-0	SPK1111	Falling	883	498	болмаса	болмаса	linguistic	_	_	Begin=921.02
883-1	SPK1111	Falling	883	498	болмайтындай.	болмайтындай	linguistic	_	_	End=922.22
884-0	SPK1104	undefined	884	499	Әзір	Әзір	linguistic	_	_	Begin=922.15|End=922.61
885-0	SPK1111	Interrupted	885	500	кейін-	кейін-	linguistic	_	Interrupted=Yes	Begin=922.39|End=922.66
886-0	SPK1104	Falling	886	501	dian	dian	linguistic	_	_	Begin=922.61
886-1	SPK1104	Falling	886	501	dong	dong	linguistic	_	_	_
886-2	SPK1104	Falling	886	501	che	che	linguistic	_	_	_
886-3	SPK1104	Falling	886	501	ғой.	ғой	linguistic	_	_	End=923.67
887-0	SPK1111	undefined	887	502	Кейде	Кейде	linguistic	_	_	Begin=924.06|End=924.44
888-0	SPK1111	undefined	888	502	бір	бір	linguistic	_	_	Begin=924.44
888-1	SPK1111	undefined	888	502	үйде	үйде	linguistic	_	_	_
888-2	SPK1111	undefined	888	502	екі	екі	linguistic	_	_	_
888-3	SPK1111	undefined	888	502	машина	машина	linguistic	_	_	_
888-4	SPK1111	undefined	888	502	жетіспейтін	жетіспейтін	linguistic	_	_	_
888-5	SPK1111	undefined	888	502	дәрежелерге	дәрежелерге	linguistic	_	_	End=926.44
889-0	SPK1111	Continuing	889	502	барды	барды	linguistic	_	_	Begin=926.44
889-1	SPK1111	Continuing	889	502	ғой,	ғой	linguistic	_	_	End=927.025
890-0	SPK1111	undefined	890	_	(Ы)	(Ы)	linguistic	_	_	Begin=927.78|End=928.24
891-0	SPK1111	undefined	891	503	сосын	сосын	linguistic	_	_	Begin=928.24|End=928.59
892-0	SPK1111	Continuing	892	504	ағамдар	ағамдар	linguistic	_	_	Begin=928.59
892-1	SPK1111	Continuing	892	504	машина	машина	linguistic	_	_	_
892-2	SPK1111	Continuing	892	504	алып	алып	linguistic	_	_	_
892-3	SPK1111	Continuing	892	504	алыпты,	алыпты	linguistic	_	_	End=929.76
893-0	SPK1111	Continuing	893	505	біз	біз	linguistic	_	_	Begin=931.31
893-1	SPK1111	Continuing	893	505	біраз	біраз	linguistic	_	_	_
893-2	SPK1111	Continuing	893	505	мото	мото	linguistic	_	_	_
893-3	SPK1111	Continuing	893	505	айдадық,	айдадық	linguistic	_	_	End=932.52
894-0	SPK1111	undefined	894	506	сосын	сосын	linguistic	_	_	Begin=933.6|End=934.1
895-0	SPK1111	undefined	895	507	тағы	тағы	linguistic	_	_	Begin=934.1
895-1	SPK1111	undefined	895	507	бізге	бізге	linguistic	_	_	_
895-2	SPK1111	undefined	895	507	де	де	linguistic	_	_	End=935.16
896-0	SPK1111	Falling	896	507	машина	машина	linguistic	_	_	Begin=935.16
896-1	SPK1111	Falling	896	507	керек	керек	linguistic	_	_	_
896-2	SPK1111	Falling	896	507	болды.	болды	linguistic	_	_	End=936.75
897-0	SPK1104	undefined	897	_	(МММ)	(МММ)	disfluency	_	_	Begin=936.84|End=937.9
898-0	SPK1111	undefined	898	_	(ЫЫ)	(ЫЫ)	disfluency	_	_	Begin=937.71|End=938.19
899-0	SPK1111	undefined	899	508	Бізде	Бізде	linguistic	_	_	Begin=938.19|End=938.69
900-0	SPK1111	Falling	900	508	де	де	linguistic	_	_	Begin=938.69
900-1	SPK1111	Falling	900	508	екі	екі	linguistic	_	_	_
900-2	SPK1111	Falling	900	508	машина	машина	linguistic	_	_	_
900-3	SPK1111	Falling	900	508	айдауға	айдауға	linguistic	_	_	_
900-4	SPK1111	Falling	900	508	жеттік.	жеттік	linguistic	_	_	End=940.71
901-0	SPK1111	undefined	901	509	dian	dian	linguistic	_	_	Begin=942.57
901-1	SPK1111	undefined	901	509	dong	dong	linguistic	_	_	_
901-2	SPK1111	undefined	901	509	che	che	linguistic	_	_	_
901-3	SPK1111	undefined	901	509	енді	енді	linguistic	_	_	_
901-4	SPK1111	undefined	901	509	әлгі	әлгі	linguistic	_	_	End=943.941
902-0	SPK1104	undefined	902	510	Ішінде	Ішінде	linguistic	_	_	Begin=944.92|End=945.72
903-0	SPK1104	Falling	903	510	ары-бері.	ары-бері	linguistic	_	_	Begin=945.72|End=946.64
904-0	SPK1111	undefined	904	509	cai-ға	cai-ға	linguistic	_	_	Begin=946.29
904-1	SPK1111	undefined	904	509	барып	барып	linguistic	_	_	_
904-2	SPK1111	undefined	904	509	келген:	келген	linguistic	_	Prolongation=5	End=946.87
905-0	SPK1111	Falling	905	_	деген	деген	linguistic	_	_	Begin=946.87
905-1	SPK1111	Falling	905	_	сияқты	сияқты	linguistic	_	_	_
905-2	SPK1111	Falling	905	_	әңгіме	әңгіме	linguistic	_	_	_
905-3	SPK1111	Falling	905	_	ғой.	ғой	linguistic	_	_	End=947.82
906-0	SPK1104	undefined	906	511	Мен	Мен	linguistic	_	_	Begin=947.64
906-1	SPK1104	undefined	906	511	шешем	шешем	linguistic	_	_	End=948.36
907-0	SPK1104	undefined	907	511	dian	dian	linguistic	_	_	Begin=948.36
907-1	SPK1104	undefined	907	511	dong	dong	linguistic	_	_	_
907-2	SPK1104	undefined	907	511	che	che	linguistic	_	_	_
907-3	SPK1104	undefined	907	511	-мен	-мен	linguistic	_	_	End=949.14
908-0	SPK1104	Continuing	908	511	неге	неге	linguistic	_	_	Begin=949.14
908-1	SPK1104	Continuing	908	511	барады,	барады	linguistic	_	_	End=949.83
909-0	SPK1104	undefined	909	512	жұмысқа	жұмысқа	linguistic	_	_	Begin=949.83
909-1	SPK1104	undefined	909	512	барып	барып	linguistic	_	_	_
909-2	SPK1104	undefined	909	512	келеді	келеді	linguistic	_	_	End=950.83
910-0	SPK1104	Falling	910	512	мектепке.	мектепке	linguistic	_	_	Begin=950.83|End=951.68
911-0	SPK1111	Continuing	911	513	Иә	Иә	linguistic	_	_	Begin=951.25
911-1	SPK1111	Continuing	911	513	сол,	сол	linguistic	_	_	End=952.077
912-0	SPK1111	Falling	912	513	сондайға	сондайға	linguistic	_	_	Begin=952.077
912-1	SPK1111	Falling	912	513	ғой.	ғой	linguistic	_	_	End=953.254
913-0	SPK1104	undefined	913	514	Бірақ	Бірақ	linguistic	_	_	Begin=952.95
913-1	SPK1104	undefined	913	514	қарап	қарап	linguistic	_	_	_
913-2	SPK1104	undefined	913	514	тұрсаң	тұрсаң	linguistic	_	_	End=953.86
914-0	SPK1104	Falling	914	514	қолайлы	қолайлы	linguistic	_	_	Begin=953.86|End=954.62
915-0	SPK1111	undefined	915	515	Бізде	Бізде	linguistic	_	_	Begin=953.86|End=954.55
916-0	SPK1111	Falling	916	515	үйде	үйде	linguistic	_	_	Begin=954.55
916-1	SPK1111	Falling	916	515	тұрмаймыз	тұрмаймыз	linguistic	_	_	_
916-2	SPK1111	Falling	916	515	ғой	ғой	linguistic	_	_	_
916-3	SPK1111	Falling	916	515	біз.	біз	linguistic	_	_	End=956.312
917-0	SPK1104	undefined	917	_	(ММ)	(ММ)	linguistic	_	_	Begin=956.21|End=956.92
918-0	SPK1111	undefined	918	516	Жазда	Жазда	linguistic	_	_	Begin=959.09|End=959.93
919-0	SPK1111	Continuing	919	517	(.)	(.)	shortpause	_	_	Begin=959.93
919-1	SPK1111	Continuing	919	517	қонаққа	қонаққа	linguistic	_	_	_
919-2	SPK1111	Continuing	919	517	баруға	баруға	linguistic	_	_	_
919-3	SPK1111	Continuing	919	517	тура	тура	linguistic	_	_	_
919-4	SPK1111	Continuing	919	517	келеді,	келеді	linguistic	_	_	End=961.78
920-0	SPK1111	undefined	920	518	оның	оның	linguistic	_	_	Begin=961.78
920-1	SPK1111	undefined	920	518	үстіне	үстіне	linguistic	_	_	End=962.54
921-0	SPK1111	undefined	921	519	бізде	бізде	linguistic	_	_	Begin=962.54
921-1	SPK1111	undefined	921	519	енді	енді	linguistic	_	_	End=963.51
922-0	SPK1111	undefined	922	519	(Ы)	(Ы)	linguistic	_	_	Begin=964.27
922-1	SPK1111	undefined	922	519	үлкен	үлкен	linguistic	_	_	_
922-2	SPK1111	undefined	922	519	кісілер	кісілер	linguistic	_	_	_
922-3	SPK1111	undefined	922	519	болғаннан	болғаннан	linguistic	_	_	_
922-4	SPK1111	undefined	922	519	кейін	кейін	linguistic	_	_	End=965.71
923-0	SPK1111	Continuing	923	519	бір	бір	linguistic	_	_	Begin=966.43
923-1	SPK1111	Continuing	923	519	жерге	жерге	linguistic	_	_	_
923-2	SPK1111	Continuing	923	519	барып	барып	linguistic	_	_	_
923-3	SPK1111	Continuing	923	519	тұштаң	тұштаң	linguistic	_	_	_
923-4	SPK1111	Continuing	923	519	етіп	етіп	linguistic	_	_	_
923-5	SPK1111	Continuing	923	519	кетіп	кетіп	linguistic	_	_	_
923-6	SPK1111	Continuing	923	519	қалатын	қалатын	linguistic	_	_	_
923-7	SPK1111	Continuing	923	519	емес,	емес	linguistic	_	_	End=968.08
924-0	SPK1111	undefined	924	520	барып	барып	linguistic	_	_	Begin=968.08|End=968.59
925-0	SPK1111	Interrupted	925	520	қонады-	қонады-	linguistic	_	Interrupted=Yes	Begin=968.59|End=969.16
926-0	SPK1111	Falling	926	520	қонасың.	қонасың	linguistic	_	_	Begin=969.17|End=970.2
927-0	SPK1104	undefined	927	_	(ММ)	(ММ)	linguistic	_	_	Begin=970.09
927-1	SPK1104	undefined	927	_	@@	@@	linguistic	_	_	End=971.3
928-0	SPK1111	Continuing	928	521	Құр	Құр	linguistic	_	_	Begin=970.2
928-1	SPK1111	Continuing	928	521	қол	қол	linguistic	_	_	_
928-2	SPK1111	Continuing	928	521	бармайсың	бармайсың	linguistic	_	_	End=971.01
929-0	SPK1111	Continuing	929	522	он	он	linguistic	_	_	Begin=971.01
929-1	SPK1111	Continuing	929	522	кило	кило	linguistic	_	_	_
929-2	SPK1111	Continuing	929	522	қымыз,	қымыз	linguistic	_	_	End=971.97
930-0	SPK1111	undefined	930	522	сүт	сүт	linguistic	_	_	Begin=971.97|End=972.4
931-0	SPK1111	Falling	931	522	алып	алып	linguistic	_	_	Begin=972.4
931-1	SPK1111	Falling	931	522	барасың	барасың	linguistic	_	_	End=973.26
932-0	SPK1104	Falling	932	523	Иә.	Иә	linguistic	_	_	Begin=972.76|End=973.46
933-0	SPK1111	undefined	933	_	(Н)	(Н)	linguistic	_	_	Begin=973.26|End=974.2
934-0	SPK1111	undefined	934	524	(Ы)	(Ы)	linguistic	_	_	Begin=974.2|End=975.63
935-0	SPK1111	undefined	935	525	автобуспен	автобуспен	linguistic	_	_	Begin=975.63
935-1	SPK1111	undefined	935	525	баратын	баратын	linguistic	_	_	_
935-2	SPK1111	undefined	935	525	емес	емес	linguistic	_	_	_
935-3	SPK1111	undefined	935	525	қиналып:	қиналып	linguistic	_	Prolongation=6	End=977.68
936-0	SPK1111	Continuing	936	526	екі-үш	екі-үш	linguistic	_	_	Begin=977.68
936-1	SPK1111	Continuing	936	526	автобус	автобус	linguistic	_	_	_
936-2	SPK1111	Continuing	936	526	алмастырып,	алмастырып	linguistic	_	_	End=978.77
937-0	SPK1104	Falling	937	527	Иә.	Иә	linguistic	_	_	Begin=978.69|End=979.44
938-0	SPK1111	Continuing	938	528	машинамен	машинамен	linguistic	_	_	Begin=978.77
938-1	SPK1111	Continuing	938	528	барамыз,	барамыз	linguistic	_	_	End=979.775
939-0	SPK1111	Falling	939	529	қонамыз.	қонамыз	linguistic	_	_	Begin=980.29|End=981.48
940-0	SPK1104	undefined	940	530	Қытайдағы	Қытайдағы	linguistic	_	_	Begin=982.64
940-1	SPK1104	undefined	940	530	өмір	өмір	linguistic	_	_	_
940-2	SPK1104	undefined	940	530	де	де	linguistic	_	_	End=983.6
941-0	SPK1104	Falling	941	530	қызық	қызық	linguistic	_	_	Begin=983.61
941-1	SPK1104	Falling	941	530	қой	қой	linguistic	_	_	_
941-2	SPK1104	Falling	941	530	негізі	негізі	linguistic	_	_	End=984.54
942-0	SPK1111	Falling	942	531	Иә.	Иә	linguistic	_	_	Begin=984.18|End=984.82
943-0	SPK1104	undefined	943	532	Мына	Мына	linguistic	_	_	Begin=984.54
943-1	SPK1104	undefined	943	532	жақта	жақта	linguistic	_	_	End=985.18
944-0	SPK1104	undefined	944	533	Алматыда	Алматыда	linguistic	_	_	Begin=985.18
944-1	SPK1104	undefined	944	533	жүрген	жүрген	linguistic	_	_	_
944-2	SPK1104	undefined	944	533	соң	соң	linguistic	_	_	_
944-3	SPK1104	undefined	944	533	ба	ба	linguistic	_	_	End=986.48
945-0	SPK1104	undefined	945	534	біртүрлі	біртүрлі	linguistic	_	_	Begin=986.48|End=987.31
946-0	SPK1104	undefined	946	534	xian	xian	linguistic	_	_	Begin=987.31
946-1	SPK1104	undefined	946	534	dai	dai	linguistic	_	_	_
946-2	SPK1104	undefined	946	534	hua	hua	linguistic	_	_	End=988.48
947-0	SPK1104	Rising	947	535	иә?	иә	linguistic	_	_	Begin=988.48|End=989.027
948-0	SPK1104	undefined	948	536	Ол	Ол	linguistic	_	_	Begin=989.027
948-1	SPK1104	undefined	948	536	жақта	жақта	linguistic	_	_	End=989.56
949-0	SPK1111	undefined	949	537	Маған	Маған	linguistic	_	_	Begin=989.52
949-1	SPK1111	undefined	949	537	Алматы	Алматы	linguistic	_	_	_
949-2	SPK1111	undefined	949	537	біртүрлі	біртүрлі	linguistic	_	_	End=991.12
950-0	SPK1104	undefined	950	536	әйтеуір	әйтеуір	linguistic	_	_	Begin=989.57|End=990.37
951-0	SPK1104	Falling	951	536	қыдырып.	қыдырып	linguistic	_	_	Begin=990.37|End=991.04
952-0	SPK1111	undefined	952	537	биттей:	биттей	linguistic	_	Prolongation=5	Begin=991.78|End=992.28
953-0	SPK1111	Falling	953	537	жер	жер	linguistic	_	_	Begin=992.28
953-1	SPK1111	Falling	953	537	сияқты	сияқты	linguistic	_	_	_
953-2	SPK1111	Falling	953	537	сезіледі.	сезіледі	linguistic	_	_	End=993.333
954-0	SPK1104	undefined	954	_	(МММ)	(МММ)	disfluency	_	_	Begin=993.86|End=994.7
955-0	SPK1111	Interrupted	955	538	Ана-	Ана-	linguistic	_	Interrupted=Yes	Begin=994.69|End=995.34
956-0	SPK1111	undefined	956	539	мен	мен	linguistic	_	_	Begin=995.34
956-1	SPK1111	undefined	956	539	ана	ана	linguistic	_	_	End=996.0
957-0	SPK1111	Continuing	957	539	доставка	доставка	linguistic	_	_	Begin=996.0
957-1	SPK1111	Continuing	957	539	тасып	тасып	linguistic	_	_	_
957-2	SPK1111	Continuing	957	539	жүрген	жүрген	linguistic	_	_	_
957-3	SPK1111	Continuing	957	539	кезде,	кезде	linguistic	_	_	End=997.84
958-0	SPK1111	undefined	958	_	(.)	(.)	shortpause	_	_	Begin=997.84
958-1	SPK1111	undefined	958	_	(Н)	(Н)	linguistic	_	_	End=999.05
959-0	SPK1111	undefined	959	540	қаланың	қаланың	linguistic	_	_	Begin=999.05
959-1	SPK1111	undefined	959	540	ана	ана	linguistic	_	_	_
959-2	SPK1111	undefined	959	540	басынан	басынан	linguistic	_	_	End=1000.37
960-0	SPK1111	Continuing	960	540	бір	бір	linguistic	_	_	Begin=1000.37
960-1	SPK1111	Continuing	960	540	доставка,	доставка	linguistic	_	_	End=1001.26
961-0	SPK1111	Continuing	961	541	мына	мына	linguistic	_	_	Begin=1001.26
961-1	SPK1111	Continuing	961	541	басынан	басынан	linguistic	_	_	_
961-2	SPK1111	Continuing	961	541	бір	бір	linguistic	_	_	_
961-3	SPK1111	Continuing	961	541	доставка,	доставка	linguistic	_	_	End=1002.26
962-0	SPK1111	Falling	962	542	бірдемде	бірдемде	linguistic	_	_	Begin=1002.26
962-1	SPK1111	Falling	962	542	пыр-пыр	пыр-пыр	linguistic	_	_	_
962-2	SPK1111	Falling	962	542	етіп	етіп	linguistic	_	_	_
962-3	SPK1111	Falling	962	542	барамын.	барамын	linguistic	_	_	End=1003.7
963-0	SPK1104	undefined	963	_	(МММ)	(МММ)	disfluency	_	_	Begin=1003.89|End=1004.65
964-0	SPK1111	undefined	964	543	Ішкерде	Ішкерде	linguistic	_	_	Begin=1004.93|End=1005.47
965-0	SPK1111	Continuing	965	543	Гуанчжоу,	Гуанчжоу	linguistic	_	_	Begin=1005.47|End=1005.9
966-0	SPK1111	undefined	966	544	Шынджында	Шынджында	linguistic	_	_	Begin=1005.9|End=1006.86
967-0	SPK1104	undefined	967	545	Ол	Ол	linguistic	_	_	Begin=1006.71
967-1	SPK1104	undefined	967	545	жақ	жақ	linguistic	_	_	_
967-2	SPK1104	undefined	967	545	енді	енді	linguistic	_	_	End=1007.57
968-0	SPK1104	undefined	968	545	шынымен	шынымен	linguistic	_	_	Begin=1007.57
968-1	SPK1104	undefined	968	545	енді	енді	linguistic	_	_	End=1008.386
969-0	SPK1111	undefined	969	546	бір	бір	linguistic	_	_	Begin=1008.62
969-1	SPK1111	undefined	969	546	qu	qu	linguistic	_	_	End=1009.14
970-0	SPK1111	Falling	970	546	-дeн	-дeн	linguistic	_	_	Begin=1009.14
970-1	SPK1111	Falling	970	546	бір	бір	linguistic	_	_	_
970-2	SPK1111	Falling	970	546	qu-ға	qu-ға	linguistic	_	_	_
970-3	SPK1111	Falling	970	546	барып	барып	linguistic	_	_	_
970-4	SPK1111	Falling	970	546	келгенше	келгенше	linguistic	_	_	_
970-5	SPK1111	Falling	970	546	кеш	кеш	linguistic	_	_	_
970-6	SPK1111	Falling	970	546	батып	батып	linguistic	_	_	_
970-7	SPK1111	Falling	970	546	кетеді.	кетеді	linguistic	_	_	End=1010.79
971-0	SPK1104	Falling	971	547	Иә.	Иә	linguistic	_	_	Begin=1011.29|End=1011.858
972-0	SPK1104	Interrupted	972	548	WHISPER	WHISPER	linguistic	_	_	Begin=1014.31
972-1	SPK1104	Interrupted	972	548	Алматыда-	Алматыда-	linguistic	_	Interrupted=Yes	End=1015.13
973-0	SPK1104	undefined	973	549	Әйтеу	Әйтеу	linguistic	_	_	Begin=1015.38
973-1	SPK1104	undefined	973	549	Алматы	Алматы	linguistic	_	_	_
973-2	SPK1104	undefined	973	549	андай	андай	linguistic	_	_	End=1016.48
974-0	SPK1104	undefined	974	549	біздің	біздің	linguistic	_	_	Begin=1017.21
974-1	SPK1104	undefined	974	549	өзіміздің	өзіміздің	linguistic	_	_	_
974-2	SPK1104	undefined	974	549	жайлаудағы	жайлаудағы	linguistic	_	_	_
974-3	SPK1104	undefined	974	549	өмірді:	өмірді	linguistic	_	Prolongation=5	End=1019.71
975-0	SPK1104	undefined	975	549	андай	андай	linguistic	_	_	Begin=1019.71|End=1020.24
976-0	SPK1104	undefined	976	549	сондай	сондай	linguistic	_	_	Begin=1020.24
976-1	SPK1104	undefined	976	549	өмірді	өмірді	linguistic	_	_	_
976-2	SPK1104	undefined	976	549	сезіну	сезіну	linguistic	_	_	End=1021.82
977-0	SPK1104	Falling	977	549	мүмкін	мүмкін	linguistic	_	_	Begin=1021.82
977-1	SPK1104	Falling	977	549	емес	емес	linguistic	_	_	_
977-2	SPK1104	Falling	977	549	сияқты.	сияқты	linguistic	_	_	End=1023.1
978-0	SPK1111	undefined	978	_	(МХМ)	(МХМ)	linguistic	_	_	Begin=1024.4|End=1025.23
979-0	SPK1104	Falling	979	550	Адамдарына	Адамдарына	linguistic	_	_	Begin=1025.24
979-1	SPK1104	Falling	979	550	да	да	linguistic	_	_	_
979-2	SPK1104	Falling	979	550	байланысты	байланысты	linguistic	_	_	_
979-3	SPK1104	Falling	979	550	бір.	бір	linguistic	_	_	End=1027.13
980-0	SPK1111	undefined	980	551	Алматыда	Алматыда	linguistic	_	_	Begin=1028.05
980-1	SPK1111	undefined	980	551	әртүрлі	әртүрлі	linguistic	_	_	_
980-2	SPK1111	undefined	980	551	адам	адам	linguistic	_	_	End=1029.11
981-0	SPK1111	Falling	981	551	орналасқан	орналасқан	linguistic	_	_	Begin=1029.11
981-1	SPK1111	Falling	981	551	ғой.	ғой	linguistic	_	_	End=1029.89
982-0	SPK1104	Continuing	982	552	Бізді	Бізді	linguistic	_	_	Begin=1034.6
982-1	SPK1104	Continuing	982	552	әйтеу	әйтеу	linguistic	_	_	_
982-2	SPK1104	Continuing	982	552	жайлауға	жайлауға	linguistic	_	_	_
982-3	SPK1104	Continuing	982	552	апарып	апарып	linguistic	_	_	_
982-4	SPK1104	Continuing	982	552	тастап,	тастап	linguistic	_	_	End=1036.15
983-0	SPK1104	undefined	983	552	мен	мен	linguistic	_	_	Begin=1036.16|End=1036.5
984-0	SPK1104	undefined	984	553	бес-алтыншы	бес-алтыншы	linguistic	_	_	Begin=1036.5
984-1	SPK1104	undefined	984	553	күннен	күннен	linguistic	_	_	_
984-2	SPK1104	undefined	984	553	бастап	бастап	linguistic	_	_	End=1037.81
985-0	SPK1104	Falling	985	553	жылаймын.	жылаймын	linguistic	_	_	Begin=1037.81|End=1038.65
986-0	SPK1111	Rising	986	554	Туыстардың	Туыстардың	linguistic	_	_	Begin=1038.18
986-1	SPK1111	Rising	986	554	үйіне?	үйіне	linguistic	_	_	End=1039.32
987-0	SPK1104	Falling	987	555	Иә.	Иә	linguistic	_	_	Begin=1039.16|End=1039.74
988-0	SPK1111	Interrupted	988	556	Бізге-	Бізге-	linguistic	_	Interrupted=Yes	Begin=1039.51|End=1040.13
989-0	SPK1104	Continuing	989	557	Әке-шешем	Әке-шешем	linguistic	_	_	Begin=1039.74
989-1	SPK1104	Continuing	989	557	өзі	өзі	linguistic	_	_	_
989-2	SPK1104	Continuing	989	557	бармайды	бармайды	linguistic	_	_	_
989-3	SPK1104	Continuing	989	557	ғой,	ғой	linguistic	_	_	End=1041.41
990-0	SPK1104	Falling	990	558	бізді	бізді	linguistic	_	_	Begin=1041.41
990-1	SPK1104	Falling	990	558	апарып	апарып	linguistic	_	_	_
990-2	SPK1104	Falling	990	558	тастайды.	тастайды	linguistic	_	_	End=1042.752
991-0	SPK1111	undefined	991	559	Біздің	Біздің	linguistic	_	_	Begin=1043.18
991-1	SPK1111	undefined	991	559	үйге	үйге	linguistic	_	_	_
991-2	SPK1111	undefined	991	559	де	де	linguistic	_	_	End=1043.8
992-0	SPK1111	Falling	992	559	туыстың	туыстың	linguistic	_	_	Begin=1043.8
992-1	SPK1111	Falling	992	559	баласы	баласы	linguistic	_	_	_
992-2	SPK1111	Falling	992	559	келетін.	келетін	linguistic	_	_	End=1044.93
993-0	SPK1111	Continuing	993	560	Шешем	Шешем	linguistic	_	_	Begin=1044.947
993-1	SPK1111	Continuing	993	560	де	де	linguistic	_	_	_
993-2	SPK1111	Continuing	993	560	үйдің	үйдің	linguistic	_	_	_
993-3	SPK1111	Continuing	993	560	үлкені,	үлкені	linguistic	_	_	End=1046.521
994-0	SPK1111	undefined	994	_	(.)	(.)	shortpause	_	_	Begin=1046.521
994-1	SPK1111	undefined	994	_	(Ы)	(Ы)	linguistic	_	_	End=1047.97
995-0	SPK1111	Continuing	995	561	алты	алты	linguistic	_	_	Begin=1047.97
995-1	SPK1111	Continuing	995	561	сіңілсі,	сіңілсі	linguistic	_	_	End=1048.75
996-0	SPK1111	Falling	996	561	үш	үш	linguistic	_	_	Begin=1048.75
996-1	SPK1111	Falling	996	561	бауыры	бауыры	linguistic	_	_	_
996-2	SPK1111	Falling	996	561	бар.	бар	linguistic	_	_	End=1049.72
997-0	SPK1104	undefined	997	_	(АА)	(АА)	linguistic	_	_	Begin=1049.63|End=1050.2
998-0	SPK1104	Falling	998	562	Бәрі	Бәрі	linguistic	_	_	Begin=1050.2
998-1	SPK1104	Falling	998	562	келеді	келеді	linguistic	_	_	_
998-2	SPK1104	Falling	998	562	деңізші	деңізші	linguistic	_	_	_
998-3	SPK1104	Falling	998	562	@@	@@	linguistic	_	_	End=1051.95
999-0	SPK1111	undefined	999	_	(Н)	(Н)	linguistic	_	_	Begin=1050.95|End=1051.51
1000-0	SPK1111	Continuing	1000	563	Әкем	Әкем	linguistic	_	_	Begin=1051.51
1000-1	SPK1111	Continuing	1000	563	үйдің	үйдің	linguistic	_	_	_
1000-2	SPK1111	Continuing	1000	563	үлкені	үлкені	linguistic	_	_	End=1052.57
1001-0	SPK1111	Continuing	1001	564	алты	алты	linguistic	_	_	Begin=1052.58
1001-1	SPK1111	Continuing	1001	564	бауыры,	бауыры	linguistic	_	_	End=1053.46
1002-0	SPK1111	Falling	1002	564	үш	үш	linguistic	_	_	Begin=1053.46
1002-1	SPK1111	Falling	1002	564	қарындасы	қарындасы	linguistic	_	_	_
1002-2	SPK1111	Falling	1002	564	бар.	бар	linguistic	_	_	End=1054.5
1003-0	SPK1104	undefined	1003	_	(АА)	(АА)	linguistic	_	_	Begin=1054.28|End=1055.02
1004-0	SPK1104	undefined	1004	_	@@@	@@@	linguistic	_	_	Begin=1055.02|End=1055.971
1005-0	SPK1111	undefined	1005	_	(Н)	(Н)	linguistic	_	_	Begin=1056.06|End=1057.01
1006-0	SPK1111	undefined	1006	565	Содан	Содан	linguistic	_	_	Begin=1057.01|End=1057.5
1007-0	SPK1111	undefined	1007	566	біздің	біздің	linguistic	_	_	Begin=1057.5
1007-1	SPK1111	undefined	1007	566	үйге	үйге	linguistic	_	_	End=1058.265
1008-0	SPK1111	undefined	1008	_	(.)	(.)	shortpause	_	_	Begin=1058.265
1008-1	SPK1111	undefined	1008	_	(Н)	(Н)	linguistic	_	_	End=1059.528
1009-0	SPK1111	undefined	1009	_	(ЫЫ)	(ЫЫ)	disfluency	_	_	Begin=1059.528|End=1060.23
1010-0	SPK1111	undefined	1010	567	жазда:	жазда	linguistic	_	Prolongation=4	Begin=1060.23|End=1061.271
1011-0	SPK1111	undefined	1011	568	әкемнің	әкемнің	linguistic	_	_	Begin=1061.271|End=1062.02
1012-0	SPK1111	Continuing	1012	568	бір	бір	linguistic	_	_	Begin=1062.02
1012-1	SPK1111	Continuing	1012	568	ағасы	ағасы	linguistic	_	_	_
1012-2	SPK1111	Continuing	1012	568	бар,	бар	linguistic	_	_	End=1063.307
1013-0	SPK1111	undefined	1013	_	(..)	(..)	shortpause	_	_	Begin=1063.307
1013-1	SPK1111	undefined	1013	_	(ЫЫ)	(ЫЫ)	disfluency	_	_	End=1065.14
1014-0	SPK1111	Continuing	1014	569	әке	әке	linguistic	_	_	Begin=1065.14
1014-1	SPK1111	Continuing	1014	569	бір,	бір	linguistic	_	_	End=1066.02
1015-0	SPK1111	Falling	1015	569	шеше	шеше	linguistic	_	_	Begin=1066.02
1015-1	SPK1111	Falling	1015	569	бөлек	бөлек	linguistic	_	_	_
1015-2	SPK1111	Falling	1015	569	ағасы.	ағасы	linguistic	_	_	End=1067.16
1016-0	SPK1104	undefined	1016	_	(МХМ)	(МХМ)	linguistic	_	_	Begin=1067.08|End=1067.67
1017-0	SPK1111	undefined	1017	_	(Н)	(Н)	linguistic	_	_	Begin=1067.16|End=1068.13
1018-0	SPK1111	undefined	1018	570	Ол	Ол	linguistic	_	_	Begin=1068.13
1018-1	SPK1111	undefined	1018	570	кісілер	кісілер	linguistic	_	_	End=1068.72
1019-0	SPK1111	undefined	1019	570	жазда	жазда	linguistic	_	_	Begin=1068.73|End=1069.2
1020-0	SPK1111	undefined	1020	570	міндетті	міндетті	linguistic	_	_	Begin=1069.2
1020-1	SPK1111	undefined	1020	570	түрде	түрде	linguistic	_	_	End=1070.22
1021-0	SPK1111	Continuing	1021	570	жиырма	жиырма	linguistic	_	_	Begin=1070.22
1021-1	SPK1111	Continuing	1021	570	күн,	күн	linguistic	_	_	End=1070.73
1022-0	SPK1111	Falling	1022	570	бір	бір	linguistic	_	_	Begin=1070.74
1022-1	SPK1111	Falling	1022	570	ай	ай	linguistic	_	_	_
1022-2	SPK1111	Falling	1022	570	жату	жату	linguistic	_	_	_
1022-3	SPK1111	Falling	1022	570	керек.	керек	linguistic	_	_	End=1071.54
1023-0	SPK1111	undefined	1023	_	(Н)	(Н)	linguistic	_	_	Begin=1071.54|End=1072.51
1024-0	SPK1111	undefined	1024	571	Бағана	Бағана	linguistic	_	_	Begin=1072.51|End=1073.04
1025-0	SPK1111	undefined	1025	572	екі	екі	linguistic	_	_	Begin=1073.04
1025-1	SPK1111	undefined	1025	572	киіз	киіз	linguistic	_	_	_
1025-2	SPK1111	undefined	1025	572	үй	үй	linguistic	_	_	_
1025-3	SPK1111	undefined	1025	572	тігеміз	тігеміз	linguistic	_	_	End=1074.16
1026-0	SPK1111	Continuing	1026	572	деп	деп	linguistic	_	_	Begin=1074.16
1026-1	SPK1111	Continuing	1026	572	қойдым	қойдым	linguistic	_	_	_
1026-2	SPK1111	Continuing	1026	572	ғой,	ғой	linguistic	_	_	End=1075.022
1027-0	SPK1111	Falling	1027	573	біреуін	біреуін	linguistic	_	_	Begin=1075.022
1027-1	SPK1111	Falling	1027	573	қонаққа	қонаққа	linguistic	_	_	_
1027-2	SPK1111	Falling	1027	573	арнап	арнап	linguistic	_	_	_
1027-3	SPK1111	Falling	1027	573	қоямыз.	қоямыз	linguistic	_	_	End=1076.7
1028-0	SPK1104	undefined	1028	_	@@@	@@@	linguistic	_	_	Begin=1076.48|End=1077.91
1029-0	SPK1111	undefined	1029	_	(Н)	(Н)	linguistic	_	_	Begin=1076.7|End=1077.716
1030-0	SPK1111	undefined	1030	574	Бізде	Бізде	linguistic	_	_	Begin=1077.716|End=1078.4
1031-0	SPK1111	undefined	1031	574	жайлауда	жайлауда	linguistic	_	_	Begin=1078.41|End=1078.87
1032-0	SPK1111	undefined	1032	574	кесек	кесек	linguistic	_	_	Begin=1078.87
1032-1	SPK1111	undefined	1032	574	үй	үй	linguistic	_	_	End=1079.58
1033-0	SPK1111	Falling	1033	574	төрт	төрт	linguistic	_	_	Begin=1079.58
1033-1	SPK1111	Falling	1033	574	ауызды	ауызды	linguistic	_	_	End=1080.26
1034-0	SPK1104	Rising	1034	575	Қойыңызшы?	Қойыңызшы	linguistic	_	_	Begin=1079.74|End=1080.53
1035-0	SPK1104	undefined	1035	_	WOW	WOW	linguistic	_	_	Begin=1080.53|End=1080.95
1036-0	SPK1104	undefined	1036	576	Онда	Онда	linguistic	_	_	Begin=1080.96|End=1081.5
1037-0	SPK1111	undefined	1037	577	Әкем	Әкем	linguistic	_	_	Begin=1081.69
1037-1	SPK1111	undefined	1037	577	мал	мал	linguistic	_	_	_
1037-2	SPK1111	undefined	1037	577	доктор	доктор	linguistic	_	_	_
1037-3	SPK1111	undefined	1037	577	болғанда	болғанда	linguistic	_	_	End=1083.69
1038-0	SPK1104	Falling	1038	578	жақсы	жақсы	linguistic	_	_	Begin=1082.4
1038-1	SPK1104	Falling	1038	578	екен	екен	linguistic	_	_	_
1038-2	SPK1104	Falling	1038	578	ғой	ғой	linguistic	_	_	End=1083.51
1039-0	SPK1111	Falling	1039	579	үкімет	үкімет	linguistic	_	_	Begin=1083.69
1039-1	SPK1111	Falling	1039	579	салып	салып	linguistic	_	_	_
1039-2	SPK1111	Falling	1039	579	берген	берген	linguistic	_	_	_
1039-3	SPK1111	Falling	1039	579	ғой.	ғой	linguistic	_	_	End=1084.94
1040-0	SPK1111	undefined	1040	_	(.)	(.)	shortpause	_	_	Begin=1084.94
1040-1	SPK1111	undefined	1040	_	Н	Н	linguistic	_	_	End=1086.29
1041-0	SPK1104	undefined	1041	_	(АА)	(АА)	linguistic	_	_	Begin=1085.16|End=1085.79
1042-0	SPK1111	undefined	1042	_	(ЫЫ)	(ЫЫ)	disfluency	_	_	Begin=1086.29|End=1086.82
1043-0	SPK1111	Interrupted	1043	580	Сол-	Сол-	linguistic	_	Interrupted=Yes	Begin=1086.82|End=1087.13
1044-0	SPK1104	Rising	1044	581	Қыста	Қыста	linguistic	_	_	Begin=1087.02
1044-1	SPK1104	Rising	1044	581	тұра	тұра	linguistic	_	_	_
1044-2	SPK1104	Rising	1044	581	берсеңіздер	берсеңіздер	linguistic	_	_	_
1044-3	SPK1104	Rising	1044	581	де	де	linguistic	_	_	_
1044-4	SPK1104	Rising	1044	581	болады	болады	linguistic	_	_	_
1044-5	SPK1104	Rising	1044	581	екен	екен	linguistic	_	_	_
1044-6	SPK1104	Rising	1044	581	иә?	иә	linguistic	_	_	End=1088.963
1045-0	SPK1111	Continuing	1045	582	Мен	Мен	linguistic	_	_	Begin=1089.04
1045-1	SPK1111	Continuing	1045	582	енді	енді	linguistic	_	_	_
1045-2	SPK1111	Continuing	1045	582	ойлап	ойлап	linguistic	_	_	_
1045-3	SPK1111	Continuing	1045	582	жүрмін,	жүрмін	linguistic	_	_	End=1090.08
1046-0	SPK1111	undefined	1046	583	үйленіп	үйленіп	linguistic	_	_	Begin=1090.08
1046-1	SPK1111	undefined	1046	583	алғаннан	алғаннан	linguistic	_	_	_
1046-2	SPK1111	undefined	1046	583	кейін	кейін	linguistic	_	_	_
1046-3	SPK1111	undefined	1046	583	бар	бар	linguistic	_	_	_
1046-4	SPK1111	undefined	1046	583	ғой	ғой	linguistic	_	_	End=1091.027
1047-0	SPK1111	Falling	1047	584	ақыры	ақыры	linguistic	_	_	Begin=1091.64
1047-1	SPK1111	Falling	1047	584	төк	төк	linguistic	_	_	_
1047-2	SPK1111	Falling	1047	584	бар.	бар	linguistic	_	_	End=1092.783
1048-0	SPK1104	undefined	1048	585	әйеліңіз	әйеліңіз	linguistic	_	_	Begin=1093.05|End=1093.786
1049-0	SPK1104	undefined	1049	585	тұра	тұра	linguistic	_	_	Begin=1093.786
1049-1	SPK1104	undefined	1049	585	ма	ма	linguistic	_	_	_
1049-2	SPK1104	undefined	1049	585	демейсіз	демейсіз	linguistic	_	_	_
1049-3	SPK1104	undefined	1049	585	ба?	ба	linguistic	_	_	_
1049-4	SPK1104	undefined	1049	585	@@@	@@@	linguistic	_	_	End=1095.61
1050-0	SPK1104	Falling	1050	586	Тұратын	Тұратын	linguistic	_	_	Begin=1096.62
1050-1	SPK1104	Falling	1050	586	әйел	әйел	linguistic	_	_	_
1050-2	SPK1104	Falling	1050	586	табуыңыз	табуыңыз	linguistic	_	_	_
1050-3	SPK1104	Falling	1050	586	керек	керек	linguistic	_	_	End=1098.6
1051-0	SPK1111	Interrupted	1051	_	Тұра-	Тұра-	linguistic	_	Interrupted=Yes	Begin=1097.42|End=1097.94
1052-0	SPK1111	Falling	1052	587	Тұратын	Тұратын	linguistic	_	_	Begin=1098.41
1052-1	SPK1111	Falling	1052	587	шығар.	шығар	linguistic	_	_	End=1099.18
1053-0	SPK1111	Falling	1053	588	(.)	(.)	shortpause	_	_	Begin=1099.57
1053-1	SPK1111	Falling	1053	588	Тыныш	Тыныш	linguistic	_	_	_
1053-2	SPK1111	Falling	1053	588	өмір.	өмір	linguistic	_	_	End=1101.436
1054-0	SPK1111	undefined	1054	_	(ЫЫ)	(ЫЫ)	disfluency	_	_	Begin=1103.25|End=1105.67
1055-0	SPK1111	undefined	1055	589	Сосын	Сосын	linguistic	_	_	Begin=1105.67|End=1106.18
1056-0	SPK1111	Continuing	1056	589	нағашы	нағашы	linguistic	_	_	Begin=1106.18
1056-1	SPK1111	Continuing	1056	589	атам,	атам	linguistic	_	_	End=1106.71
1057-0	SPK1111	Falling	1057	589	нағашы	нағашы	linguistic	_	_	Begin=1106.71
1057-1	SPK1111	Falling	1057	589	апам	апам	linguistic	_	_	_
1057-2	SPK1111	Falling	1057	589	келеді.	келеді	linguistic	_	_	End=1107.53
1058-0	SPK1111	undefined	1058	590	Ол	Ол	linguistic	_	_	Begin=1107.53
1058-1	SPK1111	undefined	1058	590	кісілер	кісілер	linguistic	_	_	_
1058-2	SPK1111	undefined	1058	590	де	де	linguistic	_	_	End=1108.391
1059-0	SPK1111	Continuing	1059	590	он-он	он-он	linguistic	_	_	Begin=1109.05
1059-1	SPK1111	Continuing	1059	590	бес	бес	linguistic	_	_	_
1059-2	SPK1111	Continuing	1059	590	күн	күн	linguistic	_	_	_
1059-3	SPK1111	Continuing	1059	590	жатады,	жатады	linguistic	_	_	End=1110.27
1060-0	SPK1111	Continuing	1060	591	қымыз	қымыз	linguistic	_	_	Begin=1110.27
1060-1	SPK1111	Continuing	1060	591	ішіп,	ішіп	linguistic	_	_	End=1110.9
1061-0	SPK1111	Falling	1061	591	саумал	саумал	linguistic	_	_	Begin=1110.9
1061-1	SPK1111	Falling	1061	591	ішеді.	ішеді	linguistic	_	_	End=1111.74
1062-0	SPK1111	undefined	1062	_	(Н)	(Н)	linguistic	_	_	Begin=1111.74|End=1113.25
1063-0	SPK1111	undefined	1063	_	(ЫЫ)	(ЫЫ)	disfluency	_	_	Begin=1113.25|End=1114.71
1064-0	SPK1111	undefined	1064	592	Бөлелерім	Бөлелерім	linguistic	_	_	Begin=1114.72|End=1115.61
1065-0	SPK1111	Continuing	1065	592	пайда	пайда	linguistic	_	_	Begin=1115.62
1065-1	SPK1111	Continuing	1065	592	бола	бола	linguistic	_	_	_
1065-2	SPK1111	Continuing	1065	592	бастайды,	бастайды	linguistic	_	_	End=1116.59
1066-0	SPK1111	Continuing	1066	592	оқитын,	оқитын	linguistic	_	_	Begin=1116.59|End=1117.28
1067-0	SPK1104	undefined	1067	_	МММ	МММ	linguistic	_	_	Begin=1117.29|End=1118.04
1068-0	SPK1111	undefined	1068	593	ағамның	ағамның	linguistic	_	_	Begin=1117.29|End=1118.76
1069-0	SPK1111	Falling	1069	593	балалары.	балалары	linguistic	_	_	Begin=1118.76|End=1119.62
1070-0	SPK1104	undefined	1070	594	Солар	Солар	linguistic	_	_	Begin=1119.48
1070-1	SPK1104	undefined	1070	594	қызық	қызық	linguistic	_	_	_
1070-2	SPK1104	undefined	1070	594	шығар	шығар	linguistic	_	_	End=1120.68
1071-0	SPK1104	Rising	1071	595	сіздерге?	сіздерге	linguistic	_	_	Begin=1120.68|End=1121.631
1072-0	SPK1111	undefined	1072	_	(Нх)	(Нх)	linguistic	_	_	Begin=1121.92|End=1122.39
1073-0	SPK1111	undefined	1073	596	Қызық	Қызық	linguistic	_	_	Begin=1122.39
1073-1	SPK1111	undefined	1073	596	болғанда	болғанда	linguistic	_	_	_
1073-2	SPK1111	undefined	1073	596	енді	енді	linguistic	_	_	End=1123.07
1074-0	SPK1111	Continuing	1074	596	шешеме,	шешеме	linguistic	_	_	Begin=1123.07|End=1123.45
1075-0	SPK1111	Falling	1075	598	бір	бір	linguistic	_	_	Begin=1123.46
1075-1	SPK1111	Falling	1075	598	үйде	үйде	linguistic	_	_	_
1075-2	SPK1111	Falling	1075	598	бір	бір	linguistic	_	_	_
1075-3	SPK1111	Falling	1075	598	адамға	адамға	linguistic	_	_	_
1075-4	SPK1111	Falling	1075	598	кішкене	кішкене	linguistic	_	_	_
1075-5	SPK1111	Falling	1075	598	ауырлау	ауырлау	linguistic	_	_	_
1075-6	SPK1111	Falling	1075	598	келеді.	келеді	linguistic	_	_	End=1125.19
1076-0	SPK1111	undefined	1076	599	Бірақ	Бірақ	linguistic	_	_	Begin=1125.2
1076-1	SPK1111	undefined	1076	599	шешем	шешем	linguistic	_	_	End=1126.25
1077-0	SPK1104	undefined	1077	_	(ММ)	(ММ)	linguistic	_	_	Begin=1125.29|End=1126.19
1078-0	SPK1111	Continuing	1078	599	сіңілдері	сіңілдері	linguistic	_	_	Begin=1126.25
1078-1	SPK1111	Continuing	1078	599	бар,	бар	linguistic	_	_	End=1127.14
1079-0	SPK1111	undefined	1079	600	он	он	linguistic	_	_	Begin=1127.14
1079-1	SPK1111	undefined	1079	600	бес	бес	linguistic	_	_	_
1079-2	SPK1111	undefined	1079	600	күннен	күннен	linguistic	_	_	End=1127.84
1080-0	SPK1111	Continuing	1080	600	жиырма	жиырма	linguistic	_	_	Begin=1127.84
1080-1	SPK1111	Continuing	1080	600	күн	күн	linguistic	_	_	_
1080-2	SPK1111	Continuing	1080	600	жатып	жатып	linguistic	_	_	_
1080-3	SPK1111	Continuing	1080	600	кетеді,	кетеді	linguistic	_	_	End=1128.76
1081-0	SPK1111	Continuing	1081	601	бір	бір	linguistic	_	_	Begin=1128.76
1081-1	SPK1111	Continuing	1081	601	жағы	жағы	linguistic	_	_	_
1081-2	SPK1111	Continuing	1081	601	бізге	бізге	linguistic	_	_	_
1081-3	SPK1111	Continuing	1081	601	қарайласып,	қарайласып	linguistic	_	_	End=1129.93
1082-0	SPK1111	undefined	1082	_	(.)	(.)	shortpause	_	_	Begin=1129.93
1082-1	SPK1111	undefined	1082	_	(Н)	(Н)	linguistic	_	_	End=1131.06
1083-0	SPK1111	Continuing	1083	602	сиыр	сиыр	linguistic	_	_	Begin=1131.06
1083-1	SPK1111	Continuing	1083	602	сауысып,	сауысып	linguistic	_	_	End=1131.85
1084-0	SPK1111	Interrupted	1084	603	сүт-	сүт-	linguistic	_	Interrupted=Yes	Begin=1131.86|End=1132.41
1085-0	SPK1111	Falling	1085	604	бие	бие	linguistic	_	_	Begin=1133.41
1085-1	SPK1111	Falling	1085	604	сауысып.	сауысып	linguistic	_	_	End=1134.69
1086-0	SPK1111	undefined	1086	_	(.)	(.)	shortpause	_	_	Begin=1134.7
1086-1	SPK1111	undefined	1086	_	(ЫЫ)	(ЫЫ)	disfluency	_	_	End=1135.7
1087-0	SPK1111	Interrupted	1087	605	Әкем	Әкем	linguistic	_	_	Begin=1135.7
1087-1	SPK1111	Interrupted	1087	605	бауырлары-	бауырлары-	linguistic	_	Interrupted=Yes	End=1136.81
1088-0	SPK1111	undefined	1088	606	(.)	(.)	shortpause	_	_	Begin=1136.81
1088-1	SPK1111	undefined	1088	606	әкем	әкем	linguistic	_	_	End=1137.68
1089-0	SPK1111	Interrupted	1089	606	басқа	басқа	linguistic	_	_	Begin=1137.68
1089-1	SPK1111	Interrupted	1089	606	бауыр-	бауыр-	linguistic	_	Interrupted=Yes	End=1138.26
1090-0	SPK1111	undefined	1090	606	бауырлары	бауырлары	linguistic	_	_	Begin=1138.26
1090-1	SPK1111	undefined	1090	606	да	да	linguistic	_	_	End=1138.87
1091-0	SPK1111	Falling	1091	606	жайлауға	жайлауға	linguistic	_	_	Begin=1138.87
1091-1	SPK1111	Falling	1091	606	шығады.	шығады	linguistic	_	_	End=1139.77
1092-0	SPK1111	undefined	1092	607	Әкем	Әкем	linguistic	_	_	Begin=1139.77
1092-1	SPK1111	undefined	1092	607	жақтан	жақтан	linguistic	_	_	End=1140.61
1093-0	SPK1111	Falling	1093	607	аз	аз	linguistic	_	_	Begin=1140.62
1093-1	SPK1111	Falling	1093	607	келеді.	келеді	linguistic	_	_	End=1141.38
1094-0	SPK1111	undefined	1094	_	(Н)	(Н)	linguistic	_	_	Begin=1141.39|End=1142.81
1095-0	SPK1104	undefined	1095	_	(МММ)	(МММ)	disfluency	_	_	Begin=1141.76|End=1142.64
1096-0	SPK1111	Falling	1096	608	Екі-үш	Екі-үш	linguistic	_	_	Begin=1142.81
1096-1	SPK1111	Falling	1096	608	бала	бала	linguistic	_	_	_
1096-2	SPK1111	Falling	1096	608	ғана	ғана	linguistic	_	_	_
1096-3	SPK1111	Falling	1096	608	келеді.	келеді	linguistic	_	_	End=1144.241
1097-0	SPK1111	undefined	1097	609	(.)	(.)	shortpause	_	_	Begin=1144.241
1097-1	SPK1111	undefined	1097	609	Жалпы	Жалпы	linguistic	_	_	End=1145.862
1098-0	SPK1111	undefined	1098	610	рекорд	рекорд	linguistic	_	_	Begin=1146.57
1098-1	SPK1111	undefined	1098	610	болғанда	болғанда	linguistic	_	_	_
1098-2	SPK1111	undefined	1098	610	он	он	linguistic	_	_	_
1098-3	SPK1111	undefined	1098	610	бестей:	бестей	linguistic	_	Prolongation=5	End=1148.63
1099-0	SPK1111	Falling	1099	610	жиырмадай	жиырмадай	linguistic	_	_	Begin=1148.63
1099-1	SPK1111	Falling	1099	610	бала	бала	linguistic	_	_	_
1099-2	SPK1111	Falling	1099	610	болатын.	болатын	linguistic	_	_	End=1149.79
1100-0	SPK1111	undefined	1100	_	(Н)	(Н)	linguistic	_	_	Begin=1149.79
1100-1	SPK1111	undefined	1100	_	(.)	(.)	shortpause	_	_	End=1151.7
1101-0	SPK1104	Rising	1101	611	Көп	Көп	linguistic	_	_	Begin=1151.13
1101-1	SPK1104	Rising	1101	611	иә?	иә	linguistic	_	_	End=1152.19
1102-0	SPK1111	Falling	1102	612	Иә.	Иә	linguistic	_	_	Begin=1151.7|End=1152.437
1103-0	SPK1104	undefined	1103	613	Оларға	Оларға	linguistic	_	_	Begin=1152.19|End=1152.69
1104-0	SPK1104	Falling	1104	613	бір-біріне	бір-біріне	linguistic	_	_	Begin=1152.69
1104-1	SPK1104	Falling	1104	613	қызық	қызық	linguistic	_	_	_
1104-2	SPK1104	Falling	1104	613	шығар.	шығар	linguistic	_	_	End=1153.93
1105-0	SPK1111	Continuing	1105	614	Тізіп	Тізіп	linguistic	_	_	Begin=1154.22
1105-1	SPK1111	Continuing	1105	614	жатқызасың,	жатқызасың	linguistic	_	_	End=1155.343
1106-0	SPK1104	undefined	1106	_	@@@	@@@	linguistic	_	_	Begin=1155.06|End=1156.21
1107-0	SPK1111	undefined	1107	615	түнде	түнде	linguistic	_	_	Begin=1156.3|End=1156.82
1108-0	SPK1111	undefined	1108	616	қарап	қарап	linguistic	_	_	Begin=1156.82|End=1157.36
1109-0	SPK1111	Falling	1109	616	итеріп	итеріп	linguistic	_	_	Begin=1157.37
1109-1	SPK1111	Falling	1109	616	жатасың.	жатасың	linguistic	_	_	End=1158.151
1110-0	SPK1111	undefined	1110	_	(..)	(..)	shortpause	_	_	Begin=1158.151
1110-1	SPK1111	undefined	1110	_	(Н)	(Н)	linguistic	_	_	End=1159.88
1111-0	SPK1111	undefined	1111	617	Сием:	Сием	linguistic	_	Prolongation=3	Begin=1159.88|End=1160.69
1112-0	SPK1111	Continuing	1112	617	дейді,	дейді	linguistic	_	_	Begin=1160.69|End=1161.04
1113-0	SPK1111	Falling	1113	618	пыр	пыр	linguistic	_	_	Begin=1161.05
1113-1	SPK1111	Falling	1113	618	етіп	етіп	linguistic	_	_	_
1113-2	SPK1111	Falling	1113	618	далаға	далаға	linguistic	_	_	_
1113-3	SPK1111	Falling	1113	618	алып	алып	linguistic	_	_	_
1113-4	SPK1111	Falling	1113	618	шығасың	шығасың	linguistic	_	_	End=1162.26
1114-0	SPK1104	undefined	1114	_	@@@	@@@	linguistic	_	_	Begin=1161.99|End=1163.158
1115-0	SPK1111	undefined	1115	_	@@	@@	linguistic	_	_	Begin=1162.27|End=1163.45
1116-0	SPK1111	undefined	1116	619	(Н)	(Н)	linguistic	_	_	Begin=1163.46
1116-1	SPK1111	undefined	1116	619	Cодан	Cодан	linguistic	_	_	End=1164.856
1117-0	SPK1111	undefined	1117	_	WHISPER	WHISPER	linguistic	_	_	Begin=1168.14
1117-1	SPK1111	undefined	1117	_	сол	сол	linguistic	_	_	End=1168.81
1118-0	SPK1111	Continuing	1118	620	бие	бие	linguistic	_	_	Begin=1168.81
1118-1	SPK1111	Continuing	1118	620	сауып	сауып	linguistic	_	_	_
1118-2	SPK1111	Continuing	1118	620	отырасың,	отырасың	linguistic	_	_	End=1170.221
1119-0	SPK1111	undefined	1119	_	(Н)	(Н)	linguistic	_	_	Begin=1170.221|End=1171.02
1120-0	SPK1111	Interrupted	1120	621	бөтелкелерін	бөтелкелерін	linguistic	_	_	Begin=1171.02
1120-1	SPK1111	Interrupted	1120	621	кө-	кө-	linguistic	_	Interrupted=Yes	End=1171.79
1121-0	SPK1111	Continuing	1121	621	сүйрелеп	сүйрелеп	linguistic	_	_	Begin=1171.79
1121-1	SPK1111	Continuing	1121	621	пайда	пайда	linguistic	_	_	_
1121-2	SPK1111	Continuing	1121	621	болады,	болады	linguistic	_	_	End=1172.97
1122-0	SPK1111	Continuing	1122	622	сөскелерін	сөскелерін	linguistic	_	_	Begin=1172.97
1122-1	SPK1111	Continuing	1122	622	көтеріп,	көтеріп	linguistic	_	_	End=1174.1
1123-0	SPK1104	undefined	1123	_	@@@	@@@	linguistic	_	_	Begin=1175.18|End=1176.14
1124-0	SPK1111	Continuing	1124	623	Бойлары	Бойлары	linguistic	_	_	Begin=1176.27
1124-1	SPK1111	Continuing	1124	623	бір-бір	бір-бір	linguistic	_	_	_
1124-2	SPK1111	Continuing	1124	623	қарсы,	қарсы	linguistic	_	_	End=1177.19
1125-0	SPK1111	undefined	1125	_	(Н)	(Н)	linguistic	_	_	Begin=1177.19|End=1178.36
1126-0	SPK1111	Falling	1126	624	саумал	саумал	linguistic	_	_	Begin=1178.37
1126-1	SPK1111	Falling	1126	624	құйып	құйып	linguistic	_	_	_
1126-2	SPK1111	Falling	1126	624	бересің.	бересің	linguistic	_	_	End=1179.62
1127-0	SPK1104	undefined	1127	625	Біз	Біз	linguistic	_	_	Begin=1180.63|End=1181.01
1128-0	SPK1104	undefined	1128	625	карта	карта	linguistic	_	_	Begin=1181.01
1128-1	SPK1104	undefined	1128	625	ойнап	ойнап	linguistic	_	_	End=1181.68
1129-0	SPK1104	undefined	1129	625	қымыз	қымыз	linguistic	_	_	Begin=1181.68
1129-1	SPK1104	undefined	1129	625	ішетінбіз	ішетінбіз	linguistic	_	_	End=1182.8
1130-0	SPK1104	Falling	1130	625	күндіз	күндіз	linguistic	_	_	Begin=1182.8
1130-1	SPK1104	Falling	1130	625	деген.	деген	linguistic	_	_	End=1183.84
1131-0	SPK1104	undefined	1131	626	Мас	Мас	linguistic	_	_	Begin=1183.84
1131-1	SPK1104	undefined	1131	626	боп	боп	linguistic	_	_	_
1131-2	SPK1104	undefined	1131	626	қалатынбыз	қалатынбыз	linguistic	_	_	End=1184.69
1132-0	SPK1104	Continuing	1132	626	кәдімгідей,	кәдімгідей	linguistic	_	_	Begin=1184.69|End=1185.438
1133-0	SPK1104	Falling	1133	627	құсып:.	құсып	linguistic	_	Prolongation=4	Begin=1185.438|End=1186.63
1134-0	SPK1104	undefined	1134	_	@@	@@	linguistic	_	_	Begin=1186.63|End=1187.51
1135-0	SPK1111	undefined	1135	628	Содан	Содан	linguistic	_	_	Begin=1187.39|End=1188.27
1136-0	SPK1111	undefined	1136	628	малшы	малшы	linguistic	_	_	Begin=1188.27|End=1189.53
1137-0	SPK1111	Continuing	1137	628	малшы	малшы	linguistic	_	_	Begin=1189.53
1137-1	SPK1111	Continuing	1137	628	алып	алып	linguistic	_	_	_
1137-2	SPK1111	Continuing	1137	628	аламыз,	аламыз	linguistic	_	_	End=1190.76
1138-0	SPK1111	Continuing	1138	629	тыныш,	тыныш	linguistic	_	_	Begin=1191.6|End=1192.15
1139-0	SPK1111	Falling	1139	630	сол	сол	linguistic	_	_	Begin=1192.16
1139-1	SPK1111	Falling	1139	630	жақсы.	жақсы	linguistic	_	_	End=1194.31
1140-0	SPK1111	Interrupted	1140	631	Таңертең	Таңертең	linguistic	_	_	Begin=1194.31
1140-1	SPK1111	Interrupted	1140	631	сол-	сол-	linguistic	_	Interrupted=Yes	End=1195.52
1141-0	SPK1111	Continuing	1141	632	ендi	ендi	linguistic	_	_	Begin=1195.52
1141-1	SPK1111	Continuing	1141	632	таңертең	таңертең	linguistic	_	_	_
1141-2	SPK1111	Continuing	1141	632	кішкене	кішкене	linguistic	_	_	_
1141-3	SPK1111	Continuing	1141	632	ауырлау,	ауырлау	linguistic	_	_	End=1196.67
1142-0	SPK1111	Falling	1142	632	көмектесіп	көмектесіп	linguistic	_	_	Begin=1196.67
1142-1	SPK1111	Falling	1142	632	жіберем.	жіберем	linguistic	_	_	End=1198.472
